market,event,segment,ticker,question,direction,level,rule,anchor_day,hedge_day,expiry,days_expiry_after_end,option_type,k_lo,k_hi,width,long_leg,short_leg,s21_stepped,anchor_central,sell_price,outcome,printed_size,contracts,ticket_pnl_points,ticket_pnl_points_2x,ticket_capital_points,fri_lo_bid,fri_lo_ask,fri_hi_bid,fri_hi_ask,close_expiry,close_anchor_day,mon_lo_bid,mon_lo_ask,mon_lo_bid_size,mon_lo_ask_size,mon_lo_age_s,mon_hi_bid,mon_hi_ask,mon_hi_bid_size,mon_hi_ask_size,mon_hi_age_s,close_status,monday_status,status,payoff_unit,finished_beyond,cell,result_before_hedge,unit_cost_P,unit_mid_P,crossed_P,above_one_P,hedge_cost_points_P,hedge_payoff_points_P,hedge_pnl_points_P,hedged_pnl_points_P,unit_cost_A,unit_mid_A,crossed_A,above_one_A,hedge_cost_points_A,hedge_payoff_points_A,hedge_pnl_points_A,hedged_pnl_points_A,unit_cost_B,unit_mid_B,crossed_B,above_one_B,hedge_cost_points_B,hedge_payoff_points_B,hedge_pnl_points_B,hedged_pnl_points_B,unit_cost_P2x,unit_mid_P2x,crossed_P2x,above_one_P2x,hedge_cost_points_P2x,hedge_payoff_points_P2x,hedge_pnl_points_P2x,hedged_pnl_points_P2x,unit_cost_A2x,unit_mid_A2x,crossed_A2x,above_one_A2x,hedge_cost_points_A2x,hedge_payoff_points_A2x,hedge_pnl_points_A2x,hedged_pnl_points_A2x,unit_cost_B2x,unit_mid_B2x,crossed_B2x,above_one_B2x,hedge_cost_points_B2x,hedge_payoff_points_B2x,hedge_pnl_points_B2x,hedged_pnl_points_B2x,long_leg_volume_hedge_day,short_leg_volume_hedge_day
657105,69117,IS,AAPL,Will Apple reach $332 in November?,1,332.0,False,2025-10-31,2025-11-03,2025-11-28,0.0,call,330.0,335.0,5.0,O:AAPL251128C00330000,O:AAPL251128C00335000,0.0,0.0040122928231791,0.05,0.0,75.0,75.0,5.000000000000004,5.000000000000004,95.0,0.06,0.08,0.05,0.07,278.85,270.37,0.04,0.07,75.0,70.0,5.288538694381714,0.03,0.05,41.0,40.0,45.144322633743286,ok,ok,ok,0.0,False,never touched,False,0.010600000000000002,0.0030000000000000014,False,False,2.1200000000000006,0.0,-2.1200000000000006,2.880000000000004,0.010600000000000002,0.0030000000000000014,False,False,1.0600000000000003,0.0,-1.0600000000000003,3.940000000000004,0.0086,0.0020000000000000005,False,False,1.72,0.0,-1.72,3.2800000000000047,0.0182,0.0030000000000000014,False,False,3.64,0.0,-3.64,1.3600000000000043,0.0182,0.0030000000000000014,False,False,1.82,0.0,-1.82,3.180000000000004,0.015199999999999998,0.0020000000000000005,False,False,3.0399999999999996,0.0,-3.0399999999999996,1.9600000000000048,140.0,0.0
657107,69117,IS,AAPL,Will Apple reach $300 in November?,1,300.0,False,2025-10-31,2025-11-03,2025-11-28,0.0,call,295.0,305.0,10.0,O:AAPL251128C00295000,O:AAPL251128C00305000,2.0,0.0902765885215318,0.1,0.0,7.14,7.14,10.0,10.0,90.0,0.75,0.82,0.31,0.36,278.85,270.37,0.61,0.64,46.0,78.0,0.029958486557006836,0.25,0.26,135.0,1.0,0.9594147205352783,ok,ok,ok,0.0,False,never touched,False,0.0403,0.037,False,False,8.06,0.0,-8.06,1.9399999999999995,0.0403,0.037,False,False,4.03,0.0,-4.03,5.97,0.052300000000000006,0.045,False,False,10.46,0.0,-10.46,-0.46000000000000085,0.0436,0.037,False,False,8.72,0.0,-8.72,1.2799999999999994,0.0436,0.037,False,False,4.36,0.0,-4.36,5.64,0.05959999999999999,0.045,False,False,11.919999999999998,0.0,-11.919999999999998,-1.9199999999999982,324.0,48.0
657109,69117,IS,AAPL,Will Apple reach $280 in November?,1,280.0,False,2025-10-31,2025-11-03,2025-11-28,0.0,call,275.0,285.0,10.0,O:AAPL251128C00275000,O:AAPL251128C00285000,2.0,0.5807793861551883,0.61,1.0,5.0,5.0,-39.0,-39.0,39.0,4.8,5.1,2.0,2.11,278.85,270.37,4.15,4.3,84.0,114.0,4.087544679641724,1.6,1.66,53.0,45.0,0.3364691734313965,ok,ok,ok,0.3850000000000023,False,touched and came back,False,0.2713,0.25949999999999995,False,False,54.26,77.00000000000045,22.74000000000046,-16.25999999999954,0.2713,0.25949999999999995,False,False,27.13,38.50000000000023,11.37000000000023,-27.629999999999768,0.31129999999999997,0.2895,False,False,62.25999999999999,77.00000000000045,14.740000000000464,-24.259999999999536,0.28309999999999996,0.25949999999999995,False,False,56.61999999999999,77.00000000000045,20.380000000000464,-18.619999999999536,0.28309999999999996,0.25949999999999995,False,False,28.309999999999995,38.50000000000023,10.190000000000232,-28.809999999999768,0.33309999999999995,0.2895,False,False,66.61999999999999,77.00000000000045,10.380000000000466,-28.619999999999536,866.0,849.0
657112,69117,IS,AAPL,Will Apple dip to $256 in November?,-1,256.0,False,2025-10-31,2025-11-03,2025-11-28,0.0,put,255.0,260.0,5.0,O:AAPL251128P00260000,O:AAPL251128P00255000,1.0,0.3911985502599714,0.41,0.0,25.42,25.42,41.0,41.0,59.00000000000001,1.62,1.75,2.56,2.76,278.85,270.37,1.72,1.79,123.0,1.0,1.2412266731262207,2.77,2.85,36.0,10.0,0.3536953926086426,ok,ok,ok,0.0,False,never touched,False,0.22860000000000003,0.21100000000000002,False,False,45.720000000000006,0.0,-45.720000000000006,-4.720000000000006,0.22860000000000003,0.21100000000000002,False,False,22.860000000000003,0.0,-22.860000000000003,18.139999999999997,0.23059999999999992,0.195,False,False,46.11999999999998,0.0,-46.11999999999998,-5.119999999999983,0.24620000000000003,0.21100000000000002,False,False,49.24000000000001,0.0,-49.24000000000001,-8.240000000000009,0.24620000000000003,0.21100000000000002,False,False,24.620000000000005,0.0,-24.620000000000005,16.379999999999995,0.2661999999999998,0.195,False,False,53.23999999999997,0.0,-53.23999999999997,-12.239999999999966,662.0,446.0
657113,69117,IS,AAPL,Will Apple dip to $248 in November?,-1,248.0,True,2025-10-31,2025-11-03,2025-11-28,0.0,put,245.0,250.0,5.0,O:AAPL251128P00250000,O:AAPL251128P00245000,1.0,0.1464486880460407,0.23,0.0,50.0,50.0,23.0,23.0,77.0,0.68,0.74,1.03,1.12,278.85,270.37,0.7,0.74,175.0,23.0,1.399181842803955,1.09,1.13,10.0,12.0,5.341960668563843,ok,ok,ok,0.0,False,never touched,False,0.0886,0.07799999999999999,False,False,17.72,0.0,-17.72,5.280000000000001,0.0886,0.07799999999999999,False,False,8.86,0.0,-8.86,14.14,0.09060000000000001,0.07300000000000004,False,False,18.120000000000005,0.0,-18.120000000000005,4.8799999999999955,0.0992,0.07799999999999999,False,False,19.84,0.0,-19.84,3.16,0.0992,0.07799999999999999,False,False,9.92,0.0,-9.92,13.08,0.10819999999999998,0.07300000000000004,False,False,21.639999999999997,0.0,-21.639999999999997,1.360000000000003,708.0,334.0
657114,69117,IS,AAPL,Will Apple dip to $236 in November?,-1,236.0,True,2025-10-31,2025-11-03,2025-11-28,0.0,put,235.0,240.0,5.0,O:AAPL251128P00240000,O:AAPL251128P00235000,1.0,0.0521598067013295,0.176883366510417,0.0,160.429511,100.0,17.68833665104171,17.68833665104171,82.31166334895829,0.34,0.38,0.47,0.51,278.85,270.37,0.34,0.38,119.0,89.0,2.8818390369415283,0.48,0.51,126.0,77.0,1.4180736541748047,ok,ok,ok,0.0,False,never touched,False,0.036599999999999994,0.027000000000000003,False,False,7.3199999999999985,0.0,-7.3199999999999985,10.36833665104171,0.036599999999999994,0.027000000000000003,False,False,3.6599999999999993,0.0,-3.6599999999999993,14.028336651041709,0.036599999999999994,0.026000000000000002,False,False,7.3199999999999985,0.0,-7.3199999999999985,10.36833665104171,0.04619999999999999,0.027000000000000003,False,False,9.239999999999998,0.0,-9.239999999999998,8.44833665104171,0.04619999999999999,0.027000000000000003,False,False,4.619999999999999,0.0,-4.619999999999999,13.06833665104171,0.04719999999999999,0.026000000000000002,False,False,9.439999999999998,0.0,-9.439999999999998,8.248336651041711,258.0,127.0
657115,69117,IS,AAPL,Will Apple dip to $224 in November?,-1,224.0,True,2025-10-31,2025-11-03,2025-11-28,0.0,put,220.0,225.0,5.0,O:AAPL251128P00225000,O:AAPL251128P00220000,1.0,0.0160491712927167,0.1200366633095045,0.0,464.5789,100.0,12.00366633095046,12.00366633095046,87.99633366904955,0.16,0.19,0.2,0.23,278.85,270.37,0.15,0.19,159.0,138.0,4.221579313278198,0.19,0.23,151.0,75.0,30.11355757713318,ok,ok,ok,0.0,False,never touched,False,0.018600000000000005,0.008000000000000007,False,False,3.720000000000001,0.0,-3.720000000000001,8.28366633095046,0.018600000000000005,0.008000000000000007,False,False,1.8600000000000005,0.0,-1.8600000000000005,10.14366633095046,0.016600000000000004,0.008000000000000007,False,False,3.3200000000000007,0.0,-3.3200000000000007,8.68366633095046,0.0292,0.008000000000000007,False,False,5.84,0.0,-5.84,6.163666330950461,0.0292,0.008000000000000007,False,False,2.92,0.0,-2.92,9.08366633095046,0.025199999999999997,0.008000000000000007,False,False,5.039999999999999,0.0,-5.039999999999999,6.963666330950462,89.0,60.0
657116,69117,IS,AAPL,Will Apple dip to $208 in November?,-1,208.0,False,2025-10-31,2025-11-03,2025-11-28,0.0,put,205.0,210.0,5.0,O:AAPL251128P00210000,O:AAPL251128P00205000,0.0,0.0060184392347687,0.0499549676810485,0.0,231.31165,100.0,4.995496768104854,4.995496768104854,95.00450323189516,0.08,0.11,0.1,0.12,278.85,270.37,0.07,0.11,81.0,107.0,4.221372365951538,0.1,0.12,51.0,80.0,4.280033349990845,ok,ok,ok,0.0,False,never touched,False,0.012599999999999998,0.004000000000000001,False,False,2.5199999999999996,0.0,-2.5199999999999996,2.475496768104854,0.012599999999999998,0.004000000000000001,False,False,1.2599999999999998,0.0,-1.2599999999999998,3.735496768104854,0.010599999999999998,0.003,False,False,2.1199999999999997,0.0,-2.1199999999999997,2.875496768104854,0.021199999999999997,0.004000000000000001,False,False,4.239999999999999,0.0,-4.239999999999999,0.7554967681048543,0.021199999999999997,0.004000000000000001,False,False,2.1199999999999997,0.0,-2.1199999999999997,2.875496768104854,0.0182,0.003,False,False,3.64,0.0,-3.64,1.3554967681048535,2.0,10.0
657132,69119,IS,AMZN,Will Amazon reach $312 in November?,1,312.0,False,2025-10-31,2025-11-03,2025-11-28,0.0,call,310.0,315.0,5.0,O:AMZN251128C00310000,O:AMZN251128C00315000,0.0,0.0140430248811271,0.02,0.0,21.0204,21.0204,2.000000000000001,2.000000000000001,98.0,0.14,0.17,0.1,0.14,233.22,244.22,0.29,0.35,168.0,37.0,0.9667530059814453,0.21,0.27,43.0,28.0,0.16027092933654785,ok,ok,ok,0.0,False,never touched,False,0.030599999999999995,0.015999999999999993,False,False,6.119999999999999,0.0,-6.119999999999999,-4.119999999999998,0.030599999999999995,0.015999999999999993,False,False,3.0599999999999996,0.0,-3.0599999999999996,-1.0599999999999987,0.016600000000000004,0.007000000000000004,False,False,3.3200000000000007,0.0,-3.3200000000000007,-1.3199999999999998,0.045200000000000004,0.015999999999999993,False,False,9.040000000000001,0.0,-9.040000000000001,-7.04,0.045200000000000004,0.015999999999999993,False,False,4.5200000000000005,0.0,-4.5200000000000005,-2.5199999999999996,0.026199999999999998,0.007000000000000004,False,False,5.239999999999999,0.0,-5.239999999999999,-3.2399999999999984,70.0,8.0
657134,69119,IS,AMZN,Will Amazon reach $276 in November?,1,276.0,False,2025-10-31,2025-11-03,2025-11-28,0.0,call,275.0,280.0,5.0,O:AMZN251128C00275000,O:AMZN251128C00280000,1.0,0.1223749311069654,0.1400000008999999,0.0,23.255807,23.255807,14.000000089999997,14.000000089999997,85.99999991000001,1.07,1.15,0.77,0.84,233.22,244.22,3.1,3.25,49.0,39.0,0.15648746490478516,2.2,2.29,7.0,7.0,0.09378314018249512,ok,ok,ok,0.0,False,never touched,False,0.21259999999999996,0.18599999999999994,False,False,42.51999999999999,0.0,-42.51999999999999,-28.519999909999992,0.21259999999999996,0.18599999999999994,False,False,21.259999999999994,0.0,-21.259999999999994,-7.259999909999998,0.07859999999999999,0.060999999999999985,False,False,15.719999999999997,0.0,-15.719999999999997,-1.7199999100000003,0.2392,0.18599999999999994,False,False,47.839999999999996,0.0,-47.839999999999996,-33.83999991,0.2392,0.18599999999999994,False,False,23.919999999999998,0.0,-23.919999999999998,-9.919999910000001,0.09619999999999997,0.060999999999999985,False,False,19.239999999999995,0.0,-19.239999999999995,-5.239999909999998,1019.0,647.0
657135,69119,IS,AMZN,Will Amazon reach $260 in November?,1,260.0,True,2025-10-31,2025-11-03,2025-11-28,0.0,call,255.0,265.0,10.0,O:AMZN251128C00255000,O:AMZN251128C00265000,2.0,0.4624167478714022,0.68,0.0,35.01,35.01,68.0,68.0,31.999999999999996,4.4,4.65,2.15,2.29,233.22,244.22,10.8,11.0,10.0,16.0,0.11963915824890137,6.0,6.2,54.0,27.0,0.2156379222869873,ok,ok,ok,0.0,False,never touched,False,0.5013,0.4800000000000001,False,False,100.25999999999999,0.0,-100.25999999999999,-32.25999999999999,0.5013,0.4800000000000001,False,False,50.129999999999995,0.0,-50.129999999999995,17.870000000000005,0.2513000000000001,0.23050000000000007,False,False,50.26000000000002,0.0,-50.26000000000002,17.73999999999998,0.5226,0.4800000000000001,False,False,104.52,0.0,-104.52,-36.519999999999996,0.5226,0.4800000000000001,False,False,52.26,0.0,-52.26,15.740000000000002,0.2721,0.23050000000000007,False,False,54.42,0.0,-54.42,13.579999999999998,2044.0,1216.0
657136,69119,IS,AMZN,Will Amazon reach $248 in November?,1,248.0,False,2025-10-31,2025-11-03,2025-11-28,0.0,call,245.0,250.0,5.0,O:AMZN251128C00245000,O:AMZN251128C00250000,1.0,0.9328580813891624,0.88,1.0,451.0,100.0,-12.0,-12.0,12.0,8.4,8.75,6.1,6.4,233.22,244.22,17.4,17.65,50.0,15.0,0.009563207626342773,13.8,14.05,88.0,5.0,0.15820527076721191,ok,ok,ok,0.0,False,touched and came back,False,0.7725999999999996,0.7199999999999995,False,False,154.51999999999992,0.0,-154.51999999999992,-166.51999999999992,0.7725999999999996,0.7199999999999995,False,False,77.25999999999996,0.0,-77.25999999999996,-89.25999999999996,0.5326000000000001,0.46499999999999986,False,False,106.52000000000001,0.0,-106.52000000000001,-118.52000000000001,0.8251999999999996,0.7199999999999995,False,False,165.0399999999999,0.0,-165.0399999999999,-177.0399999999999,0.8251999999999996,0.7199999999999995,False,False,82.51999999999995,0.0,-82.51999999999995,-94.51999999999995,0.6002000000000003,0.46499999999999986,False,False,120.04000000000006,0.0,-120.04000000000006,-132.04000000000008,941.0,1306.0
657138,69119,IS,AMZN,Will Amazon reach $232 in November?,1,232.0,False,2025-10-31,2025-11-03,2025-11-28,0.0,call,230.0,235.0,5.0,O:AMZN251128C00230000,O:AMZN251128C00235000,1.0,1.0,0.9457272727272726,1.0,550.0,100.0,-5.427272727272737,-5.427272727272737,5.427272727272737,18.05,18.6,14.4,14.85,233.22,244.22,30.05,30.45,58.0,25.0,0.01072072982788086,25.55,25.95,49.0,13.0,0.0171661376953125,ok,ok,ok,0.6439999999999998,True,touched and finished beyond,False,0.9825999999999998,0.9,False,False,196.51999999999995,128.79999999999995,-67.72,-73.14727272727274,0.9825999999999998,0.9,False,False,98.25999999999998,64.39999999999998,-33.86,-39.287272727272736,0.8426000000000002,0.7400000000000005,False,False,168.52000000000004,128.79999999999995,-39.72000000000009,-45.14727272727283,1.0651999999999995,0.9,False,True,213.0399999999999,128.79999999999995,-84.23999999999994,-89.66727272727267,1.0651999999999995,0.9,False,True,106.51999999999995,64.39999999999998,-42.11999999999997,-47.547272727272706,0.9451999999999998,0.7400000000000005,False,False,189.03999999999996,128.79999999999995,-60.24,-65.66727272727275,296.0,358.0
657139,69119,IS,AMZN,Will Amazon dip to $224 in November?,-1,224.0,False,2025-10-31,2025-11-03,2025-11-28,0.0,put,220.0,225.0,5.0,O:AMZN251128P00225000,O:AMZN251128P00220000,1.0,0.2467560086255204,0.2917340554839213,1.0,82.35042,82.35042,-70.82659445160786,-70.82659445160786,70.82659445160787,1.41,1.49,2.01,2.12,233.22,244.22,0.61,0.67,36.0,67.0,0.1891932487487793,0.81,0.88,25.0,92.0,0.015067815780639648,ok,ok,ok,0.0,False,touched and came back,False,0.056600000000000004,0.040999999999999995,False,False,11.32,0.0,-11.32,-82.14659445160785,0.056600000000000004,0.040999999999999995,False,False,5.66,0.0,-5.66,-76.48659445160786,0.14460000000000003,0.123,False,False,28.920000000000005,0.0,-28.920000000000005,-99.74659445160786,0.07220000000000001,0.040999999999999995,False,False,14.440000000000003,0.0,-14.440000000000003,-85.26659445160786,0.07220000000000001,0.040999999999999995,False,False,7.2200000000000015,0.0,-7.2200000000000015,-78.04659445160786,0.1662000000000001,0.123,False,False,33.240000000000016,0.0,-33.240000000000016,-104.06659445160787,453.0,433.0
657142,69119,IS,AMZN,Will Amazon dip to $196 in November?,-1,196.0,True,2025-10-31,2025-11-03,2025-11-28,0.0,put,195.0,200.0,5.0,O:AMZN251128P00200000,O:AMZN251128P00195000,1.0,0.0401229282317919,0.1167190101926129,0.0,451.70503,100.0,11.671901019261297,11.671901019261297,88.32809898073872,0.33,0.37,0.43,0.47,233.22,244.22,0.16,0.21,53.0,85.0,0.15682148933410645,0.22,0.26,34.0,60.0,0.3972592353820801,ok,ok,ok,0.0,False,never touched,False,0.022600000000000002,0.011,False,False,4.5200000000000005,0.0,-4.5200000000000005,7.151901019261296,0.022600000000000002,0.011,False,False,2.2600000000000002,0.0,-2.2600000000000002,9.411901019261297,0.03059999999999999,0.019999999999999997,False,False,6.119999999999997,0.0,-6.119999999999997,5.551901019261299,0.03420000000000001,0.011,False,False,6.840000000000002,0.0,-6.840000000000002,4.831901019261295,0.03420000000000001,0.011,False,False,3.420000000000001,0.0,-3.420000000000001,8.251901019261297,0.04119999999999999,0.019999999999999997,False,False,8.239999999999997,0.0,-8.239999999999997,3.4319010192613,169.0,157.0
657143,69119,IS,AMZN,Will Amazon dip to $184 in November?,-1,184.0,False,2025-10-31,2025-11-03,2025-11-28,0.0,put,180.0,185.0,5.0,O:AMZN251128P00185000,O:AMZN251128P00180000,0.0,0.0200614641158959,0.0638893256033178,0.0,390.346443,100.0,6.38893256033178,6.38893256033178,93.61106743966822,0.14,0.18,0.19,0.23,233.22,244.22,0.06,0.11,64.0,45.0,0.39666295051574707,0.1,0.13,1.0,16.0,0.7048599720001221,ok,ok,ok,0.0,False,never touched,False,0.016600000000000004,0.006000000000000003,False,False,3.3200000000000007,0.0,-3.3200000000000007,3.068932560331779,0.016600000000000004,0.006000000000000003,False,False,1.6600000000000004,0.0,-1.6600000000000004,4.7289325603317796,0.0206,0.010000000000000004,False,False,4.12,0.0,-4.12,2.2689325603317796,0.027200000000000002,0.006000000000000003,False,False,5.44,0.0,-5.44,0.9489325603317793,0.027200000000000002,0.006000000000000003,False,False,2.72,0.0,-2.72,3.6689325603317795,0.031199999999999995,0.010000000000000004,False,False,6.239999999999999,0.0,-6.239999999999999,0.14893256033178037,2693.0,108.0
657150,69120,IS,GOOGL,Will Google reach $300 in November?,1,300.0,True,2025-10-31,2025-11-03,2025-11-28,0.0,call,295.0,305.0,10.0,O:GOOGL251128C00295000,O:GOOGL251128C00305000,2.0,0.4423552837555062,0.5,1.0,5.0,5.0,-50.0,-50.0,50.0,4.75,5.15,2.62,2.87,320.18,281.19,4.5,4.75,115.0,183.0,0.37466859817504883,2.41,2.59,77.0,226.0,0.24151158332824707,ok,ok,ok,1.0,True,touched and finished beyond,False,0.23529999999999998,0.2125,False,False,47.059999999999995,200.0,152.94,102.94,0.23529999999999998,0.2125,False,False,23.529999999999998,100.0,76.47,26.47,0.2543,0.2205,False,False,50.86000000000001,200.0,149.14000000000001,99.14000000000001,0.25809999999999994,0.2125,False,False,51.61999999999999,200.0,148.38,98.38,0.25809999999999994,0.2125,False,False,25.809999999999995,100.0,74.19,24.189999999999998,0.2881,0.2205,False,False,57.620000000000005,200.0,142.38,92.38,106.0,175.0
657154,69120,IS,GOOGL,Will Google dip to $260 in November?,-1,260.0,False,2025-10-31,2025-11-03,2025-11-28,0.0,put,255.0,265.0,10.0,O:GOOGL251128P00265000,O:GOOGL251128P00255000,2.0,0.3560909880571535,0.3700000209777795,0.0,14.285710000000002,14.285710000000002,37.00000209777796,37.00000209777796,62.99999790222205,2.03,2.22,3.75,4.05,320.18,281.19,1.68,1.85,171.0,118.0,0.3746922016143799,3.2,3.45,196.0,101.0,3.401754379272461,ok,ok,ok,0.0,False,never touched,False,0.17830000000000001,0.156,False,False,35.660000000000004,0.0,-35.660000000000004,1.3400020977779548,0.17830000000000001,0.156,False,False,17.830000000000002,0.0,-17.830000000000002,19.170002097777957,0.2033,0.1775,False,False,40.660000000000004,0.0,-40.660000000000004,-3.6599979022220452,0.20060000000000003,0.156,False,False,40.120000000000005,0.0,-40.120000000000005,-3.119997902222046,0.20060000000000003,0.156,False,False,20.060000000000002,0.0,-20.060000000000002,16.940002097777956,0.22909999999999997,0.1775,False,False,45.81999999999999,0.0,-45.81999999999999,-8.819997902222035,486.0,120.0
657155,69120,IS,GOOGL,Will Google dip to $250 in November?,-1,250.0,False,2025-10-31,2025-11-03,2025-11-28,0.0,put,245.0,255.0,10.0,O:GOOGL251128P00255000,O:GOOGL251128P00245000,2.0,0.1885777626894221,0.1700000040407392,0.0,32.530111,32.530111,17.00000040407392,17.00000040407392,82.99999959592608,1.1,1.27,2.03,2.22,320.18,281.19,0.88,1.04,229.0,203.0,0.2415318489074707,1.68,1.85,171.0,118.0,0.3746922016143799,ok,ok,ok,0.0,False,never touched,False,0.0983,0.08050000000000002,False,False,19.66,0.0,-19.66,-2.659999595926081,0.0983,0.08050000000000002,False,False,9.83,0.0,-9.83,7.170000404073919,0.11330000000000001,0.094,False,False,22.660000000000004,0.0,-22.660000000000004,-5.6599995959260845,0.11610000000000001,0.08050000000000002,False,False,23.220000000000002,0.0,-23.220000000000002,-6.219999595926083,0.11610000000000001,0.08050000000000002,False,False,11.610000000000001,0.0,-11.610000000000001,5.390000404073918,0.13260000000000002,0.094,False,False,26.520000000000003,0.0,-26.520000000000003,-9.519999595926084,120.0,45.0
657157,69120,IS,GOOGL,Will Google dip to $220 in November?,-1,220.0,True,2025-10-31,2025-11-03,2025-11-28,0.0,put,215.0,225.0,10.0,O:GOOGL251128P00225000,O:GOOGL251128P00215000,0.0,0.0290891229680491,0.0900001164999999,0.0,5.494504,5.494504,9.000011649999994,9.000011649999994,90.99998835000001,0.24,0.36,0.38,0.51,320.18,281.19,0.19,0.25,48.0,1.0,3.579150676727295,0.31,0.42,178.0,164.0,3.299565553665161,ok,ok,ok,0.0,False,never touched,False,0.0243,0.014499999999999999,False,False,4.859999999999999,0.0,-4.859999999999999,4.140011649999995,0.0243,0.014499999999999999,False,False,2.4299999999999997,0.0,-2.4299999999999997,6.570011649999994,0.028300000000000002,0.014500000000000002,False,False,5.66,0.0,-5.66,3.340011649999994,0.03409999999999999,0.014499999999999999,False,False,6.8199999999999985,0.0,-6.8199999999999985,2.1800116499999955,0.03409999999999999,0.014499999999999999,False,False,3.4099999999999993,0.0,-3.4099999999999993,5.590011649999995,0.04209999999999999,0.014500000000000002,False,False,8.419999999999998,0.0,-8.419999999999998,0.5800116499999959,78.0,4.0
657159,69120,IS,GOOGL,Will Google dip to $175 in November?,-1,175.0,False,2025-10-31,2025-11-03,2025-11-28,0.0,put,170.0,180.0,10.0,O:GOOGL251128P00180000,O:GOOGL251128P00170000,0.0,0.0030092196173843,0.02,0.0,2.0408,2.0408,2.0000000000000018,2.0000000000000018,98.0,0.01,0.11,0.03,0.12,320.18,281.19,0.0,0.15,0.0,2.0,266.77094173431396,0.0,0.21,0.0,1.0,298.69336199760437,ok,ok,ok,0.0,False,never touched,False,0.022299999999999997,0.003,False,False,4.459999999999999,0.0,-4.459999999999999,-2.4599999999999973,0.022299999999999997,0.003,False,False,2.2299999999999995,0.0,-2.2299999999999995,-0.22999999999999776,0.012299999999999998,0.0015,False,False,2.4599999999999995,0.0,-2.4599999999999995,-0.45999999999999774,0.0341,0.003,False,False,6.819999999999999,0.0,-6.819999999999999,-4.819999999999998,0.0341,0.003,False,False,3.4099999999999997,0.0,-3.4099999999999997,-1.409999999999998,0.0191,0.0015,False,False,3.82,0.0,-3.82,-1.819999999999998,0.0,3.0
657160,69121,IS,META,Will Meta reach $960 in November?,1,960.0,False,2025-10-31,2025-11-03,2025-11-28,0.0,call,950.0,970.0,20.0,O:META251128C00950000,O:META251128C00970000,0.0,0.0120368784695375,0.0186791353553264,0.0,580.311604,100.0,1.8679135355326413,1.8679135355326413,98.13208646446736,0.71,0.79,0.58,0.68,647.95,648.35,0.49,0.6,6.0,5.0,5.330099105834961,0.4,0.52,1.0,2.0,2.794729471206665,ok,ok,ok,0.0,False,never touched,False,0.010649999999999998,0.004249999999999995,False,False,2.1299999999999994,0.0,-2.1299999999999994,-0.26208646446735817,0.010649999999999998,0.004249999999999995,False,False,1.0649999999999997,0.0,-1.0649999999999997,0.8029135355326416,0.011150000000000004,0.006,False,False,2.230000000000001,0.0,-2.230000000000001,-0.3620864644673596,0.01705,0.004249999999999995,False,False,3.4099999999999997,0.0,-3.4099999999999997,-1.5420864644673584,0.01705,0.004249999999999995,False,False,1.7049999999999998,0.0,-1.7049999999999998,0.16291353553264143,0.01630000000000001,0.006,False,False,3.2600000000000016,0.0,-3.2600000000000016,-1.3920864644673603,19.0,3.0
657161,69121,IS,META,Will Meta reach $910 in November?,1,910.0,False,2025-10-31,2025-11-03,2025-11-28,0.0,call,900.0,920.0,20.0,O:META251128C00900000,O:META251128C00920000,0.0,0.0155476346898193,0.0218691278525013,0.0,2324.965416,100.0,2.1869127852501324,2.1869127852501324,97.81308721474987,1.04,1.14,0.88,0.99,647.95,648.35,0.76,0.88,1.0,6.0,2.7855629920959473,0.66,0.78,4.0,6.0,21.434327125549316,ok,ok,ok,0.0,False,never touched,False,0.011649999999999999,0.0050000000000000044,False,False,2.3299999999999996,0.0,-2.3299999999999996,-0.1430872147498672,0.011649999999999999,0.0050000000000000044,False,False,1.1649999999999998,0.0,-1.1649999999999998,1.0219127852501326,0.013649999999999994,0.00774999999999999,False,False,2.7299999999999986,0.0,-2.7299999999999986,-0.5430872147498662,0.018299999999999993,0.0050000000000000044,False,False,3.659999999999999,0.0,-3.659999999999999,-1.4730872147498664,0.018299999999999993,0.0050000000000000044,False,False,1.8299999999999994,0.0,-1.8299999999999994,0.35691278525013304,0.019549999999999998,0.00774999999999999,False,False,3.9099999999999997,0.0,-3.9099999999999997,-1.7230872147498673,51.0,1.0
657162,69121,IS,META,Will Meta reach $870 in November?,1,870.0,False,2025-10-31,2025-11-03,2025-11-28,0.0,call,865.0,875.0,10.0,O:META251128C00865000,O:META251128C00875000,0.0,0.0200614641158959,0.0442129629673611,0.0,864.0,100.0,4.421296296736112,4.421296296736112,95.57870370326388,1.36,1.47,1.26,1.37,647.95,648.35,1.02,1.14,1.0,6.0,2.7650091648101807,0.93,1.06,5.0,6.0,8.25075078010559,ok,ok,ok,0.0,False,never touched,False,0.022299999999999983,0.008499999999999997,False,False,4.459999999999996,0.0,-4.459999999999996,-0.03870370326388439,0.022299999999999983,0.008499999999999997,False,False,2.229999999999998,0.0,-2.229999999999998,2.191296296736114,0.022299999999999997,0.010000000000000009,False,False,4.459999999999999,0.0,-4.459999999999999,-0.03870370326388706,0.03609999999999997,0.008499999999999997,False,False,7.219999999999994,0.0,-7.219999999999994,-2.7987037032638824,0.03609999999999997,0.008499999999999997,False,False,3.609999999999997,0.0,-3.609999999999997,0.8112962967361148,0.034599999999999985,0.010000000000000009,False,False,6.919999999999997,0.0,-6.919999999999997,-2.4987037032638852,8.0,8.0
657164,69121,IS,META,Will Meta reach $800 in November?,1,800.0,False,2025-10-31,2025-11-03,2025-11-28,0.0,call,795.0,805.0,10.0,O:META251128C00795000,O:META251128C00805000,0.0,0.0471444406723556,0.0844583962339388,0.0,1445.52688,100.0,8.445839623393887,8.445839623393887,91.55416037660612,2.43,2.62,2.21,2.37,647.95,648.35,1.95,2.09,5.0,6.0,0.42287516593933105,1.75,1.89,5.0,5.0,1.2951281070709229,ok,ok,ok,0.0,False,never touched,False,0.03529999999999999,0.020000000000000018,False,False,7.059999999999998,0.0,-7.059999999999998,1.3858396233938892,0.03529999999999999,0.020000000000000018,False,False,3.529999999999999,0.0,-3.529999999999999,4.915839623393888,0.04230000000000002,0.02350000000000003,False,False,8.460000000000004,0.0,-8.460000000000004,-0.014160376606117353,0.05059999999999995,0.020000000000000018,False,False,10.11999999999999,0.0,-10.11999999999999,-1.6741603766061033,0.05059999999999995,0.020000000000000018,False,False,5.059999999999995,0.0,-5.059999999999995,3.385839623393892,0.061099999999999995,0.02350000000000003,False,False,12.219999999999999,0.0,-12.219999999999999,-3.774160376606112,9.0,9.0
657166,69121,IS,META,Will Meta reach $760 in November?,1,760.0,False,2025-10-31,2025-11-03,2025-11-28,0.0,call,755.0,765.0,10.0,O:META251128C00755000,O:META251128C00765000,1.0,0.1153534186664018,0.1409655465260031,0.0,86.142283,86.142283,14.09655465260031,14.09655465260031,85.90344534739968,3.95,4.2,3.35,3.65,647.95,648.35,3.25,3.45,19.0,11.0,1.3874876499176025,2.82,3.0,26.0,16.0,0.5864946842193604,ok,ok,ok,0.0,False,never touched,False,0.06430000000000002,0.044,False,False,12.860000000000005,0.0,-12.860000000000005,1.2365546526003044,0.06430000000000002,0.044,False,False,6.430000000000002,0.0,-6.430000000000002,7.666554652600307,0.0863,0.057500000000000016,False,False,17.26,0.0,-17.26,-3.1634453473996924,0.08460000000000008,0.044,False,False,16.920000000000016,0.0,-16.920000000000016,-2.8234453473997068,0.08460000000000008,0.044,False,False,8.460000000000008,0.0,-8.460000000000008,5.636554652600301,0.11510000000000001,0.057500000000000016,False,False,23.020000000000003,0.0,-23.020000000000003,-8.923445347399694,92.0,43.0
657167,69121,IS,META,Will Meta dip to $740 in November?,-1,740.0,False,2025-10-31,2025-11-03,2025-11-28,0.0,put,735.0,745.0,10.0,O:META251128P00745000,O:META251128P00735000,2.0,1.0,0.98032535732229,1.0,27997.270698,100.0,-1.9674642677709908,-1.9674642677709908,1.967464267771002,88.1,91.7,97.1,100.85,647.95,648.35,82.85,85.65,6.0,13.0,0.3650960922241211,92.1,94.85,7.0,7.0,0.4143948554992676,ok,ok,ok,1.0,True,touched and finished beyond,False,1.2013,0.9224999999999994,False,True,240.26000000000002,200.0,-40.260000000000005,-42.227464267771,1.2013,0.9224999999999994,False,True,120.13000000000001,100.0,-20.130000000000003,-22.097464267770995,1.2763,0.9074999999999989,False,True,255.26,200.0,-55.26,-57.22746426777099,1.4801000000000004,0.9224999999999994,False,True,296.0200000000001,200.0,-96.02000000000008,-97.98746426777107,1.4801000000000004,0.9224999999999994,False,True,148.01000000000005,100.0,-48.01000000000004,-49.97746426777103,1.6451000000000011,0.9074999999999989,False,True,329.0200000000002,200.0,-129.0200000000002,-130.9874642677712,2.0,4.0
657168,69121,IS,META,Will Meta dip to $720 in November?,-1,720.0,False,2025-10-31,2025-11-03,2025-11-28,0.0,put,715.0,725.0,10.0,O:META251128P00725000,O:META251128P00715000,2.0,1.0,0.9768618633154224,1.0,7354.222221,100.0,-2.313813668457765,-2.313813668457765,2.313813668457765,70.1,72.45,76.65,83.45,647.95,648.35,65.5,66.3,8.0,13.0,0.5766212940216064,73.7,76.7,11.0,14.0,0.31880736351013184,ok,ok,ok,1.0,True,touched and finished beyond,False,1.1213000000000004,0.9299999999999997,False,True,224.26000000000008,200.0,-24.260000000000083,-26.57381366845785,1.1213000000000004,0.9299999999999997,False,True,112.13000000000004,100.0,-12.130000000000042,-14.443813668457807,1.336300000000001,0.8775000000000006,False,True,267.26000000000016,200.0,-67.26000000000019,-69.57381366845796,1.3126000000000009,0.9299999999999997,False,True,262.52000000000015,200.0,-62.520000000000174,-64.83381366845794,1.3126000000000009,0.9299999999999997,False,True,131.26000000000008,100.0,-31.260000000000087,-33.57381366845785,1.795100000000001,0.8775000000000006,False,True,359.0200000000002,200.0,-159.0200000000002,-161.33381366845796,2.0,8.0
657169,69121,IS,META,Will Meta dip to $700 in November?,-1,700.0,False,2025-10-31,2025-11-03,2025-11-28,0.0,put,695.0,705.0,10.0,O:META251128P00705000,O:META251128P00695000,2.0,1.0,0.955304460258565,1.0,1547.0,100.0,-4.469553974143503,-4.469553974143503,4.469553974143503,53.45,56.05,61.4,64.15,647.95,648.35,49.2,49.9,5.0,5.0,0.5649838447570801,57.25,58.05,5.0,14.0,0.3701333999633789,ok,ok,ok,1.0,True,touched and finished beyond,False,0.8862999999999994,0.8100000000000002,False,False,177.25999999999988,200.0,22.740000000000116,18.270446025856614,0.8862999999999994,0.8100000000000002,False,False,88.62999999999994,100.0,11.370000000000058,6.900446025856555,1.0713000000000004,0.8025000000000005,False,True,214.26000000000008,200.0,-14.260000000000073,-18.729553974143577,0.9625999999999988,0.8100000000000002,False,False,192.51999999999975,200.0,7.480000000000242,3.010446025856739,0.9625999999999988,0.8100000000000002,False,False,96.25999999999988,100.0,3.740000000000121,-0.7295539741433821,1.3400999999999998,0.8025000000000005,False,True,268.02,200.0,-68.01999999999997,-72.48955397414348,45.0,66.0
657171,69121,IS,META,Will Meta dip to $640 in November?,-1,640.0,False,2025-10-31,2025-11-03,2025-11-28,0.0,put,635.0,645.0,10.0,O:META251128P00645000,O:META251128P00635000,2.0,0.8927351531573713,0.91,1.0,12.0,12.0,-8.999999999999996,-8.999999999999996,8.999999999999996,17.95,19.15,22.35,23.65,647.95,648.35,14.65,15.1,8.0,11.0,1.3159070014953613,18.7,19.2,14.0,14.0,0.5616550445556641,ok,ok,ok,0.0,False,touched and came back,False,0.45629999999999993,0.4074999999999999,False,False,91.25999999999999,0.0,-91.25999999999999,-100.25999999999999,0.45629999999999993,0.4074999999999999,False,False,45.629999999999995,0.0,-45.629999999999995,-54.629999999999995,0.5712999999999999,0.4450000000000003,False,False,114.25999999999999,0.0,-114.25999999999999,-123.25999999999999,0.5050999999999999,0.4074999999999999,False,False,101.01999999999998,0.0,-101.01999999999998,-110.01999999999998,0.5050999999999999,0.4074999999999999,False,False,50.50999999999999,0.0,-50.50999999999999,-59.50999999999999,0.6975999999999997,0.4450000000000003,False,False,139.51999999999992,0.0,-139.51999999999992,-148.51999999999992,306.0,186.0
657173,69121,IS,META,Will Meta dip to $550 in November?,-1,550.0,False,2025-10-31,2025-11-03,2025-11-28,0.0,put,545.0,555.0,10.0,O:META251128P00555000,O:META251128P00545000,2.0,0.1113411258432225,0.0799999999999999,0.0,25.0,25.0,7.9999999999999964,7.9999999999999964,92.00000000000001,1.61,1.79,2.13,2.38,647.95,648.35,1.1,1.22,3.0,6.0,0.5257000923156738,1.44,1.59,12.0,6.0,1.250410795211792,ok,ok,ok,0.0,False,never touched,False,0.050300000000000004,0.0355,False,False,10.06,0.0,-10.06,-2.060000000000004,0.050300000000000004,0.0355,False,False,5.03,0.0,-5.03,2.969999999999996,0.07829999999999998,0.05549999999999997,False,False,15.659999999999997,0.0,-15.659999999999997,-7.66,0.0651,0.0355,False,False,13.020000000000001,0.0,-13.020000000000001,-5.020000000000005,0.0651,0.0355,False,False,6.510000000000001,0.0,-6.510000000000001,1.4899999999999958,0.1011,0.05549999999999997,False,False,20.22,0.0,-20.22,-12.220000000000002,16.0,113.0
657122,69118,IS,MSFT,Will Microsoft reach $585 in November?,1,585.0,False,2025-10-31,2025-11-03,2025-11-28,0.0,call,580.0,590.0,10.0,O:MSFT251128C00580000,O:MSFT251128C00590000,0.0,0.0521598067013295,0.0646588191446408,0.0,965.91,100.0,6.4658819144640844,6.4658819144640844,93.53411808553592,0.79,0.92,0.54,0.65,492.01,517.81,0.87,0.94,1.0,1.0,1.4686071872711182,0.57,0.65,90.0,59.0,1.2469186782836914,ok,ok,ok,0.0,False,never touched,False,0.0383,0.029500000000000005,False,False,7.66,0.0,-7.66,-1.1941180855359157,0.0383,0.029500000000000005,False,False,3.83,0.0,-3.83,2.6358819144640844,0.0393,0.026000000000000002,False,False,7.86,0.0,-7.86,-1.3941180855359159,0.047099999999999996,0.029500000000000005,False,False,9.42,0.0,-9.42,-2.9541180855359155,0.047099999999999996,0.029500000000000005,False,False,4.71,0.0,-4.71,1.7558819144640845,0.0526,0.026000000000000002,False,False,10.52,0.0,-10.52,-4.054118085535915,217.0,29.0
657125,69118,IS,MSFT,Will Microsoft dip to $540 in November?,-1,540.0,False,2025-10-31,2025-11-03,2025-11-28,0.0,put,535.0,545.0,10.0,O:MSFT251128P00545000,O:MSFT251128P00535000,2.0,1.0,0.9663908769625368,1.0,558.063029,100.0,-3.3609123037463218,-3.3609123037463218,3.3609123037463218,22.45,23.75,30.1,31.55,492.01,517.81,19.1,19.4,15.0,10.0,2.4950544834136963,26.45,26.8,20.0,12.0,0.058650970458984375,ok,ok,ok,1.0,True,touched and finished beyond,False,0.7712999999999999,0.7375,False,False,154.25999999999996,200.0,45.74000000000002,42.3790876962537,0.7712999999999999,0.7375,False,False,77.12999999999998,100.0,22.87000000000001,19.50908769625369,0.9113000000000001,0.7725000000000002,False,False,182.26000000000002,200.0,17.739999999999977,14.379087696253656,0.8050999999999999,0.7375,False,False,161.01999999999998,200.0,38.98000000000002,35.61908769625369,0.8050999999999999,0.7375,False,False,80.50999999999999,100.0,19.49000000000001,16.129087696253688,1.0501,0.7725000000000002,False,True,210.02,200.0,-10.020000000000007,-13.380912303746328,6.0,19.0
657128,69118,IS,MSFT,Will Microsoft dip to $488 in November?,-1,488.0,False,2025-10-31,2025-11-03,2025-11-28,0.0,put,485.0,490.0,5.0,O:MSFT251128P00490000,O:MSFT251128P00485000,1.0,0.3249957186775147,0.3,1.0,15.70857,15.70857,-70.0,-70.0,70.0,2.83,3.05,3.55,3.95,492.01,517.81,2.06,2.17,16.0,2.0,0.9710602760314941,2.61,2.77,22.0,22.0,2.385683536529541,ok,ok,ok,0.0,False,touched and came back,False,0.14459999999999998,0.11499999999999995,False,False,28.919999999999995,0.0,-28.919999999999995,-98.91999999999999,0.14459999999999998,0.11499999999999995,False,False,14.459999999999997,0.0,-14.459999999999997,-84.46,0.22660000000000002,0.162,False,False,45.32000000000001,0.0,-45.32000000000001,-115.32000000000001,0.17420000000000005,0.11499999999999995,False,False,34.84000000000001,0.0,-34.84000000000001,-104.84,0.17420000000000005,0.11499999999999995,False,False,17.420000000000005,0.0,-17.420000000000005,-87.42,0.2912,0.162,False,False,58.24,0.0,-58.24,-128.24,140.0,131.0
657188,69123,IS,NVDA,Will NVIDIA reach $288 in November?,1,288.0,False,2025-10-31,2025-11-03,2025-11-28,0.0,call,285.0,290.0,5.0,O:NVDA251128C00285000,O:NVDA251128C00290000,0.0,0.0120368784695375,0.0324795130236421,0.0,806.61,100.0,3.247951302364218,3.247951302364218,96.7520486976358,0.24,0.27,0.21,0.24,177.0,202.49,0.31,0.33,186.0,125.0,0.27349162101745605,0.27,0.29,205.0,113.0,1.168487310409546,ok,ok,ok,0.0,False,never touched,False,0.0146,0.007999999999999997,False,False,2.92,0.0,-2.92,0.3279513023642182,0.0146,0.007999999999999997,False,False,1.46,0.0,-1.46,1.7879513023642182,0.014600000000000005,0.006000000000000005,False,False,2.9200000000000013,0.0,-2.9200000000000013,0.3279513023642169,0.021200000000000004,0.007999999999999997,False,False,4.240000000000001,0.0,-4.240000000000001,-0.992048697635783,0.021200000000000004,0.007999999999999997,False,False,2.1200000000000006,0.0,-2.1200000000000006,1.1279513023642176,0.023200000000000005,0.006000000000000005,False,False,4.6400000000000015,0.0,-4.6400000000000015,-1.3920486976357833,388.0,195.0
657189,69123,IS,NVDA,Will NVIDIA reach $268 in November?,1,268.0,False,2025-10-31,2025-11-03,2025-11-28,0.0,call,265.0,270.0,5.0,O:NVDA251128C00265000,O:NVDA251128C00270000,1.0,0.0260799033506647,0.0497449504078739,0.0,408.41665,100.0,4.974495040787396,4.974495040787396,95.02550495921261,0.46,0.49,0.4,0.42,177.0,202.49,0.6,0.63,122.0,105.0,0.36591672897338867,0.5,0.53,58.0,120.0,7.390058517456055,ok,ok,ok,0.0,False,never touched,False,0.0286,0.019999999999999997,False,False,5.72,0.0,-5.72,-0.745504959212604,0.0286,0.019999999999999997,False,False,2.86,0.0,-2.86,2.114495040787396,0.020599999999999993,0.012999999999999989,False,False,4.119999999999998,0.0,-4.119999999999998,0.8544950407873975,0.03720000000000001,0.019999999999999997,False,False,7.440000000000002,0.0,-7.440000000000002,-2.4655049592126064,0.03720000000000001,0.019999999999999997,False,False,3.720000000000001,0.0,-3.720000000000001,1.2544950407873947,0.0282,0.012999999999999989,False,False,5.64,0.0,-5.64,-0.6655049592126039,625.0,437.0
657190,69123,IS,NVDA,Will NVIDIA reach $252 in November?,1,252.0,False,2025-10-31,2025-11-03,2025-11-28,0.0,call,250.0,255.0,5.0,O:NVDA251128C00250000,O:NVDA251128C00255000,1.0,0.0662028315824566,0.0999999999999999,0.0,111.59,100.0,9.999999999999998,9.999999999999998,90.00000000000001,0.85,0.87,0.68,0.71,177.0,202.49,1.18,1.21,46.0,54.0,0.44893956184387207,0.93,0.95,84.0,76.0,0.4357774257659912,ok,ok,ok,0.0,False,never touched,False,0.05859999999999998,0.050999999999999976,False,False,11.719999999999995,0.0,-11.719999999999995,-1.719999999999997,0.05859999999999998,0.050999999999999976,False,False,5.859999999999998,0.0,-5.859999999999998,4.140000000000001,0.04059999999999999,0.03299999999999999,False,False,8.119999999999997,0.0,-8.119999999999997,1.8800000000000008,0.06619999999999998,0.050999999999999976,False,False,13.239999999999997,0.0,-13.239999999999997,-3.2399999999999984,0.06619999999999998,0.050999999999999976,False,False,6.619999999999998,0.0,-6.619999999999998,3.38,0.04819999999999999,0.03299999999999999,False,False,9.639999999999999,0.0,-9.639999999999999,0.35999999999999943,4985.0,647.0
657191,69123,IS,NVDA,Will NVIDIA reach $236 in November?,1,236.0,True,2025-10-31,2025-11-03,2025-11-28,0.0,call,235.0,240.0,5.0,O:NVDA251128C00235000,O:NVDA251128C00240000,1.0,0.1945962019241909,0.2785383181071125,0.0,234.238217,100.0,27.85383181071125,27.85383181071125,72.14616818928874,1.89,1.96,1.41,1.47,177.0,202.49,2.68,2.73,15.0,48.0,0.1713268756866455,2.01,2.06,27.0,33.0,1.471463918685913,ok,ok,ok,0.0,False,never touched,False,0.14660000000000004,0.13399999999999998,False,False,29.320000000000007,0.0,-29.320000000000007,-1.4661681892887586,0.14660000000000004,0.13399999999999998,False,False,14.660000000000004,0.0,-14.660000000000004,13.193831810711245,0.11260000000000002,0.09699999999999998,False,False,22.520000000000003,0.0,-22.520000000000003,5.333831810711246,0.15920000000000006,0.13399999999999998,False,False,31.840000000000014,0.0,-31.840000000000014,-3.9861681892887653,0.15920000000000006,0.13399999999999998,False,False,15.920000000000007,0.0,-15.920000000000007,11.933831810711242,0.12820000000000004,0.09699999999999998,False,False,25.640000000000008,0.0,-25.640000000000008,2.213831810711241,871.0,1002.0
657192,69123,IS,NVDA,Will NVIDIA reach $224 in November?,1,224.0,False,2025-10-31,2025-11-03,2025-11-28,0.0,call,220.0,225.0,5.0,O:NVDA251128C00220000,O:NVDA251128C00225000,1.0,0.4714444067235552,0.46,0.0,12.85185,12.85185,46.0,46.0,54.0,4.5,4.7,3.35,3.5,177.0,202.49,6.15,6.25,64.0,194.0,0.2715775966644287,4.65,4.75,339.0,84.0,0.6469910144805908,ok,ok,ok,0.0,False,never touched,False,0.32259999999999994,0.3,False,False,64.51999999999998,0.0,-64.51999999999998,-18.519999999999982,0.32259999999999994,0.3,False,False,32.25999999999999,0.0,-32.25999999999999,13.740000000000009,0.2726,0.23499999999999996,False,False,54.52,0.0,-54.52,-8.520000000000003,0.34519999999999984,0.3,False,False,69.03999999999996,0.0,-69.03999999999996,-23.039999999999964,0.34519999999999984,0.3,False,False,34.51999999999998,0.0,-34.51999999999998,11.480000000000018,0.31020000000000003,0.23499999999999996,False,False,62.040000000000006,0.0,-62.040000000000006,-16.040000000000006,7251.0,2971.0
657193,69123,IS,NVDA,Will NVIDIA reach $216 in November?,1,216.0,True,2025-10-31,2025-11-03,2025-11-28,0.0,call,215.0,220.0,5.0,O:NVDA251128C00215000,O:NVDA251128C00220000,1.0,0.5918131914189314,0.65,0.0,5.0,5.0,65.0,65.0,35.0,6.0,6.15,4.5,4.7,177.0,202.49,7.95,8.05,140.0,24.0,0.0884866714477539,6.15,6.25,64.0,194.0,0.2715775966644287,ok,ok,ok,0.0,False,never touched,False,0.38260000000000005,0.36,False,False,76.52000000000001,0.0,-76.52000000000001,-11.52000000000001,0.38260000000000005,0.36,False,False,38.260000000000005,0.0,-38.260000000000005,26.739999999999995,0.33260000000000006,0.2950000000000001,False,False,66.52000000000001,0.0,-66.52000000000001,-1.5200000000000102,0.40520000000000017,0.36,False,False,81.04000000000003,0.0,-81.04000000000003,-16.040000000000035,0.40520000000000017,0.36,False,False,40.52000000000002,0.0,-40.52000000000002,24.479999999999983,0.37020000000000003,0.2950000000000001,False,False,74.04,0.0,-74.04,-9.040000000000006,2888.0,7251.0
657196,69123,IS,NVDA,Will NVIDIA dip to $192 in November?,-1,192.0,False,2025-10-31,2025-11-03,2025-11-28,0.0,put,190.0,195.0,5.0,O:NVDA251128P00195000,O:NVDA251128P00190000,1.0,0.6620283158245669,0.6639732314080062,1.0,129.986665,100.0,-33.60267685919938,-33.60267685919938,33.60267685919938,4.95,5.1,6.6,6.75,177.0,202.49,3.6,3.7,180.0,91.0,0.2522702217102051,4.95,5.05,7.0,234.0,0.27807188034057617,ok,ok,ok,1.0,True,touched and finished beyond,False,0.2925999999999999,0.2699999999999999,False,False,58.51999999999998,200.0,141.48000000000002,107.87732314080064,0.2925999999999999,0.2699999999999999,False,False,29.25999999999999,100.0,70.74000000000001,37.13732314080063,0.3626,0.3299999999999999,False,False,72.52,200.0,127.47999999999999,93.87732314080061,0.3151999999999999,0.2699999999999999,False,False,63.039999999999985,200.0,136.96,103.35732314080063,0.3151999999999999,0.2699999999999999,False,False,31.519999999999992,100.0,68.48,34.87732314080063,0.3952,0.3299999999999999,False,False,79.03999999999999,200.0,120.96000000000001,87.35732314080063,882.0,1679.0
657199,69123,IS,NVDA,Will NVIDIA dip to $160 in November?,-1,160.0,True,2025-10-31,2025-11-03,2025-11-28,0.0,put,155.0,165.0,10.0,O:NVDA251128P00165000,O:NVDA251128P00155000,2.0,0.0912796617273266,0.1945951580216678,0.0,29.922836,29.922836,19.459515802166784,19.459515802166784,80.54048419783322,0.58,0.63,1.03,1.09,177.0,202.49,0.44,0.46,116.0,133.0,1.1574065685272217,0.74,0.76,77.0,55.0,3.21046781539917,ok,ok,ok,0.0,False,never touched,False,0.0333,0.03,False,False,6.660000000000001,0.0,-6.660000000000001,12.799515802166784,0.0333,0.03,False,False,3.3300000000000005,0.0,-3.3300000000000005,16.129515802166782,0.05230000000000001,0.045500000000000006,False,False,10.460000000000003,0.0,-10.460000000000003,8.999515802166782,0.0366,0.03,False,False,7.32,0.0,-7.32,12.139515802166784,0.0366,0.03,False,False,3.66,0.0,-3.66,15.799515802166784,0.059100000000000014,0.045500000000000006,False,False,11.820000000000002,0.0,-11.820000000000002,7.639515802166782,467.0,1411.0
657200,69123,IS,NVDA,Will NVIDIA dip to $144 in November?,-1,144.0,False,2025-10-31,2025-11-03,2025-12-12,14.0,put,140.0,145.0,5.0,O:NVDA251212P00145000,O:NVDA251212P00140000,0.0,0.0482214407329395,0.0372857142857143,0.0,700.0,100.0,3.7285714285714313,3.7285714285714313,96.27142857142857,0.48,0.56,0.61,0.67,175.02,202.49,0.4,0.42,93.0,36.0,4.258270025253296,0.49,0.51,8.0,18.0,0.2906959056854248,ok,ok,ok,0.0,False,never touched,False,0.024599999999999997,0.017999999999999995,False,False,4.919999999999999,0.0,-4.919999999999999,-1.1914285714285677,0.024599999999999997,0.017999999999999995,False,False,2.4599999999999995,0.0,-2.4599999999999995,1.2685714285714318,0.04060000000000001,0.024,False,False,8.120000000000003,0.0,-8.120000000000003,-4.3914285714285715,0.031200000000000002,0.017999999999999995,False,False,6.24,0.0,-6.24,-2.511428571428569,0.031200000000000002,0.017999999999999995,False,False,3.12,0.0,-3.12,0.6085714285714312,0.05720000000000003,0.024,False,False,11.440000000000005,0.0,-11.440000000000005,-7.7114285714285735,57.0,29.0
657230,69126,IS,OPEN,Will Opendoor reach $13 in November?,1,13.0,False,2025-10-31,2025-11-03,2025-11-28,0.0,call,12.5,14.0,1.5,O:OPEN251128C00012500,O:OPEN251128C00014000,1.0,0.1136816299900771,0.1,0.0,300.0,100.0,10.0,10.0,90.0,0.29,0.4,0.21,0.31,,,0.24,0.8,1940.0,4075.0,5.459864139556885,0.07,0.5,6832.0,4087.0,0.3482334613800049,a split between the first weekend and the expiry,ok,a split between the first weekend and the expiry,,,,,,,,,,,,,,,,,,,,,,,,,,,,,,,,,,,,,,,,,,,,,,,,,,,,,15.0,4.0
657233,69126,IS,OPEN,Will Opendoor reach $9.75 in November?,1,9.75,False,2025-10-31,2025-11-03,2025-11-28,0.0,call,9.5,10.0,0.5,O:OPEN251128C00009500,O:OPEN251128C00010000,0.0,0.5015366028973993,0.3024242424212121,0.0,165.0,100.0,30.242424242121206,30.242424242121206,69.7575757578788,0.63,0.85,0.56,0.67,,,0.36,0.85,7650.0,3886.0,54.670857429504395,0.48,0.52,668.0,569.0,0.024758338928222656,a split between the first weekend and the expiry,ok,a split between the first weekend and the expiry,,,,,,,,,,,,,,,,,,,,,,,,,,,,,,,,,,,,,,,,,,,,,,,,,,,,,34.0,657.0
657236,69126,IS,OPEN,Will Opendoor reach $8 in November?,1,8.0,True,2025-10-31,2025-11-03,2025-11-28,0.0,call,7.5,8.5,1.0,O:OPEN251128C00007500,O:OPEN251128C00008500,0.0,0.7723663684619946,0.93,1.0,50.0,50.0,-6.999999999999995,-6.999999999999995,6.999999999999995,1.23,1.45,0.89,1.02,,,1.07,1.25,2562.0,1533.0,2.9009690284729004,0.78,1.0,144.0,3030.0,5.553080797195435,a split between the first weekend and the expiry,ok,a split between the first weekend and the expiry,,,,,,,,,,,,,,,,,,,,,,,,,,,,,,,,,,,,,,,,,,,,,,,,,,,,,387.0,372.0
657241,69126,IS,OPEN,Will Opendoor dip to $5 in November?,-1,5.0,True,2025-10-31,2025-11-03,2025-11-28,0.0,put,4.5,5.5,1.0,O:OPEN251128P00005500,O:OPEN251128P00004500,0.0,0.2507683014486996,0.4172549019607843,0.0,510.0,100.0,41.72549019607843,41.72549019607843,58.27450980392157,0.05,0.16,0.21,0.25,,,0.04,0.31,3279.0,4083.0,47.367100954055786,0.09,0.31,4997.0,3215.0,2.900562286376953,a split between the first weekend and the expiry,ok,a split between the first weekend and the expiry,,,,,,,,,,,,,,,,,,,,,,,,,,,,,,,,,,,,,,,,,,,,,,,,,,,,,37.0,10.0
657216,69125,IS,PLTR,Will Palantir reach $264 in November?,1,264.0,False,2025-10-31,2025-11-03,2025-11-28,0.0,call,260.0,265.0,5.0,O:PLTR251128C00260000,O:PLTR251128C00265000,1.0,0.134411809576503,0.0969696969696969,0.0,1650.0,100.0,9.696969696969695,9.696969696969695,90.30303030303031,1.75,1.89,1.41,1.56,168.45,200.47,1.93,2.14,87.0,348.0,0.3936598300933838,1.56,1.8,340.0,345.0,0.636885404586792,ok,ok,ok,0.0,False,never touched,False,0.11860000000000002,0.071,False,False,23.720000000000006,0.0,-23.720000000000006,-14.02303030303031,0.11860000000000002,0.071,False,False,11.860000000000003,0.0,-11.860000000000003,-2.1630303030303075,0.09860000000000001,0.06699999999999999,False,False,19.720000000000002,0.0,-19.720000000000002,-10.023030303030307,0.16620000000000004,0.071,False,False,33.24000000000001,0.0,-33.24000000000001,-23.543030303030314,0.16620000000000004,0.071,False,False,16.620000000000005,0.0,-16.620000000000005,-6.923030303030309,0.1302,0.06699999999999999,False,False,26.040000000000003,0.0,-26.040000000000003,-16.343030303030307,336.0,82.0
657223,69125,IS,PLTR,Will Palantir dip to $198 in November?,-1,198.0,False,2025-10-31,2025-11-03,2025-11-28,0.0,put,195.0,200.0,5.0,O:PLTR251128P00200000,O:PLTR251128P00195000,1.0,0.9328580813891632,0.9,1.0,50.0,50.0,-9.999999999999998,-9.999999999999998,9.999999999999998,11.3,11.75,13.65,14.05,168.45,200.47,9.95,10.35,417.0,210.0,0.3915598392486572,12.1,12.55,462.0,152.0,0.47453832626342773,ok,ok,ok,1.0,True,touched and finished beyond,False,0.5226000000000003,0.43500000000000016,False,False,104.52000000000005,200.0,95.47999999999995,85.47999999999995,0.5226000000000003,0.43500000000000016,False,False,52.260000000000026,100.0,47.739999999999974,37.739999999999974,0.5526000000000001,0.4650000000000002,False,False,110.52000000000002,200.0,89.47999999999998,79.47999999999998,0.6102000000000004,0.43500000000000016,False,False,122.04000000000008,200.0,77.95999999999992,67.95999999999992,0.6102000000000004,0.43500000000000016,False,False,61.02000000000004,100.0,38.97999999999996,28.97999999999996,0.6401999999999998,0.4650000000000002,False,False,128.03999999999996,200.0,71.96000000000005,61.96000000000005,566.0,417.0
657224,69125,IS,PLTR,Will Palantir dip to $192 in November?,-1,192.0,False,2025-10-31,2025-11-03,2025-11-28,0.0,put,190.0,195.0,5.0,O:PLTR251128P00195000,O:PLTR251128P00190000,1.0,0.8827044210994232,0.8,1.0,50.0,50.0,-19.999999999999996,-19.999999999999996,19.999999999999996,9.15,9.5,11.3,11.75,168.45,200.47,8.05,8.4,398.0,91.0,0.39379048347473145,9.95,10.35,417.0,210.0,0.3915598392486572,ok,ok,ok,1.0,True,touched and finished beyond,False,0.4625999999999998,0.38499999999999945,False,False,92.51999999999995,200.0,107.48000000000005,87.48000000000005,0.4625999999999998,0.38499999999999945,False,False,46.25999999999998,100.0,53.74000000000002,33.74000000000002,0.5226,0.4400000000000002,False,False,104.52,200.0,95.48,75.48,0.5401999999999999,0.38499999999999945,False,False,108.03999999999998,200.0,91.96000000000002,71.96000000000002,0.5401999999999999,0.38499999999999945,False,False,54.01999999999999,100.0,45.98000000000001,25.980000000000015,0.6051999999999996,0.4400000000000002,False,False,121.03999999999992,200.0,78.96000000000008,58.96000000000008,417.0,874.0
657226,69125,IS,PLTR,Will Palantir dip to $177 in November?,-1,177.0,False,2025-10-31,2025-11-03,2025-11-28,0.0,put,175.0,180.0,5.0,O:PLTR251128P00180000,O:PLTR251128P00175000,1.0,0.5215980670132951,0.3100000032,1.0,72.463767,72.463767,-68.99999968,-68.99999968,68.99999968,4.7,4.95,6.0,6.25,168.45,200.47,4.0,4.25,185.0,281.0,0.39337921142578125,5.1,5.4,309.0,366.0,0.3933844566345215,ok,ok,ok,1.0,True,touched and finished beyond,False,0.2826000000000001,0.225,False,False,56.52000000000002,200.0,143.48,74.48000031999999,0.2826000000000001,0.225,False,False,28.26000000000001,100.0,71.74,2.740000319999993,0.31259999999999993,0.25999999999999995,False,False,62.51999999999999,200.0,137.48,68.48000031999999,0.3402000000000001,0.225,False,False,68.04000000000002,200.0,131.95999999999998,62.96000031999998,0.3402000000000001,0.225,False,False,34.02000000000001,100.0,65.97999999999999,-3.019999680000012,0.36519999999999997,0.25999999999999995,False,False,73.03999999999999,200.0,126.96000000000001,57.960000320000006,957.0,602.0
657228,69125,IS,PLTR,Will Palantir dip to $156 in November?,-1,156.0,False,2025-10-31,2025-11-03,2025-11-28,0.0,put,155.0,160.0,5.0,O:PLTR251128P00160000,O:PLTR251128P00155000,1.0,0.2106453732169078,0.1099999999999999,1.0,5.0,5.0,-89.0,-89.0,89.00000000000001,1.71,1.88,2.25,2.39,168.45,200.47,1.45,1.61,319.0,162.0,3.6411490440368652,1.87,2.06,269.0,306.0,0.5960333347320557,ok,ok,ok,0.0,False,touched and came back,False,0.12460000000000003,0.08700000000000001,False,False,24.920000000000005,0.0,-24.920000000000005,-113.92,0.12460000000000003,0.08700000000000001,False,False,12.460000000000003,0.0,-12.460000000000003,-101.46000000000001,0.13860000000000003,0.10500000000000007,False,False,27.720000000000006,0.0,-27.720000000000006,-116.72,0.1622000000000001,0.08700000000000001,False,False,32.44000000000002,0.0,-32.44000000000002,-121.44000000000003,0.1622000000000001,0.08700000000000001,False,False,16.22000000000001,0.0,-16.22000000000001,-105.22000000000001,0.1722,0.10500000000000007,False,False,34.44,0.0,-34.44,-123.44,469.0,173.0
657244,69127,IS,RKLB,Will Rocket Lab reach $108 in November?,1,108.0,False,2025-10-31,2025-11-03,2025-11-28,0.0,call,105.0,110.0,5.0,O:RKLB251128C00105000,O:RKLB251128C00110000,0.0,0.1524671272808093,0.1001952277658113,0.0,2561.11111,100.0,10.01952277658114,10.01952277658114,89.98047722341886,0.01,1.5,0.2,0.55,42.14,62.98,0.15,0.9,185.0,194.0,0.07548332214355469,0.05,0.55,731.0,452.0,5.447016716003418,ok,ok,ok,0.0,False,never touched,False,0.17259999999999998,0.045,False,False,34.519999999999996,0.0,-34.519999999999996,-24.500477223418855,0.17259999999999998,0.045,False,False,17.259999999999998,0.0,-17.259999999999998,-7.240477223418859,0.2626,0.076,False,False,52.52,0.0,-52.52,-42.50047722341886,0.2602,0.045,False,False,52.04,0.0,-52.04,-42.02047722341886,0.2602,0.045,False,False,26.02,0.0,-26.02,-16.000477223418862,0.44920000000000004,0.076,False,False,89.84,0.0,-89.84,-79.82047722341886,4.0,18.0
657174,69122,IS,TSLA,Will Tesla reach $615 in November?,1,615.0,False,2025-10-31,2025-11-03,2025-11-28,0.0,call,610.0,620.0,10.0,O:TSLA251128C00610000,O:TSLA251128C00620000,0.0,0.0561720995245087,0.0567243606719904,0.0,965.65314,100.0,5.67243606719904,5.67243606719904,94.32756393280096,1.91,1.99,1.62,1.72,430.17,456.56,1.52,1.58,46.0,27.0,0.0854804515838623,1.3,1.36,37.0,58.0,0.30387163162231445,ok,ok,ok,0.0,False,never touched,False,0.029300000000000003,0.022,False,False,5.86,0.0,-5.86,-0.18756393280095995,0.029300000000000003,0.022,False,False,2.93,0.0,-2.93,2.74243606719904,0.038299999999999994,0.028000000000000004,False,False,7.659999999999998,0.0,-7.659999999999998,-1.987563932800958,0.03660000000000001,0.022,False,False,7.320000000000001,0.0,-7.320000000000001,-1.6475639328009608,0.03660000000000001,0.022,False,False,3.6600000000000006,0.0,-3.6600000000000006,2.01243606719904,0.0486,0.028000000000000004,False,False,9.719999999999999,0.0,-9.719999999999999,-4.0475639328009585,270.0,166.0
657175,69122,IS,TSLA,Will Tesla reach $578 in November?,1,578.0,False,2025-10-31,2025-11-03,2025-11-28,0.0,call,575.0,580.0,5.0,O:TSLA251128C00575000,O:TSLA251128C00580000,1.0,0.1003073205794798,0.0726436150473279,0.0,1864.47263,100.0,7.264361504732799,7.264361504732799,92.73563849526721,3.3,3.45,3.05,3.2,430.17,456.56,2.74,2.83,35.0,62.0,0.08522987365722656,2.51,2.6,17.0,61.0,0.7657415866851807,ok,ok,ok,0.0,False,never touched,False,0.06660000000000006,0.04600000000000008,False,False,13.320000000000013,0.0,-13.320000000000013,-6.055638495267214,0.06660000000000006,0.04600000000000008,False,False,6.660000000000006,0.0,-6.660000000000006,0.6043615047327924,0.08260000000000008,0.05,False,False,16.520000000000014,0.0,-16.520000000000014,-9.255638495267215,0.08720000000000003,0.04600000000000008,False,False,17.440000000000005,0.0,-17.440000000000005,-10.175638495267206,0.08720000000000003,0.04600000000000008,False,False,8.720000000000002,0.0,-8.720000000000002,-1.4556384952672037,0.11520000000000014,0.05,False,False,23.040000000000028,0.0,-23.040000000000028,-15.775638495267229,81.0,148.0
657176,69122,IS,TSLA,Will Tesla reach $548 in November?,1,548.0,False,2025-10-31,2025-11-03,2025-11-28,0.0,call,545.0,550.0,5.0,O:TSLA251128C00545000,O:TSLA251128C00550000,1.0,0.2006146411589597,0.14,0.0,600.76,100.0,14.000000000000002,14.000000000000002,86.0,5.45,5.75,5.0,5.2,430.17,456.56,4.75,4.85,8.0,25.0,0.7653055191040039,4.3,4.4,24.0,10.0,2.551485300064087,ok,ok,ok,0.0,False,never touched,False,0.11259999999999996,0.09000000000000004,False,False,22.519999999999992,0.0,-22.519999999999992,-8.51999999999999,0.11259999999999996,0.09000000000000004,False,False,11.259999999999996,0.0,-11.259999999999996,2.7400000000000055,0.15259999999999999,0.1,False,False,30.519999999999996,0.0,-30.519999999999996,-16.519999999999996,0.1351999999999999,0.09000000000000004,False,False,27.03999999999998,0.0,-27.03999999999998,-13.03999999999998,0.1351999999999999,0.09000000000000004,False,False,13.51999999999999,0.0,-13.51999999999999,0.4800000000000111,0.20520000000000002,0.1,False,False,41.040000000000006,0.0,-41.040000000000006,-27.040000000000006,79.0,671.0
657177,69122,IS,TSLA,Will Tesla reach $518 in November?,1,518.0,True,2025-10-31,2025-11-03,2025-11-28,0.0,call,515.0,520.0,5.0,O:TSLA251128C00515000,O:TSLA251128C00520000,1.0,0.3009219617384389,0.4016900989458231,0.0,954.351576,100.0,40.16900989458232,40.16900989458232,59.83099010541769,9.35,9.7,8.65,8.9,430.17,456.56,8.5,8.65,14.0,17.0,2.0638630390167236,7.65,7.85,57.0,56.0,0.32807445526123047,ok,ok,ok,0.0,False,never touched,False,0.2026,0.16499999999999987,False,False,40.52,0.0,-40.52,-0.3509901054176865,0.2026,0.16499999999999987,False,False,20.26,0.0,-20.26,19.909009894582315,0.2125999999999998,0.14999999999999963,False,False,42.51999999999996,0.0,-42.51999999999996,-2.350990105417644,0.24020000000000016,0.16499999999999987,False,False,48.040000000000035,0.0,-48.040000000000035,-7.870990105417718,0.24020000000000016,0.16499999999999987,False,False,24.020000000000017,0.0,-24.020000000000017,16.1490098945823,0.2751999999999999,0.14999999999999963,False,False,55.03999999999998,0.0,-55.03999999999998,-14.870990105417661,116.0,200.0
657178,69122,IS,TSLA,Will Tesla reach $495 in November?,1,495.0,True,2025-10-31,2025-11-03,2025-11-28,0.0,call,490.0,500.0,10.0,O:TSLA251128C00490000,O:TSLA251128C00500000,2.0,0.5165827009843211,0.5781752927842171,0.0,352.397561,100.0,57.81752927842171,57.81752927842171,42.18247072157829,15.05,15.35,12.5,12.75,430.17,456.56,13.95,14.1,17.0,20.0,0.10979843139648438,11.4,11.6,86.0,33.0,0.7480857372283936,ok,ok,ok,0.0,False,never touched,False,0.27129999999999993,0.25249999999999984,False,False,54.259999999999984,0.0,-54.259999999999984,3.5575292784217254,0.27129999999999993,0.25249999999999984,False,False,27.129999999999992,0.0,-27.129999999999992,30.687529278421717,0.2863,0.25749999999999995,False,False,57.26,0.0,-57.26,0.5575292784217112,0.29009999999999997,0.25249999999999984,False,False,58.019999999999996,0.0,-58.019999999999996,-0.20247072157828683,0.29009999999999997,0.25249999999999984,False,False,29.009999999999998,0.0,-29.009999999999998,28.80752927842171,0.3151,0.25749999999999995,False,False,63.019999999999996,0.0,-63.019999999999996,-5.202470721578287,635.0,3911.0
657179,69122,IS,TSLA,Will Tesla reach $480 in November?,1,480.0,True,2025-10-31,2025-11-03,2025-11-28,0.0,call,475.0,485.0,10.0,O:TSLA251128C00475000,O:TSLA251128C00485000,2.0,0.6720590478825154,0.7862868382419069,0.0,484.761903,100.0,78.62868382419069,78.62868382419069,21.37131617580931,19.7,20.25,16.35,16.9,430.17,456.56,18.65,18.85,2.0,23.0,2.6466636657714844,15.35,15.55,58.0,17.0,0.9197418689727783,ok,ok,ok,0.0,False,never touched,False,0.3513000000000002,0.33000000000000007,False,False,70.26000000000005,0.0,-70.26000000000005,8.36868382419064,0.3513000000000002,0.33000000000000007,False,False,35.130000000000024,0.0,-35.130000000000024,43.498683824190664,0.39129999999999987,0.33500000000000013,False,False,78.25999999999998,0.0,-78.25999999999998,0.3686838241907111,0.37260000000000026,0.33000000000000007,False,False,74.52000000000005,0.0,-74.52000000000005,4.108683824190635,0.37260000000000026,0.33000000000000007,False,False,37.260000000000026,0.0,-37.260000000000026,41.36868382419066,0.44759999999999955,0.33500000000000013,False,False,89.51999999999991,0.0,-89.51999999999991,-10.891316175809223,727.0,177.0
657183,69122,IS,TSLA,Will Tesla dip to $420 in November?,-1,420.0,False,2025-10-31,2025-11-03,2025-11-28,0.0,put,415.0,425.0,10.0,O:TSLA251128P00425000,O:TSLA251128P00415000,2.0,0.5968285574479054,0.5877848410757947,1.0,40.9,40.9,-41.221515892420534,-41.221515892420534,41.221515892420534,10.25,10.65,13.25,13.6,430.17,456.56,9.25,9.4,4.0,19.0,2.0616676807403564,12.0,12.2,28.0,55.0,0.7729496955871582,ok,ok,ok,0.0,False,touched and came back,False,0.29629999999999995,0.2775,False,False,59.25999999999999,0.0,-59.25999999999999,-100.48151589242053,0.29629999999999995,0.2775,False,False,29.629999999999995,0.0,-29.629999999999995,-70.85151589242054,0.3363,0.29750000000000015,False,False,67.25999999999999,0.0,-67.25999999999999,-108.48151589242053,0.3150999999999998,0.2775,False,False,63.01999999999997,0.0,-63.01999999999997,-104.2415158924205,0.3150999999999998,0.2775,False,False,31.509999999999984,0.0,-31.509999999999984,-72.73151589242052,0.37509999999999977,0.29750000000000015,False,False,75.01999999999995,0.0,-75.01999999999995,-116.2415158924205,279.0,235.0
657184,69122,IS,TSLA,Will Tesla dip to $398 in November?,-1,398.0,False,2025-10-31,2025-11-03,2025-11-28,0.0,put,395.0,400.0,5.0,O:TSLA251128P00400000,O:TSLA251128P00395000,1.0,0.3611063540861276,0.37,1.0,15.87,15.87,-63.0,-63.0,63.0,6.15,6.35,7.05,7.25,430.17,456.56,5.35,5.5,81.0,78.0,0.3287057876586914,6.15,6.3,36.0,85.0,0.3314170837402344,ok,ok,ok,0.0,False,touched and came back,False,0.19260000000000002,0.15999999999999998,False,False,38.52,0.0,-38.52,-101.52000000000001,0.19260000000000002,0.15999999999999998,False,False,19.26,0.0,-19.26,-82.26,0.2225999999999999,0.18000000000000008,False,False,44.51999999999998,0.0,-44.51999999999998,-107.51999999999998,0.22520000000000012,0.15999999999999998,False,False,45.04000000000003,0.0,-45.04000000000003,-108.04000000000002,0.22520000000000012,0.15999999999999998,False,False,22.520000000000014,0.0,-22.520000000000014,-85.52000000000001,0.26519999999999977,0.18000000000000008,False,False,53.03999999999996,0.0,-53.03999999999996,-116.03999999999996,440.0,189.0
657185,69122,IS,TSLA,Will Tesla dip to $375 in November?,-1,375.0,True,2025-10-31,2025-11-03,2025-11-28,0.0,put,370.0,380.0,10.0,O:TSLA251128P00380000,O:TSLA251128P00370000,2.0,0.1805531770430638,0.26,0.0,1.35135,1.35135,26.0,26.0,74.0,3.3,3.45,4.2,4.35,430.17,456.56,2.82,2.89,56.0,50.0,0.3079862594604492,3.6,3.7,71.0,23.0,0.33077573776245117,ok,ok,ok,0.0,False,never touched,False,0.08930000000000003,0.07950000000000004,False,False,17.860000000000007,0.0,-17.860000000000007,8.139999999999993,0.08930000000000003,0.07950000000000004,False,False,8.930000000000003,0.0,-8.930000000000003,17.069999999999997,0.10629999999999998,0.09000000000000004,False,False,21.259999999999994,0.0,-21.259999999999994,4.7400000000000055,0.09910000000000004,0.07950000000000004,False,False,19.820000000000007,0.0,-19.820000000000007,6.179999999999993,0.09910000000000004,0.07950000000000004,False,False,9.910000000000004,0.0,-9.910000000000004,16.089999999999996,0.12259999999999993,0.09000000000000004,False,False,24.519999999999985,0.0,-24.519999999999985,1.4800000000000146,141.0,90.0
657187,69122,IS,TSLA,Will Tesla dip to $308 in November?,-1,308.0,False,2025-10-31,2025-11-03,2025-11-28,0.0,put,305.0,310.0,5.0,O:TSLA251128P00310000,O:TSLA251128P00305000,1.0,0.0260799033506647,0.0300000005999999,0.0,17.608233,17.608233,3.0000000599999965,3.0000000599999965,96.99999994000001,1.09,1.14,1.16,1.2,430.17,456.56,0.94,0.99,29.0,3.0,14.346418142318726,1.01,1.05,10.0,24.0,14.725757837295532,ok,ok,ok,0.0,False,never touched,False,0.024600000000000018,0.013000000000000012,False,False,4.9200000000000035,0.0,-4.9200000000000035,-1.919999940000007,0.024600000000000018,0.013000000000000012,False,False,2.4600000000000017,0.0,-2.4600000000000017,0.5400000599999948,0.024599999999999976,0.012999999999999989,False,False,4.9199999999999955,0.0,-4.9199999999999955,-1.919999939999999,0.036200000000000024,0.013000000000000012,False,False,7.240000000000005,0.0,-7.240000000000005,-4.239999940000008,0.036200000000000024,0.013000000000000012,False,False,3.6200000000000023,0.0,-3.6200000000000023,-0.6199999400000058,0.03619999999999996,0.012999999999999989,False,False,7.239999999999992,0.0,-7.239999999999992,-4.239999939999995,16.0,0.0
694364,86620,IS,AAPL,Will Apple (AAPL) hit $285 before 2026??,1,285.0,False,2025-11-21,2025-11-24,2026-01-02,2.0,call,280.0,290.0,10.0,O:AAPL260102C00280000,O:AAPL260102C00290000,2.0,0.612814142647774,0.5300001081,1.0,4.255318,4.255318,-46.99998919,-46.99998919,46.99998919,5.05,5.7,2.12,2.53,271.01,271.49,6.2,6.5,10.0,2.0,1.880847454071045,2.61,3.0,330.0,263.0,0.17264175415039062,ok,ok,ok,0.0,False,touched and came back,False,0.39030000000000004,0.3545,False,False,78.06,0.0,-78.06,-125.05998919000001,0.39030000000000004,0.3545,False,False,39.03,0.0,-39.03,-86.02998919000001,0.3593,0.305,False,False,71.86,0.0,-71.86,-118.85998919,0.42610000000000003,0.3545,False,False,85.22000000000001,0.0,-85.22000000000001,-132.21998919,0.42610000000000003,0.3545,False,False,42.61000000000001,0.0,-42.61000000000001,-89.60998919000001,0.4136,0.305,False,False,82.72,0.0,-82.72,-129.71998919,240.0,198.0
694429,86625,IS,AMZN,Will Amazon (AMZN) hit $300 before 2026??,1,300.0,False,2025-11-21,2025-11-24,2026-01-02,2.0,call,295.0,305.0,10.0,O:AMZN260102C00295000,O:AMZN260102C00305000,0.0,0.0080369067888232,0.012,0.0,51.0,51.0,1.200000000000001,1.200000000000001,98.8,0.11,0.2,0.07,0.16,226.5,220.69,0.12,0.21,34.0,32.0,2.7342212200164795,0.06,0.16,64.0,42.0,0.5863513946533203,ok,ok,ok,0.0,False,never touched,False,0.0163,0.005499999999999998,False,False,3.26,0.0,-3.26,-2.0599999999999987,0.0163,0.005499999999999998,False,False,1.63,0.0,-1.63,-0.4299999999999988,0.0143,0.003999999999999999,False,False,2.86,0.0,-2.86,-1.6599999999999988,0.0271,0.005499999999999998,False,False,5.42,0.0,-5.42,-4.219999999999999,0.0271,0.005499999999999998,False,False,2.71,0.0,-2.71,-1.509999999999999,0.024600000000000004,0.003999999999999999,False,False,4.920000000000001,0.0,-4.920000000000001,-3.7199999999999998,4.0,0.0
694401,86623,IS,GOOGL,Will Google (GOOGL) hit $375 before 2026??,1,375.0,True,2025-11-21,2025-11-24,2026-01-02,2.0,call,370.0,380.0,10.0,O:GOOGL260102C00370000,O:GOOGL260102C00380000,0.0,0.0,0.05,0.0,40.03156,40.03156,5.000000000000001,5.000000000000001,95.0,0.34,1.17,0.45,1.31,315.15,299.66,1.52,2.0,149.0,37.0,0.9820797443389893,0.57,2.29,163.0,150.0,0.9352626800537109,ok,ok,ok,0.0,False,never touched,False,0.1443,0.03300000000000001,False,False,28.860000000000003,0.0,-28.860000000000003,-23.860000000000003,0.1443,0.03300000000000001,False,False,14.430000000000001,0.0,-14.430000000000001,-9.43,0.07329999999999999,-0.0125,False,False,14.659999999999998,0.0,-14.659999999999998,-9.659999999999997,0.22660000000000002,0.03300000000000001,False,False,45.32000000000001,0.0,-45.32000000000001,-40.32000000000001,0.22660000000000002,0.03300000000000001,False,False,22.660000000000004,0.0,-22.660000000000004,-17.660000000000004,0.1591,-0.0125,False,False,31.819999999999997,0.0,-31.819999999999997,-26.819999999999997,167.0,42.0
694402,86623,IS,GOOGL,Will Google (GOOGL) hit $355 before 2026??,1,355.0,False,2025-11-21,2025-11-24,2026-01-02,2.0,call,350.0,360.0,10.0,O:GOOGL260102C00350000,O:GOOGL260102C00360000,0.0,0.1346181887127897,0.1400000108,0.0,11.081392,11.081392,14.000001080000002,14.000001080000002,85.99999892,1.6,2.26,0.94,1.58,315.15,299.66,3.25,4.2,266.0,13.0,3.721773624420166,1.2,2.99,182.0,148.0,0.22361183166503906,ok,ok,ok,0.0,False,never touched,False,0.3013,0.16299999999999998,False,False,60.260000000000005,0.0,-60.260000000000005,-46.25999892,0.3013,0.16299999999999998,False,False,30.130000000000003,0.0,-30.130000000000003,-16.12999892,0.13329999999999997,0.06699999999999999,False,False,26.659999999999997,0.0,-26.659999999999997,-12.659998919999994,0.4396000000000001,0.16299999999999998,False,False,87.92000000000002,0.0,-87.92000000000002,-73.91999892000001,0.4396000000000001,0.16299999999999998,False,False,43.96000000000001,0.0,-43.96000000000001,-29.959998920000004,0.1996,0.06699999999999999,False,False,39.92,0.0,-39.92,-25.919998919999998,535.0,33.0
694403,86623,IS,GOOGL,Will Google (GOOGL) hit $345 before 2026??,1,345.0,True,2025-11-21,2025-11-24,2026-01-02,2.0,call,340.0,350.0,10.0,O:GOOGL260102C00340000,O:GOOGL260102C00350000,0.0,0.0894105880256588,0.2200000082,0.0,36.653835,36.653835,22.00000082,22.00000082,77.99999918,1.35,3.4,1.6,2.26,315.15,299.66,4.45,6.8,299.0,256.0,0.0009462833404541016,3.25,4.2,266.0,13.0,3.721773624420166,ok,ok,ok,0.0,False,never touched,False,0.3563,0.19,False,False,71.26,0.0,-71.26,-49.25999918000001,0.3563,0.19,False,False,35.63,0.0,-35.63,-13.629999180000002,0.1813,0.044500000000000005,False,False,36.26,0.0,-36.26,-14.259999179999998,0.5226,0.19,False,False,104.52,0.0,-104.52,-82.51999918,0.5226,0.19,False,False,52.26,0.0,-52.26,-30.259999179999998,0.31809999999999994,0.044500000000000005,False,False,63.61999999999999,0.0,-63.61999999999999,-41.61999917999999,911.0,535.0
694404,86623,IS,GOOGL,Will Google (GOOGL) hit $335 before 2026??,1,335.0,False,2025-11-21,2025-11-24,2026-01-02,2.0,call,330.0,340.0,10.0,O:GOOGL260102C00330000,O:GOOGL260102C00340000,0.0,0.437006806642265,0.3400000000901007,0.0,181.984847,100.0,34.00000000901007,34.00000000901007,65.99999999098993,4.25,4.85,1.35,3.4,315.15,299.66,7.45,9.35,290.0,74.0,0.16971850395202637,4.45,6.8,299.0,256.0,0.0009462833404541016,ok,ok,ok,0.0,False,never touched,False,0.49129999999999996,0.2775,False,False,98.25999999999999,0.0,-98.25999999999999,-64.25999999098991,0.49129999999999996,0.2775,False,False,49.129999999999995,0.0,-49.129999999999995,-15.129999990989923,0.3513,0.21749999999999997,False,False,70.26,0.0,-70.26,-36.25999999098993,0.7051,0.2775,False,False,141.01999999999998,0.0,-141.01999999999998,-107.0199999909899,0.7051,0.2775,False,False,70.50999999999999,0.0,-70.50999999999999,-36.50999999098992,0.4850999999999999,0.21749999999999997,False,False,97.01999999999998,0.0,-97.01999999999998,-63.01999999098991,294.0,911.0
694405,86623,IS,GOOGL,Will Google (GOOGL) hit $320 before 2026??,1,320.0,False,2025-11-21,2025-11-24,2026-01-02,2.0,call,315.0,325.0,10.0,O:GOOGL260102C00315000,O:GOOGL260102C00325000,2.0,0.5826757421896869,0.5900000033105552,1.0,326.268288,100.0,-40.99999966894448,-40.99999966894448,40.999999668944476,8.2,9.25,5.35,6.3,315.15,299.66,14.4,16.1,299.0,336.0,4.21196722984314,10.0,11.6,322.0,379.0,0.1434154510498047,ok,ok,ok,0.014999999999997727,False,touched and came back,False,0.6113000000000001,0.44499999999999995,False,False,122.26000000000002,2.9999999999995453,-119.26000000000047,-160.25999966894494,0.6113000000000001,0.44499999999999995,False,False,61.13000000000001,1.4999999999997726,-59.63000000000024,-100.62999966894472,0.39130000000000004,0.29000000000000004,False,False,78.26,2.9999999999995453,-75.26000000000046,-116.25999966894494,0.7776000000000004,0.44499999999999995,False,False,155.52000000000007,2.9999999999995453,-152.52000000000055,-193.51999966894505,0.7776000000000004,0.44499999999999995,False,False,77.76000000000003,1.4999999999997726,-76.26000000000028,-117.25999966894476,0.49260000000000004,0.29000000000000004,False,False,98.52000000000001,2.9999999999995453,-95.52000000000046,-136.51999966894493,214.0,757.0
694377,86621,IS,MSFT,Will Microsoft (MSFT) hit $525 before 2026??,1,525.0,True,2025-11-21,2025-11-24,2026-01-02,2.0,call,520.0,530.0,10.0,O:MSFT260102C00520000,O:MSFT260102C00530000,0.0,0.1145259217407315,0.3199999999999999,0.0,110.0,100.0,31.999999999999996,31.999999999999996,68.00000000000001,1.64,2.6,1.3,1.8,472.94,472.12,1.51,2.22,119.0,41.0,8.425923347473145,1.0,1.5,119.0,191.0,0.7258362770080566,ok,ok,ok,0.0,False,never touched,False,0.12330000000000002,0.06150000000000002,False,False,24.660000000000004,0.0,-24.660000000000004,7.339999999999993,0.12330000000000002,0.06150000000000002,False,False,12.330000000000002,0.0,-12.330000000000002,19.669999999999995,0.1313,0.05700000000000001,False,False,26.26,0.0,-26.26,5.739999999999995,0.18510000000000001,0.06150000000000002,False,False,37.02,0.0,-37.02,-5.020000000000007,0.18510000000000001,0.06150000000000002,False,False,18.51,0.0,-18.51,13.489999999999995,0.2056,0.05700000000000001,False,False,41.120000000000005,0.0,-41.120000000000005,-9.120000000000008,81.0,46.0
694378,86621,IS,MSFT,Will Microsoft (MSFT) hit $500 before 2026??,1,500.0,False,2025-11-21,2025-11-24,2026-01-02,2.0,call,495.0,505.0,10.0,O:MSFT260102C00495000,O:MSFT260102C00505000,1.0,0.6278833428768178,0.5847619047619047,0.0,210.0,100.0,58.47619047619047,58.47619047619047,41.52380952380953,6.65,8.8,4.3,4.9,472.94,472.12,6.15,8.55,251.0,246.0,0.5530695915222168,3.6,5.75,214.0,287.0,0.7188096046447754,ok,ok,ok,0.0,False,never touched,False,0.49630000000000013,0.26750000000000007,False,False,99.26000000000002,0.0,-99.26000000000002,-40.78380952380955,0.49630000000000013,0.26750000000000007,False,False,49.63000000000001,0.0,-49.63000000000001,8.846190476190458,0.4513000000000001,0.3125000000000001,False,False,90.26000000000002,0.0,-90.26000000000002,-31.783809523809552,0.7251,0.26750000000000007,False,False,145.01999999999998,0.0,-145.01999999999998,-86.54380952380951,0.7251,0.26750000000000007,False,False,72.50999999999999,0.0,-72.50999999999999,-14.033809523809524,0.5901000000000001,0.3125000000000001,False,False,118.02000000000001,0.0,-118.02000000000001,-59.54380952380954,40.0,47.0
694379,86621,IS,MSFT,Will Microsoft (MSFT) hit $485 before 2026??,1,485.0,False,2025-11-21,2025-11-24,2026-01-02,2.0,call,480.0,490.0,10.0,O:MSFT260102C00480000,O:MSFT260102C00490000,2.0,0.8639674797985012,0.8,1.0,110.0,100.0,-19.999999999999996,-19.999999999999996,19.999999999999996,12.6,14.8,8.1,10.7,472.94,472.12,11.95,15.0,158.0,205.0,0.7203776836395264,8.1,10.35,249.0,258.0,0.5375876426696777,ok,ok,ok,0.0,False,touched and came back,False,0.6913,0.425,False,False,138.26,0.0,-138.26,-158.26,0.6913,0.425,False,False,69.13,0.0,-69.13,-89.13,0.6713000000000001,0.43000000000000005,False,False,134.26000000000002,0.0,-134.26000000000002,-154.26000000000002,0.9575999999999999,0.425,False,False,191.51999999999998,0.0,-191.51999999999998,-211.51999999999998,0.9575999999999999,0.425,False,False,95.75999999999999,0.0,-95.75999999999999,-115.75999999999999,0.9126000000000002,0.43000000000000005,False,False,182.52000000000004,0.0,-182.52000000000004,-202.52000000000004,29.0,22.0
694386,86621,IS,MSFT,Will Microsoft (MSFT) hit $335 before 2026??,-1,335.0,False,2025-11-21,2025-11-24,2026-01-02,2.0,put,330.0,340.0,10.0,O:MSFT260102P00340000,O:MSFT260102P00330000,0.0,0.0060276800916174,0.046,0.0,21.0,21.0,4.6,4.6,95.39999999999999,0.01,2.28,0.01,2.34,472.94,472.12,0.0,2.27,0.0,61.0,1.9670655727386475,0.0,1.97,0.0,31.0,4.061005592346191,ok,ok,ok,0.0,False,never touched,False,0.1983,-0.015000000000000003,False,False,39.660000000000004,0.0,-39.660000000000004,-35.06,0.1983,-0.015000000000000003,False,False,19.830000000000002,0.0,-19.830000000000002,-15.230000000000002,0.2343,0.0030000000000000027,False,False,46.86,0.0,-46.86,-42.26,0.2981,-0.015000000000000003,False,False,59.62,0.0,-59.62,-55.019999999999996,0.2981,-0.015000000000000003,False,False,29.81,0.0,-29.81,-25.21,0.35309999999999997,0.0030000000000000027,False,False,70.61999999999999,0.0,-70.61999999999999,-66.02,0.0,0.0
694387,86622,IS,NVDA,Will NVIDIA (NVDA) hit $260 before 2026??,1,260.0,False,2025-11-21,2025-11-24,2026-01-02,2.0,call,255.0,265.0,10.0,O:NVDA260102C00255000,O:NVDA260102C00265000,0.0,0.0140645868804407,0.0069945559808326,0.0,30156.02,100.0,0.6994555980832683,0.6994555980832683,99.30054440191674,0.22,0.25,0.15,0.18,188.85,178.88,0.17,0.2,199.0,124.0,0.1665041446685791,0.12,0.14,396.0,145.0,0.06114840507507324,ok,ok,ok,0.0,False,never touched,False,0.009300000000000003,0.0055,False,False,1.8600000000000005,0.0,-1.8600000000000005,-1.1605444019167321,0.009300000000000003,0.0055,False,False,0.9300000000000003,0.0,-0.9300000000000003,-0.23054440191673198,0.011300000000000001,0.007000000000000001,False,False,2.2600000000000002,0.0,-2.2600000000000002,-1.560544401916732,0.013100000000000004,0.0055,False,False,2.620000000000001,0.0,-2.620000000000001,-1.9205444019167328,0.013100000000000004,0.0055,False,False,1.3100000000000005,0.0,-1.3100000000000005,-0.6105444019167322,0.015600000000000001,0.007000000000000001,False,False,3.12,0.0,-3.12,-2.420544401916732,45.0,19.0
694388,86622,IS,NVDA,Will NVIDIA (NVDA) hit $245 before 2026??,1,245.0,False,2025-11-21,2025-11-24,2026-01-02,2.0,call,240.0,250.0,10.0,O:NVDA260102C00240000,O:NVDA260102C00250000,0.0,0.032147627155293,0.02,0.0,3.0612,3.0612,2.0000000000000018,2.0000000000000018,98.0,0.42,0.46,0.26,0.3,188.85,178.88,0.33,0.36,200.0,168.0,0.1476430892944336,0.21,0.24,320.0,295.0,0.1272752285003662,ok,ok,ok,0.0,False,never touched,False,0.0163,0.012,False,False,3.26,0.0,-3.26,-1.259999999999998,0.0163,0.012,False,False,1.63,0.0,-1.63,0.3700000000000019,0.0213,0.015999999999999997,False,False,4.26,0.0,-4.26,-2.259999999999998,0.0206,0.012,False,False,4.12,0.0,-4.12,-2.1199999999999983,0.0206,0.012,False,False,2.06,0.0,-2.06,-0.05999999999999828,0.0266,0.015999999999999997,False,False,5.319999999999999,0.0,-5.319999999999999,-3.3199999999999976,356.0,1440.0
694389,86622,IS,NVDA,Will NVIDIA (NVDA) hit $230 before 2026??,1,230.0,False,2025-11-21,2025-11-24,2026-01-02,2.0,call,225.0,235.0,10.0,O:NVDA260102C00225000,O:NVDA260102C00235000,0.0,0.0793644545396297,0.0699999999999999,0.0,300.0,100.0,6.9999999999999964,6.9999999999999964,93.00000000000001,0.92,0.98,0.53,0.58,188.85,178.88,0.74,0.78,98.0,68.0,0.24144744873046875,0.43,0.46,44.0,69.0,0.009330034255981445,ok,ok,ok,0.0,False,never touched,False,0.036300000000000006,0.0315,False,False,7.260000000000002,0.0,-7.260000000000002,-0.2600000000000051,0.036300000000000006,0.0315,False,False,3.630000000000001,0.0,-3.630000000000001,3.3699999999999957,0.0463,0.0395,False,False,9.26,0.0,-9.26,-2.2600000000000033,0.041100000000000005,0.0315,False,False,8.22,0.0,-8.22,-1.2200000000000042,0.041100000000000005,0.0315,False,False,4.11,0.0,-4.11,2.889999999999996,0.05309999999999999,0.0395,False,False,10.619999999999997,0.0,-10.619999999999997,-3.620000000000001,543.0,31.0
694390,86622,IS,NVDA,Will NVIDIA (NVDA) hit $215 before 2026??,1,215.0,False,2025-11-21,2025-11-24,2026-01-02,2.0,call,210.0,220.0,10.0,O:NVDA260102C00210000,O:NVDA260102C00220000,1.0,0.206950349812199,0.2099999999999999,0.0,110.0,100.0,20.999999999999993,20.999999999999993,79.0,2.24,2.35,1.23,1.3,188.85,178.88,1.89,1.94,27.0,19.0,0.24096965789794922,1.0,1.03,92.0,23.0,1.987088918685913,ok,ok,ok,0.0,False,never touched,False,0.0953,0.09,False,False,19.06,0.0,-19.06,1.9399999999999942,0.0953,0.09,False,False,9.53,0.0,-9.53,11.469999999999994,0.11330000000000001,0.10299999999999998,False,False,22.660000000000004,0.0,-22.660000000000004,-1.6600000000000108,0.1006,0.09,False,False,20.119999999999997,0.0,-20.119999999999997,0.8799999999999955,0.1006,0.09,False,False,10.059999999999999,0.0,-10.059999999999999,10.939999999999994,0.12360000000000004,0.10299999999999998,False,False,24.72000000000001,0.0,-24.72000000000001,-3.7200000000000166,1225.0,1233.0
694391,86622,IS,NVDA,Will NVIDIA (NVDA) hit $200 before 2026??,1,200.0,False,2025-11-21,2025-11-24,2026-01-02,2.0,call,195.0,205.0,10.0,O:NVDA260102C00195000,O:NVDA260102C00205000,2.0,0.4872374740724104,0.47,0.0,150.0,100.0,47.0,47.0,53.0,5.4,5.6,3.0,3.15,188.85,178.88,4.9,5.0,10.0,54.0,0.23621368408203125,2.62,2.67,47.0,51.0,0.7126486301422119,ok,ok,ok,0.0,False,never touched,False,0.23929999999999998,0.2305,False,False,47.86,0.0,-47.86,-0.8599999999999994,0.23929999999999998,0.2305,False,False,23.93,0.0,-23.93,23.07,0.2613,0.2425,False,False,52.26,0.0,-52.26,-5.259999999999998,0.24809999999999996,0.2305,False,False,49.61999999999999,0.0,-49.61999999999999,-2.6199999999999903,0.24809999999999996,0.2305,False,False,24.809999999999995,0.0,-24.809999999999995,22.190000000000005,0.28009999999999996,0.2425,False,False,56.01999999999999,0.0,-56.01999999999999,-9.019999999999989,2362.0,1459.0
694392,86622,IS,NVDA,Will NVIDIA (NVDA) hit $190 before 2026??,1,190.0,False,2025-11-21,2025-11-24,2026-01-02,2.0,call,185.0,195.0,10.0,O:NVDA260102C00185000,O:NVDA260102C00195000,2.0,0.7534600114521812,0.7200000064426131,1.0,168.035711,100.0,-27.99999935573869,-27.99999935573869,27.99999935573869,9.1,9.4,5.4,5.6,188.85,178.88,8.6,8.7,25.0,1.0,0.1605849266052246,4.9,5.0,10.0,54.0,0.23621368408203125,ok,ok,ok,0.38499999999999945,False,touched and came back,False,0.3812999999999999,0.36999999999999983,False,False,76.25999999999998,76.99999999999989,0.7399999999999074,-27.259999355738785,0.3812999999999999,0.36999999999999983,False,False,38.12999999999999,38.49999999999994,0.3699999999999537,-27.629999355738736,0.40130000000000005,0.375,False,False,80.26,76.99999999999989,-3.2600000000001184,-31.25999935573881,0.39259999999999995,0.36999999999999983,False,False,78.52,76.99999999999989,-1.520000000000099,-29.51999935573879,0.39259999999999995,0.36999999999999983,False,False,39.26,38.49999999999994,-0.7600000000000495,-28.759999355738742,0.4276,0.375,False,False,85.52,76.99999999999989,-8.520000000000106,-36.5199993557388,2786.0,2362.0
694393,86622,IS,NVDA,Will NVIDIA (NVDA) hit $185 before 2026??,1,185.0,False,2025-11-21,2025-11-24,2026-01-02,2.0,call,180.0,190.0,10.0,O:NVDA260102C00180000,O:NVDA260102C00190000,2.0,0.9041520137426176,0.86,1.0,150.0,100.0,-14.000000000000002,-14.000000000000002,14.000000000000002,11.5,11.85,7.05,7.3,188.85,178.88,11.05,11.2,26.0,65.0,0.8738117218017578,6.55,6.65,45.0,69.0,0.8695924282073975,ok,ok,ok,0.8849999999999995,True,touched and finished beyond,False,0.4663,0.4525,False,False,93.26,176.9999999999999,83.7399999999999,69.7399999999999,0.4663,0.4525,False,False,46.63,88.49999999999994,41.86999999999995,27.869999999999948,0.4813,0.45000000000000007,False,False,96.26,176.9999999999999,80.7399999999999,66.7399999999999,0.48009999999999986,0.4525,False,False,96.01999999999997,176.9999999999999,80.97999999999992,66.97999999999992,0.48009999999999986,0.4525,False,False,48.009999999999984,88.49999999999994,40.48999999999996,26.48999999999996,0.5126,0.45000000000000007,False,False,102.51999999999998,176.9999999999999,74.4799999999999,60.479999999999905,1654.0,1826.0
694397,86622,IS,NVDA,Will NVIDIA (NVDA) hit $165 before 2026??,-1,165.0,False,2025-11-21,2025-11-24,2026-01-02,2.0,put,160.0,170.0,10.0,O:NVDA260102P00170000,O:NVDA260102P00160000,2.0,0.5726296087036576,0.49,0.0,220.0,100.0,49.0,49.0,51.0,4.55,4.7,7.4,7.55,188.85,178.88,3.8,3.9,95.0,192.0,0.006175518035888672,6.4,6.5,48.0,34.0,0.5975658893585205,ok,ok,ok,0.0,False,never touched,False,0.27130000000000004,0.26000000000000006,False,False,54.260000000000005,0.0,-54.260000000000005,-5.260000000000005,0.27130000000000004,0.26000000000000006,False,False,27.130000000000003,0.0,-27.130000000000003,21.869999999999997,0.3013,0.285,False,False,60.260000000000005,0.0,-60.260000000000005,-11.260000000000005,0.28259999999999996,0.26000000000000006,False,False,56.519999999999996,0.0,-56.519999999999996,-7.519999999999996,0.28259999999999996,0.26000000000000006,False,False,28.259999999999998,0.0,-28.259999999999998,20.740000000000002,0.31760000000000005,0.285,False,False,63.52000000000001,0.0,-63.52000000000001,-14.52000000000001,430.0,647.0
694398,86622,IS,NVDA,Will NVIDIA (NVDA) hit $160 before 2026??,-1,160.0,False,2025-11-21,2025-11-24,2026-01-02,2.0,put,155.0,165.0,10.0,O:NVDA260102P00165000,O:NVDA260102P00155000,2.0,0.4621221403573377,0.420000002,0.0,51.206895,51.206895,42.000000199999995,42.000000199999995,57.999999800000005,3.55,3.7,5.85,6.0,188.85,178.88,2.92,2.97,8.0,51.0,0.513871431350708,4.95,5.05,72.0,118.0,2.008565902709961,ok,ok,ok,0.0,False,never touched,False,0.2143,0.20549999999999996,False,False,42.86,0.0,-42.86,-0.8599998000000042,0.2143,0.20549999999999996,False,False,21.43,0.0,-21.43,20.570000199999996,0.24630000000000002,0.22999999999999998,False,False,49.260000000000005,0.0,-49.260000000000005,-7.25999980000001,0.2231,0.20549999999999996,False,False,44.62,0.0,-44.62,-2.619999800000002,0.2231,0.20549999999999996,False,False,22.31,0.0,-22.31,19.690000199999997,0.26260000000000006,0.22999999999999998,False,False,52.52000000000001,0.0,-52.52000000000001,-10.519999800000015,593.0,475.0
694399,86622,IS,NVDA,Will NVIDIA (NVDA) hit $145 before 2026??,-1,145.0,False,2025-11-21,2025-11-24,2026-01-02,2.0,put,140.0,150.0,10.0,O:NVDA260102P00150000,O:NVDA260102P00140000,0.0,0.2230241633898455,0.1814597764096237,0.0,743.47,100.0,18.145977640962375,18.145977640962375,81.85402235903763,1.67,1.73,2.76,2.86,188.85,178.88,1.31,1.34,26.0,89.0,1.557710886001587,2.23,2.27,14.0,71.0,0.22346830368041992,ok,ok,ok,0.0,False,never touched,False,0.0973,0.09249999999999999,False,False,19.46,0.0,-19.46,-1.3140223590376259,0.0973,0.09249999999999999,False,False,9.73,0.0,-9.73,8.415977640962375,0.12029999999999999,0.11099999999999996,False,False,24.06,0.0,-24.06,-5.914022359037624,0.10210000000000001,0.09249999999999999,False,False,20.42,0.0,-20.42,-2.2740223590376267,0.10210000000000001,0.09249999999999999,False,False,10.21,0.0,-10.21,7.935977640962374,0.12960000000000002,0.11099999999999996,False,False,25.920000000000005,0.0,-25.920000000000005,-7.77402235903763,513.0,289.0
694415,86624,IS,TSLA,Will Tesla (TSLA) hit $505 before 2026??,1,505.0,False,2025-11-21,2025-11-24,2026-01-02,2.0,call,500.0,510.0,10.0,O:TSLA260102C00500000,O:TSLA260102C00510000,2.0,0.1346181887127897,0.13,0.0,20.0,20.0,13.0,13.0,87.0,3.6,3.8,2.91,3.15,438.07,391.09,5.35,5.6,79.0,46.0,0.5442039966583252,4.4,4.65,64.0,48.0,0.2835972309112549,ok,ok,ok,0.0,False,never touched,False,0.12129999999999992,0.09499999999999993,False,False,24.259999999999984,0.0,-24.259999999999984,-11.259999999999984,0.12129999999999992,0.09499999999999993,False,False,12.129999999999992,0.0,-12.129999999999992,0.8700000000000081,0.09029999999999996,0.06699999999999999,False,False,18.05999999999999,0.0,-18.05999999999999,-5.059999999999992,0.14759999999999993,0.09499999999999993,False,False,29.519999999999985,0.0,-29.519999999999985,-16.519999999999985,0.14759999999999993,0.09499999999999993,False,False,14.759999999999993,0.0,-14.759999999999993,-1.7599999999999927,0.11359999999999995,0.06699999999999999,False,False,22.71999999999999,0.0,-22.71999999999999,-9.719999999999992,699.0,90.0
694419,86624,IS,TSLA,Will Tesla (TSLA) hit $420 before 2026??,1,420.0,True,2025-11-21,2025-11-24,2026-01-02,2.0,call,415.0,425.0,10.0,O:TSLA260102C00415000,O:TSLA260102C00425000,2.0,0.678114010306963,0.7634886593307881,1.0,445.3,100.0,-23.651134066921188,-23.651134066921188,23.651134066921188,19.1,19.85,15.75,16.45,438.07,391.09,26.85,27.3,18.0,22.0,0.513014554977417,22.55,22.95,28.0,28.0,0.4402799606323242,ok,ok,ok,1.0,True,touched and finished beyond,False,0.4763,0.4325000000000003,False,False,95.26,200.0,104.74000000000001,81.08886593307882,0.4763,0.4325000000000003,False,False,47.63,100.0,52.370000000000005,28.718865933078817,0.41130000000000017,0.3375,False,False,82.26000000000003,200.0,117.73999999999995,94.08886593307876,0.5200999999999998,0.4325000000000003,False,False,104.01999999999995,200.0,95.98000000000005,72.32886593307886,0.5200999999999998,0.4325000000000003,False,False,52.00999999999998,100.0,47.99000000000002,24.338865933078836,0.4851000000000001,0.3375,False,False,97.02000000000001,200.0,102.97999999999999,79.3288659330788,95.0,117.0
694425,86624,IS,TSLA,Will Tesla (TSLA) hit $360 before 2026??,-1,360.0,False,2025-11-21,2025-11-24,2026-01-02,2.0,put,355.0,365.0,10.0,O:TSLA260102P00365000,O:TSLA260102P00355000,2.0,0.6077910759047599,0.59,0.0,100.0,100.0,59.0,59.0,41.0,12.6,13.2,15.6,16.25,438.07,391.09,8.9,9.2,26.0,47.0,0.39788341522216797,11.1,11.4,73.0,14.0,0.32405829429626465,ok,ok,ok,0.0,False,never touched,False,0.2513,0.21999999999999992,False,False,50.260000000000005,0.0,-50.260000000000005,8.739999999999995,0.2513,0.21999999999999992,False,False,25.130000000000003,0.0,-25.130000000000003,33.87,0.36630000000000007,0.3025000000000002,False,False,73.26000000000002,0.0,-73.26000000000002,-14.26000000000002,0.2826000000000001,0.21999999999999992,False,False,56.52000000000002,0.0,-56.52000000000002,2.4799999999999827,0.2826000000000001,0.21999999999999992,False,False,28.26000000000001,0.0,-28.26000000000001,30.73999999999999,0.43009999999999987,0.3025000000000002,False,False,86.01999999999997,0.0,-86.01999999999997,-27.019999999999968,148.0,67.0
694426,86624,IS,TSLA,Will Tesla (TSLA) hit $350 before 2026??,-1,350.0,False,2025-11-21,2025-11-24,2026-01-02,2.0,put,345.0,355.0,10.0,O:TSLA260102P00355000,O:TSLA260102P00345000,2.0,0.4972836075584391,0.48,0.0,500.0,100.0,48.0,48.0,52.0,10.15,10.7,12.6,13.2,438.07,391.09,7.1,7.4,107.0,74.0,0.10868120193481445,8.9,9.2,26.0,47.0,0.39788341522216797,ok,ok,ok,0.0,False,never touched,False,0.21129999999999996,0.18000000000000008,False,False,42.25999999999999,0.0,-42.25999999999999,5.740000000000009,0.21129999999999996,0.18000000000000008,False,False,21.129999999999995,0.0,-21.129999999999995,26.870000000000005,0.3062999999999999,0.24749999999999978,False,False,61.259999999999984,0.0,-61.259999999999984,-13.259999999999984,0.24259999999999984,0.18000000000000008,False,False,48.51999999999997,0.0,-48.51999999999997,-0.5199999999999676,0.24259999999999984,0.18000000000000008,False,False,24.259999999999984,0.0,-24.259999999999984,23.740000000000016,0.3651,0.24749999999999978,False,False,73.02,0.0,-73.02,-25.019999999999996,67.0,38.0
694427,86624,IS,TSLA,Will Tesla (TSLA) hit $315 before 2026??,-1,315.0,False,2025-11-21,2025-11-24,2026-01-02,2.0,put,310.0,320.0,10.0,O:TSLA260102P00320000,O:TSLA260102P00310000,0.0,0.2461302704077124,0.1725126501116161,0.0,961.62195,100.0,17.251265011161614,17.251265011161614,82.7487349888384,4.65,4.95,5.8,6.25,438.07,391.09,3.3,3.55,118.0,106.0,0.3922755718231201,4.15,4.35,17.0,38.0,0.6932265758514404,ok,ok,ok,0.0,False,never touched,False,0.10629999999999998,0.08250000000000002,False,False,21.259999999999994,0.0,-21.259999999999994,-4.0087349888383805,0.10629999999999998,0.08250000000000002,False,False,10.629999999999997,0.0,-10.629999999999997,6.621265011161617,0.16129999999999997,0.12249999999999997,False,False,32.25999999999999,0.0,-32.25999999999999,-15.008734988838377,0.13009999999999994,0.08250000000000002,False,False,26.01999999999999,0.0,-26.01999999999999,-8.768734988838375,0.13009999999999994,0.08250000000000002,False,False,13.009999999999994,0.0,-13.009999999999994,4.2412650111616195,0.20009999999999994,0.12249999999999997,False,False,40.01999999999999,0.0,-40.01999999999999,-22.768734988838375,69.0,12.0
702411,89780,IS,NVDA,Will NVIDIA reach $264 in December?,1,264.0,False,2025-11-28,2025-12-01,2026-01-02,2.0,call,260.0,265.0,5.0,O:NVDA260102C00260000,O:NVDA260102C00265000,0.0,0.0080307438546321,0.035,0.0,19.7,19.7,3.5000000000000018,3.5000000000000018,96.5,0.08,0.1,0.06,0.08,188.85,177.0,0.07,0.09,148.0,95.0,14.784430503845215,0.06,0.08,244.0,104.0,1.749720811843872,ok,ok,ok,0.0,False,never touched,False,0.0086,0.001999999999999999,False,False,1.72,0.0,-1.72,1.7800000000000018,0.0086,0.001999999999999999,False,False,0.86,0.0,-0.86,2.640000000000002,0.010600000000000002,0.003999999999999998,False,False,2.1200000000000006,0.0,-2.1200000000000006,1.3800000000000012,0.015199999999999998,0.001999999999999999,False,False,3.0399999999999996,0.0,-3.0399999999999996,0.4600000000000022,0.015199999999999998,0.001999999999999999,False,False,1.5199999999999998,0.0,-1.5199999999999998,1.980000000000002,0.017200000000000003,0.003999999999999998,False,False,3.440000000000001,0.0,-3.440000000000001,0.06000000000000094,5.0,7.0
702416,89780,IS,NVDA,Will NVIDIA reach $192 in December?,1,192.0,False,2025-11-28,2025-12-01,2026-01-02,2.0,call,190.0,195.0,5.0,O:NVDA260102C00190000,O:NVDA260102C00195000,1.0,0.4637754576050046,0.3853690077283315,1.0,13.444488,13.444488,-61.46309922716685,-61.46309922716685,61.46309922716685,3.75,3.85,2.62,2.67,188.85,177.0,3.55,3.6,5.0,267.0,0.7712781429290771,2.46,2.5,43.0,122.0,0.4361546039581299,ok,ok,ok,0.0,False,touched and came back,False,0.23060000000000003,0.21900000000000003,False,False,46.120000000000005,0.0,-46.120000000000005,-107.58309922716685,0.23060000000000003,0.21900000000000003,False,False,23.060000000000002,0.0,-23.060000000000002,-84.52309922716685,0.2486,0.23099999999999996,False,False,49.72,0.0,-49.72,-111.18309922716685,0.24220000000000003,0.21900000000000003,False,False,48.440000000000005,0.0,-48.440000000000005,-109.90309922716685,0.24220000000000003,0.21900000000000003,False,False,24.220000000000002,0.0,-24.220000000000002,-85.68309922716685,0.2662,0.23099999999999996,False,False,53.239999999999995,0.0,-53.239999999999995,-114.70309922716685,2018.0,1661.0
702423,89780,IS,NVDA,Will NVIDIA dip to $120 in December?,-1,120.0,True,2025-11-28,2025-12-01,2026-01-02,2.0,put,115.0,125.0,10.0,O:NVDA260102P00125000,O:NVDA260102P00115000,0.0,0.0210807026184093,0.0776796047511082,0.0,26.5959,26.5959,7.767960475110821,7.767960475110821,92.23203952488917,0.14,0.17,0.25,0.27,188.85,177.0,0.16,0.17,47.0,240.0,137.52574157714844,0.25,0.27,185.0,218.0,11.50244951248169,ok,ok,ok,0.0,False,never touched,False,0.012300000000000002,0.0095,False,False,2.4600000000000004,0.0,-2.4600000000000004,5.307960475110821,0.012300000000000002,0.0095,False,False,1.2300000000000002,0.0,-1.2300000000000002,6.537960475110821,0.0143,0.010499999999999999,False,False,2.86,0.0,-2.86,4.907960475110821,0.015100000000000002,0.0095,False,False,3.0200000000000005,0.0,-3.0200000000000005,4.747960475110821,0.015100000000000002,0.0095,False,False,1.5100000000000002,0.0,-1.5100000000000002,6.257960475110821,0.018100000000000005,0.010499999999999999,False,False,3.620000000000001,0.0,-3.620000000000001,4.14796047511082,24.0,85.0
1015964,122429,IS,AMZN,Will Amazon reach $320 in January?,1,320.0,False,2025-12-26,2025-12-29,2026-01-30,0.0,call,310.0,325.0,15.0,O:AMZN260130C00310000,O:AMZN260130C00325000,1.0,0.0006692286545526,0.05,0.0,20.0,20.0,5.000000000000004,5.000000000000004,95.0,0.0,0.15,0.0,0.14,239.3,232.52,0.0,0.16,0.0,146.0,56.07597064971924,0.0,0.15,0.0,68.0,56.066649198532104,ok,ok,ok,0.0,False,never touched,False,0.011533333333333333,0.00033333333333333365,False,False,2.3066666666666666,0.0,-2.3066666666666666,2.693333333333338,0.011533333333333333,0.00033333333333333365,False,False,1.1533333333333333,0.0,-1.1533333333333333,3.846666666666671,0.010866666666666667,0.0003333333333333327,False,False,2.1733333333333333,0.0,-2.1733333333333333,2.826666666666671,0.017733333333333334,0.00033333333333333365,False,False,3.546666666666667,0.0,-3.546666666666667,1.4533333333333376,0.017733333333333334,0.00033333333333333365,False,False,1.7733333333333334,0.0,-1.7733333333333334,3.226666666666671,0.016733333333333333,0.0003333333333333327,False,False,3.3466666666666667,0.0,-3.3466666666666667,1.6533333333333378,0.0,0.0
1016059,122442,IS,NFLX,Will Netflix reach $175 in January?,1,175.0,False,2025-12-26,2025-12-29,2026-01-30,0.0,call,165.0,180.0,15.0,O:NFLX260130C00165000,O:NFLX260130C00180000,1.0,0.0,0.024478033051189,0.0,74.43,74.43,2.4478033051189056,2.4478033051189056,97.5521966948811,0.0,0.95,0.0,0.95,83.49,94.47,0.0,0.95,0.0,3.0,298.8800754547119,0.0,0.75,0.0,1.0,298.87978982925415,ok,ok,ok,0.0,False,never touched,False,0.0642,0.006666666666666665,False,False,12.839999999999998,0.0,-12.839999999999998,-10.392196694881093,0.0642,0.006666666666666665,False,False,6.419999999999999,0.0,-6.419999999999999,-3.9721966948810934,0.0642,0.0,False,False,12.839999999999998,0.0,-12.839999999999998,-10.392196694881093,0.09673333333333332,0.006666666666666665,False,False,19.346666666666664,0.0,-19.346666666666664,-16.898863361547757,0.09673333333333332,0.006666666666666665,False,False,9.673333333333332,0.0,-9.673333333333332,-7.225530028214426,0.09673333333333332,0.0,False,False,19.346666666666664,0.0,-19.346666666666664,-16.898863361547757,0.0,0.0
1016060,122442,IS,NFLX,Will Netflix reach $140 in January?,1,140.0,True,2025-12-26,2025-12-29,2026-01-30,0.0,call,135.0,150.0,15.0,O:NFLX260130C00135000,O:NFLX260130C00150000,1.0,0.0,0.06,0.0,20.0,20.0,6.000000000000005,6.000000000000005,94.0,0.0,0.95,0.0,0.95,83.49,94.47,0.0,0.95,0.0,5.0,298.8794889450073,0.0,0.95,0.0,4.0,298.878586769104,ok,ok,ok,0.0,False,never touched,False,0.0642,0.0,False,False,12.839999999999998,0.0,-12.839999999999998,-6.839999999999993,0.0642,0.0,False,False,6.419999999999999,0.0,-6.419999999999999,-0.4199999999999937,0.0642,0.0,False,False,12.839999999999998,0.0,-12.839999999999998,-6.839999999999993,0.09673333333333332,0.0,False,False,19.346666666666664,0.0,-19.346666666666664,-13.346666666666659,0.09673333333333332,0.0,False,False,9.673333333333332,0.0,-9.673333333333332,-3.6733333333333267,0.09673333333333332,0.0,False,False,19.346666666666664,0.0,-19.346666666666664,-13.346666666666659,0.0,0.0
1016054,122441,IS,NVDA,Will NVIDIA dip to $108 in January?,-1,108.0,False,2025-12-26,2025-12-29,2026-01-30,0.0,put,105.0,110.0,5.0,O:NVDA260130P00110000,O:NVDA260130P00105000,0.0,0.004015371927316,0.04,0.0,20.0,20.0,4.0000000000000036,4.0000000000000036,96.0,0.07,0.1,0.08,0.11,191.13,190.53,0.08,0.1,56.0,76.0,0.9919347763061523,0.09,0.11,28.0,33.0,5.748311996459961,ok,ok,ok,0.0,False,never touched,False,0.0086,0.0020000000000000018,False,False,1.72,0.0,-1.72,2.280000000000004,0.0086,0.0020000000000000018,False,False,0.86,0.0,-0.86,3.1400000000000037,0.010599999999999998,0.001999999999999999,False,False,2.1199999999999997,0.0,-2.1199999999999997,1.880000000000004,0.015199999999999998,0.0020000000000000018,False,False,3.0399999999999996,0.0,-3.0399999999999996,0.960000000000004,0.015199999999999998,0.0020000000000000018,False,False,1.5199999999999998,0.0,-1.5199999999999998,2.480000000000004,0.0192,0.001999999999999999,False,False,3.84,0.0,-3.84,0.1600000000000037,12.0,1.0
1016025,122439,IS,TSLA,Will Tesla reach $608 in January?,1,608.0,False,2025-12-26,2025-12-29,2026-01-30,0.0,call,605.0,610.0,5.0,O:TSLA260130C00605000,O:TSLA260130C00610000,0.0,0.1104227280011913,0.06,0.0,27.73,27.73,6.000000000000005,6.000000000000005,94.0,3.7,3.9,3.45,3.6,430.41,475.19,2.79,2.86,4.0,3.0,0.36832213401794434,2.61,2.68,53.0,2.0,0.6428804397583008,ok,ok,ok,0.0,False,never touched,False,0.0526,0.03600000000000003,False,False,10.52,0.0,-10.52,-4.519999999999994,0.0526,0.03600000000000003,False,False,5.26,0.0,-5.26,0.7400000000000055,0.09259999999999995,0.054999999999999896,False,False,18.51999999999999,0.0,-18.51999999999999,-12.519999999999984,0.06919999999999997,0.03600000000000003,False,False,13.839999999999995,0.0,-13.839999999999995,-7.839999999999989,0.06919999999999997,0.03600000000000003,False,False,6.919999999999997,0.0,-6.919999999999997,-0.9199999999999919,0.1302,0.054999999999999896,False,False,26.040000000000003,0.0,-26.040000000000003,-20.04,23.0,66.0
1016027,122439,IS,TSLA,Will Tesla reach $548 in January?,1,548.0,False,2025-12-26,2025-12-29,2026-01-30,0.0,call,545.0,550.0,5.0,O:TSLA260130C00545000,O:TSLA260130C00550000,0.0,0.3011528945487043,0.2302857142857142,0.0,175.0,100.0,23.028571428571425,23.028571428571425,76.97142857142858,9.55,9.75,8.8,9.0,430.41,475.19,7.05,7.2,27.0,5.0,0.0805668830871582,6.5,6.65,12.0,27.0,0.3923943042755127,ok,ok,ok,0.0,False,never touched,False,0.14260000000000003,0.10999999999999996,False,False,28.520000000000007,0.0,-28.520000000000007,-5.491428571428582,0.14260000000000003,0.10999999999999996,False,False,14.260000000000003,0.0,-14.260000000000003,8.768571428571422,0.19259999999999985,0.15,False,False,38.51999999999997,0.0,-38.51999999999997,-15.491428571428543,0.1752000000000001,0.10999999999999996,False,False,35.04000000000002,0.0,-35.04000000000002,-12.011428571428596,0.1752000000000001,0.10999999999999996,False,False,17.52000000000001,0.0,-17.52000000000001,5.508571428571415,0.23519999999999971,0.15,False,False,47.03999999999994,0.0,-47.03999999999994,-24.011428571428517,97.0,730.0
1016031,122439,IS,TSLA,Will Tesla dip to $480 in January?,-1,480.0,False,2025-12-26,2025-12-29,2026-01-30,0.0,put,475.0,485.0,10.0,O:TSLA260130P00485000,O:TSLA260130P00475000,2.0,1.0,0.9400000110399996,1.0,83.333332,83.333332,-5.9999988960000366,-5.9999988960000366,5.9999988960000366,27.4,27.75,32.85,33.25,430.41,475.19,33.15,33.4,4.0,13.0,0.625565767288208,39.35,39.75,16.0,18.0,0.08613753318786621,ok,ok,ok,1.0,True,touched and finished beyond,False,0.6613000000000001,0.6274999999999998,False,False,132.26000000000002,200.0,67.73999999999998,61.740001103999944,0.6613000000000001,0.6274999999999998,False,False,66.13000000000001,100.0,33.86999999999999,27.870001103999954,0.5863000000000002,0.5474999999999998,False,False,117.26000000000003,200.0,82.73999999999997,76.74000110399993,0.6951000000000005,0.6274999999999998,False,False,139.0200000000001,200.0,60.979999999999905,54.98000110399987,0.6951000000000005,0.6274999999999998,False,False,69.51000000000005,100.0,30.489999999999952,24.490001103999916,0.6251000000000005,0.5474999999999998,False,False,125.02000000000011,200.0,74.97999999999989,68.98000110399985,74.0,119.0
1262702,186921,IS,AAPL,Will Apple reach $284 in February?,1,284.0,False,2026-01-30,2026-02-02,2026-02-27,0.0,call,280.0,285.0,5.0,O:AAPL260227C00280000,O:AAPL260227C00285000,1.0,0.1805531770430636,0.1476648352,0.0,91.0,91.0,14.76648352,14.76648352,85.23351647999999,1.04,1.14,0.6,0.68,264.18,259.48,1.39,1.46,182.0,41.0,1.008587121963501,0.8,0.86,371.0,157.0,0.021121978759765625,ok,ok,ok,0.0,False,never touched,False,0.13459999999999997,0.11899999999999995,False,False,26.919999999999995,0.0,-26.919999999999995,-12.153516479999995,0.13459999999999997,0.11899999999999995,False,False,13.459999999999997,0.0,-13.459999999999997,1.3064835200000022,0.11059999999999999,0.08999999999999997,False,False,22.119999999999997,0.0,-22.119999999999997,-7.353516479999998,0.15020000000000003,0.11899999999999995,False,False,30.040000000000006,0.0,-30.040000000000006,-15.273516480000007,0.15020000000000003,0.11899999999999995,False,False,15.020000000000003,0.0,-15.020000000000003,-0.2535164800000036,0.1312,0.08999999999999997,False,False,26.240000000000002,0.0,-26.240000000000002,-11.473516480000002,1759.0,1036.0
1262703,186921,IS,AAPL,Will Apple reach $272 in February?,1,272.0,False,2026-01-30,2026-02-02,2026-02-27,0.0,call,270.0,275.0,5.0,O:AAPL260227C00270000,O:AAPL260227C00275000,1.0,0.5015366028973994,0.43,1.0,20.0,20.0,-57.00000000000001,-57.00000000000001,57.00000000000001,2.99,3.2,1.77,1.92,264.18,259.48,3.85,4.0,195.0,215.0,0.11092090606689453,2.36,2.45,151.0,25.0,1.8738322257995605,ok,ok,ok,0.0,False,touched and came back,False,0.3306,0.30399999999999994,False,False,66.12,0.0,-66.12,-123.12,0.3306,0.30399999999999994,False,False,33.06,0.0,-33.06,-90.06,0.2886,0.25000000000000006,False,False,57.720000000000006,0.0,-57.720000000000006,-114.72000000000001,0.35720000000000013,0.30399999999999994,False,False,71.44000000000003,0.0,-71.44000000000003,-128.44000000000003,0.35720000000000013,0.30399999999999994,False,False,35.72000000000001,0.0,-35.72000000000001,-92.72000000000003,0.3272,0.25000000000000006,False,False,65.44,0.0,-65.44,-122.44,3497.0,3183.0
1262704,186921,IS,AAPL,Will Apple reach $264 in February?,1,264.0,False,2026-01-30,2026-02-02,2026-02-27,0.0,call,260.0,265.0,5.0,O:AAPL260227C00260000,O:AAPL260227C00265000,1.0,0.9629502775630064,0.75,1.0,12.0,12.0,-25.0,-25.0,25.0,7.05,7.4,4.7,4.95,264.18,259.48,8.65,8.8,47.0,18.0,0.9833223819732666,5.95,6.1,57.0,41.0,0.8441948890686035,ok,ok,ok,0.8360000000000014,True,touched and finished beyond,False,0.5726000000000001,0.5400000000000003,False,False,114.52000000000002,167.20000000000027,52.68000000000026,27.680000000000263,0.5726000000000001,0.5400000000000003,False,False,57.26000000000001,83.60000000000014,26.34000000000013,1.3400000000001313,0.5426000000000001,0.47999999999999987,False,False,108.52000000000001,167.20000000000027,58.68000000000026,33.68000000000026,0.6052,0.5400000000000003,False,False,121.03999999999999,167.20000000000027,46.16000000000029,21.160000000000288,0.6052,0.5400000000000003,False,False,60.519999999999996,83.60000000000014,23.080000000000144,-1.919999999999856,0.6052000000000002,0.47999999999999987,False,False,121.04000000000003,167.20000000000027,46.160000000000245,21.160000000000245,1098.0,1450.0
1262706,186921,IS,AAPL,Will Apple dip to $248 in February?,-1,248.0,True,2026-01-30,2026-02-02,2026-02-27,0.0,put,245.0,250.0,5.0,O:AAPL260227P00250000,O:AAPL260227P00245000,1.0,0.433327624903353,0.5623780952095757,0.0,1641.65,100.0,56.23780952095757,56.23780952095757,43.76219047904243,2.12,2.42,3.2,3.5,264.18,259.48,1.67,1.74,112.0,139.0,0.09649014472961426,2.5,2.57,58.0,28.0,0.15186405181884766,ok,ok,ok,0.0,False,never touched,False,0.18259999999999998,0.166,False,False,36.519999999999996,0.0,-36.519999999999996,19.717809520957573,0.18259999999999998,0.166,False,False,18.259999999999998,0.0,-18.259999999999998,37.97780952095757,0.27859999999999996,0.21600000000000003,False,False,55.71999999999999,0.0,-55.71999999999999,0.5178095209575773,0.19919999999999996,0.166,False,False,39.83999999999999,0.0,-39.83999999999999,16.39780952095758,0.19919999999999996,0.166,False,False,19.919999999999995,0.0,-19.919999999999995,36.317809520957574,0.34119999999999995,0.21600000000000003,False,False,68.24,0.0,-68.24,-12.002190479042426,803.0,899.0
1262708,186921,IS,AAPL,Will Apple dip to $232 in February?,-1,232.0,False,2026-01-30,2026-02-02,2026-02-27,0.0,put,230.0,235.0,5.0,O:AAPL260227P00235000,O:AAPL260227P00230000,1.0,0.1283933703417342,0.140000086,0.0,2.32557,2.32557,14.000008600000005,14.000008600000005,85.9999914,0.76,0.84,1.07,1.17,264.18,259.48,0.57,0.61,341.0,323.0,0.09649014472961426,0.8,0.84,67.0,112.0,2.799875497817993,ok,ok,ok,0.0,False,never touched,False,0.056600000000000004,0.04600000000000002,False,False,11.32,0.0,-11.32,2.6800086000000043,0.056600000000000004,0.04600000000000002,False,False,5.66,0.0,-5.66,8.340008600000004,0.0846,0.06400000000000002,False,False,16.919999999999998,0.0,-16.919999999999998,-2.9199913999999936,0.06719999999999998,0.04600000000000002,False,False,13.439999999999996,0.0,-13.439999999999996,0.5600086000000086,0.06719999999999998,0.04600000000000002,False,False,6.719999999999998,0.0,-6.719999999999998,7.280008600000007,0.10519999999999995,0.06400000000000002,False,False,21.03999999999999,0.0,-21.03999999999999,-7.039991399999984,831.0,130.0
1262763,186936,IS,AMZN,Will Amazon reach $256 in February?,1,256.0,False,2026-01-30,2026-02-02,2026-02-27,0.0,call,255.0,260.0,5.0,O:AMZN260227C00255000,O:AMZN260227C00260000,0.0,0.5015366028973993,0.5481497838335573,0.0,1043.708694,100.0,54.81497838335573,54.81497838335573,45.18502161664427,5.15,5.4,3.95,4.1,210.0,239.3,5.65,5.8,67.0,199.0,0.007014751434326172,4.25,4.4,268.0,167.0,0.06682729721069336,ok,ok,ok,0.0,False,never touched,False,0.31259999999999993,0.2799999999999999,False,False,62.51999999999999,0.0,-62.51999999999999,-7.7050216166442596,0.31259999999999993,0.2799999999999999,False,False,31.259999999999994,0.0,-31.259999999999994,23.554978383355735,0.2926,0.25,False,False,58.52,0.0,-58.52,-3.7050216166442738,0.3452,0.2799999999999999,False,False,69.04,0.0,-69.04,-14.225021616644277,0.3452,0.2799999999999999,False,False,34.52,0.0,-34.52,20.294978383355726,0.33519999999999994,0.25,False,False,67.03999999999999,0.0,-67.03999999999999,-12.225021616644263,693.0,484.0
1262765,186936,IS,AMZN,Will Amazon reach $240 in February?,1,240.0,False,2026-01-30,2026-02-02,2026-02-27,0.0,call,235.0,245.0,10.0,O:AMZN260227C00235000,O:AMZN260227C00245000,0.0,0.9529195455050586,0.9200000000000002,1.0,20.0,20.0,-7.999999999999985,-7.999999999999985,7.999999999999985,13.3,13.7,8.6,8.9,210.0,239.3,14.35,14.5,18.0,27.0,0.7005562782287598,9.3,9.45,81.0,43.0,0.012192010879516602,ok,ok,ok,0.0,False,touched and came back,False,0.5212999999999999,0.5050000000000001,False,False,104.25999999999998,0.0,-104.25999999999998,-112.25999999999996,0.5212999999999999,0.5050000000000001,False,False,52.12999999999999,0.0,-52.12999999999999,-60.129999999999974,0.5113,0.475,False,False,102.25999999999999,0.0,-102.25999999999999,-110.25999999999998,0.5375999999999999,0.5050000000000001,False,False,107.51999999999997,0.0,-107.51999999999997,-115.51999999999995,0.5375999999999999,0.5050000000000001,False,False,53.759999999999984,0.0,-53.759999999999984,-61.75999999999997,0.5476,0.475,False,False,109.52,0.0,-109.52,-117.51999999999998,167.0,568.0
1262767,186936,IS,AMZN,Will Amazon dip to $224 in February?,-1,224.0,False,2026-01-30,2026-02-02,2026-02-27,0.0,put,220.0,225.0,5.0,O:AMZN260227P00225000,O:AMZN260227P00220000,1.0,0.5717517273030348,0.54,1.0,40.0,40.0,-46.0,-46.0,46.0,4.2,4.4,5.6,5.85,210.0,239.3,3.6,3.7,12.0,42.0,1.5117576122283936,4.9,5.0,25.0,122.0,0.27598047256469727,ok,ok,ok,1.0,True,touched and finished beyond,False,0.28259999999999996,0.25999999999999995,False,False,56.519999999999996,200.0,143.48000000000002,97.48000000000002,0.28259999999999996,0.25999999999999995,False,False,28.259999999999998,100.0,71.74000000000001,25.74000000000001,0.3325999999999999,0.2849999999999998,False,False,66.51999999999998,200.0,133.48000000000002,87.48000000000002,0.30519999999999997,0.25999999999999995,False,False,61.03999999999999,200.0,138.96,92.96000000000001,0.30519999999999997,0.25999999999999995,False,False,30.519999999999996,100.0,69.48,23.480000000000004,0.3802,0.2849999999999998,False,False,76.03999999999999,200.0,123.96000000000001,77.96000000000001,186.0,243.0
1262768,186936,IS,AMZN,Will Amazon dip to $216 in February?,-1,216.0,False,2026-01-30,2026-02-02,2026-02-27,0.0,put,215.0,220.0,5.0,O:AMZN260227P00220000,O:AMZN260227P00215000,1.0,0.4413522105497116,0.35,1.0,30.0,30.0,-65.0,-65.0,65.0,3.1,3.3,4.2,4.4,210.0,239.3,2.63,2.7,60.0,10.0,0.6255676746368408,3.6,3.7,12.0,42.0,1.5117576122283936,ok,ok,ok,1.0,True,touched and finished beyond,False,0.21660000000000004,0.19700000000000006,False,False,43.32000000000001,200.0,156.68,91.68,0.21660000000000004,0.19700000000000006,False,False,21.660000000000004,100.0,78.34,13.340000000000003,0.26260000000000006,0.2200000000000001,False,False,52.52000000000001,200.0,147.48,82.47999999999999,0.23620000000000005,0.19700000000000006,False,False,47.24000000000001,200.0,152.76,87.75999999999999,0.23620000000000005,0.19700000000000006,False,False,23.620000000000005,100.0,76.38,11.379999999999995,0.30519999999999997,0.2200000000000001,False,False,61.03999999999999,200.0,138.96,73.96000000000001,243.0,418.0
1262769,186936,IS,AMZN,Will Amazon dip to $204 in February?,-1,204.0,False,2026-01-30,2026-02-02,2026-02-27,0.0,put,200.0,205.0,5.0,O:AMZN260227P00205000,O:AMZN260227P00200000,1.0,0.1785470306314741,0.17375,1.0,64.0,64.0,-82.625,-82.625,82.625,1.24,1.34,1.67,1.8,210.0,239.3,1.04,1.09,10.0,69.0,1.4458153247833252,1.4,1.46,28.0,81.0,0.8234241008758545,ok,ok,ok,0.0,False,touched and came back,False,0.0866,0.073,False,False,17.32,0.0,-17.32,-99.945,0.0866,0.073,False,False,8.66,0.0,-8.66,-91.285,0.11460000000000002,0.08899999999999997,False,False,22.920000000000005,0.0,-22.920000000000005,-105.545,0.10019999999999997,0.073,False,False,20.039999999999996,0.0,-20.039999999999996,-102.66499999999999,0.10019999999999997,0.073,False,False,10.019999999999998,0.0,-10.019999999999998,-92.645,0.14020000000000007,0.08899999999999997,False,False,28.040000000000013,0.0,-28.040000000000013,-110.66500000000002,193.0,44.0
1262770,186936,IS,AMZN,Will Amazon dip to $192 in February?,-1,192.0,False,2026-01-30,2026-02-02,2026-02-27,0.0,put,190.0,195.0,5.0,O:AMZN260227P00195000,O:AMZN260227P00190000,1.0,0.0902765885215318,0.1099999999999999,0.0,49.09,49.09,10.999999999999998,10.999999999999998,89.00000000000001,0.72,0.78,0.94,1.01,210.0,239.3,0.61,0.65,54.0,99.0,2.804821252822876,0.79,0.83,34.0,37.0,0.5824885368347168,ok,ok,ok,0.0,False,never touched,False,0.046599999999999996,0.03600000000000001,False,False,9.319999999999999,0.0,-9.319999999999999,1.6799999999999997,0.046599999999999996,0.03600000000000001,False,False,4.659999999999999,0.0,-4.659999999999999,6.339999999999999,0.06060000000000001,0.045,False,False,12.120000000000001,0.0,-12.120000000000001,-1.1200000000000028,0.05719999999999997,0.03600000000000001,False,False,11.439999999999994,0.0,-11.439999999999994,-0.43999999999999595,0.05719999999999997,0.03600000000000001,False,False,5.719999999999997,0.0,-5.719999999999997,5.280000000000001,0.07619999999999999,0.045,False,False,15.239999999999998,0.0,-15.239999999999998,-4.24,11.0,11.0
1262771,186936,IS,AMZN,Will Amazon dip to $176 in February?,-1,176.0,False,2026-01-30,2026-02-02,2026-02-27,0.0,put,175.0,180.0,5.0,O:AMZN260227P00180000,O:AMZN260227P00175000,1.0,0.0341044889970231,0.0288868421052631,0.0,38.0,38.0,2.8886842105263173,2.8886842105263173,97.1113157894737,0.35,0.42,0.44,0.5,210.0,239.3,0.3,0.35,217.0,158.0,0.8041818141937256,0.38,0.42,119.0,15.0,8.875142335891724,ok,ok,ok,0.0,False,never touched,False,0.0266,0.015000000000000013,False,False,5.319999999999999,0.0,-5.319999999999999,-2.431315789473682,0.0266,0.015000000000000013,False,False,2.6599999999999997,0.0,-2.6599999999999997,0.2286842105263176,0.032600000000000004,0.016999999999999994,False,False,6.5200000000000005,0.0,-6.5200000000000005,-3.631315789473683,0.038199999999999984,0.015000000000000013,False,False,7.639999999999997,0.0,-7.639999999999997,-4.751315789473679,0.038199999999999984,0.015000000000000013,False,False,3.8199999999999985,0.0,-3.8199999999999985,-0.9313157894736812,0.04820000000000002,0.016999999999999994,False,False,9.640000000000004,0.0,-9.640000000000004,-6.751315789473686,27.0,1.0
1262783,186942,IS,GOOGL,Will Google reach $430 in February?,1,430.0,False,2026-01-30,2026-02-02,2026-02-27,0.0,call,425.0,435.0,10.0,O:GOOGL260227C00425000,O:GOOGL260227C00435000,0.0,0.0260799033506647,0.0157298207531416,0.0,348.9898,100.0,1.5729820753141623,1.5729820753141623,98.42701792468584,0.42,0.49,0.29,0.36,311.76,338.0,0.44,0.5,45.0,21.0,0.410724401473999,0.31,0.35,46.0,46.0,0.44185352325439453,ok,ok,ok,0.0,False,never touched,False,0.0203,0.014000000000000002,False,False,4.06,0.0,-4.06,-2.487017924685837,0.0203,0.014000000000000002,False,False,2.03,0.0,-2.03,-0.45701792468583746,0.0213,0.013000000000000001,False,False,4.26,0.0,-4.26,-2.6870179246858372,0.0266,0.014000000000000002,False,False,5.319999999999999,0.0,-5.319999999999999,-3.747017924685837,0.0266,0.014000000000000002,False,False,2.6599999999999997,0.0,-2.6599999999999997,-1.0870179246858374,0.0296,0.013000000000000001,False,False,5.92,0.0,-5.92,-4.347017924685837,64.0,0.0
1262785,186942,IS,GOOGL,Will Google reach $385 in February?,1,385.0,False,2026-01-30,2026-02-02,2026-02-27,0.0,call,380.0,390.0,10.0,O:GOOGL260227C00380000,O:GOOGL260227C00390000,0.0,0.1835623966604481,0.2036129032258064,0.0,155.0,100.0,20.36129032258064,20.36129032258064,79.63870967741936,2.58,2.74,1.68,1.81,311.76,338.0,2.69,2.79,57.0,9.0,0.7255356311798096,1.75,1.8,61.0,1.0,0.9312419891357422,ok,ok,ok,0.0,False,never touched,False,0.1053,0.09650000000000003,False,False,21.060000000000002,0.0,-21.060000000000002,-0.6987096774193624,0.1053,0.09650000000000003,False,False,10.530000000000001,0.0,-10.530000000000001,9.831290322580639,0.10730000000000002,0.0915,False,False,21.460000000000004,0.0,-21.460000000000004,-1.0987096774193645,0.11409999999999998,0.09650000000000003,False,False,22.819999999999997,0.0,-22.819999999999997,-2.458709677419357,0.11409999999999998,0.09650000000000003,False,False,11.409999999999998,0.0,-11.409999999999998,8.951290322580642,0.12310000000000006,0.0915,False,False,24.62000000000001,0.0,-24.62000000000001,-4.258709677419372,47.0,93.0
1262786,186942,IS,GOOGL,Will Google reach $365 in February?,1,365.0,False,2026-01-30,2026-02-02,2026-02-27,0.0,call,360.0,370.0,10.0,O:GOOGL260227C00360000,O:GOOGL260227C00370000,0.0,0.4363368445207373,0.4693376619541535,0.0,75.754383,75.754383,46.93376619541535,46.93376619541535,53.06623380458465,6.1,6.4,3.95,4.2,311.76,338.0,6.4,6.55,79.0,68.0,0.08507204055786133,4.15,4.3,97.0,31.0,0.14623761177062988,ok,ok,ok,0.0,False,never touched,False,0.24129999999999993,0.225,False,False,48.259999999999984,0.0,-48.259999999999984,-1.326233804584632,0.24129999999999993,0.225,False,False,24.129999999999992,0.0,-24.129999999999992,22.80376619541536,0.24630000000000002,0.21749999999999997,False,False,49.260000000000005,0.0,-49.260000000000005,-2.3262338045846533,0.2575999999999999,0.225,False,False,51.519999999999975,0.0,-51.519999999999975,-4.586233804584623,0.2575999999999999,0.225,False,False,25.759999999999987,0.0,-25.759999999999987,21.173766195415364,0.27510000000000007,0.21749999999999997,False,False,55.02000000000001,0.0,-55.02000000000001,-8.086233804584658,654.0,120.0
1262787,186942,IS,GOOGL,Will Google reach $350 in February?,1,350.0,False,2026-01-30,2026-02-02,2026-02-27,0.0,call,345.0,355.0,10.0,O:GOOGL260227C00345000,O:GOOGL260227C00355000,1.0,0.7422741722881508,0.72,0.0,80.0,80.0,72.0,72.0,28.000000000000004,11.2,11.6,7.55,7.85,311.76,338.0,11.6,11.8,66.0,24.0,0.48499584197998047,7.85,8.05,53.0,47.0,0.6078352928161621,ok,ok,ok,0.0,False,never touched,False,0.39630000000000015,0.3749999999999999,False,False,79.26000000000003,0.0,-79.26000000000003,-7.2600000000000335,0.39630000000000015,0.3749999999999999,False,False,39.63000000000002,0.0,-39.63000000000002,32.36999999999998,0.4063,0.36999999999999994,False,False,81.26,0.0,-81.26,-9.260000000000005,0.4176000000000003,0.3749999999999999,False,False,83.52000000000007,0.0,-83.52000000000007,-11.520000000000067,0.4176000000000003,0.3749999999999999,False,False,41.76000000000003,0.0,-41.76000000000003,30.239999999999966,0.44260000000000005,0.36999999999999994,False,False,88.52000000000001,0.0,-88.52000000000001,-16.52000000000001,176.0,116.0
1262790,186942,IS,GOOGL,Will Google dip to $320 in February?,-1,320.0,False,2026-01-30,2026-02-02,2026-02-27,0.0,put,315.0,325.0,10.0,O:GOOGL260227P00325000,O:GOOGL260227P00315000,2.0,0.5867978253899573,0.5787500000000001,1.0,160.0,100.0,-42.12499999999999,-42.12499999999999,42.12499999999999,5.35,5.65,8.25,8.6,311.76,338.0,5.0,5.15,36.0,22.0,0.21793389320373535,7.9,8.05,15.0,73.0,0.035883188247680664,ok,ok,ok,1.0,True,touched and finished beyond,False,0.30630000000000007,0.29000000000000004,False,False,61.26000000000001,200.0,138.74,96.61500000000001,0.30630000000000007,0.29000000000000004,False,False,30.630000000000006,100.0,69.37,27.24500000000001,0.32630000000000003,0.2925000000000001,False,False,65.26,200.0,134.73999999999998,92.61499999999998,0.3226,0.29000000000000004,False,False,64.52,200.0,135.48,93.35499999999999,0.3226,0.29000000000000004,False,False,32.26,100.0,67.74,25.615000000000002,0.3600999999999999,0.2925000000000001,False,False,72.01999999999998,200.0,127.98000000000003,85.85500000000005,51.0,100.0
1262792,186942,IS,GOOGL,Will Google dip to $300 in February?,-1,300.0,False,2026-01-30,2026-02-02,2026-02-27,0.0,put,295.0,305.0,10.0,O:GOOGL260227P00305000,O:GOOGL260227P00295000,2.0,0.2648113263298268,0.28,1.0,70.0,70.0,-72.0,-72.0,72.0,2.02,2.14,3.3,3.5,311.76,338.0,1.83,1.91,14.0,20.0,0.3799312114715576,3.05,3.2,102.0,105.0,0.2253258228302002,ok,ok,ok,0.0,False,touched and came back,False,0.1383,0.1255,False,False,27.66,0.0,-27.66,-99.66,0.1383,0.1255,False,False,13.83,0.0,-13.83,-85.83,0.1493,0.13199999999999998,False,False,29.86,0.0,-29.86,-101.86,0.1511,0.1255,False,False,30.220000000000002,0.0,-30.220000000000002,-102.22,0.1511,0.1255,False,False,15.110000000000001,0.0,-15.110000000000001,-87.11,0.1666,0.13199999999999998,False,False,33.32,0.0,-33.32,-105.32,213.0,108.0
1262793,186942,IS,GOOGL,Will Google dip to $285 in February?,-1,285.0,False,2026-01-30,2026-02-02,2026-02-27,0.0,put,280.0,290.0,10.0,O:GOOGL260227P00290000,O:GOOGL260227P00280000,2.0,0.1203687846953758,0.0701038095428571,0.0,105.0,100.0,7.010380954285714,7.010380954285714,92.98961904571429,0.94,1.01,1.51,1.64,311.76,338.0,0.88,0.91,8.0,52.0,0.22303056716918945,1.43,1.48,22.0,49.0,0.19416141510009766,ok,ok,ok,0.0,False,never touched,False,0.0613,0.05600000000000001,False,False,12.26,0.0,-12.26,-5.249619045714286,0.0613,0.05600000000000001,False,False,6.13,0.0,-6.13,0.8803809542857142,0.07129999999999999,0.06,False,False,14.259999999999998,0.0,-14.259999999999998,-7.249619045714284,0.06659999999999999,0.05600000000000001,False,False,13.319999999999999,0.0,-13.319999999999999,-6.3096190457142844,0.06659999999999999,0.05600000000000001,False,False,6.659999999999999,0.0,-6.659999999999999,0.3503809542857148,0.08259999999999999,0.06,False,False,16.52,0.0,-16.52,-9.509619045714285,125.0,414.0
1262795,186942,IS,GOOGL,Will Google dip to $250 in February?,-1,250.0,False,2026-01-30,2026-02-02,2026-02-27,0.0,put,245.0,255.0,10.0,O:GOOGL260227P00255000,O:GOOGL260227P00245000,0.0,0.0240737569390751,0.0185750411431782,0.0,249.13,100.0,1.857504114317828,1.857504114317828,98.14249588568218,0.23,0.29,0.33,0.43,311.76,338.0,0.22,0.28,17.0,13.0,13.822379112243652,0.31,0.36,12.0,8.0,4.0539422035217285,ok,ok,ok,0.0,False,never touched,False,0.015299999999999998,0.008499999999999997,False,False,3.0599999999999996,0.0,-3.0599999999999996,-1.2024958856821717,0.015299999999999998,0.008499999999999997,False,False,1.5299999999999998,0.0,-1.5299999999999998,0.3275041143178281,0.021299999999999996,0.012,False,False,4.259999999999999,0.0,-4.259999999999999,-2.402495885682171,0.0221,0.008499999999999997,False,False,4.42,0.0,-4.42,-2.5624958856821722,0.0221,0.008499999999999997,False,False,2.21,0.0,-2.21,-0.35249588568217205,0.030599999999999995,0.012,False,False,6.119999999999999,0.0,-6.119999999999999,-4.2624958856821715,0.0,0.0
1262804,186945,IS,META,Will Meta reach $770 in February?,1,770.0,False,2026-01-30,2026-02-02,2026-02-27,0.0,call,765.0,775.0,10.0,O:META260227C00765000,O:META260227C00775000,0.0,0.3360295239412577,0.31,0.0,20.0,20.0,31.000000000000007,31.000000000000007,69.0,6.95,7.65,5.3,5.95,648.18,716.5,6.0,6.2,14.0,5.0,0.1699819564819336,4.55,4.75,25.0,10.0,0.11197853088378906,ok,ok,ok,0.0,False,never touched,False,0.16630000000000003,0.14499999999999993,False,False,33.260000000000005,0.0,-33.260000000000005,-2.259999999999998,0.16630000000000003,0.14499999999999993,False,False,16.630000000000003,0.0,-16.630000000000003,14.370000000000005,0.23630000000000004,0.16750000000000007,False,False,47.260000000000005,0.0,-47.260000000000005,-16.259999999999998,0.18760000000000013,0.14499999999999993,False,False,37.520000000000024,0.0,-37.520000000000024,-6.520000000000017,0.18760000000000013,0.14499999999999993,False,False,18.760000000000012,0.0,-18.760000000000012,12.239999999999995,0.30510000000000004,0.16750000000000007,False,False,61.02000000000001,0.0,-61.02000000000001,-30.020000000000003,91.0,37.0
1262805,186945,IS,META,Will Meta reach $730 in February?,1,730.0,True,2026-01-30,2026-02-02,2026-02-27,0.0,call,725.0,735.0,10.0,O:META260227C00725000,O:META260227C00735000,2.0,0.8375661268386569,0.905,0.0,40.0,40.0,90.5,90.5,9.499999999999996,19.2,20.55,15.15,16.25,648.18,716.5,17.05,17.55,35.0,12.0,0.04727458953857422,13.4,13.7,22.0,12.0,0.18260693550109863,ok,ok,ok,0.0,False,never touched,False,0.41630000000000006,0.375,False,False,83.26,0.0,-83.26,7.239999999999995,0.41630000000000006,0.375,False,False,41.63,0.0,-41.63,48.87,0.5413,0.4175000000000001,False,False,108.26,0.0,-108.26,-17.760000000000005,0.45760000000000006,0.375,False,False,91.52000000000001,0.0,-91.52000000000001,-1.0200000000000102,0.45760000000000006,0.375,False,False,45.760000000000005,0.0,-45.760000000000005,44.739999999999995,0.6651,0.4175000000000001,False,False,133.02,0.0,-133.02,-42.52000000000001,156.0,46.0
1262806,186945,IS,META,Will Meta reach $700 in February?,1,700.0,False,2026-01-30,2026-02-02,2026-02-27,0.0,call,695.0,705.0,10.0,O:META260227C00695000,O:META260227C00705000,2.0,1.0,0.952,1.0,14.0,14.0,-4.800000000000004,-4.800000000000004,4.800000000000004,35.25,36.7,29.1,31.2,648.18,716.5,32.75,33.45,10.0,5.0,0.14703726768493652,26.8,27.4,33.0,2.0,0.04661226272583008,ok,ok,ok,0.0,False,touched and came back,False,0.6663000000000002,0.6,False,False,133.26000000000005,0.0,-133.26000000000005,-138.06000000000006,0.6663000000000002,0.6,False,False,66.63000000000002,0.0,-66.63000000000002,-71.43000000000004,0.7613000000000001,0.5825000000000002,False,False,152.26000000000002,0.0,-152.26000000000002,-157.06000000000003,0.7326000000000005,0.6,False,False,146.5200000000001,0.0,-146.5200000000001,-151.3200000000001,0.7326000000000005,0.6,False,False,73.26000000000005,0.0,-73.26000000000005,-78.06000000000006,0.9401,0.5825000000000002,False,False,188.02,0.0,-188.02,-192.82000000000002,44.0,219.0
1262809,186945,IS,META,Will Meta dip to $640 in February?,-1,640.0,False,2026-01-30,2026-02-02,2026-02-27,0.0,put,635.0,645.0,10.0,O:META260227P00645000,O:META260227P00635000,2.0,0.1715255181909105,0.21,1.0,26.92,26.92,-79.0,-79.0,79.0,2.79,3.25,3.7,4.05,648.18,716.5,2.95,3.05,5.0,5.0,0.18122553825378418,3.8,4.0,8.0,17.0,0.7426488399505615,ok,ok,ok,0.0,False,touched and came back,False,0.10629999999999998,0.09,False,False,21.259999999999994,0.0,-21.259999999999994,-100.25999999999999,0.10629999999999998,0.09,False,False,10.629999999999997,0.0,-10.629999999999997,-89.63,0.12729999999999997,0.08549999999999999,False,False,25.459999999999994,0.0,-25.459999999999994,-104.46,0.12259999999999993,0.09,False,False,24.519999999999985,0.0,-24.519999999999985,-103.51999999999998,0.12259999999999993,0.09,False,False,12.259999999999993,0.0,-12.259999999999993,-91.25999999999999,0.16909999999999994,0.08549999999999999,False,False,33.819999999999986,0.0,-33.819999999999986,-112.82,72.0,79.0
1262811,186945,IS,META,Will Meta dip to $600 in February?,-1,600.0,False,2026-01-30,2026-02-02,2026-02-27,0.0,put,595.0,605.0,10.0,O:META260227P00605000,O:META260227P00595000,2.0,0.0531628799071243,0.08,0.0,32.0,32.0,8.0,8.0,92.0,1.16,1.29,1.41,1.57,648.18,716.5,1.18,1.23,4.0,5.0,0.1551504135131836,1.44,1.52,5.0,6.0,7.100198030471802,ok,ok,ok,0.0,False,never touched,False,0.03530000000000001,0.02749999999999999,False,False,7.060000000000002,0.0,-7.060000000000002,0.9399999999999977,0.03530000000000001,0.02749999999999999,False,False,3.530000000000001,0.0,-3.530000000000001,4.469999999999999,0.04230000000000002,0.02649999999999999,False,False,8.460000000000004,0.0,-8.460000000000004,-0.4600000000000044,0.04310000000000002,0.02749999999999999,False,False,8.620000000000005,0.0,-8.620000000000005,-0.6200000000000045,0.04310000000000002,0.02749999999999999,False,False,4.310000000000002,0.0,-4.310000000000002,3.6899999999999977,0.058100000000000034,0.02649999999999999,False,False,11.620000000000006,0.0,-11.620000000000006,-3.6200000000000063,5.0,105.0
1262737,186927,IS,MSFT,Will Microsoft reach $480 in February?,1,480.0,True,2026-01-30,2026-02-02,2026-02-27,0.0,call,475.0,485.0,10.0,O:MSFT260227C00475000,O:MSFT260227C00485000,0.0,0.0822520028751734,0.1855855443732845,0.0,43.72,43.72,18.558554437328453,18.558554437328453,81.44144556267155,1.38,1.47,0.98,1.05,392.74,430.29,1.2,1.26,46.0,10.0,0.08893632888793945,0.86,0.9,44.0,5.0,0.030091524124145508,ok,ok,ok,0.0,False,never touched,False,0.0413,0.034999999999999996,False,False,8.260000000000002,0.0,-8.260000000000002,10.298554437328452,0.0413,0.034999999999999996,False,False,4.130000000000001,0.0,-4.130000000000001,14.428554437328453,0.050300000000000004,0.04099999999999997,False,False,10.06,0.0,-10.06,8.498554437328453,0.0476,0.034999999999999996,False,False,9.520000000000001,0.0,-9.520000000000001,9.038554437328452,0.0476,0.034999999999999996,False,False,4.760000000000001,0.0,-4.760000000000001,13.798554437328452,0.059600000000000014,0.04099999999999997,False,False,11.920000000000003,0.0,-11.920000000000003,6.63855443732845,216.0,611.0
1262738,186927,IS,MSFT,Will Microsoft dip to $465 in February?,-1,465.0,False,2026-01-30,2026-02-02,2026-02-27,0.0,put,460.0,470.0,10.0,O:MSFT260227P00470000,O:MSFT260227P00460000,0.0,1.0,0.977290865617196,1.0,136.633125,100.0,-2.2709134382803864,-2.2709134382803864,2.2709134382803975,33.4,35.15,42.8,44.15,392.74,430.29,33.65,36.05,45.0,40.0,0.14578962326049805,43.35,45.25,36.0,41.0,0.03224444389343262,ok,ok,ok,1.0,True,touched and finished beyond,False,1.1613000000000002,0.9450000000000003,False,True,232.26000000000005,200.0,-32.26000000000005,-34.530913438280436,1.1613000000000002,0.9450000000000003,False,True,116.13000000000002,100.0,-16.130000000000024,-18.400913438280412,1.0763,0.9199999999999996,False,True,215.26000000000002,200.0,-15.260000000000007,-17.530913438280393,1.3776,0.9450000000000003,False,True,275.52,200.0,-75.51999999999998,-77.79091343828037,1.3776,0.9450000000000003,False,True,137.76,100.0,-37.75999999999999,-40.03091343828038,1.2326000000000004,0.9199999999999996,False,True,246.52000000000007,200.0,-46.520000000000074,-48.79091343828046,46.0,44.0
1262740,186927,IS,MSFT,Will Microsoft dip to $435 in February?,-1,435.0,False,2026-01-30,2026-02-02,2026-02-27,0.0,put,430.0,440.0,10.0,O:MSFT260227P00440000,O:MSFT260227P00430000,2.0,1.0,0.9340274459104104,1.0,158.959997,100.0,-6.597255408958969,-6.597255408958969,6.597255408958958,12.55,13.15,18.5,19.05,392.74,430.29,12.6,12.9,10.0,17.0,0.14807486534118652,18.65,19.0,26.0,21.0,0.2309122085571289,ok,ok,ok,1.0,True,touched and finished beyond,False,0.6413,0.6074999999999999,False,False,128.26,200.0,71.74000000000001,65.14274459104104,0.6413,0.6074999999999999,False,False,64.13,100.0,35.870000000000005,29.272744591041036,0.6513,0.5924999999999997,False,False,130.26,200.0,69.74000000000001,63.14274459104104,0.6751000000000001,0.6074999999999999,False,False,135.02000000000004,200.0,64.97999999999998,58.382744591041,0.6751000000000001,0.6074999999999999,False,False,67.51000000000002,100.0,32.48999999999999,25.89274459104102,0.7101000000000003,0.5924999999999997,False,False,142.02000000000007,200.0,57.97999999999994,51.382744591040975,163.0,280.0
1262870,186959,IS,NFLX,Will Netflix reach $105 in February?,1,105.0,False,2026-01-30,2026-02-02,2026-02-27,0.0,call,104.0,110.0,6.0,O:NFLX260227C00104000,O:NFLX260227C00110000,0.0,0.0100307320579479,0.0333783784,0.0,74.0,74.0,3.337837840000002,3.337837840000002,96.66216216,0.0,0.15,0.01,0.08,96.24,83.49,0.0,0.76,0.0,10.0,292.8447000980377,0.0,0.33,0.0,513.0,102.91118812561035,ok,ok,ok,0.0,False,never touched,False,0.12883333333333336,0.035833333333333335,False,False,25.766666666666673,0.0,-25.766666666666673,-22.42882882666667,0.12883333333333336,0.035833333333333335,False,False,12.883333333333336,0.0,-12.883333333333336,-9.545495493333334,0.0255,0.005,False,False,5.1,0.0,-5.1,-1.7621621599999977,0.19433333333333336,0.035833333333333335,False,False,38.866666666666674,0.0,-38.866666666666674,-35.528828826666675,0.19433333333333336,0.035833333333333335,False,False,19.433333333333337,0.0,-19.433333333333337,-16.095495493333335,0.041833333333333333,0.005,False,False,8.366666666666667,0.0,-8.366666666666667,-5.028828826666665,15.0,6.0
1262843,186955,IS,NVDA,Will NVIDIA reach $272 in February?,1,272.0,False,2026-01-30,2026-02-02,2026-02-27,0.0,call,270.0,280.0,10.0,O:NVDA260227C00270000,O:NVDA260227C00280000,1.0,0.0040122928231791,0.0101230788454329,0.0,200.075,100.0,1.0123078845432971,1.0123078845432971,98.98769211545671,0.06,0.07,0.04,0.05,177.19,191.13,0.04,0.06,223.0,303.0,10.441348552703857,0.02,0.04,216.0,246.0,2.024596691131592,ok,ok,ok,0.0,False,never touched,False,0.005299999999999999,0.0020000000000000005,False,False,1.0599999999999998,0.0,-1.0599999999999998,-0.04769211545670271,0.005299999999999999,0.0020000000000000005,False,False,0.5299999999999999,0.0,-0.5299999999999999,0.4823078845432972,0.0043,0.0020000000000000005,False,False,0.86,0.0,-0.86,0.15230788454329713,0.0086,0.0020000000000000005,False,False,1.72,0.0,-1.72,-0.7076921154567029,0.0086,0.0020000000000000005,False,False,0.86,0.0,-0.86,0.15230788454329713,0.006600000000000001,0.0020000000000000005,False,False,1.32,0.0,-1.32,-0.30769211545670294,56.0,4.0
1262844,186955,IS,NVDA,Will NVIDIA reach $252 in February?,1,252.0,True,2026-01-30,2026-02-02,2026-02-27,0.0,call,250.0,255.0,5.0,O:NVDA260227C00250000,O:NVDA260227C00255000,0.0,0.0120368784695375,0.2904651162790697,0.0,129.0,100.0,29.046511627906973,29.046511627906973,70.95348837209303,0.14,0.16,0.11,0.13,177.19,191.13,0.1,0.12,162.0,244.0,2.0246169567108154,0.08,0.1,146.0,387.0,57.665242433547974,ok,ok,ok,0.0,False,never touched,False,0.010599999999999998,0.004000000000000001,False,False,2.1199999999999997,0.0,-2.1199999999999997,26.926511627906972,0.010599999999999998,0.004000000000000001,False,False,1.0599999999999998,0.0,-1.0599999999999998,27.986511627906975,0.0126,0.006000000000000005,False,False,2.52,0.0,-2.52,26.526511627906974,0.0172,0.004000000000000001,False,False,3.44,0.0,-3.44,25.606511627906972,0.0172,0.004000000000000001,False,False,1.72,0.0,-1.72,27.326511627906974,0.019199999999999995,0.006000000000000005,False,False,3.839999999999999,0.0,-3.839999999999999,25.206511627906973,293.0,115.0
1262846,186955,IS,NVDA,Will NVIDIA reach $220 in February?,1,220.0,False,2026-01-30,2026-02-02,2026-02-27,0.0,call,215.0,225.0,10.0,O:NVDA260227C00215000,O:NVDA260227C00225000,0.0,0.2136545928342921,0.1899999999999999,0.0,5.6,5.6,18.999999999999996,18.999999999999996,81.0,1.86,1.92,0.81,0.84,177.19,191.13,1.26,1.29,104.0,95.0,0.49294376373291016,0.55,0.57,94.0,203.0,5.24145770072937,ok,ok,ok,0.0,False,never touched,False,0.07529999999999999,0.07149999999999998,False,False,15.059999999999999,0.0,-15.059999999999999,3.9399999999999977,0.07529999999999999,0.07149999999999998,False,False,7.529999999999999,0.0,-7.529999999999999,11.469999999999997,0.11229999999999998,0.10650000000000001,False,False,22.459999999999997,0.0,-22.459999999999997,-3.460000000000001,0.07910000000000002,0.07149999999999998,False,False,15.820000000000004,0.0,-15.820000000000004,3.1799999999999926,0.07910000000000002,0.07149999999999998,False,False,7.910000000000002,0.0,-7.910000000000002,11.089999999999995,0.11809999999999997,0.10650000000000001,False,False,23.619999999999994,0.0,-23.619999999999994,-4.619999999999997,2616.0,536.0
1262848,186955,IS,NVDA,Will NVIDIA reach $200 in February?,1,200.0,False,2026-01-30,2026-02-02,2026-02-27,0.0,call,195.0,205.0,10.0,O:NVDA260227C00195000,O:NVDA260227C00205000,2.0,0.752304904346099,0.6999635943790428,0.0,1410.282856,100.0,69.99635943790427,69.99635943790427,30.003640562095725,7.75,7.9,4.0,4.15,177.19,191.13,5.85,5.95,117.0,214.0,1.3766701221466064,2.85,2.9,188.0,63.0,0.1957101821899414,ok,ok,ok,0.0,False,never touched,False,0.3113,0.30250000000000005,False,False,62.260000000000005,0.0,-62.260000000000005,7.7363594379042695,0.3113,0.30250000000000005,False,False,31.130000000000003,0.0,-31.130000000000003,38.86635943790427,0.39130000000000004,0.375,False,False,78.26,0.0,-78.26,-8.26364056209573,0.3201,0.30250000000000005,False,False,64.02,0.0,-64.02,5.976359437904279,0.3201,0.30250000000000005,False,False,32.01,0.0,-32.01,37.98635943790428,0.4076000000000001,0.375,False,False,81.52000000000001,0.0,-81.52000000000001,-11.523640562095736,2460.0,1836.0
1262849,186955,IS,NVDA,Will NVIDIA reach $192 in February?,1,192.0,False,2026-01-30,2026-02-02,2026-02-27,0.0,call,190.0,195.0,5.0,O:NVDA260227C00190000,O:NVDA260227C00195000,1.0,1.0,0.7987580624034849,1.0,534.89,100.0,-20.12419375965151,-20.12419375965151,20.12419375965151,10.25,10.5,7.75,7.9,177.19,191.13,8.0,8.1,130.0,166.0,2.1481564044952393,5.85,5.95,117.0,214.0,1.3766701221466064,ok,ok,ok,0.0,False,touched and came back,False,0.4526,0.43000000000000005,False,False,90.52,0.0,-90.52,-110.6441937596515,0.4526,0.43000000000000005,False,False,45.26,0.0,-45.26,-65.38419375965151,0.5526000000000001,0.51,False,False,110.52000000000002,0.0,-110.52000000000002,-130.64419375965153,0.4751999999999999,0.43000000000000005,False,False,95.03999999999998,0.0,-95.03999999999998,-115.16419375965148,0.4751999999999999,0.43000000000000005,False,False,47.51999999999999,0.0,-47.51999999999999,-67.6441937596515,0.5952000000000001,0.51,False,False,119.04,0.0,-119.04,-139.1641937596515,12163.0,2460.0
1262850,186955,IS,NVDA,Will NVIDIA dip to $184 in February?,-1,184.0,True,2026-01-30,2026-02-02,2026-02-27,0.0,put,180.0,185.0,5.0,O:NVDA260227P00185000,O:NVDA260227P00180000,1.0,0.6620283158245672,0.8200001296,1.0,5.555554,5.555554,-17.999987039999997,-17.999987039999997,17.999987039999997,4.85,5.0,6.5,6.65,177.19,191.13,6.1,6.2,149.0,389.0,0.12882208824157715,8.05,8.15,171.0,32.0,0.5445864200592041,ok,ok,ok,1.0,True,touched and finished beyond,False,0.41260000000000013,0.39000000000000024,False,False,82.52000000000002,200.0,117.47999999999999,99.48001296,0.41260000000000013,0.39000000000000024,False,False,41.26000000000001,100.0,58.739999999999995,40.74001296,0.36260000000000014,0.33000000000000007,False,False,72.52000000000002,200.0,127.47999999999998,109.48001295999998,0.43520000000000003,0.39000000000000024,False,False,87.04,200.0,112.96,94.96001296,0.43520000000000003,0.39000000000000024,False,False,43.52,100.0,56.48,38.480012959999996,0.3952000000000002,0.33000000000000007,False,False,79.04000000000005,200.0,120.95999999999995,102.96001295999996,4230.0,5938.0
1262901,186966,IS,OPEN,Will Opendoor reach $10.25 in February?,1,10.25,True,2026-01-30,2026-02-02,2026-02-27,0.0,call,10.0,10.5,0.5,O:OPEN260227C00010000,O:OPEN260227C00010500,0.0,0.0,0.097,0.0,10.98,10.98,9.7,9.7,90.3,0.03,0.04,0.01,0.36,5.42,5.15,0.01,0.1,1161.0,3734.0,24.424818515777588,0.0,5.0,0.0,2.0,298.80880188941956,ok,ok,ok,0.0,False,never touched,False,0.226,-4.89,False,False,45.2,0.0,-45.2,-35.5,0.226,-4.89,False,False,22.6,0.0,-22.6,-12.900000000000002,0.086,-0.3,False,False,17.2,0.0,-17.2,-7.5,0.342,-4.89,False,False,68.4,0.0,-68.4,-58.7,0.342,-4.89,False,False,34.2,0.0,-34.2,-24.500000000000004,0.14200000000000002,-0.3,False,False,28.400000000000002,0.0,-28.400000000000002,-18.700000000000003,251.0,0.0
1262904,186966,IS,OPEN,Will Opendoor reach $7.50 in February?,1,7.5,True,2026-01-30,2026-02-02,2026-02-27,0.0,call,7.0,8.0,1.0,O:OPEN260227C00007000,O:OPEN260227C00008000,0.0,0.1003073205794798,0.19,0.0,20.0,20.0,19.0,19.0,81.0,0.12,0.13,0.07,0.08,5.42,5.15,0.1,0.12,229.0,425.0,24.425163745880127,0.04,0.1,2127.0,1669.0,85.98754692077637,ok,ok,ok,0.0,False,never touched,False,0.09299999999999999,0.039999999999999994,False,False,18.599999999999998,0.0,-18.599999999999998,0.40000000000000213,0.09299999999999999,0.039999999999999994,False,False,9.299999999999999,0.0,-9.299999999999999,9.700000000000001,0.073,0.04999999999999999,False,False,14.6,0.0,-14.6,4.4,0.14600000000000002,0.039999999999999994,False,False,29.200000000000003,0.0,-29.200000000000003,-10.200000000000003,0.14600000000000002,0.039999999999999994,False,False,14.600000000000001,0.0,-14.600000000000001,4.399999999999999,0.096,0.04999999999999999,False,False,19.2,0.0,-19.2,-0.1999999999999993,953.0,708.0
1262910,186966,IS,OPEN,Will Opendoor dip to $4.25 in February?,-1,4.25,False,2026-01-30,2026-02-02,2026-02-27,0.0,put,4.0,4.5,0.5,O:OPEN260227P00004500,O:OPEN260227P00004000,0.0,0.5015366028973992,0.42,0.0,44.0,44.0,42.0,42.0,58.00000000000001,0.09,0.14,0.22,0.26,5.42,5.15,0.06,0.28,1074.0,3735.0,56.359047412872314,0.18,0.28,3473.0,1546.0,79.80610966682434,ok,ok,ok,0.0,False,never touched,False,0.4660000000000001,0.12,False,False,93.20000000000002,0.0,-93.20000000000002,-51.20000000000002,0.4660000000000001,0.12,False,False,46.60000000000001,0.0,-46.60000000000001,-4.6000000000000085,0.36600000000000005,0.24999999999999997,False,False,73.2,0.0,-73.2,-31.200000000000003,0.7120000000000002,0.12,False,False,142.40000000000003,0.0,-142.40000000000003,-100.40000000000003,0.7120000000000002,0.12,False,False,71.20000000000002,0.0,-71.20000000000002,-29.200000000000017,0.48200000000000004,0.24999999999999997,False,False,96.4,0.0,-96.4,-54.400000000000006,182.0,7.0
1262890,186962,IS,PLTR,Will Palantir dip to $168 in February?,-1,168.0,False,2026-01-30,2026-02-02,2026-02-27,0.0,put,165.0,170.0,5.0,O:PLTR260227P00170000,O:PLTR260227P00165000,1.0,1.0,0.9181904068352024,1.0,733.409539,100.0,-8.180959316479763,-8.180959316479763,8.180959316479763,21.9,22.25,25.95,26.3,137.19,146.59,20.25,20.45,40.0,41.0,0.05855226516723633,24.25,24.45,37.0,3.0,1.3517546653747559,ok,ok,ok,1.0,True,touched and finished beyond,False,0.8425999999999999,0.8,False,False,168.51999999999998,200.0,31.480000000000018,23.299040683520253,0.8425999999999999,0.8,False,False,84.25999999999999,100.0,15.740000000000009,7.559040683520246,0.8826000000000005,0.8100000000000002,False,False,176.5200000000001,200.0,23.4799999999999,15.299040683520138,0.8851999999999997,0.8,False,False,177.03999999999994,200.0,22.96000000000007,14.779040683520305,0.8851999999999997,0.8,False,False,88.51999999999997,100.0,11.480000000000034,3.2990406835202712,0.9552000000000007,0.8100000000000002,False,False,191.04000000000013,200.0,8.959999999999857,0.779040683520094,46.0,101.0
1262892,186962,IS,PLTR,Will Palantir dip to $156 in February?,-1,156.0,False,2026-01-30,2026-02-02,2026-02-27,0.0,put,155.0,160.0,5.0,O:PLTR260227P00160000,O:PLTR260227P00155000,1.0,1.0,0.9150264551328842,1.0,71.559013,71.559013,-8.497354486711583,-8.497354486711583,8.497354486711583,14.8,15.05,18.2,18.45,137.19,146.59,13.4,13.55,28.0,72.0,0.347869873046875,16.65,16.85,56.0,104.0,0.9180126190185547,ok,ok,ok,1.0,True,touched and finished beyond,False,0.6926000000000002,0.6549999999999997,False,False,138.52000000000004,200.0,61.479999999999954,52.982645513288375,0.6926000000000002,0.6549999999999997,False,False,69.26000000000002,100.0,30.739999999999977,22.242645513288394,0.7325999999999998,0.6799999999999997,False,False,146.51999999999995,200.0,53.48000000000004,44.98264551328846,0.7302000000000007,0.6549999999999997,False,False,146.04000000000013,200.0,53.95999999999985,45.462645513288265,0.7302000000000007,0.6549999999999997,False,False,73.02000000000007,100.0,26.979999999999926,18.482645513288343,0.7851999999999997,0.6799999999999997,False,False,157.03999999999994,200.0,42.960000000000065,34.46264551328848,124.0,200.0
1262893,186962,IS,PLTR,Will Palantir dip to $147 in February?,-1,147.0,False,2026-01-30,2026-02-02,2026-02-27,0.0,put,145.0,150.0,5.0,O:PLTR260227P00150000,O:PLTR260227P00145000,3.0,1.0,0.9436204146730462,1.0,112.86,100.0,-5.637958532695375,-5.637958532695375,5.637958532695375,9.15,9.35,11.8,12.05,137.19,146.59,8.05,8.2,73.0,183.0,0.004970073699951172,10.55,10.75,31.0,132.0,2.3164498805999756,ok,ok,ok,1.0,True,touched and finished beyond,False,0.5425999999999999,0.5050000000000001,False,False,108.51999999999997,200.0,91.48000000000003,85.84204146730465,0.5425999999999999,0.5050000000000001,False,False,54.259999999999984,100.0,45.740000000000016,40.102041467304645,0.5826000000000001,0.5350000000000001,False,False,116.52000000000002,200.0,83.47999999999998,77.8420414673046,0.5801999999999996,0.5050000000000001,False,False,116.03999999999992,200.0,83.96000000000008,78.3220414673047,0.5801999999999996,0.5050000000000001,False,False,58.01999999999996,100.0,41.98000000000004,36.34204146730467,0.6302,0.5350000000000001,False,False,126.03999999999999,200.0,73.96000000000001,68.32204146730463,512.0,1115.0
1262828,186950,IS,TSLA,Will Tesla reach $480 in February?,1,480.0,False,2026-01-30,2026-02-02,2026-02-27,0.0,call,475.0,485.0,10.0,O:TSLA260227C00475000,O:TSLA260227C00485000,2.0,0.3460602559992054,0.3400000396,0.0,7.575755,7.575755,34.00000396,34.00000396,65.99999604,6.95,7.1,5.15,5.45,402.51,430.41,3.55,3.7,37.0,37.0,0.09474754333496094,2.65,2.73,9.0,8.0,1.0010426044464111,ok,ok,ok,0.0,False,never touched,False,0.10630000000000002,0.0935,False,False,21.260000000000005,0.0,-21.260000000000005,12.740003959999996,0.10630000000000002,0.0935,False,False,10.630000000000003,0.0,-10.630000000000003,23.37000396,0.19629999999999992,0.17249999999999996,False,False,39.259999999999984,0.0,-39.259999999999984,-5.259996039999983,0.11910000000000005,0.0935,False,False,23.82000000000001,0.0,-23.82000000000001,10.18000395999999,0.11910000000000005,0.0935,False,False,11.910000000000005,0.0,-11.910000000000005,22.090003959999997,0.22009999999999988,0.17249999999999996,False,False,44.019999999999975,0.0,-44.019999999999975,-10.019996039999974,367.0,154.0
1262830,186950,IS,TSLA,Will Tesla reach $450 in February?,1,450.0,False,2026-01-30,2026-02-02,2026-02-27,0.0,call,445.0,455.0,10.0,O:TSLA260227C00445000,O:TSLA260227C00455000,2.0,0.7222127081722552,0.6632203389830509,0.0,59.0,59.0,66.3220338983051,66.3220338983051,33.67796610169491,15.3,15.8,11.8,12.1,402.51,430.41,8.8,9.0,22.0,20.0,0.56532883644104,6.5,6.65,12.0,12.0,3.5667331218719482,ok,ok,ok,0.0,False,never touched,False,0.2513,0.2325,False,False,50.260000000000005,0.0,-50.260000000000005,16.06203389830509,0.2513,0.2325,False,False,25.130000000000003,0.0,-25.130000000000003,41.19203389830509,0.40130000000000005,0.36000000000000015,False,False,80.26,0.0,-80.26,-13.937966101694911,0.27009999999999995,0.2325,False,False,54.01999999999999,0.0,-54.01999999999999,12.302033898305105,0.27009999999999995,0.2325,False,False,27.009999999999994,0.0,-27.009999999999994,39.3120338983051,0.4425999999999998,0.36000000000000015,False,False,88.51999999999997,0.0,-88.51999999999997,-22.197966101694874,1264.0,329.0
1262831,186950,IS,TSLA,Will Tesla dip to $435 in February?,-1,435.0,False,2026-01-30,2026-02-02,2026-02-27,0.0,put,430.0,440.0,10.0,O:TSLA260227P00440000,O:TSLA260227P00430000,2.0,1.0,0.952,1.0,4.32,4.32,-4.800000000000004,-4.800000000000004,4.800000000000004,18.15,18.55,23.45,23.9,402.51,430.41,26.85,27.1,7.0,5.0,0.20924830436706543,33.55,33.85,23.0,12.0,0.5728247165679932,ok,ok,ok,1.0,True,touched and finished beyond,False,0.7012999999999999,0.6725000000000001,False,False,140.26,200.0,59.740000000000016,54.94000000000001,0.7012999999999999,0.6725000000000001,False,False,70.13,100.0,29.870000000000008,25.070000000000004,0.5762999999999999,0.5324999999999995,False,False,115.25999999999999,200.0,84.74000000000001,79.94,0.7300999999999999,0.6725000000000001,False,False,146.01999999999998,200.0,53.980000000000025,49.18000000000002,0.7300999999999999,0.6725000000000001,False,False,73.00999999999999,100.0,26.990000000000013,22.19000000000001,0.6201000000000004,0.5324999999999995,False,False,124.02000000000008,200.0,75.97999999999992,71.17999999999992,102.0,620.0
1262834,186950,IS,TSLA,Will Tesla dip to $383 in February?,-1,383.0,True,2026-01-30,2026-02-02,2026-02-27,0.0,put,380.0,385.0,5.0,O:TSLA260227P00385000,O:TSLA260227P00380000,1.0,0.2808604976225436,0.36,0.0,25.0,25.0,36.0,36.0,64.0,3.6,3.8,4.25,4.55,402.51,430.41,5.95,6.1,22.0,15.0,0.15928864479064941,7.1,7.25,19.0,15.0,0.07027196884155273,ok,ok,ok,0.0,False,never touched,False,0.26259999999999994,0.2299999999999999,False,False,52.51999999999999,0.0,-52.51999999999999,-16.51999999999999,0.26259999999999994,0.2299999999999999,False,False,26.259999999999994,0.0,-26.259999999999994,9.740000000000006,0.19259999999999994,0.14000000000000004,False,False,38.51999999999999,0.0,-38.51999999999999,-2.519999999999989,0.2952,0.2299999999999999,False,False,59.040000000000006,0.0,-59.040000000000006,-23.040000000000006,0.2952,0.2299999999999999,False,False,29.520000000000003,0.0,-29.520000000000003,6.479999999999997,0.24519999999999986,0.14000000000000004,False,False,49.03999999999997,0.0,-49.03999999999997,-13.03999999999997,168.0,437.0
1262837,186950,IS,TSLA,Will Tesla dip to $293 in February?,-1,293.0,False,2026-01-30,2026-02-02,2026-02-27,0.0,put,290.0,295.0,5.0,O:TSLA260227P00295000,O:TSLA260227P00290000,0.0,0.0140430248811271,0.03,0.0,107.9,100.0,3.0000000000000027,3.0000000000000027,97.0,0.34,0.38,0.37,0.42,402.51,430.41,0.4,0.44,18.0,47.0,1.095604658126831,0.45,0.49,78.0,111.0,0.08652567863464355,ok,ok,ok,0.0,False,never touched,False,0.020599999999999993,0.009999999999999986,False,False,4.119999999999998,0.0,-4.119999999999998,-1.1199999999999957,0.020599999999999993,0.009999999999999986,False,False,2.059999999999999,0.0,-2.059999999999999,0.9400000000000035,0.01859999999999999,0.007000000000000006,False,False,3.7199999999999984,0.0,-3.7199999999999984,-0.7199999999999958,0.031200000000000002,0.009999999999999986,False,False,6.24,0.0,-6.24,-3.2399999999999975,0.031200000000000002,0.009999999999999986,False,False,3.12,0.0,-3.12,-0.11999999999999744,0.030199999999999977,0.007000000000000006,False,False,6.039999999999996,0.0,-6.039999999999996,-3.039999999999993,7.0,15.0
1322353,196998,IS,SPX,"Will S&P 500 (SPX) hit $7,350 (HIGH) in February 2026?",1,7350.0,False,2026-02-06,2026-02-09,2026-02-27,0.0,call,7340.0,7360.0,20.0,O:SPXW260227C07340000,O:SPXW260227C07360000,0.0,0.0125288002505908,0.0402028986,0.0,69.0,69.0,4.020289860000004,4.020289860000004,95.97971014,0.65,0.85,0.55,0.7,,,0.7,0.8,190.0,77.0,3.0477304458618164,0.6,0.65,184.0,67.0,0.9598360061645508,the underlying's closes or splits are not served,ok,the underlying's closes or splits are not served,,,,,,,,,,,,,,,,,,,,,,,,,,,,,,,,,,,,,,,,,,,,,,,,,,,,,1.0,0.0
1322354,196998,IS,SPX,"Will S&P 500 (SPX) hit $7,200 (HIGH) in February 2026?",1,7200.0,False,2026-02-06,2026-02-09,2026-02-27,0.0,call,7195.0,7205.0,10.0,O:SPXW260227C07195000,O:SPXW260227C07205000,0.0,0.1703916834080351,0.1979999999999999,0.0,170.0,100.0,19.799999999999997,19.799999999999997,80.2,5.5,5.9,4.7,5.0,,,4.1,4.4,139.0,56.0,0.09982895851135254,3.5,3.8,227.0,99.0,0.051067352294921875,the underlying's closes or splits are not served,ok,the underlying's closes or splits are not served,,,,,,,,,,,,,,,,,,,,,,,,,,,,,,,,,,,,,,,,,,,,,,,,,,,,,31.0,73.0
1322355,196998,IS,SPX,"Will S&P 500 (SPX) hit $7,100 (HIGH) in February 2026?",1,7100.0,False,2026-02-06,2026-02-09,2026-02-27,0.0,call,7095.0,7105.0,10.0,O:SPXW260227C07095000,O:SPXW260227C07105000,0.0,0.5913593718278862,0.4094525387058366,0.0,440.246407,100.0,40.94525387058366,40.94525387058366,59.054746129416344,24.3,25.0,21.4,22.0,,,18.5,18.8,22.0,18.0,0.01611018180847168,16.1,16.4,23.0,16.0,0.12858819961547852,the underlying's closes or splits are not served,ok,the underlying's closes or splits are not served,,,,,,,,,,,,,,,,,,,,,,,,,,,,,,,,,,,,,,,,,,,,,,,,,,,,,4.0,92.0
1322356,196998,IS,SPX,"Will S&P 500 (SPX) hit $7,040 (HIGH) in February 2026?",1,7040.0,False,2026-02-06,2026-02-09,2026-02-27,0.0,call,7035.0,7045.0,10.0,O:SPXW260227C07035000,O:SPXW260227C07045000,0.0,0.8920505778420651,0.6257854769814902,0.0,21.07,21.07,62.57854769814902,62.57854769814902,37.42145230185098,47.3,48.0,42.8,43.6,,,38.0,38.4,18.0,12.0,0.04594588279724121,34.1,34.6,6.0,15.0,0.11276054382324219,the underlying's closes or splits are not served,ok,the underlying's closes or splits are not served,,,,,,,,,,,,,,,,,,,,,,,,,,,,,,,,,,,,,,,,,,,,,,,,,,,,,60.0,36.0
1322357,196998,IS,SPX,"Will S&P 500 (SPX) hit $7,000 (HIGH) in February 2026?",1,7000.0,False,2026-02-06,2026-02-09,2026-02-27,0.0,call,6995.0,7005.0,10.0,O:SPXW260227C06995000,O:SPXW260227C07005000,0.0,1.0,0.7,0.0,6.88,6.88,70.0,70.0,30.000000000000004,67.3,68.1,61.9,63.3,,,56.0,56.4,9.0,9.0,0.12858819961547852,51.1,51.6,6.0,12.0,0.006507158279418945,the underlying's closes or splits are not served,ok,the underlying's closes or splits are not served,,,,,,,,,,,,,,,,,,,,,,,,,,,,,,,,,,,,,,,,,,,,,,,,,,,,,27.0,46.0
1322360,196998,IS,SPX,"Will S&P 500 (SPX) hit $6,750 (LOW) in February 2026?",-1,6750.0,True,2026-02-06,2026-02-09,2026-02-27,0.0,put,6745.0,6755.0,10.0,O:SPXW260227P06755000,O:SPXW260227P06745000,0.0,0.3407833668160692,0.4387096786680541,0.0,51.666665,51.666665,43.87096786680541,43.87096786680541,56.12903213319459,40.2,41.0,41.8,42.8,,,44.1,44.5,2.0,1.0,0.015528678894042969,45.8,46.4,17.0,19.0,0.03916001319885254,the underlying's closes or splits are not served,ok,the underlying's closes or splits are not served,,,,,,,,,,,,,,,,,,,,,,,,,,,,,,,,,,,,,,,,,,,,,,,,,,,,,22.0,13.0
1322363,196998,IS,SPX,"Will S&P 500 (SPX) hit $6,500 (LOW) in February 2026?",-1,6500.0,True,2026-02-06,2026-02-09,2026-02-27,0.0,put,6495.0,6505.0,10.0,O:SPXW260227P06505000,O:SPXW260227P06495000,0.0,0.1202764824056721,0.1936778087825345,0.0,329.68,100.0,19.367780878253456,19.367780878253456,80.63221912174654,14.6,15.4,15.3,15.9,,,16.2,16.5,35.0,27.0,0.12112021446228027,16.8,17.2,36.0,29.0,0.024695634841918945,the underlying's closes or splits are not served,ok,the underlying's closes or splits are not served,,,,,,,,,,,,,,,,,,,,,,,,,,,,,,,,,,,,,,,,,,,,,,,,,,,,,49.0,1.0
1432269,229254,IS,AMZN,Will Amazon reach $260 in March?,1,260.0,False,2026-02-27,2026-03-02,2026-04-02,2.0,call,255.0,265.0,10.0,O:AMZN260402C00255000,O:AMZN260402C00265000,0.0,0.0210783925310061,0.04,0.0,12.0,12.0,4.0000000000000036,4.0000000000000036,96.0,0.18,0.22,0.08,0.11,209.77,210.0,0.14,0.19,311.0,129.0,0.5053286552429199,0.06,0.11,187.0,271.0,2.3462867736816406,ok,ok,ok,0.0,False,never touched,False,0.0143,0.008000000000000002,False,False,2.86,0.0,-2.86,1.1400000000000037,0.0143,0.008000000000000002,False,False,1.43,0.0,-1.43,2.570000000000004,0.015300000000000001,0.0105,False,False,3.06,0.0,-3.06,0.9400000000000035,0.0206,0.008000000000000002,False,False,4.12,0.0,-4.12,-0.11999999999999655,0.0206,0.008000000000000002,False,False,2.06,0.0,-2.06,1.9400000000000035,0.0201,0.0105,False,False,4.02,0.0,-4.02,-0.01999999999999602,34.0,0.0
1432338,229254,IS,AMZN,Will Amazon dip to $132 in March?,-1,132.0,False,2026-02-27,2026-03-02,2026-04-02,2.0,put,130.0,135.0,5.0,O:AMZN260402P00135000,O:AMZN260402P00130000,0.0,0.0060223978660017,0.015,0.0,29.38,29.38,1.500000000000001,1.500000000000001,98.5,0.04,0.06,0.05,0.08,209.77,210.0,0.04,0.09,57.0,62.0,2.3438007831573486,0.1,0.12,1.0,180.0,16.894444465637207,ok,ok,ok,0.0,False,never touched,False,0.0186,0.009,False,False,3.7199999999999998,0.0,-3.7199999999999998,-2.219999999999999,0.0186,0.009,False,False,1.8599999999999999,0.0,-1.8599999999999999,-0.35999999999999877,0.0106,0.003,False,False,2.12,0.0,-2.12,-0.619999999999999,0.0282,0.009,False,False,5.64,0.0,-5.64,-4.139999999999999,0.0282,0.009,False,False,2.82,0.0,-2.82,-1.3199999999999987,0.0182,0.003,False,False,3.64,0.0,-3.64,-2.139999999999999,1.0,0.0
1432262,229251,IS,GOOGL,Will Google reach $420 in March?,1,420.0,False,2026-02-27,2026-03-02,2026-04-02,2.0,call,415.0,425.0,10.0,O:GOOGL260402C00415000,O:GOOGL260402C00425000,0.0,0.0030111989330008,0.02,0.0,56.0,56.0,2.0000000000000018,2.0000000000000018,98.0,0.01,0.13,0.0,0.11,295.77,311.76,0.01,0.15,1.0,24.0,0.016348838806152344,0.0,0.3,0.0,10.0,296.39373087882996,ok,ok,ok,0.0,False,never touched,False,0.0163,-0.006999999999999999,False,False,3.26,0.0,-3.26,-1.259999999999998,0.0163,-0.006999999999999999,False,False,1.63,0.0,-1.63,0.3700000000000019,0.0143,0.0015000000000000007,False,False,2.86,0.0,-2.86,-0.8599999999999981,0.024599999999999997,-0.006999999999999999,False,False,4.919999999999999,0.0,-4.919999999999999,-2.9199999999999973,0.024599999999999997,-0.006999999999999999,False,False,2.4599999999999995,0.0,-2.4599999999999995,-0.45999999999999774,0.0216,0.0015000000000000007,False,False,4.32,0.0,-4.32,-2.3199999999999985,0.0,0.0
1432267,229251,IS,GOOGL,Will Google reach $395 in March?,1,395.0,False,2026-02-27,2026-03-02,2026-04-02,2.0,call,390.0,400.0,10.0,O:GOOGL260402C00390000,O:GOOGL260402C00400000,0.0,0.0120447957320035,0.0247245017584994,0.0,34.12,34.12,2.472450175849944,2.472450175849944,97.52754982415006,0.13,0.2,0.07,0.14,295.77,311.76,0.08,0.23,196.0,177.0,0.7245368957519531,0.03,0.19,153.0,212.0,0.018852949142456055,ok,ok,ok,0.0,False,never touched,False,0.0213,0.0045,False,False,4.26,0.0,-4.26,-1.7875498241500556,0.0213,0.0045,False,False,2.13,0.0,-2.13,0.3424501758499443,0.0143,0.006,False,False,2.86,0.0,-2.86,-0.3875498241500557,0.033100000000000004,0.0045,False,False,6.620000000000001,0.0,-6.620000000000001,-4.147549824150056,0.033100000000000004,0.0045,False,False,3.3100000000000005,0.0,-3.3100000000000005,-0.8375498241500563,0.022600000000000002,0.006,False,False,4.5200000000000005,0.0,-4.5200000000000005,-2.0475498241500563,1.0,0.0
1432344,229251,IS,GOOGL,Will Google dip to $240 in March?,-1,240.0,False,2026-02-27,2026-03-02,2026-04-02,2.0,put,235.0,245.0,10.0,O:GOOGL260402P00245000,O:GOOGL260402P00235000,0.0,0.0421567850620123,0.03,0.0,44.21,44.21,3.0000000000000027,3.0000000000000027,97.0,0.33,0.45,0.54,0.66,295.77,311.76,0.49,0.63,46.0,57.0,0.019186019897460938,0.82,0.93,45.0,58.0,2.5411376953125,ok,ok,ok,0.0,False,never touched,False,0.04530000000000001,0.03149999999999999,False,False,9.060000000000002,0.0,-9.060000000000002,-6.06,0.04530000000000001,0.03149999999999999,False,False,4.530000000000001,0.0,-4.530000000000001,-1.5299999999999985,0.034300000000000004,0.021000000000000008,False,False,6.860000000000001,0.0,-6.860000000000001,-3.8599999999999985,0.059100000000000014,0.03149999999999999,False,False,11.820000000000002,0.0,-11.820000000000002,-8.82,0.059100000000000014,0.03149999999999999,False,False,5.910000000000001,0.0,-5.910000000000001,-2.9099999999999984,0.047599999999999996,0.021000000000000008,False,False,9.52,0.0,-9.52,-6.519999999999997,1.0,1.0
1432292,229245,IS,NFLX,Will Netflix reach $105 in March?,1,105.0,False,2026-02-27,2026-03-02,2026-04-17,17.0,call,104.0,106.0,2.0,O:NFLX260417C00104000,O:NFLX260417C00106000,0.0,0.5077190748177616,0.5,0.0,5.0,5.0,50.0,50.0,50.0,2.75,3.05,2.28,2.51,97.31,96.24,3.4,3.7,946.0,624.0,0.03795266151428223,2.87,3.1,816.0,644.0,0.03830862045288086,ok,ok,ok,0.0,False,never touched,False,0.42150000000000004,0.28249999999999975,False,False,84.30000000000001,0.0,-84.30000000000001,-34.30000000000001,0.42150000000000004,0.28249999999999975,False,False,42.150000000000006,0.0,-42.150000000000006,7.849999999999994,0.3915,0.25250000000000017,False,False,78.3,0.0,-78.3,-28.299999999999997,0.5605000000000003,0.28249999999999975,False,False,112.10000000000007,0.0,-112.10000000000007,-62.100000000000065,0.5605000000000003,0.28249999999999975,False,False,56.05000000000003,0.0,-56.05000000000003,-6.050000000000033,0.5304999999999999,0.25250000000000017,False,False,106.09999999999997,0.0,-106.09999999999997,-56.099999999999966,172.0,241.0
1432302,229245,IS,NFLX,Will Netflix dip to $35 in March?,-1,35.0,False,2026-02-27,2026-03-02,2026-04-17,17.0,put,30.0,40.0,10.0,O:NFLX260417P00040000,O:NFLX260417P00030000,0.0,0.0,0.0165678124692209,0.0,101.53,100.0,1.656781246922092,1.656781246922092,98.3432187530779,0.0,2.13,0.01,0.04,97.31,96.24,0.0,2.52,0.0,107.0,263.215539932251,0.0,0.09,0.0,105.0,20.620388507843018,ok,ok,ok,0.0,False,never touched,False,0.0103,-0.12150000000000001,False,False,2.06,0.0,-2.06,-0.4032187530779081,0.0103,-0.12150000000000001,False,False,1.03,0.0,-1.03,0.6267812469220919,0.0053,-0.10400000000000001,False,False,1.06,0.0,-1.06,0.5967812469220919,0.016100000000000003,-0.12150000000000001,False,False,3.2200000000000006,0.0,-3.2200000000000006,-1.5632187530779087,0.016100000000000003,-0.12150000000000001,False,False,1.6100000000000003,0.0,-1.6100000000000003,0.046781246922091624,0.0081,-0.10400000000000001,False,False,1.6199999999999999,0.0,-1.6199999999999999,0.03678124692209206,0.0,0.0
1432259,229249,IS,NVDA,Will NVIDIA reach $280 in March?,1,280.0,False,2026-02-27,2026-03-02,2026-04-02,2.0,call,275.0,285.0,10.0,O:NVDA260402C00275000,O:NVDA260402C00285000,2.0,0.0050186648883348,0.0084556278487193,0.0,446.0557,100.0,0.845562784871935,0.845562784871935,99.15443721512807,0.06,0.08,0.04,0.05,177.39,177.19,0.05,0.08,215.0,240.0,12.640533924102783,0.03,0.06,91.0,501.0,0.36532115936279297,ok,ok,ok,0.0,False,never touched,False,0.0063,0.0020000000000000005,False,False,1.26,0.0,-1.26,-0.414437215128065,0.0063,0.0020000000000000005,False,False,0.63,0.0,-0.63,0.21556278487193503,0.0053,0.002500000000000001,False,False,1.06,0.0,-1.06,-0.21443721512806502,0.0106,0.0020000000000000005,False,False,2.12,0.0,-2.12,-1.274437215128065,0.0106,0.0020000000000000005,False,False,1.06,0.0,-1.06,-0.21443721512806502,0.0081,0.002500000000000001,False,False,1.6199999999999999,0.0,-1.6199999999999999,-0.7744372151280648,206.0,0.0
1432268,229249,IS,NVDA,Will NVIDIA reach $244 in March?,1,244.0,False,2026-02-27,2026-03-02,2026-04-02,2.0,call,240.0,245.0,5.0,O:NVDA260402C00240000,O:NVDA260402C00245000,1.0,0.0180671935980052,0.0201662183969876,0.0,37.18,37.18,2.0166218396987645,2.0166218396987645,97.98337816030124,0.26,0.27,0.21,0.23,177.39,177.19,0.26,0.29,166.0,178.0,5.5760908126831055,0.21,0.24,120.0,304.0,1.888239860534668,ok,ok,ok,0.0,False,never touched,False,0.0186,0.010000000000000009,False,False,3.7199999999999998,0.0,-3.7199999999999998,-1.7033781603012352,0.0186,0.010000000000000009,False,False,1.8599999999999999,0.0,-1.8599999999999999,0.15662183969876464,0.014600000000000005,0.009000000000000003,False,False,2.9200000000000013,0.0,-2.9200000000000013,-0.9033781603012367,0.027199999999999985,0.010000000000000009,False,False,5.439999999999997,0.0,-5.439999999999997,-3.4233781603012323,0.027199999999999985,0.010000000000000009,False,False,2.7199999999999984,0.0,-2.7199999999999984,-0.7033781603012339,0.02020000000000001,0.009000000000000003,False,False,4.040000000000002,0.0,-4.040000000000002,-2.0233781603012373,146.0,159.0
1432272,229249,IS,NVDA,Will NVIDIA reach $228 in March?,1,228.0,False,2026-02-27,2026-03-02,2026-04-02,2.0,call,225.0,230.0,5.0,O:NVDA260402C00225000,O:NVDA260402C00230000,1.0,0.0441642510173462,0.022000001187666,0.0,10.072454,10.072454,2.2000001187666083,2.2000001187666083,97.7999998812334,0.5,0.52,0.39,0.41,177.39,177.19,0.57,0.6,44.0,80.0,2.9112820625305176,0.43,0.46,84.0,101.0,1.1784379482269287,ok,ok,ok,0.0,False,never touched,False,0.036599999999999994,0.02799999999999999,False,False,7.3199999999999985,0.0,-7.3199999999999985,-5.11999988123339,0.036599999999999994,0.02799999999999999,False,False,3.6599999999999993,0.0,-3.6599999999999993,-1.459999881233391,0.0286,0.022,False,False,5.72,0.0,-5.72,-3.5199998812333915,0.045200000000000004,0.02799999999999999,False,False,9.040000000000001,0.0,-9.040000000000001,-6.839999881233393,0.045200000000000004,0.02799999999999999,False,False,4.5200000000000005,0.0,-4.5200000000000005,-2.319999881233392,0.03520000000000001,0.022,False,False,7.040000000000002,0.0,-7.040000000000002,-4.8399998812333935,462.0,265.0
1432287,229249,IS,NVDA,Will NVIDIA reach $200 in March?,1,200.0,False,2026-02-27,2026-03-02,2026-04-02,2.0,call,195.0,205.0,10.0,O:NVDA260402C00195000,O:NVDA260402C00205000,2.0,0.3583326730271048,0.3586465024053922,0.0,585.116162,100.0,35.86465024053923,35.86465024053923,64.13534975946078,3.5,3.65,1.75,1.83,177.39,177.19,4.0,4.1,5.0,1694.0,6.788881063461304,2.03,2.07,17.0,20.0,0.10792183876037598,ok,ok,ok,0.0,False,never touched,False,0.20829999999999999,0.2,False,False,41.66,0.0,-41.66,-5.79534975946077,0.20829999999999999,0.2,False,False,20.83,0.0,-20.83,15.034650240539229,0.1913,0.17850000000000002,False,False,38.26,0.0,-38.26,-2.395349759460771,0.21659999999999996,0.2,False,False,43.31999999999999,0.0,-43.31999999999999,-7.455349759460766,0.21659999999999996,0.2,False,False,21.659999999999997,0.0,-21.659999999999997,14.20465024053923,0.20409999999999995,0.17850000000000002,False,False,40.81999999999999,0.0,-40.81999999999999,-4.955349759460766,2740.0,13885.0
1432293,229249,IS,NVDA,Will NVIDIA dip to $192 in March?,-1,192.0,False,2026-02-27,2026-03-02,2026-04-02,2.0,put,190.0,195.0,5.0,O:NVDA260402P00195000,O:NVDA260402P00190000,1.0,1.0,0.9572727266613992,1.0,21831.424527,100.0,-4.272727333860093,-4.272727333860093,4.272727333860082,16.45,16.7,19.4,20.95,177.39,177.19,15.8,15.95,12.0,35.0,0.6009790897369385,19.3,19.5,13.0,27.0,0.558974027633667,ok,ok,ok,1.0,True,touched and finished beyond,False,0.7425999999999999,0.7049999999999997,False,False,148.51999999999998,200.0,51.48000000000002,47.20727266613993,0.7425999999999999,0.7049999999999997,False,False,74.25999999999999,100.0,25.74000000000001,21.467272666139916,0.9026000000000001,0.7199999999999995,False,False,180.52,200.0,19.479999999999986,15.207272666139893,0.7802,0.7049999999999997,False,False,156.04,200.0,43.96,39.687272666139904,0.7802,0.7049999999999997,False,False,78.02,100.0,21.98,17.707272666139907,1.0852000000000006,0.7199999999999995,False,True,217.04000000000013,200.0,-17.04000000000012,-21.312727333860213,68.0,37.0
1432298,229249,IS,NVDA,Will NVIDIA dip to $184 in March?,-1,184.0,False,2026-02-27,2026-03-02,2026-04-02,2.0,put,180.0,185.0,5.0,O:NVDA260402P00185000,O:NVDA260402P00180000,1.0,1.0,0.9671327179521528,1.0,3650.660581,100.0,-3.2867282047847057,-3.2867282047847057,3.286728204784717,10.5,10.65,13.2,13.4,177.39,177.19,10.05,10.15,3.0,25.0,0.09099197387695312,12.7,12.85,48.0,112.0,0.6845736503601074,ok,ok,ok,1.0,True,touched and finished beyond,False,0.5625999999999999,0.5349999999999995,False,False,112.51999999999998,200.0,87.48000000000002,84.19327179521531,0.5625999999999999,0.5349999999999995,False,False,56.25999999999999,100.0,43.74000000000001,40.4532717952153,0.5826000000000001,0.5450000000000003,False,False,116.52000000000002,200.0,83.47999999999998,80.19327179521527,0.5902000000000002,0.5349999999999995,False,False,118.04000000000003,200.0,81.95999999999997,78.67327179521526,0.5902000000000002,0.5349999999999995,False,False,59.02000000000002,100.0,40.97999999999998,37.693271795215274,0.6201999999999999,0.5450000000000003,False,False,124.03999999999998,200.0,75.96000000000002,72.67327179521531,769.0,718.0
1432305,229249,IS,NVDA,Will NVIDIA dip to $176 in March?,-1,176.0,False,2026-02-27,2026-03-02,2026-04-02,2.0,put,175.0,180.0,5.0,O:NVDA260402P00180000,O:NVDA260402P00175000,1.0,0.9334716692302728,0.6725009051295098,1.0,6.106881,6.106881,-32.749909487049024,-32.749909487049024,32.749909487049024,8.2,8.3,10.5,10.65,177.39,177.19,7.8,7.95,83.0,57.0,0.09804964065551758,10.05,10.15,3.0,25.0,0.09099197387695312,ok,ok,ok,0.5220000000000027,False,touched and came back,False,0.4726000000000001,0.4450000000000003,False,False,94.52000000000001,104.40000000000053,9.880000000000521,-22.869909487048503,0.4726000000000001,0.4450000000000003,False,False,47.260000000000005,52.200000000000266,4.940000000000261,-27.809909487048763,0.4926000000000002,0.46499999999999986,False,False,98.52000000000004,104.40000000000053,5.880000000000496,-26.869909487048528,0.5002,0.4450000000000003,False,False,100.03999999999999,104.40000000000053,4.360000000000541,-28.389909487048484,0.5002,0.4450000000000003,False,False,50.019999999999996,52.200000000000266,2.1800000000002706,-30.569909487048754,0.5202000000000006,0.46499999999999986,False,False,104.0400000000001,104.40000000000053,0.36000000000042665,-32.3899094870486,718.0,617.0
1432319,229249,IS,NVDA,Will NVIDIA dip to $164 in March?,-1,164.0,True,2026-02-27,2026-03-02,2026-04-02,2.0,put,160.0,165.0,5.0,O:NVDA260402P00165000,O:NVDA260402P00160000,1.0,0.471754499503471,0.6470474068803771,0.0,72.216486,72.216486,64.7047406880377,64.7047406880377,35.29525931196229,3.6,3.7,4.8,4.85,177.39,177.19,3.45,3.55,51.0,46.0,0.5621516704559326,4.6,4.7,22.0,48.0,0.9691424369812012,ok,ok,ok,0.0,False,never touched,False,0.2526,0.23000000000000007,False,False,50.519999999999996,0.0,-50.519999999999996,14.184740688037706,0.2526,0.23000000000000007,False,False,25.259999999999998,0.0,-25.259999999999998,39.444740688037705,0.25259999999999994,0.2349999999999998,False,False,50.51999999999999,0.0,-50.51999999999999,14.184740688037714,0.2751999999999999,0.23000000000000007,False,False,55.03999999999998,0.0,-55.03999999999998,9.664740688037725,0.2751999999999999,0.23000000000000007,False,False,27.51999999999999,0.0,-27.51999999999999,37.184740688037714,0.2702,0.2349999999999998,False,False,54.04,0.0,-54.04,10.664740688037703,1493.0,1173.0
1432334,229249,IS,NVDA,Will NVIDIA dip to $152 in March?,-1,152.0,False,2026-02-27,2026-03-02,2026-04-02,2.0,put,150.0,155.0,5.0,O:NVDA260402P00155000,O:NVDA260402P00150000,1.0,0.2790377677914149,0.1345146565471875,0.0,252.598608,100.0,13.451465654718753,13.451465654718753,86.54853434528124,2.0,2.07,2.69,2.77,177.39,177.19,1.94,1.98,18.0,22.0,0.1544487476348877,2.6,2.65,7.0,15.0,3.276702880859375,ok,ok,ok,0.0,False,never touched,False,0.14459999999999998,0.133,False,False,28.919999999999995,0.0,-28.919999999999995,-15.468534345281242,0.14459999999999998,0.133,False,False,14.459999999999997,0.0,-14.459999999999997,-1.0085343452812445,0.1566,0.13899999999999996,False,False,31.319999999999997,0.0,-31.319999999999997,-17.868534345281244,0.15619999999999998,0.133,False,False,31.239999999999995,0.0,-31.239999999999995,-17.788534345281242,0.15619999999999998,0.133,False,False,15.619999999999997,0.0,-15.619999999999997,-2.1685343452812447,0.1742,0.13899999999999996,False,False,34.839999999999996,0.0,-34.839999999999996,-21.388534345281244,348.0,484.0
1432337,229249,IS,NVDA,Will NVIDIA dip to $136 in March?,-1,136.0,False,2026-02-27,2026-03-02,2026-04-02,2.0,put,135.0,140.0,5.0,O:NVDA260402P00140000,O:NVDA260402P00135000,0.0,0.1104106275433656,0.0305934153072722,0.0,151.26,100.0,3.0593415307272243,3.0593415307272243,96.94065846927278,0.82,0.85,1.09,1.13,177.39,177.19,0.78,0.8,72.0,32.0,1.983628273010254,1.05,1.08,81.0,33.0,1.4437897205352783,ok,ok,ok,0.0,False,never touched,False,0.06260000000000002,0.05499999999999998,False,False,12.520000000000003,0.0,-12.520000000000003,-9.46065846927278,0.06260000000000002,0.05499999999999998,False,False,6.260000000000002,0.0,-6.260000000000002,-3.2006584692727773,0.06459999999999999,0.05499999999999998,False,False,12.919999999999998,0.0,-12.919999999999998,-9.860658469272774,0.07020000000000003,0.05499999999999998,False,False,14.040000000000004,0.0,-14.040000000000004,-10.98065846927278,0.07020000000000003,0.05499999999999998,False,False,7.020000000000002,0.0,-7.020000000000002,-3.960658469272778,0.07419999999999999,0.05499999999999998,False,False,14.839999999999998,0.0,-14.839999999999998,-11.780658469272774,246.0,194.0
1432342,229249,IS,NVDA,Will NVIDIA dip to $116 in March?,-1,116.0,False,2026-02-27,2026-03-02,2026-04-02,2.0,put,115.0,120.0,5.0,O:NVDA260402P00120000,O:NVDA260402P00115000,0.0,0.0361343871960105,0.0101014639071176,0.0,396.2,100.0,1.0101463907117627,1.0101463907117627,98.98985360928823,0.25,0.27,0.34,0.36,177.39,177.19,0.24,0.26,123.0,135.0,3.80319881439209,0.32,0.33,72.0,4.0,8.502921104431152,ok,ok,ok,0.0,False,never touched,False,0.020600000000000007,0.015000000000000003,False,False,4.120000000000001,0.0,-4.120000000000001,-3.1098536092882383,0.020600000000000007,0.015000000000000003,False,False,2.0600000000000005,0.0,-2.0600000000000005,-1.0498536092882378,0.024599999999999997,0.017999999999999995,False,False,4.919999999999999,0.0,-4.919999999999999,-3.9098536092882363,0.026200000000000008,0.015000000000000003,False,False,5.240000000000002,0.0,-5.240000000000002,-4.22985360928824,0.026200000000000008,0.015000000000000003,False,False,2.620000000000001,0.0,-2.620000000000001,-1.6098536092882383,0.031200000000000002,0.017999999999999995,False,False,6.24,0.0,-6.24,-5.229853609288238,44.0,16.0
1432261,229253,IS,TSLA,Will Tesla reach $570 in March?,1,570.0,False,2026-02-27,2026-03-02,2026-04-02,2.0,call,565.0,575.0,10.0,O:TSLA260402C00565000,O:TSLA260402C00575000,0.0,0.0080298638213356,0.0110000009999999,0.0,5.055545,5.055545,1.100000099999998,1.100000099999998,98.89999990000001,0.24,0.29,0.2,0.25,360.59,402.51,0.2,0.24,168.0,112.0,2.156041145324707,0.17,0.21,23.0,21.0,1.5898072719573975,ok,ok,ok,0.0,False,never touched,False,0.008299999999999998,0.003,False,False,1.6599999999999997,0.0,-1.6599999999999997,-0.5599999000000018,0.008299999999999998,0.003,False,False,0.8299999999999998,0.0,-0.8299999999999998,0.2700000999999981,0.010299999999999997,0.004000000000000001,False,False,2.059999999999999,0.0,-2.059999999999999,-0.9599999000000012,0.0136,0.003,False,False,2.7199999999999998,0.0,-2.7199999999999998,-1.6199999000000018,0.0136,0.003,False,False,1.3599999999999999,0.0,-1.3599999999999999,-0.25999990000000195,0.016599999999999993,0.004000000000000001,False,False,3.3199999999999985,0.0,-3.3199999999999985,-2.2199999000000004,59.0,4.0
1432266,229253,IS,TSLA,Will Tesla reach $533 in March?,1,533.0,False,2026-02-27,2026-03-02,2026-04-02,2.0,call,530.0,535.0,5.0,O:TSLA260402C00530000,O:TSLA260402C00535000,0.0,0.0180671935980053,0.0357894736842105,0.0,38.0,38.0,3.5789473684210553,3.5789473684210553,96.42105263157895,0.5,0.56,0.45,0.52,360.59,402.51,0.4,0.46,99.0,84.0,0.23063945770263672,0.36,0.41,76.0,69.0,1.5996558666229248,ok,ok,ok,0.0,False,never touched,False,0.02260000000000001,0.009000000000000008,False,False,4.520000000000001,0.0,-4.520000000000001,-0.941052631578946,0.02260000000000001,0.009000000000000008,False,False,2.2600000000000007,0.0,-2.2600000000000007,1.3189473684210546,0.02460000000000001,0.009000000000000008,False,False,4.920000000000002,0.0,-4.920000000000002,-1.3410526315789464,0.03620000000000001,0.009000000000000008,False,False,7.240000000000002,0.0,-7.240000000000002,-3.6610526315789467,0.03620000000000001,0.009000000000000008,False,False,3.620000000000001,0.0,-3.620000000000001,-0.041052631578945675,0.040200000000000014,0.009000000000000008,False,False,8.040000000000003,0.0,-8.040000000000003,-4.461052631578948,3.0,13.0
1432270,229253,IS,TSLA,Will Tesla reach $503 in March?,1,503.0,False,2026-02-27,2026-03-02,2026-04-02,2.0,call,500.0,505.0,5.0,O:TSLA260402C00500000,O:TSLA260402C00505000,0.0,0.0622314446153514,0.0449474575161338,0.0,10.308325,10.308325,4.494745751613385,4.494745751613385,95.50525424838662,1.13,1.21,0.98,1.05,360.59,402.51,0.89,0.95,143.0,97.0,0.05941605567932129,0.77,0.83,140.0,80.0,1.625321388244629,ok,ok,ok,0.0,False,never touched,False,0.03859999999999999,0.023999999999999976,False,False,7.719999999999998,0.0,-7.719999999999998,-3.225254248386613,0.03859999999999999,0.023999999999999976,False,False,3.859999999999999,0.0,-3.859999999999999,0.6347457516133859,0.0486,0.03099999999999996,False,False,9.719999999999999,0.0,-9.719999999999999,-5.225254248386614,0.0532,0.023999999999999976,False,False,10.639999999999999,0.0,-10.639999999999999,-6.145254248386614,0.0532,0.023999999999999976,False,False,5.319999999999999,0.0,-5.319999999999999,-0.8252542483866145,0.06620000000000001,0.03099999999999996,False,False,13.240000000000002,0.0,-13.240000000000002,-8.745254248386617,505.0,116.0
1432296,229253,IS,TSLA,Will Tesla dip to $405 in March?,-1,405.0,False,2026-02-27,2026-03-02,2026-04-02,2.0,put,400.0,410.0,10.0,O:TSLA260402P00410000,O:TSLA260402P00400000,2.0,1.0,0.9472796118670394,1.0,81.56461200000001,81.56461200000001,-5.272038813296065,-5.272038813296065,5.272038813296065,18.15,18.6,23.15,23.6,360.59,402.51,22.85,23.2,60.0,75.0,0.1582627296447754,28.65,28.95,9.0,30.0,0.2623870372772217,ok,ok,ok,1.0,True,touched and finished beyond,False,0.6112999999999997,0.5774999999999999,False,False,122.25999999999995,200.0,77.74000000000005,72.46796118670399,0.6112999999999997,0.5774999999999999,False,False,61.129999999999974,100.0,38.870000000000026,33.59796118670396,0.5463000000000002,0.5,False,False,109.26000000000005,200.0,90.73999999999995,85.46796118670389,0.6450999999999998,0.5774999999999999,False,False,129.01999999999995,200.0,70.98000000000005,65.70796118670398,0.6450999999999998,0.5774999999999999,False,False,64.50999999999998,100.0,35.49000000000002,30.21796118670396,0.5926000000000006,0.5,False,False,118.52000000000011,200.0,81.47999999999989,76.20796118670383,85.0,437.0
1432303,229253,IS,TSLA,Will Tesla dip to $390 in March?,-1,390.0,True,2026-02-27,2026-03-02,2026-04-02,2.0,put,385.0,395.0,10.0,O:TSLA260402P00395000,O:TSLA260402P00385000,2.0,0.7427624034735506,0.91,1.0,10.62,10.62,-8.999999999999996,-8.999999999999996,8.999999999999996,12.3,12.65,16.0,16.35,360.59,402.51,15.85,16.15,30.0,62.0,0.021878719329833984,20.3,20.6,49.0,24.0,0.1672050952911377,ok,ok,ok,1.0,True,touched and finished beyond,False,0.4763000000000002,0.4450000000000003,False,False,95.26000000000005,200.0,104.73999999999997,95.73999999999997,0.4763000000000002,0.4450000000000003,False,False,47.630000000000024,100.0,52.36999999999998,43.36999999999999,0.4063000000000001,0.36999999999999994,False,False,81.26000000000002,200.0,118.73999999999998,109.73999999999998,0.5076000000000002,0.4450000000000003,False,False,101.52000000000004,200.0,98.47999999999996,89.47999999999996,0.5076000000000002,0.4450000000000003,False,False,50.76000000000002,100.0,49.23999999999998,40.23999999999998,0.4426000000000002,0.36999999999999994,False,False,88.52000000000004,200.0,111.47999999999996,102.47999999999996,192.0,195.0
1432329,229253,IS,TSLA,Will Tesla dip to $353 in March?,-1,353.0,False,2026-02-27,2026-03-02,2026-04-02,2.0,put,350.0,355.0,5.0,O:TSLA260402P00355000,O:TSLA260402P00350000,1.0,0.2910825635234187,0.1743976350682763,1.0,9.70176,9.70176,-82.56023649317237,-82.56023649317237,82.56023649317237,4.75,4.95,5.45,5.7,360.59,402.51,6.25,6.45,77.0,74.0,0.31842494010925293,7.15,7.35,68.0,2.0,0.298661470413208,ok,ok,ok,0.0,False,touched and came back,False,0.2225999999999999,0.18000000000000008,False,False,44.51999999999998,0.0,-44.51999999999998,-127.08023649317235,0.2225999999999999,0.18000000000000008,False,False,22.25999999999999,0.0,-22.25999999999999,-104.82023649317236,0.19260000000000002,0.1450000000000001,False,False,38.52,0.0,-38.52,-121.08023649317238,0.26519999999999977,0.18000000000000008,False,False,53.03999999999996,0.0,-53.03999999999996,-135.60023649317233,0.26519999999999977,0.18000000000000008,False,False,26.51999999999998,0.0,-26.51999999999998,-109.08023649317235,0.24019999999999997,0.1450000000000001,False,False,48.03999999999999,0.0,-48.03999999999999,-130.60023649317236,53.0,592.0
1432341,229253,IS,TSLA,Will Tesla dip to $300 in March?,-1,300.0,False,2026-02-27,2026-03-02,2026-04-02,2.0,put,295.0,305.0,10.0,O:TSLA260402P00305000,O:TSLA260402P00295000,1.0,0.0682538424813533,0.0506691449814126,0.0,21.52,21.52,5.0669144981412675,5.0669144981412675,94.93308550185874,1.15,1.23,1.49,1.57,360.59,402.51,1.51,1.59,87.0,91.0,0.1334996223449707,1.94,2.02,44.0,73.0,0.27207446098327637,ok,ok,ok,0.0,False,never touched,False,0.052300000000000006,0.043,False,False,10.46,0.0,-10.46,-5.393085501858733,0.052300000000000006,0.043,False,False,5.23,0.0,-5.23,-0.16308550185873294,0.04330000000000002,0.03400000000000001,False,False,8.660000000000004,0.0,-8.660000000000004,-3.593085501858736,0.06160000000000001,0.043,False,False,12.320000000000002,0.0,-12.320000000000002,-7.253085501858735,0.06160000000000001,0.043,False,False,6.160000000000001,0.0,-6.160000000000001,-1.0930855018587335,0.05260000000000002,0.03400000000000001,False,False,10.520000000000005,0.0,-10.520000000000005,-5.453085501858737,74.0,1.0
1492657,243792,IS,SPX,"Will S&P 500 (SPX) hit $7,300 (HIGH) in March 2026?",1,7300.0,True,2026-03-06,2026-03-09,2026-03-31,0.0,call,7295.0,7305.0,10.0,O:SPXW260331C07295000,O:SPXW260331C07305000,0.0,0.0100274348250654,0.1147490322829032,0.0,188.249788,100.0,11.474903228290325,11.474903228290325,88.52509677170968,0.55,0.8,0.5,0.75,,,0.2,0.5,70.0,224.0,7.651790380477905,0.15,0.5,72.0,185.0,5.674610614776611,the underlying's closes or splits are not served,ok,the underlying's closes or splits are not served,,,,,,,,,,,,,,,,,,,,,,,,,,,,,,,,,,,,,,,,,,,,,,,,,,,,,7.0,0.0
1492659,243792,IS,SPX,"Will S&P 500 (SPX) hit $7,100 (HIGH) in March 2026?",1,7100.0,False,2026-03-06,2026-03-09,2026-03-31,0.0,call,7095.0,7105.0,10.0,O:SPXW260331C07095000,O:SPXW260331C07105000,0.0,0.2907956099268968,0.2136874994597233,0.0,230.564802,100.0,21.368749945972336,21.368749945972336,78.63125005402767,9.9,11.0,8.5,9.5,,,4.2,4.8,60.0,126.0,4.085615158081055,3.5,4.0,66.0,37.0,4.748013257980347,the underlying's closes or splits are not served,ok,the underlying's closes or splits are not served,,,,,,,,,,,,,,,,,,,,,,,,,,,,,,,,,,,,,,,,,,,,,,,,,,,,,40.0,316.0
1492660,243792,IS,SPX,"Will S&P 500 (SPX) hit $7,000 (HIGH) in March 2026?",1,7000.0,False,2026-03-06,2026-03-09,2026-03-31,0.0,call,6995.0,7005.0,10.0,O:SPXW260331C06995000,O:SPXW260331C07005000,0.0,0.6517832636292517,0.269073321483464,0.0,702.708087,100.0,26.9073321483464,26.9073321483464,73.0926678516536,33.4,35.7,30.2,32.4,,,18.6,19.3,17.0,23.0,0.8612141609191895,16.4,17.2,20.0,44.0,0.265474796295166,the underlying's closes or splits are not served,ok,the underlying's closes or splits are not served,,,,,,,,,,,,,,,,,,,,,,,,,,,,,,,,,,,,,,,,,,,,,,,,,,,,,124.0,109.0
1492661,243792,IS,SPX,"Will S&P 500 (SPX) hit $6,900 (HIGH) in March 2026?",1,6900.0,False,2026-03-06,2026-03-09,2026-03-31,0.0,call,6895.0,6905.0,10.0,O:SPXW260331C06895000,O:SPXW260331C06905000,0.0,0.9626337432062816,0.3435107019376205,0.0,319.726915,100.0,34.351070193762055,34.351070193762055,65.64892980623796,74.6,78.2,69.8,73.4,,,49.5,50.2,12.0,3.0,0.23873162269592285,45.6,46.3,12.0,3.0,0.2654702663421631,the underlying's closes or splits are not served,ok,the underlying's closes or splits are not served,,,,,,,,,,,,,,,,,,,,,,,,,,,,,,,,,,,,,,,,,,,,,,,,,,,,,144.0,12.0
1492666,243792,IS,SPX,"Will S&P 500 (SPX) hit $6,300 (LOW) in March 2026?",-1,6300.0,False,2026-03-06,2026-03-09,2026-03-31,0.0,put,6295.0,6305.0,10.0,O:SPXW260331P06305000,O:SPXW260331P06295000,0.0,0.2607133054517015,0.3,0.0,5.0,5.0,30.000000000000004,30.000000000000004,70.0,58.4,61.9,59.7,63.2,,,68.6,69.7,13.0,16.0,0.2450714111328125,70.2,71.3,13.0,3.0,0.9456853866577148,the underlying's closes or splits are not served,ok,the underlying's closes or splits are not served,,,,,,,,,,,,,,,,,,,,,,,,,,,,,,,,,,,,,,,,,,,,,,,,,,,,,26.0,1.0
1492667,243792,IS,SPX,"Will S&P 500 (SPX) hit $6,200 (LOW) in March 2026?",-1,6200.0,False,2026-03-06,2026-03-09,2026-03-31,0.0,put,6195.0,6205.0,10.0,O:SPXW260331P06205000,O:SPXW260331P06195000,0.0,0.240658435801569,0.1529412013840947,0.0,2.36111,2.36111,15.294120138409472,15.294120138409472,84.70587986159053,47.2,50.2,48.5,51.3,,,55.4,56.3,14.0,17.0,0.04627823829650879,56.6,57.5,14.0,3.0,0.04058384895324707,the underlying's closes or splits are not served,ok,the underlying's closes or splits are not served,,,,,,,,,,,,,,,,,,,,,,,,,,,,,,,,,,,,,,,,,,,,,,,,,,,,,5.0,10.0
1492668,243792,IS,SPX,"Will S&P 500 (SPX) hit $6,000 (LOW) in March 2026?",-1,6000.0,False,2026-03-06,2026-03-09,2026-03-31,0.0,put,5990.0,6010.0,20.0,O:SPXW260331P06010000,O:SPXW260331P05990000,2.0,0.0902469134255885,0.1170094055515349,0.0,1097.795484,100.0,11.700940555153492,11.700940555153492,88.2990594448465,32.2,33.7,32.7,35.0,,,36.5,37.2,20.0,4.0,0.18706321716308594,37.9,38.7,20.0,26.0,0.25123119354248047,the underlying's closes or splits are not served,ok,the underlying's closes or splits are not served,,,,,,,,,,,,,,,,,,,,,,,,,,,,,,,,,,,,,,,,,,,,,,,,,,,,,0.0,42.0
1542510,257169,IS,SPX,Will S&P 500 (SPX) hit 5500 (LOW) in March?,-1,5500.0,False,2026-03-13,2026-03-16,2026-03-31,0.0,put,5495.0,5505.0,10.0,O:SPXW260331P05505000,O:SPXW260331P05495000,0.0,0.0200394909920086,0.0617661371349286,0.0,49.73,49.73,6.176613713492864,6.176613713492864,93.82338628650714,7.3,7.8,7.4,7.9,,,4.1,4.4,92.0,281.0,0.22536897659301758,4.1,4.4,101.0,279.0,0.06732749938964844,the underlying's closes or splits are not served,ok,the underlying's closes or splits are not served,,,,,,,,,,,,,,,,,,,,,,,,,,,,,,,,,,,,,,,,,,,,,,,,,,,,,54.0,3.0
1542511,257169,IS,SPX,Will S&P 500 (SPX) hit 5350 (LOW) in March?,-1,5350.0,False,2026-03-13,2026-03-16,2026-03-31,0.0,put,5345.0,5355.0,10.0,O:SPXW260331P05355000,O:SPXW260331P05345000,0.0,0.0100197454960042,0.036167154357659,0.0,96.221615,96.221615,3.616715435765902,3.616715435765902,96.38328456423409,5.9,6.4,6.0,6.4,,,3.2,3.4,182.0,55.0,7.117672443389893,3.3,3.5,135.0,75.0,1.2447621822357178,the underlying's closes or splits are not served,ok,the underlying's closes or splits are not served,,,,,,,,,,,,,,,,,,,,,,,,,,,,,,,,,,,,,,,,,,,,,,,,,,,,,0.0,0.0
1542514,257169,IS,SPX,Will S&P 500 (SPX) hit 4750 (LOW) in March?,-1,4750.0,False,2026-03-13,2026-03-16,2026-03-31,0.0,put,4725.0,4775.0,50.0,O:SPXW260331P04775000,O:SPXW260331P04725000,0.0,0.0080157963968034,0.0136396024885937,0.0,33594.379042,100.0,1.3639602488593705,1.3639602488593705,98.63603975114063,2.55,2.8,2.75,3.0,,,1.25,1.4,60.0,403.0,1.8376944065093994,1.35,1.5,60.0,303.0,9.445571184158325,the underlying's closes or splits are not served,ok,the underlying's closes or splits are not served,,,,,,,,,,,,,,,,,,,,,,,,,,,,,,,,,,,,,,,,,,,,,,,,,,,,,0.0,104.0
2073759,415380,IS,AAPL,Will Apple (AAPL) hit (HIGH) $320 in May?,1,320.0,False,2026-05-01,2026-05-04,2026-05-29,0.0,call,315.0,325.0,10.0,O:AAPL260529C00315000,O:AAPL260529C00325000,2.0,0.0331014157912283,0.0418073371036004,0.0,82.488607,82.488607,4.020495775688417,3.860257841016791,95.81926628963996,0.28,0.32,0.11,0.16,312.06,280.14,0.2,0.25,8.0,72.0,1.7295234203338623,0.09,0.17,2.0,117.0,212.6952040195465,ok,ok,ok,0.0,False,never touched,False,0.0173,0.0095,False,False,3.46,0.0,-3.46,0.560495775688417,0.0173,0.0095,False,False,1.73,0.0,-1.73,2.290495775688417,0.0223,0.016500000000000004,False,False,4.46,0.0,-4.46,-0.439504224311583,0.025100000000000004,0.0095,False,False,5.0200000000000005,0.0,-5.0200000000000005,-1.1597421589832093,0.025100000000000004,0.0095,False,False,2.5100000000000002,0.0,-2.5100000000000002,1.350257841016791,0.0281,0.016500000000000004,False,False,5.62,0.0,-5.62,-1.759742158983209,106.0,24.0
2073784,415380,IS,AAPL,Will Apple (AAPL) hit (HIGH) $304 in May?,1,304.0,False,2026-05-01,2026-05-04,2026-05-29,0.0,call,300.0,305.0,5.0,O:AAPL260529C00300000,O:AAPL260529C00305000,1.0,0.1905839091010116,0.1900000242999999,1.0,1.234563,1.234563,-81.615597630264,-82.231197690528,80.99999757,1.18,1.29,0.73,0.79,312.06,280.14,0.88,0.98,217.0,36.0,1.3602511882781982,0.54,0.61,24.0,134.0,1.0380687713623047,ok,ok,ok,1.0,True,touched and finished beyond,False,0.0906,0.071,False,False,18.12,200.0,181.88,100.26440236973599,0.0906,0.071,False,False,9.06,100.0,90.94,9.324402369735992,0.11460000000000002,0.09499999999999997,False,False,22.920000000000005,200.0,177.07999999999998,95.46440236973598,0.11019999999999998,0.071,False,False,22.039999999999996,200.0,177.96,95.728802309472,0.11019999999999998,0.071,False,False,11.019999999999998,100.0,88.98,6.748802309471998,0.13420000000000007,0.09499999999999997,False,False,26.840000000000014,200.0,173.15999999999997,90.92880230947196,9074.0,445.0
2073796,415380,IS,AAPL,Will Apple (AAPL) hit (HIGH) $296 in May?,1,296.0,True,2026-05-01,2026-05-04,2026-05-29,0.0,call,295.0,300.0,5.0,O:AAPL260529C00295000,O:AAPL260529C00300000,1.0,0.3069404009732084,0.39,1.0,5.0,5.0,-61.9516,-62.903200000000005,61.0,1.93,2.07,1.18,1.29,312.06,280.14,1.47,1.62,73.0,45.0,1.867121696472168,0.88,0.98,217.0,36.0,1.3602511882781982,ok,ok,ok,1.0,True,touched and finished beyond,False,0.1506,0.123,False,False,30.12,200.0,169.88,107.9284,0.1506,0.123,False,False,15.06,100.0,84.94,22.9884,0.18059999999999998,0.15300000000000002,False,False,36.12,200.0,163.88,101.9284,0.17820000000000005,0.123,False,False,35.64000000000001,200.0,164.35999999999999,101.45679999999999,0.17820000000000005,0.123,False,False,17.820000000000004,100.0,82.17999999999999,19.276799999999987,0.20819999999999994,0.15300000000000002,False,False,41.639999999999986,200.0,158.36,95.45680000000002,640.0,9074.0
2073808,415380,IS,AAPL,Will Apple (AAPL) hit (HIGH) $288 in May?,1,288.0,False,2026-05-01,2026-05-04,2026-05-29,0.0,call,285.0,290.0,5.0,O:AAPL260529C00285000,O:AAPL260529C00290000,1.0,0.732243440230203,0.68,1.0,207.14,100.0,-32.8704,-33.74079999999999,31.999999999999996,4.8,5.25,3.1,3.3,312.06,280.14,3.7,3.9,203.0,102.0,0.38029909133911133,2.37,2.47,1.0,2.0,0.6066248416900635,ok,ok,ok,1.0,True,touched and finished beyond,False,0.30859999999999993,0.27599999999999997,False,False,61.719999999999985,200.0,138.28,105.40960000000001,0.30859999999999993,0.27599999999999997,False,False,30.859999999999992,100.0,69.14,36.269600000000004,0.4326,0.36500000000000005,False,False,86.52,200.0,113.48,80.6096,0.34119999999999995,0.27599999999999997,False,False,68.24,200.0,131.76000000000002,98.01920000000003,0.34119999999999995,0.27599999999999997,False,False,34.12,100.0,65.88000000000001,32.13920000000002,0.5002,0.36500000000000005,False,False,100.03999999999999,200.0,99.96000000000001,66.21920000000001,714.0,1274.0
2073828,415380,IS,AAPL,Will Apple (AAPL) hit (LOW) $264 in May?,-1,264.0,True,2026-05-01,2026-05-04,2026-05-29,0.0,put,260.0,265.0,5.0,O:AAPL260529P00265000,O:AAPL260529P00260000,1.0,0.2828666440341331,0.3759414643305733,0.0,466.128386,100.0,36.65570851414711,35.71727059523687,62.40585356694267,1.36,1.49,2.06,2.2,312.06,280.14,1.69,1.81,99.0,72.0,4.604959011077881,2.49,2.7,345.0,3.0,1.3782353401184082,ok,ok,ok,0.0,False,never touched,False,0.20460000000000003,0.16900000000000004,False,False,40.92000000000001,0.0,-40.92000000000001,-4.264291485852901,0.20460000000000003,0.16900000000000004,False,False,20.460000000000004,0.0,-20.460000000000004,16.195708514147103,0.1706,0.14099999999999996,False,False,34.12,0.0,-34.12,2.5357085141471103,0.24020000000000005,0.16900000000000004,False,False,48.04000000000001,0.0,-48.04000000000001,-12.322729404763145,0.24020000000000005,0.16900000000000004,False,False,24.020000000000007,0.0,-24.020000000000007,11.697270595236862,0.20020000000000007,0.14099999999999996,False,False,40.04000000000001,0.0,-40.04000000000001,-4.322729404763145,510.0,1074.0
2073951,415411,IS,AMZN,"Will Amazon.com, Inc. (AMZN) hit (LOW) $256 in May?",-1,256.0,False,2026-05-01,2026-05-04,2026-05-29,0.0,put,255.0,260.0,5.0,O:AMZN260529P00260000,O:AMZN260529P00255000,1.0,0.5516902631871394,0.558136665612148,1.0,252.88,100.0,-45.172813951231205,-46.159294463677206,44.1863334387852,3.05,3.25,4.4,4.65,270.64,268.26,2.4,2.63,43.0,184.0,0.5791285037994385,3.3,3.75,121.0,171.0,1.5311603546142578,ok,ok,ok,0.0,False,touched and came back,False,0.2726,0.20200000000000004,False,False,54.52,0.0,-54.52,-99.69281395123122,0.2726,0.20200000000000004,False,False,27.26,0.0,-27.26,-72.43281395123121,0.3226000000000001,0.2750000000000001,False,False,64.52000000000002,0.0,-64.52000000000002,-109.69281395123123,0.34319999999999995,0.20200000000000004,False,False,68.63999999999999,0.0,-68.63999999999999,-114.7992944636772,0.34319999999999995,0.20200000000000004,False,False,34.31999999999999,0.0,-34.31999999999999,-80.4792944636772,0.3702000000000001,0.2750000000000001,False,False,74.04000000000002,0.0,-74.04000000000002,-120.19929446367723,330.0,447.0
2073953,415411,IS,AMZN,"Will Amazon.com, Inc. (AMZN) hit (LOW) $248 in May?",-1,248.0,True,2026-05-01,2026-05-04,2026-05-29,0.0,put,245.0,250.0,5.0,O:AMZN260529P00250000,O:AMZN260529P00245000,1.0,0.2628051799182373,0.3975899147243851,0.0,161.82,100.0,38.80094277470315,37.84289407696779,60.24100852756149,1.43,1.62,2.12,2.24,270.64,268.26,1.21,1.32,10.0,34.0,1.8134872913360596,1.69,1.85,70.0,90.0,0.17716693878173828,ok,ok,ok,0.0,False,never touched,False,0.13060000000000002,0.10099999999999998,False,False,26.120000000000005,0.0,-26.120000000000005,12.680942774703148,0.13060000000000002,0.10099999999999998,False,False,13.060000000000002,0.0,-13.060000000000002,25.74094277470315,0.16460000000000005,0.13100000000000006,False,False,32.92000000000001,0.0,-32.92000000000001,5.8809427747031435,0.1602000000000001,0.10099999999999998,False,False,32.04000000000002,0.0,-32.04000000000002,5.8028940769677675,0.1602000000000001,0.10099999999999998,False,False,16.02000000000001,0.0,-16.02000000000001,21.822894076967778,0.19820000000000007,0.13100000000000006,False,False,39.640000000000015,0.0,-39.640000000000015,-1.7971059230322268,629.0,1116.0
2073979,415417,IS,GOOGL,Will Alphabet Inc. (GOOGL) hit (HIGH) $410 in May?,1,410.0,False,2026-05-01,2026-05-04,2026-05-29,0.0,call,405.0,415.0,10.0,O:GOOGL260529C00405000,O:GOOGL260529C00415000,2.0,0.4614136746656074,0.449813126694976,0.0,974.988105,100.0,43.99138755850614,43.00146244751468,55.0186873305024,5.45,6.1,3.35,3.6,380.34,385.69,4.9,6.1,55.0,172.0,1.6922836303710938,2.72,3.8,494.0,399.0,0.2689056396484375,ok,ok,ok,0.0,False,never touched,False,0.3393,0.22400000000000003,False,False,67.86,0.0,-67.86,-23.86861244149386,0.3393,0.22400000000000003,False,False,33.93,0.0,-33.93,10.06138755850614,0.2763,0.23000000000000004,False,False,55.26,0.0,-55.26,-11.268612441493858,0.45459999999999984,0.22400000000000003,False,False,90.91999999999997,0.0,-90.91999999999997,-47.91853755248529,0.45459999999999984,0.22400000000000003,False,False,45.45999999999999,0.0,-45.45999999999999,-2.4585375524853035,0.3225999999999999,0.23000000000000004,False,False,64.51999999999998,0.0,-64.51999999999998,-21.5185375524853,96.0,59.0
2073982,415417,IS,GOOGL,Will Alphabet Inc. (GOOGL) hit (HIGH) $400 in May?,1,400.0,False,2026-05-01,2026-05-04,2026-05-29,0.0,call,395.0,405.0,10.0,O:GOOGL260529C00395000,O:GOOGL260529C00405000,2.0,0.6269207536217491,0.6216666666666667,1.0,600.0,100.0,-38.77412222222222,-39.71491111111111,37.83333333333333,8.5,9.3,5.45,6.1,380.34,385.69,7.8,9.35,60.0,280.0,0.39765262603759766,4.9,6.1,55.0,172.0,1.6922836303710938,ok,ok,ok,0.0,False,touched and came back,False,0.4463,0.30749999999999994,False,False,89.25999999999999,0.0,-89.25999999999999,-128.0341222222222,0.4463,0.30749999999999994,False,False,44.629999999999995,0.0,-44.629999999999995,-83.40412222222221,0.3863000000000001,0.3125,False,False,77.26000000000002,0.0,-77.26000000000002,-116.03412222222224,0.5851,0.30749999999999994,False,False,117.02,0.0,-117.02,-156.7349111111111,0.5851,0.30749999999999994,False,False,58.51,0.0,-58.51,-98.22491111111111,0.4601000000000001,0.3125,False,False,92.02000000000002,0.0,-92.02000000000002,-131.73491111111113,259.0,96.0
2074156,415431,IS,HOOD,"Will Robinhood Markets, Inc. (HOOD) hit (HIGH) $115 in May?",1,115.0,False,2026-05-01,2026-05-04,2026-06-05,7.0,call,110.0,130.0,20.0,O:HOOD260605C00110000,O:HOOD260605C00130000,2.0,0.0,0.0233356808191098,0.0,492.73,100.0,2.24240357463171,2.1512390673524364,97.66643191808903,0.1,0.37,0.0,0.96,82.47,73.66,0.1,0.95,557.0,577.0,0.17404866218566895,0.0,0.96,0.0,620.0,236314.75132489204,ok,"no usable quote at Monday 09:35 (from before the open, or no offer)","no usable quote at Monday 09:35 (from before the open, or no offer)",0.0,False,never touched,False,,,,,,,,,,,,,,,,,0.01915,-0.01225,False,False,3.83,0.0,-3.83,-1.58759642536829,,,,,,,,,,,,,,,,,0.02655,-0.01225,False,False,5.3100000000000005,0.0,-5.3100000000000005,-3.158760932647564,14.0,361.0
2074157,415431,IS,HOOD,"Will Robinhood Markets, Inc. (HOOD) hit (HIGH) $110 in May?",1,110.0,False,2026-05-01,2026-05-04,2026-05-29,0.0,call,102.0,120.0,18.0,O:HOOD260529C00102000,O:HOOD260529C00120000,3.0,0.120926047587484,0.0703581599225694,0.0,174.69263,100.0,6.774184435237424,6.512552878217905,92.96418400774306,0.02,2.36,0.05,0.16,94.3,73.66,0.02,0.89,394.0,286.0,2.0907375812530518,0.0,0.71,0.0,1.0,294.3044788837433,ok,ok,ok,0.0,False,never touched,False,0.050166666666666665,0.0055555555555555575,False,False,10.033333333333333,0.0,-10.033333333333333,-3.2591488980959094,0.050166666666666665,0.0055555555555555575,False,False,5.016666666666667,0.0,-5.016666666666667,1.7575177685707573,0.12905555555555556,0.06027777777777778,False,False,25.811111111111114,0.0,-25.811111111111114,-19.03692667587369,0.07505555555555556,0.0055555555555555575,False,False,15.011111111111111,0.0,-15.011111111111111,-8.498558232893206,0.07505555555555556,0.0055555555555555575,False,False,7.5055555555555555,0.0,-7.5055555555555555,-0.9930026773376506,0.19755555555555554,0.06027777777777778,False,False,39.511111111111106,0.0,-39.511111111111106,-32.9985582328932,0.0,101.0
2074158,415431,IS,HOOD,"Will Robinhood Markets, Inc. (HOOD) hit (HIGH) $105 in May?",1,105.0,False,2026-05-01,2026-05-04,2026-05-29,0.0,call,102.0,120.0,18.0,O:HOOD260529C00102000,O:HOOD260529C00120000,3.0,0.120926047587484,0.0879999999999999,0.0,68.59,68.59,8.478975999999996,8.157951999999998,91.20000000000002,0.02,2.36,0.05,0.16,94.3,73.66,0.02,0.89,394.0,286.0,2.0907375812530518,0.0,0.71,0.0,1.0,294.3044788837433,ok,ok,ok,0.0,False,never touched,False,0.050166666666666665,0.0055555555555555575,False,False,10.033333333333333,0.0,-10.033333333333333,-1.5543573333333374,0.050166666666666665,0.0055555555555555575,False,False,5.016666666666667,0.0,-5.016666666666667,3.4623093333333292,0.12905555555555556,0.06027777777777778,False,False,25.811111111111114,0.0,-25.811111111111114,-17.332135111111118,0.07505555555555556,0.0055555555555555575,False,False,15.011111111111111,0.0,-15.011111111111111,-6.853159111111113,0.07505555555555556,0.0055555555555555575,False,False,7.5055555555555555,0.0,-7.5055555555555555,0.6523964444444426,0.19755555555555554,0.06027777777777778,False,False,39.511111111111106,0.0,-39.511111111111106,-31.353159111111108,0.0,101.0
2074162,415431,IS,HOOD,"Will Robinhood Markets, Inc. (HOOD) hit (HIGH) $85 in May?",1,85.0,True,2026-05-01,2026-05-04,2026-05-29,0.0,call,84.0,86.0,2.0,O:HOOD260529C00084000,O:HOOD260529C00086000,0.0,0.2708297655645956,0.3599576797201219,1.0,354.44,100.0,-64.92578462211031,-65.84733721623283,64.00423202798781,1.31,1.54,1.1,1.21,94.3,73.66,1.78,2.61,1460.0,320.0,0.39978933334350586,1.34,2.07,1207.0,380.0,0.03385519981384277,ok,ok,ok,1.0,True,touched and finished beyond,False,0.6414999999999998,0.24499999999999988,False,False,128.29999999999998,200.0,71.70000000000003,6.774215377889718,0.6414999999999998,0.24499999999999988,False,False,64.14999999999999,100.0,35.850000000000016,-29.075784622110298,0.22649999999999998,0.135,False,False,45.3,200.0,154.70000000000002,89.7742153778897,1.0379999999999998,0.24499999999999988,False,True,207.59999999999997,200.0,-7.599999999999962,-73.4473372162328,1.0379999999999998,0.24499999999999988,False,True,103.79999999999998,100.0,-3.799999999999981,-69.64733721623281,0.31799999999999995,0.135,False,False,63.59999999999999,200.0,136.4,70.55266278376718,29.0,71.0
2074165,415431,IS,HOOD,"Will Robinhood Markets, Inc. (HOOD) hit (LOW) $70 in May?",-1,70.0,False,2026-05-01,2026-05-04,2026-05-29,0.0,put,69.0,71.0,2.0,O:HOOD260529P00071000,O:HOOD260529P00069000,0.0,0.7472895383171251,0.7599999999999999,0.0,22.6,22.6,75.2704,74.54079999999999,24.00000000000001,2.16,2.54,2.99,3.2,94.3,73.66,1.56,2.03,1165.0,256.0,0.7270932197570801,2.12,2.99,1400.0,669.0,0.8490941524505615,ok,ok,ok,0.0,False,never touched,False,0.7215,0.3800000000000001,False,False,144.3,0.0,-144.3,-69.02960000000002,0.7215,0.3800000000000001,False,False,72.15,0.0,-72.15,3.1203999999999894,0.5265,0.37250000000000005,False,False,105.3,0.0,-105.3,-30.029600000000002,1.063,0.3800000000000001,False,True,212.6,0.0,-212.6,-138.0592,1.063,0.3800000000000001,False,True,106.3,0.0,-106.3,-31.759200000000007,0.6805,0.37250000000000005,False,False,136.1,0.0,-136.1,-61.559200000000004,145.0,89.0
2074168,415431,IS,HOOD,"Will Robinhood Markets, Inc. (HOOD) hit (LOW) $55 in May?",-1,55.0,False,2026-05-01,2026-05-04,2026-05-29,0.0,put,50.0,58.0,8.0,O:HOOD260529P00058000,O:HOOD260529P00050000,0.0,0.0338537206955744,0.0424841853459732,0.0,451.48,100.0,4.085701417231476,3.922984299865627,95.75158146540268,0.04,0.43,0.27,0.47,94.3,73.66,0.0,0.4,0.0,96.0,144.69692754745483,0.2,0.42,149.0,13.0,32.52090549468994,ok,ok,ok,0.0,False,never touched,False,0.054125,0.013749999999999998,False,False,10.825,0.0,-10.825,-6.739298582768523,0.054125,0.013749999999999998,False,False,5.4125,0.0,-5.4125,-1.3267985827685234,0.055375,0.016875,False,False,11.075,0.0,-11.075,-6.989298582768523,0.0695,0.013749999999999998,False,False,13.900000000000002,0.0,-13.900000000000002,-9.977015700134375,0.0695,0.013749999999999998,False,False,6.950000000000001,0.0,-6.950000000000001,-3.027015700134374,0.0745,0.016875,False,False,14.899999999999999,0.0,-14.899999999999999,-10.977015700134372,110.0,12.0
2074169,415431,IS,HOOD,"Will Robinhood Markets, Inc. (HOOD) hit (LOW) $50 in May?",-1,50.0,True,2026-05-01,2026-05-04,2026-05-29,0.0,put,40.0,55.0,15.0,O:HOOD260529P00055000,O:HOOD260529P00040000,1.0,0.0140430248811271,0.0684603529058858,0.0,242.872426,100.0,6.590941158645032,6.335847026701483,93.15396470941141,0.0,0.2,0.15,0.26,94.3,73.66,0.0,0.2,0.0,87.0,29.544505834579468,0.08,0.4,616.0,138.0,0.10154128074645996,ok,ok,ok,0.0,False,never touched,False,0.027533333333333337,0.009333333333333334,False,False,5.506666666666668,0.0,-5.506666666666668,1.0842744919783645,0.027533333333333337,0.009333333333333334,False,False,2.753333333333334,0.0,-2.753333333333334,3.8376078253116983,0.0182,0.007000000000000001,False,False,3.64,0.0,-3.64,2.950941158645032,0.03906666666666667,0.009333333333333334,False,False,7.813333333333334,0.0,-7.813333333333334,-1.4774863066318513,0.03906666666666667,0.009333333333333334,False,False,3.906666666666667,0.0,-3.906666666666667,2.429180360034816,0.022733333333333335,0.007000000000000001,False,False,4.546666666666667,0.0,-4.546666666666667,1.7891803600348162,16.0,5.0
2074029,415420,IS,META,"Will Meta Platforms, Inc. (META) hit (LOW) $580 in May?",-1,580.0,True,2026-05-01,2026-05-04,2026-05-29,0.0,put,575.0,585.0,10.0,O:META260529P00585000,O:META260529P00575000,2.0,0.4714444067235552,0.5465,0.0,500.0,100.0,53.658649,52.667297999999995,45.35,6.95,7.25,9.15,9.75,632.51,608.745,7.25,7.75,9.0,16.0,5.368388414382935,10.0,10.6,20.0,30.0,4.257103204727173,ok,ok,ok,0.0,False,never touched,False,0.3363,0.2800000000000001,False,False,67.25999999999999,0.0,-67.25999999999999,-13.601350999999994,0.3363,0.2800000000000001,False,False,33.629999999999995,0.0,-33.629999999999995,20.028649,0.2813,0.23499999999999996,False,False,56.26,0.0,-56.26,-2.601351000000001,0.39259999999999984,0.2800000000000001,False,False,78.51999999999997,0.0,-78.51999999999997,-25.852701999999972,0.39259999999999984,0.2800000000000001,False,False,39.259999999999984,0.0,-39.259999999999984,13.407298000000011,0.3276,0.23499999999999996,False,False,65.52,0.0,-65.52,-12.852702,99.0,92.0
2074031,415420,IS,META,"Will Meta Platforms, Inc. (META) hit (LOW) $560 in May?",-1,560.0,False,2026-05-01,2026-05-04,2026-05-29,0.0,put,555.0,565.0,10.0,O:META260529P00565000,O:META260529P00555000,2.0,0.2808604976225435,0.29,0.0,15.16,15.16,28.176399999999997,27.3528,71.0,3.5,3.8,4.8,5.3,632.51,608.745,3.7,4.15,50.0,76.0,0.12159872055053711,5.2,5.65,39.0,84.0,2.1527233123779297,ok,ok,ok,0.0,False,never touched,False,0.1963,0.15000000000000005,False,False,39.26,0.0,-39.26,-11.0836,0.1963,0.15000000000000005,False,False,19.63,0.0,-19.63,8.546399999999998,0.1813,0.13999999999999999,False,False,36.26,0.0,-36.26,-8.0836,0.24259999999999998,0.15000000000000005,False,False,48.519999999999996,0.0,-48.519999999999996,-21.167199999999998,0.24259999999999998,0.15000000000000005,False,False,24.259999999999998,0.0,-24.259999999999998,3.0928000000000004,0.22259999999999996,0.13999999999999999,False,False,44.519999999999996,0.0,-44.519999999999996,-17.167199999999998,54.0,46.0
2073901,415404,IS,MSFT,Will Microsoft Corporation (MSFT) hit (LOW) $390 in May?,-1,390.0,False,2026-05-01,2026-05-04,2026-05-29,0.0,put,385.0,395.0,10.0,O:MSFT260529P00395000,O:MSFT260529P00385000,2.0,0.388189330642587,0.390000008533333,0.0,24.590161,24.590161,38.04840084582396,37.096800838314635,60.999999146666696,2.58,3.15,4.6,5.0,450.24,414.44,2.7,3.3,30.0,166.0,1.8381922245025635,4.25,5.4,545.0,119.0,0.20875263214111328,ok,ok,ok,0.0,False,never touched,False,0.27130000000000004,0.18250000000000002,False,False,54.260000000000005,0.0,-54.260000000000005,-16.211599154176042,0.27130000000000004,0.18250000000000002,False,False,27.130000000000003,0.0,-27.130000000000003,10.91840084582396,0.2433,0.19349999999999995,False,False,48.66,0.0,-48.66,-10.611599154176034,0.36010000000000003,0.18250000000000002,False,False,72.02000000000001,0.0,-72.02000000000001,-34.923199161685375,0.36010000000000003,0.18250000000000002,False,False,36.010000000000005,0.0,-36.010000000000005,1.0868008383146304,0.2931,0.19349999999999995,False,False,58.620000000000005,0.0,-58.620000000000005,-21.52319916168537,116.0,292.0
2074078,415425,IS,NFLX,"Will Netflix, Inc. (NFLX) hit (HIGH) $95 in May?",1,95.0,False,2026-05-01,2026-05-04,2026-05-29,0.0,call,94.0,96.0,2.0,O:NFLX260529C00094000,O:NFLX260529C00096000,0.0,0.6871051459694372,0.6635256589482245,0.0,786.86,100.0,65.45952845936026,64.56649102389805,33.64743410517755,2.13,2.19,1.45,1.5,86.02,92.06,1.99,2.04,7.0,41.0,1.8457484245300293,1.33,1.37,23.0,10.0,4.073728561401367,ok,ok,ok,0.0,False,never touched,False,0.3615,0.3325,False,False,72.3,0.0,-72.3,-6.84047154063974,0.3615,0.3325,False,False,36.15,0.0,-36.15,29.30952845936026,0.3765,0.3425,False,False,75.3,0.0,-75.3,-9.84047154063974,0.39049999999999996,0.3325,False,False,78.1,0.0,-78.1,-13.533508976101942,0.39049999999999996,0.3325,False,False,39.05,0.0,-39.05,25.516491023898055,0.4105,0.3425,False,False,82.1,0.0,-82.1,-17.533508976101942,436.0,367.0
2074058,415424,IS,NVDA,Will NVIDIA (NVDA) hit (HIGH) $264 in May?,1,264.0,False,2026-05-01,2026-05-04,2026-05-29,0.0,call,260.0,265.0,5.0,O:NVDA260529C00260000,O:NVDA260529C00265000,1.0,0.0260799033506647,0.0158050110351996,0.0,624.118071,100.0,1.5182802528744574,1.45605940222895,98.41949889648004,0.28,0.32,0.21,0.26,211.14,198.45,0.32,0.38,452.0,218.0,1.0863618850708008,0.25,0.31,420.0,99.0,0.9347453117370605,ok,ok,ok,0.0,False,never touched,False,0.0286,0.01399999999999999,False,False,5.72,0.0,-5.72,-4.2017197471255425,0.0286,0.01399999999999999,False,False,2.86,0.0,-2.86,-1.3417197471255424,0.024600000000000004,0.013000000000000012,False,False,4.920000000000001,0.0,-4.920000000000001,-3.4017197471255436,0.0432,0.01399999999999999,False,False,8.64,0.0,-8.64,-7.18394059777105,0.0432,0.01399999999999999,False,False,4.32,0.0,-4.32,-2.8639405977710504,0.036199999999999996,0.013000000000000012,False,False,7.239999999999999,0.0,-7.239999999999999,-5.78394059777105,198.0,24.0
2074059,415424,IS,NVDA,Will NVIDIA (NVDA) hit (HIGH) $256 in May?,1,256.0,False,2026-05-01,2026-05-04,2026-05-29,0.0,call,255.0,260.0,5.0,O:NVDA260529C00255000,O:NVDA260529C00260000,1.0,0.0300921961738439,0.0441411205073996,0.0,151.36,100.0,4.245341322788958,4.076570594837955,95.58588794926004,0.36,0.39,0.28,0.32,211.14,198.45,0.41,0.48,399.0,172.0,0.6396117210388184,0.32,0.38,452.0,218.0,1.0863618850708008,ok,ok,ok,0.0,False,never touched,False,0.03459999999999999,0.018999999999999996,False,False,6.919999999999998,0.0,-6.919999999999998,-2.67465867721104,0.03459999999999999,0.018999999999999996,False,False,3.459999999999999,0.0,-3.459999999999999,0.785341322788959,0.024599999999999997,0.01499999999999999,False,False,4.919999999999999,0.0,-4.919999999999999,-0.674658677211041,0.050199999999999995,0.018999999999999996,False,False,10.04,0.0,-10.04,-5.963429405162044,0.050199999999999995,0.018999999999999996,False,False,5.02,0.0,-5.02,-0.9434294051620444,0.03420000000000001,0.01499999999999999,False,False,6.840000000000002,0.0,-6.840000000000002,-2.7634294051620465,275.0,198.0
2074061,415424,IS,NVDA,Will NVIDIA (NVDA) hit (HIGH) $240 in May?,1,240.0,False,2026-05-01,2026-05-04,2026-05-29,0.0,call,235.0,245.0,10.0,O:NVDA260529C00235000,O:NVDA260529C00245000,2.0,0.0952919545505059,0.1172613491635382,0.0,102.116282,100.0,11.312090415730284,10.898045915106744,88.27386508364619,1.05,1.1,0.58,0.62,211.14,198.45,1.24,1.31,217.0,53.0,1.3492271900177002,0.7,0.77,451.0,325.0,0.4950520992279053,ok,ok,ok,0.0,False,never touched,False,0.062300000000000015,0.05399999999999999,False,False,12.460000000000003,0.0,-12.460000000000003,-1.1479095842697191,0.062300000000000015,0.05399999999999999,False,False,6.230000000000001,0.0,-6.230000000000001,5.082090415730282,0.053300000000000014,0.04750000000000002,False,False,10.660000000000004,0.0,-10.660000000000004,0.6520904157302798,0.07060000000000004,0.05399999999999999,False,False,14.120000000000008,0.0,-14.120000000000008,-3.221954084893264,0.07060000000000004,0.05399999999999999,False,False,7.060000000000004,0.0,-7.060000000000004,3.83804591510674,0.05910000000000001,0.04750000000000002,False,False,11.820000000000002,0.0,-11.820000000000002,-0.9219540848932581,1598.0,123.0
2074062,415424,IS,NVDA,Will NVIDIA (NVDA) hit (HIGH) $232 in May?,1,232.0,False,2026-05-01,2026-05-04,2026-05-29,0.0,call,230.0,235.0,5.0,O:NVDA260529C00230000,O:NVDA260529C00235000,1.0,0.1624978593387573,0.16,1.0,501.190475,100.0,-84.5376,-85.0752,84.0,1.45,1.51,1.05,1.1,211.14,198.45,1.69,1.76,220.0,70.0,0.07460904121398926,1.24,1.31,217.0,53.0,1.3492271900177002,ok,ok,ok,0.0,False,touched and came back,False,0.10660000000000001,0.09000000000000004,False,False,21.320000000000004,0.0,-21.320000000000004,-105.8576,0.10660000000000001,0.09000000000000004,False,False,10.660000000000002,0.0,-10.660000000000002,-95.1976,0.0946,0.08099999999999996,False,False,18.92,0.0,-18.92,-103.4576,0.12319999999999996,0.09000000000000004,False,False,24.639999999999993,0.0,-24.639999999999993,-109.71519999999998,0.12319999999999996,0.09000000000000004,False,False,12.319999999999997,0.0,-12.319999999999997,-97.39519999999999,0.10820000000000002,0.08099999999999996,False,False,21.640000000000004,0.0,-21.640000000000004,-106.7152,6448.0,1598.0
2074063,415424,IS,NVDA,Will NVIDIA (NVDA) hit (HIGH) $224 in May?,1,224.0,False,2026-05-01,2026-05-04,2026-05-29,0.0,call,220.0,225.0,5.0,O:NVDA260529C00220000,O:NVDA260529C00225000,1.0,0.3169711330311563,0.28,1.0,50.0,50.0,-72.80640000000001,-73.6128,72.0,2.79,2.88,2.0,2.09,211.14,198.45,3.15,3.25,6.0,55.0,1.4019789695739746,2.3,2.39,211.0,260.0,0.49787282943725586,ok,ok,ok,0.0,False,touched and came back,False,0.19260000000000002,0.1710000000000001,False,False,38.52,0.0,-38.52,-111.3264,0.19260000000000002,0.1710000000000001,False,False,19.26,0.0,-19.26,-92.06640000000002,0.17859999999999998,0.158,False,False,35.72,0.0,-35.72,-108.52640000000001,0.2142,0.1710000000000001,False,False,42.84,0.0,-42.84,-116.4528,0.2142,0.1710000000000001,False,False,21.42,0.0,-21.42,-95.0328,0.19919999999999996,0.158,False,False,39.83999999999999,0.0,-39.83999999999999,-113.45279999999998,5948.0,1725.0
2074064,415424,IS,NVDA,Will NVIDIA (NVDA) hit (HIGH) $216 in May?,1,216.0,False,2026-05-01,2026-05-04,2026-05-29,0.0,call,215.0,220.0,5.0,O:NVDA260529C00215000,O:NVDA260529C00220000,1.0,0.4373399177265321,0.44,1.0,42.81,42.81,-56.98559999999999,-57.9712,56.00000000000001,3.85,4.0,2.79,2.88,211.14,198.45,4.25,4.4,349.0,34.0,0.3025379180908203,3.15,3.25,6.0,55.0,1.4019789695739746,ok,ok,ok,0.0,False,touched and came back,False,0.2526000000000001,0.225,False,False,50.52000000000002,0.0,-50.52000000000002,-107.50560000000002,0.2526000000000001,0.225,False,False,25.26000000000001,0.0,-25.26000000000001,-82.2456,0.24459999999999998,0.21799999999999997,False,False,48.919999999999995,0.0,-48.919999999999995,-105.90559999999999,0.28020000000000017,0.225,False,False,56.040000000000035,0.0,-56.040000000000035,-114.01120000000003,0.28020000000000017,0.225,False,False,28.020000000000017,0.0,-28.020000000000017,-85.99120000000002,0.2712,0.21799999999999997,False,False,54.24,0.0,-54.24,-112.2112,3296.0,5948.0
2074067,415424,IS,NVDA,Will NVIDIA (NVDA) hit (LOW) $192 in May?,-1,192.0,False,2026-05-01,2026-05-04,2026-05-29,0.0,put,190.0,195.0,5.0,O:NVDA260529P00195000,O:NVDA260529P00190000,1.0,0.752304904346099,0.7844296788482835,0.0,18.06,18.06,77.76656885366731,77.09016982250625,21.557032115171648,5.55,5.7,7.4,7.6,211.14,198.45,5.3,5.45,386.0,194.0,0.15109729766845703,7.1,7.3,390.0,311.0,0.15121245384216309,ok,ok,ok,0.0,False,never touched,False,0.4026,0.3649999999999999,False,False,80.52,0.0,-80.52,-2.7534311463326873,0.4026,0.3649999999999999,False,False,40.26,0.0,-40.26,37.50656885366731,0.41259999999999997,0.375,False,False,82.52,0.0,-82.52,-4.753431146332687,0.44020000000000015,0.3649999999999999,False,False,88.04000000000003,0.0,-88.04000000000003,-10.94983017749378,0.44020000000000015,0.3649999999999999,False,False,44.02000000000002,0.0,-44.02000000000002,33.07016982250624,0.45019999999999993,0.375,False,False,90.03999999999999,0.0,-90.03999999999999,-12.949830177493737,2387.0,1282.0
2074068,415424,IS,NVDA,Will NVIDIA (NVDA) hit (LOW) $184 in May?,-1,184.0,False,2026-05-01,2026-05-04,2026-05-29,0.0,put,180.0,185.0,5.0,O:NVDA260529P00185000,O:NVDA260529P00180000,1.0,0.463419821077197,0.4964782096584216,0.0,152.82,100.0,48.64787057787101,47.64792018989984,50.35217903415784,2.94,3.05,4.1,4.2,211.14,198.45,2.78,2.89,313.0,190.0,1.168372631072998,3.85,4.0,492.0,205.0,0.3796863555908203,ok,ok,ok,0.0,False,never touched,False,0.24660000000000004,0.21799999999999997,False,False,49.32000000000001,0.0,-49.32000000000001,-0.6721294221289966,0.24660000000000004,0.21799999999999997,False,False,24.660000000000004,0.0,-24.660000000000004,23.987870577871007,0.25460000000000005,0.23100000000000004,False,False,50.92000000000001,0.0,-50.92000000000001,-2.272129422128998,0.2752000000000001,0.21799999999999997,False,False,55.04000000000002,0.0,-55.04000000000002,-7.392079810100178,0.2752000000000001,0.21799999999999997,False,False,27.52000000000001,0.0,-27.52000000000001,20.127920189899832,0.2782,0.23100000000000004,False,False,55.64,0.0,-55.64,-7.992079810100158,1605.0,2297.0
2074070,415424,IS,NVDA,Will NVIDIA (NVDA) hit (LOW) $168 in May?,-1,168.0,False,2026-05-01,2026-05-04,2026-05-29,0.0,put,165.0,170.0,5.0,O:NVDA260529P00170000,O:NVDA260529P00165000,1.0,0.1825593234546532,0.1411999923852655,0.0,633.94002,100.0,13.634949020383887,13.14989880224122,85.88000076147345,1.05,1.1,1.5,1.56,211.14,198.45,0.99,1.04,599.0,21.0,4.629709482192993,1.4,1.48,592.0,144.0,0.2650783061981201,ok,ok,ok,0.0,False,never touched,False,0.10060000000000001,0.08499999999999996,False,False,20.12,0.0,-20.12,-6.485050979616114,0.10060000000000001,0.08499999999999996,False,False,10.06,0.0,-10.06,3.5749490203838867,0.10460000000000001,0.09099999999999997,False,False,20.92,0.0,-20.92,-7.2850509796161145,0.11620000000000001,0.08499999999999996,False,False,23.240000000000002,0.0,-23.240000000000002,-10.090101197758782,0.11620000000000001,0.08499999999999996,False,False,11.620000000000001,0.0,-11.620000000000001,1.5298988022412185,0.11820000000000003,0.09099999999999997,False,False,23.640000000000004,0.0,-23.640000000000004,-10.490101197758785,568.0,438.0
2074071,415424,IS,NVDA,Will NVIDIA (NVDA) hit (LOW) $160 in May?,-1,160.0,False,2026-05-01,2026-05-04,2026-05-29,0.0,put,155.0,165.0,10.0,O:NVDA260529P00165000,O:NVDA260529P00155000,2.0,0.1023134669910695,0.0982855760909604,0.0,1809.745235,100.0,9.47405552260233,9.119553436108616,90.17144239090396,0.54,0.59,1.05,1.1,211.14,198.45,0.48,0.56,478.0,217.0,1.3908016681671143,0.99,1.04,599.0,21.0,4.629709482192993,ok,ok,ok,0.0,False,never touched,False,0.05730000000000001,0.04950000000000001,False,False,11.460000000000003,0.0,-11.460000000000003,-1.9859444773976733,0.05730000000000001,0.04950000000000001,False,False,5.730000000000001,0.0,-5.730000000000001,3.744055522602328,0.05730000000000001,0.051000000000000024,False,False,11.460000000000003,0.0,-11.460000000000003,-1.9859444773976733,0.0651,0.04950000000000001,False,False,13.020000000000001,0.0,-13.020000000000001,-3.9004465638913857,0.0651,0.04950000000000001,False,False,6.510000000000001,0.0,-6.510000000000001,2.609553436108615,0.06359999999999999,0.051000000000000024,False,False,12.719999999999999,0.0,-12.719999999999999,-3.600446563891383,438.0,63.0
2074104,415427,IS,OPEN,Will Opendoor Technologies Inc. (OPEN) hit (HIGH) $6.50 in May?,1,6.5,False,2026-05-01,2026-05-04,2026-05-29,0.0,call,6.0,7.0,1.0,O:OPEN260529C00006000,O:OPEN260529C00007000,0.0,0.4212907464338155,0.4399999999999999,0.0,40.0,40.0,43.014399999999995,42.0288,56.00000000000001,0.37,0.42,0.17,0.2,5.04,5.44,0.29,0.39,1675.0,62.0,11.36711859703064,0.15,0.18,111.0,455.0,7.430048227310181,ok,ok,ok,0.0,False,never touched,False,0.253,0.175,False,False,50.6,0.0,-50.6,-7.585600000000007,0.253,0.175,False,False,25.3,0.0,-25.3,17.714399999999994,0.26299999999999996,0.21000000000000002,False,False,52.599999999999994,0.0,-52.599999999999994,-9.5856,0.33100000000000007,0.175,False,False,66.20000000000002,0.0,-66.20000000000002,-24.17120000000002,0.33100000000000007,0.175,False,False,33.10000000000001,0.0,-33.10000000000001,8.928799999999988,0.31599999999999995,0.21000000000000002,False,False,63.19999999999999,0.0,-63.19999999999999,-21.171199999999992,461.0,204.0
2074108,415427,IS,OPEN,Will Opendoor Technologies Inc. (OPEN) hit (LOW) $4.50 in May?,-1,4.5,False,2026-05-01,2026-05-04,2026-05-29,0.0,put,4.0,5.0,1.0,O:OPEN260529P00005000,O:OPEN260529P00004000,0.0,0.6018439234768792,0.4699999999999998,1.0,43.77,43.77,-53.99640000000001,-54.99280000000002,53.00000000000003,0.06,0.1,0.33,0.43,5.04,5.44,0.0,2.56,0.0,1.0,299.84764337539673,0.3,0.45,2174.0,462.0,1.412588119506836,ok,ok,ok,0.0,False,touched and came back,False,0.463,-0.905,False,False,92.60000000000001,0.0,-92.60000000000001,-146.59640000000002,0.463,-0.905,False,False,46.300000000000004,0.0,-46.300000000000004,-100.2964,0.383,0.3,False,False,76.6,0.0,-76.6,-130.59640000000002,0.551,-0.905,False,False,110.2,0.0,-110.2,-165.19280000000003,0.551,-0.905,False,False,55.1,0.0,-55.1,-110.09280000000001,0.466,0.3,False,False,93.2,0.0,-93.2,-148.19280000000003,92.0,32.0
2074089,415426,IS,PLTR,Will Palantir Technologies Inc. (PLTR) hit (HIGH) $162 in May?,1,162.0,False,2026-05-01,2026-05-04,2026-05-29,0.0,call,160.0,162.5,2.5,O:PLTR260529C00160000,O:PLTR260529C00162500,0.0,0.4413522105497112,0.4556074766,0.0,107.0,100.0,44.56863044453528,43.57651322907056,54.439252339999996,4.15,4.6,3.75,3.9,156.54,144.07,5.2,5.5,34.0,74.0,2.485326051712036,4.5,4.8,112.0,113.0,0.5690906047821045,ok,ok,ok,0.0,False,never touched,False,0.4052,0.2799999999999997,False,False,81.04,0.0,-81.04,-36.471369555464726,0.4052,0.2799999999999997,False,False,40.52,0.0,-40.52,4.048630444535277,0.34519999999999984,0.21999999999999992,False,False,69.03999999999996,0.0,-69.03999999999996,-24.471369555464683,0.5304000000000002,0.2799999999999997,False,False,106.08000000000004,0.0,-106.08000000000004,-62.503486770929484,0.5304000000000002,0.2799999999999997,False,False,53.04000000000002,0.0,-53.04000000000002,-9.463486770929464,0.4703999999999998,0.21999999999999992,False,False,94.07999999999997,0.0,-94.07999999999997,-50.50348677092941,1840.0,59.0
2074091,415426,IS,PLTR,Will Palantir Technologies Inc. (PLTR) hit (HIGH) $150 in May?,1,150.0,True,2026-05-01,2026-05-04,2026-05-29,0.0,call,149.0,152.5,3.5,O:PLTR260529C00149000,O:PLTR260529C00152500,0.0,0.7021512440563589,0.78,1.0,5.0,5.0,-22.686399999999995,-23.37279999999999,21.999999999999996,7.6,8.15,6.35,6.95,156.54,144.07,8.85,9.65,114.0,42.0,2.512791395187378,7.75,8.15,30.0,68.0,1.3189301490783691,ok,ok,ok,1.0,True,touched and finished beyond,False,0.5465714285714286,0.3714285714285714,False,False,109.31428571428572,200.0,90.68571428571428,67.99931428571429,0.5465714285714286,0.3714285714285714,False,False,54.65714285714286,100.0,45.34285714285714,22.656457142857146,0.5180000000000001,0.3499999999999999,False,False,103.60000000000002,200.0,96.39999999999998,73.71359999999999,0.721714285714286,0.3714285714285714,False,False,144.34285714285718,200.0,55.6571428571428,32.28434285714281,0.721714285714286,0.3714285714285714,False,False,72.17142857142859,100.0,27.8285714285714,4.45577142857141,0.6860000000000005,0.3499999999999999,False,False,137.2000000000001,200.0,62.7999999999999,39.42719999999991,126.0,120.0
2074174,415432,IS,SPY,Will S&P 500 (SPY) hit (HIGH) $740 in May?,1,740.0,False,2026-05-01,2026-05-04,2026-05-29,0.0,call,739.0,741.0,2.0,O:SPY260529C00739000,O:SPY260529C00741000,0.0,0.6219053875927752,0.5068369120615288,1.0,6129.389997,100.0,-50.31612182038096,-51.31593484691482,49.31630879384712,3.9,3.97,3.28,3.35,756.48,720.65,3.29,3.34,205.0,211.0,0.25084853172302246,2.75,2.79,185.0,213.0,0.47995495796203613,ok,ok,ok,1.0,True,touched and finished beyond,False,0.30149999999999993,0.27249999999999996,False,False,60.29999999999999,200.0,139.70000000000002,89.38387817961906,0.30149999999999993,0.27249999999999996,False,False,30.149999999999995,100.0,69.85000000000001,19.53387817961905,0.3515000000000002,0.31000000000000005,False,False,70.30000000000004,200.0,129.69999999999996,79.383878179619,0.3304999999999999,0.27249999999999996,False,False,66.09999999999998,200.0,133.9,82.58406515308519,0.3304999999999999,0.27249999999999996,False,False,33.04999999999999,100.0,66.95,15.634065153085182,0.39300000000000057,0.31000000000000005,False,False,78.60000000000011,200.0,121.39999999999989,70.08406515308508,272.0,223.0
2074175,415432,IS,SPY,Will S&P 500 (SPY) hit (HIGH) $730 in May?,1,730.0,False,2026-05-01,2026-05-04,2026-05-29,0.0,call,729.0,731.0,2.0,O:SPY260529C00729000,O:SPY260529C00731000,0.0,0.9779963756499293,0.7397166851132075,1.0,808.403332,100.0,-26.79847513219259,-27.568618775705932,26.028331488679246,8.05,8.14,7.08,7.16,756.48,720.65,7.14,7.19,140.0,128.0,0.07500886917114258,6.22,6.27,145.0,133.0,0.28897857666015625,ok,ok,ok,1.0,True,touched and finished beyond,False,0.4915000000000003,0.4600000000000004,False,False,98.30000000000007,200.0,101.69999999999995,74.90152486780735,0.4915000000000003,0.4600000000000004,False,False,49.150000000000034,100.0,50.84999999999997,24.051524867807384,0.5365000000000002,0.48750000000000027,False,False,107.30000000000004,200.0,92.69999999999996,65.90152486780737,0.5230000000000002,0.4600000000000004,False,False,104.60000000000005,200.0,95.39999999999995,67.83138122429402,0.5230000000000002,0.4600000000000004,False,False,52.300000000000026,100.0,47.699999999999974,20.131381224294042,0.5855000000000002,0.48750000000000027,False,False,117.10000000000005,200.0,82.89999999999995,55.33138122429402,71.0,120.0
2074177,415432,IS,SPY,Will S&P 500 (SPY) hit (LOW) $710 in May?,-1,710.0,True,2026-05-01,2026-05-04,2026-05-29,0.0,put,709.0,711.0,2.0,O:SPY260529P00711000,O:SPY260529P00709000,0.0,0.4965212368684254,0.781262332457942,0.0,1017.64,100.0,77.44266724443293,76.75910124307165,21.873766754205803,6.62,6.7,7.11,7.2,756.48,720.65,6.86,6.91,152.0,156.0,0.2688000202178955,7.37,7.42,136.0,99.0,0.28807497024536133,ok,ok,ok,0.0,False,never touched,False,0.2864999999999998,0.2549999999999999,False,False,57.29999999999996,0.0,-57.29999999999996,20.142667244432964,0.2864999999999998,0.2549999999999999,False,False,28.64999999999998,0.0,-28.64999999999998,48.79266724443295,0.29650000000000004,0.24750000000000005,False,False,59.30000000000001,0.0,-59.30000000000001,18.142667244432914,0.3179999999999997,0.2549999999999999,False,False,63.599999999999945,0.0,-63.599999999999945,13.15910124307171,0.3179999999999997,0.2549999999999999,False,False,31.799999999999972,0.0,-31.799999999999972,44.959101243071686,0.34550000000000003,0.24750000000000005,False,False,69.10000000000001,0.0,-69.10000000000001,7.659101243071646,103.0,1117.0
2074178,415432,IS,SPY,Will S&P 500 (SPY) hit (LOW) $700 in May?,-1,700.0,True,2026-05-01,2026-05-04,2026-05-29,0.0,put,699.0,701.0,2.0,O:SPY260529P00701000,O:SPY260529P00699000,0.0,0.3761524521730504,0.6894574245584568,0.0,2369.44,100.0,68.08931891872697,67.23289538160827,31.054257544154318,4.63,4.68,4.99,5.07,756.48,720.65,4.81,4.85,87.0,87.0,0.2871890068054199,5.16,5.21,168.0,238.0,0.23161625862121582,ok,ok,ok,0.0,False,never touched,False,0.20650000000000018,0.1775000000000002,False,False,41.30000000000004,0.0,-41.30000000000004,26.789318918726934,0.20650000000000018,0.1775000000000002,False,False,20.65000000000002,0.0,-20.65000000000002,47.439318918726954,0.2265000000000002,0.18750000000000044,False,False,45.30000000000004,0.0,-45.30000000000004,22.789318918726934,0.23550000000000015,0.1775000000000002,False,False,47.10000000000003,0.0,-47.10000000000003,20.132895381608243,0.23550000000000015,0.1775000000000002,False,False,23.550000000000015,0.0,-23.550000000000015,43.68289538160826,0.26549999999999996,0.18750000000000044,False,False,53.099999999999994,0.0,-53.099999999999994,14.132895381608279,208.0,1384.0
2074179,415432,IS,SPY,Will S&P 500 (SPY) hit (LOW) $690 in May?,-1,690.0,True,2026-05-01,2026-05-04,2026-05-29,0.0,put,689.0,691.0,2.0,O:SPY260529P00691000,O:SPY260529P00689000,0.0,0.2307068373328036,0.45353403305889,0.0,2704.87,100.0,44.36203965022409,43.370675994559186,54.646596694111004,3.31,3.36,3.53,3.6,756.48,720.65,3.39,3.43,210.0,94.0,0.28807497024536133,3.63,3.68,238.0,246.0,0.19692373275756836,ok,ok,ok,0.0,False,never touched,False,0.15150000000000002,0.12250000000000005,False,False,30.300000000000004,0.0,-30.300000000000004,14.062039650224087,0.15150000000000002,0.12250000000000005,False,False,15.150000000000002,0.0,-15.150000000000002,29.21203965022409,0.15150000000000002,0.11499999999999999,False,False,30.300000000000004,0.0,-30.300000000000004,14.062039650224087,0.1805,0.12250000000000005,False,False,36.1,0.0,-36.1,7.270675994559184,0.1805,0.12250000000000005,False,False,18.05,0.0,-18.05,25.320675994559185,0.18800000000000006,0.11499999999999999,False,False,37.60000000000001,0.0,-37.60000000000001,5.770675994559177,51.0,325.0
2074180,415432,IS,SPY,Will S&P 500 (SPY) hit (LOW) $680 in May?,-1,680.0,True,2026-05-01,2026-05-04,2026-05-29,0.0,put,679.0,681.0,2.0,O:SPY260529P00681000,O:SPY260529P00679000,0.0,0.1504609808692197,0.26,0.0,1.35135,1.35135,25.230400000000003,24.460800000000003,74.0,2.38,2.42,2.52,2.58,756.48,720.65,2.42,2.46,545.0,249.0,0.2511727809906006,2.59,2.63,244.0,286.0,1.1062164306640625,ok,ok,ok,0.0,False,never touched,False,0.11149999999999999,0.08499999999999996,False,False,22.299999999999997,0.0,-22.299999999999997,2.930400000000006,0.11149999999999999,0.08499999999999996,False,False,11.149999999999999,0.0,-11.149999999999999,14.080400000000004,0.1065000000000001,0.07499999999999996,False,False,21.30000000000002,0.0,-21.30000000000002,3.9303999999999846,0.138,0.08499999999999996,False,False,27.6,0.0,-27.6,-3.139199999999999,0.138,0.08499999999999996,False,False,13.8,0.0,-13.8,10.660800000000002,0.13800000000000023,0.07499999999999996,False,False,27.600000000000048,0.0,-27.600000000000048,-3.139200000000045,1073.0,92.0
2074181,415432,IS,SPY,Will S&P 500 (SPY) hit (LOW) $670 in May?,-1,670.0,False,2026-05-01,2026-05-04,2026-05-29,0.0,put,669.0,671.0,2.0,O:SPY260529P00671000,O:SPY260529P00669000,0.0,0.1053226866084538,0.1529718778646566,0.0,232.176466,100.0,14.778901856676798,14.260615926887931,84.70281221353434,1.74,1.78,1.84,1.89,756.48,720.65,1.76,1.79,302.0,116.0,0.321270227432251,1.87,1.91,564.0,244.0,0.9597578048706055,ok,ok,ok,0.0,False,never touched,False,0.08149999999999996,0.05750000000000011,False,False,16.299999999999994,0.0,-16.299999999999994,-1.5210981433231954,0.08149999999999996,0.05750000000000011,False,False,8.149999999999997,0.0,-8.149999999999997,6.628901856676801,0.08149999999999996,0.05249999999999999,False,False,16.299999999999994,0.0,-16.299999999999994,-1.5210981433231954,0.1054999999999998,0.05750000000000011,False,False,21.09999999999996,0.0,-21.09999999999996,-6.8393840731120275,0.1054999999999998,0.05750000000000011,False,False,10.54999999999998,0.0,-10.54999999999998,3.710615926887952,0.11049999999999992,0.05249999999999999,False,False,22.099999999999984,0.0,-22.099999999999984,-7.839384073112052,60.0,1668.0
2074183,415432,IS,SPY,Will S&P 500 (SPY) hit (LOW) $650 in May?,-1,650.0,False,2026-05-01,2026-05-04,2026-05-29,0.0,put,649.0,651.0,2.0,O:SPY260529P00651000,O:SPY260529P00649000,0.0,0.0501536602897402,0.079850663777723,0.0,1385.747654,100.0,7.691168236684387,7.397270095596466,92.0149336222277,0.99,1.02,1.04,1.07,756.48,720.65,1.0,1.03,406.0,628.0,2.2747042179107666,1.05,1.08,577.0,595.0,0.30332136154174805,ok,ok,ok,0.0,False,never touched,False,0.046500000000000034,0.02499999999999991,False,False,9.300000000000006,0.0,-9.300000000000006,-1.608831763315619,0.046500000000000034,0.02499999999999991,False,False,4.650000000000003,0.0,-4.650000000000003,3.041168236684384,0.046500000000000034,0.025000000000000133,False,False,9.300000000000006,0.0,-9.300000000000006,-1.608831763315619,0.0680000000000001,0.02499999999999991,False,False,13.600000000000021,0.0,-13.600000000000021,-6.202729904403555,0.0680000000000001,0.02499999999999991,False,False,6.8000000000000105,0.0,-6.8000000000000105,0.5972700955964552,0.06799999999999999,0.025000000000000133,False,False,13.599999999999998,0.0,-13.599999999999998,-6.202729904403532,32.0,15.0
2135258,439134,IS,SPY,Will S&P 500 (SPY) hit (LOW) $715 Week of May 4 2026?,-1,715.0,False,2026-05-01,2026-05-04,2026-05-08,0.0,put,714.0,716.0,2.0,O:SPY260508P00716000,O:SPY260508P00714000,0.0,0.4903760346249773,0.4500000367,0.0,10.909088,10.909088,44.010003655320006,43.020003640640006,54.99999633,2.42,2.48,2.91,2.97,737.62,720.65,2.49,2.53,161.0,184.0,0.48667335510253906,3.02,3.05,90.0,10.0,0.2814290523529053,ok,ok,ok,0.0,False,never touched,False,0.2864999999999998,0.2625000000000002,False,False,57.29999999999996,0.0,-57.29999999999996,-13.289996344679956,0.2864999999999998,0.2625000000000002,False,False,28.64999999999998,0.0,-28.64999999999998,15.360003655320025,0.28150000000000014,0.2450000000000001,False,False,56.300000000000026,0.0,-56.300000000000026,-12.28999634468002,0.31049999999999944,0.2625000000000002,False,False,62.09999999999989,0.0,-62.09999999999989,-19.079996359359882,0.31049999999999944,0.2625000000000002,False,False,31.049999999999944,0.0,-31.049999999999944,11.970003640640062,0.31800000000000017,0.2450000000000001,False,False,63.60000000000004,0.0,-63.60000000000004,-20.57999635936003,4142.0,2813.0
2135259,439134,IS,SPY,Will S&P 500 (SPY) hit (LOW) $710 Week of May 4 2026?,-1,710.0,False,2026-05-01,2026-05-04,2026-05-08,0.0,put,709.0,711.0,2.0,O:SPY260508P00711000,O:SPY260508P00709000,0.0,0.3202455736326379,0.1999999999999999,0.0,6.25,6.25,19.359999999999996,18.719999999999995,80.0,1.51,1.56,1.82,1.89,737.62,720.65,1.54,1.57,210.0,117.0,0.2880840301513672,1.87,1.9,191.0,208.0,0.0746757984161377,ok,ok,ok,0.0,False,never touched,False,0.18649999999999994,0.16499999999999992,False,False,37.29999999999999,0.0,-37.29999999999999,-17.939999999999994,0.18649999999999994,0.16499999999999992,False,False,18.649999999999995,0.0,-18.649999999999995,0.7100000000000009,0.19649999999999995,0.15999999999999992,False,False,39.29999999999999,0.0,-39.29999999999999,-19.939999999999994,0.20799999999999996,0.16499999999999992,False,False,41.599999999999994,0.0,-41.599999999999994,-22.88,0.20799999999999996,0.16499999999999992,False,False,20.799999999999997,0.0,-20.799999999999997,-2.080000000000002,0.23299999999999998,0.15999999999999992,False,False,46.599999999999994,0.0,-46.599999999999994,-27.88,1704.0,1692.0
2074044,415423,IS,TSLA,"Will Tesla, Inc. (TSLA) hit (HIGH) $480 in May?",1,480.0,False,2026-05-01,2026-05-04,2026-05-29,0.0,call,475.0,485.0,10.0,O:TSLA260529C00475000,O:TSLA260529C00485000,2.0,0.0611874655534827,0.0855055412913712,0.0,249.34253,100.0,8.237776754337764,7.924999379538401,91.44944587086287,1.24,1.31,0.92,1.02,435.79,390.82,1.11,1.14,8.0,56.0,1.1647958755493164,0.86,0.88,5.0,4.0,1.1809887886047363,ok,ok,ok,0.0,False,never touched,False,0.02929999999999999,0.025500000000000002,False,False,5.859999999999998,0.0,-5.859999999999998,2.3777767543377664,0.02929999999999999,0.025500000000000002,False,False,2.929999999999999,0.0,-2.929999999999999,5.307776754337765,0.0403,0.030499999999999992,False,False,8.06,0.0,-8.06,0.17777675433776352,0.033099999999999984,0.025500000000000002,False,False,6.6199999999999966,0.0,-6.6199999999999966,1.3049993795384047,0.033099999999999984,0.025500000000000002,False,False,3.3099999999999983,0.0,-3.3099999999999983,4.6149993795384034,0.050100000000000006,0.030499999999999992,False,False,10.020000000000001,0.0,-10.020000000000001,-2.0950006204616,116.0,135.0
2074045,415423,IS,TSLA,"Will Tesla, Inc. (TSLA) hit (HIGH) $465 in May?",1,465.0,False,2026-05-01,2026-05-04,2026-05-29,0.0,call,460.0,470.0,10.0,O:TSLA260529C00460000,O:TSLA260529C00470000,2.0,0.099304247373685,0.1478976653563674,0.0,482.26718,100.0,14.285670751882732,13.78157496812872,85.21023346436326,1.94,2.02,1.44,1.53,435.79,390.82,1.72,1.76,7.0,6.0,4.979879379272461,1.27,1.3,3.0,3.0,1.1809041500091553,ok,ok,ok,0.0,False,never touched,False,0.050300000000000004,0.045499999999999985,False,False,10.06,0.0,-10.06,4.225670751882731,0.050300000000000004,0.045499999999999985,False,False,5.03,0.0,-5.03,9.255670751882732,0.05930000000000001,0.04950000000000001,False,False,11.860000000000003,0.0,-11.860000000000003,2.4256707518827287,0.05510000000000001,0.045499999999999985,False,False,11.020000000000001,0.0,-11.020000000000001,2.761574968128718,0.05510000000000001,0.045499999999999985,False,False,5.510000000000001,0.0,-5.510000000000001,8.271574968128718,0.06910000000000001,0.04950000000000001,False,False,13.820000000000002,0.0,-13.820000000000002,-0.038425031871282656,287.0,212.0
2074046,415423,IS,TSLA,"Will Tesla, Inc. (TSLA) hit (HIGH) $450 in May?",1,450.0,False,2026-05-01,2026-05-04,2026-05-29,0.0,call,445.0,455.0,10.0,O:TSLA260529C00445000,O:TSLA260529C00455000,2.0,0.1775439574256793,0.1999999999999999,1.0,1.25,1.25,-80.64,-81.28,80.0,3.15,3.25,2.27,2.36,435.79,390.82,2.79,2.85,9.0,2.0,5.176668167114258,2.0,2.04,8.0,5.0,1.0348711013793945,ok,ok,ok,0.0,False,touched and came back,False,0.0863,0.08000000000000003,False,False,17.26,0.0,-17.26,-97.9,0.0863,0.08000000000000003,False,False,8.63,0.0,-8.63,-89.27,0.0993,0.08850000000000002,False,False,19.86,0.0,-19.86,-100.5,0.0926,0.08000000000000003,False,False,18.52,0.0,-18.52,-99.8,0.0926,0.08000000000000003,False,False,9.26,0.0,-9.26,-90.54,0.11009999999999998,0.08850000000000002,False,False,22.019999999999996,0.0,-22.019999999999996,-103.3,1156.0,387.0
2074048,415423,IS,TSLA,"Will Tesla, Inc. (TSLA) hit (HIGH) $420 in May?",1,420.0,True,2026-05-01,2026-05-04,2026-05-29,0.0,call,415.0,425.0,10.0,O:TSLA260529C00415000,O:TSLA260529C00425000,2.0,0.4714444067235552,0.5400000405000001,1.0,10.869564,10.869564,-46.99359593703999,-47.987195924079984,45.99999594999999,8.4,8.6,6.05,6.25,435.79,390.82,7.55,7.7,13.0,18.0,1.983245611190796,5.4,5.55,23.0,26.0,1.0348210334777832,ok,ok,ok,1.0,True,touched and finished beyond,False,0.23129999999999998,0.21500000000000002,False,False,46.26,200.0,153.74,106.74640406296001,0.23129999999999998,0.21500000000000002,False,False,23.13,100.0,76.87,29.876404062960013,0.25630000000000003,0.23499999999999996,False,False,51.260000000000005,200.0,148.74,101.74640406296001,0.24759999999999993,0.21500000000000002,False,False,49.51999999999999,200.0,150.48000000000002,102.49280407592003,0.24759999999999993,0.21500000000000002,False,False,24.759999999999994,100.0,75.24000000000001,27.252804075920025,0.2776,0.23499999999999996,False,False,55.52,200.0,144.48,96.49280407592,537.0,814.0
2074049,415423,IS,TSLA,"Will Tesla, Inc. (TSLA) hit (HIGH) $405 in May?",1,405.0,False,2026-05-01,2026-05-04,2026-05-29,0.0,call,400.0,410.0,10.0,O:TSLA260529C00400000,O:TSLA260529C00410000,2.0,0.7121819761143071,0.7364553314121037,1.0,10.41,10.41,-27.130822363776797,-27.907177868763966,26.35446685878963,13.4,13.6,9.85,10.05,435.79,390.82,12.1,12.4,45.0,128.0,0.9914920330047607,8.9,9.05,5.0,34.0,2.0717074871063232,ok,ok,ok,1.0,True,touched and finished beyond,False,0.3513,0.32749999999999985,False,False,70.26,200.0,129.74,102.60917763622321,0.3513,0.32749999999999985,False,False,35.13,100.0,64.87,37.739177636223204,0.3763,0.3550000000000001,False,False,75.26,200.0,124.73999999999998,97.60917763622318,0.37510000000000016,0.32749999999999985,False,False,75.02000000000002,200.0,124.97999999999996,97.072822131236,0.37510000000000016,0.32749999999999985,False,False,37.51000000000001,100.0,62.48999999999998,34.582822131236014,0.3975999999999999,0.3550000000000001,False,False,79.51999999999998,200.0,120.48,92.57282213123604,2535.0,986.0
2074051,415423,IS,TSLA,"Will Tesla, Inc. (TSLA) hit (LOW) $375 in May?",-1,375.0,False,2026-05-01,2026-05-04,2026-05-29,0.0,put,370.0,380.0,10.0,O:TSLA260529P00380000,O:TSLA260529P00370000,2.0,0.702151244056359,0.7078856533196453,0.0,239.632181,100.0,69.96143111138907,69.1342968908136,29.211434668035473,8.2,8.4,11.7,11.9,435.79,390.82,8.5,8.65,207.0,4.0,0.010181188583374023,12.15,12.4,249.0,57.0,0.2637505531311035,ok,ok,ok,0.0,False,never touched,False,0.39130000000000004,0.3700000000000001,False,False,78.26,0.0,-78.26,-8.29856888861093,0.39130000000000004,0.3700000000000001,False,False,39.13,0.0,-39.13,30.831431111389072,0.37130000000000013,0.35,False,False,74.26000000000002,0.0,-74.26000000000002,-4.298568888610944,0.41259999999999997,0.3700000000000001,False,False,82.52,0.0,-82.52,-13.385703109186394,0.41259999999999997,0.3700000000000001,False,False,41.26,0.0,-41.26,27.874296890813604,0.3926000000000002,0.35,False,False,78.52000000000004,0.0,-78.52000000000004,-9.385703109186437,257.0,288.0
2074054,415423,IS,TSLA,"Will Tesla, Inc. (TSLA) hit (LOW) $330 in May?",-1,330.0,False,2026-05-01,2026-05-04,2026-05-29,0.0,put,325.0,335.0,10.0,O:TSLA260529P00335000,O:TSLA260529P00325000,0.0,0.1314025899591185,0.1700000012482272,0.0,88.12481700000001,88.12481700000001,16.4356001215274,15.871200118232082,82.99999987517728,1.36,1.42,2.01,2.08,435.79,390.82,1.36,1.39,9.0,5.0,0.7550971508026123,2.03,2.08,17.0,16.0,1.1801950931549072,ok,ok,ok,0.0,False,never touched,False,0.07329999999999999,0.06799999999999998,False,False,14.659999999999998,0.0,-14.659999999999998,1.7756001215274022,0.07329999999999999,0.06799999999999998,False,False,7.329999999999999,0.0,-7.329999999999999,9.105600121527402,0.07329999999999999,0.06549999999999997,False,False,14.659999999999998,0.0,-14.659999999999998,1.7756001215274022,0.07860000000000003,0.06799999999999998,False,False,15.720000000000006,0.0,-15.720000000000006,0.1512001182320759,0.07860000000000003,0.06799999999999998,False,False,7.860000000000003,0.0,-7.860000000000003,8.011200118232079,0.08110000000000002,0.06549999999999997,False,False,16.220000000000002,0.0,-16.220000000000002,-0.34879988176792054,182.0,105.0
2074056,415423,IS,TSLA,"Will Tesla, Inc. (TSLA) hit (LOW) $300 in May?",-1,300.0,False,2026-05-01,2026-05-04,2026-05-29,0.0,put,295.0,305.0,10.0,O:TSLA260529P00305000,O:TSLA260529P00295000,0.0,0.0331014157912283,0.0618080090258554,0.0,145.410314,100.0,5.948849786401088,5.716898670216628,93.81919909741447,0.54,0.57,0.7,0.74,435.79,390.82,0.53,0.56,25.0,24.0,1.8388700485229492,0.69,0.72,11.0,7.0,1.920670509338379,ok,ok,ok,0.0,False,never touched,False,0.020299999999999995,0.015999999999999993,False,False,4.059999999999999,0.0,-4.059999999999999,1.8888497864010896,0.020299999999999995,0.015999999999999993,False,False,2.0299999999999994,0.0,-2.0299999999999994,3.918849786401089,0.021299999999999996,0.016500000000000004,False,False,4.259999999999999,0.0,-4.259999999999999,1.6888497864010894,0.024599999999999997,0.015999999999999993,False,False,4.919999999999999,0.0,-4.919999999999999,0.7968986702166285,0.024599999999999997,0.015999999999999993,False,False,2.4599999999999995,0.0,-2.4599999999999995,3.256898670216628,0.026099999999999984,0.016500000000000004,False,False,5.219999999999997,0.0,-5.219999999999997,0.4968986702166305,34.0,10.0
2253947,415380,IS,AAPL,Will Apple (AAPL) hit (LOW) $288 in May?,-1,288.0,False,2026-05-15,2026-05-18,2026-05-29,0.0,put,287.5,290.0,2.5,O:AAPL260529P00290000,O:AAPL260529P00287500,0.0,0.3405220442054796,0.3440049010134294,0.0,19.207456,19.207456,33.497827984974265,32.595165868605584,65.59950989865706,1.24,1.38,1.67,1.8,312.06,300.23,1.4,1.55,407.0,387.0,2.9066827297210693,1.89,2.05,404.0,362.0,0.983309268951416,ok,ok,ok,0.0,False,never touched,False,0.26519999999999994,0.19799999999999987,False,False,53.039999999999985,0.0,-53.039999999999985,-19.54217201502572,0.26519999999999994,0.19799999999999987,False,False,26.519999999999992,0.0,-26.519999999999992,6.977827984974272,0.22920000000000004,0.16999999999999993,False,False,45.84000000000001,0.0,-45.84000000000001,-12.342172015025746,0.3324000000000001,0.19799999999999987,False,False,66.48000000000002,0.0,-66.48000000000002,-33.884834131394435,0.3324000000000001,0.19799999999999987,False,False,33.24000000000001,0.0,-33.24000000000001,-0.6448341313944255,0.28840000000000016,0.16999999999999993,False,False,57.68000000000003,0.0,-57.68000000000003,-25.084834131394445,2157.0,1816.0
2264680,415417,IS,GOOGL,Will Alphabet Inc. (GOOGL) hit (LOW) $380 in May?,-1,380.0,False,2026-05-15,2026-05-18,2026-05-29,0.0,put,377.5,382.5,5.0,O:GOOGL260529P00382500,O:GOOGL260529P00377500,0.0,0.4306602323775182,0.4483187999458916,1.0,335.33858499999997,100.0,-56.1574362196547,-57.14675243389857,55.16812000541085,2.85,3.4,3.8,4.6,380.34,396.78,2.3,2.67,50.0,61.0,0.5769186019897461,3.2,4.15,415.0,100.0,0.02804279327392578,ok,ok,ok,0.432000000000005,False,touched and came back,False,0.3726000000000001,0.23800000000000007,False,False,74.52000000000002,86.400000000001,11.88000000000098,-44.27743621965372,0.3726000000000001,0.23800000000000007,False,False,37.26000000000001,43.2000000000005,5.94000000000049,-50.21743621965421,0.3525999999999999,0.21499999999999986,False,False,70.51999999999998,86.400000000001,15.880000000001015,-40.27743621965368,0.5072,0.23800000000000007,False,False,101.44,86.400000000001,-15.039999999998999,-72.18675243389757,0.5072,0.23800000000000007,False,False,50.72,43.2000000000005,-7.5199999999994995,-64.66675243389807,0.49019999999999997,0.21499999999999986,False,False,98.03999999999999,86.400000000001,-11.639999999998995,-68.78675243389756,171.0,131.0
2236209,148013,IS,SPX,"Will S&P 500 (SPX) hit $7,100 (LOW) in June?",-1,7100.0,True,2026-05-15,2026-05-18,2026-06-30,0.0,put,7095.0,7105.0,10.0,O:SPXW260630P07105000,O:SPXW260630P07095000,0.0,0.321617223549599,0.6418723501150918,0.0,483.51,100.0,63.2677460664179,62.34825712132661,35.81276498849082,67.0,68.2,68.6,69.8,,,64.8,65.6,16.0,14.0,0.004384756088256836,66.4,67.2,16.0,16.0,0.0099639892578125,the underlying's closes or splits are not served,ok,the underlying's closes or splits are not served,,,,,,,,,,,,,,,,,,,,,,,,,,,,,,,,,,,,,,,,,,,,,,,,,,,,,0.0,2.0
2236210,148013,IS,SPX,"Will S&P 500 (SPX) hit $6,900 (LOW) in June?",-1,6900.0,True,2026-05-15,2026-05-18,2026-06-30,0.0,put,6895.0,6905.0,10.0,O:SPXW260630P06905000,O:SPXW260630P06895000,0.0,0.1909602264825756,0.38,0.0,86.0,86.0,37.0576,36.1152,62.0,42.1,43.4,43.0,44.4,,,40.8,41.3,17.0,17.0,0.2734806537628174,41.6,42.3,17.0,27.0,0.5132641792297363,the underlying's closes or splits are not served,ok,the underlying's closes or splits are not served,,,,,,,,,,,,,,,,,,,,,,,,,,,,,,,,,,,,,,,,,,,,,,,,,,,,,2.0,5.0
2236211,148013,IS,SPX,"Will S&P 500 (SPX) hit $6,700 (LOW) in June?",-1,6700.0,True,2026-05-15,2026-05-18,2026-06-30,0.0,put,6695.0,6705.0,10.0,O:SPXW260630P06705000,O:SPXW260630P06695000,0.0,0.1206064588311003,0.1999999999999999,0.0,7.49,7.49,19.359999999999996,18.719999999999995,80.0,27.7,28.7,28.3,29.3,,,26.7,27.3,28.0,79.0,0.5106725692749023,27.3,27.8,28.0,28.0,0.9624178409576416,the underlying's closes or splits are not served,ok,the underlying's closes or splits are not served,,,,,,,,,,,,,,,,,,,,,,,,,,,,,,,,,,,,,,,,,,,,,,,,,,,,,0.0,2.0
2236283,415432,IS,SPY,Will S&P 500 (SPY) hit (LOW) $730 in May?,-1,730.0,True,2026-05-15,2026-05-18,2026-05-29,0.0,put,729.0,731.0,2.0,O:SPY260529P00731000,O:SPY260529P00729000,0.0,0.5157907434288891,0.682019648762971,0.0,1336.646102,100.0,67.33448948644029,66.46701409658347,31.798035123702896,4.57,4.7,5.09,5.21,756.48,739.17,4.22,4.26,179.0,141.0,0.03219437599182129,4.75,4.78,9.0,63.0,0.0321199893951416,ok,ok,ok,0.0,False,never touched,False,0.28650000000000025,0.2625000000000002,False,False,57.300000000000054,0.0,-57.300000000000054,10.034489486440236,0.28650000000000025,0.2625000000000002,False,False,28.650000000000027,0.0,-28.650000000000027,38.68448948644026,0.32649999999999985,0.2575000000000003,False,False,65.29999999999997,0.0,-65.29999999999997,2.0344894864403216,0.31050000000000033,0.2625000000000002,False,False,62.100000000000065,0.0,-62.100000000000065,4.367014096583404,0.31050000000000033,0.2625000000000002,False,False,31.050000000000033,0.0,-31.050000000000033,35.417014096583436,0.3954999999999994,0.2575000000000003,False,False,79.09999999999988,0.0,-79.09999999999988,-12.632985903416412,641.0,737.0
2236284,415432,IS,SPY,Will S&P 500 (SPY) hit (LOW) $720 in May?,-1,720.0,True,2026-05-15,2026-05-18,2026-05-29,0.0,put,719.0,721.0,2.0,O:SPY260529P00721000,O:SPY260529P00719000,0.0,0.3154836586021357,0.4999765735059005,0.0,5044.887626,100.0,48.997657352785254,47.997657354980454,50.00234264940995,2.65,2.72,2.96,3.04,756.48,739.17,2.37,2.39,50.0,127.0,0.31078410148620605,2.65,2.68,222.0,166.0,0.1771993637084961,ok,ok,ok,0.0,False,never touched,False,0.16150000000000003,0.14250000000000007,False,False,32.300000000000004,0.0,-32.300000000000004,16.69765735278525,0.16150000000000003,0.14250000000000007,False,False,16.150000000000002,0.0,-16.150000000000002,32.84765735278525,0.20150000000000007,0.15749999999999997,False,False,40.30000000000001,0.0,-40.30000000000001,8.697657352785242,0.1805,0.14250000000000007,False,False,36.1,0.0,-36.1,11.897657354980453,0.1805,0.14250000000000007,False,False,18.05,0.0,-18.05,29.947657354980453,0.24550000000000016,0.15749999999999997,False,False,49.10000000000003,0.0,-49.10000000000003,-1.1023426450195757,812.0,467.0
2264476,415423,IS,TSLA,"Will Tesla, Inc. (TSLA) hit (LOW) $390 in May?",-1,390.0,True,2026-05-15,2026-05-18,2026-05-29,0.0,put,387.5,392.5,5.0,O:TSLA260529P00392500,O:TSLA260529P00387500,0.0,0.310475981481467,0.38,0.0,10.0,10.0,37.0576,36.1152,62.0,2.63,2.82,3.4,3.6,435.79,422.24,2.72,2.82,54.0,28.0,0.19647216796875,3.55,3.7,70.0,54.0,0.6182975769042969,ok,ok,ok,0.0,False,never touched,False,0.1986,0.17099999999999999,False,False,39.72,0.0,-39.72,-2.662399999999998,0.1986,0.17099999999999999,False,False,19.86,0.0,-19.86,17.1976,0.19660000000000002,0.15500000000000008,False,False,39.32000000000001,0.0,-39.32000000000001,-2.2624000000000066,0.2262,0.17099999999999999,False,False,45.24,0.0,-45.24,-9.1248,0.2262,0.17099999999999999,False,False,22.62,0.0,-22.62,13.4952,0.23820000000000002,0.15500000000000008,False,False,47.64000000000001,0.0,-47.64000000000001,-11.524800000000006,196.0,125.0
2278809,415423,IS,TSLA,"Will Tesla, Inc. (TSLA) hit (HIGH) $450 in May?",1,450.0,True,2026-05-22,2026-05-26,2026-05-29,0.0,call,447.5,452.5,5.0,O:TSLA260529C00447500,O:TSLA260529C00452500,0.0,0.2281749712132545,0.2916002320000075,0.0,382.590162,100.0,28.333745053210556,27.50746690642036,70.83997679999925,2.36,2.4,1.78,1.84,435.79,426.01,3.5,3.6,5.0,16.0,0.0005357265472412109,2.55,2.62,4.0,19.0,0.0001494884490966797,ok,ok,ok,0.0,False,never touched,False,0.21260000000000004,0.19299999999999998,False,False,42.52000000000001,0.0,-42.52000000000001,-14.186254946789454,0.21260000000000004,0.19299999999999998,False,False,21.260000000000005,0.0,-21.260000000000005,7.073745053210551,0.12659999999999996,0.11399999999999996,False,False,25.319999999999993,0.0,-25.319999999999993,3.013745053210563,0.23220000000000016,0.19299999999999998,False,False,46.44000000000003,0.0,-46.44000000000003,-18.932533093579675,0.23220000000000016,0.19299999999999998,False,False,23.220000000000017,0.0,-23.220000000000017,4.287466906420342,0.1392,0.11399999999999996,False,False,27.839999999999996,0.0,-27.839999999999996,-0.332533093579638,6597.0,2791.0
2350384,522280,IS,META,"Will Meta Platforms, Inc. (META) hit (LOW) $500 in June?",-1,500.0,True,2026-05-29,2026-06-01,2026-07-02,2.0,put,495.0,505.0,10.0,O:META260702P00505000,O:META260702P00495000,2.0,0.0,0.0850000034599995,0.0,54.644786,54.644786,8.188900334512752,7.8778003230255536,91.49999965400005,0.0,4.8,0.0,4.8,582.9,632.51,0.28,5.4,4.0,29.0,7.042423963546753,0.0,3.35,0.0,48.0,110.76736354827881,ok,ok,ok,0.0,False,never touched,False,0.3083000000000001,-0.11650000000000002,False,False,61.66000000000002,0.0,-61.66000000000002,-53.471099665487266,0.3083000000000001,-0.11650000000000002,False,False,30.83000000000001,0.0,-30.83000000000001,-22.641099665487257,0.4813,0.0,False,False,96.26,0.0,-96.26,-88.07109966548725,0.5051000000000001,-0.11650000000000002,False,False,101.02000000000002,0.0,-101.02000000000002,-93.14219967697447,0.5051000000000001,-0.11650000000000002,False,False,50.51000000000001,0.0,-50.51000000000001,-42.63219967697446,0.7226,0.0,False,False,144.52,0.0,-144.52,-136.64219967697446,16.0,13.0
2350385,522280,IS,META,"Will Meta Platforms, Inc. (META) hit (LOW) $480 in June?",-1,480.0,True,2026-05-29,2026-06-01,2026-07-02,2.0,put,475.0,490.0,15.0,O:META260702P00490000,O:META260702P00475000,1.0,0.0,0.0521434584239412,0.0,5991.260143,100.0,5.016647769724001,4.818949697053873,94.78565415760588,0.0,4.55,0.0,2.98,582.9,632.51,0.0,15.0,0.0,1.0,299.15674686431885,0.0,15.0,0.0,1.0,298.97340536117554,ok,ok,ok,0.0,False,never touched,False,1.0008666666666666,0.0,False,False,200.17333333333332,0.0,-200.17333333333332,-195.15668556360933,1.0008666666666666,0.0,False,False,100.08666666666666,0.0,-100.08666666666666,-95.07001889694266,0.1995333333333333,-0.05233333333333333,False,False,39.90666666666666,0.0,-39.90666666666666,-34.89001889694266,1.5017333333333334,0.0,False,True,300.3466666666667,0.0,-300.3466666666667,-295.5277169696128,1.5017333333333334,0.0,False,True,150.17333333333335,0.0,-150.17333333333335,-145.35438363627947,0.2997333333333333,-0.05233333333333333,False,False,59.94666666666666,0.0,-59.94666666666666,-55.127716969612784,0.0,0.0
2350409,522282,IS,NVDA,Will NVIDIA (NVDA) hit (LOW) $192 in June?,-1,192.0,False,2026-05-29,2026-06-01,2026-07-02,2.0,put,190.0,195.0,5.0,O:NVDA260702P00195000,O:NVDA260702P00190000,1.0,0.3954707932007825,0.3313480510608126,1.0,43.643332,43.643332,-67.75142097439479,-68.63764705487084,66.86519489391873,2.47,2.61,3.45,3.6,194.83,211.14,1.81,1.91,112.0,67.0,1.8542592525482178,2.53,2.65,291.0,31.0,0.06271505355834961,ok,ok,ok,0.0339999999999975,False,touched and came back,False,0.17059999999999997,0.146,False,False,34.12,6.7999999999995,-27.320000000000494,-95.07142097439528,0.17059999999999997,0.146,False,False,17.06,3.39999999999975,-13.660000000000247,-81.41142097439504,0.22859999999999997,0.19700000000000006,False,False,45.71999999999999,6.7999999999995,-38.92000000000049,-106.67142097439529,0.19519999999999996,0.146,False,False,39.03999999999999,6.7999999999995,-32.24000000000049,-100.87764705487133,0.19519999999999996,0.146,False,False,19.519999999999996,3.39999999999975,-16.120000000000246,-84.75764705487109,0.2601999999999999,0.19700000000000006,False,False,52.03999999999998,6.7999999999995,-45.24000000000047,-113.87764705487132,842.0,493.0
2350410,522282,IS,NVDA,Will NVIDIA (NVDA) hit (LOW) $184 in June?,-1,184.0,False,2026-05-29,2026-06-01,2026-07-02,2.0,put,180.0,185.0,5.0,O:NVDA260702P00185000,O:NVDA260702P00180000,1.0,0.254948176327408,0.1040487105660666,0.0,76.78988,76.78988,10.03198075102424,9.65909044544182,89.59512894339335,1.11,1.4,1.78,2.0,194.83,211.14,0.96,1.03,138.0,4.0,4.5053558349609375,1.3,1.4,100.0,71.0,4.237817764282227,ok,ok,ok,0.0,False,never touched,False,0.0906,0.07100000000000002,False,False,18.12,0.0,-18.12,-8.088019248975762,0.0906,0.07100000000000002,False,False,9.06,0.0,-9.06,0.9719807510242386,0.18059999999999998,0.12700000000000006,False,False,36.12,0.0,-36.12,-26.08801924897576,0.11019999999999995,0.07100000000000002,False,False,22.03999999999999,0.0,-22.03999999999999,-12.380909554558169,0.11019999999999995,0.07100000000000002,False,False,11.019999999999994,0.0,-11.019999999999994,-1.3609095545581749,0.23419999999999994,0.12700000000000006,False,False,46.83999999999999,0.0,-46.83999999999999,-37.18090955455817,564.0,299.0
2350411,522282,IS,NVDA,Will NVIDIA (NVDA) hit (LOW) $176 in June?,-1,176.0,False,2026-05-29,2026-06-01,2026-07-02,2.0,put,175.0,180.0,5.0,O:NVDA260702P00180000,O:NVDA260702P00175000,1.0,0.0923434339453603,0.0901460814809835,0.0,115.381155,100.0,8.686529086199927,8.358450024301497,90.98539185190165,0.97,1.08,1.11,1.4,194.83,211.14,0.72,0.79,163.0,52.0,3.0648531913757324,0.96,1.03,138.0,4.0,4.5053558349609375,ok,ok,ok,0.0,False,never touched,False,0.06460000000000002,0.048,False,False,12.920000000000003,0.0,-12.920000000000003,-4.233470913800076,0.06460000000000002,0.048,False,False,6.460000000000002,0.0,-6.460000000000002,2.2265290861999256,0.0886,0.046,False,False,17.72,0.0,-17.72,-9.033470913800072,0.0812,0.048,False,False,16.24,0.0,-16.24,-7.881549975698501,0.0812,0.048,False,False,8.12,0.0,-8.12,0.23845002430149798,0.1312,0.046,False,False,26.240000000000002,0.0,-26.240000000000002,-17.881549975698505,299.0,91.0
2350412,522282,IS,NVDA,Will NVIDIA (NVDA) hit (LOW) $168 in June?,-1,168.0,False,2026-05-29,2026-06-01,2026-07-02,2.0,put,165.0,170.0,5.0,O:NVDA260702P00170000,O:NVDA260702P00165000,0.0,0.0802986382133568,0.0485200779779094,0.0,4889.49748,100.0,4.6673442777472385,4.48268075770353,95.14799220220907,0.56,0.61,0.74,0.83,194.83,211.14,0.44,0.5,53.0,77.0,11.734687089920044,0.56,0.62,34.0,39.0,7.288307189941406,ok,ok,ok,0.0,False,never touched,False,0.038599999999999995,0.02400000000000002,False,False,7.719999999999999,0.0,-7.719999999999999,-3.0526557222527604,0.038599999999999995,0.02400000000000002,False,False,3.8599999999999994,0.0,-3.8599999999999994,0.807344277747239,0.05659999999999998,0.039999999999999994,False,False,11.319999999999995,0.0,-11.319999999999995,-6.6526557222527565,0.05319999999999997,0.02400000000000002,False,False,10.639999999999993,0.0,-10.639999999999993,-6.157319242296463,0.05319999999999997,0.02400000000000002,False,False,5.319999999999997,0.0,-5.319999999999997,-0.8373192422964664,0.07319999999999997,0.039999999999999994,False,False,14.639999999999995,0.0,-14.639999999999995,-10.157319242296465,66.0,335.0
2350413,522282,IS,NVDA,Will NVIDIA (NVDA) hit (LOW) $160 in June?,-1,160.0,False,2026-05-29,2026-06-01,2026-07-02,2.0,put,155.0,165.0,10.0,O:NVDA260702P00165000,O:NVDA260702P00155000,0.0,0.0361343871960105,0.0207609897540537,0.0,289.4901,100.0,1.9947790911714351,1.913459206937492,97.92390102459463,0.37,0.44,0.56,0.61,194.83,211.14,0.28,0.34,268.0,79.0,0.8106915950775146,0.44,0.5,53.0,77.0,11.734687089920044,ok,ok,ok,0.0,False,never touched,False,0.023299999999999998,0.015999999999999993,False,False,4.659999999999999,0.0,-4.659999999999999,-2.665220908828564,0.023299999999999998,0.015999999999999993,False,False,2.3299999999999996,0.0,-2.3299999999999996,-0.3352209088285645,0.0253,0.017999999999999995,False,False,5.06,0.0,-5.06,-3.0652209088285645,0.030600000000000002,0.015999999999999993,False,False,6.12,0.0,-6.12,-4.2065407930625085,0.030600000000000002,0.015999999999999993,False,False,3.06,0.0,-3.06,-1.146540793062508,0.032600000000000004,0.017999999999999995,False,False,6.5200000000000005,0.0,-6.5200000000000005,-4.606540793062509,335.0,9.0
2350515,522290,IS,SPY,Will S&P 500 (SPY) hit (HIGH) $780 in June?,1,780.0,False,2026-05-29,2026-06-01,2026-06-30,0.0,call,779.0,781.0,2.0,O:SPY260630C00779000,O:SPY260630C00781000,0.0,0.4064227672296469,0.3249414702530045,0.0,64.07,64.07,31.61672898064917,30.73931093599789,67.50585297469955,2.64,2.73,2.25,2.31,746.77,756.48,2.46,2.49,92.0,171.0,1.3446407318115234,2.07,2.1,212.0,241.0,1.3353188037872314,ok,ok,ok,0.0,False,never touched,False,0.2165000000000002,0.19500000000000006,False,False,43.30000000000004,0.0,-43.30000000000004,-11.683271019350869,0.2165000000000002,0.19500000000000006,False,False,21.65000000000002,0.0,-21.65000000000002,9.966728980649151,0.2465,0.2024999999999999,False,False,49.3,0.0,-49.3,-17.683271019350826,0.23800000000000032,0.19500000000000006,False,False,47.600000000000065,0.0,-47.600000000000065,-16.860689064002177,0.23800000000000032,0.19500000000000006,False,False,23.800000000000033,0.0,-23.800000000000033,6.939310935997856,0.2905000000000001,0.2024999999999999,False,False,58.100000000000016,0.0,-58.100000000000016,-27.360689064002127,25.0,94.0
2350518,522290,IS,SPY,Will S&P 500 (SPY) hit (HIGH) $750 in June?,1,750.0,False,2026-05-29,2026-06-01,2026-06-30,0.0,call,749.0,751.0,2.0,O:SPY260630C00749000,O:SPY260630C00751000,0.0,1.0,0.9177142857142858,1.0,35.0,35.0,-8.530630530612237,-8.832689632653047,8.228571428571419,16.39,16.57,15.03,15.21,746.77,756.48,15.7,15.96,9.0,15.0,2.0534067153930664,14.36,14.6,105.0,106.0,0.6237063407897949,ok,ok,ok,0.0,False,touched and came back,False,0.8065000000000007,0.6749999999999998,False,False,161.30000000000013,0.0,-161.30000000000013,-169.83063053061235,0.8065000000000007,0.6749999999999998,False,False,80.65000000000006,0.0,-80.65000000000006,-89.1806305306123,0.7765000000000004,0.6799999999999997,False,False,155.30000000000007,0.0,-155.30000000000007,-163.8306305306123,0.9380000000000025,0.6749999999999998,False,False,187.6000000000005,0.0,-187.6000000000005,-196.43268963265356,0.9380000000000025,0.6749999999999998,False,False,93.80000000000025,0.0,-93.80000000000025,-102.6326896326533,0.8730000000000012,0.6799999999999997,False,False,174.60000000000025,0.0,-174.60000000000025,-183.4326896326533,44.0,71.0
2350519,522290,IS,SPY,Will S&P 500 (SPY) hit (LOW) $740 in June?,-1,740.0,True,2026-05-29,2026-06-01,2026-06-30,0.0,put,739.0,741.0,2.0,O:SPY260630P00741000,O:SPY260630P00739000,0.0,0.4365281573948057,0.5776000083865559,1.0,52.083332,52.083332,-43.215912116138036,-44.19182507093167,42.23999916134441,5.64,5.73,6.08,6.16,746.77,756.48,5.96,6.0,82.0,191.0,0.5484299659729004,6.41,6.45,80.0,184.0,0.5148260593414307,ok,ok,ok,0.0,False,touched and came back,False,0.2515000000000001,0.22499999999999964,False,False,50.300000000000026,0.0,-50.300000000000026,-93.51591211613805,0.2515000000000001,0.22499999999999964,False,False,25.150000000000013,0.0,-25.150000000000013,-68.36591211613805,0.26650000000000024,0.2174999999999998,False,False,53.30000000000005,0.0,-53.30000000000005,-96.51591211613808,0.2780000000000006,0.22499999999999964,False,False,55.600000000000115,0.0,-55.600000000000115,-99.7918250709318,0.2780000000000006,0.22499999999999964,False,False,27.800000000000058,0.0,-27.800000000000058,-71.99182507093172,0.31550000000000067,0.2174999999999998,False,False,63.100000000000136,0.0,-63.100000000000136,-107.29182507093181,211.0,97.0
2350520,522290,IS,SPY,Will S&P 500 (SPY) hit (LOW) $730 in June?,-1,730.0,True,2026-05-29,2026-06-01,2026-06-30,0.0,put,729.0,731.0,2.0,O:SPY260630P00731000,O:SPY260630P00729000,0.0,0.2910187715965374,0.37,1.0,502.5873,100.0,-63.9324,-64.8648,63.0,3.97,4.02,4.25,4.32,746.77,756.48,4.18,4.21,166.0,90.0,0.9926888942718506,4.48,4.51,164.0,89.0,1.10817289352417,ok,ok,ok,0.0,False,touched and came back,False,0.17150000000000004,0.1499999999999999,False,False,34.30000000000001,0.0,-34.30000000000001,-98.23240000000001,0.17150000000000004,0.1499999999999999,False,False,17.150000000000006,0.0,-17.150000000000006,-81.0824,0.18150000000000005,0.14500000000000002,False,False,36.30000000000001,0.0,-36.30000000000001,-100.23240000000001,0.19300000000000017,0.1499999999999999,False,False,38.60000000000004,0.0,-38.60000000000004,-103.46480000000004,0.19300000000000017,0.1499999999999999,False,False,19.30000000000002,0.0,-19.30000000000002,-84.16480000000001,0.21800000000000008,0.14500000000000002,False,False,43.600000000000016,0.0,-43.600000000000016,-108.46480000000003,1340.0,319.0
2350521,522290,IS,SPY,Will S&P 500 (SPY) hit (LOW) $720 in June?,-1,720.0,False,2026-05-29,2026-06-01,2026-06-30,0.0,put,719.0,721.0,2.0,O:SPY260630P00721000,O:SPY260630P00719000,0.0,0.1856499060184803,0.0899999999999999,0.0,1.0989,1.0989,8.672399999999996,8.344799999999996,91.00000000000001,2.85,2.9,3.03,3.09,746.77,756.48,2.99,3.02,203.0,298.0,0.6321051120758057,3.19,3.22,201.0,96.0,0.07286810874938965,ok,ok,ok,0.0,False,never touched,False,0.1215,0.10000000000000009,False,False,24.3,0.0,-24.3,-15.627600000000005,0.1215,0.10000000000000009,False,False,12.15,0.0,-12.15,-3.4776000000000042,0.1264999999999999,0.0924999999999998,False,False,25.29999999999998,0.0,-25.29999999999998,-16.627599999999983,0.1429999999999999,0.10000000000000009,False,False,28.59999999999998,0.0,-28.59999999999998,-20.255199999999984,0.1429999999999999,0.10000000000000009,False,False,14.29999999999999,0.0,-14.29999999999999,-5.955199999999994,0.16049999999999998,0.0924999999999998,False,False,32.099999999999994,0.0,-32.099999999999994,-23.7552,615.0,312.0
2350522,522290,IS,SPY,Will S&P 500 (SPY) hit (LOW) $710 in June?,-1,710.0,False,2026-05-29,2026-06-01,2026-06-30,0.0,put,709.0,711.0,2.0,O:SPY260630P00711000,O:SPY260630P00709000,0.0,0.1304566907156895,0.0351654110587157,0.0,55.947391,55.947391,3.3808258861764293,3.245110666481279,96.48345889412843,2.09,2.13,2.22,2.26,746.77,756.48,2.18,2.21,229.0,376.0,0.059331655502319336,2.32,2.35,222.0,363.0,1.472987413406372,ok,ok,ok,0.0,False,never touched,False,0.09149999999999997,0.06999999999999984,False,False,18.299999999999994,0.0,-18.299999999999994,-14.919174113823564,0.09149999999999997,0.06999999999999984,False,False,9.149999999999997,0.0,-9.149999999999997,-5.769174113823567,0.09149999999999997,0.06500000000000017,False,False,18.299999999999994,0.0,-18.299999999999994,-14.919174113823564,0.11300000000000009,0.06999999999999984,False,False,22.600000000000016,0.0,-22.600000000000016,-19.354889333518738,0.11300000000000009,0.06999999999999984,False,False,11.300000000000008,0.0,-11.300000000000008,-8.054889333518728,0.11799999999999976,0.06500000000000017,False,False,23.59999999999995,0.0,-23.59999999999995,-20.354889333518674,369.0,2061.0
2350525,522290,IS,SPY,Will S&P 500 (SPY) hit (LOW) $680 in June?,-1,680.0,False,2026-05-29,2026-06-01,2026-06-30,0.0,put,679.0,681.0,2.0,O:SPY260630P00681000,O:SPY260630P00679000,0.0,0.0451580852477387,0.01,0.0,5.0,5.0,0.9604000000000008,0.9208000000000008,99.0,0.96,0.98,1.0,1.03,746.77,756.48,0.97,0.99,495.0,414.0,1.473191499710083,1.02,1.04,475.0,626.0,0.40780138969421387,ok,ok,ok,0.0,False,never touched,False,0.04150000000000003,0.025000000000000022,False,False,8.300000000000006,0.0,-8.300000000000006,-7.339600000000005,0.04150000000000003,0.025000000000000022,False,False,4.150000000000003,0.0,-4.150000000000003,-3.189600000000002,0.04150000000000003,0.022500000000000075,False,False,8.300000000000006,0.0,-8.300000000000006,-7.339600000000005,0.05800000000000004,0.025000000000000022,False,False,11.600000000000007,0.0,-11.600000000000007,-10.679200000000005,0.05800000000000004,0.025000000000000022,False,False,5.800000000000003,0.0,-5.800000000000003,-4.879200000000003,0.060499999999999984,0.022500000000000075,False,False,12.099999999999996,0.0,-12.099999999999996,-11.179199999999994,27.0,3.0
2350399,522281,IS,TSLA,"Will Tesla, Inc. (TSLA) hit (LOW) $330 in June?",-1,330.0,False,2026-05-29,2026-06-01,2026-07-02,2.0,put,325.0,335.0,10.0,O:TSLA260702P00335000,O:TSLA260702P00325000,2.0,0.0401493191066784,0.03,0.0,1.0309,1.0309,2.8836000000000026,2.767200000000002,97.0,0.9,1.05,1.02,1.33,393.45,435.79,1.05,1.21,202.0,184.0,0.9435610771179199,1.31,1.61,354.0,290.0,0.2520623207092285,ok,ok,ok,0.0,False,never touched,False,0.05730000000000001,0.03300000000000001,False,False,11.460000000000003,0.0,-11.460000000000003,-8.5764,0.05730000000000001,0.03300000000000001,False,False,5.730000000000001,0.0,-5.730000000000001,-2.8463999999999987,0.044300000000000006,0.019999999999999997,False,False,8.860000000000001,0.0,-8.860000000000001,-5.976399999999998,0.08160000000000002,0.03300000000000001,False,False,16.320000000000004,0.0,-16.320000000000004,-13.552800000000001,0.08160000000000002,0.03300000000000001,False,False,8.160000000000002,0.0,-8.160000000000002,-5.392799999999999,0.06860000000000002,0.019999999999999997,False,False,13.720000000000004,0.0,-13.720000000000004,-10.952800000000002,11.0,141.0
2677812,631910,OOS,SPY,Will S&P 500 (SPY) hit (LOW) $710 in July?,-1,710.0,False,2026-06-26,2026-06-29,2026-07-31,0.0,put,709.0,711.0,2.0,O:SPY260731P00711000,O:SPY260731P00709000,0.0,0.3965179778224612,0.4,0.0,5.0,5.0,39.04,38.080000000000005,60.0,6.25,6.38,6.64,6.78,747.03,728.99,4.86,4.92,187.0,188.0,0.42890453338623047,5.17,5.23,93.0,92.0,0.4565591812133789,ok,ok,ok,0.0,False,never touched,False,0.19150000000000006,0.1549999999999998,False,False,38.30000000000001,0.0,-38.30000000000001,0.7399999999999878,0.19150000000000006,0.1549999999999998,False,False,19.150000000000006,0.0,-19.150000000000006,19.889999999999993,0.27150000000000013,0.19750000000000023,False,False,54.300000000000026,0.0,-54.300000000000026,-15.260000000000026,0.2280000000000003,0.1549999999999998,False,False,45.600000000000065,0.0,-45.600000000000065,-7.52000000000006,0.2280000000000003,0.1549999999999998,False,False,22.800000000000033,0.0,-22.800000000000033,15.279999999999973,0.34550000000000003,0.19750000000000023,False,False,69.10000000000001,0.0,-69.10000000000001,-31.020000000000003,56.0,297.0
3096167,746354,OOS,NVDA,Will NVIDIA (NVDA) hit (HIGH) $248 in August?,1,248.0,False,2026-07-31,2026-08-03,2026-09-04,4.0,call,245.0,250.0,5.0,O:NVDA260904C00245000,O:NVDA260904C00250000,1.0,0.1084150420375335,0.061784712769335,0.0,680.517787,100.0,5.946601828784122,5.7147323806347385,93.8215287230665,0.93,1.11,0.69,0.81,230.36,200.75,0.64,0.94,614.0,611.0,0.4525790214538574,0.55,0.7,474.0,493.0,1.0090415477752686,ok,ok,ok,0.0,False,never touched,False,0.08059999999999999,0.03300000000000001,False,False,16.119999999999997,0.0,-16.119999999999997,-10.173398171215876,0.08059999999999999,0.03300000000000001,False,False,8.059999999999999,0.0,-8.059999999999999,-2.113398171215877,0.08660000000000004,0.054000000000000006,False,False,17.320000000000007,0.0,-17.320000000000007,-11.373398171215886,0.12819999999999995,0.03300000000000001,False,False,25.63999999999999,0.0,-25.63999999999999,-19.92526761936525,0.12819999999999995,0.03300000000000001,False,False,12.819999999999995,0.0,-12.819999999999995,-7.105267619365256,0.11920000000000006,0.054000000000000006,False,False,23.84000000000001,0.0,-23.84000000000001,-18.12526761936527,224.0,1171.0
3096170,746354,OOS,NVDA,Will NVIDIA (NVDA) hit (HIGH) $232 in August?,1,232.0,False,2026-07-31,2026-08-03,2026-09-04,4.0,call,230.0,235.0,5.0,O:NVDA260904C00230000,O:NVDA260904C00235000,1.0,0.2389146296753055,0.2069806799460835,0.0,200.31,100.0,20.041509282307796,19.38495057000723,79.30193200539165,2.24,2.48,1.68,1.85,230.36,200.75,1.9,2.15,543.0,441.0,0.35335326194763184,1.32,1.59,550.0,413.0,0.14047598838806152,ok,ok,ok,0.07200000000000273,False,never touched,False,0.16859999999999997,0.11399999999999996,False,False,33.71999999999999,14.400000000000546,-19.31999999999945,0.7215092823083467,0.16859999999999997,0.11399999999999996,False,False,16.859999999999996,7.200000000000273,-9.659999999999725,10.381509282308071,0.1626,0.11900000000000004,False,False,32.519999999999996,14.400000000000546,-18.119999999999454,1.9215092823083424,0.22319999999999998,0.11399999999999996,False,False,44.63999999999999,14.400000000000546,-30.23999999999945,-10.85504942999222,0.22319999999999998,0.11399999999999996,False,False,22.319999999999997,7.200000000000273,-15.119999999999726,4.264950570007505,0.2062,0.11900000000000004,False,False,41.24,14.400000000000546,-26.839999999999453,-7.455049429992222,2375.0,1929.0
3096177,746354,OOS,NVDA,Will NVIDIA (NVDA) hit (LOW) $184 in August?,-1,184.0,True,2026-07-31,2026-08-03,2026-09-04,4.0,put,180.0,185.0,5.0,O:NVDA260904P00185000,O:NVDA260904P00180000,1.0,0.4818446312779268,0.59,0.0,56.5,56.5,58.0324,57.06479999999999,41.0,3.15,3.4,4.35,4.6,230.36,200.75,3.6,3.85,17.0,122.0,0.6768968105316162,4.85,5.15,51.0,103.0,3.656954050064087,ok,ok,ok,0.0,False,never touched,False,0.31260000000000004,0.255,False,False,62.52000000000001,0.0,-62.52000000000001,-4.487600000000008,0.31260000000000004,0.255,False,False,31.260000000000005,0.0,-31.260000000000005,26.772399999999998,0.2925999999999999,0.23999999999999994,False,False,58.51999999999998,0.0,-58.51999999999998,-0.48759999999997916,0.3702000000000001,0.255,False,False,74.04000000000002,0.0,-74.04000000000002,-16.97520000000003,0.3702000000000001,0.255,False,False,37.02000000000001,0.0,-37.02000000000001,20.04479999999998,0.34519999999999995,0.23999999999999994,False,False,69.03999999999999,0.0,-69.03999999999999,-11.975200000000001,429.0,790.0
3096178,746354,OOS,NVDA,Will NVIDIA (NVDA) hit (LOW) $176 in August?,-1,176.0,False,2026-07-31,2026-08-03,2026-09-04,4.0,put,175.0,180.0,5.0,O:NVDA260904P00180000,O:NVDA260904P00175000,0.0,0.349337357676497,0.3100400318163106,0.0,320.156247,100.0,30.148342339680458,29.29268149772985,68.99599681836894,2.28,2.53,3.15,3.4,230.36,200.75,2.63,2.94,126.0,604.0,0.3573315143585205,3.6,3.85,17.0,122.0,0.6768968105316162,ok,ok,ok,0.0,False,never touched,False,0.24660000000000004,0.188,False,False,49.32000000000001,0.0,-49.32000000000001,-19.17165766031955,0.24660000000000004,0.188,False,False,24.660000000000004,0.0,-24.660000000000004,5.488342339680454,0.22660000000000002,0.17400000000000002,False,False,45.32000000000001,0.0,-45.32000000000001,-15.17165766031955,0.3052000000000001,0.188,False,False,61.04000000000001,0.0,-61.04000000000001,-31.747318502270165,0.3052000000000001,0.188,False,False,30.520000000000007,0.0,-30.520000000000007,-1.2273185022701583,0.2792,0.17400000000000002,False,False,55.84,0.0,-55.84,-26.547318502270155,790.0,729.0
3096330,746373,OOS,SPY,Will S&P 500 (SPY) hit (HIGH) $790 in August?,1,790.0,False,2026-07-31,2026-08-03,2026-08-31,0.0,call,789.0,791.0,2.0,O:SPY260831C00789000,O:SPY260831C00791000,0.0,0.0752552278127291,0.0455122873650997,0.0,531.410909,100.0,4.3774650602543925,4.203701383998807,95.44877126349003,0.43,0.46,0.36,0.38,767.05,747.03,0.51,0.52,269.0,269.0,3.0162575244903564,0.42,0.44,744.0,916.0,0.7634880542755127,ok,ok,ok,0.0,False,never touched,False,0.056500000000000015,0.04250000000000001,False,False,11.300000000000002,0.0,-11.300000000000002,-6.92253493974561,0.056500000000000015,0.04250000000000001,False,False,5.650000000000001,0.0,-5.650000000000001,-1.2725349397456087,0.056500000000000015,0.037500000000000006,False,False,11.300000000000002,0.0,-11.300000000000002,-6.92253493974561,0.07050000000000002,0.04250000000000001,False,False,14.100000000000005,0.0,-14.100000000000005,-9.896298616001198,0.07050000000000002,0.04250000000000001,False,False,7.0500000000000025,0.0,-7.0500000000000025,-2.846298616001196,0.07550000000000003,0.037500000000000006,False,False,15.100000000000005,0.0,-15.100000000000005,-10.896298616001198,116.0,147.0
3096331,746373,OOS,SPY,Will S&P 500 (SPY) hit (HIGH) $780 in August?,1,780.0,False,2026-07-31,2026-08-03,2026-08-31,0.0,call,779.0,781.0,2.0,O:SPY260831C00779000,O:SPY260831C00781000,0.0,0.2107146378756415,0.1022665151233842,0.0,152.69565,100.0,9.859419212306818,9.492186912275208,89.7733484876616,1.14,1.19,0.93,0.98,767.05,747.03,1.34,1.36,198.0,245.0,0.38964223861694336,1.1,1.12,115.0,820.0,1.8631994724273682,ok,ok,ok,0.0,False,never touched,False,0.1365,0.12,False,False,27.3,0.0,-27.3,-17.440580787693182,0.1365,0.12,False,False,13.65,0.0,-13.65,-3.790580787693182,0.13649999999999995,0.10499999999999998,False,False,27.29999999999999,0.0,-27.29999999999999,-17.44058078769317,0.15300000000000002,0.12,False,False,30.600000000000005,0.0,-30.600000000000005,-21.107813087724796,0.15300000000000002,0.12,False,False,15.300000000000002,0.0,-15.300000000000002,-5.807813087724794,0.16799999999999993,0.10499999999999998,False,False,33.59999999999999,0.0,-33.59999999999999,-24.10781308772478,110.0,1164.0
3096336,746373,OOS,SPY,Will S&P 500 (SPY) hit (LOW) $730 in August?,-1,730.0,True,2026-07-31,2026-08-03,2026-08-31,0.0,put,729.0,731.0,2.0,O:SPY260831P00731000,O:SPY260831P00729000,0.0,0.3511910631260688,0.5583182217576719,0.0,1801.110293,100.0,54.845426235723096,53.859030295679,44.168177824232814,5.05,5.16,5.4,5.51,767.05,747.03,4.37,4.42,380.0,211.0,0.4258127212524414,4.7,4.74,238.0,87.0,0.15450119972229004,ok,ok,ok,0.0,False,never touched,False,0.19150000000000006,0.16250000000000053,False,False,38.30000000000001,0.0,-38.30000000000001,16.545426235723085,0.19150000000000006,0.16250000000000053,False,False,19.150000000000006,0.0,-19.150000000000006,35.69542623572309,0.2365,0.17499999999999982,False,False,47.3,0.0,-47.3,7.545426235723099,0.22049999999999959,0.16250000000000053,False,False,44.099999999999916,0.0,-44.099999999999916,9.759030295679082,0.22049999999999959,0.16250000000000053,False,False,22.049999999999958,0.0,-22.049999999999958,31.80903029567904,0.29800000000000015,0.17499999999999982,False,False,59.60000000000003,0.0,-59.60000000000003,-5.7409697043210315,103.0,203.0
3096339,746373,OOS,SPY,Will S&P 500 (SPY) hit (LOW) $700 in August?,-1,700.0,False,2026-07-31,2026-08-03,2026-08-31,0.0,put,699.0,701.0,2.0,O:SPY260831P00701000,O:SPY260831P00699000,0.0,0.1204083645003667,0.1360999671185667,0.0,1845.442334,100.0,13.139689647581108,12.66938258330554,86.39000328814332,1.96,2.01,2.08,2.13,767.05,747.03,1.65,1.68,473.0,509.0,0.7636778354644775,1.75,1.78,497.0,501.0,0.24828481674194336,ok,ok,ok,0.0,False,never touched,False,0.07150000000000006,0.050000000000000044,False,False,14.300000000000013,0.0,-14.300000000000013,-1.1603103524189056,0.07150000000000006,0.050000000000000044,False,False,7.150000000000007,0.0,-7.150000000000007,5.989689647581101,0.09149999999999997,0.06000000000000005,False,False,18.299999999999994,0.0,-18.299999999999994,-5.160310352418886,0.09300000000000007,0.050000000000000044,False,False,18.600000000000012,0.0,-18.600000000000012,-5.9306174166944725,0.09300000000000007,0.050000000000000044,False,False,9.300000000000006,0.0,-9.300000000000006,3.3693825833055335,0.12299999999999987,0.06000000000000005,False,False,24.599999999999973,0.0,-24.599999999999973,-11.930617416694433,43.0,108.0
3096340,746373,OOS,SPY,Will S&P 500 (SPY) hit (LOW) $690 in August?,-1,690.0,False,2026-07-31,2026-08-03,2026-08-31,0.0,put,689.0,691.0,2.0,O:SPY260831P00691000,O:SPY260831P00689000,0.0,0.0953232885627904,0.097905032808057,0.0,573.04,100.0,9.437224731370062,9.083946181934422,90.2094967191943,1.48,1.52,1.57,1.62,767.05,747.03,1.25,1.27,662.0,460.0,0.5287883281707764,1.32,1.34,625.0,710.0,0.15066742897033691,ok,ok,ok,0.0,False,never touched,False,0.05150000000000004,0.03500000000000003,False,False,10.300000000000008,0.0,-10.300000000000008,-0.8627752686299459,0.05150000000000004,0.03500000000000003,False,False,5.150000000000004,0.0,-5.150000000000004,4.287224731370058,0.07650000000000007,0.0475000000000001,False,False,15.300000000000013,0.0,-15.300000000000013,-5.862775268629951,0.06800000000000005,0.03500000000000003,False,False,13.600000000000009,0.0,-13.600000000000009,-4.516053818065586,0.06800000000000005,0.03500000000000003,False,False,6.800000000000004,0.0,-6.800000000000004,2.283946181934418,0.10550000000000002,0.0475000000000001,False,False,21.100000000000005,0.0,-21.100000000000005,-12.016053818065583,61.0,20.0
3866442,907961,OOS,SPY,Will S&P 500 (SPY) hit (HIGH) $790 in September?,1,790.0,False,2026-08-28,2026-08-31,2026-09-30,0.0,call,789.0,791.0,2.0,O:SPY260930C00789000,O:SPY260930C00791000,0.0,0.4466122285739756,0.305,0.0,10.0,10.0,29.652100000000004,28.8042,69.5,2.86,2.94,2.42,2.49,762.63,769.35,2.1,2.13,213.0,393.0,0.9063453674316406,1.74,1.77,280.0,402.0,0.9063408374786377,ok,ok,ok,0.0,False,never touched,False,0.20149999999999996,0.18000000000000016,False,False,40.29999999999999,0.0,-40.29999999999999,-10.647899999999986,0.20149999999999996,0.18000000000000016,False,False,20.149999999999995,0.0,-20.149999999999995,9.50210000000001,0.2665,0.22249999999999992,False,False,53.300000000000004,0.0,-53.300000000000004,-23.6479,0.22299999999999975,0.18000000000000016,False,False,44.59999999999995,0.0,-44.59999999999995,-15.79579999999995,0.22299999999999975,0.18000000000000016,False,False,22.299999999999976,0.0,-22.299999999999976,6.504200000000026,0.3105000000000001,0.22249999999999992,False,False,62.10000000000002,0.0,-62.10000000000002,-33.29580000000002,311.0,139.0
3866447,907961,OOS,SPY,Will S&P 500 (SPY) hit (LOW) $740 in September?,-1,740.0,False,2026-08-28,2026-08-31,2026-09-30,0.0,put,739.0,741.0,2.0,O:SPY260930P00741000,O:SPY260930P00739000,0.0,0.2308332866786841,0.26,0.0,20.0,20.0,25.230400000000003,24.460800000000003,74.0,3.4,3.47,3.63,3.7,762.63,769.35,3.81,3.84,255.0,216.0,0.5370979309082031,4.08,4.11,119.0,201.0,3.759263277053833,ok,ok,ok,0.0,False,never touched,False,0.15650000000000014,0.13500000000000023,False,False,31.30000000000003,0.0,-31.30000000000003,-6.069600000000026,0.15650000000000014,0.13500000000000023,False,False,15.650000000000015,0.0,-15.650000000000015,9.580399999999988,0.15650000000000014,0.11499999999999999,False,False,31.30000000000003,0.0,-31.30000000000003,-6.069600000000026,0.17800000000000005,0.13500000000000023,False,False,35.60000000000001,0.0,-35.60000000000001,-11.139200000000006,0.17800000000000005,0.13500000000000023,False,False,17.800000000000004,0.0,-17.800000000000004,6.660799999999998,0.1980000000000003,0.11499999999999999,False,False,39.60000000000006,0.0,-39.60000000000006,-15.139200000000056,46.0,27.0
3866448,907961,OOS,SPY,Will S&P 500 (SPY) hit (LOW) $730 in September?,-1,730.0,False,2026-08-28,2026-08-31,2026-09-30,0.0,put,729.0,731.0,2.0,O:SPY260930P00731000,O:SPY260930P00729000,0.0,0.1505434478339243,0.18,0.0,28.0,28.0,17.409600000000005,16.819200000000002,82.0,2.49,2.55,2.64,2.7,762.63,769.35,2.77,2.79,198.0,1.0,2.2344443798065186,2.94,2.97,350.0,153.0,1.690922498703003,ok,ok,ok,0.0,False,never touched,False,0.1065000000000001,0.08749999999999991,False,False,21.30000000000002,0.0,-21.30000000000002,-3.890400000000014,0.1065000000000001,0.08749999999999991,False,False,10.65000000000001,0.0,-10.65000000000001,6.759599999999995,0.11149999999999999,0.07499999999999996,False,False,22.299999999999997,0.0,-22.299999999999997,-4.8903999999999925,0.12550000000000028,0.08749999999999991,False,False,25.100000000000055,0.0,-25.100000000000055,-8.280800000000053,0.12550000000000028,0.08749999999999991,False,False,12.550000000000027,0.0,-12.550000000000027,4.269199999999975,0.14800000000000002,0.07499999999999996,False,False,29.600000000000005,0.0,-29.600000000000005,-12.780800000000003,19.0,126.0
4798164,907947,OOS,META,"Will Meta Platforms, Inc. (META) hit (HIGH) $820 in September?",1,820.0,False,2026-09-25,2026-09-28,2026-09-30,0.0,call,815.0,825.0,10.0,O:META260930C00815000,O:META260930C00825000,0.0,0.0640350781027121,0.0500000024549074,0.0,319.505264,100.0,4.810000236653082,4.620000227815415,94.99999975450926,0.9,0.96,0.48,0.74,725.18,751.66,0.12,0.25,177.0,146.0,1.3957104682922363,0.07,0.15,221.0,232.0,0.16667819023132324,ok,ok,ok,0.0,False,never touched,False,0.019299999999999998,0.0075,False,False,3.8599999999999994,0.0,-3.8599999999999994,0.9500002366530822,0.019299999999999998,0.0075,False,False,1.9299999999999997,0.0,-1.9299999999999997,2.880000236653082,0.049300000000000004,0.031999999999999994,False,False,9.860000000000001,0.0,-9.860000000000001,-5.04999976334692,0.031099999999999996,0.0075,False,False,6.219999999999999,0.0,-6.219999999999999,-1.5999997721845842,0.031099999999999996,0.0075,False,False,3.1099999999999994,0.0,-3.1099999999999994,1.5100002278154152,0.0666,0.031999999999999994,False,False,13.320000000000002,0.0,-13.320000000000002,-8.699999772184587,241.0,453.0
