tag,n_events,strategy,horizon,difference,ci_lo,ci_hi,p_value,q_value,exploratory
abs_distribution_failure,0,long_call,21,,,,,,True
abs_distribution_failure,0,long_call,42,,,,,,True
abs_distribution_failure,0,long_call,exp,,,,,,True
abs_distribution_failure,0,covered_call,21,,,,,,True
abs_distribution_failure,0,covered_call,42,,,,,,True
abs_distribution_failure,0,covered_call,exp,,,,,,True
abs_distribution_failure,0,protective_put,21,,,,,,True
abs_distribution_failure,0,protective_put,42,,,,,,True
abs_distribution_failure,0,protective_put,exp,,,,,,True
abs_distribution_failure,0,collar,21,,,,,,True
abs_distribution_failure,0,collar,42,,,,,,True
abs_distribution_failure,0,collar,exp,,,,,,True
abs_distribution_failure,0,cash_secured_put,21,,,,,,True
abs_distribution_failure,0,cash_secured_put,42,,,,,,True
abs_distribution_failure,0,cash_secured_put,exp,,,,,,True
abs_structural_change,0,long_call,21,,,,,,True
abs_structural_change,0,long_call,42,,,,,,True
abs_structural_change,0,long_call,exp,,,,,,True
abs_structural_change,0,covered_call,21,,,,,,True
abs_structural_change,0,covered_call,42,,,,,,True
abs_structural_change,0,covered_call,exp,,,,,,True
abs_structural_change,0,protective_put,21,,,,,,True
abs_structural_change,0,protective_put,42,,,,,,True
abs_structural_change,0,protective_put,exp,,,,,,True
abs_structural_change,0,collar,21,,,,,,True
abs_structural_change,0,collar,42,,,,,,True
abs_structural_change,0,collar,exp,,,,,,True
abs_structural_change,0,cash_secured_put,21,,,,,,True
abs_structural_change,0,cash_secured_put,42,,,,,,True
abs_structural_change,0,cash_secured_put,exp,,,,,,True
accounting_error_correction,1,long_call,21,,,,,,True
accounting_error_correction,1,long_call,42,,,,,,True
accounting_error_correction,1,long_call,exp,,,,,,True
accounting_error_correction,1,covered_call,21,,,,,,True
accounting_error_correction,1,covered_call,42,,,,,,True
accounting_error_correction,1,covered_call,exp,,,,,,True
accounting_error_correction,1,protective_put,21,,,,,,True
accounting_error_correction,1,protective_put,42,,,,,,True
accounting_error_correction,1,protective_put,exp,,,,,,True
accounting_error_correction,1,collar,21,,,,,,True
accounting_error_correction,1,collar,42,,,,,,True
accounting_error_correction,1,collar,exp,,,,,,True
accounting_error_correction,1,cash_secured_put,21,,,,,,True
accounting_error_correction,1,cash_secured_put,42,,,,,,True
accounting_error_correction,1,cash_secured_put,exp,,,,,,True
acquisition_agreement,14,long_call,21,-0.003610300181615474,-0.02170645686651587,0.013631030699625136,0.7175,0.9035345659163988,True
acquisition_agreement,14,long_call,42,0.011304556941251286,-0.0510649671212325,0.09489951320679332,0.822,0.9359620535714286,True
acquisition_agreement,14,long_call,exp,0.002279328294261706,-0.07504869794579862,0.0979702697176106,0.974,0.9932730923694779,True
acquisition_agreement,14,covered_call,21,0.007302235635678439,-0.015977589024363106,0.02869468001173113,0.5265,0.8996804029304029,True
acquisition_agreement,14,covered_call,42,-0.013987798460206603,-0.06425783627255335,0.032055475608777875,0.603,0.8996804029304029,True
acquisition_agreement,14,covered_call,exp,0.009341762203668384,-0.049418803748838835,0.06478759770916762,0.738,0.9035345659163988,True
acquisition_agreement,14,protective_put,21,-0.0038253651405695073,-0.025615362408841484,0.01666812314526558,0.7345,0.9035345659163988,True
acquisition_agreement,14,protective_put,42,0.010223972278235068,-0.06274349743066095,0.10442161473068652,0.8795,0.9714071117561683,True
acquisition_agreement,14,protective_put,exp,0.02819763354157616,-0.06487884432350455,0.1369926240215672,0.627,0.8996804029304029,True
acquisition_agreement,14,collar,21,0.002736065097919943,-0.00854084355932971,0.01308684971231505,0.622,0.8996804029304029,True
acquisition_agreement,14,collar,42,-0.009148743202765663,-0.030368233042194253,0.011970834268485442,0.4175,0.8607527027027027,True
acquisition_agreement,14,collar,exp,0.0037565877196440653,-0.02898865610880648,0.03489075599172964,0.809,0.9323396084337349,True
acquisition_agreement,14,cash_secured_put,21,0.005546353405509982,-0.007670622897533965,0.01810117291688266,0.412,0.8584577656675748,True
acquisition_agreement,14,cash_secured_put,42,-0.0037271217643983557,-0.032704319558961296,0.02118620405454653,0.845,0.9459419970631425,True
acquisition_agreement,14,cash_secured_put,exp,-0.022711786094657696,-0.07983034595311575,0.022628324223068024,0.3885,0.8563929577464788,True
acquisition_completion,14,long_call,21,-0.014318199003343596,-0.04248332429293105,0.013588870873971048,0.311,0.8304245614035087,True
acquisition_completion,14,long_call,42,-0.036912774391365824,-0.07014745225541964,-0.001423898524372038,0.047,0.35412871287128717,True
acquisition_completion,14,long_call,exp,-0.05070957684331233,-0.11066115706605391,0.03566777567378451,0.2065,0.6987057522123894,True
acquisition_completion,14,covered_call,21,-0.018127394727548297,-0.04884109299470032,0.010595298668984022,0.223,0.7160464135021097,True
acquisition_completion,14,covered_call,42,-0.057763457137889496,-0.11715149137619686,-0.005500933718684499,0.027,0.2745379746835443,True
acquisition_completion,14,covered_call,exp,-0.06807214099901646,-0.13433630487883388,-0.007300227434603068,0.0285,0.2745379746835443,True
acquisition_completion,14,protective_put,21,-0.01945450643719418,-0.05654808833279709,0.01687231675341835,0.2875,0.795590909090909,True
acquisition_completion,14,protective_put,42,-0.050679169014433964,-0.09413567809497787,-0.0032764752054301053,0.0335,0.30349404761904764,True
acquisition_completion,14,protective_put,exp,-0.044352042280945934,-0.11856424022094901,0.0570247741788722,0.3185,0.8386799307958478,True
acquisition_completion,14,collar,21,-0.007434497096481251,-0.023937203963567685,0.0086561295620122,0.3995,0.8563929577464788,True
acquisition_completion,14,collar,42,-0.024256485545990907,-0.048649920535638456,-0.0014370785612837166,0.0375,0.3242897727272727,True
acquisition_completion,14,collar,exp,-0.027510048010897233,-0.05281993994776765,0.00020077500032226957,0.0515,0.3697311320754717,True
acquisition_completion,14,cash_secured_put,21,-0.009712714763315552,-0.02514999881830026,0.0048753259238023825,0.2165,0.7117974137931035,True
acquisition_completion,14,cash_secured_put,42,-0.0305125362454751,-0.06740701229632215,-0.0005384794971290727,0.0455,0.353865,True
acquisition_completion,14,cash_secured_put,exp,-0.028887560622745723,-0.07082046631033355,0.00755626599916023,0.152,0.6173005319148935,True
acquisition_consideration_shares,13,long_call,21,-0.035077960973850866,-0.05946273025588095,-0.010930259615557561,0.004,0.095125,True
acquisition_consideration_shares,13,long_call,42,-0.015214951936190668,-0.06233388732657832,0.04913901590689179,0.5365,0.8996804029304029,True
acquisition_consideration_shares,13,long_call,exp,-0.019387442748715858,-0.10786877846709474,0.09006655510542319,0.6755,0.8997239583333333,True
acquisition_consideration_shares,13,covered_call,21,-0.020991444821471757,-0.053566163621302,0.007399702381167882,0.175,0.6543864734299517,True
acquisition_consideration_shares,13,covered_call,42,-0.01736333176103842,-0.0701431255232685,0.030685938071491153,0.5285,0.8996804029304029,True
acquisition_consideration_shares,13,covered_call,exp,-0.0052332606547284485,-0.0722493404305519,0.05659003015357518,0.8675,0.9637481751824818,True
acquisition_consideration_shares,13,protective_put,21,-0.03421121276230544,-0.07075422688417399,-0.0010338452603009802,0.045,0.353865,True
acquisition_consideration_shares,13,protective_put,42,-0.01908803353926929,-0.07580497572989839,0.04890893284358792,0.491,0.8996804029304029,True
acquisition_consideration_shares,13,protective_put,exp,0.005053521378982129,-0.1277107986411519,0.1696324534341093,0.995,0.9955,True
acquisition_consideration_shares,13,collar,21,-0.009320475832438422,-0.02321780958225938,0.004450980890888406,0.1865,0.6733271889400921,True
acquisition_consideration_shares,13,collar,42,-0.005738678998687815,-0.025936327358593095,0.014387988142976134,0.596,0.8996804029304029,True
acquisition_consideration_shares,13,collar,exp,-0.009843466613305199,-0.04592371550911622,0.028414525484887612,0.5975,0.8996804029304029,True
acquisition_consideration_shares,13,cash_secured_put,21,-0.013572670362346911,-0.0316304891109741,0.0031327184306276295,0.121,0.5461294117647059,True
acquisition_consideration_shares,13,cash_secured_put,42,-0.0086302174159271,-0.042728862968903346,0.020613658559399953,0.614,0.8996804029304029,True
acquisition_consideration_shares,13,cash_secured_put,exp,-0.033992226891839984,-0.09719158115488054,0.01530288533862301,0.233,0.7314918367346939,True
activist_investor_campaign,2,long_call,21,,,,,,True
activist_investor_campaign,2,long_call,42,,,,,,True
activist_investor_campaign,2,long_call,exp,,,,,,True
activist_investor_campaign,2,covered_call,21,,,,,,True
activist_investor_campaign,2,covered_call,42,,,,,,True
activist_investor_campaign,2,covered_call,exp,,,,,,True
activist_investor_campaign,2,protective_put,21,,,,,,True
activist_investor_campaign,2,protective_put,42,,,,,,True
activist_investor_campaign,2,protective_put,exp,,,,,,True
activist_investor_campaign,2,collar,21,,,,,,True
activist_investor_campaign,2,collar,42,,,,,,True
activist_investor_campaign,2,collar,exp,,,,,,True
activist_investor_campaign,2,cash_secured_put,21,,,,,,True
activist_investor_campaign,2,cash_secured_put,42,,,,,,True
activist_investor_campaign,2,cash_secured_put,exp,,,,,,True
annual_earnings,11,long_call,21,0.0140063378590542,-0.006814431101812575,0.0343025257466495,0.1945,0.6789655963302752,True
annual_earnings,11,long_call,42,0.0315798032968948,-0.007373487167304794,0.07016352941781824,0.1045,0.5065254777070064,True
annual_earnings,11,long_call,exp,0.040826459405038415,-0.0064073159192223495,0.08609198244718175,0.092,0.47562499999999996,True
annual_earnings,11,covered_call,21,0.0045631620725338495,-0.030337577596033918,0.027904123985872678,0.6585,0.8997239583333333,True
annual_earnings,11,covered_call,42,-0.002738115734129711,-0.06436252895626728,0.042656766283640415,0.99,0.9955,True
annual_earnings,11,covered_call,exp,0.035509358444638504,0.0015842654259383526,0.06486394433929335,0.0415,0.33958602150537637,True
annual_earnings,11,protective_put,21,0.015265331364420808,-0.014729624891866973,0.04263737324624407,0.3125,0.8312665505226481,True
annual_earnings,11,protective_put,42,0.029528409240657232,-0.03087112643440932,0.08632090915130225,0.331,0.8509831081081082,True
annual_earnings,11,protective_put,exp,0.04007845247803622,-0.031279874151116674,0.1067221181364295,0.259,0.7729372549019609,True
annual_earnings,11,collar,21,0.006973885976195251,-0.010147751389016317,0.021023947122016304,0.3925,0.8563929577464788,True
annual_earnings,11,collar,42,0.006853784899618404,-0.03225272641466965,0.03744108784548367,0.659,0.8997239583333333,True
annual_earnings,11,collar,exp,0.025043702814874304,-0.022330739887116084,0.06479104130157383,0.281,0.787579044117647,True
annual_earnings,11,cash_secured_put,21,-0.004397615726337904,-0.024994129286941245,0.007879745643128017,0.6915,0.9025511945392491,True
annual_earnings,11,cash_secured_put,42,-0.009097805030333729,-0.041557752037933944,0.012252785866594534,0.6185,0.8996804029304029,True
annual_earnings,11,cash_secured_put,exp,0.010205209970935788,0.0020056938127780066,0.01864454181320556,0.014,0.19370909090909091,True
annual_meeting_results,14,long_call,21,0.026101432824176395,-0.010010877858411236,0.07668200702057353,0.222,0.7158559322033898,True
annual_meeting_results,14,long_call,42,0.03414364190556414,-0.009315148779204876,0.08590832744091823,0.138,0.5802099447513813,True
annual_meeting_results,14,long_call,exp,0.04808212990607605,-0.015507641158603385,0.11226361379681661,0.131,0.57075,True
annual_meeting_results,14,covered_call,21,0.01865495751578366,-0.006795569511833498,0.042989599288680624,0.143,0.5979285714285714,True
annual_meeting_results,14,covered_call,42,0.02978141618976101,-0.0005609761253797014,0.0588752083788029,0.0565,0.38386725663716814,True
annual_meeting_results,14,covered_call,exp,0.02782698259037781,-0.02462490084027918,0.07489107141108163,0.309,0.8304245614035087,True
annual_meeting_results,14,protective_put,21,0.03180651597197447,-0.009206849167378352,0.08779296348751921,0.1715,0.6543864734299517,True
annual_meeting_results,14,protective_put,42,0.04423799648210691,-0.009843881009935213,0.1045208260698486,0.116,0.5350060606060607,True
annual_meeting_results,14,protective_put,exp,0.07388958595220849,-0.003084762695609116,0.15069384276203296,0.0605,0.39017372881355933,True
annual_meeting_results,14,collar,21,0.01026750222438775,-0.004157251654621471,0.02295753800073418,0.1635,0.6380692307692308,True
annual_meeting_results,14,collar,42,0.014883090321136225,-0.004805458805682549,0.031982998263409,0.1295,0.569650289017341,True
annual_meeting_results,14,collar,exp,0.01866648818586269,-0.015818285291756485,0.049427457056334945,0.2725,0.7795262172284645,True
annual_meeting_results,14,cash_secured_put,21,0.009917885707173706,-0.0022798386260435726,0.022046127392307366,0.1085,0.5128478260869566,True
annual_meeting_results,14,cash_secured_put,42,0.01618693922974217,0.002102221676801863,0.03112241845685802,0.02,0.2378125,True
annual_meeting_results,14,cash_secured_put,exp,0.006284857715096131,-0.02646106851625625,0.03458072202402126,0.68,0.8997239583333333,True
asset_impairment,12,long_call,21,0.02855951790577293,-0.0018307190554898002,0.06880701702166075,0.0755,0.42526470588235293,True
asset_impairment,12,long_call,42,0.036939594396675185,-0.02832675359116253,0.11504088828300695,0.3235,0.8430941780821918,True
asset_impairment,12,long_call,exp,0.046236051262792816,-0.03287868702353518,0.13766410522604774,0.3135,0.8312665505226481,True
asset_impairment,12,covered_call,21,0.02742875686755364,0.00759316999881573,0.048207976066548364,0.009,0.1756153846153846,True
asset_impairment,12,covered_call,42,0.026550378848496224,8.182782592206883e-05,0.05546421329138971,0.05,0.36586538461538465,True
asset_impairment,12,covered_call,exp,0.053079895825043376,0.012167241099152095,0.09394105354545237,0.01,0.1811904761904762,True
asset_impairment,12,protective_put,21,0.03231447937836609,-0.0016924764548858218,0.07549845028540114,0.064,0.39596747967479673,True
asset_impairment,12,protective_put,42,0.04650954611740821,-0.02570864958392366,0.1291833068284487,0.234,0.7314918367346939,True
asset_impairment,12,protective_put,exp,0.05435883154933015,-0.029171224606318817,0.15336127866424548,0.2475,0.7549603174603174,True
asset_impairment,12,collar,21,0.013165664460698535,0.002792388354129688,0.025464009825643744,0.012,0.19370909090909091,True
asset_impairment,12,collar,42,0.013349199517849285,-0.004661171702608767,0.031311718419837764,0.1555,0.6222760416666667,True
asset_impairment,12,collar,exp,0.0325456082763972,0.002638736167192686,0.05838140581227531,0.037,0.32364367816091955,True
asset_impairment,12,cash_secured_put,21,0.015243275274606592,0.005297427904177408,0.027943935892332253,0.0015,0.049630434782608694,True
asset_impairment,12,cash_secured_put,42,0.012328137094155173,-0.0004651463633314265,0.026645586342931023,0.0605,0.39017372881355933,True
asset_impairment,12,cash_secured_put,exp,0.025388455815692858,0.0065586301327542505,0.04807061488482316,0.0035,0.09184482758620689,True
asset_purchase_or_sale,1,long_call,21,,,,,,True
asset_purchase_or_sale,1,long_call,42,,,,,,True
asset_purchase_or_sale,1,long_call,exp,,,,,,True
asset_purchase_or_sale,1,covered_call,21,,,,,,True
asset_purchase_or_sale,1,covered_call,42,,,,,,True
asset_purchase_or_sale,1,covered_call,exp,,,,,,True
asset_purchase_or_sale,1,protective_put,21,,,,,,True
asset_purchase_or_sale,1,protective_put,42,,,,,,True
asset_purchase_or_sale,1,protective_put,exp,,,,,,True
asset_purchase_or_sale,1,collar,21,,,,,,True
asset_purchase_or_sale,1,collar,42,,,,,,True
asset_purchase_or_sale,1,collar,exp,,,,,,True
asset_purchase_or_sale,1,cash_secured_put,21,,,,,,True
asset_purchase_or_sale,1,cash_secured_put,42,,,,,,True
asset_purchase_or_sale,1,cash_secured_put,exp,,,,,,True
audit_opinion_withdrawal,0,long_call,21,,,,,,True
audit_opinion_withdrawal,0,long_call,42,,,,,,True
audit_opinion_withdrawal,0,long_call,exp,,,,,,True
audit_opinion_withdrawal,0,covered_call,21,,,,,,True
audit_opinion_withdrawal,0,covered_call,42,,,,,,True
audit_opinion_withdrawal,0,covered_call,exp,,,,,,True
audit_opinion_withdrawal,0,protective_put,21,,,,,,True
audit_opinion_withdrawal,0,protective_put,42,,,,,,True
audit_opinion_withdrawal,0,protective_put,exp,,,,,,True
audit_opinion_withdrawal,0,collar,21,,,,,,True
audit_opinion_withdrawal,0,collar,42,,,,,,True
audit_opinion_withdrawal,0,collar,exp,,,,,,True
audit_opinion_withdrawal,0,cash_secured_put,21,,,,,,True
audit_opinion_withdrawal,0,cash_secured_put,42,,,,,,True
audit_opinion_withdrawal,0,cash_secured_put,exp,,,,,,True
auditor_disagreement,0,long_call,21,,,,,,True
auditor_disagreement,0,long_call,42,,,,,,True
auditor_disagreement,0,long_call,exp,,,,,,True
auditor_disagreement,0,covered_call,21,,,,,,True
auditor_disagreement,0,covered_call,42,,,,,,True
auditor_disagreement,0,covered_call,exp,,,,,,True
auditor_disagreement,0,protective_put,21,,,,,,True
auditor_disagreement,0,protective_put,42,,,,,,True
auditor_disagreement,0,protective_put,exp,,,,,,True
auditor_disagreement,0,collar,21,,,,,,True
auditor_disagreement,0,collar,42,,,,,,True
auditor_disagreement,0,collar,exp,,,,,,True
auditor_disagreement,0,cash_secured_put,21,,,,,,True
auditor_disagreement,0,cash_secured_put,42,,,,,,True
auditor_disagreement,0,cash_secured_put,exp,,,,,,True
auditor_dismissal,0,long_call,21,,,,,,True
auditor_dismissal,0,long_call,42,,,,,,True
auditor_dismissal,0,long_call,exp,,,,,,True
auditor_dismissal,0,covered_call,21,,,,,,True
auditor_dismissal,0,covered_call,42,,,,,,True
auditor_dismissal,0,covered_call,exp,,,,,,True
auditor_dismissal,0,protective_put,21,,,,,,True
auditor_dismissal,0,protective_put,42,,,,,,True
auditor_dismissal,0,protective_put,exp,,,,,,True
auditor_dismissal,0,collar,21,,,,,,True
auditor_dismissal,0,collar,42,,,,,,True
auditor_dismissal,0,collar,exp,,,,,,True
auditor_dismissal,0,cash_secured_put,21,,,,,,True
auditor_dismissal,0,cash_secured_put,42,,,,,,True
auditor_dismissal,0,cash_secured_put,exp,,,,,,True
auditor_resignation,0,long_call,21,,,,,,True
auditor_resignation,0,long_call,42,,,,,,True
auditor_resignation,0,long_call,exp,,,,,,True
auditor_resignation,0,covered_call,21,,,,,,True
auditor_resignation,0,covered_call,42,,,,,,True
auditor_resignation,0,covered_call,exp,,,,,,True
auditor_resignation,0,protective_put,21,,,,,,True
auditor_resignation,0,protective_put,42,,,,,,True
auditor_resignation,0,protective_put,exp,,,,,,True
auditor_resignation,0,collar,21,,,,,,True
auditor_resignation,0,collar,42,,,,,,True
auditor_resignation,0,collar,exp,,,,,,True
auditor_resignation,0,cash_secured_put,21,,,,,,True
auditor_resignation,0,cash_secured_put,42,,,,,,True
auditor_resignation,0,cash_secured_put,exp,,,,,,True
bankruptcy_emergence,0,long_call,21,,,,,,True
bankruptcy_emergence,0,long_call,42,,,,,,True
bankruptcy_emergence,0,long_call,exp,,,,,,True
bankruptcy_emergence,0,covered_call,21,,,,,,True
bankruptcy_emergence,0,covered_call,42,,,,,,True
bankruptcy_emergence,0,covered_call,exp,,,,,,True
bankruptcy_emergence,0,protective_put,21,,,,,,True
bankruptcy_emergence,0,protective_put,42,,,,,,True
bankruptcy_emergence,0,protective_put,exp,,,,,,True
bankruptcy_emergence,0,collar,21,,,,,,True
bankruptcy_emergence,0,collar,42,,,,,,True
bankruptcy_emergence,0,collar,exp,,,,,,True
bankruptcy_emergence,0,cash_secured_put,21,,,,,,True
bankruptcy_emergence,0,cash_secured_put,42,,,,,,True
bankruptcy_emergence,0,cash_secured_put,exp,,,,,,True
benefit_plan_blackout,3,long_call,21,,,,,,True
benefit_plan_blackout,3,long_call,42,,,,,,True
benefit_plan_blackout,3,long_call,exp,,,,,,True
benefit_plan_blackout,3,covered_call,21,,,,,,True
benefit_plan_blackout,3,covered_call,42,,,,,,True
benefit_plan_blackout,3,covered_call,exp,,,,,,True
benefit_plan_blackout,3,protective_put,21,,,,,,True
benefit_plan_blackout,3,protective_put,42,,,,,,True
benefit_plan_blackout,3,protective_put,exp,,,,,,True
benefit_plan_blackout,3,collar,21,,,,,,True
benefit_plan_blackout,3,collar,42,,,,,,True
benefit_plan_blackout,3,collar,exp,,,,,,True
benefit_plan_blackout,3,cash_secured_put,21,,,,,,True
benefit_plan_blackout,3,cash_secured_put,42,,,,,,True
benefit_plan_blackout,3,cash_secured_put,exp,,,,,,True
business_line_exit,11,long_call,21,0.00984632985503096,-0.014736175468432753,0.038143164752455626,0.486,0.8996804029304029,True
business_line_exit,11,long_call,42,0.012753080694515154,-0.03501679125158326,0.06651827555038735,0.6315,0.8996804029304029,True
business_line_exit,11,long_call,exp,0.023393922602412204,-0.04157901839675279,0.11191104841716495,0.5855,0.8996804029304029,True
business_line_exit,11,covered_call,21,0.018098722297957948,-0.0035978421782117526,0.04093166867712309,0.108,0.5128478260869566,True
business_line_exit,11,covered_call,42,0.014282134606675871,-0.019425129866886784,0.0498892387501288,0.4355,0.8698569553805775,True
business_line_exit,11,covered_call,exp,0.050336988130101616,0.0096821420077557,0.09333054709644566,0.011,0.19024999999999997,True
business_line_exit,11,protective_put,21,0.012202282495010723,-0.01609164151430965,0.04635118552019775,0.458,0.8884675,True
business_line_exit,11,protective_put,42,0.011830503467021056,-0.04344709040288746,0.07042958312179702,0.6975,0.9027168367346939,True
business_line_exit,11,protective_put,exp,0.0521600565062887,-0.016874920766079334,0.1436898729665617,0.159,0.6269378238341968,True
business_line_exit,11,collar,21,0.007463530981822884,-0.0046398327723539854,0.021314202430061616,0.25,0.7549603174603174,True
business_line_exit,11,collar,42,0.008024630750532625,-0.014944894425876055,0.030736938501626725,0.4755,0.8928194103194104,True
business_line_exit,11,collar,exp,0.03248233497061076,0.004846342997271103,0.05721720378788412,0.0235,0.25547857142857144,True
business_line_exit,11,cash_secured_put,21,0.011615374183886565,0.0005676389516872105,0.02530152790967089,0.0365,0.32364367816091955,True
business_line_exit,11,cash_secured_put,42,0.009251939202566735,-0.004510301632357752,0.024848154011876462,0.2205,0.7156638297872341,True
business_line_exit,11,cash_secured_put,exp,0.02490724188667367,0.0063910252490259395,0.04675312924383941,0.004,0.095125,True
business_update,14,long_call,21,-0.01694673088159636,-0.03359971493144853,0.0004276803698682849,0.056,0.38386725663716814,True
business_update,14,long_call,42,0.012699460325548452,-0.01905058383014347,0.046592646442136655,0.464,0.8884675,True
business_update,14,long_call,exp,-0.005314423657384597,-0.0633231893292596,0.07083039994463824,0.8255,0.9359620535714286,True
business_update,14,covered_call,21,-0.011977770358490378,-0.03563140463682102,0.008524605469618198,0.2725,0.7795262172284645,True
business_update,14,covered_call,42,0.010225606826988101,-0.036010470611986,0.04655077822946289,0.5895,0.8996804029304029,True
business_update,14,covered_call,exp,0.005476423501830245,-0.04425035487151454,0.047726043301427386,0.786,0.9259226006191952,True
business_update,14,protective_put,21,-0.012710171392980724,-0.034216929381602514,0.009965873195840916,0.2615,0.7740209125475286,True
business_update,14,protective_put,42,0.018648372506208873,-0.026117079833723213,0.060321697078178894,0.3885,0.8563929577464788,True
business_update,14,protective_put,exp,-0.0015900972711801464,-0.07154428452233468,0.08236349325114932,0.888,0.9731511789181693,True
business_update,14,collar,21,-0.002697028125977575,-0.014463547940038995,0.009015289892785425,0.631,0.8996804029304029,True
business_update,14,collar,42,0.008662040101458381,-0.01297786766025557,0.027663606098037006,0.3715,0.8563929577464788,True
business_update,14,collar,exp,0.000925465209398995,-0.029619217694749726,0.03229654068939874,0.9535,0.9810729729729729,True
business_update,14,cash_secured_put,21,-0.00936831644716312,-0.02318986556694682,0.0015259154480969602,0.1215,0.5461294117647059,True
business_update,14,cash_secured_put,42,4.955823832146055e-05,-0.024817503938131747,0.021293729037644926,0.9425,0.9798394808743168,True
business_update,14,cash_secured_put,exp,0.004852049123447466,-0.02473385591943336,0.0248462203180056,0.645,0.8996804029304029,True
bylaw_amendment,15,long_call,21,-0.004824545226138512,-0.028952611901134493,0.021623742646286376,0.71,0.9035345659163988,True
bylaw_amendment,15,long_call,42,-0.016655260156938034,-0.047253774486496106,0.01996959754371718,0.3425,0.8563929577464788,True
bylaw_amendment,15,long_call,exp,-0.04292488527283317,-0.08602499975974083,0.0037228497680271227,0.0695,0.4068423076923077,True
bylaw_amendment,15,covered_call,21,0.006734128463771161,-0.011178561140088748,0.022975723432460467,0.429,0.8682686170212766,True
bylaw_amendment,15,covered_call,42,0.012710729382784856,-0.011412965668402974,0.03542308339810048,0.2965,0.8087329749103942,True
bylaw_amendment,15,covered_call,exp,-0.018190653219255157,-0.07054978968079274,0.029461231055242135,0.49,0.8996804029304029,True
bylaw_amendment,15,protective_put,21,0.0002911404346409036,-0.029056158423640604,0.03098893767263144,0.991,0.9955,True
bylaw_amendment,15,protective_put,42,-0.01658431933043787,-0.05273182419704207,0.02425409684661679,0.3985,0.8563929577464788,True
bylaw_amendment,15,protective_put,exp,-0.02922703132696181,-0.0906305369649591,0.0374888390441671,0.3675,0.8563929577464788,True
bylaw_amendment,15,collar,21,0.003336696185225357,-0.006438110179208762,0.013137490224084608,0.5385,0.8996804029304029,True
bylaw_amendment,15,collar,42,0.0027019848641406195,-0.011077334489442292,0.018039950263495978,0.733,0.9035345659163988,True
bylaw_amendment,15,collar,exp,-0.015976048755492495,-0.04825864217610685,0.016595687539749777,0.346,0.8563929577464788,True
bylaw_amendment,15,cash_secured_put,21,0.0030677790490466436,-0.00798385186071373,0.013158097732868627,0.5675,0.8996804029304029,True
bylaw_amendment,15,cash_secured_put,42,0.013279632772644559,0.0018660053402907808,0.02466803485314921,0.027,0.2745379746835443,True
bylaw_amendment,15,cash_secured_put,exp,-0.017384083157261223,-0.07661393343478022,0.02453113028257544,0.5465,0.8996804029304029,True
capital_allocation_update,5,long_call,21,-0.004246110676616447,-0.036614211691856115,0.03772668039843611,0.732,0.9035345659163988,True
capital_allocation_update,5,long_call,42,,,,,,True
capital_allocation_update,5,long_call,exp,-0.00027755337118733417,-0.10513434224248555,0.13312616291329427,0.9185,0.9731511789181693,True
capital_allocation_update,5,covered_call,21,,,,,,True
capital_allocation_update,5,covered_call,42,,,,,,True
capital_allocation_update,5,covered_call,exp,,,,,,True
capital_allocation_update,5,protective_put,21,,,,,,True
capital_allocation_update,5,protective_put,42,,,,,,True
capital_allocation_update,5,protective_put,exp,,,,,,True
capital_allocation_update,5,collar,21,,,,,,True
capital_allocation_update,5,collar,42,,,,,,True
capital_allocation_update,5,collar,exp,,,,,,True
capital_allocation_update,5,cash_secured_put,21,-0.0037097342970643364,-0.016256461289420834,0.00814726864050172,0.605,0.8996804029304029,True
capital_allocation_update,5,cash_secured_put,42,-0.01758445898677627,-0.08615059731606438,0.0222969852214921,0.6265,0.8996804029304029,True
capital_allocation_update,5,cash_secured_put,exp,,,,,,True
ceo_appointment,13,long_call,21,-0.01056565431281504,-0.045199288786321574,0.02476066901524694,0.5545,0.8996804029304029,True
ceo_appointment,13,long_call,42,-0.007668810536571228,-0.06049215624801122,0.051001985504503994,0.783,0.9252531055900622,True
ceo_appointment,13,long_call,exp,-0.05313258595207093,-0.10402709117215514,-0.0016713018482696408,0.041,0.3391413043478261,True
ceo_appointment,13,covered_call,21,-0.014255416545638586,-0.04706756187085896,0.02103647134433112,0.41,0.8584577656675748,True
ceo_appointment,13,covered_call,42,-0.03389346776264658,-0.09225019187443351,0.022571946327660682,0.247,0.7549603174603174,True
ceo_appointment,13,covered_call,exp,-0.05901128391643515,-0.1545131608650281,0.023869874229912266,0.176,0.6543864734299517,True
ceo_appointment,13,protective_put,21,-0.016703545376063292,-0.0600471795241995,0.030395886020531875,0.4505,0.883583762886598,True
ceo_appointment,13,protective_put,42,-0.019360747530729014,-0.08414428321219786,0.049730429169311516,0.587,0.8996804029304029,True
ceo_appointment,13,protective_put,exp,-0.04944521999637111,-0.1151578012173338,0.02349580124228001,0.1795,0.6567283653846154,True
ceo_appointment,13,collar,21,-0.004726871610679861,-0.023728390462415344,0.016565142803916938,0.639,0.8996804029304029,True
ceo_appointment,13,collar,42,-0.007747484664492799,-0.03781420543892549,0.023768044750503772,0.6385,0.8996804029304029,True
ceo_appointment,13,collar,exp,-0.009863624714438392,-0.049937659720570494,0.030083127019228734,0.629,0.8996804029304029,True
ceo_appointment,13,cash_secured_put,21,-0.008548362067207231,-0.02421390367936534,0.006222044601337636,0.2675,0.7740209125475286,True
ceo_appointment,13,cash_secured_put,42,-0.023151547751730284,-0.054721947014628985,0.00376314708485764,0.098,0.4924117647058823,True
ceo_appointment,13,cash_secured_put,exp,-0.04242056365061745,-0.0970607804768069,0.006803947097012189,0.09,0.47562499999999996,True
ceo_departure,14,long_call,21,0.007753237563354558,-0.043206406580957764,0.08402825206656583,0.893,0.9731511789181693,True
ceo_departure,14,long_call,42,-0.007958841564585059,-0.07049142467890082,0.08050727438076236,0.743,0.9043680445151034,True
ceo_departure,14,long_call,exp,-0.00480909359572677,-0.09508925914060971,0.14074761421801557,0.816,0.9337984962406015,True
ceo_departure,14,covered_call,21,-0.02944468535083157,-0.05870833942764225,0.0015860229455871087,0.068,0.40409689922480624,True
ceo_departure,14,covered_call,42,-0.05496233268557773,-0.1031516915438061,-0.006222324264887693,0.0285,0.2745379746835443,True
ceo_departure,14,covered_call,exp,-0.058808804060273404,-0.14651900034432627,0.01576092638813855,0.1375,0.5802099447513813,True
ceo_departure,14,protective_put,21,-0.0011119493678590844,-0.058014978339202224,0.08011180671945993,0.86,0.9587708638360176,True
ceo_departure,14,protective_put,42,-0.028293972860889513,-0.09953905901706316,0.07376025227615311,0.525,0.8996804029304029,True
ceo_departure,14,protective_put,exp,-0.09270657624111994,-0.1353694616986594,-0.049759814270858904,0.00025,0.013589285714285715,True
ceo_departure,14,collar,21,-0.016199270182304906,-0.028146540973889623,-0.0020529517219197856,0.025,0.26795774647887327,True
ceo_departure,14,collar,42,-0.026908260041044456,-0.04991168035152809,-0.0017803617923754695,0.038,0.32492134831460673,True
ceo_departure,14,collar,exp,-0.036365031717397224,-0.0698494208474885,-7.590786926707864e-05,0.0495,0.3657233009708738,True
ceo_departure,14,cash_secured_put,21,-0.01226523230077518,-0.0317285503842601,0.006895091862768338,0.2185,0.7136416309012876,True
ceo_departure,14,cash_secured_put,42,-0.019456478034341362,-0.049191471150622425,0.005761984541541728,0.1495,0.6149702702702702,True
ceo_departure,14,cash_secured_put,exp,-0.016347021370914545,-0.06957325076091403,0.02612395949578013,0.5385,0.8996804029304029,True
cfo_appointment,13,long_call,21,0.008202302088469456,-0.012600565681114116,0.033938495771038,0.492,0.8996804029304029,True
cfo_appointment,13,long_call,42,0.006495997827405283,-0.0357673528982324,0.056741242141708795,0.846,0.9459419970631425,True
cfo_appointment,13,long_call,exp,-0.030243213179005496,-0.06791076978750019,0.012383781283175393,0.167,0.6484030612244898,True
cfo_appointment,13,covered_call,21,0.008784172563707263,-0.013012684598638668,0.0294053703613376,0.4035,0.8577016574585635,True
cfo_appointment,13,covered_call,42,-0.0008529102357072091,-0.030781355530858,0.028147234236677112,0.975,0.9932730923694779,True
cfo_appointment,13,covered_call,exp,-0.016869024172382063,-0.07122601000264273,0.03447087637308003,0.58,0.8996804029304029,True
cfo_appointment,13,protective_put,21,0.006942905357756065,-0.019603487714900093,0.038875208896529394,0.6665,0.8997239583333333,True
cfo_appointment,13,protective_put,42,0.0016824257719459182,-0.0473716758917145,0.05911810686931223,0.9615,0.9861206199460917,True
cfo_appointment,13,protective_put,exp,-0.022259208484778706,-0.0732514842801615,0.029885681712630795,0.392,0.8563929577464788,True
cfo_appointment,13,collar,21,0.004814142284478789,-0.009274597058103294,0.018171914228497954,0.4775,0.8928194103194104,True
cfo_appointment,13,collar,42,0.0014949751714167497,-0.016860071563854818,0.021363434763544048,0.8895,0.9731511789181693,True
cfo_appointment,13,collar,exp,-0.004747127827102814,-0.03613888662340012,0.02494544450913434,0.8,0.9323396084337349,True
cfo_appointment,13,cash_secured_put,21,0.004950213146979965,-0.0032960638894257697,0.012920857967891684,0.249,0.7549603174603174,True
cfo_appointment,13,cash_secured_put,42,0.0006465499392995346,-0.01238049378882909,0.011946748013445923,0.863,0.9601505847953216,True
cfo_appointment,13,cash_secured_put,exp,-0.0050693076180964415,-0.03274882098709301,0.017900278277212866,0.737,0.9035345659163988,True
cfo_departure,15,long_call,21,0.0010879669140204619,-0.015177808231613651,0.016963391965838754,0.882,0.9718994211287988,True
cfo_departure,15,long_call,42,0.00020101065625371776,-0.03345835037697355,0.04234117762139133,0.919,0.9731511789181693,True
cfo_departure,15,long_call,exp,0.0026499956396687785,-0.04484854629843949,0.0553147439034488,0.917,0.9731511789181693,True
cfo_departure,15,covered_call,21,0.005926219540855227,-0.012826014538701776,0.022975260150732868,0.511,0.8996804029304029,True
cfo_departure,15,covered_call,42,0.0016028714453084243,-0.018314695611423955,0.022985121802143554,0.873,0.9670349344978165,True
cfo_departure,15,covered_call,exp,-0.001022176539414485,-0.05403414931797862,0.03887675726624096,0.9955,0.9955,True
cfo_departure,15,protective_put,21,0.0010067109725525256,-0.019540612877623473,0.02082274182657624,0.909,0.9731511789181693,True
cfo_departure,15,protective_put,42,-0.0031231983375304417,-0.039307822285148925,0.04166873283843924,0.813,0.9323396084337349,True
cfo_departure,15,protective_put,exp,0.018548931420004022,-0.04053134551567943,0.08011556526041286,0.5695,0.8996804029304029,True
cfo_departure,15,collar,21,0.0028091461597555935,-0.007536324323890487,0.012733505251248233,0.571,0.8996804029304029,True
cfo_departure,15,collar,42,0.0002854188900630033,-0.012331838222493355,0.013261097117432011,0.993,0.9955,True
cfo_departure,15,collar,exp,0.004373662255058801,-0.02105348795538784,0.028711605276647036,0.726,0.9035345659163988,True
cfo_departure,15,cash_secured_put,21,0.0040972562488511225,-0.005165254410879952,0.012058003288731911,0.34,0.8563929577464788,True
cfo_departure,15,cash_secured_put,42,0.00431188790166892,-0.004531889219716851,0.013442683980006047,0.3605,0.8563929577464788,True
cfo_departure,15,cash_secured_put,exp,-0.0023471600089209586,-0.030358510472949258,0.01986281675094302,0.9365,0.9759746922024624,True
charter_amendment,14,long_call,21,-0.005663074688897405,-0.026833323551562614,0.016420666256845278,0.6035,0.8996804029304029,True
charter_amendment,14,long_call,42,0.01102286904068208,-0.03079088166188362,0.06856079744121175,0.7015,0.9035345659163988,True
charter_amendment,14,long_call,exp,0.02358559216169939,-0.037141098397793545,0.08721009556348316,0.46,0.8884675,True
charter_amendment,14,covered_call,21,-0.0036601857398342753,-0.03506939159915423,0.022931436311273194,0.8415,0.9445154867256639,True
charter_amendment,14,covered_call,42,0.004353270213971687,-0.044903317761274014,0.0446765988751426,0.7895,0.9286081916537866,True
charter_amendment,14,covered_call,exp,0.04322769750765997,0.014713425762046022,0.07112212204720832,0.004,0.095125,True
charter_amendment,14,protective_put,21,-0.006569014562057041,-0.034740920783163785,0.020490143371975533,0.6315,0.8996804029304029,True
charter_amendment,14,protective_put,42,0.012504790750420141,-0.036640460994524116,0.07348340166731251,0.7225,0.9035345659163988,True
charter_amendment,14,protective_put,exp,0.0552441582790887,-0.010322892906869554,0.12256016593321076,0.103,0.5048942307692307,True
charter_amendment,14,collar,21,-0.0024859843087212757,-0.01753157788094559,0.010999700753759434,0.743,0.9043680445151034,True
charter_amendment,14,collar,42,0.0036107954933548413,-0.018274858096879527,0.02375047030984117,0.695,0.9025511945392491,True
charter_amendment,14,collar,exp,0.03057088946913072,0.00714208493541506,0.052463044161926736,0.014,0.19370909090909091,True
charter_amendment,14,cash_secured_put,21,-0.00019401856336150915,-0.017474757567938842,0.013515637333943935,0.954,0.9810729729729729,True
charter_amendment,14,cash_secured_put,42,0.004854665351346997,-0.02328560468404491,0.02411767180662383,0.6065,0.8996804029304029,True
charter_amendment,14,cash_secured_put,exp,0.01202681623126998,-0.011714902438388144,0.02905877917364455,0.275,0.7808029739776953,True
class_action_filing,0,long_call,21,,,,,,True
class_action_filing,0,long_call,42,,,,,,True
class_action_filing,0,long_call,exp,,,,,,True
class_action_filing,0,covered_call,21,,,,,,True
class_action_filing,0,covered_call,42,,,,,,True
class_action_filing,0,covered_call,exp,,,,,,True
class_action_filing,0,protective_put,21,,,,,,True
class_action_filing,0,protective_put,42,,,,,,True
class_action_filing,0,protective_put,exp,,,,,,True
class_action_filing,0,collar,21,,,,,,True
class_action_filing,0,collar,42,,,,,,True
class_action_filing,0,collar,exp,,,,,,True
class_action_filing,0,cash_secured_put,21,,,,,,True
class_action_filing,0,cash_secured_put,42,,,,,,True
class_action_filing,0,cash_secured_put,exp,,,,,,True
clinical_trial_results,1,long_call,21,,,,,,True
clinical_trial_results,1,long_call,42,,,,,,True
clinical_trial_results,1,long_call,exp,,,,,,True
clinical_trial_results,1,covered_call,21,,,,,,True
clinical_trial_results,1,covered_call,42,,,,,,True
clinical_trial_results,1,covered_call,exp,,,,,,True
clinical_trial_results,1,protective_put,21,,,,,,True
clinical_trial_results,1,protective_put,42,,,,,,True
clinical_trial_results,1,protective_put,exp,,,,,,True
clinical_trial_results,1,collar,21,,,,,,True
clinical_trial_results,1,collar,42,,,,,,True
clinical_trial_results,1,collar,exp,,,,,,True
clinical_trial_results,1,cash_secured_put,21,,,,,,True
clinical_trial_results,1,cash_secured_put,42,,,,,,True
clinical_trial_results,1,cash_secured_put,exp,,,,,,True
code_of_ethics_change,0,long_call,21,,,,,,True
code_of_ethics_change,0,long_call,42,,,,,,True
code_of_ethics_change,0,long_call,exp,,,,,,True
code_of_ethics_change,0,covered_call,21,,,,,,True
code_of_ethics_change,0,covered_call,42,,,,,,True
code_of_ethics_change,0,covered_call,exp,,,,,,True
code_of_ethics_change,0,protective_put,21,,,,,,True
code_of_ethics_change,0,protective_put,42,,,,,,True
code_of_ethics_change,0,protective_put,exp,,,,,,True
code_of_ethics_change,0,collar,21,,,,,,True
code_of_ethics_change,0,collar,42,,,,,,True
code_of_ethics_change,0,collar,exp,,,,,,True
code_of_ethics_change,0,cash_secured_put,21,,,,,,True
code_of_ethics_change,0,cash_secured_put,42,,,,,,True
code_of_ethics_change,0,cash_secured_put,exp,,,,,,True
control_acquisition,2,long_call,21,,,,,,True
control_acquisition,2,long_call,42,,,,,,True
control_acquisition,2,long_call,exp,,,,,,True
control_acquisition,2,covered_call,21,,,,,,True
control_acquisition,2,covered_call,42,,,,,,True
control_acquisition,2,covered_call,exp,,,,,,True
control_acquisition,2,protective_put,21,,,,,,True
control_acquisition,2,protective_put,42,,,,,,True
control_acquisition,2,protective_put,exp,,,,,,True
control_acquisition,2,collar,21,,,,,,True
control_acquisition,2,collar,42,,,,,,True
control_acquisition,2,collar,exp,,,,,,True
control_acquisition,2,cash_secured_put,21,,,,,,True
control_acquisition,2,cash_secured_put,42,,,,,,True
control_acquisition,2,cash_secured_put,exp,,,,,,True
control_disposition,6,long_call,21,-0.0011432606109499145,-0.019211311398762313,0.019227763004102092,0.8915,0.9731511789181693,True
control_disposition,6,long_call,42,-0.017565268188046164,-0.038640890176631276,0.005528537061775641,0.1335,0.57075,True
control_disposition,6,long_call,exp,-0.025917218406582402,-0.0811911910120748,0.04171372414520496,0.4065,0.8577016574585635,True
control_disposition,6,covered_call,21,-0.0016301421762598967,-0.04434472623760119,0.04216454092414041,0.917,0.9731511789181693,True
control_disposition,6,covered_call,42,0.00676822464617749,-0.028894485554190316,0.04778000126251292,0.7655,0.9145141287284143,True
control_disposition,6,covered_call,exp,0.04059401446775574,0.002867144278469023,0.09072550697844287,0.028,0.2745379746835443,True
control_disposition,6,protective_put,21,,,,,,True
control_disposition,6,protective_put,42,-0.013860574914060363,-0.05236418630888986,0.02260268838215253,0.4665,0.8884675,True
control_disposition,6,protective_put,exp,0.020198255668560434,-0.04460376438499269,0.09941135054548937,0.627,0.8996804029304029,True
control_disposition,6,collar,21,,,,,,True
control_disposition,6,collar,42,0.0031681994095006816,-0.021106460725193028,0.028884149889867653,0.8335,0.939694074074074,True
control_disposition,6,collar,exp,0.029116473335406245,-0.0023311118621393064,0.059967185510285306,0.0705,0.4093257575757575,True
control_disposition,6,cash_secured_put,21,,,,,,True
control_disposition,6,cash_secured_put,42,0.011165125895230742,-0.00974954688898685,0.042202316489989504,0.554,0.8996804029304029,True
control_disposition,6,cash_secured_put,exp,0.02302343944967169,-0.0006730095525247369,0.05707955563227288,0.0685,0.40409689922480624,True
covenant_violation,0,long_call,21,,,,,,True
covenant_violation,0,long_call,42,,,,,,True
covenant_violation,0,long_call,exp,,,,,,True
covenant_violation,0,covered_call,21,,,,,,True
covenant_violation,0,covered_call,42,,,,,,True
covenant_violation,0,covered_call,exp,,,,,,True
covenant_violation,0,protective_put,21,,,,,,True
covenant_violation,0,protective_put,42,,,,,,True
covenant_violation,0,protective_put,exp,,,,,,True
covenant_violation,0,collar,21,,,,,,True
covenant_violation,0,collar,42,,,,,,True
covenant_violation,0,collar,exp,,,,,,True
covenant_violation,0,cash_secured_put,21,,,,,,True
covenant_violation,0,cash_secured_put,42,,,,,,True
covenant_violation,0,cash_secured_put,exp,,,,,,True
credit_facility,15,long_call,21,0.008129384301484178,-0.013399884690199424,0.03206196280089551,0.503,0.8996804029304029,True
credit_facility,15,long_call,42,0.0008090983569090226,-0.02626587850557871,0.029187391033527108,0.954,0.9810729729729729,True
credit_facility,15,long_call,exp,-0.032224158535597194,-0.062497314603136185,-0.00035338799126656214,0.0465,0.353865,True
credit_facility,15,covered_call,21,0.003118712321346147,-0.021873716713046033,0.025837167928956187,0.751,0.9069286846275754,True
credit_facility,15,covered_call,42,0.0031580331826663935,-0.03128070424510596,0.033471457133513564,0.798,0.9323396084337349,True
credit_facility,15,covered_call,exp,0.021855470086187413,-0.009580407720269092,0.050467443362950865,0.1705,0.6543864734299517,True
credit_facility,15,protective_put,21,0.008268546184143953,-0.02145419599220343,0.03842799860691205,0.6095,0.8996804029304029,True
credit_facility,15,protective_put,42,0.00017912665881306827,-0.031114345345819108,0.03194151639216788,0.991,0.9955,True
credit_facility,15,protective_put,exp,-0.006240614488205443,-0.043867975942683664,0.03200695828422397,0.754,0.9079018987341771,True
credit_facility,15,collar,21,0.0017380926088294687,-0.014216762722654116,0.01628024022091617,0.8115,0.9323396084337349,True
credit_facility,15,collar,42,0.007535031105404629,-0.008881579065996705,0.023835592161931898,0.374,0.8563929577464788,True
credit_facility,15,collar,exp,0.016107976363762665,-0.008229981507322306,0.03919530448971656,0.178,0.6543864734299517,True
credit_facility,15,cash_secured_put,21,0.002794969955300964,-0.006612777697982397,0.010523218395610531,0.5095,0.8996804029304029,True
credit_facility,15,cash_secured_put,42,-0.005811180627404866,-0.027730545979684735,0.011258341043971042,0.5825,0.8996804029304029,True
credit_facility,15,cash_secured_put,exp,0.012762279896531578,0.0027452362518226333,0.02219565559245785,0.014,0.19370909090909091,True
credit_facility_draw,3,long_call,21,,,,,,True
credit_facility_draw,3,long_call,42,,,,,,True
credit_facility_draw,3,long_call,exp,,,,,,True
credit_facility_draw,3,covered_call,21,,,,,,True
credit_facility_draw,3,covered_call,42,,,,,,True
credit_facility_draw,3,covered_call,exp,,,,,,True
credit_facility_draw,3,protective_put,21,,,,,,True
credit_facility_draw,3,protective_put,42,,,,,,True
credit_facility_draw,3,protective_put,exp,,,,,,True
credit_facility_draw,3,collar,21,,,,,,True
credit_facility_draw,3,collar,42,,,,,,True
credit_facility_draw,3,collar,exp,,,,,,True
credit_facility_draw,3,cash_secured_put,21,,,,,,True
credit_facility_draw,3,cash_secured_put,42,,,,,,True
credit_facility_draw,3,cash_secured_put,exp,,,,,,True
credit_rating_change,0,long_call,21,,,,,,True
credit_rating_change,0,long_call,42,,,,,,True
credit_rating_change,0,long_call,exp,,,,,,True
credit_rating_change,0,covered_call,21,,,,,,True
credit_rating_change,0,covered_call,42,,,,,,True
credit_rating_change,0,covered_call,exp,,,,,,True
credit_rating_change,0,protective_put,21,,,,,,True
credit_rating_change,0,protective_put,42,,,,,,True
credit_rating_change,0,protective_put,exp,,,,,,True
credit_rating_change,0,collar,21,,,,,,True
credit_rating_change,0,collar,42,,,,,,True
credit_rating_change,0,collar,exp,,,,,,True
credit_rating_change,0,cash_secured_put,21,,,,,,True
credit_rating_change,0,cash_secured_put,42,,,,,,True
credit_rating_change,0,cash_secured_put,exp,,,,,,True
cybersecurity_incident,4,long_call,21,,,,,,True
cybersecurity_incident,4,long_call,42,,,,,,True
cybersecurity_incident,4,long_call,exp,,,,,,True
cybersecurity_incident,4,covered_call,21,,,,,,True
cybersecurity_incident,4,covered_call,42,,,,,,True
cybersecurity_incident,4,covered_call,exp,,,,,,True
cybersecurity_incident,4,protective_put,21,,,,,,True
cybersecurity_incident,4,protective_put,42,,,,,,True
cybersecurity_incident,4,protective_put,exp,,,,,,True
cybersecurity_incident,4,collar,21,,,,,,True
cybersecurity_incident,4,collar,42,,,,,,True
cybersecurity_incident,4,collar,exp,,,,,,True
cybersecurity_incident,4,cash_secured_put,21,,,,,,True
cybersecurity_incident,4,cash_secured_put,42,,,,,,True
cybersecurity_incident,4,cash_secured_put,exp,,,,,,True
deal_breach_default,0,long_call,21,,,,,,True
deal_breach_default,0,long_call,42,,,,,,True
deal_breach_default,0,long_call,exp,,,,,,True
deal_breach_default,0,covered_call,21,,,,,,True
deal_breach_default,0,covered_call,42,,,,,,True
deal_breach_default,0,covered_call,exp,,,,,,True
deal_breach_default,0,protective_put,21,,,,,,True
deal_breach_default,0,protective_put,42,,,,,,True
deal_breach_default,0,protective_put,exp,,,,,,True
deal_breach_default,0,collar,21,,,,,,True
deal_breach_default,0,collar,42,,,,,,True
deal_breach_default,0,collar,exp,,,,,,True
deal_breach_default,0,cash_secured_put,21,,,,,,True
deal_breach_default,0,cash_secured_put,42,,,,,,True
deal_breach_default,0,cash_secured_put,exp,,,,,,True
deal_termination,15,long_call,21,-0.004601743937601627,-0.027845004009487802,0.025670403215371698,0.689,0.902459552495697,True
deal_termination,15,long_call,42,-0.0062604506762907,-0.03826215885572386,0.03157511067721765,0.7105,0.9035345659163988,True
deal_termination,15,long_call,exp,-0.023571760331313293,-0.06296570366817884,0.018999455781936396,0.2625,0.7740209125475286,True
deal_termination,15,covered_call,21,-0.002156245826334842,-0.025327572003077812,0.021533037441020645,0.8265,0.9359620535714286,True
deal_termination,15,covered_call,42,0.011643453498840307,-0.010442540677367076,0.03513093716272657,0.3085,0.8304245614035087,True
deal_termination,15,covered_call,exp,-0.010263831851818686,-0.0637645645292435,0.035225453841187235,0.7235,0.9035345659163988,True
deal_termination,15,protective_put,21,-0.006213820572210346,-0.037051582404687575,0.028640579492904515,0.662,0.8997239583333333,True
deal_termination,15,protective_put,42,-0.004031153592050467,-0.04489093486917301,0.042784780515046646,0.828,0.9362674591381871,True
deal_termination,15,protective_put,exp,-0.02187105658449206,-0.07657927219906181,0.0323785865044839,0.434,0.8691421052631579,True
deal_termination,15,collar,21,-0.002488215324520366,-0.016793016536249324,0.011594374626779062,0.711,0.9035345659163988,True
deal_termination,15,collar,42,0.003973112688564718,-0.012424994313570489,0.01982537251572949,0.633,0.8996804029304029,True
deal_termination,15,collar,exp,-0.001879364415992589,-0.03327264625947253,0.028266718123267687,0.92,0.9731511789181693,True
deal_termination,15,cash_secured_put,21,0.0023645924221229703,-0.0070508775340967665,0.011423222435968784,0.5965,0.8996804029304029,True
deal_termination,15,cash_secured_put,42,0.00799752172295757,-0.001549040458382569,0.018048203305357537,0.0985,0.4924117647058823,True
deal_termination,15,cash_secured_put,exp,-0.006315224844946839,-0.03927141049933351,0.018997211538622924,0.7065,0.9035345659163988,True
deal_withdrawal,1,long_call,21,,,,,,True
deal_withdrawal,1,long_call,42,,,,,,True
deal_withdrawal,1,long_call,exp,,,,,,True
deal_withdrawal,1,covered_call,21,,,,,,True
deal_withdrawal,1,covered_call,42,,,,,,True
deal_withdrawal,1,covered_call,exp,,,,,,True
deal_withdrawal,1,protective_put,21,,,,,,True
deal_withdrawal,1,protective_put,42,,,,,,True
deal_withdrawal,1,protective_put,exp,,,,,,True
deal_withdrawal,1,collar,21,,,,,,True
deal_withdrawal,1,collar,42,,,,,,True
deal_withdrawal,1,collar,exp,,,,,,True
deal_withdrawal,1,cash_secured_put,21,,,,,,True
deal_withdrawal,1,cash_secured_put,42,,,,,,True
deal_withdrawal,1,cash_secured_put,exp,,,,,,True
debt_acceleration,0,long_call,21,,,,,,True
debt_acceleration,0,long_call,42,,,,,,True
debt_acceleration,0,long_call,exp,,,,,,True
debt_acceleration,0,covered_call,21,,,,,,True
debt_acceleration,0,covered_call,42,,,,,,True
debt_acceleration,0,covered_call,exp,,,,,,True
debt_acceleration,0,protective_put,21,,,,,,True
debt_acceleration,0,protective_put,42,,,,,,True
debt_acceleration,0,protective_put,exp,,,,,,True
debt_acceleration,0,collar,21,,,,,,True
debt_acceleration,0,collar,42,,,,,,True
debt_acceleration,0,collar,exp,,,,,,True
debt_acceleration,0,cash_secured_put,21,,,,,,True
debt_acceleration,0,cash_secured_put,42,,,,,,True
debt_acceleration,0,cash_secured_put,exp,,,,,,True
debt_issuance,14,long_call,21,0.0036418597871624688,-0.011922558152054173,0.020131506513696468,0.642,0.8996804029304029,True
debt_issuance,14,long_call,42,0.006009425512678381,-0.024629742247602622,0.03598879832303511,0.697,0.9027168367346939,True
debt_issuance,14,long_call,exp,-0.03914468475010219,-0.08860757798421694,0.013460227567929297,0.1325,0.57075,True
debt_issuance,14,covered_call,21,0.011294628899360533,-0.005639414020514386,0.027480968410450175,0.187,0.6733271889400921,True
debt_issuance,14,covered_call,42,0.010671119932699251,-0.02370838544429447,0.03922690423597736,0.4905,0.8996804029304029,True
debt_issuance,14,covered_call,exp,-0.008434476818844884,-0.03946568321586187,0.021506095522669955,0.5705,0.8996804029304029,True
debt_issuance,14,protective_put,21,0.004644448659389885,-0.014826329843615258,0.02325060341305588,0.645,0.8996804029304029,True
debt_issuance,14,protective_put,42,0.006922440803154847,-0.03130599663042479,0.044135202529975694,0.677,0.8997239583333333,True
debt_issuance,14,protective_put,exp,-0.03349018295046848,-0.09288372298972104,0.03250474246438594,0.2675,0.7740209125475286,True
debt_issuance,14,collar,21,0.004390021350886806,-0.0048226800866997335,0.012945629868461823,0.355,0.8563929577464788,True
debt_issuance,14,collar,42,0.008218834189561873,-0.010375529225149942,0.02386234255723366,0.347,0.8563929577464788,True
debt_issuance,14,collar,exp,-0.018735521113978162,-0.04458848990329969,0.0077006301928628515,0.174,0.6543864734299517,True
debt_issuance,14,cash_secured_put,21,0.007884790416225217,-0.0016401556769014291,0.017264021406268218,0.107,0.5128478260869566,True
debt_issuance,14,cash_secured_put,42,0.00544672108956088,-0.012691799391686059,0.021639915121524144,0.5305,0.8996804029304029,True
debt_issuance,14,cash_secured_put,exp,0.019509301592011433,0.0059580785028329015,0.0324788019868472,0.0045,0.1007205882352941,True
debt_retirement,13,long_call,21,0.006810958402377555,-0.010813078975279486,0.026048255708182123,0.4835,0.8996173594132029,True
debt_retirement,13,long_call,42,0.01618528514540815,-0.026467245233325637,0.06737280988723403,0.535,0.8996804029304029,True
debt_retirement,13,long_call,exp,-0.014519987464237914,-0.061843188955814095,0.03755633211955085,0.5435,0.8996804029304029,True
debt_retirement,13,covered_call,21,0.0070678869127700685,-0.014215795711875525,0.028775716624006926,0.523,0.8996804029304029,True
debt_retirement,13,covered_call,42,-0.003895243443285821,-0.0552894968249206,0.03945125525623923,0.932,0.9744766803840879,True
debt_retirement,13,covered_call,exp,0.009872959240422044,-0.03511866685600916,0.053610011651965855,0.661,0.8997239583333333,True
debt_retirement,13,protective_put,21,0.01004586346223761,-0.015422551712656168,0.037188862268108074,0.467,0.8884675,True
debt_retirement,13,protective_put,42,0.008331634086926543,-0.052684777798272006,0.07426504591020479,0.8185,0.9349917541229386,True
debt_retirement,13,protective_put,exp,-0.002822512455597389,-0.07485998418929776,0.07321624262957527,0.9185,0.9731511789181693,True
debt_retirement,13,collar,21,0.004119474207200329,-0.007252460187537916,0.015659638668966754,0.493,0.8996804029304029,True
debt_retirement,13,collar,42,-0.0039799582254394505,-0.03357834744833914,0.02204180762653835,0.831,0.9382655786350148,True
debt_retirement,13,collar,exp,-0.008283139942242494,-0.045160952231402034,0.02913040686930782,0.6755,0.8997239583333333,True
debt_retirement,13,cash_secured_put,21,0.00446727461853484,-0.007981855506138044,0.016370717113845606,0.459,0.8884675,True
debt_retirement,13,cash_secured_put,42,0.003079150128577123,-0.018216369716841527,0.022037764483085125,0.736,0.9035345659163988,True
debt_retirement,13,cash_secured_put,exp,0.006281890429519673,-0.018673123779602126,0.026679108573925612,0.5905,0.8996804029304029,True
delisting_determination,0,long_call,21,,,,,,True
delisting_determination,0,long_call,42,,,,,,True
delisting_determination,0,long_call,exp,,,,,,True
delisting_determination,0,covered_call,21,,,,,,True
delisting_determination,0,covered_call,42,,,,,,True
delisting_determination,0,covered_call,exp,,,,,,True
delisting_determination,0,protective_put,21,,,,,,True
delisting_determination,0,protective_put,42,,,,,,True
delisting_determination,0,protective_put,exp,,,,,,True
delisting_determination,0,collar,21,,,,,,True
delisting_determination,0,collar,42,,,,,,True
delisting_determination,0,collar,exp,,,,,,True
delisting_determination,0,cash_secured_put,21,,,,,,True
delisting_determination,0,cash_secured_put,42,,,,,,True
delisting_determination,0,cash_secured_put,exp,,,,,,True
director_appointment,13,long_call,21,-0.004156161834236401,-0.033607072609937845,0.026832119898849306,0.773,0.9220266457680252,True
director_appointment,13,long_call,42,-0.029379597456147263,-0.056282372618538065,-0.0008781325769677725,0.045,0.353865,True
director_appointment,13,long_call,exp,0.009790673898885976,-0.043601939140360556,0.06639579523322772,0.718,0.9035345659163988,True
director_appointment,13,covered_call,21,-0.006417937007507072,-0.03943010928655083,0.02441448254381297,0.717,0.9035345659163988,True
director_appointment,13,covered_call,42,-0.026428911604414688,-0.06989421080554047,0.013628129266151357,0.203,0.6958693693693694,True
director_appointment,13,covered_call,exp,0.030978456146658694,-0.019476127796399605,0.07246457376170422,0.1965,0.6797113636363638,True
director_appointment,13,protective_put,21,-0.0017568118551784077,-0.03698564322992124,0.03546888298552025,0.915,0.9731511789181693,True
director_appointment,13,protective_put,42,-0.03703177473712264,-0.07418541003190876,0.00045243414117375756,0.0585,0.39017372881355933,True
director_appointment,13,protective_put,exp,0.031717249859803884,-0.035646427662775766,0.09755576979060537,0.341,0.8563929577464788,True
director_appointment,13,collar,21,0.002169331944571977,-0.015062162642504484,0.01909792378028755,0.8095,0.9323396084337349,True
director_appointment,13,collar,42,-0.012735331548167035,-0.03444500033834588,0.010357580167620695,0.2715,0.7795262172284645,True
director_appointment,13,collar,exp,0.015829887543271397,-0.018285152145032613,0.04792700138347277,0.3445,0.8563929577464788,True
director_appointment,13,cash_secured_put,21,-0.007607086084327558,-0.024019805031586034,0.007500369835670312,0.3575,0.8563929577464788,True
director_appointment,13,cash_secured_put,42,-0.010699144709824157,-0.03591084984713217,0.010000410136037297,0.3605,0.8563929577464788,True
director_appointment,13,cash_secured_put,exp,0.006070707232977481,-0.03321928220392045,0.03627045550731944,0.6945,0.9025511945392491,True
director_departure,13,long_call,21,0.0027235810898334975,-0.021538287390248823,0.03076509456981064,0.873,0.9670349344978165,True
director_departure,13,long_call,42,-0.011720012711208316,-0.03742938048811285,0.01603041135976615,0.3835,0.8563929577464788,True
director_departure,13,long_call,exp,-0.013648876326365033,-0.06130228821077086,0.04110445779993732,0.6,0.8996804029304029,True
director_departure,13,covered_call,21,0.001275441856008138,-0.019541579814732937,0.02116296475333989,0.91,0.9731511789181693,True
director_departure,13,covered_call,42,-0.0010398008160614654,-0.02989830429752322,0.02383265184915484,0.9645,0.9878660834454913,True
director_departure,13,covered_call,exp,0.030695160708130713,-0.017584544219180886,0.07480439998232348,0.189,0.6733271889400921,True
director_departure,13,protective_put,21,0.004339401336556189,-0.026753691437393153,0.038686697928121176,0.8135,0.9323396084337349,True
director_departure,13,protective_put,42,-0.013839155019004925,-0.049380252894862434,0.024595596938556227,0.463,0.8884675,True
director_departure,13,protective_put,exp,-0.020800196893167686,-0.0733632692351969,0.02834892781190841,0.4485,0.883583762886598,True
director_departure,13,collar,21,-0.0005441259498369742,-0.012681765872840945,0.01297881752955743,0.9175,0.9731511789181693,True
director_departure,13,collar,42,-0.0007685063227099304,-0.019386474480897718,0.017434966512639476,0.9105,0.9731511789181693,True
director_departure,13,collar,exp,0.01128885156113776,-0.03489755480720517,0.04913462600829737,0.5855,0.8996804029304029,True
director_departure,13,cash_secured_put,21,0.0028244335562719867,-0.010490469724093643,0.01611188753535181,0.6755,0.8997239583333333,True
director_departure,13,cash_secured_put,42,0.006529494438438828,-0.010482417640266525,0.021593110068376442,0.413,0.8584577656675748,True
director_departure,13,cash_secured_put,exp,0.023936171270473594,0.0032521530655408616,0.04741243538820466,0.021,0.24213636363636365,True
director_nomination,0,long_call,21,,,,,,True
director_nomination,0,long_call,42,,,,,,True
director_nomination,0,long_call,exp,,,,,,True
director_nomination,0,covered_call,21,,,,,,True
director_nomination,0,covered_call,42,,,,,,True
director_nomination,0,covered_call,exp,,,,,,True
director_nomination,0,protective_put,21,,,,,,True
director_nomination,0,protective_put,42,,,,,,True
director_nomination,0,protective_put,exp,,,,,,True
director_nomination,0,collar,21,,,,,,True
director_nomination,0,collar,42,,,,,,True
director_nomination,0,collar,exp,,,,,,True
director_nomination,0,cash_secured_put,21,,,,,,True
director_nomination,0,cash_secured_put,42,,,,,,True
director_nomination,0,cash_secured_put,exp,,,,,,True
divestiture_agreement,11,long_call,21,0.015134503363762718,-0.01534166172635674,0.049878186859025765,0.3555,0.8563929577464788,True
divestiture_agreement,11,long_call,42,0.004309733551182094,-0.028003621994229514,0.04204553199417707,0.8605,0.9587708638360176,True
divestiture_agreement,11,long_call,exp,0.03272332303391738,-0.031144447621452374,0.09864595151154526,0.361,0.8563929577464788,True
divestiture_agreement,11,covered_call,21,0.014096815848157732,-0.02077693339725575,0.045926414845409734,0.3985,0.8563929577464788,True
divestiture_agreement,11,covered_call,42,0.015058473426604282,-0.016019638073988894,0.04571265239002785,0.323,0.8430941780821918,True
divestiture_agreement,11,covered_call,exp,0.017488964721035942,-0.05623312762914124,0.07368659268970455,0.565,0.8996804029304029,True
divestiture_agreement,11,protective_put,21,0.013336086388994016,-0.030060986596466284,0.05837206484026281,0.605,0.8996804029304029,True
divestiture_agreement,11,protective_put,42,0.008768577861110207,-0.03487838583123533,0.05705461955991438,0.746,0.9043680445151034,True
divestiture_agreement,11,protective_put,exp,0.06115235143633009,-0.01791955366045605,0.14456651109842106,0.1325,0.57075,True
divestiture_agreement,11,collar,21,0.006357575398228346,-0.01358412643987045,0.025804511637396117,0.5375,0.8996804029304029,True
divestiture_agreement,11,collar,42,0.008391378537125365,-0.01283999889031766,0.029236206674126613,0.4475,0.883583762886598,True
divestiture_agreement,11,collar,exp,0.014970561896415342,-0.02021983629238514,0.04766585484955977,0.406,0.8577016574585635,True
divestiture_agreement,11,cash_secured_put,21,0.00495066927664597,-0.012822365942055314,0.024915162287023535,0.592,0.8996804029304029,True
divestiture_agreement,11,cash_secured_put,42,0.012775887770010309,-0.0011754933773131199,0.030259243405378514,0.071,0.4093257575757575,True
divestiture_agreement,11,cash_secured_put,exp,-0.011000638563206528,-0.06691597935896539,0.034542498748793,0.713,0.9035345659163988,True
divestiture_completion,2,long_call,21,,,,,,True
divestiture_completion,2,long_call,42,,,,,,True
divestiture_completion,2,long_call,exp,,,,,,True
divestiture_completion,2,covered_call,21,,,,,,True
divestiture_completion,2,covered_call,42,,,,,,True
divestiture_completion,2,covered_call,exp,,,,,,True
divestiture_completion,2,protective_put,21,,,,,,True
divestiture_completion,2,protective_put,42,,,,,,True
divestiture_completion,2,protective_put,exp,,,,,,True
divestiture_completion,2,collar,21,,,,,,True
divestiture_completion,2,collar,42,,,,,,True
divestiture_completion,2,collar,exp,,,,,,True
divestiture_completion,2,cash_secured_put,21,,,,,,True
divestiture_completion,2,cash_secured_put,42,,,,,,True
divestiture_completion,2,cash_secured_put,exp,,,,,,True
dividend_declaration,15,long_call,21,0.01579962031396129,-0.018838389441085537,0.05566983154779406,0.4485,0.883583762886598,True
dividend_declaration,15,long_call,42,-0.022287512589741904,-0.05829601944145982,0.01204521616103949,0.2075,0.6987057522123894,True
dividend_declaration,15,long_call,exp,0.019288351687453745,-0.06703540316048086,0.1281771919607032,0.747,0.9043680445151034,True
dividend_declaration,15,covered_call,21,0.012964065846764699,-0.011491065684141783,0.03537211676097867,0.2835,0.7902692307692307,True
dividend_declaration,15,covered_call,42,-0.016950708821271282,-0.06377831180698795,0.02462411908656274,0.466,0.8884675,True
dividend_declaration,15,covered_call,exp,-0.016530070646448434,-0.08262243675161818,0.03913760450344071,0.6215,0.8996804029304029,True
dividend_declaration,15,protective_put,21,0.015777623183309775,-0.028882580471019135,0.06792255200519774,0.5825,0.8996804029304029,True
dividend_declaration,15,protective_put,42,-0.029668628427359366,-0.07722254025775405,0.016916607284156757,0.216,0.7117974137931035,True
dividend_declaration,15,protective_put,exp,0.047657068046440904,-0.06475885502757386,0.18069115028404892,0.4975,0.8996804029304029,True
dividend_declaration,15,collar,21,0.006031120624090588,-0.009118236796760387,0.0214591006288623,0.464,0.8884675,True
dividend_declaration,15,collar,42,-0.005364545303939433,-0.025325487661974188,0.014471208031731768,0.601,0.8996804029304029,True
dividend_declaration,15,collar,exp,-0.004450521136502187,-0.03216774769506249,0.024816440205819138,0.759,0.9124786729857821,True
dividend_declaration,15,cash_secured_put,21,0.0074398949471990265,-0.006680459865712768,0.019894101905905896,0.2735,0.7795262172284645,True
dividend_declaration,15,cash_secured_put,42,-0.011780169733306445,-0.04598462268600921,0.017171485993419326,0.5015,0.8996804029304029,True
dividend_declaration,15,cash_secured_put,exp,-0.024784711733863977,-0.08142581524355735,0.021064884130348977,0.378,0.8563929577464788,True
dividend_policy_change,7,long_call,21,0.02828011015209856,0.008644897458691334,0.050521472353977484,0.0035,0.09184482758620689,True
dividend_policy_change,7,long_call,42,0.015701882013194713,-0.03640230291504606,0.0737166794695691,0.593,0.8996804029304029,True
dividend_policy_change,7,long_call,exp,0.004180423581849727,-0.07904186629153781,0.09989445724623884,0.957,0.98282995951417,True
dividend_policy_change,7,covered_call,21,0.026662260975286102,0.009829663991259863,0.04302562431773386,0.003,0.08455555555555555,True
dividend_policy_change,7,covered_call,42,0.006524880691338858,-0.039174084258582154,0.04427579628372158,0.7295,0.9035345659163988,True
dividend_policy_change,7,covered_call,exp,0.015703360449131502,-0.013238247218912515,0.04529389337146355,0.3105,0.8304245614035087,True
dividend_policy_change,7,protective_put,21,0.03371771937801691,0.007310625662607117,0.05988582127476374,0.014,0.19370909090909091,True
dividend_policy_change,7,protective_put,42,0.011846989446763889,-0.05181811541135238,0.07897661717612453,0.752,0.9069286846275754,True
dividend_policy_change,7,protective_put,exp,0.02584296463024159,-0.060504108784206076,0.12498227244653057,0.634,0.8996804029304029,True
dividend_policy_change,7,collar,21,0.017492593138432693,0.0059007510683418635,0.02823729762911793,0.0015,0.049630434782608694,True
dividend_policy_change,7,collar,42,0.005754698321512918,-0.02578819564410795,0.03432768548403264,0.691,0.9025511945392491,True
dividend_policy_change,7,collar,exp,0.010651646223012633,-0.01812713247548164,0.039107146176397295,0.4895,0.8996804029304029,True
dividend_policy_change,7,cash_secured_put,21,0.010149850704604889,0.0010936851842848008,0.01953475640850864,0.0305,0.29013125,True
dividend_policy_change,7,cash_secured_put,42,0.003764617716249444,-0.014167807543967428,0.01898253579759341,0.6475,0.8997239583333333,True
dividend_policy_change,7,cash_secured_put,exp,0.012104302953301659,0.0008566550729994919,0.023181749184235864,0.032,0.29697560975609755,True
equity_compensation_grant,12,long_call,21,-0.018557744095120905,-0.03888102131815881,0.002499495267085615,0.082,0.44893525179856114,True
equity_compensation_grant,12,long_call,42,-0.030589474098145632,-0.05725410602177058,-0.005329502182627855,0.0135,0.19370909090909091,True
equity_compensation_grant,12,long_call,exp,-0.055438988059662506,-0.11033431776111491,0.01140527818913845,0.0925,0.47562499999999996,True
equity_compensation_grant,12,covered_call,21,-0.00491553304725743,-0.027174564096979433,0.015065792164151257,0.6505,0.8997239583333333,True
equity_compensation_grant,12,covered_call,42,-0.005676858593412333,-0.04517071909853191,0.02689489712614847,0.813,0.9323396084337349,True
equity_compensation_grant,12,covered_call,exp,-0.009084567394476516,-0.06856720310240419,0.04191132851638992,0.7955,0.931346923076923,True
equity_compensation_grant,12,protective_put,21,-0.020804102309752166,-0.046708390301979166,0.004371528412795463,0.11,0.5167283950617284,True
equity_compensation_grant,12,protective_put,42,-0.028063315597777708,-0.06019789221783848,0.002338031585177753,0.068,0.40409689922480624,True
equity_compensation_grant,12,protective_put,exp,-0.05527993233331313,-0.11049131175850772,0.012728132208983304,0.0985,0.4924117647058823,True
equity_compensation_grant,12,collar,21,-0.004353494250030782,-0.017603919145975443,0.00843923282719524,0.497,0.8996804029304029,True
equity_compensation_grant,12,collar,42,-0.003410115771708107,-0.019142535096568568,0.01123869790616215,0.6745,0.8997239583333333,True
equity_compensation_grant,12,collar,exp,-0.009249812179499545,-0.04019480574789742,0.024595913939336612,0.5465,0.8996804029304029,True
equity_compensation_grant,12,cash_secured_put,21,0.0011620891625616666,-0.007908061784382433,0.009695194671934838,0.7475,0.9043680445151034,True
equity_compensation_grant,12,cash_secured_put,42,-0.0011343758879102175,-0.02415098797157586,0.016677762146902947,0.984,0.9951538461538462,True
equity_compensation_grant,12,cash_secured_put,exp,0.007921034403843783,-0.028405969828324096,0.0334939289485766,0.571,0.8996804029304029,True
esg_sustainability_commitment,0,long_call,21,,,,,,True
esg_sustainability_commitment,0,long_call,42,,,,,,True
esg_sustainability_commitment,0,long_call,exp,,,,,,True
esg_sustainability_commitment,0,covered_call,21,,,,,,True
esg_sustainability_commitment,0,covered_call,42,,,,,,True
esg_sustainability_commitment,0,covered_call,exp,,,,,,True
esg_sustainability_commitment,0,protective_put,21,,,,,,True
esg_sustainability_commitment,0,protective_put,42,,,,,,True
esg_sustainability_commitment,0,protective_put,exp,,,,,,True
esg_sustainability_commitment,0,collar,21,,,,,,True
esg_sustainability_commitment,0,collar,42,,,,,,True
esg_sustainability_commitment,0,collar,exp,,,,,,True
esg_sustainability_commitment,0,cash_secured_put,21,,,,,,True
esg_sustainability_commitment,0,cash_secured_put,42,,,,,,True
esg_sustainability_commitment,0,cash_secured_put,exp,,,,,,True
executive_compensation_change,14,long_call,21,-0.014772045582552767,-0.04132981836123917,0.01650956747636371,0.328,0.8509831081081082,True
executive_compensation_change,14,long_call,42,-0.010079851243455791,-0.049824255141245596,0.041912261885165086,0.6365,0.8996804029304029,True
executive_compensation_change,14,long_call,exp,-0.027140265267091235,-0.07377246622747358,0.026259464855095616,0.278,0.7835481481481482,True
executive_compensation_change,14,covered_call,21,-0.03548585985092293,-0.07530793670928583,0.008274102282603564,0.1035,0.5048942307692307,True
executive_compensation_change,14,covered_call,42,-0.06007261669915074,-0.13277910712438287,0.007046196282937185,0.086,0.46088732394366194,True
executive_compensation_change,14,covered_call,exp,-0.01999800397993712,-0.08995429230351076,0.04546825782864834,0.573,0.8996804029304029,True
executive_compensation_change,14,protective_put,21,-0.029203819245710826,-0.06738403387778531,0.014875131466257834,0.1865,0.6733271889400921,True
executive_compensation_change,14,protective_put,42,-0.027898758049767783,-0.08430016306753607,0.03784183754857908,0.3725,0.8563929577464788,True
executive_compensation_change,14,protective_put,exp,-0.030061700862010005,-0.09262637101640118,0.03975486885708851,0.3765,0.8563929577464788,True
executive_compensation_change,14,collar,21,-0.02196232591939015,-0.04297806282103861,-0.0002660990589296083,0.0465,0.353865,True
executive_compensation_change,14,collar,42,-0.024672776964698894,-0.05529223543439097,0.0071001527928631885,0.1255,0.5585116959064327,True
executive_compensation_change,14,collar,exp,-0.014120505845280863,-0.054495365479367744,0.026689723495728523,0.4905,0.8996804029304029,True
executive_compensation_change,14,cash_secured_put,21,-0.012543351063781289,-0.03208893179774056,0.008686628699711246,0.2455,0.7549603174603174,True
executive_compensation_change,14,cash_secured_put,42,-0.03240540438802834,-0.0778011406707499,0.00727899601867949,0.1275,0.5641133720930233,True
executive_compensation_change,14,cash_secured_put,exp,-0.006645324260823627,-0.04079093840914211,0.025101148233443643,0.7235,0.9035345659163988,True
executive_officer_appointment,12,long_call,21,-0.018547452398930603,-0.0323241963018246,-0.004264649729158599,0.013,0.19370909090909091,True
executive_officer_appointment,12,long_call,42,0.004431862686551326,-0.04418528064876519,0.06469758665641244,0.9505,0.9810729729729729,True
executive_officer_appointment,12,long_call,exp,0.006541297751630374,-0.06529294568335967,0.10074751215390558,0.9535,0.9810729729729729,True
executive_officer_appointment,12,covered_call,21,-0.008865143130635267,-0.02783953395193174,0.010320681876629689,0.3665,0.8563929577464788,True
executive_officer_appointment,12,covered_call,42,0.00018293194196743537,-0.034584410134420256,0.03596529097483131,0.9855,0.9951538461538462,True
executive_officer_appointment,12,covered_call,exp,-0.00338520180666807,-0.061660052668417786,0.052232827939448175,0.922,0.9731511789181693,True
executive_officer_appointment,12,protective_put,21,-0.023706466218370446,-0.04225305094087116,-0.005364382757055378,0.0125,0.19370909090909091,True
executive_officer_appointment,12,protective_put,42,-0.0019535764888174018,-0.05778550443478876,0.06683173094361167,0.887,0.9731511789181693,True
executive_officer_appointment,12,protective_put,exp,0.016351527492668896,-0.06627681109306109,0.11288202768123551,0.785,0.9259226006191952,True
executive_officer_appointment,12,collar,21,-0.007535024927261288,-0.018974179521085873,0.0035473767279103167,0.189,0.6733271889400921,True
executive_officer_appointment,12,collar,42,-0.0060810916594312165,-0.02765928572372224,0.01521282704470182,0.5905,0.8996804029304029,True
executive_officer_appointment,12,collar,exp,-0.004472749576157245,-0.03753311635045577,0.028459533937214336,0.8195,0.9349917541229386,True
executive_officer_appointment,12,cash_secured_put,21,-0.0003499353356224864,-0.009098649977495373,0.007983314618477927,0.924,0.9739113573407202,True
executive_officer_appointment,12,cash_secured_put,42,0.009258458947822148,-0.004450596988151241,0.026604046658100653,0.221,0.7156638297872341,True
executive_officer_appointment,12,cash_secured_put,exp,0.00814013649667199,-0.020083624500642275,0.03488662942849802,0.57,0.8996804029304029,True
executive_officer_departure,14,long_call,21,-0.012318600087367133,-0.02591397416301791,0.001658957612322569,0.085,0.46088732394366194,True
executive_officer_departure,14,long_call,42,-0.005658467620788847,-0.04070422193634591,0.045263188912145175,0.7165,0.9035345659163988,True
executive_officer_departure,14,long_call,exp,-0.02880566299928812,-0.0711856588477587,0.029691371657140884,0.2935,0.8047985611510791,True
executive_officer_departure,14,covered_call,21,-0.0025576610759012203,-0.019468409609757032,0.01426350925760088,0.794,0.931346923076923,True
executive_officer_departure,14,covered_call,42,-0.023491336819865344,-0.06446591364864718,0.015992689695278475,0.2575,0.7729372549019609,True
executive_officer_departure,14,covered_call,exp,-0.021026178966147887,-0.06894381376198176,0.024051899622765577,0.394,0.8563929577464788,True
executive_officer_departure,14,protective_put,21,-0.01165742865589718,-0.029891715575697555,0.006174018866931599,0.1915,0.6733271889400921,True
executive_officer_departure,14,protective_put,42,-0.015325408864361435,-0.0571738402866699,0.040783660651270696,0.5195,0.8996804029304029,True
executive_officer_departure,14,protective_put,exp,-0.04157594288590835,-0.08449015827674425,0.004667278373520652,0.0745,0.42309328358208953,True
executive_officer_departure,14,collar,21,-0.004485882916216769,-0.014742791584594982,0.005085750226970993,0.376,0.8563929577464788,True
executive_officer_departure,14,collar,42,-0.012750735125629424,-0.03347086084718017,0.008773859514869418,0.229,0.7314918367346939,True
executive_officer_departure,14,collar,exp,-0.015222242958687246,-0.05244889344172565,0.020382331756640178,0.4375,0.8702819843342036,True
executive_officer_departure,14,cash_secured_put,21,0.0007012427534285365,-0.008196975246895949,0.010255833027427665,0.895,0.9731511789181693,True
executive_officer_departure,14,cash_secured_put,42,-0.0077461663478124235,-0.03191399714673487,0.012890392070452214,0.531,0.8996804029304029,True
executive_officer_departure,14,cash_secured_put,exp,-0.01101506525893813,-0.04256919938564055,0.015079166369458287,0.426,0.8644959999999999,True
facility_closure,4,long_call,21,,,,,,True
facility_closure,4,long_call,42,,,,,,True
facility_closure,4,long_call,exp,,,,,,True
facility_closure,4,covered_call,21,,,,,,True
facility_closure,4,covered_call,42,,,,,,True
facility_closure,4,covered_call,exp,,,,,,True
facility_closure,4,protective_put,21,,,,,,True
facility_closure,4,protective_put,42,,,,,,True
facility_closure,4,protective_put,exp,,,,,,True
facility_closure,4,collar,21,,,,,,True
facility_closure,4,collar,42,,,,,,True
facility_closure,4,collar,exp,,,,,,True
facility_closure,4,cash_secured_put,21,,,,,,True
facility_closure,4,cash_secured_put,42,,,,,,True
facility_closure,4,cash_secured_put,exp,,,,,,True
financial_restatement,1,long_call,21,,,,,,True
financial_restatement,1,long_call,42,,,,,,True
financial_restatement,1,long_call,exp,,,,,,True
financial_restatement,1,covered_call,21,,,,,,True
financial_restatement,1,covered_call,42,,,,,,True
financial_restatement,1,covered_call,exp,,,,,,True
financial_restatement,1,protective_put,21,,,,,,True
financial_restatement,1,protective_put,42,,,,,,True
financial_restatement,1,protective_put,exp,,,,,,True
financial_restatement,1,collar,21,,,,,,True
financial_restatement,1,collar,42,,,,,,True
financial_restatement,1,collar,exp,,,,,,True
financial_restatement,1,cash_secured_put,21,,,,,,True
financial_restatement,1,cash_secured_put,42,,,,,,True
financial_restatement,1,cash_secured_put,exp,,,,,,True
fiscal_year_change,1,long_call,21,,,,,,True
fiscal_year_change,1,long_call,42,,,,,,True
fiscal_year_change,1,long_call,exp,,,,,,True
fiscal_year_change,1,covered_call,21,,,,,,True
fiscal_year_change,1,covered_call,42,,,,,,True
fiscal_year_change,1,covered_call,exp,,,,,,True
fiscal_year_change,1,protective_put,21,,,,,,True
fiscal_year_change,1,protective_put,42,,,,,,True
fiscal_year_change,1,protective_put,exp,,,,,,True
fiscal_year_change,1,collar,21,,,,,,True
fiscal_year_change,1,collar,42,,,,,,True
fiscal_year_change,1,collar,exp,,,,,,True
fiscal_year_change,1,cash_secured_put,21,,,,,,True
fiscal_year_change,1,cash_secured_put,42,,,,,,True
fiscal_year_change,1,cash_secured_put,exp,,,,,,True
going_concern,0,long_call,21,,,,,,True
going_concern,0,long_call,42,,,,,,True
going_concern,0,long_call,exp,,,,,,True
going_concern,0,covered_call,21,,,,,,True
going_concern,0,covered_call,42,,,,,,True
going_concern,0,covered_call,exp,,,,,,True
going_concern,0,protective_put,21,,,,,,True
going_concern,0,protective_put,42,,,,,,True
going_concern,0,protective_put,exp,,,,,,True
going_concern,0,collar,21,,,,,,True
going_concern,0,collar,42,,,,,,True
going_concern,0,collar,exp,,,,,,True
going_concern,0,cash_secured_put,21,,,,,,True
going_concern,0,cash_secured_put,42,,,,,,True
going_concern,0,cash_secured_put,exp,,,,,,True
going_private_transaction,0,long_call,21,,,,,,True
going_private_transaction,0,long_call,42,,,,,,True
going_private_transaction,0,long_call,exp,,,,,,True
going_private_transaction,0,covered_call,21,,,,,,True
going_private_transaction,0,covered_call,42,,,,,,True
going_private_transaction,0,covered_call,exp,,,,,,True
going_private_transaction,0,protective_put,21,,,,,,True
going_private_transaction,0,protective_put,42,,,,,,True
going_private_transaction,0,protective_put,exp,,,,,,True
going_private_transaction,0,collar,21,,,,,,True
going_private_transaction,0,collar,42,,,,,,True
going_private_transaction,0,collar,exp,,,,,,True
going_private_transaction,0,cash_secured_put,21,,,,,,True
going_private_transaction,0,cash_secured_put,42,,,,,,True
going_private_transaction,0,cash_secured_put,exp,,,,,,True
goodwill_impairment,3,long_call,21,,,,,,True
goodwill_impairment,3,long_call,42,,,,,,True
goodwill_impairment,3,long_call,exp,,,,,,True
goodwill_impairment,3,covered_call,21,,,,,,True
goodwill_impairment,3,covered_call,42,,,,,,True
goodwill_impairment,3,covered_call,exp,,,,,,True
goodwill_impairment,3,protective_put,21,,,,,,True
goodwill_impairment,3,protective_put,42,,,,,,True
goodwill_impairment,3,protective_put,exp,,,,,,True
goodwill_impairment,3,collar,21,,,,,,True
goodwill_impairment,3,collar,42,,,,,,True
goodwill_impairment,3,collar,exp,,,,,,True
goodwill_impairment,3,cash_secured_put,21,,,,,,True
goodwill_impairment,3,cash_secured_put,42,,,,,,True
goodwill_impairment,3,cash_secured_put,exp,,,,,,True
guarantee_or_letter_of_credit,13,long_call,21,0.0030702002394439763,-0.014345135817900045,0.023187004128224685,0.7795,0.9249167962674961,True
guarantee_or_letter_of_credit,13,long_call,42,0.005985324389525374,-0.030647985069952432,0.0499628914648922,0.8045,0.9323396084337349,True
guarantee_or_letter_of_credit,13,long_call,exp,-0.0308018231350618,-0.08065701994986006,0.04049015292493103,0.337,0.8563929577464788,True
guarantee_or_letter_of_credit,13,covered_call,21,0.010190646795422977,-0.008430637137778975,0.02816393578930336,0.2865,0.795590909090909,True
guarantee_or_letter_of_credit,13,covered_call,42,0.0008704811108031889,-0.025245521499652167,0.02795080456168698,0.931,0.9744766803840879,True
guarantee_or_letter_of_credit,13,covered_call,exp,-0.01608300849724069,-0.053972467548308395,0.020021743251744616,0.3985,0.8563929577464788,True
guarantee_or_letter_of_credit,13,protective_put,21,0.007248924100388474,-0.016602582685990113,0.03185659295254464,0.577,0.8996804029304029,True
guarantee_or_letter_of_credit,13,protective_put,42,0.003672138837026915,-0.03903649198979932,0.056281152402585806,0.92,0.9731511789181693,True
guarantee_or_letter_of_credit,13,protective_put,exp,-0.024537990716397465,-0.09779628333845404,0.08273428249310764,0.544,0.8996804029304029,True
guarantee_or_letter_of_credit,13,collar,21,0.006455592385499109,-0.0052957905212688795,0.018642776372480956,0.3165,0.8363072916666667,True
guarantee_or_letter_of_credit,13,collar,42,4.6501838600472925e-05,-0.018892249257561482,0.019076071068545274,0.986,0.9951538461538462,True
guarantee_or_letter_of_credit,13,collar,exp,-0.024224608602959642,-0.05433954351341455,0.010380776094409789,0.157,0.6222760416666667,True
guarantee_or_letter_of_credit,13,cash_secured_put,21,0.0020577652474063454,-0.0065043554764392525,0.009747858773260384,0.6155,0.8996804029304029,True
guarantee_or_letter_of_credit,13,cash_secured_put,42,0.0036606928793030185,-0.005043972344205857,0.01271636164385132,0.4055,0.8577016574585635,True
guarantee_or_letter_of_credit,13,cash_secured_put,exp,0.005614764151371547,-0.013644185022711312,0.02023033741878033,0.5125,0.8996804029304029,True
guidance_issuance_or_update,12,long_call,21,-0.0005736028570893074,-0.027704438892107983,0.028250337619012553,0.9485,0.9810729729729729,True
guidance_issuance_or_update,12,long_call,42,-0.018830050455547226,-0.050071112314531825,0.012087145687157196,0.2455,0.7549603174603174,True
guidance_issuance_or_update,12,long_call,exp,-0.017834660859807068,-0.07431292304890244,0.04806274066714252,0.5225,0.8996804029304029,True
guidance_issuance_or_update,12,covered_call,21,-0.0014092338980816015,-0.03989899531661148,0.03027933218010552,0.9815,0.9951538461538462,True
guidance_issuance_or_update,12,covered_call,42,-0.026530666287263305,-0.0775579134805902,0.020051306282919696,0.3,0.8153571428571428,True
guidance_issuance_or_update,12,covered_call,exp,0.003273055803650643,-0.06440469677787292,0.0655131593343164,0.9085,0.9731511789181693,True
guidance_issuance_or_update,12,protective_put,21,0.009926478935181391,-0.027797387834508195,0.04787642892799973,0.5795,0.8996804029304029,True
guidance_issuance_or_update,12,protective_put,42,-0.03114792559058406,-0.06979010261347163,0.005259250816060265,0.092,0.47562499999999996,True
guidance_issuance_or_update,12,protective_put,exp,-0.02874506095731605,-0.09159115737034089,0.036655151955178114,0.395,0.8563929577464788,True
guidance_issuance_or_update,12,collar,21,0.007599501853181667,-0.011438069934629999,0.024443230698035372,0.408,0.8577016574585635,True
guidance_issuance_or_update,12,collar,42,-0.004333953897796698,-0.025434818947084055,0.015569430798494596,0.675,0.8997239583333333,True
guidance_issuance_or_update,12,collar,exp,0.009588414851605675,-0.0361821880894927,0.05016225843142686,0.628,0.8996804029304029,True
guidance_issuance_or_update,12,cash_secured_put,21,-0.011254899788333649,-0.02887872628788626,0.0051889994142399615,0.192,0.6733271889400921,True
guidance_issuance_or_update,12,cash_secured_put,42,-0.026158329808772023,-0.059932198204857665,0.0044472820098618165,0.1035,0.5048942307692307,True
guidance_issuance_or_update,12,cash_secured_put,exp,-0.006614534993613975,-0.036031127784940276,0.019343016996745517,0.6655,0.8997239583333333,True
guidance_withdrawal,0,long_call,21,,,,,,True
guidance_withdrawal,0,long_call,42,,,,,,True
guidance_withdrawal,0,long_call,exp,,,,,,True
guidance_withdrawal,0,covered_call,21,,,,,,True
guidance_withdrawal,0,covered_call,42,,,,,,True
guidance_withdrawal,0,covered_call,exp,,,,,,True
guidance_withdrawal,0,protective_put,21,,,,,,True
guidance_withdrawal,0,protective_put,42,,,,,,True
guidance_withdrawal,0,protective_put,exp,,,,,,True
guidance_withdrawal,0,collar,21,,,,,,True
guidance_withdrawal,0,collar,42,,,,,,True
guidance_withdrawal,0,collar,exp,,,,,,True
guidance_withdrawal,0,cash_secured_put,21,,,,,,True
guidance_withdrawal,0,cash_secured_put,42,,,,,,True
guidance_withdrawal,0,cash_secured_put,exp,,,,,,True
internal_control_weakness,0,long_call,21,,,,,,True
internal_control_weakness,0,long_call,42,,,,,,True
internal_control_weakness,0,long_call,exp,,,,,,True
internal_control_weakness,0,covered_call,21,,,,,,True
internal_control_weakness,0,covered_call,42,,,,,,True
internal_control_weakness,0,covered_call,exp,,,,,,True
internal_control_weakness,0,protective_put,21,,,,,,True
internal_control_weakness,0,protective_put,42,,,,,,True
internal_control_weakness,0,protective_put,exp,,,,,,True
internal_control_weakness,0,collar,21,,,,,,True
internal_control_weakness,0,collar,42,,,,,,True
internal_control_weakness,0,collar,exp,,,,,,True
internal_control_weakness,0,cash_secured_put,21,,,,,,True
internal_control_weakness,0,cash_secured_put,42,,,,,,True
internal_control_weakness,0,cash_secured_put,exp,,,,,,True
investment_impairment,2,long_call,21,,,,,,True
investment_impairment,2,long_call,42,,,,,,True
investment_impairment,2,long_call,exp,,,,,,True
investment_impairment,2,covered_call,21,,,,,,True
investment_impairment,2,covered_call,42,,,,,,True
investment_impairment,2,covered_call,exp,,,,,,True
investment_impairment,2,protective_put,21,,,,,,True
investment_impairment,2,protective_put,42,,,,,,True
investment_impairment,2,protective_put,exp,,,,,,True
investment_impairment,2,collar,21,,,,,,True
investment_impairment,2,collar,42,,,,,,True
investment_impairment,2,collar,exp,,,,,,True
investment_impairment,2,cash_secured_put,21,,,,,,True
investment_impairment,2,cash_secured_put,42,,,,,,True
investment_impairment,2,cash_secured_put,exp,,,,,,True
investor_presentation,15,long_call,21,0.008632644294017052,-0.02000209207526975,0.039965747505371164,0.584,0.8996804029304029,True
investor_presentation,15,long_call,42,0.004181567177708737,-0.03353004427512254,0.04070707939120138,0.838,0.9425384047267357,True
investor_presentation,15,long_call,exp,0.06018037272369718,-0.0013757433881046725,0.12334190453798977,0.057,0.38386725663716814,True
investor_presentation,15,covered_call,21,0.007247260422172391,-0.0192293293576052,0.03422813930089511,0.6065,0.8996804029304029,True
investor_presentation,15,covered_call,42,0.01387213067515864,-0.01518822626357136,0.04390496748951663,0.3635,0.8563929577464788,True
investor_presentation,15,covered_call,exp,0.056046248442975184,-0.0031764266025401354,0.09961508701111432,0.0605,0.39017372881355933,True
investor_presentation,15,protective_put,21,0.00288893136696723,-0.03368410901242327,0.03994609700913907,0.915,0.9731511789181693,True
investor_presentation,15,protective_put,42,-0.007462701005878231,-0.04944908582465484,0.03437051784481666,0.7215,0.9035345659163988,True
investor_presentation,15,protective_put,exp,0.06836798775195964,-0.00046862506144556247,0.13438721842681775,0.0515,0.3697311320754717,True
investor_presentation,15,collar,21,0.002949843885496818,-0.013324601823485787,0.019450212836208222,0.734,0.9035345659163988,True
investor_presentation,15,collar,42,0.0004745853186650193,-0.016921814228682854,0.016887090055533082,0.946,0.9810729729729729,True
investor_presentation,15,collar,exp,0.04938692233112936,0.020961720727009987,0.07287197565890323,0.0015,0.049630434782608694,True
investor_presentation,15,cash_secured_put,21,0.004653701917267146,-0.009632060027272366,0.018933163793162223,0.4945,0.8996804029304029,True
investor_presentation,15,cash_secured_put,42,0.010478299441139718,-0.0038474092736966747,0.026999603717762066,0.168,0.6489746192893402,True
investor_presentation,15,cash_secured_put,exp,0.010904259954604983,-0.030409393461414455,0.040250173270762246,0.512,0.8996804029304029,True
involuntary_bankruptcy,0,long_call,21,,,,,,True
involuntary_bankruptcy,0,long_call,42,,,,,,True
involuntary_bankruptcy,0,long_call,exp,,,,,,True
involuntary_bankruptcy,0,covered_call,21,,,,,,True
involuntary_bankruptcy,0,covered_call,42,,,,,,True
involuntary_bankruptcy,0,covered_call,exp,,,,,,True
involuntary_bankruptcy,0,protective_put,21,,,,,,True
involuntary_bankruptcy,0,protective_put,42,,,,,,True
involuntary_bankruptcy,0,protective_put,exp,,,,,,True
involuntary_bankruptcy,0,collar,21,,,,,,True
involuntary_bankruptcy,0,collar,42,,,,,,True
involuntary_bankruptcy,0,collar,exp,,,,,,True
involuntary_bankruptcy,0,cash_secured_put,21,,,,,,True
involuntary_bankruptcy,0,cash_secured_put,42,,,,,,True
involuntary_bankruptcy,0,cash_secured_put,exp,,,,,,True
joint_venture_agreement,6,long_call,21,0.04753604154666325,0.022115745328722538,0.07284000454871199,0.00025,0.013589285714285715,True
joint_venture_agreement,6,long_call,42,-0.016260254186259718,-0.06882616766018716,0.031453550194351344,0.5435,0.8996804029304029,True
joint_venture_agreement,6,long_call,exp,0.04038325383480293,-0.07200213516821125,0.16024834613327302,0.515,0.8996804029304029,True
joint_venture_agreement,6,covered_call,21,0.04178604203674505,0.02695309426407483,0.057110015019742215,0.00025,0.013589285714285715,True
joint_venture_agreement,6,covered_call,42,-0.03598203162780254,-0.16501163743336086,0.043787619449359716,0.662,0.8997239583333333,True
joint_venture_agreement,6,covered_call,exp,,,,,,True
joint_venture_agreement,6,protective_put,21,0.056706336057256765,0.027108867367935535,0.08550858428126003,0.00025,0.013589285714285715,True
joint_venture_agreement,6,protective_put,42,-0.021099485324391633,-0.09283018308844315,0.04115428090232519,0.5785,0.8996804029304029,True
joint_venture_agreement,6,protective_put,exp,0.0027121562408576327,-0.12198510237228173,0.13139964506069285,0.9945,0.9955,True
joint_venture_agreement,6,collar,21,0.02603304608159364,0.01384669299842602,0.037608211310169386,0.00025,0.013589285714285715,True
joint_venture_agreement,6,collar,42,-0.009012438866916758,-0.04696524104835773,0.01773946801482458,0.6555,0.8997239583333333,True
joint_venture_agreement,6,collar,exp,,,,,,True
joint_venture_agreement,6,cash_secured_put,21,0.016733178822902917,0.009823086355006776,0.02456420669837686,0.00025,0.013589285714285715,True
joint_venture_agreement,6,cash_secured_put,42,-0.01834518557679355,-0.09701753306997123,0.027970497415567692,0.677,0.8997239583333333,True
joint_venture_agreement,6,cash_secured_put,exp,-0.008115454163170674,-0.07675222044662112,0.03585239142059902,0.736,0.9035345659163988,True
lease_agreement,0,long_call,21,,,,,,True
lease_agreement,0,long_call,42,,,,,,True
lease_agreement,0,long_call,exp,,,,,,True
lease_agreement,0,covered_call,21,,,,,,True
lease_agreement,0,covered_call,42,,,,,,True
lease_agreement,0,covered_call,exp,,,,,,True
lease_agreement,0,protective_put,21,,,,,,True
lease_agreement,0,protective_put,42,,,,,,True
lease_agreement,0,protective_put,exp,,,,,,True
lease_agreement,0,collar,21,,,,,,True
lease_agreement,0,collar,42,,,,,,True
lease_agreement,0,collar,exp,,,,,,True
lease_agreement,0,cash_secured_put,21,,,,,,True
lease_agreement,0,cash_secured_put,42,,,,,,True
lease_agreement,0,cash_secured_put,exp,,,,,,True
licensing_agreement,2,long_call,21,,,,,,True
licensing_agreement,2,long_call,42,,,,,,True
licensing_agreement,2,long_call,exp,,,,,,True
licensing_agreement,2,covered_call,21,,,,,,True
licensing_agreement,2,covered_call,42,,,,,,True
licensing_agreement,2,covered_call,exp,,,,,,True
licensing_agreement,2,protective_put,21,,,,,,True
licensing_agreement,2,protective_put,42,,,,,,True
licensing_agreement,2,protective_put,exp,,,,,,True
licensing_agreement,2,collar,21,,,,,,True
licensing_agreement,2,collar,42,,,,,,True
licensing_agreement,2,collar,exp,,,,,,True
licensing_agreement,2,cash_secured_put,21,,,,,,True
licensing_agreement,2,cash_secured_put,42,,,,,,True
licensing_agreement,2,cash_secured_put,exp,,,,,,True
listing_compliance_regained,0,long_call,21,,,,,,True
listing_compliance_regained,0,long_call,42,,,,,,True
listing_compliance_regained,0,long_call,exp,,,,,,True
listing_compliance_regained,0,covered_call,21,,,,,,True
listing_compliance_regained,0,covered_call,42,,,,,,True
listing_compliance_regained,0,covered_call,exp,,,,,,True
listing_compliance_regained,0,protective_put,21,,,,,,True
listing_compliance_regained,0,protective_put,42,,,,,,True
listing_compliance_regained,0,protective_put,exp,,,,,,True
listing_compliance_regained,0,collar,21,,,,,,True
listing_compliance_regained,0,collar,42,,,,,,True
listing_compliance_regained,0,collar,exp,,,,,,True
listing_compliance_regained,0,cash_secured_put,21,,,,,,True
listing_compliance_regained,0,cash_secured_put,42,,,,,,True
listing_compliance_regained,0,cash_secured_put,exp,,,,,,True
listing_deficiency_notice,0,long_call,21,,,,,,True
listing_deficiency_notice,0,long_call,42,,,,,,True
listing_deficiency_notice,0,long_call,exp,,,,,,True
listing_deficiency_notice,0,covered_call,21,,,,,,True
listing_deficiency_notice,0,covered_call,42,,,,,,True
listing_deficiency_notice,0,covered_call,exp,,,,,,True
listing_deficiency_notice,0,protective_put,21,,,,,,True
listing_deficiency_notice,0,protective_put,42,,,,,,True
listing_deficiency_notice,0,protective_put,exp,,,,,,True
listing_deficiency_notice,0,collar,21,,,,,,True
listing_deficiency_notice,0,collar,42,,,,,,True
listing_deficiency_notice,0,collar,exp,,,,,,True
listing_deficiency_notice,0,cash_secured_put,21,,,,,,True
listing_deficiency_notice,0,cash_secured_put,42,,,,,,True
listing_deficiency_notice,0,cash_secured_put,exp,,,,,,True
listing_transfer,2,long_call,21,,,,,,True
listing_transfer,2,long_call,42,,,,,,True
listing_transfer,2,long_call,exp,,,,,,True
listing_transfer,2,covered_call,21,,,,,,True
listing_transfer,2,covered_call,42,,,,,,True
listing_transfer,2,covered_call,exp,,,,,,True
listing_transfer,2,protective_put,21,,,,,,True
listing_transfer,2,protective_put,42,,,,,,True
listing_transfer,2,protective_put,exp,,,,,,True
listing_transfer,2,collar,21,,,,,,True
listing_transfer,2,collar,42,,,,,,True
listing_transfer,2,collar,exp,,,,,,True
listing_transfer,2,cash_secured_put,21,,,,,,True
listing_transfer,2,cash_secured_put,42,,,,,,True
listing_transfer,2,cash_secured_put,exp,,,,,,True
material_charge_or_gain,15,long_call,21,0.01801026221762971,-0.015588262204080971,0.06016988675650316,0.3615,0.8563929577464788,True
material_charge_or_gain,15,long_call,42,0.03615260919152938,-0.02575485181202925,0.10873767229770578,0.2895,0.7982228260869565,True
material_charge_or_gain,15,long_call,exp,0.017401390694784347,-0.043582243471812394,0.08645691628044573,0.666,0.8997239583333333,True
material_charge_or_gain,15,covered_call,21,0.008375543493502927,-0.010622948586659738,0.02783228876251503,0.4135,0.8584577656675748,True
material_charge_or_gain,15,covered_call,42,0.002954233484252968,-0.029322218286124753,0.032735419566510736,0.8465,0.9459419970631425,True
material_charge_or_gain,15,covered_call,exp,0.019122182443194004,-0.010126413223715259,0.046469711543835356,0.191,0.6733271889400921,True
material_charge_or_gain,15,protective_put,21,0.01847547744671678,-0.01912793458127503,0.06438943330599525,0.4235,0.8644959999999999,True
material_charge_or_gain,15,protective_put,42,0.01614011012356711,-0.04349971133451577,0.09261750977453526,0.6845,0.9012188581314878,True
material_charge_or_gain,15,protective_put,exp,-0.018537097939930476,-0.06430749334488718,0.03286224159817755,0.4765,0.8928194103194104,True
material_charge_or_gain,15,collar,21,0.004659863504617826,-0.008224797375121882,0.018866926095253138,0.53,0.8996804029304029,True
material_charge_or_gain,15,collar,42,-0.0007663123544060131,-0.02321094352458194,0.020889247191851052,0.9815,0.9951538461538462,True
material_charge_or_gain,15,collar,exp,0.0007134944589563576,-0.026409904875077075,0.028892727405868502,0.9375,0.9759746922024624,True
material_charge_or_gain,15,cash_secured_put,21,0.004695862856636592,-0.0014906963530711783,0.010966667351340999,0.1485,0.6149702702702702,True
material_charge_or_gain,15,cash_secured_put,42,0.005734252291590973,-0.004292619973958403,0.01552908826690291,0.266,0.7740209125475286,True
material_charge_or_gain,15,cash_secured_put,exp,0.017343357332932935,0.008331713921366763,0.026011550288092187,0.00025,0.013589285714285715,True
material_litigation,11,long_call,21,-0.014617724325468085,-0.04391783529831616,0.015350632064094073,0.354,0.8563929577464788,True
material_litigation,11,long_call,42,-0.02165156593087718,-0.06694839490886074,0.03042611658675881,0.3985,0.8563929577464788,True
material_litigation,11,long_call,exp,-0.024469376462592902,-0.08664393984646153,0.050358826786707445,0.474,0.8928194103194104,True
material_litigation,11,covered_call,21,-0.009791614193959885,-0.0557649937937343,0.030713184709392858,0.681,0.8997239583333333,True
material_litigation,11,covered_call,42,-0.032943583177409724,-0.09486030573053632,0.02928796871534937,0.294,0.8047985611510791,True
material_litigation,11,covered_call,exp,-0.039811273216307244,-0.1371373963946382,0.036832835969092974,0.368,0.8563929577464788,True
material_litigation,11,protective_put,21,-0.010423115045532108,-0.046492156503616086,0.02761799115232114,0.6,0.8996804029304029,True
material_litigation,11,protective_put,42,-0.027343515939115635,-0.09141618752885403,0.04140792556275836,0.438,0.8702819843342036,True
material_litigation,11,protective_put,exp,-0.03025144814616428,-0.12685528023270162,0.0898028695613212,0.5645,0.8996804029304029,True
material_litigation,11,collar,21,-0.006744585612476197,-0.027282130077659218,0.013404903799081663,0.5185,0.8996804029304029,True
material_litigation,11,collar,42,-0.021117568983431707,-0.05355092192813675,0.009762186349858997,0.204,0.6961614349775784,True
material_litigation,11,collar,exp,-0.01857081283939388,-0.06713104318970074,0.03436084717951165,0.498,0.8996804029304029,True
material_litigation,11,cash_secured_put,21,-0.0020668457137321926,-0.02825817172877201,0.02011939074027896,0.902,0.9731511789181693,True
material_litigation,11,cash_secured_put,42,-0.0063995834699429694,-0.03628383552278164,0.02271209443263691,0.687,0.902459552495697,True
material_litigation,11,cash_secured_put,exp,0.025129463021665528,-0.0011021821592026144,0.047934035987976346,0.057,0.38386725663716814,True
merger_agreement,14,long_call,21,-0.030965352615998545,-0.04962405247371354,-0.013510359753004466,0.0005,0.02238235294117647,True
merger_agreement,14,long_call,42,-0.02295969622514672,-0.05918775019955431,0.017377861594383606,0.235,0.7314918367346939,True
merger_agreement,14,long_call,exp,-0.06540346063504542,-0.09614764777526152,-0.030783731202182103,0.0005,0.02238235294117647,True
merger_agreement,14,covered_call,21,-0.03529665614353721,-0.06842669161191059,-0.008059795579501946,0.011,0.19024999999999997,True
merger_agreement,14,covered_call,42,-0.04429372654981879,-0.10166491603144195,0.015546047715006926,0.1505,0.615755376344086,True
merger_agreement,14,covered_call,exp,-0.029809776419149343,-0.10998882262766936,0.03392569303468791,0.4215,0.8644959999999999,True
merger_agreement,14,protective_put,21,-0.03450432677499511,-0.056814970769664,-0.01272447911912486,0.0015,0.049630434782608694,True
merger_agreement,14,protective_put,42,-0.028602680631308355,-0.08123810897701711,0.025178633332403166,0.303,0.8205800711743773,True
merger_agreement,14,protective_put,exp,-0.03994444125129137,-0.0782300638927977,0.002501250911418239,0.064,0.39596747967479673,True
merger_agreement,14,collar,21,-0.01600629774039925,-0.03089437307347487,-0.0008393737566089655,0.041,0.3391413043478261,True
merger_agreement,14,collar,42,-0.019949970202865618,-0.048549494995950494,0.01035212700812861,0.2135,0.7117974137931035,True
merger_agreement,14,collar,exp,-0.0076485874487412665,-0.03481216542167033,0.01942687021313283,0.566,0.8996804029304029,True
merger_agreement,14,cash_secured_put,21,-0.018310175535386466,-0.036681825980000575,-0.0032501814606260174,0.019,0.2370327868852459,True
merger_agreement,14,cash_secured_put,42,-0.021349321000529674,-0.05220184636163092,0.010441447011181989,0.1915,0.6733271889400921,True
merger_agreement,14,cash_secured_put,exp,0.017126365765764692,-0.003347724818298326,0.036314871819702506,0.091,0.47562499999999996,True
merger_completion,9,long_call,21,-0.034933921000022516,-0.05302006711647061,-0.01678297722086938,0.00025,0.013589285714285715,True
merger_completion,9,long_call,42,-0.02349219906218305,-0.051685309178829505,0.006053710044972025,0.114,0.5322331288343558,True
merger_completion,9,long_call,exp,-0.032782716809528,-0.07517085097732167,0.011977744091369967,0.16,0.6276288659793815,True
merger_completion,9,covered_call,21,-0.05251259433434246,-0.0884617529008673,-0.021307860226629075,0.00025,0.013589285714285715,True
merger_completion,9,covered_call,42,-0.014298579200787837,-0.0544216083426182,0.023680025665062998,0.4725,0.8928194103194104,True
merger_completion,9,covered_call,exp,-0.005568736152412268,-0.047615582509776364,0.036819710266426386,0.8045,0.9323396084337349,True
merger_completion,9,protective_put,21,-0.04818122100286781,-0.07639229457942977,-0.020184397469562073,0.00025,0.013589285714285715,True
merger_completion,9,protective_put,42,-0.03743966832524658,-0.07787327215966994,0.0028692106407983654,0.068,0.40409689922480624,True
merger_completion,9,protective_put,exp,-0.057913668027552226,-0.10948941769874976,0.003923353252190975,0.064,0.39596747967479673,True
merger_completion,9,collar,21,-0.0306793037250526,-0.050130656809826,-0.01201902889969109,0.0005,0.02238235294117647,True
merger_completion,9,collar,42,-0.016323790296766155,-0.046246912059030344,0.010514828626366615,0.265,0.7740209125475286,True
merger_completion,9,collar,exp,-0.03436390161896349,-0.06997824272055718,0.0033942489515520835,0.076,0.42526470588235293,True
merger_completion,9,cash_secured_put,21,-0.019125666483453322,-0.03962113951073576,-0.0019015642495050181,0.0235,0.25547857142857144,True
merger_completion,9,cash_secured_put,42,0.0023352019474883476,-0.014270530746645886,0.018522288245698793,0.741,0.9043680445151034,True
merger_completion,9,cash_secured_put,exp,0.004315580279371933,-0.005409317443455093,0.014349937550659535,0.416,0.8602608695652173,True
mine_closure,0,long_call,21,,,,,,True
mine_closure,0,long_call,42,,,,,,True
mine_closure,0,long_call,exp,,,,,,True
mine_closure,0,covered_call,21,,,,,,True
mine_closure,0,covered_call,42,,,,,,True
mine_closure,0,covered_call,exp,,,,,,True
mine_closure,0,protective_put,21,,,,,,True
mine_closure,0,protective_put,42,,,,,,True
mine_closure,0,protective_put,exp,,,,,,True
mine_closure,0,collar,21,,,,,,True
mine_closure,0,collar,42,,,,,,True
mine_closure,0,collar,exp,,,,,,True
mine_closure,0,cash_secured_put,21,,,,,,True
mine_closure,0,cash_secured_put,42,,,,,,True
mine_closure,0,cash_secured_put,exp,,,,,,True
mine_safety_violation,0,long_call,21,,,,,,True
mine_safety_violation,0,long_call,42,,,,,,True
mine_safety_violation,0,long_call,exp,,,,,,True
mine_safety_violation,0,covered_call,21,,,,,,True
mine_safety_violation,0,covered_call,42,,,,,,True
mine_safety_violation,0,covered_call,exp,,,,,,True
mine_safety_violation,0,protective_put,21,,,,,,True
mine_safety_violation,0,protective_put,42,,,,,,True
mine_safety_violation,0,protective_put,exp,,,,,,True
mine_safety_violation,0,collar,21,,,,,,True
mine_safety_violation,0,collar,42,,,,,,True
mine_safety_violation,0,collar,exp,,,,,,True
mine_safety_violation,0,cash_secured_put,21,,,,,,True
mine_safety_violation,0,cash_secured_put,42,,,,,,True
mine_safety_violation,0,cash_secured_put,exp,,,,,,True
natural_disaster_impact,0,long_call,21,,,,,,True
natural_disaster_impact,0,long_call,42,,,,,,True
natural_disaster_impact,0,long_call,exp,,,,,,True
natural_disaster_impact,0,covered_call,21,,,,,,True
natural_disaster_impact,0,covered_call,42,,,,,,True
natural_disaster_impact,0,covered_call,exp,,,,,,True
natural_disaster_impact,0,protective_put,21,,,,,,True
natural_disaster_impact,0,protective_put,42,,,,,,True
natural_disaster_impact,0,protective_put,exp,,,,,,True
natural_disaster_impact,0,collar,21,,,,,,True
natural_disaster_impact,0,collar,42,,,,,,True
natural_disaster_impact,0,collar,exp,,,,,,True
natural_disaster_impact,0,cash_secured_put,21,,,,,,True
natural_disaster_impact,0,cash_secured_put,42,,,,,,True
natural_disaster_impact,0,cash_secured_put,exp,,,,,,True
nav_per_share,0,long_call,21,,,,,,True
nav_per_share,0,long_call,42,,,,,,True
nav_per_share,0,long_call,exp,,,,,,True
nav_per_share,0,covered_call,21,,,,,,True
nav_per_share,0,covered_call,42,,,,,,True
nav_per_share,0,covered_call,exp,,,,,,True
nav_per_share,0,protective_put,21,,,,,,True
nav_per_share,0,protective_put,42,,,,,,True
nav_per_share,0,protective_put,exp,,,,,,True
nav_per_share,0,collar,21,,,,,,True
nav_per_share,0,collar,42,,,,,,True
nav_per_share,0,collar,exp,,,,,,True
nav_per_share,0,cash_secured_put,21,,,,,,True
nav_per_share,0,cash_secured_put,42,,,,,,True
nav_per_share,0,cash_secured_put,exp,,,,,,True
new_auditor_engagement,3,long_call,21,,,,,,True
new_auditor_engagement,3,long_call,42,,,,,,True
new_auditor_engagement,3,long_call,exp,,,,,,True
new_auditor_engagement,3,covered_call,21,,,,,,True
new_auditor_engagement,3,covered_call,42,,,,,,True
new_auditor_engagement,3,covered_call,exp,,,,,,True
new_auditor_engagement,3,protective_put,21,,,,,,True
new_auditor_engagement,3,protective_put,42,,,,,,True
new_auditor_engagement,3,protective_put,exp,,,,,,True
new_auditor_engagement,3,collar,21,,,,,,True
new_auditor_engagement,3,collar,42,,,,,,True
new_auditor_engagement,3,collar,exp,,,,,,True
new_auditor_engagement,3,cash_secured_put,21,,,,,,True
new_auditor_engagement,3,cash_secured_put,42,,,,,,True
new_auditor_engagement,3,cash_secured_put,exp,,,,,,True
off_balance_sheet_arrangement,0,long_call,21,,,,,,True
off_balance_sheet_arrangement,0,long_call,42,,,,,,True
off_balance_sheet_arrangement,0,long_call,exp,,,,,,True
off_balance_sheet_arrangement,0,covered_call,21,,,,,,True
off_balance_sheet_arrangement,0,covered_call,42,,,,,,True
off_balance_sheet_arrangement,0,covered_call,exp,,,,,,True
off_balance_sheet_arrangement,0,protective_put,21,,,,,,True
off_balance_sheet_arrangement,0,protective_put,42,,,,,,True
off_balance_sheet_arrangement,0,protective_put,exp,,,,,,True
off_balance_sheet_arrangement,0,collar,21,,,,,,True
off_balance_sheet_arrangement,0,collar,42,,,,,,True
off_balance_sheet_arrangement,0,collar,exp,,,,,,True
off_balance_sheet_arrangement,0,cash_secured_put,21,,,,,,True
off_balance_sheet_arrangement,0,cash_secured_put,42,,,,,,True
off_balance_sheet_arrangement,0,cash_secured_put,exp,,,,,,True
partnership_or_collaboration,3,long_call,21,,,,,,True
partnership_or_collaboration,3,long_call,42,,,,,,True
partnership_or_collaboration,3,long_call,exp,,,,,,True
partnership_or_collaboration,3,covered_call,21,,,,,,True
partnership_or_collaboration,3,covered_call,42,,,,,,True
partnership_or_collaboration,3,covered_call,exp,,,,,,True
partnership_or_collaboration,3,protective_put,21,,,,,,True
partnership_or_collaboration,3,protective_put,42,,,,,,True
partnership_or_collaboration,3,protective_put,exp,,,,,,True
partnership_or_collaboration,3,collar,21,,,,,,True
partnership_or_collaboration,3,collar,42,,,,,,True
partnership_or_collaboration,3,collar,exp,,,,,,True
partnership_or_collaboration,3,cash_secured_put,21,,,,,,True
partnership_or_collaboration,3,cash_secured_put,42,,,,,,True
partnership_or_collaboration,3,cash_secured_put,exp,,,,,,True
patent_milestone,0,long_call,21,,,,,,True
patent_milestone,0,long_call,42,,,,,,True
patent_milestone,0,long_call,exp,,,,,,True
patent_milestone,0,covered_call,21,,,,,,True
patent_milestone,0,covered_call,42,,,,,,True
patent_milestone,0,covered_call,exp,,,,,,True
patent_milestone,0,protective_put,21,,,,,,True
patent_milestone,0,protective_put,42,,,,,,True
patent_milestone,0,protective_put,exp,,,,,,True
patent_milestone,0,collar,21,,,,,,True
patent_milestone,0,collar,42,,,,,,True
patent_milestone,0,collar,exp,,,,,,True
patent_milestone,0,cash_secured_put,21,,,,,,True
patent_milestone,0,cash_secured_put,42,,,,,,True
patent_milestone,0,cash_secured_put,exp,,,,,,True
payment_default,0,long_call,21,,,,,,True
payment_default,0,long_call,42,,,,,,True
payment_default,0,long_call,exp,,,,,,True
payment_default,0,covered_call,21,,,,,,True
payment_default,0,covered_call,42,,,,,,True
payment_default,0,covered_call,exp,,,,,,True
payment_default,0,protective_put,21,,,,,,True
payment_default,0,protective_put,42,,,,,,True
payment_default,0,protective_put,exp,,,,,,True
payment_default,0,collar,21,,,,,,True
payment_default,0,collar,42,,,,,,True
payment_default,0,collar,exp,,,,,,True
payment_default,0,cash_secured_put,21,,,,,,True
payment_default,0,cash_secured_put,42,,,,,,True
payment_default,0,cash_secured_put,exp,,,,,,True
pipe_transaction,0,long_call,21,,,,,,True
pipe_transaction,0,long_call,42,,,,,,True
pipe_transaction,0,long_call,exp,,,,,,True
pipe_transaction,0,covered_call,21,,,,,,True
pipe_transaction,0,covered_call,42,,,,,,True
pipe_transaction,0,covered_call,exp,,,,,,True
pipe_transaction,0,protective_put,21,,,,,,True
pipe_transaction,0,protective_put,42,,,,,,True
pipe_transaction,0,protective_put,exp,,,,,,True
pipe_transaction,0,collar,21,,,,,,True
pipe_transaction,0,collar,42,,,,,,True
pipe_transaction,0,collar,exp,,,,,,True
pipe_transaction,0,cash_secured_put,21,,,,,,True
pipe_transaction,0,cash_secured_put,42,,,,,,True
pipe_transaction,0,cash_secured_put,exp,,,,,,True
preferred_stock_modification,13,long_call,21,-0.007405721865120698,-0.027607335935738515,0.017604075854554254,0.477,0.8928194103194104,True
preferred_stock_modification,13,long_call,42,-0.009960440945429264,-0.03311642169914366,0.013526505478183891,0.4015,0.8577016574585635,True
preferred_stock_modification,13,long_call,exp,0.042377097100472036,-0.016712576359955985,0.10152222909031354,0.1555,0.6222760416666667,True
preferred_stock_modification,13,covered_call,21,-0.017506348518253674,-0.05063354343046528,0.010947093123206702,0.267,0.7740209125475286,True
preferred_stock_modification,13,covered_call,42,-0.009406547801150068,-0.059741601224707654,0.030862047781224235,0.7195,0.9035345659163988,True
preferred_stock_modification,13,covered_call,exp,0.046989338634358994,0.017678906441907574,0.07509352263359742,0.003,0.08455555555555555,True
preferred_stock_modification,13,protective_put,21,-0.011937322727861422,-0.04393463590408261,0.023996534350297558,0.4735,0.8928194103194104,True
preferred_stock_modification,13,protective_put,42,-0.011425973010956733,-0.046541084656003165,0.021650025558393442,0.5225,0.8996804029304029,True
preferred_stock_modification,13,protective_put,exp,0.0741511445718046,-0.001107027962322539,0.14669561161828218,0.0525,0.37338785046728973,True
preferred_stock_modification,13,collar,21,-0.012308623976869722,-0.02977880325197193,0.0028202036478209053,0.118,0.5409518072289157,True
preferred_stock_modification,13,collar,42,-0.004456735359030952,-0.026285963561894127,0.016086896334924432,0.726,0.9035345659163988,True
preferred_stock_modification,13,collar,exp,0.03660726480037861,0.0057915769253381695,0.06398084107493003,0.026,0.2745379746835443,True
preferred_stock_modification,13,cash_secured_put,21,-0.0035680246755400275,-0.020788167251891955,0.010510358183501302,0.688,0.902459552495697,True
preferred_stock_modification,13,cash_secured_put,42,-0.0003488173406660765,-0.025222800717889265,0.018366801839616552,0.968,0.9898107382550335,True
preferred_stock_modification,13,cash_secured_put,exp,0.018847460020709944,0.00532465036988381,0.03211750864357599,0.0075,0.15854166666666666,True
preliminary_results,13,long_call,21,0.026131315573101378,-0.006928017046097266,0.06064858408500731,0.1365,0.5802099447513813,True
preliminary_results,13,long_call,42,0.013258925621071106,-0.04035877475296599,0.07028210239972829,0.6445,0.8996804029304029,True
preliminary_results,13,long_call,exp,-0.028859771857039678,-0.07786573446294866,0.02254564957768306,0.276,0.7808029739776953,True
preliminary_results,13,covered_call,21,0.023075451133169146,-0.000744985177606366,0.045054352494262144,0.057,0.38386725663716814,True
preliminary_results,13,covered_call,42,0.004301622540297107,-0.05188209171422035,0.051185566477840866,0.8385,0.9425384047267357,True
preliminary_results,13,covered_call,exp,0.006766549726060417,-0.042343854874903906,0.048757388476134915,0.747,0.9043680445151034,True
preliminary_results,13,protective_put,21,0.02315844702705651,-0.013271536195258572,0.06423987319898052,0.2355,0.7314918367346939,True
preliminary_results,13,protective_put,42,0.02434453306695417,-0.05265552089254791,0.09939980157650871,0.522,0.8996804029304029,True
preliminary_results,13,protective_put,exp,-0.00753886807286655,-0.07226749406376962,0.05826895489103153,0.801,0.9323396084337349,True
preliminary_results,13,collar,21,0.014713139987050358,0.0002406229283573968,0.02981879918234326,0.046,0.353865,True
preliminary_results,13,collar,42,0.004979255996353125,-0.02866010324177183,0.036291700740328316,0.765,0.9145141287284143,True
preliminary_results,13,collar,exp,-0.00444147273787493,-0.03655773720635875,0.025845097262348918,0.826,0.9359620535714286,True
preliminary_results,13,cash_secured_put,21,0.004243962156356296,-0.005792679849923302,0.012935073256276863,0.3855,0.8563929577464788,True
preliminary_results,13,cash_secured_put,42,-0.004101943935256447,-0.02274596518478591,0.013509717786010397,0.668,0.8997239583333333,True
preliminary_results,13,cash_secured_put,exp,0.006888477558684153,-0.015847084934696522,0.02537152301837049,0.5035,0.8996804029304029,True
private_placement,4,long_call,21,,,,,,True
private_placement,4,long_call,42,,,,,,True
private_placement,4,long_call,exp,,,,,,True
private_placement,4,covered_call,21,,,,,,True
private_placement,4,covered_call,42,,,,,,True
private_placement,4,covered_call,exp,,,,,,True
private_placement,4,protective_put,21,,,,,,True
private_placement,4,protective_put,42,,,,,,True
private_placement,4,protective_put,exp,,,,,,True
private_placement,4,collar,21,,,,,,True
private_placement,4,collar,42,,,,,,True
private_placement,4,collar,exp,,,,,,True
private_placement,4,cash_secured_put,21,,,,,,True
private_placement,4,cash_secured_put,42,,,,,,True
private_placement,4,cash_secured_put,exp,,,,,,True
product_or_service_launch,2,long_call,21,,,,,,True
product_or_service_launch,2,long_call,42,,,,,,True
product_or_service_launch,2,long_call,exp,,,,,,True
product_or_service_launch,2,covered_call,21,,,,,,True
product_or_service_launch,2,covered_call,42,,,,,,True
product_or_service_launch,2,covered_call,exp,,,,,,True
product_or_service_launch,2,protective_put,21,,,,,,True
product_or_service_launch,2,protective_put,42,,,,,,True
product_or_service_launch,2,protective_put,exp,,,,,,True
product_or_service_launch,2,collar,21,,,,,,True
product_or_service_launch,2,collar,42,,,,,,True
product_or_service_launch,2,collar,exp,,,,,,True
product_or_service_launch,2,cash_secured_put,21,,,,,,True
product_or_service_launch,2,cash_secured_put,42,,,,,,True
product_or_service_launch,2,cash_secured_put,exp,,,,,,True
public_offering,15,long_call,21,-0.006841181498528072,-0.028492567052397614,0.01781065200183147,0.5325,0.8996804029304029,True
public_offering,15,long_call,42,0.0019470035413330488,-0.03281623199380055,0.037697630972535964,0.9325,0.9744766803840879,True
public_offering,15,long_call,exp,0.008215900995591646,-0.028116999515860188,0.048253804520987834,0.665,0.8997239583333333,True
public_offering,15,covered_call,21,-0.012833730208062577,-0.04077918209853426,0.014484191180159487,0.3625,0.8563929577464788,True
public_offering,15,covered_call,42,0.00025009428073186415,-0.0522457246769225,0.04454360113133917,0.9335,0.9744766803840879,True
public_offering,15,covered_call,exp,0.03647722154693921,0.0034233703393085884,0.06671791789319724,0.0325,0.2979819277108434,True
public_offering,15,protective_put,21,-0.011046491773288867,-0.04386559453622123,0.02824878218781621,0.5215,0.8996804029304029,True
public_offering,15,protective_put,42,0.014968807294664637,-0.040267582272485676,0.06806740588986633,0.607,0.8996804029304029,True
public_offering,15,protective_put,exp,0.018764586048753168,-0.02829353547838513,0.057838635637429796,0.3885,0.8563929577464788,True
public_offering,15,collar,21,-0.006422973242412528,-0.02442872302158933,0.011434022797475085,0.4605,0.8884675,True
public_offering,15,collar,42,0.005203756355256087,-0.02288579599642683,0.03047535401471118,0.6685,0.8997239583333333,True
public_offering,15,collar,exp,0.03311984288709703,0.006333299419926384,0.056548974310256045,0.0175,0.22195833333333334,True
public_offering,15,cash_secured_put,21,-0.004773026653854841,-0.023271031639866165,0.011009904409321774,0.6155,0.8996804029304029,True
public_offering,15,cash_secured_put,42,-0.0075463662016806935,-0.03615675135675603,0.01677178092773378,0.6235,0.8996804029304029,True
public_offering,15,cash_secured_put,exp,0.016583598046189856,0.0013608675065675763,0.030944621842948196,0.0315,0.29594444444444445,True
quarterly_earnings,15,long_call,21,-0.005720260816952241,-0.025002593568468064,0.0161713295457195,0.5925,0.8996804029304029,True
quarterly_earnings,15,long_call,42,-0.00560895159631593,-0.030459843706905815,0.018778133015015644,0.64,0.8996804029304029,True
quarterly_earnings,15,long_call,exp,-0.016955861056547724,-0.052688771269887136,0.021621726456910868,0.378,0.8563929577464788,True
quarterly_earnings,15,covered_call,21,-0.010820545147113546,-0.037387165205499416,0.011806792690236897,0.3925,0.8563929577464788,True
quarterly_earnings,15,covered_call,42,-0.006291532956362315,-0.03089771804303251,0.01637851909750112,0.625,0.8996804029304029,True
quarterly_earnings,15,covered_call,exp,0.001915223208932254,-0.038739760269282254,0.03792100903476301,0.908,0.9731511789181693,True
quarterly_earnings,15,protective_put,21,-0.008237670784916119,-0.035805514382844114,0.020614473070872972,0.5675,0.8996804029304029,True
quarterly_earnings,15,protective_put,42,-0.009577126931864008,-0.04183903538717485,0.02210497128100407,0.5565,0.8996804029304029,True
quarterly_earnings,15,protective_put,exp,-0.021542000525352885,-0.06823788015818798,0.026815760384549314,0.3835,0.8563929577464788,True
quarterly_earnings,15,collar,21,-0.0034674578483828255,-0.018362932336050505,0.011054669265662054,0.6285,0.8996804029304029,True
quarterly_earnings,15,collar,42,-0.002722272438864722,-0.01989121847113393,0.013736757012219868,0.781,0.9249167962674961,True
quarterly_earnings,15,collar,exp,-0.0023514790621970635,-0.03676520393082401,0.03136602830772396,0.9125,0.9731511789181693,True
quarterly_earnings,15,cash_secured_put,21,-0.0034524510250121937,-0.017720731726280428,0.00784428396093792,0.6775,0.8997239583333333,True
quarterly_earnings,15,cash_secured_put,42,0.0012896728269072245,-0.007387004399032941,0.009539377211100125,0.7325,0.9035345659163988,True
quarterly_earnings,15,cash_secured_put,exp,0.0023588166437469547,-0.01070831210763057,0.014030314839105227,0.728,0.9035345659163988,True
rating_downgrade_trigger,0,long_call,21,,,,,,True
rating_downgrade_trigger,0,long_call,42,,,,,,True
rating_downgrade_trigger,0,long_call,exp,,,,,,True
rating_downgrade_trigger,0,covered_call,21,,,,,,True
rating_downgrade_trigger,0,covered_call,42,,,,,,True
rating_downgrade_trigger,0,covered_call,exp,,,,,,True
rating_downgrade_trigger,0,protective_put,21,,,,,,True
rating_downgrade_trigger,0,protective_put,42,,,,,,True
rating_downgrade_trigger,0,protective_put,exp,,,,,,True
rating_downgrade_trigger,0,collar,21,,,,,,True
rating_downgrade_trigger,0,collar,42,,,,,,True
rating_downgrade_trigger,0,collar,exp,,,,,,True
rating_downgrade_trigger,0,cash_secured_put,21,,,,,,True
rating_downgrade_trigger,0,cash_secured_put,42,,,,,,True
rating_downgrade_trigger,0,cash_secured_put,exp,,,,,,True
receivership_appointment,0,long_call,21,,,,,,True
receivership_appointment,0,long_call,42,,,,,,True
receivership_appointment,0,long_call,exp,,,,,,True
receivership_appointment,0,covered_call,21,,,,,,True
receivership_appointment,0,covered_call,42,,,,,,True
receivership_appointment,0,covered_call,exp,,,,,,True
receivership_appointment,0,protective_put,21,,,,,,True
receivership_appointment,0,protective_put,42,,,,,,True
receivership_appointment,0,protective_put,exp,,,,,,True
receivership_appointment,0,collar,21,,,,,,True
receivership_appointment,0,collar,42,,,,,,True
receivership_appointment,0,collar,exp,,,,,,True
receivership_appointment,0,cash_secured_put,21,,,,,,True
receivership_appointment,0,cash_secured_put,42,,,,,,True
receivership_appointment,0,cash_secured_put,exp,,,,,,True
regulatory_decision,5,long_call,21,0.08386410328265159,0.012931913947877426,0.15606602245538914,0.0165,0.21649137931034482,True
regulatory_decision,5,long_call,42,0.09346538803838544,-0.005156151907511994,0.18084088763355322,0.0535,0.3769768518518518,True
regulatory_decision,5,long_call,exp,0.14459937829127065,-0.07635640638090001,0.3650632183497856,0.174,0.6543864734299517,True
regulatory_decision,5,covered_call,21,0.048257481124678314,0.0156832496496733,0.07948898090526048,0.0015,0.049630434782608694,True
regulatory_decision,5,covered_call,42,0.053843316079318776,0.016935836164979422,0.08884992648269532,0.003,0.08455555555555555,True
regulatory_decision,5,covered_call,exp,0.022410133978864565,-0.03811122301637375,0.08306126911107713,0.5005,0.8996804029304029,True
regulatory_decision,5,protective_put,21,0.09389890512419566,0.01036601925589743,0.18219033930661316,0.0205,0.2400076923076923,True
regulatory_decision,5,protective_put,42,0.10383387876323001,0.00046398030921270716,0.20362376943606705,0.048,0.35811764705882354,True
regulatory_decision,5,protective_put,exp,,,,,,True
regulatory_decision,5,collar,21,0.02516881408334738,0.0034644961683642523,0.04648838833456552,0.0215,0.24420149253731344,True
regulatory_decision,5,collar,42,0.030904931284030407,0.0056854742242222756,0.05139697873868149,0.022,0.24620588235294114,True
regulatory_decision,5,collar,exp,,,,,,True
regulatory_decision,5,cash_secured_put,21,0.024068849909082434,0.009826184459403912,0.04111899639718229,0.00025,0.013589285714285715,True
regulatory_decision,5,cash_secured_put,42,0.02593282014171187,0.011237882966129922,0.04765567775007421,0.00025,0.013589285714285715,True
regulatory_decision,5,cash_secured_put,exp,,,,,,True
regulatory_investigation,11,long_call,21,0.013077673631751743,-0.009298863090395359,0.03445655241048782,0.232,0.7314918367346939,True
regulatory_investigation,11,long_call,42,0.03674137742788837,-0.015896343855259083,0.09366236958928832,0.178,0.6543864734299517,True
regulatory_investigation,11,long_call,exp,0.03998420081086304,-0.04974991128319422,0.13346108156461803,0.425,0.8644959999999999,True
regulatory_investigation,11,covered_call,21,0.007920140749326862,-0.02347622975912821,0.037161720558861445,0.6015,0.8996804029304029,True
regulatory_investigation,11,covered_call,42,0.008594781349125835,-0.043701882661924055,0.0564236147999566,0.72,0.9035345659163988,True
regulatory_investigation,11,covered_call,exp,0.015388159522440416,-0.04163802927954548,0.06606387153990319,0.5785,0.8996804029304029,True
regulatory_investigation,11,protective_put,21,0.013787429801750637,-0.016528657246349367,0.04223548154865466,0.35,0.8563929577464788,True
regulatory_investigation,11,protective_put,42,0.03202526721140668,-0.03404069195972102,0.09974032440192646,0.341,0.8563929577464788,True
regulatory_investigation,11,protective_put,exp,0.06070148415887673,-0.03173159081756401,0.15752786674816993,0.196,0.6797113636363638,True
regulatory_investigation,11,collar,21,0.0038889823133476152,-0.01109481505930075,0.01771400156130449,0.5805,0.8996804029304029,True
regulatory_investigation,11,collar,42,0.005979116347539301,-0.02313836766550078,0.033482996007584205,0.6805,0.8997239583333333,True
regulatory_investigation,11,collar,exp,0.01086209760811761,-0.02135705616112996,0.039634440007668935,0.4795,0.8943615196078432,True
regulatory_investigation,11,cash_secured_put,21,0.006928823044522622,-0.011926490765215098,0.023390571467784345,0.434,0.8691421052631579,True
regulatory_investigation,11,cash_secured_put,42,0.008877534001234678,-0.0136679960908641,0.030689704342543894,0.433,0.8691421052631579,True
regulatory_investigation,11,cash_secured_put,exp,0.01157865064150562,-0.019841746418927782,0.03653954978714959,0.3955,0.8563929577464788,True
restructuring_plan,14,long_call,21,-4.225971665311641e-05,-0.013862778365626908,0.014627102951059892,0.9845,0.9951538461538462,True
restructuring_plan,14,long_call,42,-0.0014527051759011238,-0.0359619840136373,0.040765549590062185,0.8915,0.9731511789181693,True
restructuring_plan,14,long_call,exp,0.04713016249856131,-0.018512022309753642,0.12422597305493033,0.1735,0.6543864734299517,True
restructuring_plan,14,covered_call,21,0.01559176417964805,-0.0010725073830743967,0.034389085081895976,0.0675,0.40409689922480624,True
restructuring_plan,14,covered_call,42,0.014344745903117552,-0.010018224047604076,0.04204750836613978,0.2635,0.7740209125475286,True
restructuring_plan,14,covered_call,exp,0.05637247803292559,0.014358344319811426,0.09759934939093734,0.01,0.1811904761904762,True
restructuring_plan,14,protective_put,21,0.0009416414578140679,-0.01639916299845223,0.019241396731396812,0.922,0.9731511789181693,True
restructuring_plan,14,protective_put,42,-0.004459447396406184,-0.04520631319563942,0.043737686582395414,0.7945,0.931346923076923,True
restructuring_plan,14,protective_put,exp,0.04394771569178378,-0.028033237578923675,0.13003610382364836,0.2815,0.787579044117647,True
restructuring_plan,14,collar,21,0.005607584439715949,-0.0037560504782663613,0.01465853982349142,0.231,0.7314918367346939,True
restructuring_plan,14,collar,42,0.0039043497924604164,-0.01277060657550337,0.021424208209088108,0.667,0.8997239583333333,True
restructuring_plan,14,collar,exp,0.031570267346172354,-0.0015906596052316791,0.06144369643850165,0.063,0.39596747967479673,True
restructuring_plan,14,cash_secured_put,21,0.010964362607683593,0.0017973930618134875,0.022501019136636432,0.0135,0.19370909090909091,True
restructuring_plan,14,cash_secured_put,42,0.013434831457080621,0.003572134149237552,0.025355979274453766,0.0045,0.1007205882352941,True
restructuring_plan,14,cash_secured_put,exp,0.02568774869986308,0.009503887967094869,0.045062579334348124,0.00025,0.013589285714285715,True
reverse_merger,0,long_call,21,,,,,,True
reverse_merger,0,long_call,42,,,,,,True
reverse_merger,0,long_call,exp,,,,,,True
reverse_merger,0,covered_call,21,,,,,,True
reverse_merger,0,covered_call,42,,,,,,True
reverse_merger,0,covered_call,exp,,,,,,True
reverse_merger,0,protective_put,21,,,,,,True
reverse_merger,0,protective_put,42,,,,,,True
reverse_merger,0,protective_put,exp,,,,,,True
reverse_merger,0,collar,21,,,,,,True
reverse_merger,0,collar,42,,,,,,True
reverse_merger,0,collar,exp,,,,,,True
reverse_merger,0,cash_secured_put,21,,,,,,True
reverse_merger,0,cash_secured_put,42,,,,,,True
reverse_merger,0,cash_secured_put,exp,,,,,,True
rights_offering,0,long_call,21,,,,,,True
rights_offering,0,long_call,42,,,,,,True
rights_offering,0,long_call,exp,,,,,,True
rights_offering,0,covered_call,21,,,,,,True
rights_offering,0,covered_call,42,,,,,,True
rights_offering,0,covered_call,exp,,,,,,True
rights_offering,0,protective_put,21,,,,,,True
rights_offering,0,protective_put,42,,,,,,True
rights_offering,0,protective_put,exp,,,,,,True
rights_offering,0,collar,21,,,,,,True
rights_offering,0,collar,42,,,,,,True
rights_offering,0,collar,exp,,,,,,True
rights_offering,0,cash_secured_put,21,,,,,,True
rights_offering,0,cash_secured_put,42,,,,,,True
rights_offering,0,cash_secured_put,exp,,,,,,True
settlement_agreement,13,long_call,21,-0.00843953668774558,-0.024791140263131024,0.009317572984705655,0.3455,0.8563929577464788,True
settlement_agreement,13,long_call,42,0.014341210019458824,-0.03495895720902154,0.07424190771723183,0.6455,0.8996804029304029,True
settlement_agreement,13,long_call,exp,0.0009138537947772571,-0.07412610271065122,0.1016406136907423,0.9315,0.9744766803840879,True
settlement_agreement,13,covered_call,21,-0.0026547684363945716,-0.01919545312491652,0.015015448700043114,0.7625,0.9145141287284143,True
settlement_agreement,13,covered_call,42,-0.000669441314615913,-0.02840600765521498,0.02695066315858626,0.969,0.9898107382550335,True
settlement_agreement,13,covered_call,exp,-0.00628255009494981,-0.06532200042095439,0.044715235282076035,0.8775,0.9706068313953488,True
settlement_agreement,13,protective_put,21,-0.00983479623487576,-0.031468604094280345,0.013724766662782623,0.391,0.8563929577464788,True
settlement_agreement,13,protective_put,42,0.010979508286093679,-0.046408202806203086,0.07743899149516115,0.765,0.9145141287284143,True
settlement_agreement,13,protective_put,exp,0.02526105251572751,-0.06289616319489899,0.13687455242947127,0.7,0.9035345659163988,True
settlement_agreement,13,collar,21,-0.004411358857608025,-0.01457930745436286,0.005861855237432176,0.3985,0.8563929577464788,True
settlement_agreement,13,collar,42,-0.004240252557167938,-0.02261965027110636,0.014467884209536454,0.6365,0.8996804029304029,True
settlement_agreement,13,collar,exp,0.003283427570459522,-0.027007608588183116,0.03182984182753322,0.8085,0.9323396084337349,True
settlement_agreement,13,cash_secured_put,21,0.002736773288964946,-0.004690768001463922,0.010741235595708724,0.5105,0.8996804029304029,True
settlement_agreement,13,cash_secured_put,42,0.006565246588975517,-0.003674540420594037,0.017177082442330082,0.217,0.7117974137931035,True
settlement_agreement,13,cash_secured_put,exp,-0.002684072343261748,-0.03606327846950691,0.021323003229855423,0.9295,0.9744766803840879,True
share_repurchase_program,13,long_call,21,-0.0063376168671786335,-0.03233302598108686,0.023657743888613088,0.6175,0.8996804029304029,True
share_repurchase_program,13,long_call,42,0.02192357051038059,-0.004669565544889591,0.04700865738535846,0.099,0.4924117647058823,True
share_repurchase_program,13,long_call,exp,0.019042007556253366,-0.04402814589953228,0.08815080169993941,0.621,0.8996804029304029,True
share_repurchase_program,13,covered_call,21,-0.011432676249031451,-0.03328014853192493,0.01360801886593492,0.3425,0.8563929577464788,True
share_repurchase_program,13,covered_call,42,0.04198825983006747,0.024196996085510767,0.05895365814414457,0.00025,0.013589285714285715,True
share_repurchase_program,13,covered_call,exp,0.029530306471910746,-0.015313107470038055,0.07256553864612697,0.2075,0.6987057522123894,True
share_repurchase_program,13,protective_put,21,-0.021131979057814526,-0.047714480519651936,0.00910126283537752,0.157,0.6222760416666667,True
share_repurchase_program,13,protective_put,42,0.03291446032724257,0.005762084983125863,0.060909684269479264,0.02,0.2378125,True
share_repurchase_program,13,protective_put,exp,-0.012210909452555558,-0.07142864767352301,0.045713595711193135,0.6845,0.9012188581314878,True
share_repurchase_program,13,collar,21,-0.01038087847771066,-0.023720893310722,0.0039897880382663425,0.1525,0.6173005319148935,True
share_repurchase_program,13,collar,42,0.024125276350748154,0.008742246649768798,0.039918893807608435,0.001,0.042277777777777775,True
share_repurchase_program,13,collar,exp,0.01550104038677549,-0.023847732140478767,0.05415204565435783,0.45,0.883583762886598,True
share_repurchase_program,13,cash_secured_put,21,-0.0019870540733923202,-0.011539725601190683,0.007989091321758878,0.672,0.8997239583333333,True
share_repurchase_program,13,cash_secured_put,42,0.013845590512967229,-0.0016703965044048117,0.025713865035486762,0.0775,0.43013043478260865,True
share_repurchase_program,13,cash_secured_put,exp,0.0185651501824824,0.0022128800436011023,0.032107717678999316,0.0275,0.2745379746835443,True
shareholder_meeting_notice,0,long_call,21,,,,,,True
shareholder_meeting_notice,0,long_call,42,,,,,,True
shareholder_meeting_notice,0,long_call,exp,,,,,,True
shareholder_meeting_notice,0,covered_call,21,,,,,,True
shareholder_meeting_notice,0,covered_call,42,,,,,,True
shareholder_meeting_notice,0,covered_call,exp,,,,,,True
shareholder_meeting_notice,0,protective_put,21,,,,,,True
shareholder_meeting_notice,0,protective_put,42,,,,,,True
shareholder_meeting_notice,0,protective_put,exp,,,,,,True
shareholder_meeting_notice,0,collar,21,,,,,,True
shareholder_meeting_notice,0,collar,42,,,,,,True
shareholder_meeting_notice,0,collar,exp,,,,,,True
shareholder_meeting_notice,0,cash_secured_put,21,,,,,,True
shareholder_meeting_notice,0,cash_secured_put,42,,,,,,True
shareholder_meeting_notice,0,cash_secured_put,exp,,,,,,True
shareholder_proposal_outcome,15,long_call,21,0.006403974947587899,-0.0068696541918085875,0.02025622557097824,0.353,0.8563929577464788,True
shareholder_proposal_outcome,15,long_call,42,-0.008072068814563458,-0.03540701757886099,0.019281685326808466,0.5585,0.8996804029304029,True
shareholder_proposal_outcome,15,long_call,exp,-0.00852391691000037,-0.054874450935371986,0.0373838163690897,0.717,0.9035345659163988,True
shareholder_proposal_outcome,15,covered_call,21,0.011392843122883694,-0.0024996170059416664,0.024193549908249772,0.1075,0.5128478260869566,True
shareholder_proposal_outcome,15,covered_call,42,-0.004543031997510365,-0.034426022436575186,0.023567606589527508,0.8135,0.9323396084337349,True
shareholder_proposal_outcome,15,covered_call,exp,0.0017719719824942151,-0.04779737534483106,0.04571391866717294,0.8825,0.9718994211287988,True
shareholder_proposal_outcome,15,protective_put,21,0.005650197810681526,-0.012523354710451575,0.02240631583423108,0.5335,0.8996804029304029,True
shareholder_proposal_outcome,15,protective_put,42,-0.009138702150409662,-0.04495895814630831,0.026698566743639452,0.603,0.8996804029304029,True
shareholder_proposal_outcome,15,protective_put,exp,0.009468369230964259,-0.04854982298727422,0.06874314701209457,0.7385,0.9035345659163988,True
shareholder_proposal_outcome,15,collar,21,0.005663421816050109,-0.003248071859803025,0.013511966664432077,0.2095,0.7023325991189426,True
shareholder_proposal_outcome,15,collar,42,-0.0006276126451174539,-0.02010245609220643,0.017696824641781565,0.947,0.9810729729729729,True
shareholder_proposal_outcome,15,collar,exp,0.013393724312925123,-0.01692267443056924,0.04137432603367987,0.3855,0.8563929577464788,True
shareholder_proposal_outcome,15,cash_secured_put,21,0.0048326327395343625,-0.0008496815127869517,0.010258983762393136,0.098,0.4924117647058823,True
shareholder_proposal_outcome,15,cash_secured_put,42,0.0034938945075416424,-0.011287704741236835,0.014437167154976305,0.5645,0.8996804029304029,True
shareholder_proposal_outcome,15,cash_secured_put,exp,-0.008403874935696313,-0.04516113916610713,0.016657035765942324,0.6495,0.8997239583333333,True
shareholder_rights_plan,0,long_call,21,,,,,,True
shareholder_rights_plan,0,long_call,42,,,,,,True
shareholder_rights_plan,0,long_call,exp,,,,,,True
shareholder_rights_plan,0,covered_call,21,,,,,,True
shareholder_rights_plan,0,covered_call,42,,,,,,True
shareholder_rights_plan,0,covered_call,exp,,,,,,True
shareholder_rights_plan,0,protective_put,21,,,,,,True
shareholder_rights_plan,0,protective_put,42,,,,,,True
shareholder_rights_plan,0,protective_put,exp,,,,,,True
shareholder_rights_plan,0,collar,21,,,,,,True
shareholder_rights_plan,0,collar,42,,,,,,True
shareholder_rights_plan,0,collar,exp,,,,,,True
shareholder_rights_plan,0,cash_secured_put,21,,,,,,True
shareholder_rights_plan,0,cash_secured_put,42,,,,,,True
shareholder_rights_plan,0,cash_secured_put,exp,,,,,,True
significant_contract_award,3,long_call,21,,,,,,True
significant_contract_award,3,long_call,42,,,,,,True
significant_contract_award,3,long_call,exp,,,,,,True
significant_contract_award,3,covered_call,21,,,,,,True
significant_contract_award,3,covered_call,42,,,,,,True
significant_contract_award,3,covered_call,exp,,,,,,True
significant_contract_award,3,protective_put,21,,,,,,True
significant_contract_award,3,protective_put,42,,,,,,True
significant_contract_award,3,protective_put,exp,,,,,,True
significant_contract_award,3,collar,21,,,,,,True
significant_contract_award,3,collar,42,,,,,,True
significant_contract_award,3,collar,exp,,,,,,True
significant_contract_award,3,cash_secured_put,21,,,,,,True
significant_contract_award,3,cash_secured_put,42,,,,,,True
significant_contract_award,3,cash_secured_put,exp,,,,,,True
special_meeting_results,5,long_call,21,,,,,,True
special_meeting_results,5,long_call,42,,,,,,True
special_meeting_results,5,long_call,exp,,,,,,True
special_meeting_results,5,covered_call,21,,,,,,True
special_meeting_results,5,covered_call,42,,,,,,True
special_meeting_results,5,covered_call,exp,,,,,,True
special_meeting_results,5,protective_put,21,,,,,,True
special_meeting_results,5,protective_put,42,,,,,,True
special_meeting_results,5,protective_put,exp,,,,,,True
special_meeting_results,5,collar,21,,,,,,True
special_meeting_results,5,collar,42,,,,,,True
special_meeting_results,5,collar,exp,,,,,,True
special_meeting_results,5,cash_secured_put,21,,,,,,True
special_meeting_results,5,cash_secured_put,42,,,,,,True
special_meeting_results,5,cash_secured_put,exp,,,,,,True
spinoff_completion,4,long_call,21,,,,,,True
spinoff_completion,4,long_call,42,,,,,,True
spinoff_completion,4,long_call,exp,,,,,,True
spinoff_completion,4,covered_call,21,,,,,,True
spinoff_completion,4,covered_call,42,,,,,,True
spinoff_completion,4,covered_call,exp,,,,,,True
spinoff_completion,4,protective_put,21,,,,,,True
spinoff_completion,4,protective_put,42,,,,,,True
spinoff_completion,4,protective_put,exp,,,,,,True
spinoff_completion,4,collar,21,,,,,,True
spinoff_completion,4,collar,42,,,,,,True
spinoff_completion,4,collar,exp,,,,,,True
spinoff_completion,4,cash_secured_put,21,,,,,,True
spinoff_completion,4,cash_secured_put,42,,,,,,True
spinoff_completion,4,cash_secured_put,exp,,,,,,True
stock_split,11,long_call,21,,,,,,True
stock_split,11,long_call,42,,,,,,True
stock_split,11,long_call,exp,,,,,,True
stock_split,11,covered_call,21,,,,,,True
stock_split,11,covered_call,42,,,,,,True
stock_split,11,covered_call,exp,,,,,,True
stock_split,11,protective_put,21,,,,,,True
stock_split,11,protective_put,42,,,,,,True
stock_split,11,protective_put,exp,,,,,,True
stock_split,11,collar,21,,,,,,True
stock_split,11,collar,42,,,,,,True
stock_split,11,collar,exp,,,,,,True
stock_split,11,cash_secured_put,21,,,,,,True
stock_split,11,cash_secured_put,42,,,,,,True
stock_split,11,cash_secured_put,exp,,,,,,True
strategic_initiative,14,long_call,21,0.01197283138348967,-0.009084278665722001,0.03932680431892034,0.34,0.8563929577464788,True
strategic_initiative,14,long_call,42,-0.018400543258254375,-0.03723277536541961,0.0015915826083519756,0.0745,0.42309328358208953,True
strategic_initiative,14,long_call,exp,-0.02295422704018848,-0.07296177005187329,0.03698751330227544,0.414,0.8584577656675748,True
strategic_initiative,14,covered_call,21,0.018222311578893445,0.0036996502006990304,0.0329693439672159,0.009,0.1756153846153846,True
strategic_initiative,14,covered_call,42,-0.01670668568345968,-0.05252947227628278,0.013817855385158936,0.329,0.8509831081081082,True
strategic_initiative,14,covered_call,exp,-0.01756951774052836,-0.06021540037527346,0.0192998663517681,0.366,0.8563929577464788,True
strategic_initiative,14,protective_put,21,0.01731694080495739,-0.008575572264018913,0.049629185083635556,0.2495,0.7549603174603174,True
strategic_initiative,14,protective_put,42,-0.02446199867144033,-0.04826489277283895,0.0011440922036434654,0.0605,0.39017372881355933,True
strategic_initiative,14,protective_put,exp,-0.06450244714405257,-0.10901546666500657,-0.020608001154885855,0.0055,0.11958571428571427,True
strategic_initiative,14,collar,21,0.011651073953906868,0.0004407151040185089,0.024118476802528065,0.037,0.32364367816091955,True
strategic_initiative,14,collar,42,-0.006937948824140473,-0.022589391961182852,0.009072303354832797,0.4075,0.8577016574585635,True
strategic_initiative,14,collar,exp,-0.02670855733228552,-0.06123412391597627,0.006822762522097946,0.122,0.5461294117647059,True
strategic_initiative,14,cash_secured_put,21,0.0075514204927380705,0.0024491420852059157,0.012951161763047562,0.0025,0.07927083333333333,True
strategic_initiative,14,cash_secured_put,42,-0.005498995734092186,-0.025482984329899986,0.011150191207667649,0.643,0.8996804029304029,True
strategic_initiative,14,cash_secured_put,exp,0.00273932748956608,-0.0278669059398114,0.02513019240463755,0.81,0.9323396084337349,True
supply_or_distribution_agreement,2,long_call,21,,,,,,True
supply_or_distribution_agreement,2,long_call,42,,,,,,True
supply_or_distribution_agreement,2,long_call,exp,,,,,,True
supply_or_distribution_agreement,2,covered_call,21,,,,,,True
supply_or_distribution_agreement,2,covered_call,42,,,,,,True
supply_or_distribution_agreement,2,covered_call,exp,,,,,,True
supply_or_distribution_agreement,2,protective_put,21,,,,,,True
supply_or_distribution_agreement,2,protective_put,42,,,,,,True
supply_or_distribution_agreement,2,protective_put,exp,,,,,,True
supply_or_distribution_agreement,2,collar,21,,,,,,True
supply_or_distribution_agreement,2,collar,42,,,,,,True
supply_or_distribution_agreement,2,collar,exp,,,,,,True
supply_or_distribution_agreement,2,cash_secured_put,21,,,,,,True
supply_or_distribution_agreement,2,cash_secured_put,42,,,,,,True
supply_or_distribution_agreement,2,cash_secured_put,exp,,,,,,True
tender_offer,12,long_call,21,-0.02317809281118847,-0.04000437573060623,-0.004237872961224837,0.0175,0.22195833333333334,True
tender_offer,12,long_call,42,-0.011171399730229454,-0.03823349652009199,0.018586203197559492,0.4255,0.8644959999999999,True
tender_offer,12,long_call,exp,0.016169996935942347,-0.035902667477321924,0.06880162579793198,0.564,0.8996804029304029,True
tender_offer,12,covered_call,21,-0.04310346925766943,-0.08113260997027788,-0.00541644227776204,0.0195,0.2378125,True
tender_offer,12,covered_call,42,0.008496431082216496,-0.02527254458617182,0.043166469855511716,0.625,0.8996804029304029,True
tender_offer,12,covered_call,exp,0.029797274064792705,-0.015302562293132524,0.069584278923608,0.1765,0.6543864734299517,True
tender_offer,12,protective_put,21,-0.03641233299216764,-0.06481155561757766,-0.007956678155568268,0.0135,0.19370909090909091,True
tender_offer,12,protective_put,42,-0.009504908791663477,-0.04910718297695511,0.031176553799113278,0.6215,0.8996804029304029,True
tender_offer,12,protective_put,exp,-0.004127605703679,-0.08124050300630853,0.07909596717817072,0.898,0.9731511789181693,True
tender_offer,12,collar,21,-0.021983021050119282,-0.03997863080473468,-0.0034211508523958227,0.016,0.2136140350877193,True
tender_offer,12,collar,42,0.004488635672635863,-0.02252229477478299,0.03043749564600816,0.7385,0.9035345659163988,True
tender_offer,12,collar,exp,0.006187294885416382,-0.04080939443653826,0.05294248735319461,0.7815,0.9249167962674961,True
tender_offer,12,cash_secured_put,21,-0.020140265339798662,-0.043434265134944534,-0.0004585695661491695,0.046,0.353865,True
tender_offer,12,cash_secured_put,42,0.004042889457116954,-0.006271130775656604,0.014141426738706228,0.4335,0.8691421052631579,True
tender_offer,12,cash_secured_put,exp,0.004351765567361778,-0.011395323925971106,0.019769401367896802,0.6135,0.8996804029304029,True
trading_plan_10b5_1,10,long_call,21,0.009529189411441812,-0.002808130238457267,0.0223199575867846,0.1335,0.57075,True
trading_plan_10b5_1,10,long_call,42,0.01087239299865947,-0.017424191222003636,0.03885521457719594,0.454,0.8881593830334191,True
trading_plan_10b5_1,10,long_call,exp,0.045923551039564955,-0.005480692826069015,0.09080518733135742,0.0855,0.46088732394366194,True
trading_plan_10b5_1,10,covered_call,21,0.00903654904515421,-0.0007819320338187266,0.018012068603233386,0.068,0.40409689922480624,True
trading_plan_10b5_1,10,covered_call,42,0.007202268695275869,-0.016137687485960662,0.028052799336875985,0.504,0.8996804029304029,True
trading_plan_10b5_1,10,covered_call,exp,0.040082281067293855,0.011226395386619755,0.06515133225038468,0.008,0.16454054054054054,True
trading_plan_10b5_1,10,protective_put,21,0.011972794220738494,-0.002928754863240949,0.02769854358514111,0.115,0.5336280487804879,True
trading_plan_10b5_1,10,protective_put,42,0.009946984858487908,-0.022798276261509865,0.043157376820120816,0.5865,0.8996804029304029,True
trading_plan_10b5_1,10,protective_put,exp,0.0649197286577493,0.006438953975054845,0.1142200873556191,0.028,0.2745379746835443,True
trading_plan_10b5_1,10,collar,21,0.008012092526342152,0.0019887656147864166,0.013872159535244686,0.0095,0.1807375,True
trading_plan_10b5_1,10,collar,42,0.008149751271173991,-0.008197757535620562,0.02494917842566654,0.3375,0.8563929577464788,True
trading_plan_10b5_1,10,collar,exp,0.03719363466100549,0.007611359513343072,0.06075686080772769,0.013,0.19370909090909091,True
trading_plan_10b5_1,10,cash_secured_put,21,0.0020046393865635463,-0.0020121473051842457,0.0059721046271197535,0.3205,0.8410362068965517,True
trading_plan_10b5_1,10,cash_secured_put,42,0.0020469527705253765,-0.004732030339017143,0.008674554996120652,0.5595,0.8996804029304029,True
trading_plan_10b5_1,10,cash_secured_put,exp,0.008690304841736282,0.0005146990261179644,0.016712815903013,0.0405,0.3391413043478261,True
underwriting_agreement,13,long_call,21,-0.011008611763461323,-0.02384439100373753,0.0005192205047211853,0.063,0.39596747967479673,True
underwriting_agreement,13,long_call,42,-0.014631846282809766,-0.038654043998616314,0.010082538678601094,0.233,0.7314918367346939,True
underwriting_agreement,13,long_call,exp,-0.01376032183596505,-0.04730505441265,0.020831614311139557,0.4185,0.8607527027027027,True
underwriting_agreement,13,covered_call,21,-0.006576498844520779,-0.021879385761537085,0.008291892804564731,0.396,0.8563929577464788,True
underwriting_agreement,13,covered_call,42,-0.008082762439833857,-0.03949962708903498,0.02291988700981262,0.6035,0.8996804029304029,True
underwriting_agreement,13,covered_call,exp,0.01645933098554321,-0.02096564775149135,0.05299206791576351,0.3895,0.8563929577464788,True
underwriting_agreement,13,protective_put,21,-0.008320567151497614,-0.021957775910750432,0.004741737867572037,0.216,0.7117974137931035,True
underwriting_agreement,13,protective_put,42,-0.018100769547764538,-0.05245557627267607,0.017937482138183275,0.331,0.8509831081081082,True
underwriting_agreement,13,protective_put,exp,-0.00018175450261281173,-0.05075795887958301,0.05024126568666906,0.9845,0.9951538461538462,True
underwriting_agreement,13,collar,21,-0.001064648528897024,-0.008550261535520109,0.006515847565758069,0.78,0.9249167962674961,True
underwriting_agreement,13,collar,42,-0.0044934443981128214,-0.02607817336266926,0.016408883476626834,0.6635,0.8997239583333333,True
underwriting_agreement,13,collar,exp,0.007126496409808048,-0.028773296933346276,0.03959572748583334,0.668,0.8997239583333333,True
underwriting_agreement,13,cash_secured_put,21,-0.0003346777180069484,-0.007587614424538181,0.007432175124367505,0.892,0.9731511789181693,True
underwriting_agreement,13,cash_secured_put,42,-0.0018143084517914677,-0.017280004400904634,0.012943549559836672,0.826,0.9359620535714286,True
underwriting_agreement,13,cash_secured_put,exp,0.010064876698476386,-0.0011417679548632173,0.02259191110122475,0.0905,0.47562499999999996,True
voluntary_bankruptcy,2,long_call,21,,,,,,True
voluntary_bankruptcy,2,long_call,42,,,,,,True
voluntary_bankruptcy,2,long_call,exp,,,,,,True
voluntary_bankruptcy,2,covered_call,21,,,,,,True
voluntary_bankruptcy,2,covered_call,42,,,,,,True
voluntary_bankruptcy,2,covered_call,exp,,,,,,True
voluntary_bankruptcy,2,protective_put,21,,,,,,True
voluntary_bankruptcy,2,protective_put,42,,,,,,True
voluntary_bankruptcy,2,protective_put,exp,,,,,,True
voluntary_bankruptcy,2,collar,21,,,,,,True
voluntary_bankruptcy,2,collar,42,,,,,,True
voluntary_bankruptcy,2,collar,exp,,,,,,True
voluntary_bankruptcy,2,cash_secured_put,21,,,,,,True
voluntary_bankruptcy,2,cash_secured_put,42,,,,,,True
voluntary_bankruptcy,2,cash_secured_put,exp,,,,,,True
voluntary_delisting,1,long_call,21,,,,,,True
voluntary_delisting,1,long_call,42,,,,,,True
voluntary_delisting,1,long_call,exp,,,,,,True
voluntary_delisting,1,covered_call,21,,,,,,True
voluntary_delisting,1,covered_call,42,,,,,,True
voluntary_delisting,1,covered_call,exp,,,,,,True
voluntary_delisting,1,protective_put,21,,,,,,True
voluntary_delisting,1,protective_put,42,,,,,,True
voluntary_delisting,1,protective_put,exp,,,,,,True
voluntary_delisting,1,collar,21,,,,,,True
voluntary_delisting,1,collar,42,,,,,,True
voluntary_delisting,1,collar,exp,,,,,,True
voluntary_delisting,1,cash_secured_put,21,,,,,,True
voluntary_delisting,1,cash_secured_put,42,,,,,,True
voluntary_delisting,1,cash_secured_put,exp,,,,,,True
warrant_or_conversion,2,long_call,21,,,,,,True
warrant_or_conversion,2,long_call,42,,,,,,True
warrant_or_conversion,2,long_call,exp,,,,,,True
warrant_or_conversion,2,covered_call,21,,,,,,True
warrant_or_conversion,2,covered_call,42,,,,,,True
warrant_or_conversion,2,covered_call,exp,,,,,,True
warrant_or_conversion,2,protective_put,21,,,,,,True
warrant_or_conversion,2,protective_put,42,,,,,,True
warrant_or_conversion,2,protective_put,exp,,,,,,True
warrant_or_conversion,2,collar,21,,,,,,True
warrant_or_conversion,2,collar,42,,,,,,True
warrant_or_conversion,2,collar,exp,,,,,,True
warrant_or_conversion,2,cash_secured_put,21,,,,,,True
warrant_or_conversion,2,cash_secured_put,42,,,,,,True
warrant_or_conversion,2,cash_secured_put,exp,,,,,,True
workforce_reduction,11,long_call,21,0.013430002255698473,-0.013727537594735911,0.046529574653821806,0.3745,0.8563929577464788,True
workforce_reduction,11,long_call,42,-0.001605031793545264,-0.04938109795871524,0.05731501749451003,0.9065,0.9731511789181693,True
workforce_reduction,11,long_call,exp,0.05850751119671138,-0.027927554606420615,0.15503681294940003,0.201,0.6921312217194571,True
workforce_reduction,11,covered_call,21,0.021379585587944533,-0.005854538906468257,0.04776021851236342,0.121,0.5461294117647059,True
workforce_reduction,11,covered_call,42,-0.0012570038181499849,-0.042093096022192134,0.04454491072095992,0.9335,0.9744766803840879,True
workforce_reduction,11,covered_call,exp,0.043200938044578495,-0.01422109431182646,0.09965948452900718,0.1495,0.6149702702702702,True
workforce_reduction,11,protective_put,21,0.001744107650777182,-0.02180218386511695,0.026954429241255955,0.905,0.9731511789181693,True
workforce_reduction,11,protective_put,42,-0.011842345685406219,-0.06817159867121969,0.056103029862358315,0.693,0.9025511945392491,True
workforce_reduction,11,protective_put,exp,0.05170561925875598,-0.05640212404484384,0.1745026615319955,0.3855,0.8563929577464788,True
workforce_reduction,11,collar,21,0.0023733228140817133,-0.00853652419671349,0.014420844393057044,0.7145,0.9035345659163988,True
workforce_reduction,11,collar,42,-0.009588507985263572,-0.03335144284087894,0.01766598582083868,0.4595,0.8884675,True
workforce_reduction,11,collar,exp,0.005323551455273332,-0.038078919392149996,0.04809584463659297,0.7785,0.9249167962674961,True
workforce_reduction,11,cash_secured_put,21,0.013865894803493133,-0.0011035261357222276,0.03086595625709121,0.078,0.43013043478260865,True
workforce_reduction,11,cash_secured_put,42,0.011325939513537085,-0.00667011075933406,0.0317816898863352,0.259,0.7729372549019609,True
workforce_reduction,11,cash_secured_put,exp,0.03263550275496222,0.005360355364793017,0.06130447434324157,0.0145,0.19704464285714288,True
