variant,cost_mult,segment,day,ticker,side,x_night_pp,links,beta,gross_bp,cost_bp,net_bp,pnl,traded,vol5,vol30
V0,1.0,IS,2026-05-06,JETS,long,11.000001430511475,1,1.8173602424562123,-136.84389955089648,7.634720484912435,-144.47862003580892,-144.47862003580892,56347.204849124246,4661518.6242882,27826664.298186168
V0,1.0,IS,2026-05-11,JETS,short,-3.999999165534973,1,1.8415452406479542,269.0878314699768,7.683090481295892,261.4047409886809,261.4047409886809,56830.90481295908,1475054.3169608049,8517830.049969584
V0,1.0,IS,2026-05-18,JETS,short,-6.000000238418579,1,1.8383794622626426,55.736073212208,7.676758924525288,48.05931428768271,48.05931428768271,56767.58924525285,2112727.4170363043,10884129.75409979
V0,1.0,IS,2026-05-22,JETS,long,3.999999165534973,1,1.9317819143082346,-1.5694127130902544,7.86356382861647,-9.432976541706724,-9.432976541706724,58635.638286164685,1953519.5198296162,7373728.418320082
V0,1.0,IS,2026-05-26,JETS,long,7.000000774860382,1,1.9839711647618605,191.56026802361353,7.967942329523709,183.59232569408982,183.59232569408982,59679.42329523721,7361005.175881779,24659714.621721834
V0,1.0,IS,2026-06-01,JETS,long,3.0000001192092896,1,2.0002936120414603,21.723100984898345,8.00058722408292,13.722513760815424,13.722513760815424,60005.87224082921,3385209.541279572,10757573.171337217
V0,1.0,IS,2026-06-11,JETS,short,-8.99999886751175,1,1.6876742097541089,-440.9389165094646,7.375348419508214,-448.3142649289728,-448.3142649289728,53753.48419508217,945667.6763546793,8846270.491449824
V0,1.0,IS,2026-06-15,JETS,long,7.000000029802322,1,1.8026942842267855,-145.55065055269435,7.605388568453577,-153.15603912114793,-153.15603912114793,56053.88568453571,10317718.015071126,27659652.625458635
V0,1.0,IS,2026-07-06,JETS,long,2.0000003278255463,1,1.5324430235614883,-47.890908326616405,7.064886047122975,-54.95579437373938,-54.95579437373938,50648.86047122977,1495411.1630547647,6746375.641173175
V0,1.0,IS,2026-07-09,JETS,short,-2.000001072883606,1,1.4845333105634018,-88.9832200295317,6.9690666211267995,-95.9522866506585,-95.9522866506585,49690.66621126803,2267760.8552318146,8372109.550470725
V0,1.0,IS,2026-07-16,JETS,short,-4.0000006556510925,1,1.426002316276927,-141.3132889373555,6.852004632553843,-148.16529356990935,-148.16529356990935,48520.04632553854,819696.2985368574,7933173.631348206
V0,1.0,IS,2026-07-20,JETS,long,3.999999165534973,1,1.4006137848763247,76.66792061668087,6.801227569752655,69.86669304692822,69.86669304692822,48012.27569752649,513976.44920152787,6191908.460302336
V0,1.0,IS,2026-07-27,JETS,long,7.999998331069946,1,1.5197387309459933,137.95351228839266,7.039477461891977,130.91403482650068,130.91403482650068,50394.774618919866,3144559.984209648,9395994.365755925
V0,1.0,IS,2026-08-03,JETS,long,3.0000001192092896,1,1.4572558401662787,20.76897578481545,6.9145116803325575,13.854464104482892,13.854464104482892,49145.116803325574,4501318.474068398,18972652.23637139
V0,1.0,IS,2026-08-04,JETS,long,2.000001072883606,1,1.454876362865339,-112.63370576844154,6.909752725730684,-119.54345849417223,-119.54345849417223,49097.527257306785,5627166.588626727,13625131.386258861
V0,1.0,OOS,2026-08-27,JETS,long,3.0000001192092896,1,1.3626450373638979,-160.12451756144003,6.725290074727809,-166.84980763616784,-166.84980763616784,47252.900747277956,642724.119788994,3238274.8264187598
V0,1.0,OOS,2026-09-04,GOOGL,long,21.549998968839645,1,1.5093612065957536,-83.31337712005457,7.018722413191512,-90.33209953324608,-90.33209953324608,50187.22413191507,214014785.84640825,733648677.0883002
V0,1.0,OOS,2026-09-04,MSFT,short,-21.549998968839645,1,1.1651034264224593,175.48950548221885,6.330206852844924,169.15929862937392,169.15929862937392,43302.068528449185,327273915.9101504,1007242619.5325081
V0,1.0,OOS,2026-09-08,IWM,short,-3.0000001192092896,1,0.8669187104138246,-12.93517097961472,5.7338374208276495,-18.66900840044237,-18.66900840044237,37338.374208276495,261654777.54161683,819746803.9908856
V0,1.0,OOS,2026-09-18,IWM,short,-4.000002145767212,1,0.8514667282407817,32.82178053052757,5.7029334564815635,27.118847074046005,27.118847074046002,37029.33456481563,545276755.3052672,1234365509.6560292
V0,1.0,OOS,2026-09-21,IWM,long,5.0000011920928955,1,0.8553349209607888,-105.59333953272734,5.710669841921572,-111.30400937464891,-111.30400937464891,37106.698419215776,190361653.1940411,622487449.2247139
V0,1.0,OOS,2026-09-22,JETS,long,2.000001072883606,1,1.4290269638404323,-169.75513860249373,6.8580539276808565,-176.6131925301746,-176.6131925301746,48580.539276808646,2796425.7707390008,12642837.032649323
V0,1.0,OOS,2026-09-25,IWM,long,2.0000040531158447,1,0.9598474343908421,-45.27617239360216,5.919694868781683,-51.19586726238384,-51.19586726238384,39196.94868781684,241140548.99968964,762146226.082143
V0,1.0,OOS,2026-09-28,IWM,short,-2.999997138977051,1,0.9548819491099919,-24.09587310971497,5.909763898219982,-30.00563700793495,-30.00563700793495,39097.63898219984,226364074.58304194,845603435.1168655
V0,1.0,OOS,2026-09-30,IWM,long,13.499999046325684,1,0.9557488148393176,-29.483052001897146,5.911497629678639,-35.394549631575785,-35.394549631575785,39114.97629678635,214710007.11722425,702050525.6763015
V0,1.0,OOS,2026-10-02,IWM,long,6.999999284744263,1,0.9466658989974734,-17.618875489799187,5.893331797994946,-23.512207287794133,-23.512207287794133,38933.31797994947,511985705.35913026,1419358817.990894
V0,1.0,OOS,2026-10-02,TLT,long,3.0000030994415283,1,0.43239512897938454,-52.52192085930011,4.8647902579587665,-57.386711117258876,-57.386711117258876,28647.90257958769,128662165.23529874,579814888.0407156
V0,2.0,IS,2026-05-06,JETS,long,11.000001430511475,1,1.8173602424562123,-136.84389955089648,15.269440969824842,-152.11334052072132,-152.11334052072132,56347.204849124246,4661518.6242882,27826664.298186168
V0,2.0,IS,2026-05-11,JETS,short,-3.999999165534973,1,1.8415452406479542,269.0878314699768,15.366180962591812,253.72165050738496,253.72165050738496,56830.90481295908,1475054.3169608049,8517830.049969584
V0,2.0,IS,2026-05-18,JETS,short,-6.000000238418579,1,1.8383794622626426,55.736073212208,15.353517849050569,40.38255536315743,40.38255536315743,56767.58924525285,2112727.4170363043,10884129.75409979
V0,2.0,IS,2026-05-22,JETS,long,3.999999165534973,1,1.9317819143082346,-1.5694127130902544,15.727127657232938,-17.296540370323193,-17.296540370323193,58635.638286164685,1953519.5198296162,7373728.418320082
V0,2.0,IS,2026-05-26,JETS,long,7.000000774860382,1,1.9839711647618605,191.56026802361353,15.935884659047446,175.62438336456609,175.62438336456609,59679.42329523721,7361005.175881779,24659714.621721834
V0,2.0,IS,2026-06-01,JETS,long,3.0000001192092896,1,2.0002936120414603,21.723100984898345,16.00117444816584,5.721926536732504,5.721926536732504,60005.87224082921,3385209.541279572,10757573.171337217
V0,2.0,IS,2026-06-11,JETS,short,-8.99999886751175,1,1.6876742097541089,-440.9389165094646,14.750696839016427,-455.68961334848103,-455.68961334848103,53753.48419508217,945667.6763546793,8846270.491449824
V0,2.0,IS,2026-06-15,JETS,long,7.000000029802322,1,1.8026942842267855,-145.55065055269435,15.210777136907154,-160.7614276896015,-160.7614276896015,56053.88568453571,10317718.015071126,27659652.625458635
V0,2.0,IS,2026-07-06,JETS,long,2.0000003278255463,1,1.5324430235614883,-47.890908326616405,14.129772094245958,-62.02068042086236,-62.02068042086236,50648.86047122977,1495411.1630547647,6746375.641173175
V0,2.0,IS,2026-07-09,JETS,short,-2.000001072883606,1,1.4845333105634018,-88.9832200295317,13.938133242253613,-102.9213532717853,-102.9213532717853,49690.66621126803,2267760.8552318146,8372109.550470725
V0,2.0,IS,2026-07-16,JETS,short,-4.0000006556510925,1,1.426002316276927,-141.3132889373555,13.704009265107715,-155.01729820246322,-155.01729820246322,48520.04632553854,819696.2985368574,7933173.631348206
V0,2.0,IS,2026-07-20,JETS,long,3.999999165534973,1,1.4006137848763247,76.66792061668087,13.602455139505295,63.06546547717558,63.06546547717558,48012.27569752649,513976.44920152787,6191908.460302336
V0,2.0,IS,2026-07-27,JETS,long,7.999998331069946,1,1.5197387309459933,137.95351228839266,14.078954923783968,123.87455736460869,123.87455736460869,50394.774618919866,3144559.984209648,9395994.365755925
V0,2.0,IS,2026-08-03,JETS,long,3.0000001192092896,1,1.4572558401662787,20.76897578481545,13.829023360665115,6.939952424150334,6.939952424150334,49145.116803325574,4501318.474068398,18972652.23637139
V0,2.0,IS,2026-08-04,JETS,long,2.000001072883606,1,1.454876362865339,-112.63370576844154,13.819505451461353,-126.4532112199029,-126.4532112199029,49097.527257306785,5627166.588626727,13625131.386258861
V0,2.0,OOS,2026-08-27,JETS,long,3.0000001192092896,1,1.3626450373638979,-160.12451756144003,13.45058014945559,-173.57509771089562,-173.57509771089562,47252.900747277956,642724.119788994,3238274.8264187598
V0,2.0,OOS,2026-09-04,GOOGL,long,21.549998968839645,1,1.5093612065957536,-83.31337712005457,14.037444826383009,-97.35082194643758,-97.35082194643758,50187.22413191507,214014785.84640825,733648677.0883002
V0,2.0,OOS,2026-09-04,MSFT,short,-21.549998968839645,1,1.1651034264224593,175.48950548221885,12.660413705689848,162.829091776529,162.829091776529,43302.068528449185,327273915.9101504,1007242619.5325081
V0,2.0,OOS,2026-09-08,IWM,short,-3.0000001192092896,1,0.8669187104138246,-12.93517097961472,11.4676748416553,-24.40284582127002,-24.40284582127002,37338.374208276495,261654777.54161683,819746803.9908856
V0,2.0,OOS,2026-09-18,IWM,short,-4.000002145767212,1,0.8514667282407817,32.82178053052757,11.405866912963127,21.415913617564442,21.415913617564442,37029.33456481563,545276755.3052672,1234365509.6560292
V0,2.0,OOS,2026-09-21,IWM,long,5.0000011920928955,1,0.8553349209607888,-105.59333953272734,11.421339683843158,-117.0146792165705,-117.0146792165705,37106.698419215776,190361653.1940411,622487449.2247139
V0,2.0,OOS,2026-09-22,JETS,long,2.000001072883606,1,1.4290269638404323,-169.75513860249373,13.716107855361741,-183.47124645785547,-183.47124645785547,48580.539276808646,2796425.7707390008,12642837.032649323
V0,2.0,OOS,2026-09-25,IWM,long,2.0000040531158447,1,0.9598474343908421,-45.27617239360216,11.839389737563373,-57.11556213116553,-57.115562131165525,39196.94868781684,241140548.99968964,762146226.082143
V0,2.0,OOS,2026-09-28,IWM,short,-2.999997138977051,1,0.9548819491099919,-24.09587310971497,11.819527796439967,-35.915400906154936,-35.915400906154936,39097.63898219984,226364074.58304194,845603435.1168655
V0,2.0,OOS,2026-09-30,IWM,long,13.499999046325684,1,0.9557488148393176,-29.483052001897146,11.822995259357274,-41.30604726125442,-41.30604726125442,39114.97629678635,214710007.11722425,702050525.6763015
V0,2.0,OOS,2026-10-02,IWM,long,6.999999284744263,1,0.9466658989974734,-17.618875489799187,11.786663595989893,-29.40553908578908,-29.405539085789076,38933.31797994947,511985705.35913026,1419358817.990894
V0,2.0,OOS,2026-10-02,TLT,long,3.0000030994415283,1,0.43239512897938454,-52.52192085930011,9.72958051591754,-62.25150137521765,-62.25150137521766,28647.90257958769,128662165.23529874,579814888.0407156
V1,1.0,IS,2026-05-06,JETS,long,11.000001430511475,1,1.8173602424562123,-125.29352572496748,7.634720484912435,-132.92824620987992,-132.92824620987992,56347.204849124246,4661518.6242882,27826664.298186168
V1,1.0,IS,2026-05-11,JETS,short,-3.999999165534973,1,1.8415452406479542,140.19852644142617,7.68309048129592,132.51543596013025,132.51543596013025,56830.90481295908,1475054.3169608049,8517830.049969584
V1,1.0,IS,2026-05-18,JETS,short,-6.000000238418579,1,1.8383794622626426,-154.25989574873856,7.676758924525274,-161.93665467326383,-161.93665467326383,56767.58924525285,2112727.4170363043,10884129.75409979
V1,1.0,IS,2026-05-22,JETS,long,3.999999165534973,1,1.9317819143082346,-118.27397810582895,7.8635638286164635,-126.13754193444541,-126.13754193444541,58635.638286164685,1953519.5198296162,7373728.418320082
V1,1.0,IS,2026-05-26,JETS,long,7.000000774860382,1,1.9839711647618605,129.36990975899457,7.967942329523723,121.40196742947084,121.40196742947086,59679.42329523721,7361005.175881779,24659714.621721834
V1,1.0,IS,2026-06-01,JETS,long,3.0000001192092896,1,2.0002936120414603,-73.12993325093416,8.00058722408292,-81.13052047501708,-81.13052047501708,60005.87224082921,3385209.541279572,10757573.171337217
V1,1.0,IS,2026-06-11,JETS,short,-8.99999886751175,1,1.6876742097541089,-120.81358511960468,7.375348419508214,-128.1889335391129,-128.1889335391129,53753.48419508217,945667.6763546793,8846270.491449824
V1,1.0,IS,2026-06-15,JETS,long,7.000000029802322,1,1.8026942842267855,3.8420797200264083,7.605388568453571,-3.7633088484271626,-3.7633088484271626,56053.88568453571,10317718.015071126,27659652.625458635
V1,1.0,IS,2026-07-06,JETS,long,2.0000003278255463,1,1.5324430235614883,88.9961540370026,7.064886047122982,81.93126798987961,81.93126798987961,50648.86047122977,1495411.1630547647,6746375.641173175
V1,1.0,IS,2026-07-09,JETS,short,-2.000001072883606,1,1.4845333105634018,-61.66406287257718,6.969066621126807,-68.63312949370399,-68.63312949370399,49690.66621126803,2267760.8552318146,8372109.550470725
V1,1.0,IS,2026-07-16,JETS,short,-4.0000006556510925,1,1.426002316276927,-48.51744265614379,6.85200463255385,-55.36944728869764,-55.36944728869764,48520.04632553854,819696.2985368574,7933173.631348206
V1,1.0,IS,2026-07-20,JETS,long,3.999999165534973,1,1.4006137848763247,-16.75681903395964,6.801227569752651,-23.55804660371229,-23.55804660371229,48012.27569752649,513976.44920152787,6191908.460302336
V1,1.0,IS,2026-07-27,JETS,long,7.999998331069946,1,1.5197387309459933,67.52943576312842,7.039477461891984,60.489958301236435,60.489958301236435,50394.774618919866,3144559.984209648,9395994.365755925
V1,1.0,IS,2026-08-03,JETS,long,3.0000001192092896,1,1.4572558401662787,84.49465395775381,6.914511680332552,77.58014227742126,77.58014227742126,49145.116803325574,4501318.474068398,18972652.23637139
V1,1.0,IS,2026-08-04,JETS,long,2.000001072883606,1,1.454876362865339,-52.79122255904016,6.909752725730677,-59.700975284770834,-59.70097528477083,49097.527257306785,5627166.588626727,13625131.386258861
V1,1.0,OOS,2026-08-27,JETS,long,3.0000001192092896,1,1.3626450373638979,-42.12671095698532,6.725290074727795,-48.852001031713115,-48.852001031713115,47252.900747277956,642724.119788994,3238274.8264187598
V1,1.0,OOS,2026-09-04,GOOGL,long,21.549998968839645,1,1.5093612065957536,-31.12337288198692,7.018722413191508,-38.14209529517843,-38.14209529517843,50187.22413191507,214014785.84640825,733648677.0883002
V1,1.0,OOS,2026-09-04,MSFT,short,-21.549998968839645,1,1.1651034264224593,107.66480024368784,6.330206852844924,101.33459339084291,101.33459339084291,43302.068528449185,327273915.9101504,1007242619.5325081
V1,1.0,OOS,2026-09-08,IWM,short,-3.0000001192092896,1,0.8669187104138246,-7.6520245679502645,5.73383742082765,-13.385861988777915,-13.385861988777915,37338.374208276495,261654777.54161683,819746803.9908856
V1,1.0,OOS,2026-09-18,IWM,short,-4.000002145767212,1,0.8514667282407817,48.43963926065595,5.70293345648156,42.73670580417439,42.73670580417439,37029.33456481563,545276755.3052672,1234365509.6560292
V1,1.0,OOS,2026-09-21,IWM,long,5.0000011920928955,1,0.8553349209607888,-42.78599722575515,5.710669841921579,-48.49666706767673,-48.49666706767673,37106.698419215776,190361653.1940411,622487449.2247139
V1,1.0,OOS,2026-09-22,JETS,long,2.000001072883606,1,1.4290269638404323,-41.746453460049764,6.858053927680864,-48.60450738773063,-48.60450738773063,48580.539276808646,2796425.7707390008,12642837.032649323
V1,1.0,OOS,2026-09-25,IWM,long,2.0000040531158447,1,0.9598474343908421,-28.507662701967785,5.919694868781686,-34.42735757074947,-34.42735757074947,39196.94868781684,241140548.99968964,762146226.082143
V1,1.0,OOS,2026-09-28,IWM,short,-2.999997138977051,1,0.9548819491099919,5.475113464601032,5.909763898219984,-0.43465043361895184,-0.4346504336189519,39097.63898219984,226364074.58304194,845603435.1168655
V1,1.0,OOS,2026-09-30,IWM,long,13.499999046325684,1,0.9557488148393176,-50.35290929912039,5.911497629678635,-56.264406928799026,-56.26440692879902,39114.97629678635,214710007.11722425,702050525.6763015
V1,1.0,OOS,2026-10-02,IWM,long,6.999999284744263,1,0.9466658989974734,4.61889859875442,5.893331797994946,-1.2744331992405264,-1.2744331992405264,38933.31797994947,511985705.35913026,1419358817.990894
V1,1.0,OOS,2026-10-02,TLT,long,3.0000030994415283,1,0.43239512897938454,26.472310092086715,4.86479025795877,21.607519834127945,21.607519834127945,28647.90257958769,128662165.23529874,579814888.0407156
V1,2.0,IS,2026-05-06,JETS,long,11.000001430511475,1,1.8173602424562123,-125.29352572496748,15.269440969824842,-140.56296669479232,-140.56296669479232,56347.204849124246,4661518.6242882,27826664.298186168
V1,2.0,IS,2026-05-11,JETS,short,-3.999999165534973,1,1.8415452406479542,140.19852644142617,15.366180962591812,124.83234547883436,124.83234547883436,56830.90481295908,1475054.3169608049,8517830.049969584
V1,2.0,IS,2026-05-18,JETS,short,-6.000000238418579,1,1.8383794622626426,-154.25989574873856,15.353517849050576,-169.61341359778913,-169.61341359778913,56767.58924525285,2112727.4170363043,10884129.75409979
V1,2.0,IS,2026-05-22,JETS,long,3.999999165534973,1,1.9317819143082346,-118.27397810582895,15.727127657232927,-134.00110576306187,-134.00110576306187,58635.638286164685,1953519.5198296162,7373728.418320082
V1,2.0,IS,2026-05-26,JETS,long,7.000000774860382,1,1.9839711647618605,129.36990975899457,15.935884659047446,113.43402509994712,113.43402509994712,59679.42329523721,7361005.175881779,24659714.621721834
V1,2.0,IS,2026-06-01,JETS,long,3.0000001192092896,1,2.0002936120414603,-73.12993325093416,16.00117444816584,-89.1311076991,-89.1311076991,60005.87224082921,3385209.541279572,10757573.171337217
V1,2.0,IS,2026-06-11,JETS,short,-8.99999886751175,1,1.6876742097541089,-120.81358511960468,14.750696839016427,-135.5642819586211,-135.5642819586211,53753.48419508217,945667.6763546793,8846270.491449824
V1,2.0,IS,2026-06-15,JETS,long,7.000000029802322,1,1.8026942842267855,3.8420797200264083,15.210777136907142,-11.368697416880734,-11.368697416880734,56053.88568453571,10317718.015071126,27659652.625458635
V1,2.0,IS,2026-07-06,JETS,long,2.0000003278255463,1,1.5324430235614883,88.9961540370026,14.12977209424595,74.86638194275665,74.86638194275665,50648.86047122977,1495411.1630547647,6746375.641173175
V1,2.0,IS,2026-07-09,JETS,short,-2.000001072883606,1,1.4845333105634018,-61.66406287257718,13.938133242253606,-75.60219611483079,-75.60219611483079,49690.66621126803,2267760.8552318146,8372109.550470725
V1,2.0,IS,2026-07-16,JETS,short,-4.0000006556510925,1,1.426002316276927,-48.51744265614379,13.704009265107707,-62.2214519212515,-62.2214519212515,48520.04632553854,819696.2985368574,7933173.631348206
V1,2.0,IS,2026-07-20,JETS,long,3.999999165534973,1,1.4006137848763247,-16.75681903395964,13.602455139505299,-30.35927417346494,-30.35927417346494,48012.27569752649,513976.44920152787,6191908.460302336
V1,2.0,IS,2026-07-27,JETS,long,7.999998331069946,1,1.5197387309459933,67.52943576312842,14.078954923783975,53.45048083934444,53.45048083934444,50394.774618919866,3144559.984209648,9395994.365755925
V1,2.0,IS,2026-08-03,JETS,long,3.0000001192092896,1,1.4572558401662787,84.49465395775381,13.829023360665119,70.6656305970887,70.6656305970887,49145.116803325574,4501318.474068398,18972652.23637139
V1,2.0,IS,2026-08-04,JETS,long,2.000001072883606,1,1.454876362865339,-52.79122255904016,13.81950545146136,-66.61072801050152,-66.61072801050152,49097.527257306785,5627166.588626727,13625131.386258861
V1,2.0,OOS,2026-08-27,JETS,long,3.0000001192092896,1,1.3626450373638979,-42.12671095698532,13.45058014945559,-55.57729110644091,-55.57729110644091,47252.900747277956,642724.119788994,3238274.8264187598
V1,2.0,OOS,2026-09-04,GOOGL,long,21.549998968839645,1,1.5093612065957536,-31.12337288198692,14.037444826383012,-45.16081770836993,-45.16081770836993,50187.22413191507,214014785.84640825,733648677.0883002
V1,2.0,OOS,2026-09-04,MSFT,short,-21.549998968839645,1,1.1651034264224593,107.66480024368784,12.660413705689834,95.004386537998,95.004386537998,43302.068528449185,327273915.9101504,1007242619.5325081
V1,2.0,OOS,2026-09-08,IWM,short,-3.0000001192092896,1,0.8669187104138246,-7.6520245679502645,11.467674841655299,-19.119699409605563,-19.119699409605563,37338.374208276495,261654777.54161683,819746803.9908856
V1,2.0,OOS,2026-09-18,IWM,short,-4.000002145767212,1,0.8514667282407817,48.43963926065595,11.405866912963127,37.033772347692825,37.033772347692825,37029.33456481563,545276755.3052672,1234365509.6560292
V1,2.0,OOS,2026-09-21,IWM,long,5.0000011920928955,1,0.8553349209607888,-42.78599722575515,11.421339683843158,-54.20733690959831,-54.20733690959831,37106.698419215776,190361653.1940411,622487449.2247139
V1,2.0,OOS,2026-09-22,JETS,long,2.000001072883606,1,1.4290269638404323,-41.746453460049764,13.716107855361727,-55.46256131541149,-55.46256131541149,48580.539276808646,2796425.7707390008,12642837.032649323
V1,2.0,OOS,2026-09-25,IWM,long,2.0000040531158447,1,0.9598474343908421,-28.507662701967785,11.83938973756337,-40.347052439531154,-40.347052439531154,39196.94868781684,241140548.99968964,762146226.082143
V1,2.0,OOS,2026-09-28,IWM,short,-2.999997138977051,1,0.9548819491099919,5.475113464601032,11.819527796439967,-6.344414331838935,-6.344414331838935,39097.63898219984,226364074.58304194,845603435.1168655
V1,2.0,OOS,2026-09-30,IWM,long,13.499999046325684,1,0.9557488148393176,-50.35290929912039,11.82299525935727,-62.17590455847766,-62.17590455847767,39114.97629678635,214710007.11722425,702050525.6763015
V1,2.0,OOS,2026-10-02,IWM,long,6.999999284744263,1,0.9466658989974734,4.61889859875442,11.786663595989893,-7.167764997235473,-7.167764997235473,38933.31797994947,511985705.35913026,1419358817.990894
V1,2.0,OOS,2026-10-02,TLT,long,3.0000030994415283,1,0.43239512897938454,26.472310092086715,9.72958051591754,16.742729576169175,16.742729576169175,28647.90257958769,128662165.23529874,579814888.0407156
V2,1.0,IS,2026-01-05,JETS,short,-8.000000566244125,1,1.2254528473515425,-233.26575780677146,6.450905694703096,-239.71666350147456,-239.71666350147453,44509.05694703085,1589507.608,14116383.7106
V2,1.0,IS,2026-01-05,SMH,short,-3.0000001192092896,1,2.2153430678718147,139.39077128031875,8.430686135743628,130.96008514457512,130.96008514457512,64306.8613574363,149102089.55159998,537489238.823
V2,1.0,IS,2026-01-05,TSM,short,-3.0000001192092896,1,2.073713586172246,279.5883560761711,8.147427172344521,271.4409289038266,271.4409289038266,61474.27172344492,596935755.0684,1433741950.9194002
V2,1.0,IS,2026-01-06,JETS,long,3.4999996423721313,1,1.2547485592558476,-32.69495222176613,6.509497118511696,-39.204449340277826,-39.204449340277826,45094.97118511695,575292.978,10074479.993500002
V2,1.0,IS,2026-01-09,JETS,short,-2.4999991059303284,1,1.33160171168793,-0.07342109210487467,6.66320342337586,-6.7366245154807345,-6.7366245154807345,46632.0342337586,1372391.8089,7133999.469200001
V2,1.0,IS,2026-01-12,JETS,long,3.0000001192092896,1,1.3635580926666886,-86.73561001313797,6.727116185333372,-93.46272619847134,-93.46272619847134,47271.161853333775,3533110.1652,12565388.780300003
V2,1.0,IS,2026-01-13,COIN,short,-8.500003814697266,1,3.560708750097785,-380.9363555738496,17.121417500195548,-398.05777307404514,-398.05777307404514,91214.1750019557,107765778.6582,311079843.867
V2,1.0,IS,2026-01-13,GLXY,short,-8.500003814697266,1,4.22506613058132,-562.3785819294599,18.450132261162594,-580.8287141906225,-580.8287141906225,104501.3226116264,3324891.1580000003,11782389.1965
V2,1.0,IS,2026-01-13,HOOD,short,-8.500003814697266,1,4.347575621419164,-350.67709883963516,18.695151242838335,-369.3722500824735,-369.3722500824735,106951.51242838328,81410121.1872,332173397.2225
V2,1.0,IS,2026-01-14,ITA,short,-38.999998569488525,1,1.1925844188628363,-94.42499620049547,6.385168837725672,-100.81016503822114,-100.81016503822114,43851.68837725672,12921089.6376,34135596.3585
V2,1.0,IS,2026-01-15,COIN,long,16.00000262260437,1,3.4664554957933427,-332.4539414518929,16.93291099158671,-349.3868524434796,-349.3868524434796,89329.10991586685,113835259.4568,437013024.944
V2,1.0,IS,2026-01-15,GLXY,long,16.00000262260437,1,4.096357106594135,749.6792398216915,18.19271421318831,731.4865256085031,731.4865256085031,101927.14213188269,31017142.8063,68970199.3679
V2,1.0,IS,2026-01-15,HOOD,long,16.00000262260437,1,4.364121983095873,-623.178238430745,18.728243966191712,-641.9064823969367,-641.9064823969367,107282.43966191747,105195532.2873,393409905.7593
V2,1.0,IS,2026-01-16,COIN,long,12.000000476837158,1,3.4376392919312733,173.02236193637611,16.875278583862553,156.14708335251356,156.14708335251356,88752.78583862545,119145641.9562,291315599.3311
V2,1.0,IS,2026-01-16,GLXY,long,12.000000476837158,1,4.1512324042572075,594.5637937722132,18.3024648085144,576.2613289636988,576.2613289636988,103024.64808514414,38587564.982200004,101593296.3967
V2,1.0,IS,2026-01-16,HOOD,long,12.000000476837158,1,4.285850139932346,-77.69846349640417,18.5717002798647,-96.27016377626887,-96.27016377626887,105717.0027986469,225327030.897,701377774.7269001
V2,1.0,IS,2026-01-20,ITA,long,6.000000238418579,1,1.1759793538839824,-86.00444286851457,6.351958707767963,-92.35640157628254,-92.35640157628254,43519.58707767965,31844276.51,81359642.668
V2,1.0,IS,2026-01-22,COIN,long,5.500000715255737,1,3.1363401085275395,-193.3770648864461,16.27268021705507,-209.64974510350117,-209.64974510350117,82726.80217055079,68270983.434,232191689.9911
V2,1.0,IS,2026-01-22,GLXY,long,5.500000715255737,1,3.6755337997686945,-622.6803398396044,17.351067599537373,-640.0314074391417,-640.0314074391417,93510.6759953739,5317320.9265,19161669.1329
V2,1.0,IS,2026-01-22,HOOD,long,5.500000715255737,1,3.663306693566406,-60.93315767358296,17.326613387132817,-78.25977106071578,-78.25977106071578,93266.13387132813,54349999.3606,238048948.12399998
V2,1.0,IS,2026-01-23,COIN,long,2.5000005960464478,1,2.907801115569997,-301.65252262092775,15.81560223114002,-317.4681248520678,-317.4681248520678,78156.02231139994,126971696.6931,389218328.2749
V2,1.0,IS,2026-01-23,GLXY,long,2.5000005960464478,1,3.570193597214976,468.88802560214435,17.140387194429934,451.7476384077144,451.74763840771436,91403.87194429952,5719322.112,30153148.4232
V2,1.0,IS,2026-01-23,HOOD,long,2.5000005960464478,1,3.6098766009131134,-44.9391821797859,17.219753201826222,-62.158935381612125,-62.158935381612125,92197.53201826225,63692945.4391,280382780.40059996
V2,1.0,IS,2026-01-26,COIN,long,10.000002384185791,1,2.931022188259728,-30.84446343514664,15.86204437651946,-46.7065078116661,-46.7065078116661,78620.44376519456,95826338.2544,235066364.7513
V2,1.0,IS,2026-01-26,GLXY,long,10.000002384185791,1,3.6464673803786174,-221.63660271174516,17.29293476075722,-238.92953747250237,-238.92953747250237,92929.34760757234,4154684.2308,17963454.6376
V2,1.0,IS,2026-01-26,HOOD,long,10.000002384185791,1,3.5898657463040897,-44.83647248536166,17.179731492608177,-62.01620397796984,-62.01620397796984,91797.3149260818,76246194.4578,235956620.46269998
V2,1.0,IS,2026-01-26,ITA,short,-5.499999225139618,1,1.1196302664063773,90.56293013158599,6.23926053281275,84.32366959877324,84.32366959877324,42392.605328127545,11577998.7477,30292467.8839
V2,1.0,IS,2026-01-26,SMH,short,-2.0000003278255463,1,2.135198175460311,57.85575704785652,8.27039635092062,49.5853606969359,49.5853606969359,62703.96350920622,71951828.0475,242065995.355
V2,1.0,IS,2026-01-26,TSM,short,-2.0000003278255463,1,1.8036092228436154,58.88945582088382,7.607218445687231,51.28223737519659,51.28223737519659,56072.18445687231,176549846.69500002,478566820.585
V2,1.0,IS,2026-01-27,JETS,short,-3.0000001192092896,1,1.418432989114641,191.98408903043446,6.83686597822927,185.1472230522052,185.1472230522052,48368.65978229282,2852326.0728,13070569.9692
V2,1.0,IS,2026-01-29,COIN,long,2.0000040531158447,1,2.8257631561435175,-267.5887617442704,15.651526312287046,-283.24028805655746,-283.24028805655746,76515.26312287035,105061317.5,349285345.4276
V2,1.0,IS,2026-01-29,GLXY,long,2.0000040531158447,1,3.646455676206114,-189.82078974080025,17.292911352412233,-207.11370109321248,-207.11370109321248,92929.1135241223,6234885.545,20458693.280599996
V2,1.0,IS,2026-01-29,HOOD,long,2.0000040531158447,1,3.534085388069841,-124.73208761482623,17.068170776139667,-141.8002583909659,-141.8002583909659,90681.70776139681,76289283.161,391178490.816
V2,1.0,IS,2026-01-30,ITA,long,4.500000178813934,1,1.1294355023817482,53.12360898788564,6.258871004763499,46.86473798312214,46.86473798312214,42588.710047634966,7482103.3154,18708568.7726
V2,1.0,IS,2026-01-30,COIN,short,-3.50000262260437,1,2.8085166239201733,194.68549177616234,15.61703324784034,179.068458528322,179.068458528322,76170.33247840346,51582728.2062,180307604.1635
V2,1.0,IS,2026-01-30,GLXY,short,-3.50000262260437,1,3.6713222027382257,298.3111668776244,17.34264440547645,280.9685224721479,280.9685224721479,93426.44405476452,5223885.236,15863386.9654
V2,1.0,IS,2026-01-30,HOOD,short,-3.50000262260437,1,3.4853365186096417,320.8308379284924,16.970673037219285,303.8601648912731,303.8601648912731,89706.73037219283,75798467.8224,351390560.6279
V2,1.0,IS,2026-01-30,JETS,short,-3.500000387430191,1,1.367665433162258,96.82913010381736,6.735330866324517,90.09379923749285,90.09379923749285,47353.30866324515,1626651.1557,7798929.2691
V2,1.0,IS,2026-02-02,ITA,short,-4.999999701976776,1,1.1324313735621252,90.71746828278289,6.264862747124255,84.45260553565863,84.45260553565863,42648.62747124251,13276863.700399999,33885178.7176
V2,1.0,IS,2026-02-02,COIN,long,4.000002145767212,1,2.8319997853136707,-345.0099276404488,15.663999570627368,-360.67392721107615,-360.67392721107615,76639.99570627342,142231653.8648,424871176.7317
V2,1.0,IS,2026-02-02,GLXY,long,4.000002145767212,1,3.7214140353389205,-484.54642905657573,17.44282807067782,-501.98925712725355,-501.98925712725355,94428.28070677842,8798416.5503,30131481.837500002
V2,1.0,IS,2026-02-02,HOOD,long,4.000002145767212,1,3.484888928850709,-919.8073365077862,16.969777857701388,-936.7771143654876,-936.7771143654876,89697.77857701418,286153883.40000004,1238711875.6934001
V2,1.0,IS,2026-02-03,COIN,short,-5.500000715255737,1,2.6543899875991936,216.84695354591705,15.308779975198377,201.53817357071867,201.53817357071867,73087.79975198387,67567895.713,284476000.0473
V2,1.0,IS,2026-02-03,GLXY,short,-5.500000715255737,1,3.3499059831815674,959.8815287563583,16.699811966363086,943.1817167899952,943.1817167899951,86998.11966363135,11873496.448,66386192.711
V2,1.0,IS,2026-02-03,HOOD,short,-5.500000715255737,1,3.229106834442907,25.903348848365994,16.458213668885815,9.445135179480179,9.445135179480179,84582.13668885815,107287263.77209999,443192123.16249996
V2,1.0,IS,2026-02-04,COIN,long,6.999999284744263,1,2.649568891148558,-265.22593295575507,15.299137782297123,-280.5250707380522,-280.5250707380522,72991.37782297116,101708979.56120001,347845426.292
V2,1.0,IS,2026-02-04,GLXY,long,6.999999284744263,1,3.750656120138938,-407.0981091293065,17.501312240277855,-424.5994213695844,-424.5994213695844,95013.12240277877,7845882.2324,33693061.205000006
V2,1.0,IS,2026-02-04,HOOD,long,6.999999284744263,1,3.179046680254571,-298.30839706606156,16.358093360509145,-314.6664904265707,-314.6664904265707,83580.93360509141,165294710.0943,711115174.4312
V2,1.0,IS,2026-02-05,ITA,short,-2.4999991059303284,1,1.0989095281897425,-83.81895403945435,6.197819056379487,-90.01677309583384,-90.01677309583384,41978.19056379485,11649053.4722,41479169.1057
V2,1.0,IS,2026-02-09,COIN,long,2.499997615814209,1,3.4748285501068303,218.23834752791743,16.94965710021367,201.28869042770376,201.28869042770376,89496.5710021366,102151033.9372,273515603.4957
V2,1.0,IS,2026-02-09,GLXY,long,2.499997615814209,1,5.178855782601461,600.1913220660392,20.357711565202976,579.8336105008362,579.8336105008362,123577.11565202923,4765297.7929,23818535.311800003
V2,1.0,IS,2026-02-09,HOOD,long,2.499997615814209,1,3.737571529853585,-43.67698047111835,17.47514305970717,-61.15212353082552,-61.15212353082552,94751.4305970717,215236389.968,758903256.6708
V2,1.0,IS,2026-02-10,ITA,short,-2.000001072883606,1,1.1937691540428241,45.81145024387437,6.387538308085645,39.42391193578872,39.42391193578872,43875.38308085649,7208910.2775,20353331.5633
V2,1.0,IS,2026-02-11,ITA,short,-2.499999850988388,1,1.1991966230578772,72.08820040877463,6.398393246115759,65.68980716265887,65.68980716265887,43983.93246115754,4700458.3041,15580280.091900002
V2,1.0,IS,2026-02-12,COIN,short,-2.999997138977051,1,3.529989851262682,136.79148647538304,17.059979702525368,119.73150677285767,119.73150677285767,90599.79702525365,72850251.18710001,295570953.12299997
V2,1.0,IS,2026-02-12,GLXY,short,-2.999997138977051,1,5.0521858134312865,-839.265637247086,20.10437162686253,-859.3700088739486,-859.3700088739487,121043.71626862574,2963533.1319,12407551.774099998
V2,1.0,IS,2026-02-12,HOOD,short,-2.999997138977051,1,3.7269032727984293,295.0395105422088,17.453806545596876,277.5857039966119,277.5857039966119,94538.06545596858,149761756.22489998,612271134.7174
V2,1.0,IS,2026-02-13,COIN,long,3.0000030994415283,1,3.5977142435274176,704.4100277233191,17.19542848705487,687.2145992362642,687.2145992362642,91954.28487054835,230081892.87600002,723000379.7688999
V2,1.0,IS,2026-02-13,GLXY,long,3.0000030994415283,1,4.69750281293766,570.4014433487401,19.395005625875342,551.0064377228648,551.0064377228648,113950.0562587532,2848385.2826,12098354.201399999
V2,1.0,IS,2026-02-13,HOOD,long,3.0000030994415283,1,3.8379467107249323,487.6228102803113,17.67589342144987,469.9469168588614,469.9469168588614,96758.93421449864,152863446.7933,634699451.4001
V2,1.0,IS,2026-02-18,COIN,long,8.99999737739563,1,3.6268232699951914,-201.29938854466738,17.2536465399904,-218.55303508465778,-218.55303508465778,92536.46539990383,61193519.2635,279180217.1008
V2,1.0,IS,2026-02-18,GLXY,long,8.99999737739563,1,4.879811723341279,-33.92790126374587,19.75962344668256,-53.687524710428434,-53.687524710428434,117596.23446682558,2027259.8918,7840939.9329
V2,1.0,IS,2026-02-18,HOOD,long,8.99999737739563,1,3.8907006482876385,-75.26502377908135,17.781401296575282,-93.04642507565663,-93.04642507565663,97814.01296575277,72054986.4141,299203289.49509996
V2,1.0,IS,2026-02-19,COIN,short,-14.000004529953003,1,3.619616502850768,-178.88210444901063,17.23923300570152,-196.12133745471215,-196.12133745471215,92392.33005701535,41418013.8126,215355064.9227
V2,1.0,IS,2026-02-19,GLXY,short,-14.000004529953003,1,4.887595486085556,-68.38493023896932,19.775190972171103,-88.16012121114042,-88.16012121114042,117751.90972171111,2648508.6807,8794025.1005
V2,1.0,IS,2026-02-19,HOOD,short,-14.000004529953003,1,3.8404422447678894,-129.84456958711854,17.68088448953577,-147.5254540766543,-147.5254540766543,96808.84489535778,59912263.62940001,261426686.27019998
V2,1.0,IS,2026-02-19,JETS,short,-3.0000001192092896,1,1.4648019622898252,283.7065214862634,6.929603924579624,276.7769175616838,276.7769175616838,49296.039245796506,941295.079,8941454.4021
V2,1.0,IS,2026-02-20,COIN,short,-11.499994993209839,1,3.5216408260419665,-29.052872989044353,17.043281652083934,-46.09615464112829,-46.09615464112829,90432.81652083933,61376166.172000006,254439349.0643
V2,1.0,IS,2026-02-20,GLXY,short,-11.499994993209839,1,4.936712078493093,639.7109084970228,19.873424156986175,619.8374843400367,619.8374843400367,118734.24156986186,1619677.9576,9874025.1704
V2,1.0,IS,2026-02-20,HOOD,short,-11.499994993209839,1,3.613732323407097,246.5256992940644,17.227464646814184,229.2982346472502,229.2982346472502,92274.64646814195,106322409.9496,381180038.32780004
V2,1.0,IS,2026-02-23,COIN,short,-28.499996662139893,1,3.616752052895249,70.68648853503036,17.2335041057905,53.45298442923986,53.45298442923987,92335.04105790498,84703693.5794159,294848340.05022365
V2,1.0,IS,2026-02-23,GLXY,short,-28.499996662139893,1,5.052230666687255,-262.3837291742076,20.104461333374502,-282.4881905075821,-282.4881905075821,121044.6133337451,2295963.2941028555,10242057.684420014
V2,1.0,IS,2026-02-23,HOOD,short,-28.499996662139893,1,3.6452898804789076,87.44647093986663,17.29057976095781,70.15589117890882,70.15589117890882,92905.79760957815,62998921.377439775,426189090.2638184
V2,1.0,IS,2026-02-26,COIN,long,4.000002145767212,1,3.9730604871881976,205.99677216453514,17.946120974376385,188.05065119015876,188.05065119015876,99461.20974376395,86458622.85447247,378094276.959074
V2,1.0,IS,2026-02-26,GLXY,long,4.000002145767212,1,5.252676746509609,29.521754174125885,20.505353493019218,9.016400681106667,9.016400681106667,125053.53493019218,3374156.964464114,13826768.770789862
V2,1.0,IS,2026-02-26,HOOD,long,4.000002145767212,1,3.513119835381532,527.589203794007,17.02623967076306,510.5629641232439,510.56296412324394,90262.39670763064,72417734.08592978,266425564.00907204
V2,1.0,IS,2026-03-02,COIN,long,21.99999988079071,1,3.882107523440311,295.2166993621364,17.764215046880622,277.4524843152558,277.4524843152558,97642.15046880623,83831978.49518208,301182012.6225068
V2,1.0,IS,2026-03-02,GLXY,long,21.99999988079071,1,5.2863633687244045,267.5871955486066,20.572726737448818,247.01446881115777,247.01446881115777,125727.26737448809,2764383.441141941,8235431.946824892
V2,1.0,IS,2026-03-02,HOOD,long,21.99999988079071,1,3.4236607069251375,332.2859269024137,16.847321413850295,315.4386054885634,315.4386054885634,88473.21413850274,117317416.88615441,366416831.8566978
V2,1.0,IS,2026-03-03,COIN,long,3.4999966621398926,1,3.8836216022417287,-15.274924835657345,17.767243204483457,-33.0421680401408,-33.0421680401408,97672.43204483457,72292331.4674028,257212915.60309514
V2,1.0,IS,2026-03-03,GLXY,long,3.4999966621398926,1,5.285649552621282,-410.3542048145444,20.571299105242588,-430.925503919787,-430.92550391978693,125712.99105242564,1593160.3686786974,6431381.340403773
V2,1.0,IS,2026-03-03,HOOD,long,3.4999966621398926,1,3.4157514605682233,10.554145049670344,16.831502921136448,-6.277357871466103,-6.277357871466103,88315.02921136447,98930404.91202463,276278970.06286967
V2,1.0,IS,2026-03-03,ITA,long,2.0000003278255463,1,0.9622912610955467,-226.44106662560782,5.924582522191088,-232.3656491477989,-232.3656491477989,39245.825221910934,30619324.94381384,96297354.7995641
V2,1.0,IS,2026-03-04,JETS,short,-3.999999165534973,1,1.4430814553234879,218.98187047600373,6.886162910646988,212.09570756535675,212.09570756535675,48861.62910646975,3085713.262843459,8936495.855818614
V2,1.0,IS,2026-03-04,COIN,long,3.4999966621398926,1,3.749558905800789,467.3474957972151,17.499117811601593,449.8483779856135,449.8483779856135,94991.17811601578,539716296.0929574,1134121506.5192032
V2,1.0,IS,2026-03-04,GLXY,long,3.4999966621398926,1,5.222803565109179,900.3222966187058,20.445607130218377,879.8766894884874,879.8766894884873,124456.07130218358,4662694.921475185,19338888.30976481
V2,1.0,IS,2026-03-04,HOOD,long,3.4999966621398926,1,3.33245051490042,156.56602532032335,16.66490102980083,139.90112429052252,139.90112429052252,86649.01029800842,173158256.01229167,677590732.2286338
V2,1.0,IS,2026-03-05,JETS,long,2.4999991059303284,1,1.4081873392561062,-273.5652871871749,6.816374678512204,-280.3816618656871,-280.3816618656871,48163.74678512212,3373076.1074247486,22271821.792547386
V2,1.0,IS,2026-03-05,ITA,long,2.000001072883606,1,1.0165731205255062,-206.86930360950205,6.033146241051014,-212.90244985055307,-212.9024498505531,40331.462410510125,15548791.989208927,44406956.7789697
V2,1.0,IS,2026-03-09,JETS,short,-8.500000834465027,1,1.5115397854389712,-175.32950483411278,7.02307957087794,-182.35258440499072,-182.35258440499072,50230.79570877942,6778292.559441764,37376416.6606284
V2,1.0,IS,2026-03-09,ITA,long,7.500000298023224,1,0.9999562478198614,-139.02576921875888,5.999912495639734,-145.02568171439862,-145.02568171439862,39999.12495639723,30514667.24856338,68453624.95309252
V2,1.0,IS,2026-03-10,ITA,short,-3.4999996423721313,1,0.9597236993368496,41.866558352133204,5.919447398673697,35.94711095345951,35.94711095345951,39194.47398673699,10384915.530796325,26094377.2591396
V2,1.0,IS,2026-03-10,JETS,long,3.0000001192092896,1,1.5244395141991107,-71.38381994633629,7.048879028398218,-78.4326989747345,-78.4326989747345,50488.79028398222,4295233.305167718,20150132.946914617
V2,1.0,IS,2026-03-11,ITA,long,5.0000011920928955,1,0.9661507154756104,32.214045204363174,5.93230143095122,26.281743773411954,26.281743773411954,39323.01430951221,10348180.899948215,24381863.365144435
V2,1.0,IS,2026-03-12,COIN,short,-2.499997615814209,1,4.067699536716614,-164.38999649445975,18.135399073433234,-182.52539556789299,-182.52539556789299,101353.99073433228,51166129.75823613,219856863.6656484
V2,1.0,IS,2026-03-12,GLXY,short,-2.499997615814209,1,5.928310564707705,-182.49489485391027,21.8566211294154,-204.35151598332567,-204.35151598332567,138566.2112941541,837127.6629497195,3543934.7302925326
V2,1.0,IS,2026-03-12,HOOD,short,-2.499997615814209,1,3.639549311595531,-119.34855449570101,17.279098623191047,-136.62765311889206,-136.62765311889206,92790.9862319106,56605129.49800259,227792596.89057583
V2,1.0,IS,2026-03-13,ITA,short,-3.999999165534973,1,1.0879588047050954,28.51594598473539,6.175917609410192,22.340028375325197,22.340028375325197,41759.17609410191,7122989.82774904,28817355.62522208
V2,1.0,IS,2026-03-13,COIN,long,2.999997138977051,1,4.025667375808581,16.566743991368803,18.051334751617162,-1.4845907602483592,-1.4845907602483592,100513.34751617162,203587291.93253475,525576189.4663025
V2,1.0,IS,2026-03-13,GLXY,long,2.999997138977051,1,5.543756791370204,924.4067849587353,21.08751358274037,903.319271375995,903.319271375995,130875.13582740408,4016900.783498346,17147541.97550612
V2,1.0,IS,2026-03-13,HOOD,long,2.999997138977051,1,3.54901834924068,-70.13285886422597,17.098036698481366,-87.23089556270733,-87.23089556270733,90980.3669848136,108983463.4867303,411829690.15995467
V2,1.0,IS,2026-03-16,JETS,short,-6.50000274181366,1,1.6357873350336238,-74.08269207429551,7.2715746700672526,-81.35426674436276,-81.35426674436276,52715.74670067247,3944701.9484427,16467772.040495243
V2,1.0,IS,2026-03-16,ITA,long,3.0000001192092896,1,1.0970614620983299,66.63094887094964,6.194122924196662,60.436825946752975,60.43682594675297,41941.2292419666,10768234.020458054,29617736.840843294
V2,1.0,IS,2026-03-16,COIN,long,2.0000040531158447,1,3.9439567943668745,32.67013660508179,17.88791358873375,14.782223016348038,14.78222301634804,98879.13588733748,142483427.02827796,486295126.95765436
V2,1.0,IS,2026-03-16,GLXY,long,2.0000040531158447,1,5.325233018311392,-174.47070573709703,20.650466036622788,-195.12117177371982,-195.12117177371982,126504.66036622785,4607088.00341455,19638957.0574087
V2,1.0,IS,2026-03-16,HOOD,long,2.0000040531158447,1,3.558030945320115,-5.575918607468914,17.116061890640232,-22.691980498109146,-22.691980498109146,91160.6189064023,82032168.19828282,277730121.03735745
V2,1.0,IS,2026-03-18,ITA,short,-4.999999701976776,1,1.074769015315104,-81.71425890022896,6.149538030630211,-87.86379693085917,-87.86379693085917,41495.380306302075,5908257.191798644,20456692.360484507
V2,1.0,IS,2026-03-18,JETS,short,-4.000002145767212,1,1.7039795697367441,1.148738744340752,7.407959139473489,-6.259220395132736,-6.259220395132736,54079.59139473489,5541994.415913796,48545871.439144015
V2,1.0,IS,2026-03-19,JETS,short,-5.500000715255737,1,1.6838939965771893,-126.90012545586075,7.367787993154366,-134.2679134490151,-134.2679134490151,53677.87993154378,3967043.522380083,13366587.566691946
V2,1.0,IS,2026-03-20,JETS,short,-7.999998331069946,1,1.6809919273828702,21.171890505303804,7.3619838547657395,13.809906650538064,13.809906650538064,53619.838547657404,1626164.5029274046,26055830.144110262
V2,1.0,IS,2026-03-23,JETS,long,13.999998569488525,1,1.6389565565194422,-34.070140666595435,7.277913113038885,-41.34805377963432,-41.34805377963432,52779.13113038885,12007971.57648752,36539125.03163256
V2,1.0,IS,2026-03-23,ITA,short,-2.5000005960464478,1,0.9934228046910576,89.26676142477673,5.986845609382115,83.27991581539462,83.27991581539462,39868.45609382115,9282550.281054271,31089666.498772737
V2,1.0,IS,2026-03-24,JETS,short,-2.499997615814209,1,1.7366520480652095,-70.01094132835675,7.47330409613042,-77.48424542448717,-77.48424542448717,54733.04096130419,2515217.3173163254,11088805.689954907
V2,1.0,IS,2026-03-25,COIN,short,-2.999997138977051,1,3.9573743223625746,74.69318442986379,17.91474864472515,56.77843578513864,56.77843578513864,99147.48644725149,75455007.91818781,368937968.0185714
V2,1.0,IS,2026-03-25,GLXY,short,-2.999997138977051,1,5.088479744137872,106.72463503072103,20.17695948827574,86.54767554244529,86.54767554244529,121769.59488275743,2306411.094057535,6297398.09502068
V2,1.0,IS,2026-03-25,HOOD,short,-2.999997138977051,1,3.4910470084269565,-199.05577872939506,16.98209401685392,-216.03787274624898,-216.03787274624895,89820.94016853913,155638160.58053902,468181324.3023498
V2,1.0,IS,2026-03-26,COIN,short,-5.0000011920928955,1,3.920203284069082,-210.26320665585726,17.84040656813815,-228.1036132239954,-228.1036132239954,98404.06568138163,93640981.02109104,251874044.09967935
V2,1.0,IS,2026-03-26,GLXY,short,-5.0000011920928955,1,5.041117533061636,74.55821860180761,20.082235066123275,54.475983535684335,54.47598353568433,120822.35066123272,969479.44799205,3843834.487446391
V2,1.0,IS,2026-03-26,HOOD,short,-5.0000011920928955,1,3.5580488162685424,-268.3183667028232,17.116097632537105,-285.4344643353603,-285.4344643353603,91160.97632537084,40203264.3366478,200881469.2385741
V2,1.0,IS,2026-03-26,JETS,short,-2.999997138977051,1,1.765939197249705,-216.70798720143827,7.531878394499415,-224.2398655959377,-224.23986559593772,55318.7839449941,2082350.002649238,9273357.142410835
V2,1.0,IS,2026-03-27,ITA,long,3.4999996423721313,1,1.0320583784067037,-3.5799505844919497,6.064116756813407,-9.644067341305357,-9.644067341305357,40641.16756813407,4436411.676210705,16174221.775009703
V2,1.0,IS,2026-03-30,COIN,short,-7.4999988079071045,1,3.8243429135296707,-260.88594024111893,17.648685827059353,-278.5346260681783,-278.5346260681783,96486.85827059342,71742321.23855643,222344188.52797925
V2,1.0,IS,2026-03-30,GLXY,short,-7.4999988079071045,1,5.027052860235594,94.38802847047637,20.054105720471185,74.33392275000519,74.33392275000519,120541.05720471188,5716242.50543994,9549848.766328903
V2,1.0,IS,2026-03-30,HOOD,short,-7.4999988079071045,1,3.3983573644581044,-173.8872325537426,16.796714728916214,-190.6839472826588,-190.6839472826588,87967.1472891621,60479331.40381723,235769445.22587374
V2,1.0,IS,2026-03-30,JETS,short,-5.999994277954102,1,1.6982162934260314,45.16555032499779,7.396432586852065,37.769117738145724,37.769117738145724,53964.32586852063,2296959.9131244984,11688401.786818491
V2,1.0,IS,2026-03-31,COIN,short,-8.499997854232788,1,3.825696795607873,18.786665359821068,17.651393591215747,1.135271768605321,1.135271768605321,96513.93591215747,45076450.27421334,213075827.88640088
V2,1.0,IS,2026-03-31,GLXY,short,-8.499997854232788,1,5.066691372979107,389.130074949938,20.133382745958215,368.99669220397976,368.99669220397976,121333.82745958214,3722176.722742595,16018351.077993028
V2,1.0,IS,2026-03-31,HOOD,short,-8.499997854232788,1,3.4104674826617556,81.77456211988648,16.820934965323502,64.95362715456298,64.95362715456298,88209.34965323511,77126321.52324736,283347155.2128672
V2,1.0,IS,2026-03-31,JETS,long,6.000000238418579,1,1.724058972896812,-27.806322621630777,7.448117945793626,-35.2544405674244,-35.2544405674244,54481.17945793625,1872993.9270200424,13850973.341442917
V2,1.0,IS,2026-04-01,JETS,long,10.499998927116394,1,1.6746001355885143,71.18564654111924,7.3492002711770255,63.836446269942215,63.836446269942215,53492.00271177029,3450594.336680525,16545105.279841075
V2,1.0,IS,2026-04-02,COIN,long,16.500002145767212,1,3.5084532339833,-283.77027786252694,17.016906467966578,-300.7871843304935,-300.7871843304935,90169.064679666,51482852.26355194,247579076.17482707
V2,1.0,IS,2026-04-02,GLXY,long,16.500002145767212,1,4.356507060265774,-81.66314167971395,18.713014120531554,-100.3761558002455,-100.3761558002455,107130.14120531549,2176917.4600794,9801736.418239834
V2,1.0,IS,2026-04-02,HOOD,long,16.500002145767212,1,3.1182259329079987,-197.40658721920954,16.236451865816008,-213.64303908502555,-213.64303908502552,82364.51865815997,95634061.75588202,310802057.21982926
V2,1.0,IS,2026-04-02,ITA,short,-3.0000001192092896,1,1.0755661567208434,94.81246079584348,6.151132313441693,88.66132848240179,88.66132848240179,41511.323134416874,4893671.84610018,13599034.54343548
V2,1.0,IS,2026-04-06,ITA,long,2.5000005960464478,1,1.0592864470654566,81.79258126765036,6.1185728941309065,75.67400837351946,75.67400837351946,41185.728941309135,10500678.79547915,25981660.817528296
V2,1.0,IS,2026-04-07,JETS,short,-3.0000030994415283,1,1.6727605088698314,46.53210498594052,7.345521017739664,39.18658396820086,39.18658396820086,53455.21017739663,2973145.6146110417,9533871.231657855
V2,1.0,IS,2026-04-08,JETS,long,31.50000125169754,1,1.6709507942950879,-411.28557059467073,7.34190158859019,-418.6274721832609,-418.6274721832609,53419.015885901754,21011421.022404373,45184612.77699175
V2,1.0,IS,2026-04-08,COIN,short,-6.999999284744263,1,3.55710225915218,651.7742139324049,17.114204518304405,634.6600094141005,634.6600094141005,91142.0451830436,127010018.18162541,368261521.45928156
V2,1.0,IS,2026-04-08,GLXY,short,-6.999999284744263,1,4.424672401120904,605.4327732657986,18.84934480224183,586.5834284635567,586.5834284635567,108493.44802241807,5046076.066227238,18205678.032592405
V2,1.0,IS,2026-04-08,HOOD,short,-6.999999284744263,1,3.1417229614408417,621.680168148319,16.283445922881697,605.3967222254373,605.3967222254373,82834.45922881682,224333329.89832404,616748271.5358694
V2,1.0,IS,2026-04-09,JETS,long,3.0000001192092896,1,1.7331454247642928,-46.18648965846943,7.466290849528583,-53.65278050799802,-53.65278050799802,54662.908495285854,3532511.1333167194,9752622.75386724
V2,1.0,IS,2026-04-09,COIN,short,-2.5000035762786865,1,3.1935869180561363,622.5000543535087,16.38717383611231,606.1128805173964,606.1128805173964,83871.73836112271,45100918.3196327,210375863.94231403
V2,1.0,IS,2026-04-09,GLXY,short,-2.5000035762786865,1,4.057053355848827,-995.8389523213776,18.114106711697673,-1013.9530590330753,-1013.9530590330753,101141.06711697653,742057.6678971121,3977562.0742984735
V2,1.0,IS,2026-04-09,HOOD,short,-2.5000035762786865,1,2.960295791644234,424.5882564320907,15.920591583288456,408.66766484880225,408.66766484880225,79205.91583288468,54535468.17961169,237864517.01871443
V2,1.0,IS,2026-04-10,ITA,long,2.000001072883606,1,1.0816756408475106,-66.64823699705602,6.1633512816950144,-72.81158827875103,-72.81158827875103,41633.51281695021,6280938.6956851855,19791856.95710428
V2,1.0,IS,2026-04-13,JETS,short,-5.0000011920928955,1,1.7198265982299705,9.173780904519653,7.4396531964599415,1.7341277080597113,1.7341277080597113,54396.53196459942,1815084.4120988024,7061939.399392075
V2,1.0,IS,2026-04-15,JETS,short,-5.0000011920928955,1,1.7272577912866447,110.08014723731344,7.454515582573293,102.62563165474015,102.62563165474015,54545.1558257329,1461539.1013851264,8241907.027624078
V2,1.0,IS,2026-04-15,COIN,long,4.499995708465576,1,3.2801848016105586,339.2351868118731,16.56036960322109,322.67481720865203,322.67481720865203,85603.69603221117,65297602.80376534,233013731.46726903
V2,1.0,IS,2026-04-15,GLXY,long,4.499995708465576,1,4.176247338566888,60.663930979777476,18.352494677133777,42.3114363026437,42.3114363026437,103524.94677133777,5055703.8071697075,18498745.04347133
V2,1.0,IS,2026-04-15,HOOD,long,4.499995708465576,1,3.1567530755586923,251.65506452658408,16.313506151117394,235.3415583754667,235.34155837546672,83135.06151117384,444118028.70541245,1421415252.2808852
V2,1.0,IS,2026-04-16,COIN,long,4.499995708465576,1,3.334391763326831,92.13758674325989,16.668783526653655,75.46880321660623,75.46880321660623,86687.83526653663,68536592.70393223,323270281.36166763
V2,1.0,IS,2026-04-16,GLXY,long,4.499995708465576,1,4.169676800858997,-209.93910606087954,18.33935360171799,-228.27845966259753,-228.27845966259753,103393.53601717994,3955688.8872328075,11887539.494756786
V2,1.0,IS,2026-04-16,HOOD,long,4.499995708465576,1,3.2647554957004714,-288.54359143315907,16.52951099140097,-305.07310242456003,-305.07310242456003,85295.10991400943,266165865.80426174,1085037742.4174078
V2,1.0,IS,2026-04-17,JETS,long,6.999999284744263,1,1.7514464547236737,-139.5433830389418,7.502892909447354,-147.04627594838917,-147.04627594838917,55028.92909447347,10244163.500545058,39960685.37371362
V2,1.0,IS,2026-04-20,COIN,short,-12.999999523162842,1,3.4652315551481596,-534.9047462861138,16.930463110296273,-551.83520939641,-551.83520939641,89304.63110296319,90419453.82033904,305716152.31193334
V2,1.0,IS,2026-04-20,GLXY,short,-12.999999523162842,1,4.360633981829179,-708.4124779801181,18.721267963658306,-727.1337459437764,-727.1337459437764,107212.67963658358,5627707.060759174,25423462.839381874
V2,1.0,IS,2026-04-20,HOOD,short,-12.999999523162842,1,3.5096436846185566,-179.48437243821166,17.019287369237105,-196.50365980744877,-196.50365980744877,90192.87369237113,152432134.65359718,654228256.42264
V2,1.0,IS,2026-04-20,JETS,short,-6.999999284744263,1,1.8019232708902901,-35.07494493127569,7.603846541780577,-42.678791473056265,-42.678791473056265,56038.465417805804,3789815.042543813,14165412.122066416
V2,1.0,IS,2026-04-22,JETS,long,5.500000715255737,1,1.8345285970692056,-436.1905950434884,7.669057194138418,-443.8596522376268,-443.8596522376268,56690.57194138411,1057280.6005261699,10906929.249021925
V2,1.0,IS,2026-04-23,COIN,long,6.999999284744263,1,3.598785757086098,-160.0516080008909,17.197571514172182,-177.24917951506308,-177.24917951506308,91975.71514172196,54918195.71853972,250229053.8068997
V2,1.0,IS,2026-04-23,GLXY,long,6.999999284744263,1,4.530741085827001,60.085156092187404,19.061482171654006,41.0236739205334,41.0236739205334,110614.82171654003,2091640.966390032,8151230.7857343955
V2,1.0,IS,2026-04-23,HOOD,long,6.999999284744263,1,3.542245950980347,-308.691045754078,17.08449190196069,-325.7755376560387,-325.7755376560387,90844.91901960692,61351223.03480101,279442454.13469636
V2,1.0,IS,2026-04-24,COIN,long,3.999999165534973,1,3.635106813803626,-282.47754157570716,17.270213627607234,-299.7477552033144,-299.7477552033144,92702.13627607252,38895932.05472666,144127247.07596007
V2,1.0,IS,2026-04-24,GLXY,long,3.999999165534973,1,4.50072330896243,-451.91146890280504,19.00144661792484,-470.9129155207299,-470.9129155207299,110014.4661792486,3621301.6645626808,12902832.637243338
V2,1.0,IS,2026-04-24,HOOD,long,3.999999165534973,1,3.5885356669111883,-186.63795901160887,17.17707133382237,-203.81503034543124,-203.81503034543124,91770.71333822375,73078426.2446224,283020468.5294252
V2,1.0,IS,2026-04-27,ITA,short,-3.0000001192092896,1,1.044678123952291,-10.035117972168987,6.089356247904583,-16.12447422007357,-16.12447422007357,40893.562479045824,8509370.565904414,29486725.786001123
V2,1.0,IS,2026-04-27,COIN,short,-2.000001072883606,1,3.611204917268015,219.2948656572967,17.222409834536023,202.07245582276067,202.07245582276067,92224.0983453603,51389764.388100676,283393879.01725906
V2,1.0,IS,2026-04-27,GLXY,short,-2.000001072883606,1,4.442689402302495,474.15357410533,18.88537880460501,455.268195300725,455.268195300725,108853.7880460499,5881431.870662704,22937546.249307375
V2,1.0,IS,2026-04-27,HOOD,short,-2.000001072883606,1,3.5743781478512946,139.57848817591005,17.148756295702583,122.42973188020747,122.42973188020747,91487.5629570259,63627922.74574037,292715155.4926394
V2,1.0,IS,2026-04-27,JETS,short,-2.000001072883606,1,1.771725996596536,199.65204092840264,7.5434519931930595,192.10858893520958,192.10858893520958,55434.51993193072,1949968.6496963166,29447115.227947578
V2,1.0,IS,2026-04-28,COIN,short,-3.0000001192092896,1,3.5885050427462395,-211.3273721043881,17.17701008549247,-228.50438218988057,-228.5043821898806,91770.10085492479,87546909.5030676,234033818.22942796
V2,1.0,IS,2026-04-28,GLXY,short,-3.0000001192092896,1,4.412165506281155,-708.0231798470512,18.82433101256231,-726.8475108596135,-726.8475108596135,108243.31012562309,4798420.605476544,23774320.484914467
V2,1.0,IS,2026-04-28,HOOD,short,-3.0000001192092896,1,3.567533952756521,-76.73903579309572,17.13506790551304,-93.87410369860876,-93.87410369860876,91350.67905513041,96402917.24702865,256277466.68448517
V2,1.0,IS,2026-04-30,JETS,short,-4.999998211860657,1,1.7532005714047239,41.801285153969125,7.506401142809445,34.29488401115968,34.29488401115968,55064.01142809448,1094411.9999525545,9099001.826155074
V2,1.0,IS,2026-05-04,COIN,long,17.9999977350235,1,3.5606863268222435,273.16678704129134,17.12137265364447,256.0454143876469,256.0454143876469,91213.72653644487,126160077.44407706,364015833.2816653
V2,1.0,IS,2026-05-04,GLXY,long,17.9999977350235,1,4.167531785616993,332.8403527423366,18.335063571234002,314.5052891711026,314.5052891711026,103350.63571233986,4225250.785780257,24350773.407850627
V2,1.0,IS,2026-05-04,HOOD,long,17.9999977350235,1,3.609719134447378,351.9335885417552,17.21943826889475,334.7141502728605,334.7141502728605,92194.38268894756,128853965.01581277,439859794.8050253
V2,1.0,IS,2026-05-04,ITA,short,-3.5000011324882507,1,1.0912459898122457,46.53885220585598,6.182491979624494,40.35636022623149,40.35636022623149,41824.91979624492,6095674.213629675,14246711.677006058
V2,1.0,IS,2026-05-06,JETS,long,11.000001430511475,1,1.8173602424562123,-136.84389955089648,7.634720484912435,-144.47862003580892,-144.47862003580892,56347.204849124246,4661518.6242882,27826664.298186168
V2,1.0,IS,2026-05-06,ITA,long,2.000001072883606,1,1.0564242415549847,82.84222855392483,6.112848483109971,76.72938007081486,76.72938007081486,41128.4848310997,13219876.39750012,37337538.36130919
V2,1.0,IS,2026-05-07,ZIM,short,-3.0000001192092896,1,0.9633941616862333,572.7408334865783,11.92678832337242,560.8140451632058,560.8140451632058,39267.883233724664,1002876.0602989285,5116126.246448234
V2,1.0,IS,2026-05-08,ZIM,long,9.999999403953552,1,0.9953331092050428,78.81266958895431,11.990666218410084,66.82200337054422,66.82200337054422,39906.66218410085,766548.6227913473,2998304.637121931
V2,1.0,IS,2026-05-08,COIN,long,6.000000238418579,1,2.86825351929647,720.1037320755206,15.73650703859289,704.3672250369277,704.3672250369277,77365.0703859294,129339063.2254233,436962588.32977986
V2,1.0,IS,2026-05-08,GLXY,long,6.000000238418579,1,3.4482311630402975,22.208661174797502,16.896462326080595,5.312198848716907,5.312198848716907,88964.62326080595,2516271.3692486635,17688969.528248627
V2,1.0,IS,2026-05-08,HOOD,long,6.000000238418579,1,3.0996727545972314,-2.4709036945961063,16.199345509194462,-18.67024920379057,-18.67024920379057,81993.45509194462,70113988.63764583,261114688.55933997
V2,1.0,IS,2026-05-11,ITA,short,-4.999999701976776,1,1.107860871838032,-73.61729390188187,6.21572174367607,-79.83301564555794,-79.83301564555794,42157.21743676064,7105507.362453294,15134435.262750886
V2,1.0,IS,2026-05-11,ZIM,short,-4.999999701976776,1,1.0102882202969319,91.16037634013776,12.020576440593857,79.1397998995439,79.1397998995439,40205.76440593864,1405158.2105318967,3668558.0424890085
V2,1.0,IS,2026-05-11,COIN,short,-4.000002145767212,1,2.877102954157835,-700.6314263493358,15.754205908315612,-716.3856322576514,-716.3856322576514,77542.0590831567,90640443.58235109,312625416.3773494
V2,1.0,IS,2026-05-11,GLXY,short,-4.000002145767212,1,3.4379276398500846,-510.40785729918895,16.875855279700147,-527.2837125788891,-527.2837125788891,88758.55279700168,5491561.633943396,21457956.402923018
V2,1.0,IS,2026-05-11,HOOD,short,-4.000002145767212,1,3.0627102661697214,-400.1335700058432,16.125420532339433,-416.2589905381826,-416.2589905381826,81254.20532339443,118962898.54214889,330326898.67961526
V2,1.0,IS,2026-05-11,JETS,short,-3.999999165534973,1,1.8415452406479542,269.0878314699768,7.683090481295892,261.4047409886809,261.4047409886809,56830.90481295908,1475054.3169608049,8517830.049969584
V2,1.0,IS,2026-05-12,ZIM,long,2.99999862909317,1,1.0550958305131306,16.0308032765108,12.110191661026262,3.920611615484537,3.9206116154845376,41101.91661026262,1867464.1598719393,8851919.457810642
V2,1.0,IS,2026-05-12,COIN,long,2.499997615814209,1,2.7653836490126333,-249.06247329801295,15.53076729802524,-264.5932405960382,-264.5932405960382,75307.67298025267,132841186.86883691,357858982.96789086
V2,1.0,IS,2026-05-12,GLXY,long,2.499997615814209,1,3.5659072555517852,90.97936329130002,17.13181451110357,73.84754878019645,73.84754878019645,91318.1451110357,3698755.900947715,17933497.621460065
V2,1.0,IS,2026-05-12,HOOD,long,2.499997615814209,1,2.9446139019794346,-156.83928971528636,15.889227803958875,-172.72851751924523,-172.72851751924523,78892.2780395887,54671838.72736094,192886155.95477828
V2,1.0,IS,2026-05-14,COIN,long,6.000000238418579,1,2.772874141345583,365.37460516389524,15.545748282691193,349.82885688120405,349.82885688120405,75457.48282691166,72005502.73926824,233339987.88857886
V2,1.0,IS,2026-05-14,GLXY,long,6.000000238418579,1,3.546964184960223,178.09453833485387,17.093928369920462,161.0006099649334,161.0006099649334,90939.28369920446,3197796.7228747513,11059476.616527366
V2,1.0,IS,2026-05-14,HOOD,long,6.000000238418579,1,2.9409994048346584,437.41786594931637,15.881998809669312,421.53586713964705,421.53586713964705,78819.98809669317,36560728.3853027,173802309.93620372
V2,1.0,IS,2026-05-15,ITA,long,5.499999225139618,1,1.1729916391415218,-197.35887702333963,6.345983278283029,-203.70486030162266,-203.70486030162266,43459.83278283043,6635614.590861402,17435084.59377476
V2,1.0,IS,2026-05-18,ZIM,long,6.000000238418579,1,1.003641812657283,-83.23505704812318,12.007283625314571,-95.24234067343775,-95.24234067343775,40072.83625314566,1507674.1476889434,2717711.406421909
V2,1.0,IS,2026-05-18,JETS,short,-4.750001430511475,2,1.8383794622626426,55.736073212208,7.676758924525288,48.05931428768271,48.05931428768271,56767.58924525285,2112727.4170363043,10884129.75409979
V2,1.0,IS,2026-05-18,COIN,short,-4.000002145767212,1,2.9541474991488696,-11.289394900103021,15.90829499829774,-27.19768989840076,-27.19768989840076,79082.9499829774,103167206.43432093,310910037.57980555
V2,1.0,IS,2026-05-18,GLXY,short,-4.000002145767212,1,3.6503867358415927,182.3493259606637,17.300773471683186,165.0485524889805,165.0485524889805,93007.73471683187,9815336.79127296,21800938.69272936
V2,1.0,IS,2026-05-18,HOOD,short,-4.000002145767212,1,3.016980683678822,-204.4213883396928,16.033961367357648,-220.45534970705046,-220.4553497070505,80339.61367357644,52652797.418104805,252510265.25706708
V2,1.0,IS,2026-05-20,COIN,short,-7.4999988079071045,1,2.8131618233601814,335.81143533066154,15.62632364672038,320.18511168394116,320.18511168394116,76263.23646720363,59558781.05469452,181951658.92759022
V2,1.0,IS,2026-05-20,GLXY,short,-7.4999988079071045,1,3.699562759353062,316.99032548321406,17.399125518706114,299.59119996450795,299.59119996450795,93991.25518706125,2486337.551098352,9320145.1023697
V2,1.0,IS,2026-05-20,HOOD,short,-7.4999988079071045,1,3.002765072017042,93.16989081099625,16.005530144034083,77.16436066696217,77.16436066696217,80055.30144034083,40618315.457651585,177240078.69857705
V2,1.0,IS,2026-05-21,ZIM,long,2.4999991059303284,1,0.9260574581609389,-35.59217772112009,11.852114916321874,-47.44429263744196,-47.44429263744196,38521.149163218775,1100794.978807504,2517768.5370473326
V2,1.0,IS,2026-05-22,COIN,short,-4.000002145767212,1,2.6000048648376866,443.28443526963,15.2000097296754,428.0844255399546,428.0844255399547,72000.09729675374,51694995.68762173,148346476.53198916
V2,1.0,IS,2026-05-22,GLXY,short,-4.000002145767212,1,3.5797285762458197,279.8403268727643,17.159457152491655,262.68086972027265,262.68086972027265,91594.5715249164,3194700.597478991,16622530.390427588
V2,1.0,IS,2026-05-22,HOOD,short,-4.000002145767212,1,2.940479269197371,326.8507544120389,15.880958538394736,310.96979587364416,310.96979587364416,78809.58538394741,52556847.32770412,162558971.92169866
V2,1.0,IS,2026-05-22,JETS,long,2.2499993443489075,2,1.9317819143082346,-1.5694127130902544,7.86356382861647,-9.432976541706724,-9.432976541706724,58635.638286164685,1953519.5198296162,7373728.418320082
V2,1.0,IS,2026-05-26,JETS,long,8.750001341104507,2,1.9839711647618605,191.56026802361353,7.967942329523709,183.59232569408982,183.59232569408982,59679.42329523721,7361005.175881779,24659714.621721834
V2,1.0,IS,2026-05-26,COIN,long,5.0000011920928955,1,2.5735493107828904,-340.5648110944089,15.14709862156576,-355.7119097159747,-355.7119097159747,71470.9862156578,53997772.5773029,220821090.51129168
V2,1.0,IS,2026-05-26,GLXY,long,5.0000011920928955,1,3.5287438481919375,87.3184627166318,17.057487696383873,70.26097502024793,70.26097502024793,90574.87696383875,5392012.851314318,22127858.320057817
V2,1.0,IS,2026-05-26,HOOD,long,5.0000011920928955,1,2.980322666861293,-75.5285629435977,15.960645333722582,-91.48920827732029,-91.48920827732029,79606.45333722586,87212217.53837958,279400536.1947443
V2,1.0,IS,2026-05-26,ITA,long,3.0000001192092896,1,1.3011644837952328,67.82006589944139,6.602328967590466,61.21773693185092,61.21773693185092,46023.289675904656,6531207.707881412,18514127.729273934
V2,1.0,IS,2026-05-27,COIN,short,-2.0000040531158447,1,2.5145035282252994,133.67916034977117,15.029007056450595,118.65015329332057,118.65015329332056,70290.070564506,49723363.546622895,176607949.4791159
V2,1.0,IS,2026-05-27,GLXY,short,-2.0000040531158447,1,3.481519912483437,-157.71095100978312,16.96303982496687,-174.67399083475,-174.67399083475,89630.39824966874,3147263.424034804,10143030.85579261
V2,1.0,IS,2026-05-27,HOOD,short,-2.0000040531158447,1,2.938351951983195,-327.88885198081493,15.876703903966416,-343.76555588478135,-343.76555588478135,78767.0390396639,65784076.040356085,305580434.08097297
V2,1.0,IS,2026-05-28,JETS,short,-3.999999910593033,2,1.9680561514891952,-96.86182534856471,7.936112302978387,-104.7979376515431,-104.7979376515431,59361.12302978391,8668977.117881263,22365237.40166095
V2,1.0,IS,2026-06-01,ZIM,long,7.500000298023224,1,0.8212951127958201,490.2472829835602,11.642590225591618,478.60469275796856,478.6046927579686,36425.9022559164,2036382.3874281615,5598108.697026153
V2,1.0,IS,2026-06-01,COIN,short,-6.000000238418579,1,2.4520837649406784,-90.06182845601187,14.904167529881349,-104.96599598589322,-104.9659959858932,69041.67529881357,108639729.28897189,305135080.5449277
V2,1.0,IS,2026-06-01,GLXY,short,-6.000000238418579,1,3.270413362980476,-607.7572012048012,16.540826725960983,-624.2980279307621,-624.2980279307621,85408.2672596095,3650781.516707972,19325394.80668685
V2,1.0,IS,2026-06-01,HOOD,short,-6.000000238418579,1,2.951409737991921,36.56484305533636,15.90281947598384,20.66202357935252,20.66202357935252,79028.19475983841,300840233.3973631,835076839.774356
V2,1.0,IS,2026-06-01,ITA,short,-4.0000006556510925,1,1.328769747097232,126.03745527413557,6.657539494194467,119.3799157799411,119.37991577994111,46575.394941944636,6769817.91104996,29968367.19825821
V2,1.0,IS,2026-06-02,ITA,short,-3.999999165534973,1,1.2979429071351802,109.76115293306916,6.5958858142703605,103.1652671187988,103.1652671187988,45958.858142703604,6049403.065929189,20389004.811642833
V2,1.0,IS,2026-06-03,COIN,long,6.000000238418579,1,2.446267606031535,-354.9118066634958,14.89253521206308,-369.80434187555886,-369.80434187555886,68925.3521206307,47134756.089417145,256635468.9168275
V2,1.0,IS,2026-06-03,GLXY,long,6.000000238418579,1,3.043002933080032,220.76990265808013,16.086005866160065,204.68389679192006,204.68389679192006,80860.05866160065,8338129.806993853,30838497.65575587
V2,1.0,IS,2026-06-03,HOOD,long,6.000000238418579,1,2.9384758887108076,-269.32852169165,15.876951777421596,-285.2054734690716,-285.2054734690716,78769.51777421615,106461001.55542259,397237401.9206377
V2,1.0,IS,2026-06-04,ZIM,short,-4.499998688697815,1,0.7691509329016526,-341.1122482267579,11.538301865803305,-352.6505500925612,-352.6505500925612,35383.01865803305,352897.29802206316,3407455.3593110177
V2,1.0,IS,2026-06-04,COIN,short,-4.000002145767212,1,2.5202350328248224,167.42426721924747,15.040470065649657,152.3837971535978,152.3837971535978,70404.70065649645,74240657.63086744,212865982.8939597
V2,1.0,IS,2026-06-04,GLXY,short,-4.000002145767212,1,3.013760209451608,-122.88924160148765,16.027520418903222,-138.91676202039088,-138.91676202039088,80275.20418903216,12079358.753610551,34104155.39870192
V2,1.0,IS,2026-06-04,HOOD,short,-4.000002145767212,1,2.9970154683350048,-411.92379342070666,15.994030936670015,-427.9178243573767,-427.91782435737673,79940.3093667001,76415248.87310131,349194415.9315374
V2,1.0,IS,2026-06-05,ZIM,short,-2.000001072883606,1,0.783958308739611,-80.47841666736525,11.567916617479227,-92.04633328484448,-92.04633328484448,35679.16617479222,472989.1181796319,4967863.622935541
V2,1.0,IS,2026-06-08,ZIM,long,8.99999886751175,1,0.695408370310281,65.36000998109267,11.390816740620565,53.96919324047211,53.9691932404721,33908.16740620562,1164412.4574076845,4283498.6638027495
V2,1.0,IS,2026-06-08,COIN,short,-6.999999284744263,1,2.52571496104584,-489.128231048393,15.0514299220917,-504.1796609704847,-504.17966097048463,70514.2992209168,85977656.83842623,212435855.62137538
V2,1.0,IS,2026-06-08,GLXY,short,-6.999999284744263,1,3.1986955426619414,-1782.2648396085847,16.39739108532399,-1798.6622306939087,-1798.6622306939087,83973.91085323882,18976996.527437244,74460067.54434285
V2,1.0,IS,2026-06-08,HOOD,short,-6.999999284744263,1,2.952105399554569,-210.47129716871868,15.904210799109137,-226.37550796782782,-226.3755079678278,79042.10799109138,95482653.04994383,288505768.26455593
V2,1.0,IS,2026-06-09,COIN,short,-7.999998331069946,1,2.5916968918096623,-119.62452768639113,15.183393783619323,-134.80792147001046,-134.80792147001046,71833.93783619325,42205801.451108925,150480661.75833648
V2,1.0,IS,2026-06-09,GLXY,short,-7.999998331069946,1,3.25304965424391,-912.2359026967998,16.50609930848782,-928.7420020052876,-928.7420020052876,85060.9930848782,10867405.382337006,50840519.772599086
V2,1.0,IS,2026-06-09,HOOD,short,-7.999998331069946,1,3.0023729484453616,-21.108840608561678,16.004745896890725,-37.1135865054524,-37.1135865054524,80047.45896890723,74193509.48665331,295201327.54731274
V2,1.0,IS,2026-06-10,ZIM,long,5.0000011920928955,1,0.6342208686835997,-67.3698836179971,11.268441737367198,-78.6383253553643,-78.6383253553643,32684.417373671993,562312.0373736769,1763631.4755614
V2,1.0,IS,2026-06-11,JETS,short,-5.749998241662979,2,1.6876742097541089,-440.9389165094646,7.375348419508214,-448.3142649289728,-448.3142649289728,53753.48419508217,945667.6763546793,8846270.491449824
V2,1.0,IS,2026-06-11,ITA,short,-3.0000001192092896,1,1.220666479767598,-262.0625418371148,6.4413329595352025,-268.50387479665,-268.50387479665,44413.329595351956,3760760.2846813668,11833350.667344274
V2,1.0,IS,2026-06-15,ZIM,short,-9.000000357627869,1,0.6842782012151457,351.7881316413305,11.368556402430272,340.4195752389002,340.4195752389002,33685.56402430292,3300377.79948063,10339176.944942571
V2,1.0,IS,2026-06-15,JETS,long,6.000000610947609,2,1.8026942842267855,-145.55065055269435,7.605388568453577,-153.15603912114793,-153.15603912114793,56053.88568453571,10317718.015071126,27659652.625458635
V2,1.0,IS,2026-06-15,COIN,long,2.999997138977051,1,2.5246970831571427,-116.1239371608214,15.049394166314286,-131.17333132713568,-131.17333132713568,70493.94166314285,91563374.2072604,274886168.99527764
V2,1.0,IS,2026-06-15,GLXY,long,2.999997138977051,1,3.420091948279425,-641.3681634954829,16.84018389655887,-658.2083473920418,-658.2083473920418,88401.8389655885,14480330.426379979,36144544.61582829
V2,1.0,IS,2026-06-15,HOOD,long,2.999997138977051,1,2.808047320486416,-162.688357973395,15.616094640972847,-178.30445261436785,-178.30445261436785,76160.94640972832,328628705.36362743,777044028.1045985
V2,1.0,IS,2026-06-16,ZIM,short,-2.0000003278255463,1,0.5175877193687788,56.51892938129965,11.03517543873756,45.48375394256209,45.48375394256209,30351.754387375575,950621.9854992583,3919311.44499627
V2,1.0,IS,2026-06-18,COIN,short,-3.4999966621398926,1,2.631305554084679,227.2215773435059,15.262611108169352,211.95896623533656,211.95896623533656,72626.11108169358,77064169.50352173,184761763.44731504
V2,1.0,IS,2026-06-18,GLXY,short,-3.4999966621398926,1,3.2738914308139306,-13.19778401934907,16.54778286162786,-29.74556688097693,-29.745566880976934,85477.82861627862,5406588.82336537,17620027.186269876
V2,1.0,IS,2026-06-18,HOOD,short,-3.4999966621398926,1,2.510025244571203,-71.34957054517886,15.020050489142406,-86.36962103432127,-86.36962103432127,70200.50489142406,256655829.459644,683525011.5077776
V2,1.0,IS,2026-06-22,SPY,short,-6.6750002559274435,2,1.0,-0.0,6.0,-6.0,-6.0,40000.0,1011877435.9458898,3299108980.011927
V2,1.0,IS,2026-06-22,GLD,short,-5.750000290572643,1,1.2257199519180477,-63.43777926222944,6.451439903836089,-69.88921916606553,-69.88921916606553,44514.399038360956,93816086.4711186,338741385.40248257
V2,1.0,IS,2026-06-22,IWM,short,-5.116666946560144,3,1.2428947766454124,-91.02890174857266,6.485789553290829,-97.5146913018635,-97.5146913018635,44857.89553290825,358337324.128843,1298408312.8258026
V2,1.0,IS,2026-06-22,COIN,short,-4.500001668930054,1,2.525420095712296,-106.71407561187156,15.050840191424598,-121.76491580329616,-121.76491580329616,70508.40191424591,64947174.62749886,323718618.9394076
V2,1.0,IS,2026-06-22,GLXY,short,-4.500001668930054,1,3.2724727288853313,276.7089640061213,16.544945457770666,260.1640185483506,260.1640185483506,85449.45457770662,11209911.734759266,32714754.351206876
V2,1.0,IS,2026-06-22,HOOD,short,-4.500001668930054,1,2.474634327418975,101.82529020936252,14.949268654837951,86.87602155452457,86.87602155452457,69492.6865483795,156243346.15681118,558898853.4030709
V2,1.0,IS,2026-06-22,XHB,short,-2.0000003278255463,1,1.4093911751259234,68.34546782718276,6.818782350251844,61.526685476930915,61.526685476930915,48187.82350251847,5192764.470114593,53926749.548164815
V2,1.0,IS,2026-06-25,ZIM,short,-2.0000003278255463,1,0.4510253156176217,-15.144831273500516,10.902050631235243,-26.04688190473576,-26.04688190473576,29020.506312352438,389542.2770970803,2496695.5683720894
V2,1.0,IS,2026-06-29,ITA,long,4.999999701976776,1,1.0588097645572128,-26.937057271278338,6.117619529114425,-33.05467680039276,-33.05467680039276,41176.19529114426,4714330.9999113185,13719267.052454716
V2,1.0,IS,2026-06-29,JETS,short,-3.500000387430191,2,1.675353308956029,73.30051698957074,7.350706617912053,65.94981037165869,65.94981037165869,53507.06617912058,1975599.2364939381,10857251.116553389
V2,1.0,IS,2026-06-29,COIN,long,3.0000001192092896,1,2.218651572925503,-75.49115774743768,14.437303145851004,-89.92846089328869,-89.92846089328869,64373.03145851006,46840004.84401466,162023351.254539
V2,1.0,IS,2026-06-29,GLXY,long,3.0000001192092896,1,3.129007918977325,-397.8541632348922,16.258015837954645,-414.11217907284686,-414.11217907284686,82580.1583795465,6311906.678118937,18606135.593622454
V2,1.0,IS,2026-06-29,HOOD,long,3.0000001192092896,1,2.3345886319253117,-21.828939057308567,14.66917726385062,-36.49811632115919,-36.49811632115919,66691.77263850624,97091514.56172125,333890388.9663678
V2,1.0,IS,2026-06-30,COIN,short,-2.5000005960464478,1,2.2011454237777217,283.6541573544647,14.402290847555435,269.25186650690927,269.25186650690927,64022.90847555443,45928010.66270045,192464933.09197652
V2,1.0,IS,2026-06-30,GLXY,short,-2.5000005960464478,1,2.9788372033813686,267.4875394615741,15.957674406762749,251.52986505481135,251.52986505481135,79576.74406762737,3459473.315166947,12393498.39643459
V2,1.0,IS,2026-06-30,HOOD,short,-2.5000005960464478,1,2.315709340864444,314.1946529475552,14.631418681728917,299.5632342658263,299.5632342658263,66314.18681728888,83370133.90139224,261855150.231349
V2,1.0,IS,2026-07-02,ITA,short,-3.0000001192092896,1,1.012698437613362,-118.02121418496704,6.025396875226718,-124.04661106019375,-124.04661106019377,40253.96875226724,5932519.468828997,40418636.79664753
V2,1.0,IS,2026-07-06,XHB,long,8.000000566244125,1,1.3224375683405634,-172.48789108061567,6.644875136681122,-179.1327662172968,-179.1327662172968,46448.751366811266,1476680.0709450108,13588067.581443716
V2,1.0,IS,2026-07-06,COIN,long,6.499999761581421,1,2.0258725945544938,395.8285094762341,14.051745189108999,381.7767642871251,381.7767642871251,60517.45189108988,54298740.770506755,134004805.45614547
V2,1.0,IS,2026-07-06,GLXY,long,6.499999761581421,1,2.966315941026664,-53.952283027595506,15.932631882053336,-69.88491490964884,-69.88491490964884,79326.31882053328,3569963.456566854,19238569.196403507
V2,1.0,IS,2026-07-06,HOOD,long,6.499999761581421,1,2.172840014819469,481.31433989359317,14.345680029638913,466.96865986395426,466.9686598639542,63456.80029638938,94745116.08285958,398838104.6158098
V2,1.0,IS,2026-07-06,JETS,short,-6.499998643994331,2,1.5324430235614883,47.890908326616405,7.064886047122975,40.82602227949343,40.82602227949343,50648.86047122977,1495411.1630547647,6746375.641173175
V2,1.0,IS,2026-07-06,IWM,long,5.200000603993733,3,1.1285791577274455,-0.6356933075458374,6.257158315454891,-6.892851623000729,-6.892851623000729,42571.58315454891,162833107.58657613,818153213.6494571
V2,1.0,IS,2026-07-06,SPY,long,3.800000622868538,2,1.0,0.0,6.0,-6.0,-6.0,40000.0,969680835.5474818,3511184610.890415
V2,1.0,IS,2026-07-06,ITA,long,2.5000005960464478,1,0.9951487780878904,23.390976920636724,5.990297556175783,17.40067936446094,17.40067936446094,39902.97556175781,6087601.6560074985,18509642.662052087
V2,1.0,IS,2026-07-08,JETS,short,-3.25000062584877,2,1.4676831896510085,64.43884949497216,6.9353663793020175,57.50348311567014,57.50348311567014,49353.663793020176,4205185.462861256,20443236.19832485
V2,1.0,IS,2026-07-08,COIN,short,-2.000001072883606,1,2.3871049071331587,65.60723913402717,14.774209814266314,50.833029319760854,50.833029319760854,67742.09814266318,32830419.74787453,86791833.75292519
V2,1.0,IS,2026-07-08,GLXY,short,-2.000001072883606,1,3.224326685172954,-269.369679723517,16.44865337034588,-285.81833309386286,-285.81833309386286,84486.53370345909,7634294.64924281,25235750.46077854
V2,1.0,IS,2026-07-08,HOOD,short,-2.000001072883606,1,2.467723111501347,-169.89194962449653,14.935446223002685,-184.82739584749922,-184.82739584749922,69354.46223002694,99346802.18613411,324763211.1935088
V2,1.0,IS,2026-07-09,ZIM,short,-2.499999850988388,1,0.31501083397158924,209.13942181200602,10.630021667943168,198.50940014406285,198.50940014406285,26300.21667943178,370914.3103652279,1960173.2515438984
V2,1.0,IS,2026-07-10,COIN,short,-4.499998688697815,1,2.3245218635285334,544.6819167971734,14.64904372705712,530.0328730701162,530.0328730701162,66490.43727057066,66939846.652017504,203527475.0436217
V2,1.0,IS,2026-07-10,GLXY,short,-4.499998688697815,1,3.17579945275213,547.2744955833194,16.35159890550426,530.9228966778152,530.9228966778152,83515.9890550426,4655720.491209133,23395620.45281839
V2,1.0,IS,2026-07-10,HOOD,short,-4.499998688697815,1,2.41581436756521,693.2626912545511,14.83162873513038,678.4310625194207,678.4310625194207,68316.2873513042,148218257.60327682,724704965.3173195
V2,1.0,IS,2026-07-13,COIN,long,4.499998688697815,1,2.235211943741619,176.9304253011717,14.470423887483236,162.46000141368847,162.46000141368847,64704.23887483238,38937698.11942379,115223040.2920539
V2,1.0,IS,2026-07-13,GLXY,long,4.499998688697815,1,3.1142094475613975,-286.75702639303574,16.228418895122786,-302.98544528815853,-302.98544528815853,82284.18895122794,2443861.653287298,12689295.605866551
V2,1.0,IS,2026-07-13,HOOD,long,4.499998688697815,1,2.199118957704398,-29.57747759822816,14.398237915408796,-43.975715513636956,-43.975715513636956,63982.37915408796,109581157.68832186,400114542.82523286
V2,1.0,IS,2026-07-13,ZIM,long,3.4999996423721313,1,0.28802681075018494,-62.13174075656058,10.576053621500371,-72.70779437806095,-72.70779437806095,25760.536215003696,490347.02391409595,2752256.702184818
V2,1.0,IS,2026-07-13,JETS,short,-3.4999974071979523,2,1.454604536973265,98.63384348394372,6.909209073946528,91.7246344099972,91.7246344099972,49092.0907394653,1114351.2609459737,22496987.549359664
V2,1.0,IS,2026-07-14,COIN,short,-4.999998211860657,1,2.127911063708316,-81.68866817253341,14.255822127416636,-95.94449029995005,-95.94449029995005,62558.221274166324,34711898.46071514,94255673.46602432
V2,1.0,IS,2026-07-14,GLXY,short,-4.999998211860657,1,3.2064480870078036,-105.5733665681394,16.412896174015614,-121.98626274215502,-121.98626274215502,84128.96174015607,4075149.108323184,17007871.924518522
V2,1.0,IS,2026-07-14,HOOD,short,-4.999998211860657,1,2.0731945115921113,-193.2556944351694,14.146389023184213,-207.40208345835362,-207.40208345835362,61463.890231842226,100437522.75712611,302063997.8657808
V2,1.0,IS,2026-07-14,XHB,short,-3.0000001192092896,1,1.2895784732944091,42.30733107376946,6.579156946588817,35.728174127180644,35.728174127180644,45791.569465888184,10623594.746704806,36291034.873870105
V2,1.0,IS,2026-07-14,IWM,short,-2.683333260938525,3,1.1309488324787578,48.30069474704639,6.261897664957516,42.03879708208888,42.03879708208888,42618.97664957516,184984085.66133025,734337975.1746781
V2,1.0,IS,2026-07-14,SPY,short,-2.524999831803143,2,0.9999999999999998,-2.168404344971009e-15,6.0,-6.000000000000002,-6.000000000000002,39999.99999999999,903167457.3987763,2857015338.200383
V2,1.0,IS,2026-07-15,ZIM,short,-2.000001072883606,1,0.28835872696308534,-99.87994625697291,10.576717453926165,-110.45666371089908,-110.45666371089906,25767.17453926171,670830.6265134227,4490286.239873132
V2,1.0,IS,2026-07-16,ZIM,long,4.999999701976776,1,0.29977344609003426,-144.58452838198505,10.599546892180058,-155.1840752741651,-155.1840752741651,25995.468921800686,1962770.0501991522,4640349.138399382
V2,1.0,IS,2026-07-16,JETS,short,-2.99999937415123,2,1.426002316276927,-141.3132889373555,6.852004632553843,-148.16529356990935,-148.16529356990935,48520.04632553854,819696.2985368574,7933173.631348206
V2,1.0,IS,2026-07-16,SPY,long,2.549999812617898,2,1.0,0.0,6.0,-6.0,-6.0,40000.0,811608289.1667356,2950920609.897408
V2,1.0,IS,2026-07-17,COIN,short,-14.499998092651367,1,2.190755905305937,-208.1979403848546,14.381511810611869,-222.57945219546647,-222.5794521954665,63815.118106118745,53076847.70709257,182036956.08947694
V2,1.0,IS,2026-07-17,GLXY,short,-14.499998092651367,1,3.315728609685017,-17.429905146080895,16.631457219370038,-34.06136236545093,-34.06136236545093,86314.57219370034,5196493.196056135,22980952.571259253
V2,1.0,IS,2026-07-17,HOOD,short,-14.499998092651367,1,2.174954848566513,72.67851354160157,14.349909697133029,58.328603844468546,58.32860384446855,63499.09697133026,190879666.48518258,614336469.2555059
V2,1.0,IS,2026-07-20,GLD,long,3.100000135600567,1,1.2770096307007768,79.34737605325758,6.55401926140155,72.79335679185603,72.79335679185603,45540.192614015534,39178850.12513145,139353245.486481
V2,1.0,IS,2026-07-20,JETS,long,3.000001609325409,2,1.4006137848763247,76.66792061668087,6.801227569752655,69.86669304692822,69.86669304692822,48012.27569752649,513976.44920152787,6191908.460302336
V2,1.0,IS,2026-07-20,XHB,long,2.99999937415123,1,1.217462655704561,-167.37566707590514,6.434925311409131,-173.81059238731427,-173.81059238731427,44349.253114091225,5934188.344671864,29700064.173213
V2,1.0,IS,2026-07-21,COIN,long,11.499997973442078,1,1.9679907111850898,426.69063745515734,13.935981422370162,412.7546560327872,412.7546560327872,59359.8142237018,129629721.28940387,460640514.15305924
V2,1.0,IS,2026-07-21,GLXY,long,11.499997973442078,1,3.046335938898665,339.81747889790523,16.09267187779733,323.7248070201079,323.7248070201079,80926.71877797329,5607337.230224358,17543544.760705426
V2,1.0,IS,2026-07-21,HOOD,long,11.499997973442078,1,2.204165669906176,286.9309640794346,14.408331339812378,272.5226327396222,272.5226327396222,64083.31339812352,135017657.8980869,385772665.00471354
V2,1.0,IS,2026-07-22,COIN,short,-6.999999284744263,1,2.0920211030287845,376.8728487382649,14.184042206057597,362.6888065322073,362.6888065322073,61840.42206057569,46397938.769381,134299611.31194213
V2,1.0,IS,2026-07-22,GLXY,short,-6.999999284744263,1,3.1367000493515773,-119.22798136330825,16.273400098703164,-135.5013814620114,-135.5013814620114,82734.00098703154,3828355.869611759,12741395.866858143
V2,1.0,IS,2026-07-22,HOOD,short,-6.999999284744263,1,2.2417633422803718,45.08296023096894,14.483526684560744,30.5994335464082,30.599433546408203,64835.26684560744,40273955.02533487,162214146.1205247
V2,1.0,IS,2026-07-22,ZIM,short,-3.999999165534973,1,0.31782915052300975,-36.85059293653336,10.635658301046021,-47.48625123757938,-47.48625123757938,26356.583010460196,210161.20071271397,1810725.5417176322
V2,1.0,IS,2026-07-22,JETS,short,-2.000001072883606,2,1.4777047736876585,45.05097872527593,6.955409547375318,38.095569177900614,38.095569177900614,49554.09547375317,1051008.8712620789,4362723.450254604
V2,1.0,IS,2026-07-23,ZIM,long,2.99999862909317,1,0.32873885599467634,249.02420854611296,10.657477711989344,238.36673083412362,238.36673083412364,26574.77711989353,740979.8458144334,2095728.2448708147
V2,1.0,IS,2026-07-23,COIN,long,2.000001072883606,1,2.1236320629273977,-89.8502812098144,14.247264125854798,-104.0975453356692,-104.0975453356692,62472.641258547956,43029077.17140969,122695118.29042658
V2,1.0,IS,2026-07-23,GLXY,long,2.000001072883606,1,3.204070116267052,199.21912357677192,16.408140232534095,182.81098334423783,182.81098334423783,84081.40232534106,1801825.1853975167,12953137.64658433
V2,1.0,IS,2026-07-23,HOOD,long,2.000001072883606,1,2.262107126656121,5.126012942957906,14.524214253312241,-9.398201310354334,-9.398201310354334,65242.14253312242,72007454.74150014,235068871.55278286
V2,1.0,IS,2026-07-27,ITA,long,6.50000125169754,1,0.893068972195089,130.84097718464474,5.786137944390177,125.05483924025457,125.05483924025455,37861.37944390178,6459287.63476492,22443258.886936024
V2,1.0,IS,2026-07-27,JETS,long,6.000000238418579,2,1.5197387309459933,137.95351228839266,7.039477461891977,130.91403482650068,130.91403482650068,50394.774618919866,3144559.984209648,9395994.365755925
V2,1.0,IS,2026-07-27,ZIM,short,-6.000000238418579,1,0.23652453251990346,97.90436894989485,10.473049065039802,87.43131988485504,87.43131988485504,24730.49065039807,494950.68195203843,1014996.5123777193
V2,1.0,IS,2026-07-27,COIN,long,5.0000011920928955,1,2.1268449349559173,425.94567777915205,14.253689869911852,411.6919879092402,411.6919879092402,62536.89869911835,46733364.235231556,168552117.8475332
V2,1.0,IS,2026-07-27,GLXY,long,5.0000011920928955,1,3.231513779450382,82.43040386337267,16.463027558900762,65.96737630447191,65.96737630447191,84630.27558900764,1764102.5178859872,10629965.310763424
V2,1.0,IS,2026-07-27,HOOD,long,5.0000011920928955,1,2.2490820939986884,41.72428116787113,14.498164187997375,27.22611697987376,27.22611697987376,64981.641879973766,49086564.6173595,232508393.353886
V2,1.0,IS,2026-07-27,SPY,long,3.999999910593033,2,1.0,0.0,6.0,-6.0,-6.0,40000.0,860836806.4099741,2953265433.9474688
V2,1.0,IS,2026-07-27,IWM,long,2.6666666070620217,3,1.0857862889581913,49.79619812923571,6.171572577916386,43.624625551319326,43.624625551319326,41715.725779163826,230888541.15672413,923077724.0221469
V2,1.0,IS,2026-07-28,COIN,short,-2.000001072883606,1,2.1079899996839044,-290.03785876942936,14.21597999936779,-304.25383876879715,-304.25383876879715,62159.79999367809,36353175.94612359,130795860.95384482
V2,1.0,IS,2026-07-28,GLXY,short,-2.000001072883606,1,3.2246702112232186,389.80326072198505,16.449340422446426,373.35392029953863,373.35392029953863,84493.40422446436,5083955.389943786,19233786.687175766
V2,1.0,IS,2026-07-28,HOOD,short,-2.000001072883606,1,2.2213603379761704,34.77020960090281,14.44272067595234,20.32748892495047,20.32748892495047,64427.20675952341,94051662.13808559,305831399.0474106
V2,1.0,IS,2026-07-29,COIN,short,-7.0000022649765015,1,2.074103379234249,61.30974518900163,14.148206758468497,47.161538430533135,47.161538430533135,61482.06758468498,42327349.4358247,128018573.56140159
V2,1.0,IS,2026-07-29,GLXY,short,-7.0000022649765015,1,3.067815319274831,859.281509515546,16.135630638549628,843.1458788769963,843.1458788769964,81356.30638549662,9874010.507648945,16354713.781016227
V2,1.0,IS,2026-07-29,HOOD,short,-7.0000022649765015,1,2.209314517830249,-22.74580631764219,14.418629035660501,-37.16443535330269,-37.16443535330269,64186.29035660498,36463906.922994606,152037410.76016912
V2,1.0,IS,2026-07-29,ITA,short,-3.4999996423721313,1,0.8535493540539123,245.3924992886016,5.7070987081078215,239.6854005804938,239.6854005804938,37070.987081078245,6611471.617308466,28997676.215122126
V2,1.0,IS,2026-07-29,ZIM,long,3.0000001192092896,1,0.1924316930647261,230.35249473052662,10.384863386129467,219.96763134439715,219.96763134439712,23848.633861294522,298142.372158785,2369089.741040817
V2,1.0,IS,2026-07-29,JETS,short,-2.249998599290848,2,1.51991453968285,-134.7738104867683,7.039829079365688,-141.813639566134,-141.813639566134,50398.290793657,3800632.6198480586,15157040.64337868
V2,1.0,IS,2026-07-30,ITA,long,3.4999996423721313,1,0.9512091351609254,8.403847907146869,5.902418270321851,2.5014296368250175,2.5014296368250175,39024.18270321851,10035285.872285955,20403722.62531194
V2,1.0,IS,2026-07-30,JETS,short,-2.0000018179416656,2,1.545070130950348,20.41047883143552,7.090140261900697,13.320338569534822,13.320338569534822,50901.40261900696,1421066.067992229,8033212.483471261
V2,1.0,IS,2026-07-31,COIN,short,-4.0000006556510925,1,2.1395784588521187,523.6409747570863,14.279156917704256,509.361817839382,509.361817839382,62791.56917704237,184150084.24408767,556262297.5278699
V2,1.0,IS,2026-07-31,GLXY,short,-4.0000006556510925,1,3.857983782172316,761.6468787492522,17.715967564344623,743.9309111849076,743.9309111849076,97159.67564344632,3962210.064656203,18412094.851865493
V2,1.0,IS,2026-07-31,HOOD,short,-4.0000006556510925,1,1.9762749891372342,5.558302795996891,13.952549978274469,-8.394247182277578,-8.394247182277578,59525.499782744686,139826964.42777747,388649021.47347075
V2,1.0,IS,2026-08-03,JETS,long,4.500000178813934,2,1.4572558401662787,20.76897578481545,6.9145116803325575,13.854464104482892,13.854464104482892,49145.116803325574,4501318.474068398,18972652.23637139
V2,1.0,IS,2026-08-03,ITA,short,-2.000001072883606,1,0.9147529685843031,-74.79616400235757,5.829505937168605,-80.62566993952618,-80.62566993952618,38295.05937168606,4842655.1702759275,16864208.690382298
V2,1.0,IS,2026-08-04,TLT,long,3.4999996423721313,1,0.2501679918665507,-13.15014670750579,4.500335983733102,-17.650482691238892,-17.650482691238892,25003.359837331012,62578053.51020806,362155531.9259032
V2,1.0,IS,2026-08-04,JETS,long,2.500002086162567,2,1.454876362865339,-112.63370576844154,6.909752725730684,-119.54345849417223,-119.54345849417223,49097.527257306785,5627166.588626727,13625131.386258861
V2,1.0,IS,2026-08-05,COIN,short,-10.999999940395355,1,2.0077483195418564,-97.91561199621219,14.015496639083707,-111.9311086352959,-111.9311086352959,60154.96639083713,48443084.41318363,154996418.07034135
V2,1.0,IS,2026-08-05,GLXY,short,-10.999999940395355,1,3.5905341092920726,409.08059392769127,17.18106821858413,391.89952570910714,391.89952570910714,91810.68218584145,18612831.77314995,49245328.40356174
V2,1.0,IS,2026-08-05,HOOD,short,-10.999999940395355,1,1.9835724600339277,-33.307128840628465,13.967144920067852,-47.27427376069632,-47.27427376069632,59671.44920067856,47833180.750124514,214952136.55366802
V2,1.0,IS,2026-08-06,ZIM,long,3.500000387430191,1,0.2557889365860784,-206.23784044827258,10.511577873172172,-216.74941832144475,-216.74941832144475,25115.778731721566,655209.5176774187,2387524.00393598
V2,1.0,IS,2026-08-07,COIN,short,-3.0000001192092896,1,1.9403594577611374,-310.16042545538426,13.880718915522266,-324.0411443709065,-324.0411443709065,58807.189155222746,90033539.40851544,217791324.11478326
V2,1.0,IS,2026-08-07,GLXY,short,-3.0000001192092896,1,3.6154149981460844,244.03238109334336,17.230829996292158,226.8015510970512,226.8015510970512,92308.2999629217,6112208.665103823,18619549.93207266
V2,1.0,IS,2026-08-07,HOOD,short,-3.0000001192092896,1,1.9983335479579638,16.677865514514966,13.996667095915928,2.6811984185990383,2.6811984185990383,59966.67095915928,65920048.902713865,203094000.44369552
V2,1.0,IS,2026-08-07,ITA,long,2.99999862909317,1,0.8905564717777997,-44.2941698232943,5.781112943555598,-50.075282766849895,-50.075282766849895,37811.129435555995,3317808.8566739173,11561549.241011927
V2,1.0,IS,2026-08-10,COIN,long,6.999999284744263,1,1.9827309095019974,-321.2380027556579,13.96546181900402,-335.2034645746619,-335.2034645746619,59654.618190039946,25194153.40201433,109835399.15529132
V2,1.0,IS,2026-08-10,GLXY,long,6.999999284744263,1,3.6386267694137504,-522.8806443382094,17.277253538827495,-540.1578978770369,-540.1578978770369,92772.53538827502,2276922.2107637627,11397392.495711792
V2,1.0,IS,2026-08-10,HOOD,long,6.999999284744263,1,2.0002174310931986,124.83474853132182,14.000434862186395,110.83431366913543,110.83431366913543,60004.348621863974,36272908.46146745,126058042.19296956
V2,1.0,IS,2026-08-10,JETS,short,-5.750001966953278,2,1.473012485448643,238.7266958990203,6.946024970897298,231.78067092812302,231.78067092812304,49460.24970897286,1588020.8077379882,8214903.731593319
V2,1.0,IS,2026-08-10,ZIM,short,-3.500000387430191,1,0.26832718260779953,367.69087123933025,10.536654365215611,357.15421687411464,357.15421687411464,25366.54365215599,4948158.901510097,10400393.22709899
V2,1.0,OOS,2026-08-11,COIN,short,-3.0000001192092896,1,2.0229491959926547,-23.924347232754524,14.045898391985308,-37.97024562473983,-37.97024562473983,60458.98391985309,28521424.06143201,102578452.07587136
V2,1.0,OOS,2026-08-11,GLXY,short,-3.0000001192092896,1,3.6748080762441213,131.92144763352937,17.349616152488238,114.57183148104113,114.57183148104113,93496.16152488242,7787060.816282937,17008098.6628203
V2,1.0,OOS,2026-08-11,HOOD,short,-3.0000001192092896,1,2.0318397099525662,-47.26981133048343,14.063679419905135,-61.33349075038856,-61.33349075038857,60636.79419905133,51062241.18800844,165149394.72615215
V2,1.0,OOS,2026-08-11,ZIM,long,2.0000003278255463,1,0.28434731614294245,-184.67155682001788,10.568694632285883,-195.24025145230377,-195.24025145230377,25686.946322858847,1171612.900691416,7653019.101672322
V2,1.0,OOS,2026-08-12,COIN,short,-4.0000006556510925,1,1.9502960362065969,17.486033158790743,13.900592072413193,3.58544108637755,3.58544108637755,59005.92072413193,34878314.561553515,113680583.2828972
V2,1.0,OOS,2026-08-12,GLXY,short,-4.0000006556510925,1,3.6036914829815676,208.54472156165156,17.20738296596312,191.33733859568844,191.33733859568844,92073.82965963134,9849127.328019343,18308971.45200252
V2,1.0,OOS,2026-08-12,HOOD,short,-4.0000006556510925,1,1.979091397800335,159.539905471383,13.958182795600663,145.58172267578234,145.58172267578234,59581.8279560067,69775393.34019208,222478505.21672702
V2,1.0,OOS,2026-08-12,TLT,long,2.000001072883606,1,0.260175744506092,-34.48872644218274,4.520351489012185,-39.00907793119492,-39.00907793119492,25203.514890121838,36584721.384067245,150902804.21385756
V2,1.0,OOS,2026-08-13,TLT,long,2.5000005960464478,1,0.22847100179242077,-9.849927357127694,4.456942003584842,-14.306869360712536,-14.306869360712538,24569.420035848416,35653930.91433867,247393801.18349263
V2,1.0,OOS,2026-08-14,GOOGL,short,-2.499999850988388,2,1.3557975932038757,-13.057185023570465,6.711595186407752,-19.768780209978217,-19.768780209978217,47115.95186407751,236322086.18046376,749336546.6593688
V2,1.0,OOS,2026-08-17,JETS,short,-2.250000834465027,2,1.4358784361605734,115.13147984776134,6.871756872321143,108.2597229754402,108.25972297544021,48717.568723211465,1368064.7876895175,7721087.8698831685
V2,1.0,OOS,2026-08-17,TLT,long,2.000001072883606,1,0.23074304364827575,-38.512884556886455,4.461486087296549,-42.974370644183004,-42.974370644183004,24614.860872965517,28228473.055740543,129571196.17435509
V2,1.0,OOS,2026-08-18,USO,long,3.999999165534973,1,-1.2474281074837135,-91.59713714961711,6.494856214967427,-98.09199336458454,-98.09199336458454,44948.562149674275,48784452.9209806,118473923.64570369
V2,1.0,OOS,2026-08-19,META,long,4.999999888241291,1,1.2550024134257283,110.77094352438293,6.510004826851457,104.26093869753147,104.26093869753147,45100.04826851457,621039586.2340647,1515263216.0212069
V2,1.0,OOS,2026-08-19,ZIM,short,-2.499999850988388,1,0.40313878209001314,-232.54932718412033,10.806277564180021,-243.35560474830035,-243.35560474830038,28062.775641800265,8406577.964339318,17681197.32513968
V2,1.0,OOS,2026-08-20,ITA,long,8.499999344348907,1,0.7639035809706651,-252.45776254485213,5.527807161941325,-257.98556970679346,-257.98556970679346,35278.071619413306,6197822.465437271,16448440.388962917
V2,1.0,OOS,2026-08-21,ITA,short,-22.499999403953552,1,0.8040681595827845,64.00376301674349,5.608136319165567,58.395626697577924,58.39562669757792,36081.36319165569,4051735.613229329,14382947.094278757
V2,1.0,OOS,2026-08-21,COIN,long,2.000001072883606,1,1.8920271728198308,370.7152898272509,13.784054345639674,356.9312354816112,356.9312354816112,57840.54345639662,271557863.65430903,971229166.6973449
V2,1.0,OOS,2026-08-21,GLXY,long,2.000001072883606,1,3.37943139144023,-231.54127187613923,16.75886278288047,-248.3001346590197,-248.3001346590197,87588.6278288046,13261530.87027039,38508599.679374784
V2,1.0,OOS,2026-08-21,HOOD,long,2.000001072883606,1,2.032433416121516,705.3969802717903,14.06486683224307,691.3321134395472,691.3321134395472,60648.66832243032,333813521.4947997,1365840691.369295
V2,1.0,OOS,2026-08-24,COIN,short,-10.999999940395355,1,1.949124787783648,458.01399729887856,13.89824957556732,444.11574772331124,444.1157477233113,58982.49575567296,187678880.41860133,451938872.45886606
V2,1.0,OOS,2026-08-24,GLXY,short,-10.999999940395355,1,3.3782637230741304,210.23382172681156,16.756527446148255,193.4772942806633,193.4772942806633,87565.27446148262,2342056.226771954,10270627.195536282
V2,1.0,OOS,2026-08-24,HOOD,short,-10.999999940395355,1,2.1371337321741,263.52045277650666,14.274267464348213,249.24618531215845,249.24618531215842,62742.674643482,145154989.29666677,405136676.0782215
V2,1.0,OOS,2026-08-25,COIN,short,-4.0000006556510925,1,1.9297157024838332,-644.1071150578737,13.859431404967609,-657.9665464628413,-657.9665464628413,58594.314049676665,84860635.62114187,320335355.7470338
V2,1.0,OOS,2026-08-25,GLXY,short,-4.0000006556510925,1,3.404550049974046,-863.6793759231153,16.80910009994807,-880.4884760230634,-880.4884760230634,88091.00099948094,2463641.7927960334,14472095.889917053
V2,1.0,OOS,2026-08-25,HOOD,short,-4.0000006556510925,1,2.055262607287371,-868.348539458656,14.11052521457475,-882.4590646732307,-882.4590646732308,61105.25214574742,112544321.79431947,367368013.9201053
V2,1.0,OOS,2026-08-26,ITA,long,3.4999996423721313,1,0.7928085023942856,62.56506138141817,5.585617004788574,56.979444376629594,56.979444376629594,35856.17004788572,11190448.499587083,21253560.78125976
V2,1.0,OOS,2026-08-26,TLT,short,-2.5000005960464478,1,0.2107327421657321,1.125405268912264,4.421465484331464,-3.2960602154192005,-3.2960602154192005,24214.65484331464,27487521.965985674,148922106.2177713
V2,1.0,OOS,2026-08-27,TLT,short,-3.999999165534973,1,0.2126628782565723,15.525284532859128,4.4253257565131445,11.099958776345984,11.099958776345984,24253.257565131444,18466156.69010529,109517610.0359694
V2,1.0,OOS,2026-08-27,USO,long,3.0000001192092896,1,-1.276141771793347,189.37952153826708,6.552283543586697,182.8272379946804,182.8272379946804,45522.83543586694,18197525.250495717,39843771.52185456
V2,1.0,OOS,2026-08-27,ITA,short,-2.499997615814209,1,0.8070700618488132,121.32149241089394,5.614140123697624,115.70735228719631,115.70735228719631,36141.401236976264,3731450.912123352,22776999.329585526
V2,1.0,OOS,2026-08-31,JETS,short,-2.99999937415123,2,1.3129973348095172,123.41284816731827,6.625994669619033,116.78685349769924,116.78685349769925,46259.946696190345,2324404.241974284,9632298.067082325
V2,1.0,OOS,2026-08-31,ITA,short,-2.5000005960464478,1,0.7754651714515209,107.06864607111166,5.550930342903044,101.51771572820861,101.51771572820861,35509.30342903042,9339957.22193952,17812511.374592587
V2,1.0,OOS,2026-08-31,USO,long,2.0000003278255463,1,-1.2075072377814413,49.655052674444036,6.415014475562884,43.24003819888115,43.24003819888115,44150.144755628826,18266089.420207206,71910880.44768937
V2,1.0,OOS,2026-09-01,ZIM,short,-2.850000001490116,2,0.4084062333386932,122.39314881630608,10.81681246667739,111.57633634962869,111.57633634962868,28168.124666773863,336599.1910123305,2170300.827712798
V2,1.0,OOS,2026-09-04,MSFT,short,-21.549998968839645,1,1.1651034264224593,175.48950548221885,6.330206852844924,169.15929862937392,169.15929862937392,43302.068528449185,327273915.9101504,1007242619.5325081
V2,1.0,OOS,2026-09-04,GOOGL,long,9.499999694526196,2,1.5093612065957536,-83.31337712005457,7.018722413191512,-90.33209953324608,-90.33209953324608,50187.22413191507,214014785.84640825,733648677.0883002
V2,1.0,OOS,2026-09-08,ITA,short,-4.999999701976776,1,0.8261745057853693,52.45277991942712,5.652349011570742,46.80043090785638,46.80043090785638,36523.490115707384,7879221.351353821,13430008.881054996
V2,1.0,OOS,2026-09-08,MSFT,long,4.749999940395355,1,1.1906941488639409,68.94587281730557,6.381388297727881,62.56448451957769,62.56448451957769,43813.882977278816,425760452.67204463,1082379308.8991578
V2,1.0,OOS,2026-09-08,GOOGL,short,-2.775000035762787,2,1.5334103325435853,-152.14574822690585,7.066820665087164,-159.21256889199302,-159.21256889199302,50668.20665087171,476620508.50148684,1259781947.0256636
V2,1.0,OOS,2026-09-08,META,short,-2.149999886751175,1,1.1929657939278244,-1.5708072106818214,6.385931587855649,-7.9567387985374705,-7.9567387985374705,43859.31587855649,440521487.50281745,1108487915.5810115
V2,1.0,OOS,2026-09-09,JETS,short,-2.5000005960464478,2,1.3057704388921436,-61.9821437825731,6.611540877784286,-68.59368466035738,-68.59368466035738,46115.40877784288,2839269.431401579,4985481.577372379
V2,1.0,OOS,2026-09-10,FRO,long,8.000000566244125,1,0.21105836847968998,232.9675933496318,10.422116736959367,222.54547661267245,222.54547661267245,24221.1673695938,5739642.140882689,27580038.820109196
V2,1.0,OOS,2026-09-10,STNG,long,8.000000566244125,1,-0.00330931749047504,63.094018964569834,10.006618634980953,53.08740032958888,53.087400329588874,20066.1863498095,1927172.4139886121,8712945.099991772
V2,1.0,OOS,2026-09-10,ZIM,long,7.175000105053186,2,0.22152234047951047,-56.77045724444447,10.44304468095902,-67.21350192540349,-67.21350192540349,24430.446809590212,662048.366640846,5313189.267412479
V2,1.0,OOS,2026-09-10,TLT,short,-3.4999996423721313,1,0.19610802183223472,23.5581452841258,4.392216043664469,19.16592924046133,19.16592924046133,23922.16043664469,67448720.26904169,318985370.13427377
V2,1.0,OOS,2026-09-11,TLT,short,-6.499999761581421,1,0.2312557342889394,51.9179048050407,4.46251146857788,47.45539333646282,47.45539333646282,24625.11468577879,65419796.830449946,464279042.0289462
V2,1.0,OOS,2026-09-11,USO,short,-3.0000001192092896,1,-1.677197914064319,-143.8954398828709,7.354395828128645,-151.24983571099955,-151.24983571099955,53543.95828128638,46731027.07438533,142744181.87074298
V2,1.0,OOS,2026-09-14,MSFT,short,-11.150000244379044,1,1.3857896101035085,-133.4765247374046,6.77157922020703,-140.24810395761162,-140.24810395761162,47715.79220207017,469903872.5352254,1414232985.0500145
V2,1.0,OOS,2026-09-14,COIN,long,10.999999940395355,1,2.0813766791005954,537.4385010623222,14.162753358201144,523.275747704121,523.275747704121,61627.53358201191,168527313.14147386,486227791.1056828
V2,1.0,OOS,2026-09-14,GLXY,long,10.999999940395355,1,3.4752154173074263,386.84301124800623,16.95043083461485,369.8925804133914,369.8925804133914,89504.30834614852,2917497.0874863723,9308887.293304289
V2,1.0,OOS,2026-09-14,HOOD,long,10.999999940395355,1,2.3643800215880426,128.0533548510237,14.72876004317608,113.32459480784762,113.32459480784762,67287.60043176085,147528727.57898107,406281239.94256175
V2,1.0,OOS,2026-09-14,GOOGL,long,6.025000289082527,2,1.6539810003820954,146.71459965780483,7.307962000764178,139.40663765704065,139.40663765704065,53079.620007641905,724630301.4249041,2087026366.5457404
V2,1.0,OOS,2026-09-14,ZIM,short,-4.024999588727951,2,0.4751134541676175,61.39357444238682,10.950226908335239,50.44334753405158,50.44334753405158,29502.269083352352,2367036.8608472124,6474605.444101822
V2,1.0,OOS,2026-09-14,FRO,short,-3.999999165534973,1,0.17973046838083676,-49.516320441449984,10.359460936761671,-59.875781378211656,-59.87578137821165,23594.609367616733,14449419.80057394,41470033.199532494
V2,1.0,OOS,2026-09-14,STNG,short,-3.999999165534973,1,-0.01963778232055054,29.874306564234193,10.039275564641102,19.83503099959309,19.83503099959309,20392.75564641101,1710554.805637761,5059553.69536608
V2,1.0,OOS,2026-09-14,ITA,short,-2.5000005960464478,1,0.7004474101816318,7.190234518459848,5.400894820363264,1.789339698096584,1.789339698096584,34008.94820363264,10876921.205874125,21487503.476118084
V2,1.0,OOS,2026-09-14,USO,long,2.500000223517418,1,-1.8299710249750678,-131.1467225188321,7.659942049950132,-138.80666456878222,-138.80666456878222,56599.42049950136,33838756.54429015,107625144.92279802
V2,1.0,OOS,2026-09-15,COIN,short,-6.999999284744263,1,1.9197064440567153,557.7650314984347,13.83941288811343,543.9256186103213,543.9256186103213,58394.12888113431,117565377.89956893,356865572.25366324
V2,1.0,OOS,2026-09-15,GLXY,short,-6.999999284744263,1,3.642707392807743,277.96485632932087,17.2854147856155,260.67944154370537,260.67944154370537,92854.14785615487,1344808.39472529,9074724.726915417
V2,1.0,OOS,2026-09-15,HOOD,short,-6.999999284744263,1,2.8026313545253028,12.766067854349458,15.605262709050606,-2.839194854701148,-2.839194854701148,76052.62709050605,146380190.16659033,450163349.2895661
V2,1.0,OOS,2026-09-15,ITA,long,3.4999996423721313,1,0.8088091768099641,-106.821411323383,5.617618353619932,-112.43902967700294,-112.43902967700292,36176.183536199285,5777469.443497036,15525291.674522527
V2,1.0,OOS,2026-09-15,TLT,short,-2.0000040531158447,1,0.26624560248550083,-20.128850940426016,4.532491204971002,-24.66134214539702,-24.66134214539702,25324.91204971002,170261570.46448404,372472996.1510128
V2,1.0,OOS,2026-09-18,JETS,long,3.6666671435038247,3,1.3751543942143094,18.905994467816186,6.750308788428619,12.155685679387567,12.155685679387567,47503.087884286186,5821517.955347393,10169330.909119787
V2,1.0,OOS,2026-09-21,JETS,long,3.1666661302248635,3,1.388302526263616,-0.8105400531286875,6.776605052527232,-7.58714510565592,-7.587145105655921,47766.05052527232,2366502.7748680753,11884320.594051193
V2,1.0,OOS,2026-09-21,FRO,long,2.0000003278255463,1,0.04068880604810484,-6.870459165164125,10.081377612096212,-16.951836777260336,-16.951836777260336,20813.776120962095,18492254.82732416,50962545.45798558
V2,1.0,OOS,2026-09-21,STNG,long,2.0000003278255463,1,-0.09300984204429366,64.8326648661404,10.186019684088585,54.64664518205182,54.64664518205183,21860.196840885874,4384265.606820911,10494299.828085393
V2,1.0,OOS,2026-09-22,JETS,long,4.33333416779836,3,1.4290269638404323,-169.75513860249373,6.8580539276808565,-176.6131925301746,-176.6131925301746,48580.539276808646,2796425.7707390008,12642837.032649323
V2,1.0,OOS,2026-09-23,MPC,short,-3.999999165534973,1,-0.5066775401620692,150.71412269404544,11.013355080324146,139.7007676137213,139.7007676137213,30133.55080324138,56743761.908836074,136396722.45737013
V2,1.0,OOS,2026-09-23,PSX,short,-3.999999165534973,1,-0.6182708436187946,143.73754392387983,11.236541687237576,132.50100223664225,132.50100223664225,32365.416872375892,23446052.158375245,84960047.33372384
V2,1.0,OOS,2026-09-23,VLO,short,-3.999999165534973,1,-0.38063109686296687,144.62352457002575,10.76126219372594,133.8622623762998,133.8622623762998,27612.621937259337,94135661.78786725,217730570.13630927
V2,1.0,OOS,2026-09-23,JETS,short,-2.0000005761782327,3,1.485746522559347,109.30566475393418,6.971493045118692,102.33417170881549,102.33417170881549,49714.930451186934,1881737.2166156748,5630990.485055879
V2,1.0,OOS,2026-09-24,MPC,long,12.999999523162842,1,-0.5782472008872079,-72.05452823774449,11.156494401774424,-83.21102263951892,-83.21102263951892,31564.944017744157,22759070.809374698,86662240.76732808
V2,1.0,OOS,2026-09-24,PSX,long,12.999999523162842,1,-0.6722846196462193,-83.30171927562559,11.34456923929244,-94.64628851491803,-94.64628851491803,33445.692392924386,19550993.677011397,67266467.01079142
V2,1.0,OOS,2026-09-24,VLO,long,12.999999523162842,1,-0.48601701136131364,121.82662185865061,10.972034022722625,110.85458783592799,110.85458783592799,29720.340227226272,42195687.24430295,156059436.86976582
V2,1.0,OOS,2026-09-24,VGK,long,3.4999996423721313,1,0.7959448528185044,-14.40757854033694,5.59188970563701,-19.99946824597395,-19.99946824597395,35918.897056370086,4181235.506558658,11371965.95066631
V2,1.0,OOS,2026-09-25,MPC,long,5.000000447034836,1,-0.5361937027514239,233.42016108536401,11.072387405502838,222.34777367986118,222.3477736798612,30723.87405502848,13688863.51699187,76802268.32603247
V2,1.0,OOS,2026-09-25,PSX,long,5.000000447034836,1,-0.5911506819756508,138.89621043265998,11.182301363951296,127.71390906870869,127.71390906870867,31823.013639513018,12353137.953874832,48147008.263153784
V2,1.0,OOS,2026-09-25,VLO,long,5.000000447034836,1,-0.42966326117329057,259.057566646283,10.859326522346578,248.19824012393644,248.19824012393644,28593.265223465813,29865200.932136204,153193864.0082738
V2,1.0,OOS,2026-09-25,USO,short,-2.0000003278255463,1,-2.714871310285253,8.465445540099832,9.429742620570506,-0.9642970804706739,-0.9642970804706738,74297.42620570507,17128705.087541237,53223320.3060649
V2,1.0,OOS,2026-09-28,VGK,long,5.000000447034836,1,0.7954474139113462,59.63099031657796,5.590894827822694,54.04009548875526,54.04009548875526,35908.948278226926,3589575.483374424,10094249.674636042
V2,1.0,OOS,2026-09-28,TLT,short,-4.500001668930054,2,0.4185614462940423,-12.0744619039832,4.8371228925880825,-16.911584796571283,-16.911584796571283,28371.22892588085,104359373.05731672,371375363.08017004
V2,1.0,OOS,2026-09-28,USO,long,4.4999998062849045,1,-2.782153983968307,-222.85997577786043,9.5643079679366,-232.42428374579703,-232.42428374579703,75643.07967936614,13671150.398878137,77227555.709025
V2,1.0,OOS,2026-09-28,SPY,short,-4.00000015894572,3,1.0,-0.0,6.0,-6.0,-6.0,40000.0,1087871697.2144728,2948310565.345006
V2,1.0,OOS,2026-09-28,ITA,short,-2.500000223517418,2,0.8595651041856216,97.93344130711898,5.71913020837124,92.21431109874774,92.21431109874774,37191.302083712435,9238921.702951444,16995667.45650694
V2,1.0,OOS,2026-09-28,JETS,short,-2.124999463558197,4,1.7025986628930145,-56.78247568501846,7.405197325786027,-64.18767301080449,-64.18767301080449,54051.973257860285,2133686.6679026443,8670079.439055054
V2,1.0,OOS,2026-09-29,VGK,short,-2.0000003278255463,1,0.798123805676619,-10.015587598947102,5.596247611353238,-15.61183521030034,-15.611835210300338,35962.47611353238,6172389.437801398,14074716.804989187
V2,1.0,OOS,2026-09-30,AEP,long,20.999997854232788,1,0.12024705444458365,-109.5252454957398,4.240494108889166,-113.76573960462896,-113.76573960462898,22404.941088891675,4027621.6257940736,24398463.859847516
V2,1.0,OOS,2026-09-30,VRT,long,17.499998211860657,1,2.963075605297081,-168.0179683641899,15.926151210594156,-183.94411957478405,-183.94411957478405,79261.51210594161,40281202.26125942,128691611.73565494
V2,1.0,OOS,2026-09-30,AEE,long,12.000000476837158,1,0.07257079351784242,-131.2230884709637,10.145141587035681,-141.36823005799937,-141.36823005799937,21451.415870356846,4218205.520820559,10220822.659928914
V2,1.0,OOS,2026-09-30,MPC,short,-7.999999076128006,1,-0.47936097028575436,84.74614812337559,10.958721940571508,73.78742618280408,73.78742618280408,29587.21940571509,17995298.9508296,56375767.05666494
V2,1.0,OOS,2026-09-30,PSX,short,-7.999999076128006,1,-0.5286009074605699,87.84807049717121,11.057201814921143,76.79086868225006,76.79086868225006,30572.018149211395,13118039.207988022,40667116.124955155
V2,1.0,OOS,2026-09-30,VLO,short,-7.999999076128006,1,-0.40912109283837167,157.3646364500633,10.818242185676752,146.54639426438655,146.54639426438655,28182.421856767436,35023662.66144642,107414741.78740685
V2,1.0,OOS,2026-09-30,SPY,long,4.8666660363475485,3,1.0,0.0,6.0,-6.0,-6.0,40000.0,716203521.4004028,2103591186.5445027
V2,1.0,OOS,2026-09-30,IWM,long,4.533333020905654,3,0.9557488148393176,-29.483052001897146,5.911497629678639,-35.394549631575785,-35.394549631575785,39114.97629678635,214710007.11722425,702050525.6763015
V2,1.0,OOS,2026-09-30,TLT,long,3.0000001192092896,2,0.4410335691989158,-17.982248637464206,4.882067138397833,-22.86431577586204,-22.86431577586204,28820.671383978315,62989880.23345525,311972789.0857881
V2,1.0,OOS,2026-09-30,XHB,long,2.5000005960464478,2,1.3939847245691843,-98.39809881845161,6.787969449138373,-105.18606826758999,-105.18606826758999,47879.694491383685,1600099.8011213983,11279352.277589116
V2,1.0,OOS,2026-10-01,GOOGL,long,20.41666650523742,3,1.428097656127353,-350.89073715366675,6.856195312254727,-357.7469324659215,-357.7469324659215,48561.953122547064,592775563.5343692,1905412437.686015
V2,1.0,OOS,2026-10-01,MPC,long,7.999999821186066,1,-0.5132059880473328,686.2205211766332,11.026411976094664,675.1941092005385,675.1941092005385,30264.119760946654,23001510.897562303,79062407.61760053
V2,1.0,OOS,2026-10-01,PSX,long,7.999999821186066,1,-0.5329878179846053,429.6831171008742,11.06597563596921,418.617141464905,418.617141464905,30659.756359692106,17257578.802549005,42887743.77824054
V2,1.0,OOS,2026-10-01,VLO,long,7.999999821186066,1,-0.4440955401460691,545.274426328366,10.888191080292131,534.3862352480738,534.3862352480738,28881.910802921382,21860929.450097237,83186081.21058965
V2,1.0,OOS,2026-10-01,ETR,long,4.999999701976776,1,0.4316222841354619,169.9306859122234,10.863244568270915,159.06744134395248,159.06744134395248,28632.445682709236,3234807.5958663947,13277090.016227404
V2,1.0,OOS,2026-10-01,AEE,long,2.000001072883606,1,0.10438399450327204,82.41787403612857,10.208767989006546,72.20910604712202,72.20910604712202,22087.679890065443,3992924.0983298374,10964629.27298133
V2,1.0,OOS,2026-10-01,FRO,short,-2.0000003278255463,1,-0.17873227525978186,-434.45102453173286,10.35746455051958,-444.80848908225244,-444.80848908225244,23574.645505195636,6387269.459123093,22018337.518489484
V2,1.0,OOS,2026-10-01,STNG,short,-2.0000003278255463,1,0.009419487386261294,-315.05810127597255,10.018838974772507,-325.07694025074505,-325.07694025074505,20188.389747725225,911894.6944083709,9282141.292015843
V2,1.0,OOS,2026-10-02,ETR,long,4.0000006556510925,1,0.4335717460810904,-10.596342053088154,10.867143492162182,-21.463485545250336,-21.463485545250336,28671.434921621807,2729163.3321071966,12034899.4528203
V2,1.0,OOS,2026-10-02,TLT,long,3.4999996423721313,2,0.43239512897938454,-52.52192085930011,4.8647902579587665,-57.386711117258876,-57.386711117258876,28647.90257958769,128662165.23529874,579814888.0407156
V2,1.0,OOS,2026-10-02,SPY,long,3.3666674668590226,3,0.9999999999999999,-2.168404344971009e-15,6.0,-6.000000000000002,-6.000000000000002,40000.0,1079655887.982926,4063475163.8041296
V2,1.0,OOS,2026-10-02,AEE,long,3.0000001192092896,1,0.09668114835436191,-7.829572972950902,10.193362296708724,-18.022935269659627,-18.022935269659627,21933.622967087238,4907512.492215343,16762694.486250501
V2,1.0,OOS,2026-10-02,VRT,long,3.0000001192092896,1,3.0123238810685375,102.1867000841986,16.02464776213708,86.16205232206153,86.16205232206153,80246.47762137075,34538843.07917403,145694517.6469665
V2,1.0,OOS,2026-10-02,IWM,long,2.3999997725089393,3,0.9466658989974734,-17.618875489799187,5.893331797994946,-23.512207287794133,-23.512207287794133,38933.31797994947,511985705.35913026,1419358817.990894
V2,1.0,OOS,2026-10-02,XHB,long,2.049998100847006,2,1.3585699263236959,-157.3664777715597,6.717139852647392,-164.08361762420708,-164.08361762420708,47171.398526473924,4916539.192121203,60238637.31355355
V2,1.0,OOS,2026-10-02,AEP,long,2.000001072883606,1,0.142108789182619,-78.74945053766982,4.284217578365244,-83.03366811603506,-83.03366811603506,22842.17578365238,15006860.606388684,48773981.501307696
V2,2.0,IS,2026-01-05,JETS,short,-8.000000566244125,1,1.2254528473515425,-233.26575780677146,12.901811389406163,-246.16756919617762,-246.16756919617765,44509.05694703085,1589507.608,14116383.7106
V2,2.0,IS,2026-01-05,SMH,short,-3.0000001192092896,1,2.2153430678718147,139.39077128031875,16.861372271487255,122.52939900883149,122.5293990088315,64306.8613574363,149102089.55159998,537489238.823
V2,2.0,IS,2026-01-05,TSM,short,-3.0000001192092896,1,2.073713586172246,279.5883560761711,16.294854344688986,263.29350173148214,263.29350173148214,61474.27172344492,596935755.0684,1433741950.9194002
V2,2.0,IS,2026-01-06,JETS,long,3.4999996423721313,1,1.2547485592558476,-32.69495222176613,13.018994237023392,-45.71394645878952,-45.71394645878952,45094.97118511695,575292.978,10074479.993500002
V2,2.0,IS,2026-01-09,JETS,short,-2.4999991059303284,1,1.33160171168793,-0.07342109210487467,13.32640684675172,-13.399827938856594,-13.399827938856594,46632.0342337586,1372391.8089,7133999.469200001
V2,2.0,IS,2026-01-12,JETS,long,3.0000001192092896,1,1.3635580926666886,-86.73561001313797,13.454232370666759,-100.18984238380473,-100.18984238380473,47271.161853333775,3533110.1652,12565388.780300003
V2,2.0,IS,2026-01-13,COIN,short,-8.500003814697266,1,3.560708750097785,-380.9363555738496,34.24283500039115,-415.17919057424075,-415.17919057424075,91214.1750019557,107765778.6582,311079843.867
V2,2.0,IS,2026-01-13,GLXY,short,-8.500003814697266,1,4.22506613058132,-562.3785819294599,36.9002645223253,-599.2788464517852,-599.2788464517852,104501.3226116264,3324891.1580000003,11782389.1965
V2,2.0,IS,2026-01-13,HOOD,short,-8.500003814697266,1,4.347575621419164,-350.67709883963516,37.39030248567667,-388.06740132531183,-388.06740132531183,106951.51242838328,81410121.1872,332173397.2225
V2,2.0,IS,2026-01-14,ITA,short,-38.999998569488525,1,1.1925844188628363,-94.42499620049547,12.770337675451344,-107.19533387594682,-107.19533387594682,43851.68837725672,12921089.6376,34135596.3585
V2,2.0,IS,2026-01-15,COIN,long,16.00000262260437,1,3.4664554957933427,-332.4539414518929,33.86582198317336,-366.31976343506625,-366.31976343506625,89329.10991586685,113835259.4568,437013024.944
V2,2.0,IS,2026-01-15,GLXY,long,16.00000262260437,1,4.096357106594135,749.6792398216915,36.38542842637651,713.293811395315,713.293811395315,101927.14213188269,31017142.8063,68970199.3679
V2,2.0,IS,2026-01-15,HOOD,long,16.00000262260437,1,4.364121983095873,-623.178238430745,37.45648793238354,-660.6347263631285,-660.6347263631285,107282.43966191747,105195532.2873,393409905.7593
V2,2.0,IS,2026-01-16,COIN,long,12.000000476837158,1,3.4376392919312733,173.02236193637611,33.750557167725106,139.271804768651,139.271804768651,88752.78583862545,119145641.9562,291315599.3311
V2,2.0,IS,2026-01-16,GLXY,long,12.000000476837158,1,4.1512324042572075,594.5637937722132,36.6049296170288,557.9588641551844,557.9588641551844,103024.64808514414,38587564.982200004,101593296.3967
V2,2.0,IS,2026-01-16,HOOD,long,12.000000476837158,1,4.285850139932346,-77.69846349640417,37.143400559729386,-114.84186405613356,-114.84186405613355,105717.0027986469,225327030.897,701377774.7269001
V2,2.0,IS,2026-01-20,ITA,long,6.000000238418579,1,1.1759793538839824,-86.00444286851457,12.703917415535926,-98.7083602840505,-98.7083602840505,43519.58707767965,31844276.51,81359642.668
V2,2.0,IS,2026-01-22,COIN,long,5.500000715255737,1,3.1363401085275395,-193.3770648864461,32.545360434110165,-225.92242532055627,-225.9224253205563,82726.80217055079,68270983.434,232191689.9911
V2,2.0,IS,2026-01-22,GLXY,long,5.500000715255737,1,3.6755337997686945,-622.6803398396044,34.702135199074746,-657.3824750386791,-657.3824750386791,93510.6759953739,5317320.9265,19161669.1329
V2,2.0,IS,2026-01-22,HOOD,long,5.500000715255737,1,3.663306693566406,-60.93315767358296,34.653226774265626,-95.58638444784859,-95.58638444784859,93266.13387132813,54349999.3606,238048948.12399998
V2,2.0,IS,2026-01-23,COIN,long,2.5000005960464478,1,2.907801115569997,-301.65252262092775,31.63120446227998,-333.28372708320774,-333.28372708320774,78156.02231139994,126971696.6931,389218328.2749
V2,2.0,IS,2026-01-23,GLXY,long,2.5000005960464478,1,3.570193597214976,468.88802560214435,34.280774388859925,434.6072512132844,434.60725121328437,91403.87194429952,5719322.112,30153148.4232
V2,2.0,IS,2026-01-23,HOOD,long,2.5000005960464478,1,3.6098766009131134,-44.9391821797859,34.43950640365246,-79.37868858343836,-79.37868858343836,92197.53201826225,63692945.4391,280382780.40059996
V2,2.0,IS,2026-01-26,COIN,long,10.000002384185791,1,2.931022188259728,-30.84446343514664,31.72408875303891,-62.56855218818555,-62.56855218818554,78620.44376519456,95826338.2544,235066364.7513
V2,2.0,IS,2026-01-26,GLXY,long,10.000002384185791,1,3.6464673803786174,-221.63660271174516,34.58586952151447,-256.2224722332596,-256.2224722332596,92929.34760757234,4154684.2308,17963454.6376
V2,2.0,IS,2026-01-26,HOOD,long,10.000002384185791,1,3.5898657463040897,-44.83647248536166,34.35946298521636,-79.19593547057802,-79.19593547057802,91797.3149260818,76246194.4578,235956620.46269998
V2,2.0,IS,2026-01-26,ITA,short,-5.499999225139618,1,1.1196302664063773,90.56293013158599,12.478521065625515,78.08440906596047,78.08440906596047,42392.605328127545,11577998.7477,30292467.8839
V2,2.0,IS,2026-01-26,SMH,short,-2.0000003278255463,1,2.135198175460311,57.85575704785652,16.540792701841248,41.31496434601527,41.31496434601527,62703.96350920622,71951828.0475,242065995.355
V2,2.0,IS,2026-01-26,TSM,short,-2.0000003278255463,1,1.8036092228436154,58.88945582088382,15.214436891374461,43.675018929509356,43.675018929509356,56072.18445687231,176549846.69500002,478566820.585
V2,2.0,IS,2026-01-27,JETS,short,-3.0000001192092896,1,1.418432989114641,191.98408903043446,13.673731956458568,178.3103570739759,178.3103570739759,48368.65978229282,2852326.0728,13070569.9692
V2,2.0,IS,2026-01-29,COIN,long,2.0000040531158447,1,2.8257631561435175,-267.5887617442704,31.303052624574093,-298.8918143688445,-298.8918143688445,76515.26312287035,105061317.5,349285345.4276
V2,2.0,IS,2026-01-29,GLXY,long,2.0000040531158447,1,3.646455676206114,-189.82078974080025,34.585822704824466,-224.40661244562472,-224.40661244562475,92929.1135241223,6234885.545,20458693.280599996
V2,2.0,IS,2026-01-29,HOOD,long,2.0000040531158447,1,3.534085388069841,-124.73208761482623,34.136341552279376,-158.8684291671056,-158.8684291671056,90681.70776139681,76289283.161,391178490.816
V2,2.0,IS,2026-01-30,ITA,long,4.500000178813934,1,1.1294355023817482,53.12360898788564,12.517742009526991,40.60586697835865,40.60586697835865,42588.710047634966,7482103.3154,18708568.7726
V2,2.0,IS,2026-01-30,COIN,short,-3.50000262260437,1,2.8085166239201733,194.68549177616234,31.23406649568068,163.45142528048166,163.45142528048166,76170.33247840346,51582728.2062,180307604.1635
V2,2.0,IS,2026-01-30,GLXY,short,-3.50000262260437,1,3.6713222027382257,298.3111668776244,34.6852888109529,263.6258780666715,263.6258780666715,93426.44405476452,5223885.236,15863386.9654
V2,2.0,IS,2026-01-30,HOOD,short,-3.50000262260437,1,3.4853365186096417,320.8308379284924,33.94134607443857,286.8894918540538,286.8894918540538,89706.73037219283,75798467.8224,351390560.6279
V2,2.0,IS,2026-01-30,JETS,short,-3.500000387430191,1,1.367665433162258,96.82913010381736,13.470661732649035,83.35846837116833,83.35846837116833,47353.30866324515,1626651.1557,7798929.2691
V2,2.0,IS,2026-02-02,ITA,short,-4.999999701976776,1,1.1324313735621252,90.71746828278289,12.529725494248495,78.1877427885344,78.1877427885344,42648.62747124251,13276863.700399999,33885178.7176
V2,2.0,IS,2026-02-02,COIN,long,4.000002145767212,1,2.8319997853136707,-345.0099276404488,31.32799914125468,-376.33792678170346,-376.33792678170346,76639.99570627342,142231653.8648,424871176.7317
V2,2.0,IS,2026-02-02,GLXY,long,4.000002145767212,1,3.7214140353389205,-484.54642905657573,34.885656141355696,-519.4320851979314,-519.4320851979314,94428.28070677842,8798416.5503,30131481.837500002
V2,2.0,IS,2026-02-02,HOOD,long,4.000002145767212,1,3.484888928850709,-919.8073365077862,33.939555715402776,-953.746892223189,-953.746892223189,89697.77857701418,286153883.40000004,1238711875.6934001
V2,2.0,IS,2026-02-03,COIN,short,-5.500000715255737,1,2.6543899875991936,216.84695354591705,30.61755995039678,186.22939359552026,186.22939359552026,73087.79975198387,67567895.713,284476000.0473
V2,2.0,IS,2026-02-03,GLXY,short,-5.500000715255737,1,3.3499059831815674,959.8815287563583,33.399623932726286,926.481904823632,926.481904823632,86998.11966363135,11873496.448,66386192.711
V2,2.0,IS,2026-02-03,HOOD,short,-5.500000715255737,1,3.229106834442907,25.903348848365994,32.91642733777163,-7.013078489405636,-7.013078489405635,84582.13668885815,107287263.77209999,443192123.16249996
V2,2.0,IS,2026-02-04,COIN,long,6.999999284744263,1,2.649568891148558,-265.22593295575507,30.598275564594246,-295.8242085203493,-295.8242085203493,72991.37782297116,101708979.56120001,347845426.292
V2,2.0,IS,2026-02-04,GLXY,long,6.999999284744263,1,3.750656120138938,-407.0981091293065,35.00262448055577,-442.1007336098623,-442.10073360986223,95013.12240277877,7845882.2324,33693061.205000006
V2,2.0,IS,2026-02-04,HOOD,long,6.999999284744263,1,3.179046680254571,-298.30839706606156,32.71618672101829,-331.02458378707985,-331.02458378707985,83580.93360509141,165294710.0943,711115174.4312
V2,2.0,IS,2026-02-05,ITA,short,-2.4999991059303284,1,1.0989095281897425,-83.81895403945435,12.395638112758974,-96.21459215221333,-96.21459215221333,41978.19056379485,11649053.4722,41479169.1057
V2,2.0,IS,2026-02-09,COIN,long,2.499997615814209,1,3.4748285501068303,218.23834752791743,33.89931420042731,184.3390333274901,184.3390333274901,89496.5710021366,102151033.9372,273515603.4957
V2,2.0,IS,2026-02-09,GLXY,long,2.499997615814209,1,5.178855782601461,600.1913220660392,40.71542313040584,559.4758989356334,559.4758989356334,123577.11565202923,4765297.7929,23818535.311800003
V2,2.0,IS,2026-02-09,HOOD,long,2.499997615814209,1,3.737571529853585,-43.67698047111835,34.950286119414336,-78.62726659053268,-78.62726659053268,94751.4305970717,215236389.968,758903256.6708
V2,2.0,IS,2026-02-10,ITA,short,-2.000001072883606,1,1.1937691540428241,45.81145024387437,12.775076616171297,33.03637362770307,33.03637362770307,43875.38308085649,7208910.2775,20353331.5633
V2,2.0,IS,2026-02-11,ITA,short,-2.499999850988388,1,1.1991966230578772,72.08820040877463,12.796786492231504,59.29141391654312,59.29141391654313,43983.93246115754,4700458.3041,15580280.091900002
V2,2.0,IS,2026-02-12,COIN,short,-2.999997138977051,1,3.529989851262682,136.79148647538304,34.119959405050736,102.6715270703323,102.6715270703323,90599.79702525365,72850251.18710001,295570953.12299997
V2,2.0,IS,2026-02-12,GLXY,short,-2.999997138977051,1,5.0521858134312865,-839.265637247086,40.208743253725174,-879.4743805008112,-879.4743805008112,121043.71626862574,2963533.1319,12407551.774099998
V2,2.0,IS,2026-02-12,HOOD,short,-2.999997138977051,1,3.7269032727984293,295.0395105422088,34.907613091193696,260.1318974510151,260.1318974510151,94538.06545596858,149761756.22489998,612271134.7174
V2,2.0,IS,2026-02-13,COIN,long,3.0000030994415283,1,3.5977142435274176,704.4100277233191,34.390856974109624,670.0191707492095,670.0191707492095,91954.28487054835,230081892.87600002,723000379.7688999
V2,2.0,IS,2026-02-13,GLXY,long,3.0000030994415283,1,4.69750281293766,570.4014433487401,38.790011251750684,531.6114320969895,531.6114320969895,113950.0562587532,2848385.2826,12098354.201399999
V2,2.0,IS,2026-02-13,HOOD,long,3.0000030994415283,1,3.8379467107249323,487.6228102803113,35.35178684289974,452.27102343741154,452.27102343741154,96758.93421449864,152863446.7933,634699451.4001
V2,2.0,IS,2026-02-18,COIN,long,8.99999737739563,1,3.6268232699951914,-201.29938854466738,34.50729307998077,-235.80668162464815,-235.80668162464815,92536.46539990383,61193519.2635,279180217.1008
V2,2.0,IS,2026-02-18,GLXY,long,8.99999737739563,1,4.879811723341279,-33.92790126374587,39.51924689336513,-73.447148157111,-73.447148157111,117596.23446682558,2027259.8918,7840939.9329
V2,2.0,IS,2026-02-18,HOOD,long,8.99999737739563,1,3.8907006482876385,-75.26502377908135,35.56280259315055,-110.8278263722319,-110.8278263722319,97814.01296575277,72054986.4141,299203289.49509996
V2,2.0,IS,2026-02-19,COIN,short,-14.000004529953003,1,3.619616502850768,-178.88210444901063,34.47846601140307,-213.3605704604137,-213.36057046041367,92392.33005701535,41418013.8126,215355064.9227
V2,2.0,IS,2026-02-19,GLXY,short,-14.000004529953003,1,4.887595486085556,-68.38493023896932,39.55038194434222,-107.93531218331154,-107.93531218331154,117751.90972171111,2648508.6807,8794025.1005
V2,2.0,IS,2026-02-19,HOOD,short,-14.000004529953003,1,3.8404422447678894,-129.84456958711854,35.36176897907154,-165.20633856619008,-165.20633856619008,96808.84489535778,59912263.62940001,261426686.27019998
V2,2.0,IS,2026-02-19,JETS,short,-3.0000001192092896,1,1.4648019622898252,283.7065214862634,13.859207849159304,269.8473136371041,269.8473136371041,49296.039245796506,941295.079,8941454.4021
V2,2.0,IS,2026-02-20,COIN,short,-11.499994993209839,1,3.5216408260419665,-29.052872989044353,34.08656330416787,-63.13943629321222,-63.13943629321222,90432.81652083933,61376166.172000006,254439349.0643
V2,2.0,IS,2026-02-20,GLXY,short,-11.499994993209839,1,4.936712078493093,639.7109084970228,39.74684831397235,599.9640601830505,599.9640601830505,118734.24156986186,1619677.9576,9874025.1704
V2,2.0,IS,2026-02-20,HOOD,short,-11.499994993209839,1,3.613732323407097,246.5256992940644,34.454929293628396,212.070770000436,212.07077000043603,92274.64646814195,106322409.9496,381180038.32780004
V2,2.0,IS,2026-02-23,COIN,short,-28.499996662139893,1,3.616752052895249,70.68648853503036,34.467008211580996,36.21948032344937,36.21948032344937,92335.04105790498,84703693.5794159,294848340.05022365
V2,2.0,IS,2026-02-23,GLXY,short,-28.499996662139893,1,5.052230666687255,-262.3837291742076,40.208922666749004,-302.5926518409566,-302.5926518409566,121044.6133337451,2295963.2941028555,10242057.684420014
V2,2.0,IS,2026-02-23,HOOD,short,-28.499996662139893,1,3.6452898804789076,87.44647093986663,34.58115952191563,52.865311417951,52.865311417951006,92905.79760957815,62998921.377439775,426189090.2638184
V2,2.0,IS,2026-02-26,COIN,long,4.000002145767212,1,3.9730604871881976,205.99677216453514,35.8922419487528,170.10453021578235,170.10453021578235,99461.20974376395,86458622.85447247,378094276.959074
V2,2.0,IS,2026-02-26,GLXY,long,4.000002145767212,1,5.252676746509609,29.521754174125885,41.010706986038436,-11.48895281191255,-11.48895281191255,125053.53493019218,3374156.964464114,13826768.770789862
V2,2.0,IS,2026-02-26,HOOD,long,4.000002145767212,1,3.513119835381532,527.589203794007,34.05247934152612,493.5367244524808,493.5367244524809,90262.39670763064,72417734.08592978,266425564.00907204
V2,2.0,IS,2026-03-02,COIN,long,21.99999988079071,1,3.882107523440311,295.2166993621364,35.528430093761244,259.68826926837517,259.68826926837517,97642.15046880623,83831978.49518208,301182012.6225068
V2,2.0,IS,2026-03-02,GLXY,long,21.99999988079071,1,5.2863633687244045,267.5871955486066,41.145453474897636,226.44174207370895,226.44174207370895,125727.26737448809,2764383.441141941,8235431.946824892
V2,2.0,IS,2026-03-02,HOOD,long,21.99999988079071,1,3.4236607069251375,332.2859269024137,33.694642827700534,298.59128407471314,298.59128407471314,88473.21413850274,117317416.88615441,366416831.8566978
V2,2.0,IS,2026-03-03,COIN,long,3.4999966621398926,1,3.8836216022417287,-15.274924835657345,35.53448640896691,-50.80941124462426,-50.80941124462426,97672.43204483457,72292331.4674028,257212915.60309514
V2,2.0,IS,2026-03-03,GLXY,long,3.4999966621398926,1,5.285649552621282,-410.3542048145444,41.14259821048512,-451.4968030250295,-451.4968030250295,125712.99105242564,1593160.3686786974,6431381.340403773
V2,2.0,IS,2026-03-03,HOOD,long,3.4999966621398926,1,3.4157514605682233,10.554145049670344,33.663005842272895,-23.10886079260255,-23.10886079260255,88315.02921136447,98930404.91202463,276278970.06286967
V2,2.0,IS,2026-03-03,ITA,long,2.0000003278255463,1,0.9622912610955467,-226.44106662560782,11.849165044382175,-238.29023166999,-238.29023166998996,39245.825221910934,30619324.94381384,96297354.7995641
V2,2.0,IS,2026-03-04,JETS,short,-3.999999165534973,1,1.4430814553234879,218.98187047600373,13.772325821293947,205.2095446547098,205.2095446547098,48861.62910646975,3085713.262843459,8936495.855818614
V2,2.0,IS,2026-03-04,COIN,long,3.4999966621398926,1,3.749558905800789,467.3474957972151,34.99823562320313,432.349260174012,432.349260174012,94991.17811601578,539716296.0929574,1134121506.5192032
V2,2.0,IS,2026-03-04,GLXY,long,3.4999966621398926,1,5.222803565109179,900.3222966187058,40.891214260436755,859.431082358269,859.431082358269,124456.07130218358,4662694.921475185,19338888.30976481
V2,2.0,IS,2026-03-04,HOOD,long,3.4999966621398926,1,3.33245051490042,156.56602532032335,33.32980205960169,123.23622326072166,123.23622326072166,86649.01029800842,173158256.01229167,677590732.2286338
V2,2.0,IS,2026-03-05,JETS,long,2.4999991059303284,1,1.4081873392561062,-273.5652871871749,13.632749357024409,-287.1980365441993,-287.1980365441993,48163.74678512212,3373076.1074247486,22271821.792547386
V2,2.0,IS,2026-03-05,ITA,long,2.000001072883606,1,1.0165731205255062,-206.86930360950205,12.066292482102028,-218.93559609160408,-218.93559609160408,40331.462410510125,15548791.989208927,44406956.7789697
V2,2.0,IS,2026-03-09,JETS,short,-8.500000834465027,1,1.5115397854389712,-175.32950483411278,14.04615914175588,-189.37566397586866,-189.37566397586866,50230.79570877942,6778292.559441764,37376416.6606284
V2,2.0,IS,2026-03-09,ITA,long,7.500000298023224,1,0.9999562478198614,-139.02576921875888,11.99982499127944,-151.02559421003832,-151.02559421003832,39999.12495639723,30514667.24856338,68453624.95309252
V2,2.0,IS,2026-03-10,ITA,short,-3.4999996423721313,1,0.9597236993368496,41.866558352133204,11.8388947973474,30.027663554785804,30.027663554785804,39194.47398673699,10384915.530796325,26094377.2591396
V2,2.0,IS,2026-03-10,JETS,long,3.0000001192092896,1,1.5244395141991107,-71.38381994633629,14.09775805679645,-85.48157800313274,-85.48157800313274,50488.79028398222,4295233.305167718,20150132.946914617
V2,2.0,IS,2026-03-11,ITA,long,5.0000011920928955,1,0.9661507154756104,32.214045204363174,11.86460286190244,20.349442342460733,20.349442342460733,39323.01430951221,10348180.899948215,24381863.365144435
V2,2.0,IS,2026-03-12,COIN,short,-2.499997615814209,1,4.067699536716614,-164.38999649445975,36.27079814686647,-200.66079464132622,-200.66079464132622,101353.99073433228,51166129.75823613,219856863.6656484
V2,2.0,IS,2026-03-12,GLXY,short,-2.499997615814209,1,5.928310564707705,-182.49489485391027,43.71324225883083,-226.2081371127411,-226.20813711274107,138566.2112941541,837127.6629497195,3543934.7302925326
V2,2.0,IS,2026-03-12,HOOD,short,-2.499997615814209,1,3.639549311595531,-119.34855449570101,34.558197246382136,-153.90675174208315,-153.90675174208315,92790.9862319106,56605129.49800259,227792596.89057583
V2,2.0,IS,2026-03-13,ITA,short,-3.999999165534973,1,1.0879588047050954,28.51594598473539,12.351835218820383,16.164110765915005,16.164110765915005,41759.17609410191,7122989.82774904,28817355.62522208
V2,2.0,IS,2026-03-13,COIN,long,2.999997138977051,1,4.025667375808581,16.566743991368803,36.102669503234324,-19.53592551186552,-19.53592551186552,100513.34751617162,203587291.93253475,525576189.4663025
V2,2.0,IS,2026-03-13,GLXY,long,2.999997138977051,1,5.543756791370204,924.4067849587353,42.175027165480856,882.2317577932545,882.2317577932544,130875.13582740408,4016900.783498346,17147541.97550612
V2,2.0,IS,2026-03-13,HOOD,long,2.999997138977051,1,3.54901834924068,-70.13285886422597,34.19607339696272,-104.32893226118868,-104.32893226118868,90980.3669848136,108983463.4867303,411829690.15995467
V2,2.0,IS,2026-03-16,JETS,short,-6.50000274181366,1,1.6357873350336238,-74.08269207429551,14.543149340134491,-88.62584141443,-88.62584141443,52715.74670067247,3944701.9484427,16467772.040495243
V2,2.0,IS,2026-03-16,ITA,long,3.0000001192092896,1,1.0970614620983299,66.63094887094964,12.388245848393318,54.24270302255632,54.24270302255632,41941.2292419666,10768234.020458054,29617736.840843294
V2,2.0,IS,2026-03-16,COIN,long,2.0000040531158447,1,3.9439567943668745,32.67013660508179,35.7758271774675,-3.1056905723857113,-3.1056905723857113,98879.13588733748,142483427.02827796,486295126.95765436
V2,2.0,IS,2026-03-16,GLXY,long,2.0000040531158447,1,5.325233018311392,-174.47070573709703,41.300932073245576,-215.7716378103426,-215.7716378103426,126504.66036622785,4607088.00341455,19638957.0574087
V2,2.0,IS,2026-03-16,HOOD,long,2.0000040531158447,1,3.558030945320115,-5.575918607468914,34.232123781280464,-39.80804238874938,-39.80804238874938,91160.6189064023,82032168.19828282,277730121.03735745
V2,2.0,IS,2026-03-18,ITA,short,-4.999999701976776,1,1.074769015315104,-81.71425890022896,12.299076061260408,-94.01333496148936,-94.01333496148936,41495.380306302075,5908257.191798644,20456692.360484507
V2,2.0,IS,2026-03-18,JETS,short,-4.000002145767212,1,1.7039795697367441,1.148738744340752,14.815918278946977,-13.667179534606225,-13.667179534606225,54079.59139473489,5541994.415913796,48545871.439144015
V2,2.0,IS,2026-03-19,JETS,short,-5.500000715255737,1,1.6838939965771893,-126.90012545586075,14.73557598630876,-141.6357014421695,-141.6357014421695,53677.87993154378,3967043.522380083,13366587.566691946
V2,2.0,IS,2026-03-20,JETS,short,-7.999998331069946,1,1.6809919273828702,21.171890505303804,14.72396770953148,6.447922795772323,6.447922795772323,53619.838547657404,1626164.5029274046,26055830.144110262
V2,2.0,IS,2026-03-23,JETS,long,13.999998569488525,1,1.6389565565194422,-34.070140666595435,14.55582622607777,-48.625966892673205,-48.625966892673205,52779.13113038885,12007971.57648752,36539125.03163256
V2,2.0,IS,2026-03-23,ITA,short,-2.5000005960464478,1,0.9934228046910576,89.26676142477673,11.97369121876423,77.2930702060125,77.2930702060125,39868.45609382115,9282550.281054271,31089666.498772737
V2,2.0,IS,2026-03-24,JETS,short,-2.499997615814209,1,1.7366520480652095,-70.01094132835675,14.94660819226084,-84.95754952061759,-84.95754952061759,54733.04096130419,2515217.3173163254,11088805.689954907
V2,2.0,IS,2026-03-25,COIN,short,-2.999997138977051,1,3.9573743223625746,74.69318442986379,35.8294972894503,38.86368714041349,38.86368714041349,99147.48644725149,75455007.91818781,368937968.0185714
V2,2.0,IS,2026-03-25,GLXY,short,-2.999997138977051,1,5.088479744137872,106.72463503072103,40.35391897655148,66.37071605416955,66.37071605416955,121769.59488275743,2306411.094057535,6297398.09502068
V2,2.0,IS,2026-03-25,HOOD,short,-2.999997138977051,1,3.4910470084269565,-199.05577872939506,33.96418803370784,-233.0199667631029,-233.01996676310293,89820.94016853913,155638160.58053902,468181324.3023498
V2,2.0,IS,2026-03-26,COIN,short,-5.0000011920928955,1,3.920203284069082,-210.26320665585726,35.68081313627633,-245.9440197921336,-245.94401979213356,98404.06568138163,93640981.02109104,251874044.09967935
V2,2.0,IS,2026-03-26,GLXY,short,-5.0000011920928955,1,5.041117533061636,74.55821860180761,40.16447013224654,34.39374846956107,34.39374846956107,120822.35066123272,969479.44799205,3843834.487446391
V2,2.0,IS,2026-03-26,HOOD,short,-5.0000011920928955,1,3.5580488162685424,-268.3183667028232,34.232195265074154,-302.55056196789735,-302.55056196789735,91160.97632537084,40203264.3366478,200881469.2385741
V2,2.0,IS,2026-03-26,JETS,short,-2.999997138977051,1,1.765939197249705,-216.70798720143827,15.06375678899883,-231.7717439904371,-231.77174399043707,55318.7839449941,2082350.002649238,9273357.142410835
V2,2.0,IS,2026-03-27,ITA,long,3.4999996423721313,1,1.0320583784067037,-3.5799505844919497,12.128233513626814,-15.708184098118764,-15.708184098118764,40641.16756813407,4436411.676210705,16174221.775009703
V2,2.0,IS,2026-03-30,COIN,short,-7.4999988079071045,1,3.8243429135296707,-260.88594024111893,35.297371654118706,-296.18331189523764,-296.18331189523764,96486.85827059342,71742321.23855643,222344188.52797925
V2,2.0,IS,2026-03-30,GLXY,short,-7.4999988079071045,1,5.027052860235594,94.38802847047637,40.10821144094238,54.279817029533994,54.27981702953399,120541.05720471188,5716242.50543994,9549848.766328903
V2,2.0,IS,2026-03-30,HOOD,short,-7.4999988079071045,1,3.3983573644581044,-173.8872325537426,33.59342945783243,-207.48066201157502,-207.48066201157502,87967.1472891621,60479331.40381723,235769445.22587374
V2,2.0,IS,2026-03-30,JETS,short,-5.999994277954102,1,1.6982162934260314,45.16555032499779,14.792865173704126,30.372685151293663,30.372685151293663,53964.32586852063,2296959.9131244984,11688401.786818491
V2,2.0,IS,2026-03-31,COIN,short,-8.499997854232788,1,3.825696795607873,18.786665359821068,35.302787182431494,-16.516121822610426,-16.516121822610426,96513.93591215747,45076450.27421334,213075827.88640088
V2,2.0,IS,2026-03-31,GLXY,short,-8.499997854232788,1,5.066691372979107,389.130074949938,40.26676549191643,348.86330945802155,348.86330945802155,121333.82745958214,3722176.722742595,16018351.077993028
V2,2.0,IS,2026-03-31,HOOD,short,-8.499997854232788,1,3.4104674826617556,81.77456211988648,33.64186993064702,48.132692189239464,48.132692189239464,88209.34965323511,77126321.52324736,283347155.2128672
V2,2.0,IS,2026-03-31,JETS,long,6.000000238418579,1,1.724058972896812,-27.806322621630777,14.896235891587246,-42.70255851321802,-42.70255851321802,54481.17945793625,1872993.9270200424,13850973.341442917
V2,2.0,IS,2026-04-01,JETS,long,10.499998927116394,1,1.6746001355885143,71.18564654111924,14.698400542354058,56.48724599876518,56.48724599876518,53492.00271177029,3450594.336680525,16545105.279841075
V2,2.0,IS,2026-04-02,COIN,long,16.500002145767212,1,3.5084532339833,-283.77027786252694,34.03381293593321,-317.80409079846015,-317.80409079846015,90169.064679666,51482852.26355194,247579076.17482707
V2,2.0,IS,2026-04-02,GLXY,long,16.500002145767212,1,4.356507060265774,-81.66314167971395,37.426028241063094,-119.08916992077704,-119.08916992077704,107130.14120531549,2176917.4600794,9801736.418239834
V2,2.0,IS,2026-04-02,HOOD,long,16.500002145767212,1,3.1182259329079987,-197.40658721920954,32.47290373163199,-229.87949095084153,-229.87949095084156,82364.51865815997,95634061.75588202,310802057.21982926
V2,2.0,IS,2026-04-02,ITA,short,-3.0000001192092896,1,1.0755661567208434,94.81246079584348,12.302264626883371,82.5101961689601,82.5101961689601,41511.323134416874,4893671.84610018,13599034.54343548
V2,2.0,IS,2026-04-06,ITA,long,2.5000005960464478,1,1.0592864470654566,81.79258126765036,12.237145788261827,69.55543547938854,69.55543547938854,41185.728941309135,10500678.79547915,25981660.817528296
V2,2.0,IS,2026-04-07,JETS,short,-3.0000030994415283,1,1.6727605088698314,46.53210498594052,14.691042035479327,31.841062950461193,31.841062950461193,53455.21017739663,2973145.6146110417,9533871.231657855
V2,2.0,IS,2026-04-08,JETS,long,31.50000125169754,1,1.6709507942950879,-411.28557059467073,14.68380317718038,-425.9693737718511,-425.9693737718511,53419.015885901754,21011421.022404373,45184612.77699175
V2,2.0,IS,2026-04-08,COIN,short,-6.999999284744263,1,3.55710225915218,651.7742139324049,34.228409036608696,617.5458048957962,617.5458048957962,91142.0451830436,127010018.18162541,368261521.45928156
V2,2.0,IS,2026-04-08,GLXY,short,-6.999999284744263,1,4.424672401120904,605.4327732657986,37.69868960448366,567.7340836613149,567.7340836613149,108493.44802241807,5046076.066227238,18205678.032592405
V2,2.0,IS,2026-04-08,HOOD,short,-6.999999284744263,1,3.1417229614408417,621.680168148319,32.566891845763394,589.1132763025556,589.1132763025556,82834.45922881682,224333329.89832404,616748271.5358694
V2,2.0,IS,2026-04-09,JETS,long,3.0000001192092896,1,1.7331454247642928,-46.18648965846943,14.932581699057174,-61.11907135752661,-61.11907135752661,54662.908495285854,3532511.1333167194,9752622.75386724
V2,2.0,IS,2026-04-09,COIN,short,-2.5000035762786865,1,3.1935869180561363,622.5000543535087,32.77434767222451,589.7257066812842,589.7257066812842,83871.73836112271,45100918.3196327,210375863.94231403
V2,2.0,IS,2026-04-09,GLXY,short,-2.5000035762786865,1,4.057053355848827,-995.8389523213776,36.22821342339523,-1032.0671657447729,-1032.0671657447729,101141.06711697653,742057.6678971121,3977562.0742984735
V2,2.0,IS,2026-04-09,HOOD,short,-2.5000035762786865,1,2.960295791644234,424.5882564320907,31.84118316657691,392.7470732655138,392.7470732655138,79205.91583288468,54535468.17961169,237864517.01871443
V2,2.0,IS,2026-04-10,ITA,long,2.000001072883606,1,1.0816756408475106,-66.64823699705602,12.326702563390043,-78.97493956044606,-78.97493956044606,41633.51281695021,6280938.6956851855,19791856.95710428
V2,2.0,IS,2026-04-13,JETS,short,-5.0000011920928955,1,1.7198265982299705,9.173780904519653,14.879306392919883,-5.70552548840023,-5.70552548840023,54396.53196459942,1815084.4120988024,7061939.399392075
V2,2.0,IS,2026-04-15,JETS,short,-5.0000011920928955,1,1.7272577912866447,110.08014723731344,14.909031165146587,95.17111607216685,95.17111607216685,54545.1558257329,1461539.1013851264,8241907.027624078
V2,2.0,IS,2026-04-15,COIN,long,4.499995708465576,1,3.2801848016105586,339.2351868118731,33.12073920644224,306.1144476054309,306.1144476054309,85603.69603221117,65297602.80376534,233013731.46726903
V2,2.0,IS,2026-04-15,GLXY,long,4.499995708465576,1,4.176247338566888,60.663930979777476,36.70498935426755,23.958941625509922,23.958941625509922,103524.94677133777,5055703.8071697075,18498745.04347133
V2,2.0,IS,2026-04-15,HOOD,long,4.499995708465576,1,3.1567530755586923,251.65506452658408,32.62701230223476,219.02805222434932,219.02805222434932,83135.06151117384,444118028.70541245,1421415252.2808852
V2,2.0,IS,2026-04-16,COIN,long,4.499995708465576,1,3.334391763326831,92.13758674325989,33.337567053307325,58.80001968995256,58.800019689952556,86687.83526653663,68536592.70393223,323270281.36166763
V2,2.0,IS,2026-04-16,GLXY,long,4.499995708465576,1,4.169676800858997,-209.93910606087954,36.678707203436005,-246.61781326431554,-246.61781326431552,103393.53601717994,3955688.8872328075,11887539.494756786
V2,2.0,IS,2026-04-16,HOOD,long,4.499995708465576,1,3.2647554957004714,-288.54359143315907,33.05902198280188,-321.60261341596095,-321.60261341596095,85295.10991400943,266165865.80426174,1085037742.4174078
V2,2.0,IS,2026-04-17,JETS,long,6.999999284744263,1,1.7514464547236737,-139.5433830389418,15.00578581889468,-154.5491688578365,-154.5491688578365,55028.92909447347,10244163.500545058,39960685.37371362
V2,2.0,IS,2026-04-20,COIN,short,-12.999999523162842,1,3.4652315551481596,-534.9047462861138,33.86092622059266,-568.7656725067064,-568.7656725067064,89304.63110296319,90419453.82033904,305716152.31193334
V2,2.0,IS,2026-04-20,GLXY,short,-12.999999523162842,1,4.360633981829179,-708.4124779801181,37.442535927316726,-745.8550139074348,-745.8550139074348,107212.67963658358,5627707.060759174,25423462.839381874
V2,2.0,IS,2026-04-20,HOOD,short,-12.999999523162842,1,3.5096436846185566,-179.48437243821166,34.03857473847421,-213.52294717668588,-213.52294717668588,90192.87369237113,152432134.65359718,654228256.42264
V2,2.0,IS,2026-04-20,JETS,short,-6.999999284744263,1,1.8019232708902901,-35.07494493127569,15.20769308356116,-50.28263801483685,-50.28263801483685,56038.465417805804,3789815.042543813,14165412.122066416
V2,2.0,IS,2026-04-22,JETS,long,5.500000715255737,1,1.8345285970692056,-436.1905950434884,15.338114388276836,-451.5287094317652,-451.5287094317652,56690.57194138411,1057280.6005261699,10906929.249021925
V2,2.0,IS,2026-04-23,COIN,long,6.999999284744263,1,3.598785757086098,-160.0516080008909,34.39514302834439,-194.4467510292353,-194.4467510292353,91975.71514172196,54918195.71853972,250229053.8068997
V2,2.0,IS,2026-04-23,GLXY,long,6.999999284744263,1,4.530741085827001,60.085156092187404,38.122964343308006,21.9621917488794,21.9621917488794,110614.82171654003,2091640.966390032,8151230.7857343955
V2,2.0,IS,2026-04-23,HOOD,long,6.999999284744263,1,3.542245950980347,-308.691045754078,34.16898380392138,-342.8600295579994,-342.8600295579994,90844.91901960692,61351223.03480101,279442454.13469636
V2,2.0,IS,2026-04-24,COIN,long,3.999999165534973,1,3.635106813803626,-282.47754157570716,34.540427255214524,-317.0179688309217,-317.0179688309217,92702.13627607252,38895932.05472666,144127247.07596007
V2,2.0,IS,2026-04-24,GLXY,long,3.999999165534973,1,4.50072330896243,-451.91146890280504,38.00289323584974,-489.9143621386548,-489.9143621386548,110014.4661792486,3621301.6645626808,12902832.637243338
V2,2.0,IS,2026-04-24,HOOD,long,3.999999165534973,1,3.5885356669111883,-186.63795901160887,34.35414266764474,-220.9921016792536,-220.99210167925364,91770.71333822375,73078426.2446224,283020468.5294252
V2,2.0,IS,2026-04-27,ITA,short,-3.0000001192092896,1,1.044678123952291,-10.035117972168987,12.178712495809165,-22.213830467978152,-22.213830467978152,40893.562479045824,8509370.565904414,29486725.786001123
V2,2.0,IS,2026-04-27,COIN,short,-2.000001072883606,1,3.611204917268015,219.2948656572967,34.444819669072075,184.85004598822462,184.85004598822462,92224.0983453603,51389764.388100676,283393879.01725906
V2,2.0,IS,2026-04-27,GLXY,short,-2.000001072883606,1,4.442689402302495,474.15357410533,37.770757609209966,436.38281649612003,436.38281649612003,108853.7880460499,5881431.870662704,22937546.249307375
V2,2.0,IS,2026-04-27,HOOD,short,-2.000001072883606,1,3.5743781478512946,139.57848817591005,34.29751259140518,105.28097558450487,105.28097558450487,91487.5629570259,63627922.74574037,292715155.4926394
V2,2.0,IS,2026-04-27,JETS,short,-2.000001072883606,1,1.771725996596536,199.65204092840264,15.086903986386147,184.5651369420165,184.5651369420165,55434.51993193072,1949968.6496963166,29447115.227947578
V2,2.0,IS,2026-04-28,COIN,short,-3.0000001192092896,1,3.5885050427462395,-211.3273721043881,34.35402017098497,-245.68139227537307,-245.68139227537307,91770.10085492479,87546909.5030676,234033818.22942796
V2,2.0,IS,2026-04-28,GLXY,short,-3.0000001192092896,1,4.412165506281155,-708.0231798470512,37.64866202512462,-745.6718418721758,-745.6718418721758,108243.31012562309,4798420.605476544,23774320.484914467
V2,2.0,IS,2026-04-28,HOOD,short,-3.0000001192092896,1,3.567533952756521,-76.73903579309572,34.27013581102608,-111.0091716041218,-111.0091716041218,91350.67905513041,96402917.24702865,256277466.68448517
V2,2.0,IS,2026-04-30,JETS,short,-4.999998211860657,1,1.7532005714047239,41.801285153969125,15.012802285618896,26.78848286835023,26.788482868350226,55064.01142809448,1094411.9999525545,9099001.826155074
V2,2.0,IS,2026-05-04,COIN,long,17.9999977350235,1,3.5606863268222435,273.16678704129134,34.24274530728897,238.92404173400237,238.9240417340024,91213.72653644487,126160077.44407706,364015833.2816653
V2,2.0,IS,2026-05-04,GLXY,long,17.9999977350235,1,4.167531785616993,332.8403527423366,36.67012714246795,296.1702255998687,296.1702255998687,103350.63571233986,4225250.785780257,24350773.407850627
V2,2.0,IS,2026-05-04,HOOD,long,17.9999977350235,1,3.609719134447378,351.9335885417552,34.4388765377895,317.49471200396573,317.49471200396573,92194.38268894756,128853965.01581277,439859794.8050253
V2,2.0,IS,2026-05-04,ITA,short,-3.5000011324882507,1,1.0912459898122457,46.53885220585598,12.364983959248981,34.173868246607,34.173868246607,41824.91979624492,6095674.213629675,14246711.677006058
V2,2.0,IS,2026-05-06,JETS,long,11.000001430511475,1,1.8173602424562123,-136.84389955089648,15.269440969824842,-152.11334052072132,-152.11334052072132,56347.204849124246,4661518.6242882,27826664.298186168
V2,2.0,IS,2026-05-06,ITA,long,2.000001072883606,1,1.0564242415549847,82.84222855392483,12.225696966219942,70.61653158770488,70.61653158770488,41128.4848310997,13219876.39750012,37337538.36130919
V2,2.0,IS,2026-05-07,ZIM,short,-3.0000001192092896,1,0.9633941616862333,572.7408334865783,23.853576646744955,548.8872568398333,548.8872568398333,39267.883233724664,1002876.0602989285,5116126.246448234
V2,2.0,IS,2026-05-08,ZIM,long,9.999999403953552,1,0.9953331092050428,78.81266958895431,23.981332436820168,54.83133715213414,54.83133715213414,39906.66218410085,766548.6227913473,2998304.637121931
V2,2.0,IS,2026-05-08,COIN,long,6.000000238418579,1,2.86825351929647,720.1037320755206,31.473014077185894,688.6307179983347,688.6307179983347,77365.0703859294,129339063.2254233,436962588.32977986
V2,2.0,IS,2026-05-08,GLXY,long,6.000000238418579,1,3.4482311630402975,22.208661174797502,33.79292465216119,-11.584263477363688,-11.584263477363688,88964.62326080595,2516271.3692486635,17688969.528248627
V2,2.0,IS,2026-05-08,HOOD,long,6.000000238418579,1,3.0996727545972314,-2.4709036945961063,32.398691018388924,-34.86959471298503,-34.86959471298503,81993.45509194462,70113988.63764583,261114688.55933997
V2,2.0,IS,2026-05-11,ITA,short,-4.999999701976776,1,1.107860871838032,-73.61729390188187,12.431443487352126,-86.04873738923399,-86.04873738923399,42157.21743676064,7105507.362453294,15134435.262750886
V2,2.0,IS,2026-05-11,ZIM,short,-4.999999701976776,1,1.0102882202969319,91.16037634013776,24.041152881187728,67.11922345895003,67.11922345895003,40205.76440593864,1405158.2105318967,3668558.0424890085
V2,2.0,IS,2026-05-11,COIN,short,-4.000002145767212,1,2.877102954157835,-700.6314263493358,31.508411816631337,-732.1398381659671,-732.1398381659671,77542.0590831567,90640443.58235109,312625416.3773494
V2,2.0,IS,2026-05-11,GLXY,short,-4.000002145767212,1,3.4379276398500846,-510.40785729918895,33.75171055940035,-544.1595678585893,-544.1595678585893,88758.55279700168,5491561.633943396,21457956.402923018
V2,2.0,IS,2026-05-11,HOOD,short,-4.000002145767212,1,3.0627102661697214,-400.1335700058432,32.250841064678866,-432.38441107052205,-432.384411070522,81254.20532339443,118962898.54214889,330326898.67961526
V2,2.0,IS,2026-05-11,JETS,short,-3.999999165534973,1,1.8415452406479542,269.0878314699768,15.366180962591812,253.72165050738496,253.72165050738496,56830.90481295908,1475054.3169608049,8517830.049969584
V2,2.0,IS,2026-05-12,ZIM,long,2.99999862909317,1,1.0550958305131306,16.0308032765108,24.220383322052523,-8.189580045541724,-8.189580045541724,41101.91661026262,1867464.1598719393,8851919.457810642
V2,2.0,IS,2026-05-12,COIN,long,2.499997615814209,1,2.7653836490126333,-249.06247329801295,31.061534596050535,-280.1240078940635,-280.1240078940635,75307.67298025267,132841186.86883691,357858982.96789086
V2,2.0,IS,2026-05-12,GLXY,long,2.499997615814209,1,3.5659072555517852,90.97936329130002,34.26362902220714,56.71573426909288,56.71573426909287,91318.1451110357,3698755.900947715,17933497.621460065
V2,2.0,IS,2026-05-12,HOOD,long,2.499997615814209,1,2.9446139019794346,-156.83928971528636,31.77845560791775,-188.6177453232041,-188.6177453232041,78892.2780395887,54671838.72736094,192886155.95477828
V2,2.0,IS,2026-05-14,COIN,long,6.000000238418579,1,2.772874141345583,365.37460516389524,31.09149656538233,334.2831085985129,334.2831085985129,75457.48282691166,72005502.73926824,233339987.88857886
V2,2.0,IS,2026-05-14,GLXY,long,6.000000238418579,1,3.546964184960223,178.09453833485387,34.187856739840896,143.90668159501297,143.90668159501297,90939.28369920446,3197796.7228747513,11059476.616527366
V2,2.0,IS,2026-05-14,HOOD,long,6.000000238418579,1,2.9409994048346584,437.41786594931637,31.763997619338625,405.65386832997774,405.65386832997774,78819.98809669317,36560728.3853027,173802309.93620372
V2,2.0,IS,2026-05-15,ITA,long,5.499999225139618,1,1.1729916391415218,-197.35887702333963,12.691966556566086,-210.05084357990572,-210.05084357990572,43459.83278283043,6635614.590861402,17435084.59377476
V2,2.0,IS,2026-05-18,ZIM,long,6.000000238418579,1,1.003641812657283,-83.23505704812318,24.014567250629128,-107.24962429875231,-107.24962429875231,40072.83625314566,1507674.1476889434,2717711.406421909
V2,2.0,IS,2026-05-18,JETS,short,-4.750001430511475,2,1.8383794622626426,55.736073212208,15.353517849050569,40.38255536315743,40.38255536315743,56767.58924525285,2112727.4170363043,10884129.75409979
V2,2.0,IS,2026-05-18,COIN,short,-4.000002145767212,1,2.9541474991488696,-11.289394900103021,31.816589996595482,-43.1059848966985,-43.1059848966985,79082.9499829774,103167206.43432093,310910037.57980555
V2,2.0,IS,2026-05-18,GLXY,short,-4.000002145767212,1,3.6503867358415927,182.3493259606637,34.60154694336637,147.74777901729732,147.74777901729732,93007.73471683187,9815336.79127296,21800938.69272936
V2,2.0,IS,2026-05-18,HOOD,short,-4.000002145767212,1,3.016980683678822,-204.4213883396928,32.067922734715296,-236.4893110744081,-236.4893110744081,80339.61367357644,52652797.418104805,252510265.25706708
V2,2.0,IS,2026-05-20,COIN,short,-7.4999988079071045,1,2.8131618233601814,335.81143533066154,31.252647293440702,304.55878803722084,304.55878803722084,76263.23646720363,59558781.05469452,181951658.92759022
V2,2.0,IS,2026-05-20,GLXY,short,-7.4999988079071045,1,3.699562759353062,316.99032548321406,34.79825103741223,282.19207444580184,282.19207444580184,93991.25518706125,2486337.551098352,9320145.1023697
V2,2.0,IS,2026-05-20,HOOD,short,-7.4999988079071045,1,3.002765072017042,93.16989081099625,32.011060288068165,61.158830522928085,61.158830522928085,80055.30144034083,40618315.457651585,177240078.69857705
V2,2.0,IS,2026-05-21,ZIM,long,2.4999991059303284,1,0.9260574581609389,-35.59217772112009,23.704229832643755,-59.29640755376384,-59.29640755376384,38521.149163218775,1100794.978807504,2517768.5370473326
V2,2.0,IS,2026-05-22,COIN,short,-4.000002145767212,1,2.6000048648376866,443.28443526963,30.400019459350744,412.8844158102793,412.8844158102793,72000.09729675374,51694995.68762173,148346476.53198916
V2,2.0,IS,2026-05-22,GLXY,short,-4.000002145767212,1,3.5797285762458197,279.8403268727643,34.31891430498328,245.52141256778103,245.521412567781,91594.5715249164,3194700.597478991,16622530.390427588
V2,2.0,IS,2026-05-22,HOOD,short,-4.000002145767212,1,2.940479269197371,326.8507544120389,31.761917076789473,295.0888373352494,295.0888373352494,78809.58538394741,52556847.32770412,162558971.92169866
V2,2.0,IS,2026-05-22,JETS,long,2.2499993443489075,2,1.9317819143082346,-1.5694127130902544,15.727127657232938,-17.296540370323193,-17.296540370323193,58635.638286164685,1953519.5198296162,7373728.418320082
V2,2.0,IS,2026-05-26,JETS,long,8.750001341104507,2,1.9839711647618605,191.56026802361353,15.935884659047446,175.62438336456609,175.62438336456609,59679.42329523721,7361005.175881779,24659714.621721834
V2,2.0,IS,2026-05-26,COIN,long,5.0000011920928955,1,2.5735493107828904,-340.5648110944089,30.294197243131578,-370.8590083375405,-370.8590083375405,71470.9862156578,53997772.5773029,220821090.51129168
V2,2.0,IS,2026-05-26,GLXY,long,5.0000011920928955,1,3.5287438481919375,87.3184627166318,34.11497539276775,53.20348732386405,53.203487323864046,90574.87696383875,5392012.851314318,22127858.320057817
V2,2.0,IS,2026-05-26,HOOD,long,5.0000011920928955,1,2.980322666861293,-75.5285629435977,31.921290667445163,-107.44985361104287,-107.44985361104287,79606.45333722586,87212217.53837958,279400536.1947443
V2,2.0,IS,2026-05-26,ITA,long,3.0000001192092896,1,1.3011644837952328,67.82006589944139,13.204657935180933,54.615407964260456,54.615407964260456,46023.289675904656,6531207.707881412,18514127.729273934
V2,2.0,IS,2026-05-27,COIN,short,-2.0000040531158447,1,2.5145035282252994,133.67916034977117,30.05801411290119,103.62114623686998,103.62114623686998,70290.070564506,49723363.546622895,176607949.4791159
V2,2.0,IS,2026-05-27,GLXY,short,-2.0000040531158447,1,3.481519912483437,-157.71095100978312,33.92607964993374,-191.63703065971686,-191.63703065971686,89630.39824966874,3147263.424034804,10143030.85579261
V2,2.0,IS,2026-05-27,HOOD,short,-2.0000040531158447,1,2.938351951983195,-327.88885198081493,31.753407807932774,-359.6422597887477,-359.6422597887477,78767.0390396639,65784076.040356085,305580434.08097297
V2,2.0,IS,2026-05-28,JETS,short,-3.999999910593033,2,1.9680561514891952,-96.86182534856471,15.872224605956774,-112.73404995452148,-112.73404995452147,59361.12302978391,8668977.117881263,22365237.40166095
V2,2.0,IS,2026-06-01,ZIM,long,7.500000298023224,1,0.8212951127958201,490.2472829835602,23.285180451183294,466.9621025323769,466.9621025323769,36425.9022559164,2036382.3874281615,5598108.697026153
V2,2.0,IS,2026-06-01,COIN,short,-6.000000238418579,1,2.4520837649406784,-90.06182845601187,29.80833505976271,-119.87016351577458,-119.87016351577458,69041.67529881357,108639729.28897189,305135080.5449277
V2,2.0,IS,2026-06-01,GLXY,short,-6.000000238418579,1,3.270413362980476,-607.7572012048012,33.08165345192185,-640.838854656723,-640.838854656723,85408.2672596095,3650781.516707972,19325394.80668685
V2,2.0,IS,2026-06-01,HOOD,short,-6.000000238418579,1,2.951409737991921,36.56484305533636,31.805638951967683,4.759204103368678,4.759204103368678,79028.19475983841,300840233.3973631,835076839.774356
V2,2.0,IS,2026-06-01,ITA,short,-4.0000006556510925,1,1.328769747097232,126.03745527413557,13.315078988388933,112.72237628574663,112.72237628574662,46575.394941944636,6769817.91104996,29968367.19825821
V2,2.0,IS,2026-06-02,ITA,short,-3.999999165534973,1,1.2979429071351802,109.76115293306916,13.191771628540721,96.56938130452843,96.56938130452843,45958.858142703604,6049403.065929189,20389004.811642833
V2,2.0,IS,2026-06-03,COIN,long,6.000000238418579,1,2.446267606031535,-354.9118066634958,29.78507042412616,-384.69687708762194,-384.69687708762194,68925.3521206307,47134756.089417145,256635468.9168275
V2,2.0,IS,2026-06-03,GLXY,long,6.000000238418579,1,3.043002933080032,220.76990265808013,32.17201173232013,188.59789092576,188.59789092576,80860.05866160065,8338129.806993853,30838497.65575587
V2,2.0,IS,2026-06-03,HOOD,long,6.000000238418579,1,2.9384758887108076,-269.32852169165,31.753903554843248,-301.08242524649324,-301.08242524649324,78769.51777421615,106461001.55542259,397237401.9206377
V2,2.0,IS,2026-06-04,ZIM,short,-4.499998688697815,1,0.7691509329016526,-341.1122482267579,23.07660373160661,-364.1888519583645,-364.1888519583645,35383.01865803305,352897.29802206316,3407455.3593110177
V2,2.0,IS,2026-06-04,COIN,short,-4.000002145767212,1,2.5202350328248224,167.42426721924747,30.080940131299286,137.34332708794818,137.34332708794818,70404.70065649645,74240657.63086744,212865982.8939597
V2,2.0,IS,2026-06-04,GLXY,short,-4.000002145767212,1,3.013760209451608,-122.88924160148765,32.05504083780643,-154.94428243929408,-154.94428243929408,80275.20418903216,12079358.753610551,34104155.39870192
V2,2.0,IS,2026-06-04,HOOD,short,-4.000002145767212,1,2.9970154683350048,-411.92379342070666,31.98806187334003,-443.9118552940467,-443.91185529404663,79940.3093667001,76415248.87310131,349194415.9315374
V2,2.0,IS,2026-06-05,ZIM,short,-2.000001072883606,1,0.783958308739611,-80.47841666736525,23.13583323495844,-103.61424990232369,-103.61424990232369,35679.16617479222,472989.1181796319,4967863.622935541
V2,2.0,IS,2026-06-08,ZIM,long,8.99999886751175,1,0.695408370310281,65.36000998109267,22.781633481241123,42.57837649985155,42.57837649985155,33908.16740620562,1164412.4574076845,4283498.6638027495
V2,2.0,IS,2026-06-08,COIN,short,-6.999999284744263,1,2.52571496104584,-489.128231048393,30.1028598441834,-519.2310908925764,-519.2310908925764,70514.2992209168,85977656.83842623,212435855.62137538
V2,2.0,IS,2026-06-08,GLXY,short,-6.999999284744263,1,3.1986955426619414,-1782.2648396085847,32.79478217064775,-1815.0596217792324,-1815.0596217792324,83973.91085323882,18976996.527437244,74460067.54434285
V2,2.0,IS,2026-06-08,HOOD,short,-6.999999284744263,1,2.952105399554569,-210.47129716871868,31.808421598218274,-242.27971876693695,-242.27971876693695,79042.10799109138,95482653.04994383,288505768.26455593
V2,2.0,IS,2026-06-09,COIN,short,-7.999998331069946,1,2.5916968918096623,-119.62452768639113,30.366787567238646,-149.99131525362978,-149.99131525362978,71833.93783619325,42205801.451108925,150480661.75833648
V2,2.0,IS,2026-06-09,GLXY,short,-7.999998331069946,1,3.25304965424391,-912.2359026967998,33.01219861697564,-945.2481013137755,-945.2481013137754,85060.9930848782,10867405.382337006,50840519.772599086
V2,2.0,IS,2026-06-09,HOOD,short,-7.999998331069946,1,3.0023729484453616,-21.108840608561678,32.00949179378145,-53.11833240234313,-53.11833240234313,80047.45896890723,74193509.48665331,295201327.54731274
V2,2.0,IS,2026-06-10,ZIM,long,5.0000011920928955,1,0.6342208686835997,-67.3698836179971,22.536883474734395,-89.9067670927315,-89.9067670927315,32684.417373671993,562312.0373736769,1763631.4755614
V2,2.0,IS,2026-06-11,JETS,short,-5.749998241662979,2,1.6876742097541089,-440.9389165094646,14.750696839016427,-455.68961334848103,-455.68961334848103,53753.48419508217,945667.6763546793,8846270.491449824
V2,2.0,IS,2026-06-11,ITA,short,-3.0000001192092896,1,1.220666479767598,-262.0625418371148,12.882665919070405,-274.9452077561852,-274.9452077561852,44413.329595351956,3760760.2846813668,11833350.667344274
V2,2.0,IS,2026-06-15,ZIM,short,-9.000000357627869,1,0.6842782012151457,351.7881316413305,22.7371128048606,329.0510188364699,329.0510188364699,33685.56402430292,3300377.79948063,10339176.944942571
V2,2.0,IS,2026-06-15,JETS,long,6.000000610947609,2,1.8026942842267855,-145.55065055269435,15.210777136907154,-160.7614276896015,-160.7614276896015,56053.88568453571,10317718.015071126,27659652.625458635
V2,2.0,IS,2026-06-15,COIN,long,2.999997138977051,1,2.5246970831571427,-116.1239371608214,30.09878833262856,-146.22272549344996,-146.22272549344996,70493.94166314285,91563374.2072604,274886168.99527764
V2,2.0,IS,2026-06-15,GLXY,long,2.999997138977051,1,3.420091948279425,-641.3681634954829,33.68036779311774,-675.0485312886007,-675.0485312886007,88401.8389655885,14480330.426379979,36144544.61582829
V2,2.0,IS,2026-06-15,HOOD,long,2.999997138977051,1,2.808047320486416,-162.688357973395,31.232189281945665,-193.92054725534067,-193.92054725534067,76160.94640972832,328628705.36362743,777044028.1045985
V2,2.0,IS,2026-06-16,ZIM,short,-2.0000003278255463,1,0.5175877193687788,56.51892938129965,22.070350877475114,34.448578503824535,34.448578503824535,30351.754387375575,950621.9854992583,3919311.44499627
V2,2.0,IS,2026-06-18,COIN,short,-3.4999966621398926,1,2.631305554084679,227.2215773435059,30.525222216338705,196.6963551271672,196.6963551271672,72626.11108169358,77064169.50352173,184761763.44731504
V2,2.0,IS,2026-06-18,GLXY,short,-3.4999966621398926,1,3.2738914308139306,-13.19778401934907,33.095565723255724,-46.293349742604796,-46.293349742604796,85477.82861627862,5406588.82336537,17620027.186269876
V2,2.0,IS,2026-06-18,HOOD,short,-3.4999966621398926,1,2.510025244571203,-71.34957054517886,30.040100978284812,-101.38967152346368,-101.38967152346368,70200.50489142406,256655829.459644,683525011.5077776
V2,2.0,IS,2026-06-22,SPY,short,-6.6750002559274435,2,1.0,-0.0,12.0,-12.0,-12.0,40000.0,1011877435.9458898,3299108980.011927
V2,2.0,IS,2026-06-22,GLD,short,-5.750000290572643,1,1.2257199519180477,-63.43777926222944,12.902879807672193,-76.34065906990163,-76.34065906990163,44514.399038360956,93816086.4711186,338741385.40248257
V2,2.0,IS,2026-06-22,IWM,short,-5.116666946560144,3,1.2428947766454124,-91.02890174857266,12.971579106581643,-104.00048085515431,-104.00048085515431,44857.89553290825,358337324.128843,1298408312.8258026
V2,2.0,IS,2026-06-22,COIN,short,-4.500001668930054,1,2.525420095712296,-106.71407561187156,30.10168038284918,-136.81575599472075,-136.81575599472075,70508.40191424591,64947174.62749886,323718618.9394076
V2,2.0,IS,2026-06-22,GLXY,short,-4.500001668930054,1,3.2724727288853313,276.7089640061213,33.08989091554133,243.61907309057995,243.61907309057997,85449.45457770662,11209911.734759266,32714754.351206876
V2,2.0,IS,2026-06-22,HOOD,short,-4.500001668930054,1,2.474634327418975,101.82529020936252,29.898537309675902,71.92675289968662,71.92675289968662,69492.6865483795,156243346.15681118,558898853.4030709
V2,2.0,IS,2026-06-22,XHB,short,-2.0000003278255463,1,1.4093911751259234,68.34546782718276,13.637564700503695,54.707903126679064,54.70790312667906,48187.82350251847,5192764.470114593,53926749.548164815
V2,2.0,IS,2026-06-25,ZIM,short,-2.0000003278255463,1,0.4510253156176217,-15.144831273500516,21.80410126247049,-36.948932535971004,-36.948932535971004,29020.506312352438,389542.2770970803,2496695.5683720894
V2,2.0,IS,2026-06-29,ITA,long,4.999999701976776,1,1.0588097645572128,-26.937057271278338,12.235239058228853,-39.17229632950719,-39.17229632950719,41176.19529114426,4714330.9999113185,13719267.052454716
V2,2.0,IS,2026-06-29,JETS,short,-3.500000387430191,2,1.675353308956029,73.30051698957074,14.70141323582412,58.59910375374662,58.59910375374662,53507.06617912058,1975599.2364939381,10857251.116553389
V2,2.0,IS,2026-06-29,COIN,long,3.0000001192092896,1,2.218651572925503,-75.49115774743768,28.87460629170201,-104.36576403913969,-104.36576403913969,64373.03145851006,46840004.84401466,162023351.254539
V2,2.0,IS,2026-06-29,GLXY,long,3.0000001192092896,1,3.129007918977325,-397.8541632348922,32.51603167590929,-430.3701949108015,-430.3701949108015,82580.1583795465,6311906.678118937,18606135.593622454
V2,2.0,IS,2026-06-29,HOOD,long,3.0000001192092896,1,2.3345886319253117,-21.828939057308567,29.33835452770125,-51.167293585009816,-51.167293585009816,66691.77263850624,97091514.56172125,333890388.9663678
V2,2.0,IS,2026-06-30,COIN,short,-2.5000005960464478,1,2.2011454237777217,283.6541573544647,28.804581695110897,254.8495756593538,254.8495756593538,64022.90847555443,45928010.66270045,192464933.09197652
V2,2.0,IS,2026-06-30,GLXY,short,-2.5000005960464478,1,2.9788372033813686,267.4875394615741,31.91534881352547,235.57219064804863,235.57219064804866,79576.74406762737,3459473.315166947,12393498.39643459
V2,2.0,IS,2026-06-30,HOOD,short,-2.5000005960464478,1,2.315709340864444,314.1946529475552,29.262837363457777,284.9318155840974,284.9318155840974,66314.18681728888,83370133.90139224,261855150.231349
V2,2.0,IS,2026-07-02,ITA,short,-3.0000001192092896,1,1.012698437613362,-118.02121418496704,12.050793750453451,-130.0720079354205,-130.0720079354205,40253.96875226724,5932519.468828997,40418636.79664753
V2,2.0,IS,2026-07-06,XHB,long,8.000000566244125,1,1.3224375683405634,-172.48789108061567,13.289750273362245,-185.7776413539779,-185.7776413539779,46448.751366811266,1476680.0709450108,13588067.581443716
V2,2.0,IS,2026-07-06,COIN,long,6.499999761581421,1,2.0258725945544938,395.8285094762341,28.103490378217998,367.7250190980161,367.7250190980161,60517.45189108988,54298740.770506755,134004805.45614547
V2,2.0,IS,2026-07-06,GLXY,long,6.499999761581421,1,2.966315941026664,-53.952283027595506,31.865263764106665,-85.81754679170217,-85.81754679170217,79326.31882053328,3569963.456566854,19238569.196403507
V2,2.0,IS,2026-07-06,HOOD,long,6.499999761581421,1,2.172840014819469,481.31433989359317,28.691360059277883,452.6229798343153,452.6229798343153,63456.80029638938,94745116.08285958,398838104.6158098
V2,2.0,IS,2026-07-06,JETS,short,-6.499998643994331,2,1.5324430235614883,47.890908326616405,14.129772094245958,33.76113623237045,33.76113623237045,50648.86047122977,1495411.1630547647,6746375.641173175
V2,2.0,IS,2026-07-06,IWM,long,5.200000603993733,3,1.1285791577274455,-0.6356933075458374,12.514316630909782,-13.15000993845562,-13.15000993845562,42571.58315454891,162833107.58657613,818153213.6494571
V2,2.0,IS,2026-07-06,SPY,long,3.800000622868538,2,1.0,0.0,12.0,-12.0,-12.0,40000.0,969680835.5474818,3511184610.890415
V2,2.0,IS,2026-07-06,ITA,long,2.5000005960464478,1,0.9951487780878904,23.390976920636724,11.980595112351562,11.410381808285162,11.410381808285162,39902.97556175781,6087601.6560074985,18509642.662052087
V2,2.0,IS,2026-07-08,JETS,short,-3.25000062584877,2,1.4676831896510085,64.43884949497216,13.870732758604035,50.568116736368125,50.568116736368125,49353.663793020176,4205185.462861256,20443236.19832485
V2,2.0,IS,2026-07-08,COIN,short,-2.000001072883606,1,2.3871049071331587,65.60723913402717,29.548419628532635,36.05881950549453,36.05881950549453,67742.09814266318,32830419.74787453,86791833.75292519
V2,2.0,IS,2026-07-08,GLXY,short,-2.000001072883606,1,3.224326685172954,-269.369679723517,32.89730674069182,-302.2669864642088,-302.2669864642088,84486.53370345909,7634294.64924281,25235750.46077854
V2,2.0,IS,2026-07-08,HOOD,short,-2.000001072883606,1,2.467723111501347,-169.89194962449653,29.8708924460054,-199.76284207050193,-199.76284207050193,69354.46223002694,99346802.18613411,324763211.1935088
V2,2.0,IS,2026-07-09,ZIM,short,-2.499999850988388,1,0.31501083397158924,209.13942181200602,21.260043335886365,187.87937847611965,187.87937847611965,26300.21667943178,370914.3103652279,1960173.2515438984
V2,2.0,IS,2026-07-10,COIN,short,-4.499998688697815,1,2.3245218635285334,544.6819167971734,29.298087454114125,515.3838293430592,515.3838293430592,66490.43727057066,66939846.652017504,203527475.0436217
V2,2.0,IS,2026-07-10,GLXY,short,-4.499998688697815,1,3.17579945275213,547.2744955833194,32.70319781100852,514.5712977723109,514.5712977723109,83515.9890550426,4655720.491209133,23395620.45281839
V2,2.0,IS,2026-07-10,HOOD,short,-4.499998688697815,1,2.41581436756521,693.2626912545511,29.663257470260874,663.5994337842902,663.5994337842902,68316.2873513042,148218257.60327682,724704965.3173195
V2,2.0,IS,2026-07-13,COIN,long,4.499998688697815,1,2.235211943741619,176.9304253011717,28.94084777496647,147.98957752620524,147.98957752620524,64704.23887483238,38937698.11942379,115223040.2920539
V2,2.0,IS,2026-07-13,GLXY,long,4.499998688697815,1,3.1142094475613975,-286.75702639303574,32.45683779024557,-319.2138641832813,-319.2138641832813,82284.18895122794,2443861.653287298,12689295.605866551
V2,2.0,IS,2026-07-13,HOOD,long,4.499998688697815,1,2.199118957704398,-29.57747759822816,28.796475830817595,-58.373953429045756,-58.37395342904576,63982.37915408796,109581157.68832186,400114542.82523286
V2,2.0,IS,2026-07-13,ZIM,long,3.4999996423721313,1,0.28802681075018494,-62.13174075656058,21.152107243000735,-83.28384799956132,-83.28384799956132,25760.536215003696,490347.02391409595,2752256.702184818
V2,2.0,IS,2026-07-13,JETS,short,-3.4999974071979523,2,1.454604536973265,98.63384348394372,13.818418147893055,84.81542533605067,84.81542533605067,49092.0907394653,1114351.2609459737,22496987.549359664
V2,2.0,IS,2026-07-14,COIN,short,-4.999998211860657,1,2.127911063708316,-81.68866817253341,28.511644254833257,-110.20031242736667,-110.20031242736667,62558.221274166324,34711898.46071514,94255673.46602432
V2,2.0,IS,2026-07-14,GLXY,short,-4.999998211860657,1,3.2064480870078036,-105.5733665681394,32.825792348031214,-138.39915891617062,-138.39915891617062,84128.96174015607,4075149.108323184,17007871.924518522
V2,2.0,IS,2026-07-14,HOOD,short,-4.999998211860657,1,2.0731945115921113,-193.2556944351694,28.292778046368454,-221.54847248153786,-221.54847248153786,61463.890231842226,100437522.75712611,302063997.8657808
V2,2.0,IS,2026-07-14,XHB,short,-3.0000001192092896,1,1.2895784732944091,42.30733107376946,13.158313893177635,29.149017180591827,29.149017180591827,45791.569465888184,10623594.746704806,36291034.873870105
V2,2.0,IS,2026-07-14,IWM,short,-2.683333260938525,3,1.1309488324787578,48.30069474704639,12.523795329915032,35.77689941713136,35.77689941713136,42618.97664957516,184984085.66133025,734337975.1746781
V2,2.0,IS,2026-07-14,SPY,short,-2.524999831803143,2,0.9999999999999998,-2.168404344971009e-15,12.0,-12.000000000000002,-12.000000000000002,39999.99999999999,903167457.3987763,2857015338.200383
V2,2.0,IS,2026-07-15,ZIM,short,-2.000001072883606,1,0.28835872696308534,-99.87994625697291,21.153434907852343,-121.03338116482526,-121.03338116482527,25767.17453926171,670830.6265134227,4490286.239873132
V2,2.0,IS,2026-07-16,ZIM,long,4.999999701976776,1,0.29977344609003426,-144.58452838198505,21.199093784360144,-165.7836221663452,-165.7836221663452,25995.468921800686,1962770.0501991522,4640349.138399382
V2,2.0,IS,2026-07-16,JETS,short,-2.99999937415123,2,1.426002316276927,-141.3132889373555,13.704009265107715,-155.01729820246322,-155.01729820246322,48520.04632553854,819696.2985368574,7933173.631348206
V2,2.0,IS,2026-07-16,SPY,long,2.549999812617898,2,1.0,0.0,12.0,-12.0,-12.0,40000.0,811608289.1667356,2950920609.897408
V2,2.0,IS,2026-07-17,COIN,short,-14.499998092651367,1,2.190755905305937,-208.1979403848546,28.763023621223738,-236.96096400607834,-236.96096400607834,63815.118106118745,53076847.70709257,182036956.08947694
V2,2.0,IS,2026-07-17,GLXY,short,-14.499998092651367,1,3.315728609685017,-17.429905146080895,33.26291443874007,-50.69281958482097,-50.69281958482097,86314.57219370034,5196493.196056135,22980952.571259253
V2,2.0,IS,2026-07-17,HOOD,short,-14.499998092651367,1,2.174954848566513,72.67851354160157,28.69981939426605,43.978694147335524,43.978694147335524,63499.09697133026,190879666.48518258,614336469.2555059
V2,2.0,IS,2026-07-20,GLD,long,3.100000135600567,1,1.2770096307007768,79.34737605325758,13.108038522803113,66.23933753045446,66.23933753045446,45540.192614015534,39178850.12513145,139353245.486481
V2,2.0,IS,2026-07-20,JETS,long,3.000001609325409,2,1.4006137848763247,76.66792061668087,13.602455139505295,63.06546547717558,63.06546547717558,48012.27569752649,513976.44920152787,6191908.460302336
V2,2.0,IS,2026-07-20,XHB,long,2.99999937415123,1,1.217462655704561,-167.37566707590514,12.869850622818234,-180.24551769872338,-180.24551769872338,44349.253114091225,5934188.344671864,29700064.173213
V2,2.0,IS,2026-07-21,COIN,long,11.499997973442078,1,1.9679907111850898,426.69063745515734,27.87196284474038,398.81867461041696,398.81867461041696,59359.8142237018,129629721.28940387,460640514.15305924
V2,2.0,IS,2026-07-21,GLXY,long,11.499997973442078,1,3.046335938898665,339.81747889790523,32.18534375559466,307.6321351423106,307.6321351423106,80926.71877797329,5607337.230224358,17543544.760705426
V2,2.0,IS,2026-07-21,HOOD,long,11.499997973442078,1,2.204165669906176,286.9309640794346,28.8166626796247,258.1143013998099,258.1143013998099,64083.31339812352,135017657.8980869,385772665.00471354
V2,2.0,IS,2026-07-22,COIN,short,-6.999999284744263,1,2.0920211030287845,376.8728487382649,28.368084412115138,348.50476432614977,348.50476432614977,61840.42206057569,46397938.769381,134299611.31194213
V2,2.0,IS,2026-07-22,GLXY,short,-6.999999284744263,1,3.1367000493515773,-119.22798136330825,32.54680019740631,-151.77478156071456,-151.77478156071456,82734.00098703154,3828355.869611759,12741395.866858143
V2,2.0,IS,2026-07-22,HOOD,short,-6.999999284744263,1,2.2417633422803718,45.08296023096894,28.967053369121487,16.115906861847456,16.115906861847456,64835.26684560744,40273955.02533487,162214146.1205247
V2,2.0,IS,2026-07-22,ZIM,short,-3.999999165534973,1,0.31782915052300975,-36.85059293653336,21.271316602092043,-58.1219095386254,-58.1219095386254,26356.583010460196,210161.20071271397,1810725.5417176322
V2,2.0,IS,2026-07-22,JETS,short,-2.000001072883606,2,1.4777047736876585,45.05097872527593,13.910819094750636,31.140159630525297,31.1401596305253,49554.09547375317,1051008.8712620789,4362723.450254604
V2,2.0,IS,2026-07-23,ZIM,long,2.99999862909317,1,0.32873885599467634,249.02420854611296,21.314955423978716,227.70925312213424,227.7092531221342,26574.77711989353,740979.8458144334,2095728.2448708147
V2,2.0,IS,2026-07-23,COIN,long,2.000001072883606,1,2.1236320629273977,-89.8502812098144,28.494528251709596,-118.344809461524,-118.344809461524,62472.641258547956,43029077.17140969,122695118.29042658
V2,2.0,IS,2026-07-23,GLXY,long,2.000001072883606,1,3.204070116267052,199.21912357677192,32.81628046506822,166.4028431117037,166.4028431117037,84081.40232534106,1801825.1853975167,12953137.64658433
V2,2.0,IS,2026-07-23,HOOD,long,2.000001072883606,1,2.262107126656121,5.126012942957906,29.048428506624482,-23.922415563666576,-23.922415563666576,65242.14253312242,72007454.74150014,235068871.55278286
V2,2.0,IS,2026-07-27,ITA,long,6.50000125169754,1,0.893068972195089,130.84097718464474,11.572275888780354,119.26870129586439,119.26870129586439,37861.37944390178,6459287.63476492,22443258.886936024
V2,2.0,IS,2026-07-27,JETS,long,6.000000238418579,2,1.5197387309459933,137.95351228839266,14.078954923783968,123.87455736460869,123.87455736460869,50394.774618919866,3144559.984209648,9395994.365755925
V2,2.0,IS,2026-07-27,ZIM,short,-6.000000238418579,1,0.23652453251990346,97.90436894989485,20.94609813007962,76.95827081981523,76.95827081981523,24730.49065039807,494950.68195203843,1014996.5123777193
V2,2.0,IS,2026-07-27,COIN,long,5.0000011920928955,1,2.1268449349559173,425.94567777915205,28.507379739823648,397.4382980393284,397.4382980393284,62536.89869911835,46733364.235231556,168552117.8475332
V2,2.0,IS,2026-07-27,GLXY,long,5.0000011920928955,1,3.231513779450382,82.43040386337267,32.926055117801525,49.50434874557115,49.50434874557115,84630.27558900764,1764102.5178859872,10629965.310763424
V2,2.0,IS,2026-07-27,HOOD,long,5.0000011920928955,1,2.2490820939986884,41.72428116787113,28.996328375994754,12.72795279187638,12.72795279187638,64981.641879973766,49086564.6173595,232508393.353886
V2,2.0,IS,2026-07-27,SPY,long,3.999999910593033,2,1.0,0.0,12.0,-12.0,-12.0,40000.0,860836806.4099741,2953265433.9474688
V2,2.0,IS,2026-07-27,IWM,long,2.6666666070620217,3,1.0857862889581913,49.79619812923571,12.343145155832765,37.45305297340295,37.45305297340295,41715.725779163826,230888541.15672413,923077724.0221469
V2,2.0,IS,2026-07-28,COIN,short,-2.000001072883606,1,2.1079899996839044,-290.03785876942936,28.431959998735636,-318.469818768165,-318.469818768165,62159.79999367809,36353175.94612359,130795860.95384482
V2,2.0,IS,2026-07-28,GLXY,short,-2.000001072883606,1,3.2246702112232186,389.80326072198505,32.89868084489285,356.9045798770922,356.9045798770922,84493.40422446436,5083955.389943786,19233786.687175766
V2,2.0,IS,2026-07-28,HOOD,short,-2.000001072883606,1,2.2213603379761704,34.77020960090281,28.88544135190468,5.884768248998128,5.884768248998128,64427.20675952341,94051662.13808559,305831399.0474106
V2,2.0,IS,2026-07-29,COIN,short,-7.0000022649765015,1,2.074103379234249,61.30974518900163,28.296413516936994,33.01333167206464,33.01333167206464,61482.06758468498,42327349.4358247,128018573.56140159
V2,2.0,IS,2026-07-29,GLXY,short,-7.0000022649765015,1,3.067815319274831,859.281509515546,32.27126127709937,827.0102482384466,827.0102482384466,81356.30638549662,9874010.507648945,16354713.781016227
V2,2.0,IS,2026-07-29,HOOD,short,-7.0000022649765015,1,2.209314517830249,-22.74580631764219,28.837258071320996,-51.58306438896319,-51.58306438896319,64186.29035660498,36463906.922994606,152037410.76016912
V2,2.0,IS,2026-07-29,ITA,short,-3.4999996423721313,1,0.8535493540539123,245.3924992886016,11.414197416215643,233.97830187238597,233.978301872386,37070.987081078245,6611471.617308466,28997676.215122126
V2,2.0,IS,2026-07-29,ZIM,long,3.0000001192092896,1,0.1924316930647261,230.35249473052662,20.769726772258906,209.5827679582677,209.5827679582677,23848.633861294522,298142.372158785,2369089.741040817
V2,2.0,IS,2026-07-29,JETS,short,-2.249998599290848,2,1.51991453968285,-134.7738104867683,14.079658158731405,-148.8534686454997,-148.8534686454997,50398.290793657,3800632.6198480586,15157040.64337868
V2,2.0,IS,2026-07-30,ITA,long,3.4999996423721313,1,0.9512091351609254,8.403847907146869,11.804836540643702,-3.4009886334968336,-3.400988633496834,39024.18270321851,10035285.872285955,20403722.62531194
V2,2.0,IS,2026-07-30,JETS,short,-2.0000018179416656,2,1.545070130950348,20.41047883143552,14.180280523801393,6.230198307634126,6.230198307634126,50901.40261900696,1421066.067992229,8033212.483471261
V2,2.0,IS,2026-07-31,COIN,short,-4.0000006556510925,1,2.1395784588521187,523.6409747570863,28.558313835408455,495.0826609216778,495.08266092167787,62791.56917704237,184150084.24408767,556262297.5278699
V2,2.0,IS,2026-07-31,GLXY,short,-4.0000006556510925,1,3.857983782172316,761.6468787492522,35.43193512868925,726.214943620563,726.214943620563,97159.67564344632,3962210.064656203,18412094.851865493
V2,2.0,IS,2026-07-31,HOOD,short,-4.0000006556510925,1,1.9762749891372342,5.558302795996891,27.905099956548938,-22.346797160552047,-22.346797160552047,59525.499782744686,139826964.42777747,388649021.47347075
V2,2.0,IS,2026-08-03,JETS,long,4.500000178813934,2,1.4572558401662787,20.76897578481545,13.829023360665115,6.939952424150334,6.939952424150334,49145.116803325574,4501318.474068398,18972652.23637139
V2,2.0,IS,2026-08-03,ITA,short,-2.000001072883606,1,0.9147529685843031,-74.79616400235757,11.65901187433721,-86.45517587669478,-86.45517587669478,38295.05937168606,4842655.1702759275,16864208.690382298
V2,2.0,IS,2026-08-04,TLT,long,3.4999996423721313,1,0.2501679918665507,-13.15014670750579,9.000671967466204,-22.150818674971994,-22.150818674971994,25003.359837331012,62578053.51020806,362155531.9259032
V2,2.0,IS,2026-08-04,JETS,long,2.500002086162567,2,1.454876362865339,-112.63370576844154,13.819505451461353,-126.4532112199029,-126.4532112199029,49097.527257306785,5627166.588626727,13625131.386258861
V2,2.0,IS,2026-08-05,COIN,short,-10.999999940395355,1,2.0077483195418564,-97.91561199621219,28.03099327816743,-125.94660527437962,-125.94660527437962,60154.96639083713,48443084.41318363,154996418.07034135
V2,2.0,IS,2026-08-05,GLXY,short,-10.999999940395355,1,3.5905341092920726,409.08059392769127,34.36213643716832,374.71845749052295,374.71845749052295,91810.68218584145,18612831.77314995,49245328.40356174
V2,2.0,IS,2026-08-05,HOOD,short,-10.999999940395355,1,1.9835724600339277,-33.307128840628465,27.934289840135712,-61.24141868076418,-61.24141868076418,59671.44920067856,47833180.750124514,214952136.55366802
V2,2.0,IS,2026-08-06,ZIM,long,3.500000387430191,1,0.2557889365860784,-206.23784044827258,21.023155746344315,-227.2609961946169,-227.2609961946169,25115.778731721566,655209.5176774187,2387524.00393598
V2,2.0,IS,2026-08-07,COIN,short,-3.0000001192092896,1,1.9403594577611374,-310.16042545538426,27.761437831044532,-337.9218632864288,-337.9218632864288,58807.189155222746,90033539.40851544,217791324.11478326
V2,2.0,IS,2026-08-07,GLXY,short,-3.0000001192092896,1,3.6154149981460844,244.03238109334336,34.461659992584345,209.57072110075902,209.57072110075902,92308.2999629217,6112208.665103823,18619549.93207266
V2,2.0,IS,2026-08-07,HOOD,short,-3.0000001192092896,1,1.9983335479579638,16.677865514514966,27.993334191831856,-11.31546867731689,-11.31546867731689,59966.67095915928,65920048.902713865,203094000.44369552
V2,2.0,IS,2026-08-07,ITA,long,2.99999862909317,1,0.8905564717777997,-44.2941698232943,11.562225887111197,-55.856395710405494,-55.8563957104055,37811.129435555995,3317808.8566739173,11561549.241011927
V2,2.0,IS,2026-08-10,COIN,long,6.999999284744263,1,1.9827309095019974,-321.2380027556579,27.930923638007982,-349.16892639366586,-349.16892639366586,59654.618190039946,25194153.40201433,109835399.15529132
V2,2.0,IS,2026-08-10,GLXY,long,6.999999284744263,1,3.6386267694137504,-522.8806443382094,34.55450707765499,-557.4351514158644,-557.4351514158644,92772.53538827502,2276922.2107637627,11397392.495711792
V2,2.0,IS,2026-08-10,HOOD,long,6.999999284744263,1,2.0002174310931986,124.83474853132182,28.00086972437279,96.83387880694903,96.83387880694903,60004.348621863974,36272908.46146745,126058042.19296956
V2,2.0,IS,2026-08-10,JETS,short,-5.750001966953278,2,1.473012485448643,238.7266958990203,13.892049941794568,224.83464595722575,224.83464595722575,49460.24970897286,1588020.8077379882,8214903.731593319
V2,2.0,IS,2026-08-10,ZIM,short,-3.500000387430191,1,0.26832718260779953,367.69087123933025,21.073308730431222,346.617562508899,346.617562508899,25366.54365215599,4948158.901510097,10400393.22709899
V2,2.0,OOS,2026-08-11,COIN,short,-3.0000001192092896,1,2.0229491959926547,-23.924347232754524,28.09179678397062,-52.01614401672514,-52.01614401672514,60458.98391985309,28521424.06143201,102578452.07587136
V2,2.0,OOS,2026-08-11,GLXY,short,-3.0000001192092896,1,3.6748080762441213,131.92144763352937,34.699232304976476,97.22221532855289,97.22221532855289,93496.16152488242,7787060.816282937,17008098.6628203
V2,2.0,OOS,2026-08-11,HOOD,short,-3.0000001192092896,1,2.0318397099525662,-47.26981133048343,28.127358839810263,-75.39717017029369,-75.39717017029369,60636.79419905133,51062241.18800844,165149394.72615215
V2,2.0,OOS,2026-08-11,ZIM,long,2.0000003278255463,1,0.28434731614294245,-184.67155682001788,21.137389264571766,-205.80894608458965,-205.80894608458965,25686.946322858847,1171612.900691416,7653019.101672322
V2,2.0,OOS,2026-08-12,COIN,short,-4.0000006556510925,1,1.9502960362065969,17.486033158790743,27.801184144826387,-10.315150986035643,-10.315150986035643,59005.92072413193,34878314.561553515,113680583.2828972
V2,2.0,OOS,2026-08-12,GLXY,short,-4.0000006556510925,1,3.6036914829815676,208.54472156165156,34.41476593192627,174.1299556297253,174.1299556297253,92073.82965963134,9849127.328019343,18308971.45200252
V2,2.0,OOS,2026-08-12,HOOD,short,-4.0000006556510925,1,1.979091397800335,159.539905471383,27.916365591201327,131.62353988018168,131.62353988018168,59581.8279560067,69775393.34019208,222478505.21672702
V2,2.0,OOS,2026-08-12,TLT,long,2.000001072883606,1,0.260175744506092,-34.48872644218274,9.04070297802437,-43.52942942020711,-43.52942942020711,25203.514890121838,36584721.384067245,150902804.21385756
V2,2.0,OOS,2026-08-13,TLT,long,2.5000005960464478,1,0.22847100179242077,-9.849927357127694,8.913884007169681,-18.763811364297375,-18.763811364297375,24569.420035848416,35653930.91433867,247393801.18349263
V2,2.0,OOS,2026-08-14,GOOGL,short,-2.499999850988388,2,1.3557975932038757,-13.057185023570465,13.423190372815501,-26.480375396385966,-26.480375396385963,47115.95186407751,236322086.18046376,749336546.6593688
V2,2.0,OOS,2026-08-17,JETS,short,-2.250000834465027,2,1.4358784361605734,115.13147984776134,13.743513744642286,101.38796610311906,101.38796610311906,48717.568723211465,1368064.7876895175,7721087.8698831685
V2,2.0,OOS,2026-08-17,TLT,long,2.000001072883606,1,0.23074304364827575,-38.512884556886455,8.922972174593106,-47.43585673147956,-47.43585673147956,24614.860872965517,28228473.055740543,129571196.17435509
V2,2.0,OOS,2026-08-18,USO,long,3.999999165534973,1,-1.2474281074837135,-91.59713714961711,12.989712429934855,-104.58684957955197,-104.58684957955197,44948.562149674275,48784452.9209806,118473923.64570369
V2,2.0,OOS,2026-08-19,META,long,4.999999888241291,1,1.2550024134257283,110.77094352438293,13.020009653702914,97.75093387068002,97.75093387068002,45100.04826851457,621039586.2340647,1515263216.0212069
V2,2.0,OOS,2026-08-19,ZIM,short,-2.499999850988388,1,0.40313878209001314,-232.54932718412033,21.612555128360043,-254.16188231248037,-254.16188231248037,28062.775641800265,8406577.964339318,17681197.32513968
V2,2.0,OOS,2026-08-20,ITA,long,8.499999344348907,1,0.7639035809706651,-252.45776254485213,11.05561432388265,-263.5133768687348,-263.5133768687348,35278.071619413306,6197822.465437271,16448440.388962917
V2,2.0,OOS,2026-08-21,ITA,short,-22.499999403953552,1,0.8040681595827845,64.00376301674349,11.216272638331134,52.78749037841236,52.78749037841236,36081.36319165569,4051735.613229329,14382947.094278757
V2,2.0,OOS,2026-08-21,COIN,long,2.000001072883606,1,1.8920271728198308,370.7152898272509,27.56810869127935,343.14718113597155,343.14718113597155,57840.54345639662,271557863.65430903,971229166.6973449
V2,2.0,OOS,2026-08-21,GLXY,long,2.000001072883606,1,3.37943139144023,-231.54127187613923,33.51772556576091,-265.05899744190015,-265.05899744190015,87588.6278288046,13261530.87027039,38508599.679374784
V2,2.0,OOS,2026-08-21,HOOD,long,2.000001072883606,1,2.032433416121516,705.3969802717903,28.129733664486025,677.2672466073043,677.2672466073043,60648.66832243032,333813521.4947997,1365840691.369295
V2,2.0,OOS,2026-08-24,COIN,short,-10.999999940395355,1,1.949124787783648,458.01399729887856,27.796499151134583,430.217498147744,430.2174981477439,58982.49575567296,187678880.41860133,451938872.45886606
V2,2.0,OOS,2026-08-24,GLXY,short,-10.999999940395355,1,3.3782637230741304,210.23382172681156,33.51305489229654,176.72076683451502,176.72076683451502,87565.27446148262,2342056.226771954,10270627.195536282
V2,2.0,OOS,2026-08-24,HOOD,short,-10.999999940395355,1,2.1371337321741,263.52045277650666,28.548534928696398,234.97191784781026,234.97191784781026,62742.674643482,145154989.29666677,405136676.0782215
V2,2.0,OOS,2026-08-25,COIN,short,-4.0000006556510925,1,1.9297157024838332,-644.1071150578737,27.71886280993533,-671.825977867809,-671.825977867809,58594.314049676665,84860635.62114187,320335355.7470338
V2,2.0,OOS,2026-08-25,GLXY,short,-4.0000006556510925,1,3.404550049974046,-863.6793759231153,33.61820019989614,-897.2975761230115,-897.2975761230115,88091.00099948094,2463641.7927960334,14472095.889917053
V2,2.0,OOS,2026-08-25,HOOD,short,-4.0000006556510925,1,2.055262607287371,-868.348539458656,28.2210504291495,-896.5695898878055,-896.5695898878055,61105.25214574742,112544321.79431947,367368013.9201053
V2,2.0,OOS,2026-08-26,ITA,long,3.4999996423721313,1,0.7928085023942856,62.56506138141817,11.171234009577141,51.39382737184103,51.39382737184103,35856.17004788572,11190448.499587083,21253560.78125976
V2,2.0,OOS,2026-08-26,TLT,short,-2.5000005960464478,1,0.2107327421657321,1.125405268912264,8.842930968662928,-7.717525699750665,-7.717525699750665,24214.65484331464,27487521.965985674,148922106.2177713
V2,2.0,OOS,2026-08-27,TLT,short,-3.999999165534973,1,0.2126628782565723,15.525284532859128,8.850651513026289,6.674633019832839,6.6746330198328385,24253.257565131444,18466156.69010529,109517610.0359694
V2,2.0,OOS,2026-08-27,USO,long,3.0000001192092896,1,-1.276141771793347,189.37952153826708,13.104567087173393,176.2749544510937,176.2749544510937,45522.83543586694,18197525.250495717,39843771.52185456
V2,2.0,OOS,2026-08-27,ITA,short,-2.499997615814209,1,0.8070700618488132,121.32149241089394,11.228280247395247,110.09321216349869,110.09321216349869,36141.401236976264,3731450.912123352,22776999.329585526
V2,2.0,OOS,2026-08-31,JETS,short,-2.99999937415123,2,1.3129973348095172,123.41284816731827,13.251989339238065,110.16085882808021,110.16085882808021,46259.946696190345,2324404.241974284,9632298.067082325
V2,2.0,OOS,2026-08-31,ITA,short,-2.5000005960464478,1,0.7754651714515209,107.06864607111166,11.101860685806088,95.96678538530557,95.96678538530557,35509.30342903042,9339957.22193952,17812511.374592587
V2,2.0,OOS,2026-08-31,USO,long,2.0000003278255463,1,-1.2075072377814413,49.655052674444036,12.830028951125769,36.82502372331827,36.82502372331827,44150.144755628826,18266089.420207206,71910880.44768937
V2,2.0,OOS,2026-09-01,ZIM,short,-2.850000001490116,2,0.4084062333386932,122.39314881630608,21.63362493335478,100.7595238829513,100.7595238829513,28168.124666773863,336599.1910123305,2170300.827712798
V2,2.0,OOS,2026-09-04,MSFT,short,-21.549998968839645,1,1.1651034264224593,175.48950548221885,12.660413705689848,162.829091776529,162.829091776529,43302.068528449185,327273915.9101504,1007242619.5325081
V2,2.0,OOS,2026-09-04,GOOGL,long,9.499999694526196,2,1.5093612065957536,-83.31337712005457,14.037444826383009,-97.35082194643758,-97.35082194643758,50187.22413191507,214014785.84640825,733648677.0883002
V2,2.0,OOS,2026-09-08,ITA,short,-4.999999701976776,1,0.8261745057853693,52.45277991942712,11.304698023141476,41.148081896285646,41.148081896285646,36523.490115707384,7879221.351353821,13430008.881054996
V2,2.0,OOS,2026-09-08,MSFT,long,4.749999940395355,1,1.1906941488639409,68.94587281730557,12.762776595455762,56.18309622184981,56.18309622184981,43813.882977278816,425760452.67204463,1082379308.8991578
V2,2.0,OOS,2026-09-08,GOOGL,short,-2.775000035762787,2,1.5334103325435853,-152.14574822690585,14.133641330174356,-166.2793895570802,-166.2793895570802,50668.20665087171,476620508.50148684,1259781947.0256636
V2,2.0,OOS,2026-09-08,META,short,-2.149999886751175,1,1.1929657939278244,-1.5708072106818214,12.771863175711298,-14.342670386393118,-14.342670386393118,43859.31587855649,440521487.50281745,1108487915.5810115
V2,2.0,OOS,2026-09-09,JETS,short,-2.5000005960464478,2,1.3057704388921436,-61.9821437825731,13.223081755568579,-75.20522553814168,-75.20522553814168,46115.40877784288,2839269.431401579,4985481.577372379
V2,2.0,OOS,2026-09-10,FRO,long,8.000000566244125,1,0.21105836847968998,232.9675933496318,20.844233473918763,212.12335987571305,212.12335987571305,24221.1673695938,5739642.140882689,27580038.820109196
V2,2.0,OOS,2026-09-10,STNG,long,8.000000566244125,1,-0.00330931749047504,63.094018964569834,20.0132372699619,43.080781694607936,43.080781694607936,20066.1863498095,1927172.4139886121,8712945.099991772
V2,2.0,OOS,2026-09-10,ZIM,long,7.175000105053186,2,0.22152234047951047,-56.77045724444447,20.88608936191804,-77.65654660636251,-77.65654660636251,24430.446809590212,662048.366640846,5313189.267412479
V2,2.0,OOS,2026-09-10,TLT,short,-3.4999996423721313,1,0.19610802183223472,23.5581452841258,8.78443208732894,14.77371319679686,14.77371319679686,23922.16043664469,67448720.26904169,318985370.13427377
V2,2.0,OOS,2026-09-11,TLT,short,-6.499999761581421,1,0.2312557342889394,51.9179048050407,8.92502293715576,42.99288186788494,42.99288186788494,24625.11468577879,65419796.830449946,464279042.0289462
V2,2.0,OOS,2026-09-11,USO,short,-3.0000001192092896,1,-1.677197914064319,-143.8954398828709,14.70879165625729,-158.6042315391282,-158.6042315391282,53543.95828128638,46731027.07438533,142744181.87074298
V2,2.0,OOS,2026-09-14,MSFT,short,-11.150000244379044,1,1.3857896101035085,-133.4765247374046,13.543158440414032,-147.01968317781862,-147.01968317781862,47715.79220207017,469903872.5352254,1414232985.0500145
V2,2.0,OOS,2026-09-14,COIN,long,10.999999940395355,1,2.0813766791005954,537.4385010623222,28.3255067164024,509.1129943459198,509.1129943459198,61627.53358201191,168527313.14147386,486227791.1056828
V2,2.0,OOS,2026-09-14,GLXY,long,10.999999940395355,1,3.4752154173074263,386.84301124800623,33.9008616692297,352.94214957877654,352.94214957877654,89504.30834614852,2917497.0874863723,9308887.293304289
V2,2.0,OOS,2026-09-14,HOOD,long,10.999999940395355,1,2.3643800215880426,128.0533548510237,29.45752008635216,98.59583476467154,98.59583476467154,67287.60043176085,147528727.57898107,406281239.94256175
V2,2.0,OOS,2026-09-14,GOOGL,long,6.025000289082527,2,1.6539810003820954,146.71459965780483,14.615924001528384,132.09867565627644,132.09867565627644,53079.620007641905,724630301.4249041,2087026366.5457404
V2,2.0,OOS,2026-09-14,ZIM,short,-4.024999588727951,2,0.4751134541676175,61.39357444238682,21.90045381667047,39.49312062571635,39.49312062571635,29502.269083352352,2367036.8608472124,6474605.444101822
V2,2.0,OOS,2026-09-14,FRO,short,-3.999999165534973,1,0.17973046838083676,-49.516320441449984,20.71892187352335,-70.23524231497333,-70.23524231497333,23594.609367616733,14449419.80057394,41470033.199532494
V2,2.0,OOS,2026-09-14,STNG,short,-3.999999165534973,1,-0.01963778232055054,29.874306564234193,20.078551129282204,9.795755434951989,9.795755434951989,20392.75564641101,1710554.805637761,5059553.69536608
V2,2.0,OOS,2026-09-14,ITA,short,-2.5000005960464478,1,0.7004474101816318,7.190234518459848,10.801789640726527,-3.6115551222666795,-3.611555122266679,34008.94820363264,10876921.205874125,21487503.476118084
V2,2.0,OOS,2026-09-14,USO,long,2.500000223517418,1,-1.8299710249750678,-131.1467225188321,15.319884099900264,-146.46660661873236,-146.46660661873236,56599.42049950136,33838756.54429015,107625144.92279802
V2,2.0,OOS,2026-09-15,COIN,short,-6.999999284744263,1,1.9197064440567153,557.7650314984347,27.67882577622686,530.0862057222079,530.0862057222079,58394.12888113431,117565377.89956893,356865572.25366324
V2,2.0,OOS,2026-09-15,GLXY,short,-6.999999284744263,1,3.642707392807743,277.96485632932087,34.57082957123097,243.3940267580899,243.3940267580899,92854.14785615487,1344808.39472529,9074724.726915417
V2,2.0,OOS,2026-09-15,HOOD,short,-6.999999284744263,1,2.8026313545253028,12.766067854349458,31.210525418101213,-18.444457563751754,-18.444457563751754,76052.62709050605,146380190.16659033,450163349.2895661
V2,2.0,OOS,2026-09-15,ITA,long,3.4999996423721313,1,0.8088091768099641,-106.821411323383,11.23523670723985,-118.05664803062285,-118.05664803062287,36176.183536199285,5777469.443497036,15525291.674522527
V2,2.0,OOS,2026-09-15,TLT,short,-2.0000040531158447,1,0.26624560248550083,-20.128850940426016,9.064982409942,-29.193833350368017,-29.193833350368017,25324.91204971002,170261570.46448404,372472996.1510128
V2,2.0,OOS,2026-09-18,JETS,long,3.6666671435038247,3,1.3751543942143094,18.905994467816186,13.500617576857238,5.405376890958948,5.405376890958948,47503.087884286186,5821517.955347393,10169330.909119787
V2,2.0,OOS,2026-09-21,JETS,long,3.1666661302248635,3,1.388302526263616,-0.8105400531286875,13.553210105054465,-14.363750158183151,-14.363750158183151,47766.05052527232,2366502.7748680753,11884320.594051193
V2,2.0,OOS,2026-09-21,FRO,long,2.0000003278255463,1,0.04068880604810484,-6.870459165164125,20.16275522419242,-27.033214389356544,-27.033214389356544,20813.776120962095,18492254.82732416,50962545.45798558
V2,2.0,OOS,2026-09-21,STNG,long,2.0000003278255463,1,-0.09300984204429366,64.8326648661404,20.37203936817717,44.460625497963235,44.460625497963235,21860.196840885874,4384265.606820911,10494299.828085393
V2,2.0,OOS,2026-09-22,JETS,long,4.33333416779836,3,1.4290269638404323,-169.75513860249373,13.716107855361741,-183.47124645785547,-183.47124645785547,48580.539276808646,2796425.7707390008,12642837.032649323
V2,2.0,OOS,2026-09-23,MPC,short,-3.999999165534973,1,-0.5066775401620692,150.71412269404544,22.026710160648292,128.68741253339715,128.68741253339715,30133.55080324138,56743761.908836074,136396722.45737013
V2,2.0,OOS,2026-09-23,PSX,short,-3.999999165534973,1,-0.6182708436187946,143.73754392387983,22.47308337447518,121.26446054940465,121.26446054940463,32365.416872375892,23446052.158375245,84960047.33372384
V2,2.0,OOS,2026-09-23,VLO,short,-3.999999165534973,1,-0.38063109686296687,144.62352457002575,21.522524387451867,123.10100018257388,123.1010001825739,27612.621937259337,94135661.78786725,217730570.13630927
V2,2.0,OOS,2026-09-23,JETS,short,-2.0000005761782327,3,1.485746522559347,109.30566475393418,13.942986090237383,95.3626786636968,95.3626786636968,49714.930451186934,1881737.2166156748,5630990.485055879
V2,2.0,OOS,2026-09-24,MPC,long,12.999999523162842,1,-0.5782472008872079,-72.05452823774449,22.312988803548834,-94.36751704129333,-94.36751704129333,31564.944017744157,22759070.809374698,86662240.76732808
V2,2.0,OOS,2026-09-24,PSX,long,12.999999523162842,1,-0.6722846196462193,-83.30171927562559,22.68913847858488,-105.99085775421047,-105.99085775421048,33445.692392924386,19550993.677011397,67266467.01079142
V2,2.0,OOS,2026-09-24,VLO,long,12.999999523162842,1,-0.48601701136131364,121.82662185865061,21.94406804544525,99.88255381320536,99.88255381320536,29720.340227226272,42195687.24430295,156059436.86976582
V2,2.0,OOS,2026-09-24,VGK,long,3.4999996423721313,1,0.7959448528185044,-14.40757854033694,11.183779411274019,-25.59135795161096,-25.59135795161096,35918.897056370086,4181235.506558658,11371965.95066631
V2,2.0,OOS,2026-09-25,MPC,long,5.000000447034836,1,-0.5361937027514239,233.42016108536401,22.144774811005703,211.2753862743583,211.2753862743583,30723.87405502848,13688863.51699187,76802268.32603247
V2,2.0,OOS,2026-09-25,PSX,long,5.000000447034836,1,-0.5911506819756508,138.89621043265998,22.364602727902607,116.53160770475738,116.53160770475739,31823.013639513018,12353137.953874832,48147008.263153784
V2,2.0,OOS,2026-09-25,VLO,long,5.000000447034836,1,-0.42966326117329057,259.057566646283,21.718653044693156,237.33891360158987,237.33891360158987,28593.265223465813,29865200.932136204,153193864.0082738
V2,2.0,OOS,2026-09-25,USO,short,-2.0000003278255463,1,-2.714871310285253,8.465445540099832,18.859485241141012,-10.39403970104118,-10.39403970104118,74297.42620570507,17128705.087541237,53223320.3060649
V2,2.0,OOS,2026-09-28,VGK,long,5.000000447034836,1,0.7954474139113462,59.63099031657796,11.181789655645382,48.449200660932576,48.449200660932576,35908.948278226926,3589575.483374424,10094249.674636042
V2,2.0,OOS,2026-09-28,TLT,short,-4.500001668930054,2,0.4185614462940423,-12.0744619039832,9.674245785176167,-21.748707689159367,-21.748707689159367,28371.22892588085,104359373.05731672,371375363.08017004
V2,2.0,OOS,2026-09-28,USO,long,4.4999998062849045,1,-2.782153983968307,-222.85997577786043,19.128615935873228,-241.98859171373365,-241.98859171373365,75643.07967936614,13671150.398878137,77227555.709025
V2,2.0,OOS,2026-09-28,SPY,short,-4.00000015894572,3,1.0,-0.0,12.0,-12.0,-12.0,40000.0,1087871697.2144728,2948310565.345006
V2,2.0,OOS,2026-09-28,ITA,short,-2.500000223517418,2,0.8595651041856216,97.93344130711898,11.43826041674248,86.4951808903765,86.4951808903765,37191.302083712435,9238921.702951444,16995667.45650694
V2,2.0,OOS,2026-09-28,JETS,short,-2.124999463558197,4,1.7025986628930145,-56.78247568501846,14.81039465157206,-71.59287033659052,-71.59287033659052,54051.973257860285,2133686.6679026443,8670079.439055054
V2,2.0,OOS,2026-09-29,VGK,short,-2.0000003278255463,1,0.798123805676619,-10.015587598947102,11.192495222706475,-21.208082821653576,-21.208082821653576,35962.47611353238,6172389.437801398,14074716.804989187
V2,2.0,OOS,2026-09-30,AEP,long,20.999997854232788,1,0.12024705444458365,-109.5252454957398,8.480988217778332,-118.00623371351813,-118.00623371351813,22404.941088891675,4027621.6257940736,24398463.859847516
V2,2.0,OOS,2026-09-30,VRT,long,17.499998211860657,1,2.963075605297081,-168.0179683641899,31.852302421188313,-199.8702707853782,-199.8702707853782,79261.51210594161,40281202.26125942,128691611.73565494
V2,2.0,OOS,2026-09-30,AEE,long,12.000000476837158,1,0.07257079351784242,-131.2230884709637,20.290283174071362,-151.51337164503505,-151.51337164503505,21451.415870356846,4218205.520820559,10220822.659928914
V2,2.0,OOS,2026-09-30,MPC,short,-7.999999076128006,1,-0.47936097028575436,84.74614812337559,21.917443881143015,62.828704242232575,62.82870424223257,29587.21940571509,17995298.9508296,56375767.05666494
V2,2.0,OOS,2026-09-30,PSX,short,-7.999999076128006,1,-0.5286009074605699,87.84807049717121,22.114403629842272,65.73366686732894,65.73366686732894,30572.018149211395,13118039.207988022,40667116.124955155
V2,2.0,OOS,2026-09-30,VLO,short,-7.999999076128006,1,-0.40912109283837167,157.3646364500633,21.636484371353475,135.72815207870983,135.72815207870983,28182.421856767436,35023662.66144642,107414741.78740685
V2,2.0,OOS,2026-09-30,SPY,long,4.8666660363475485,3,1.0,0.0,12.0,-12.0,-12.0,40000.0,716203521.4004028,2103591186.5445027
V2,2.0,OOS,2026-09-30,IWM,long,4.533333020905654,3,0.9557488148393176,-29.483052001897146,11.822995259357274,-41.30604726125442,-41.30604726125442,39114.97629678635,214710007.11722425,702050525.6763015
V2,2.0,OOS,2026-09-30,TLT,long,3.0000001192092896,2,0.4410335691989158,-17.982248637464206,9.764134276795662,-27.74638291425987,-27.74638291425987,28820.671383978315,62989880.23345525,311972789.0857881
V2,2.0,OOS,2026-09-30,XHB,long,2.5000005960464478,2,1.3939847245691843,-98.39809881845161,13.575938898276732,-111.97403771672835,-111.97403771672836,47879.694491383685,1600099.8011213983,11279352.277589116
V2,2.0,OOS,2026-10-01,GOOGL,long,20.41666650523742,3,1.428097656127353,-350.89073715366675,13.712390624509396,-364.60312777817614,-364.60312777817614,48561.953122547064,592775563.5343692,1905412437.686015
V2,2.0,OOS,2026-10-01,MPC,long,7.999999821186066,1,-0.5132059880473328,686.2205211766332,22.05282395218933,664.1676972244438,664.1676972244438,30264.119760946654,23001510.897562303,79062407.61760053
V2,2.0,OOS,2026-10-01,PSX,long,7.999999821186066,1,-0.5329878179846053,429.6831171008742,22.13195127193842,407.5511658289358,407.5511658289358,30659.756359692106,17257578.802549005,42887743.77824054
V2,2.0,OOS,2026-10-01,VLO,long,7.999999821186066,1,-0.4440955401460691,545.274426328366,21.776382160584262,523.4980441677817,523.4980441677817,28881.910802921382,21860929.450097237,83186081.21058965
V2,2.0,OOS,2026-10-01,ETR,long,4.999999701976776,1,0.4316222841354619,169.9306859122234,21.726489136541858,148.20419677568154,148.20419677568154,28632.445682709236,3234807.5958663947,13277090.016227404
V2,2.0,OOS,2026-10-01,AEE,long,2.000001072883606,1,0.10438399450327204,82.41787403612857,20.417535978013092,62.000338058115474,62.000338058115474,22087.679890065443,3992924.0983298374,10964629.27298133
V2,2.0,OOS,2026-10-01,FRO,short,-2.0000003278255463,1,-0.17873227525978186,-434.45102453173286,20.714929101039104,-455.16595363277196,-455.16595363277196,23574.645505195636,6387269.459123093,22018337.518489484
V2,2.0,OOS,2026-10-01,STNG,short,-2.0000003278255463,1,0.009419487386261294,-315.05810127597255,20.03767794954507,-335.0957792255176,-335.0957792255176,20188.389747725225,911894.6944083709,9282141.292015843
V2,2.0,OOS,2026-10-02,ETR,long,4.0000006556510925,1,0.4335717460810904,-10.596342053088154,21.734286984324367,-32.33062903741252,-32.33062903741252,28671.434921621807,2729163.3321071966,12034899.4528203
V2,2.0,OOS,2026-10-02,TLT,long,3.4999996423721313,2,0.43239512897938454,-52.52192085930011,9.72958051591754,-62.25150137521765,-62.25150137521766,28647.90257958769,128662165.23529874,579814888.0407156
V2,2.0,OOS,2026-10-02,SPY,long,3.3666674668590226,3,0.9999999999999999,-2.168404344971009e-15,12.0,-12.000000000000002,-12.000000000000002,40000.0,1079655887.982926,4063475163.8041296
V2,2.0,OOS,2026-10-02,AEE,long,3.0000001192092896,1,0.09668114835436191,-7.829572972950902,20.386724593417448,-28.21629756636835,-28.21629756636835,21933.622967087238,4907512.492215343,16762694.486250501
V2,2.0,OOS,2026-10-02,VRT,long,3.0000001192092896,1,3.0123238810685375,102.1867000841986,32.04929552427416,70.13740455992445,70.13740455992445,80246.47762137075,34538843.07917403,145694517.6469665
V2,2.0,OOS,2026-10-02,IWM,long,2.3999997725089393,3,0.9466658989974734,-17.618875489799187,11.786663595989893,-29.40553908578908,-29.405539085789076,38933.31797994947,511985705.35913026,1419358817.990894
V2,2.0,OOS,2026-10-02,XHB,long,2.049998100847006,2,1.3585699263236959,-157.3664777715597,13.434279705294784,-170.80075747685447,-170.80075747685447,47171.398526473924,4916539.192121203,60238637.31355355
V2,2.0,OOS,2026-10-02,AEP,long,2.000001072883606,1,0.142108789182619,-78.74945053766982,8.568435156730473,-87.31788569440029,-87.31788569440029,22842.17578365238,15006860.606388684,48773981.501307696
V3,1.0,IS,2026-01-23,IBIT,long,2.999997138977051,1,1.8948744398168846,-49.16475175745941,7.78974887963377,-56.95450063709318,-56.95450063709318,57897.4887963377,51675339.182500005,251255667.45209998
V3,1.0,IS,2026-01-23,MARA,long,2.999997138977051,1,3.1003409806510986,197.03457980661918,16.200681961302195,180.83389784531698,180.83389784531698,82006.81961302199,11190896.1974,46606126.1995
V3,1.0,IS,2026-01-23,MSTR,long,2.999997138977051,1,1.9340836203316125,108.26628901050665,13.868167240663226,94.39812176984343,94.39812176984343,58681.67240663225,32525754.216,201248055.9751
V3,1.0,IS,2026-01-26,MSTR,short,-3.7499994039535522,2,1.901288569716716,-8.503284110859614,13.802577139433431,-22.305861250293045,-22.305861250293045,58025.77139433431,90213730.3695,303852006.02300006
V3,1.0,IS,2026-01-26,IBIT,short,-3.4999966621398926,1,1.8196548103798469,67.56092888689604,7.63930962075969,59.92161926613635,59.921619266136354,56393.09620759694,93470930.555,312682299.6501
V3,1.0,IS,2026-01-26,MARA,short,-3.4999966621398926,1,3.1951127314710246,507.3506060619258,16.390225462942055,490.96038059898376,490.9603805989837,83902.25462942048,15557786.3034,60052547.7852
V3,1.0,IS,2026-01-28,IBIT,long,2.999997138977051,1,1.8114286891685665,-58.771207953929455,7.622857378337137,-66.39406533226659,-66.39406533226659,56228.57378337133,76429051.0548,259716559.1465
V3,1.0,IS,2026-01-28,MARA,long,2.999997138977051,1,3.1949070366120473,-252.31601506651512,16.389814073224073,-268.7058291397392,-268.7058291397392,83898.14073224095,15332136.302000001,46901351.91910001
V3,1.0,IS,2026-01-28,MSTR,long,2.999997138977051,1,1.9135299459662238,-324.4999248016274,13.827059891932436,-338.32698469355984,-338.32698469355984,58270.59891932448,106204804.95799999,324668154.5492999
V3,1.0,IS,2026-01-30,IBIT,short,-5.0000011920928955,1,1.769297283172331,-113.44470138695127,7.538594566344656,-120.98329595329592,-120.98329595329592,55385.94566344662,119378140.2324,442634926.73989993
V3,1.0,IS,2026-01-30,MSTR,short,-4.500000178813934,2,1.7488124547063504,-687.4364052302806,13.497624909412707,-700.9340301396933,-700.9340301396933,54976.24909412701,98461059.805,384717511.57299995
V3,1.0,IS,2026-01-30,ETHA,short,-2.999997138977051,1,2.833593923709369,194.20519196907344,9.667187847418745,184.5380041216547,184.5380041216547,76671.87847418738,32486526.741899997,99963578.90309998
V3,1.0,IS,2026-02-02,ETHA,short,-20.499998331069946,1,2.907232025430492,233.6119090434356,9.814464050860977,223.7974449925746,223.79744499257464,78144.64050860984,71080786.458,300896140.39190006
V3,1.0,IS,2026-02-02,IBIT,short,-15.49999713897705,1,1.7758592596041833,160.4658139594403,7.551718519208379,152.91409544023193,152.91409544023193,55517.18519208366,274952576.1279,1042806487.592
V3,1.0,IS,2026-02-02,MSTR,short,-9.999999403953552,2,1.6906892721368096,147.38357139969096,13.381378544273616,134.00219285541735,134.00219285541735,53813.785442736196,215669965.2424,747253976.9625
V3,1.0,IS,2026-02-03,ETHA,short,-2.000001072883606,1,2.418873792662337,-185.41834950881855,8.837747585324678,-194.25609709414323,-194.25609709414323,68377.47585324674,35720628.9429,193181821.31440002
V3,1.0,IS,2026-02-05,ETHA,short,-4.000002145767212,1,2.327470907418228,897.9302658517087,8.654941814836434,889.2753240368722,889.2753240368722,66549.41814836457,34177834.134,131416223.92570001
V3,1.0,IS,2026-02-05,IBIT,short,-3.0000030994415283,1,1.5383843016481655,829.2141348885633,7.076768603296387,822.1373662852669,822.1373662852669,50767.68603296331,302067985.24560004,883664974.7842
V3,1.0,IS,2026-02-05,MSTR,short,-3.0000030994415283,1,1.3195821070791003,1017.6069656146527,12.6391642141582,1004.9678014004945,1004.9678014004945,46391.64214158201,224061892.4616,725097603.0469
V3,1.0,IS,2026-02-06,IBIT,long,2.7499988675117493,2,1.971089187618431,170.16263989676224,7.942178375236864,162.22046152152538,162.22046152152538,59421.783752368625,377221394.4912,1057501899.3182999
V3,1.0,IS,2026-02-06,MARA,long,2.7499988675117493,2,3.486953820632364,926.2035183405118,16.97390764126476,909.229610699247,909.229610699247,89739.07641264728,23380717.698,88720936.552
V3,1.0,IS,2026-02-06,MSTR,long,2.7499988675117493,2,1.9104687869257095,1468.9163391793172,13.820937573851324,1455.095401605466,1455.095401605466,58209.37573851419,289098873.83959997,984111647.1832999
V3,1.0,IS,2026-02-09,ETHA,long,3.999999165534973,1,3.1120347628673057,273.9946475578568,10.224069525734592,263.7705780321222,263.7705780321222,82240.69525734612,24723294.1254,97859486.3387
V3,1.0,IS,2026-02-10,IBIT,short,-3.0000001192092896,2,2.4115278144486045,-36.08993131841029,8.823055628897208,-44.912986947307495,-44.912986947307495,68230.55628897209,76185182.0238,513829539.1607
V3,1.0,IS,2026-02-10,MARA,short,-3.0000001192092896,2,4.774317853549275,229.89153602301946,19.548635707098555,210.3429003159209,210.34290031592093,115486.3570709855,11873769.9852,46088843.8194
V3,1.0,IS,2026-02-10,MSTR,short,-3.0000001192092896,2,3.504221269453727,-94.57352584005946,17.008442538907445,-111.5819683789669,-111.5819683789669,90084.42538907455,165092782.32999998,545634689.6179
V3,1.0,IS,2026-02-19,IBIT,short,-2.2499993443489075,2,2.550482674746614,-152.51722015331595,9.100965349493237,-161.61818550280918,-161.61818550280918,71009.65349493228,63766094.304000005,267008174.6979
V3,1.0,IS,2026-02-19,MARA,short,-2.2499993443489075,2,4.761131593446056,-680.418841437248,19.522263186892133,-699.9411046241402,-699.9411046241402,115222.63186892112,7541321.5592,27477098.199899998
V3,1.0,IS,2026-02-19,MSTR,short,-2.2499993443489075,2,3.6955332889532353,-456.3285466464933,17.391066577906486,-473.7196132243998,-473.7196132243997,93910.66577906472,87486913.70639999,261172929.3492
V3,1.0,IS,2026-02-24,IBIT,short,-5.249999463558197,2,2.658073964919004,-20.929574836388888,9.31614792983801,-30.245722766226898,-30.245722766226898,73161.47929838009,101881770.2026223,329437494.5341807
V3,1.0,IS,2026-02-24,MARA,short,-5.249999463558197,2,4.3705258760997605,28.612957266435853,18.74105175219952,9.871905514236332,9.871905514236332,107410.5175219952,10007576.83990513,45706439.8240077
V3,1.0,IS,2026-02-24,MSTR,short,-5.249999463558197,2,3.9683155138013793,79.47327636332234,17.936631027602758,61.536645335719584,61.536645335719584,99366.31027602758,105215256.45060487,378451462.1810192
V3,1.0,IS,2026-02-24,ETHA,short,-3.4999996423721313,1,3.267088751591727,6.009055125508686,10.534177503183454,-4.5251223776747675,-4.5251223776747675,85341.77503183454,12102937.21082356,62846289.043417595
V3,1.0,IS,2026-02-25,IBIT,long,2.7499988675117493,2,2.756814863961494,276.21706623334313,9.51362972792299,266.70343650542014,266.70343650542014,75136.29727922988,89268034.08207504,340159563.4500271
V3,1.0,IS,2026-02-25,MARA,long,2.7499988675117493,2,4.495519120041928,49.486191093051914,18.991038240083856,30.495152852968058,30.495152852968058,109910.38240083857,18350801.219697595,63371264.42121169
V3,1.0,IS,2026-02-25,MSTR,long,2.7499988675117493,2,4.1685832002734875,252.0041991528932,18.337166400546977,233.66703275234622,233.6670327523462,103371.66400546975,111563298.34096731,372824214.15409356
V3,1.0,IS,2026-03-02,ETHA,short,-3.5000011324882507,1,3.5398091488522305,-170.41231412369157,11.079618297704457,-181.49193242139603,-181.49193242139603,90796.1829770446,23406056.880903408,129951518.12905085
V3,1.0,IS,2026-03-02,IBIT,short,-2.000001072883606,1,2.8430003894281026,-219.17992035241008,9.686000778856197,-228.86592113126628,-228.86592113126628,76860.00778856206,113224412.43168026,490686114.8625012
V3,1.0,IS,2026-03-02,MARA,short,-2.000001072883606,1,4.394950236189921,-485.3131588064067,18.789900472379827,-504.10305927878653,-504.10305927878653,107899.00472379841,25312999.722206034,85519732.93518384
V3,1.0,IS,2026-03-02,MSTR,short,-2.000001072883606,1,4.345810033246129,-169.0411307182353,18.69162006649225,-187.73275078472756,-187.73275078472756,106916.20066492258,92481007.71883973,356792647.8870786
V3,1.0,IS,2026-03-03,MARA,short,-3.0000001192092896,1,4.385519000809775,726.4936177929874,18.77103800161956,707.7225797913678,707.7225797913678,107710.3800161955,18357988.157323476,66162380.67613643
V3,1.0,IS,2026-03-04,IBIT,long,2.5000005960464478,2,2.7373003677892904,42.51689461222802,9.474600735578584,33.04229387664944,33.04229387664944,74746.00735578581,250450352.13795567,792352616.4974968
V3,1.0,IS,2026-03-04,MSTR,long,2.5000005960464478,2,4.267642542933813,-40.30536022518905,18.535285085867628,-58.840645311056676,-58.84064531105667,105352.85085867626,236585199.67119402,729620829.3603765
V3,1.0,IS,2026-03-09,ETHA,short,-4.500000178813934,1,3.6840453406805107,580.2406264586923,11.368090681360968,568.8725357773313,568.8725357773313,93680.90681361021,14068834.800259644,89610348.97886153
V3,1.0,IS,2026-03-10,ETHA,long,4.0000006556510925,1,3.709910414377977,-54.566418202234914,11.41982082875596,-65.98623903099087,-65.98623903099087,94198.20828755954,13637518.270435853,66992946.23340044
V3,1.0,IS,2026-03-13,ETHA,long,3.0000001192092896,1,3.4719242781655955,-2.2791606826440964,10.94384855633119,-13.223009238975287,-13.223009238975285,89438.4855633119,24520004.214240972,109843592.43365297
V3,1.0,IS,2026-03-13,IBIT,long,2.999997138977051,2,2.827421691347244,38.603836481768056,9.654843382694487,28.94899309907357,28.948993099073572,76548.43382694488,127615121.71310337,479540604.9659912
V3,1.0,IS,2026-03-13,MSTR,long,2.999997138977051,2,4.3800865631548005,166.98673162312772,18.76017312630961,148.22655849681811,148.22655849681811,107601.73126309601,197751056.4631649,528745197.5946543
V3,1.0,IS,2026-03-13,MARA,long,2.499997615814209,1,4.7002048907737475,636.5537671051453,19.400409781547523,617.1533573235978,617.1533573235978,114004.09781547495,25848918.88979507,76938559.348106
V3,1.0,IS,2026-03-16,ETHA,long,9.000000357627869,1,3.3901252907492463,194.0938521955926,10.780250581498478,183.31360161409413,183.31360161409413,87802.50581498492,25750578.56100865,157836400.1317657
V3,1.0,IS,2026-03-16,IBIT,long,3.7500008940696716,2,2.763973810015324,-16.828442325166094,9.527947620030648,-26.356389945196742,-26.356389945196746,75279.47620030648,84445336.241943,397275495.1043998
V3,1.0,IS,2026-03-16,MSTR,long,3.7500008940696716,2,4.282870081991931,112.81734564232518,18.56574016398386,94.25160547834132,94.25160547834132,105657.40163983863,123811324.12559435,467912231.8362736
V3,1.0,IS,2026-03-16,MARA,long,3.0000001192092896,1,4.524640922617252,-582.2962557969109,19.049281845234532,-601.3455376421455,-601.3455376421455,110492.81845234503,22747934.887105443,76735241.23641549
V3,1.0,IS,2026-03-17,ETHA,long,6.000000238418579,1,3.652663407439572,95.88165458959281,11.305326814879152,84.57632777471366,84.57632777471366,93053.26814879145,14474830.456700342,74594638.90211771
V3,1.0,IS,2026-03-18,ETHA,short,-3.0000001192092896,1,3.639181871013447,-136.4321494392181,11.278363742026897,-147.710513181245,-147.710513181245,92783.63742026893,23321446.16678422,87970395.10178697
V3,1.0,IS,2026-03-19,ETHA,short,-6.4999982714653015,1,3.7649464343543713,89.96274366320272,11.529892868708743,78.43285079449397,78.43285079449397,95298.92868708742,29699982.075005077,77958454.91117562
V3,1.0,IS,2026-03-19,IBIT,short,-3.000001609325409,2,2.9829908278852715,-10.62135818663875,9.965981655770543,-20.587339842409293,-20.587339842409293,79659.81655770543,87420466.07979774,264469971.55013654
V3,1.0,IS,2026-03-19,MSTR,short,-3.000001609325409,2,4.509699541162059,-48.68275186737367,19.019399082324114,-67.70215094969778,-67.70215094969778,110193.99082324117,145555835.2879892,402513077.92134994
V3,1.0,IS,2026-03-20,IBIT,long,2.7499988675117493,2,2.9357651324404417,310.1215586131544,9.871530264880903,300.2500283482735,300.2500283482735,78715.30264880884,74557328.87518625,254625016.4467557
V3,1.0,IS,2026-03-20,MSTR,long,2.7499988675117493,2,4.487373468455116,275.889965931911,18.974746936910208,256.91521899500077,256.91521899500077,109747.46936910233,81732588.0123729,256848702.26711556
V3,1.0,IS,2026-03-20,MARA,long,2.5000005960464478,1,4.219756747172785,-147.78955574740246,18.43951349434556,-166.22906924174802,-166.22906924174802,104395.1349434557,13197723.638871403,44010951.60558377
V3,1.0,IS,2026-03-20,ETHA,long,2.4999991059303284,1,3.6546393000137027,381.98114843569675,11.309278600027426,370.6718698356693,370.6718698356693,93092.78600027405,8580514.127947314,38193298.09830834
V3,1.0,IS,2026-03-26,IBIT,short,-2.7500003576278687,2,2.7259339274854155,-167.77754473416636,9.451867854970828,-177.22941258913718,-177.22941258913718,74518.6785497083,35557547.2864813,227052689.6475708
V3,1.0,IS,2026-03-26,MSTR,short,-2.7500003576278687,2,4.294542950078473,-190.68930824772858,18.58908590015696,-209.27839414788554,-209.27839414788554,105890.85900156945,44653104.34356897,224944544.82389647
V3,1.0,IS,2026-03-27,MARA,short,-3.999999165534973,1,3.9669804423801707,-164.88111917932605,17.933960884760353,-182.8150800640864,-182.8150800640864,99339.60884760342,14973225.474090245,57211826.03760524
V3,1.0,IS,2026-03-27,IBIT,short,-3.4999996423721313,2,2.6605627319984793,-241.51126753267076,9.321125463996964,-250.83239299666772,-250.8323929966677,73211.25463996959,90319225.02971545,398732116.74725527
V3,1.0,IS,2026-03-27,MSTR,short,-3.4999996423721313,2,4.1599373676125,-251.04457294580183,18.319874735225,-269.36444768102683,-269.36444768102683,103198.74735225,80713007.21840939,342592370.7432278
V3,1.0,IS,2026-03-30,MARA,short,-4.000002145767212,1,3.974750287995771,-43.35060968267149,17.949500575991543,-61.30011025866303,-61.300110258663025,99495.00575991542,15547343.947694944,52364867.66325471
V3,1.0,IS,2026-03-30,IBIT,short,-3.7500008940696716,2,2.6242153783268445,-134.0009232767954,9.248430756653704,-143.2493540334491,-143.2493540334491,72484.3075665369,77333823.929793,269432942.2696451
V3,1.0,IS,2026-03-30,MSTR,short,-3.7500008940696716,2,4.09945502349244,108.67733828216562,18.198910046984878,90.47842823518074,90.47842823518074,101989.1004698488,54930869.90404228,194377297.3365609
V3,1.0,IS,2026-03-30,ETHA,long,3.0000001192092896,1,3.294346072300172,179.78148226838104,10.588692144600344,169.1927901237807,169.1927901237807,85886.92144600344,13954156.267645275,117865653.34364396
V3,1.0,IS,2026-03-31,IBIT,long,2.000001072883606,2,2.640568757875017,-302.8578253152068,9.28113751575006,-312.13896283095687,-312.13896283095687,72811.37515750034,43186003.20029757,177172007.12007594
V3,1.0,IS,2026-03-31,MSTR,long,2.000001072883606,2,4.118234682118169,-589.9780117591448,18.236469364236314,-608.2144811233811,-608.2144811233811,102364.69364236339,52595222.22008308,216799678.2446222
V3,1.0,IS,2026-04-08,MARA,long,4.000002145767212,1,3.4212644555412544,5.260687441714694,16.84252891108251,-11.581841469367816,-11.581841469367816,88425.28911082509,27952952.230940018,69690394.63376628
V3,1.0,IS,2026-04-08,MSTR,long,4.0000006556510925,2,3.558011725709902,-375.5941275981639,17.116023451419778,-392.71015104958366,-392.71015104958366,91160.23451419803,134430435.82693326,418470477.3889502
V3,1.0,IS,2026-04-08,IBIT,long,3.33333412806193,3,2.282327189664467,-139.4644706416264,8.564654379328942,-148.02912502095535,-148.02912502095535,65646.54379328934,87113517.30577354,331875024.1054642
V3,1.0,IS,2026-04-08,ETHA,long,2.000001072883606,1,2.937659074691341,-188.43558159397617,9.875318149382679,-198.31089974335885,-198.31089974335885,78753.18149382682,14565994.087002015,121180319.1818813
V3,1.0,IS,2026-04-13,MSTR,short,-4.499998688697815,2,3.4111327024771714,-18.580974829730742,16.822265404954344,-35.403240234685086,-35.403240234685086,88222.65404954343,67483682.72289369,270233659.97202826
V3,1.0,IS,2026-04-13,MARA,short,-3.999999165534973,1,3.3411311387640126,-746.2718762155257,16.682262277528025,-762.9541384930537,-762.9541384930537,86822.62277528025,11965825.970940307,50412135.262750596
V3,1.0,IS,2026-04-13,IBIT,short,-3.6666661500930786,3,2.2129899063196286,-26.362811108661088,8.425979812639259,-34.78879092130035,-34.78879092130035,64259.79812639257,55779617.752775244,323275448.86557364
V3,1.0,IS,2026-04-14,MSTR,long,4.500000178813934,2,3.455128405354224,-373.01643276553506,16.91025681070846,-389.9266895762435,-389.9266895762435,89102.56810708449,133629992.93101023,548798288.8297901
V3,1.0,IS,2026-04-14,IBIT,long,4.33333416779836,3,2.2234239262521958,-247.71544992542013,8.446847852504419,-256.16229777792455,-256.16229777792455,64468.478525043916,109912555.59904753,431796757.15889466
V3,1.0,IS,2026-04-14,MARA,long,2.5000005960464478,1,3.458656685272619,-459.8821737357885,16.91731337054523,-476.79948710633374,-476.79948710633374,89173.13370545238,20108505.364961106,92306761.22355983
V3,1.0,IS,2026-04-17,IBIT,long,2.3333330949147544,3,2.1543414931904525,-7.36138370074163,8.308682986380905,-15.670066687122535,-15.670066687122535,63086.82986380905,160774467.00825185,654404012.7315985
V3,1.0,IS,2026-04-17,MARA,long,2.000001072883606,1,3.3547893383726315,-241.03062276091765,16.709578676745252,-257.7402014376629,-257.7402014376629,87095.78676745264,35518891.91166134,106968389.11401321
V3,1.0,IS,2026-04-20,ETHA,short,-2.000001072883606,1,2.843413764534164,-66.43177632156963,9.686827529068324,-76.11860385063795,-76.11860385063795,76868.27529068328,23136106.96317414,100983582.29703681
V3,1.0,IS,2026-04-20,MARA,short,-2.000001072883606,1,3.319391463648413,-305.0998776141165,16.638782927296802,-321.7386605414133,-321.7386605414133,86387.82927296827,19165660.92405666,64661546.159058504
V3,1.0,IS,2026-04-22,MSTR,long,4.500000178813934,2,3.7349686218657023,138.75223541886842,17.469937243731408,121.28229817513702,121.28229817513703,94699.37243731404,256756276.40214562,1014224631.9999925
V3,1.0,IS,2026-04-22,IBIT,long,4.33333416779836,3,2.213049239680622,-14.84835819477495,8.426098479361244,-23.274456674136193,-23.274456674136193,64260.984793612435,99546076.45752716,351263190.3330959
V3,1.0,IS,2026-04-22,MARA,long,3.999999165534973,1,3.3726163698689424,-106.4237505658964,16.745232739737887,-123.16898330563428,-123.16898330563428,87452.32739737885,35698151.898118615,100468724.14024118
V3,1.0,IS,2026-04-22,ETHA,long,2.000001072883606,1,2.884154022561184,-130.48468690954488,9.768308045122382,-140.25299495466726,-140.25299495466726,77683.08045122368,11652347.91299032,76022465.43606207
V3,1.0,IS,2026-04-28,MARA,long,2.000001072883606,1,3.3445379792283862,209.85838126938225,16.689075958456783,193.16930531092547,193.16930531092547,86890.75958456773,20109483.007747002,49643534.689421974
V3,1.0,IS,2026-05-04,MSTR,long,5.000002682209015,2,3.890931727839743,277.7779504417536,17.781863455679456,259.99608698607415,259.99608698607415,97818.63455679484,123570136.55109474,400323345.25554407
V3,1.0,IS,2026-05-04,IBIT,long,3.4625010564923286,4,2.2703442880454374,206.0757481539286,8.540688576090872,197.53505957783773,197.53505957783773,65406.88576090875,75746797.23063804,235019659.88440955
V3,1.0,IS,2026-05-04,ETHA,long,2.99999862909317,1,2.9207950901842743,151.9067367202357,9.841590180368541,142.06514653986716,142.06514653986716,78415.90180368548,13063012.583187489,38602611.68252527
V3,1.0,IS,2026-05-05,ETHA,long,2.000001072883606,1,2.638939338661659,-155.08372388743982,9.277878677323315,-164.36160256476313,-164.36160256476313,72778.78677323318,10241639.153142435,42189252.33195948
V3,1.0,IS,2026-05-06,JETS,long,11.000001430511475,1,1.8173602424562123,-136.84389955089648,7.634720484912435,-144.47862003580892,-144.47862003580892,56347.204849124246,4661518.6242882,27826664.298186168
V3,1.0,IS,2026-05-11,JETS,short,-3.999999165534973,1,1.8415452406479542,269.0878314699768,7.683090481295892,261.4047409886809,261.4047409886809,56830.90481295908,1475054.3169608049,8517830.049969584
V3,1.0,IS,2026-05-12,ETHA,short,-2.000001072883606,1,2.3228375750332533,36.1240291001705,8.645675150066506,27.478353950103998,27.478353950103994,66456.75150066506,31041680.61061063,100870744.00857756
V3,1.0,IS,2026-05-14,MARA,long,2.0000040531158447,1,2.549661392967805,277.7643034712356,15.099322785935613,262.6649806853,262.6649806853,70993.22785935609,22853961.625667352,73235458.30918747
V3,1.0,IS,2026-05-15,MARA,long,4.000002145767212,1,2.5837393303188323,-225.0220627164078,15.16747866063767,-240.18954137704546,-240.18954137704546,71674.78660637664,29646094.621462155,91451176.03914157
V3,1.0,IS,2026-05-15,MSTR,long,2.000001072883606,2,2.857362131634089,-154.08224363574436,15.714724263268181,-169.79696789901254,-169.79696789901254,77147.24263268178,117134071.50875746,529218413.73373896
V3,1.0,IS,2026-05-18,MARA,short,-7.999998331069946,2,2.7298373020101434,-121.36398700207174,15.459674604020293,-136.82366160609203,-136.82366160609203,74596.74604020287,31252913.932221573,80042539.94359502
V3,1.0,IS,2026-05-18,MSTR,short,-7.999998331069946,2,2.9365407632460143,90.56930771866843,15.87308152649203,74.6962261921764,74.6962261921764,78730.81526492028,181548204.684521,587014699.2048044
V3,1.0,IS,2026-05-18,JETS,short,-6.000000238418579,1,1.8383794622626426,55.736073212208,7.676758924525288,48.05931428768271,48.05931428768271,56767.58924525285,2112727.4170363043,10884129.75409979
V3,1.0,IS,2026-05-18,ETHA,short,-4.999999701976776,1,2.3789335835166803,51.95604603852421,8.75786716703336,43.198178871490846,43.198178871490846,67578.6716703336,20400968.14567412,56558903.18380876
V3,1.0,IS,2026-05-18,IBIT,short,-4.7499991953372955,4,1.7250695173706347,19.541366642374076,7.4501390347412695,12.091227607632806,12.091227607632806,54501.39034741269,115465627.94178356,312614057.7486825
V3,1.0,IS,2026-05-19,MARA,long,3.4999966621398926,2,2.765405216354021,531.0201213774992,15.530810432707995,515.4893109447912,515.4893109447912,75308.10432708042,15511854.934686318,64512645.90100975
V3,1.0,IS,2026-05-19,MSTR,long,3.4999966621398926,2,2.971379828043303,87.59211073730674,15.942759656086608,71.64935108122013,71.64935108122013,79427.59656086606,68659576.50368531,254718389.33224228
V3,1.0,IS,2026-05-22,JETS,long,3.999999165534973,1,1.9317819143082346,-1.5694127130902544,7.86356382861647,-9.432976541706724,-9.432976541706724,58635.638286164685,1953519.5198296162,7373728.418320082
V3,1.0,IS,2026-05-26,JETS,long,7.000000774860382,1,1.9839711647618605,191.56026802361353,7.967942329523709,183.59232569408982,183.59232569408982,59679.42329523721,7361005.175881779,24659714.621721834
V3,1.0,IS,2026-05-26,MARA,long,4.000002145767212,1,2.7304541086510437,7.658695102151895,15.460908217302087,-7.802213115150193,-7.802213115150192,74609.08217302087,60521703.901470065,129357829.01643813
V3,1.0,IS,2026-05-26,ETHA,long,3.0000001192092896,1,2.142089945891507,-213.9077398351004,8.284179891783026,-222.1919197268834,-222.19191972688344,62841.798917830136,11923487.148945423,43939784.800571404
V3,1.0,IS,2026-05-26,MSTR,long,2.000001072883606,2,2.76530259435831,-68.75193468738307,15.53060518871662,-84.28253987609969,-84.28253987609969,75306.05188716619,68300788.27166106,290883310.8797056
V3,1.0,IS,2026-05-28,MARA,short,-6.499999761581421,1,2.831173284171323,82.47288617027046,15.662346568342642,66.81053960192781,66.81053960192781,76623.46568342646,23854018.307361104,96844125.3822065
V3,1.0,IS,2026-05-28,MSTR,short,-6.000000238418579,2,2.7504990780612117,-18.276455113561788,15.500998156122428,-33.777453269684216,-33.777453269684216,75009.98156122424,159270600.2418192,454076140.5714089
V3,1.0,IS,2026-05-28,IBIT,short,-3.5250003449618816,4,1.5182825126973005,47.74794373860131,7.0365650253946015,40.711378713206706,40.711378713206706,50365.65025394601,103750621.45312084,295807388.8169363
V3,1.0,IS,2026-06-01,JETS,long,3.0000001192092896,1,2.0002936120414603,21.723100984898345,8.00058722408292,13.722513760815424,13.722513760815424,60005.87224082921,3385209.541279572,10757573.171337217
V3,1.0,IS,2026-06-01,MARA,short,-2.499997615814209,1,2.621322470906166,-469.97438114509515,15.24264494181233,-485.2170260869075,-485.2170260869075,72426.44941812333,33961109.45956674,134371248.79402032
V3,1.0,IS,2026-06-02,MARA,short,-4.500001668930054,1,2.557705604037429,277.30255808765145,15.115411208074875,262.1871468795766,262.1871468795766,71154.11208074857,38234031.29545544,92958328.38058627
V3,1.0,IS,2026-06-02,MSTR,short,-4.250001162290573,2,2.567127205184664,543.5695448057629,15.134254410369294,528.4352903953936,528.4352903953936,71342.54410369328,200762759.59324735,689037241.0501883
V3,1.0,IS,2026-06-02,IBIT,short,-4.050000663846731,4,1.4064755930743187,284.5815534682995,6.812951186148666,277.7686022821508,277.7686022821508,48129.511861486375,116405823.19178925,340080968.5234925
V3,1.0,IS,2026-06-04,MARA,short,-7.500001788139343,1,2.319634113977744,-136.12623826018495,14.639268227955483,-150.76550648814043,-150.76550648814043,66392.68227955488,30060116.36089918,86624865.69405729
V3,1.0,IS,2026-06-04,MSTR,short,-4.250001162290573,2,2.6100930125850605,-31.82063752648817,15.220186025170122,-47.04082355165829,-47.04082355165829,72201.8602517012,135656682.96244904,436843431.31700313
V3,1.0,IS,2026-06-04,IBIT,short,-3.9875010028481483,4,1.3615528579435636,28.30574552825064,6.7231057158871295,21.58263981236351,21.58263981236351,47231.05715887128,154283499.8170417,420894925.3628396
V3,1.0,IS,2026-06-11,JETS,short,-8.99999886751175,1,1.6876742097541089,-440.9389165094646,7.375348419508214,-448.3142649289728,-448.3142649289728,53753.48419508217,945667.6763546793,8846270.491449824
V3,1.0,IS,2026-06-15,JETS,long,7.000000029802322,1,1.8026942842267855,-145.55065055269435,7.605388568453577,-153.15603912114793,-153.15603912114793,56053.88568453571,10317718.015071126,27659652.625458635
V3,1.0,IS,2026-06-15,MSTR,long,3.7500008940696716,2,2.635178730105726,-257.6236899482582,15.270357460211471,-272.89404740846965,-272.89404740846965,72703.57460211452,164059807.7582673,516130529.01798475
V3,1.0,IS,2026-06-15,MARA,long,3.50000262260437,1,3.116297786196424,-304.2004704069412,16.232595572392825,-320.433065979334,-320.433065979334,82325.95572392848,39571981.53678609,107540432.56523408
V3,1.0,IS,2026-06-15,IBIT,long,2.087500924244523,4,1.3811886959543787,-84.65503080994588,6.762377391908757,-91.41740820185464,-91.41740820185464,47623.773919087565,119322525.88729571,299769021.34890217
V3,1.0,IS,2026-06-16,MARA,short,-4.999998211860657,1,3.1002951160668717,-71.26972680541715,16.20059023213375,-87.4703170375509,-87.4703170375509,82005.90232133743,22883862.600383367,74886787.74711795
V3,1.0,IS,2026-06-16,MSTR,short,-3.999999165534973,2,2.6799554185477095,356.1900438790998,15.359910837095413,340.8301330420044,340.8301330420044,73599.10837095419,56387967.95482993,161296627.29658565
V3,1.0,IS,2026-06-16,IBIT,short,-2.0124996080994606,4,1.452095862714769,-33.21569486055194,6.904191725429534,-40.119886585981476,-40.119886585981476,49041.917254295375,66449398.16388084,160247678.9971693
V3,1.0,IS,2026-06-17,MARA,long,3.4999996423721313,1,2.982837904801088,176.16966212068695,15.965675809602175,160.20398631108478,160.20398631108478,79656.75809602176,16200773.847014172,63197632.61093311
V3,1.0,IS,2026-06-17,MSTR,long,2.250000089406967,2,2.8659624226748774,-136.6403841931506,15.731924845349766,-152.37230903850036,-152.37230903850036,77319.24845349755,53557121.34474915,238148283.12433785
V3,1.0,IS,2026-06-23,IBIT,short,-2.1250002086162567,4,1.4744713584839908,-55.5046122413536,6.948942716967984,-62.45355495832158,-62.45355495832158,49489.42716967982,76450753.99388964,187990458.03784186
V3,1.0,IS,2026-06-29,MARA,short,-2.000001072883606,1,3.144947355333355,690.5261767762813,16.28989471066666,674.2362820656147,674.2362820656147,82898.9471066671,23791671.987683315,85632114.28689227
V3,1.0,IS,2026-07-06,JETS,long,2.0000003278255463,1,1.5324430235614883,-47.890908326616405,7.064886047122975,-54.95579437373938,-54.95579437373938,50648.86047122977,1495411.1630547647,6746375.641173175
V3,1.0,IS,2026-07-09,JETS,short,-2.000001072883606,1,1.4845333105634018,-88.9832200295317,6.9690666211267995,-95.9522866506585,-95.9522866506585,49690.66621126803,2267760.8552318146,8372109.550470725
V3,1.0,IS,2026-07-16,JETS,short,-4.0000006556510925,1,1.426002316276927,-141.3132889373555,6.852004632553843,-148.16529356990935,-148.16529356990935,48520.04632553854,819696.2985368574,7933173.631348206
V3,1.0,IS,2026-07-20,JETS,long,3.999999165534973,1,1.4006137848763247,76.66792061668087,6.801227569752655,69.86669304692822,69.86669304692822,48012.27569752649,513976.44920152787,6191908.460302336
V3,1.0,IS,2026-07-27,JETS,long,7.999998331069946,1,1.5197387309459933,137.95351228839266,7.039477461891977,130.91403482650068,130.91403482650068,50394.774618919866,3144559.984209648,9395994.365755925
V3,1.0,IS,2026-07-27,MARA,short,-3.4999996423721313,1,3.245739941404431,142.70749293159457,16.49147988280886,126.21601304878571,126.21601304878571,84914.7988280886,16655508.402026113,54908544.52382146
V3,1.0,IS,2026-08-03,JETS,long,3.0000001192092896,1,1.4572558401662787,20.76897578481545,6.9145116803325575,13.854464104482892,13.854464104482892,49145.116803325574,4501318.474068398,18972652.23637139
V3,1.0,IS,2026-08-04,JETS,long,2.000001072883606,1,1.454876362865339,-112.63370576844154,6.909752725730684,-119.54345849417223,-119.54345849417223,49097.527257306785,5627166.588626727,13625131.386258861
V3,1.0,OOS,2026-08-17,MARA,short,-2.99999937415123,1,3.1935068174215675,-686.3029806275141,16.38701363484313,-702.6899942623572,-702.6899942623572,83870.13634843136,13150539.71739584,40684484.734033346
V3,1.0,OOS,2026-08-20,MARA,long,7.999998331069946,1,3.1218187527002677,1045.7771734427486,16.243637505400557,1029.533535937348,1029.533535937348,82436.37505400536,27340532.055768948,139647243.14031935
V3,1.0,OOS,2026-08-20,MSTR,long,4.999999329447746,4,2.7518873720894246,35.902490413232435,15.503774744178848,20.398715669053587,20.398715669053587,75037.7474417885,342490390.25467885,915197633.9585923
V3,1.0,OOS,2026-08-20,IBIT,long,3.999999463558197,5,1.1365540388953532,158.370832839202,6.27310807779071,152.09772476141129,152.09772476141129,42731.08077790706,275692389.2116219,738429440.6110443
V3,1.0,OOS,2026-08-20,ETHA,long,3.500000387430191,1,2.0513885285618443,250.91998572111453,8.102777057123689,242.81720866399084,242.81720866399087,61027.770571236884,48799277.676232554,200061956.76760504
V3,1.0,OOS,2026-08-21,MSTR,long,8.999999798834324,4,2.5580813961865876,-25.159403322665916,15.116162792373174,-40.27556611503909,-40.27556611503909,71161.62792373175,356531441.4531467,1139709167.5599432
V3,1.0,OOS,2026-08-21,MARA,long,8.250000700354576,2,2.7331408850823005,-346.21561890867326,15.466281770164585,-361.68190067883785,-361.68190067883785,74662.81770164601,75596375.30734114,239364892.43540043
V3,1.0,OOS,2026-08-21,IBIT,long,7.219999842345715,5,1.0009354207520065,-2.1658765043979393,6.001870841504013,-8.167747345901953,-8.167747345901953,40018.708415040135,264313978.3234144,1032884271.9162335
V3,1.0,OOS,2026-08-21,ETHA,long,5.500000715255737,1,1.8298907856443776,133.59944759260992,7.659781571288761,125.93966602132116,125.93966602132116,56597.815712887554,18798955.32747898,103013060.47334692
V3,1.0,OOS,2026-08-24,MARA,long,5.0000011920928955,2,2.735619567858233,51.692701764014885,15.471239135716466,36.22146262829842,36.22146262829842,74712.39135716466,23071266.83810444,82538910.03542913
V3,1.0,OOS,2026-08-24,MSTR,long,3.1250009313225746,4,2.600224066021466,111.36014819815101,15.200448132042936,96.15970006610807,96.15970006610807,72004.48132042932,236830307.25891477,703165850.8461769
V3,1.0,OOS,2026-08-24,IBIT,long,2.4900007620453835,5,1.0460570403021143,-7.629783105415778,6.092114080604229,-13.721897186020007,-13.721897186020009,40921.140806042284,183338458.01203856,599203376.3563062
V3,1.0,OOS,2026-08-25,MARA,short,-2.7500003576278687,2,2.767514643068161,-689.4269984181265,15.535029286136364,-704.9620277042628,-704.9620277042628,75350.29286136322,18657515.904689346,57919125.61154593
V3,1.0,OOS,2026-08-26,ETHA,short,-3.0000001192092896,1,1.8677979388074946,-77.13800603987725,7.735595877614983,-84.87360191749224,-84.87360191749224,57355.958776149884,17300286.631287694,63863413.58299909
V3,1.0,OOS,2026-08-26,MARA,short,-2.499997615814209,2,2.7925892617054915,328.0056960582511,15.585178523411003,312.4205175348401,312.4205175348401,75851.78523410983,18008410.64852518,53980853.550787084
V3,1.0,OOS,2026-08-27,MARA,long,5.749997496604919,2,2.7771355300746756,197.67407392361596,15.554271060149347,182.11980286346662,182.11980286346662,75542.71060149351,18829568.936976124,89284712.82997271
V3,1.0,OOS,2026-08-27,MSTR,long,3.1666656335194907,3,2.634861130311193,749.6232160253596,15.269722260622416,734.3534937647372,734.3534937647372,72697.22260622386,109430667.69511934,651382188.9992983
V3,1.0,OOS,2026-08-27,JETS,long,3.0000001192092896,1,1.3626450373638979,-160.12451756144003,6.725290074727809,-166.84980763616784,-166.84980763616784,47252.900747277956,642724.119788994,3238274.8264187598
V3,1.0,OOS,2026-08-27,IBIT,long,2.3374992422759533,4,1.0773391131137904,43.0012590850573,6.154678226227581,36.84658085882972,36.84658085882972,41546.78226227581,87919530.50797375,265693427.57537457
V3,1.0,OOS,2026-08-28,MARA,short,-3.4999996423721313,2,2.8456517935701893,662.2869651974986,15.691303587140396,646.5956616103582,646.5956616103582,76913.03587140379,19267520.105088133,64897603.43595321
V3,1.0,OOS,2026-08-28,MSTR,short,-2.000001072883606,3,2.7947435412870694,412.3655103929376,15.589487082574124,396.7760233103635,396.7760233103635,75894.87082574138,104316651.33275105,341323736.45254016
V3,1.0,OOS,2026-09-03,MARA,long,3.5000011324882507,2,2.675541839825596,743.3482319936663,15.351083679651197,727.9971483140151,727.9971483140151,73510.83679651193,13369145.593911717,46954695.93586017
V3,1.0,OOS,2026-09-04,GOOGL,long,21.549998968839645,1,1.5093612065957536,-83.31337712005457,7.018722413191512,-90.33209953324608,-90.33209953324608,50187.22413191507,214014785.84640825,733648677.0883002
V3,1.0,OOS,2026-09-04,MSFT,short,-21.549998968839645,1,1.1651034264224593,175.48950548221885,6.330206852844924,169.15929862937392,169.15929862937392,43302.068528449185,327273915.9101504,1007242619.5325081
V3,1.0,OOS,2026-09-04,MARA,short,-4.0000006556510925,2,2.8602306530558783,-168.76374089840954,15.720461306111758,-184.4842022045213,-184.4842022045213,77204.61306111756,17994549.661513016,48813606.089674
V3,1.0,OOS,2026-09-04,MSTR,short,-3.0000004917383194,4,3.028909639160632,-457.8963507290208,16.05781927832129,-473.9541700073421,-473.9541700073421,80578.19278321265,255717063.15294927,683869562.0901519
V3,1.0,OOS,2026-09-04,IBIT,short,-2.310000378638506,5,1.0093342657241302,-92.29885625986981,6.018668531448256,-98.31752479131806,-98.31752479131806,40186.6853144826,135902625.92859936,445898737.4326256
V3,1.0,OOS,2026-09-08,MARA,short,-5.833333730697632,3,2.8576241018784305,-736.2471232652466,15.715248203756914,-751.9623714690035,-751.9623714690035,77152.48203756861,17896961.30505631,54479728.6001692
V3,1.0,OOS,2026-09-08,MSTR,short,-4.375000298023224,4,3.1751217192671857,-48.5658290361783,16.350243438534378,-64.91607247471268,-64.91607247471268,83502.4343853437,166322986.44113785,497056894.9655293
V3,1.0,OOS,2026-09-08,IBIT,short,-3.440000247210264,5,1.0872237353577714,-60.03904265543508,6.174447470715549,-66.21349012615063,-66.21349012615063,41744.47470715543,103580598.0379015,519102714.46563447
V3,1.0,OOS,2026-09-08,IWM,short,-3.0000001192092896,1,0.8669187104138246,-12.93517097961472,5.7338374208276495,-18.66900840044237,-18.66900840044237,37338.374208276495,261654777.54161683,819746803.9908856
V3,1.0,OOS,2026-09-09,MARA,long,3.3333336313565574,3,2.5893009710978525,-81.64725971925455,15.178601942195712,-96.82586166145026,-96.82586166145026,71786.01942195705,11270643.380571129,50580663.095377125
V3,1.0,OOS,2026-09-09,MSTR,long,2.3750003427267075,4,3.291443249554909,-568.8194572024369,16.582886499109804,-585.4023437015467,-585.4023437015467,85828.86499109819,140721748.96777332,425503183.7315421
V3,1.0,OOS,2026-09-10,MARA,short,-2.6666656136512756,3,2.5246785494306585,173.75121379346788,15.049357098861321,158.70185669460656,158.70185669460656,70493.57098861317,14803803.652127195,57025380.042834885
V3,1.0,OOS,2026-09-10,MSTR,short,-2.124999277293682,4,3.2947305770563324,-23.48577588297613,16.589461154112666,-40.0752370370888,-40.0752370370888,85894.61154112665,131495184.0927145,322053790.9051542
V3,1.0,OOS,2026-09-14,ETHA,short,-2.000001072883606,1,1.0958857705650795,-122.60446983659585,6.1917715411301515,-128.796241377726,-128.796241377726,41917.715411301586,20695129.25698628,103261548.00843693
V3,1.0,OOS,2026-09-15,MARA,short,-4.16666716337204,3,2.7047920847722926,-75.2004789620346,15.409584169544587,-90.61006313157918,-90.61006313157918,74095.84169544585,19625705.435792897,63661951.558988325
V3,1.0,OOS,2026-09-15,MSTR,short,-3.500000387430191,4,3.0701643401112744,44.371726285871105,16.14032868022255,28.231397605648556,28.231397605648556,81403.28680222548,80991087.06562498,345122790.85522956
V3,1.0,OOS,2026-09-15,IBIT,short,-2.860000319778919,5,0.8526642134871745,70.35409537318205,5.705328426974347,64.6487669462077,64.6487669462077,37053.28426974349,92508959.98813765,512063524.2715777
V3,1.0,OOS,2026-09-18,IWM,short,-4.000002145767212,1,0.8514667282407817,32.82178053052757,5.7029334564815635,27.118847074046005,27.118847074046002,37029.33456481563,545276755.3052672,1234365509.6560292
V3,1.0,OOS,2026-09-18,MARA,long,2.8333336114883423,3,3.0425668024194685,911.2853801511995,16.085133604838916,895.2002465463606,895.2002465463606,80851.33604838938,29064656.92758112,125658485.24117783
V3,1.0,OOS,2026-09-18,MSTR,long,2.1250002086162567,4,3.2800701214295125,1254.5330126508936,16.560140242859006,1237.9728724080346,1237.9728724080346,85601.40242859024,208318695.3821264,1049527055.1325707
V3,1.0,OOS,2026-09-21,MARA,long,16.66666865348816,3,2.9370208602600734,-748.4898216241822,15.874041720520154,-764.3638633447024,-764.3638633447024,78740.41720520146,53601790.53326656,142368415.86019364
V3,1.0,OOS,2026-09-21,MSTR,long,12.662501446902752,4,3.142729897433857,-59.951387442417136,16.285459794867712,-76.23684723728485,-76.23684723728485,82854.59794867714,479474434.1909744,1440680970.8020184
V3,1.0,OOS,2026-09-21,IBIT,long,10.190001167356968,5,0.8224069563319651,112.3104077034594,5.644813912663935,106.66559379079547,106.66559379079547,36448.139126639304,180370261.1135902,625223535.4464122
V3,1.0,OOS,2026-09-21,IWM,long,5.0000011920928955,1,0.8553349209607888,-105.59333953272734,5.710669841921572,-111.30400937464891,-111.30400937464891,37106.698419215776,190361653.1940411,622487449.2247139
V3,1.0,OOS,2026-09-21,ETHA,long,4.500000178813934,1,0.9320845751007515,13.32247075469044,5.864169150201503,7.458301604488938,7.458301604488938,38641.69150201503,54040616.18292551,168722306.33207196
V3,1.0,OOS,2026-09-22,MARA,short,-2.8333336114883423,3,2.7506520290002907,-408.4250155008808,15.501304058000585,-423.9263195588814,-423.9263195588814,75013.0405800058,14701074.79256509,72123045.76562323
V3,1.0,OOS,2026-09-22,MSTR,short,-2.1750002168118954,4,3.334783998581699,-14.839791892046799,16.669567997163398,-31.509359889210195,-31.509359889210195,86695.67997163397,216752908.07329592,809593301.7007133
V3,1.0,OOS,2026-09-22,JETS,long,2.000001072883606,1,1.4290269638404323,-169.75513860249373,6.8580539276808565,-176.6131925301746,-176.6131925301746,48580.539276808646,2796425.7707390008,12642837.032649323
V3,1.0,OOS,2026-09-23,ETHA,short,-2.4999991059303284,1,1.078699690235938,61.4850473643996,6.15739938047188,55.32764798392772,55.32764798392772,41573.99380471876,8969030.932119245,43790165.24818786
V3,1.0,OOS,2026-09-24,MARA,short,-2.333332101504008,3,3.3457043981278187,254.23211213778103,16.691408796255644,237.5407033415254,237.5407033415254,86914.08796255637,20837764.06195882,69679611.62011194
V3,1.0,OOS,2026-09-25,IWM,long,2.0000040531158447,1,0.9598474343908421,-45.27617239360216,5.919694868781683,-51.19586726238384,-51.19586726238384,39196.94868781684,241140548.99968964,762146226.082143
V3,1.0,OOS,2026-09-28,IWM,short,-2.999997138977051,1,0.9548819491099919,-24.09587310971497,5.909763898219982,-30.00563700793495,-30.00563700793495,39097.63898219984,226364074.58304194,845603435.1168655
V3,1.0,OOS,2026-09-30,IWM,long,13.499999046325684,1,0.9557488148393176,-29.483052001897146,5.911497629678639,-35.394549631575785,-35.394549631575785,39114.97629678635,214710007.11722425,702050525.6763015
V3,1.0,OOS,2026-09-30,MARA,long,5.499999721844991,3,3.289765863033659,-641.0884272775643,16.57953172606733,-657.6679590036316,-657.6679590036316,85795.31726067318,18983191.14915207,70342791.55512752
V3,1.0,OOS,2026-09-30,MSTR,long,4.124999791383743,4,3.3524266716290176,-299.09424787162817,16.704853343258037,-315.7991012148862,-315.7991012148862,87048.53343258036,262593807.42715493,674182318.8025553
V3,1.0,OOS,2026-09-30,IBIT,long,3.279999829828739,5,1.2414175079716252,-123.01659718918997,6.482835015943252,-129.49943220513322,-129.49943220513322,44828.3501594325,94876090.81076793,343637306.7176872
V3,1.0,OOS,2026-10-02,MARA,long,9.83333190282186,3,3.238096567554524,-308.85810322026674,16.476193135109042,-325.3342963553758,-325.3342963553758,84761.93135109048,25410834.912451256,103666466.71739586
V3,1.0,OOS,2026-10-02,MSTR,long,7.487498875707388,4,3.2925699939098747,-313.217888940397,16.58513998781973,-329.80302892821675,-329.80302892821675,85851.3998781975,308778974.18145555,868262323.8569378
V3,1.0,OOS,2026-10-02,IWM,long,6.999999284744263,1,0.9466658989974734,-17.618875489799187,5.893331797994946,-23.512207287794133,-23.512207287794133,38933.31797994947,511985705.35913026,1419358817.990894
V3,1.0,OOS,2026-10-02,IBIT,long,6.009999085217714,5,1.2183708625306708,-253.49187403335984,6.436741725061353,-259.9286157584212,-259.9286157584212,44367.41725061342,123279655.74541889,430439645.3893642
V3,1.0,OOS,2026-10-02,TLT,long,3.0000030994415283,1,0.43239512897938454,-52.52192085930011,4.8647902579587665,-57.386711117258876,-57.386711117258876,28647.90257958769,128662165.23529874,579814888.0407156
V3,1.0,OOS,2026-10-02,ETHA,long,3.0000001192092896,1,1.1450603497855631,-292.2783147493207,6.290120699571105,-298.5684354488918,-298.5684354488918,42901.20699571126,17708957.326422337,80275415.12014996
V3,2.0,IS,2026-01-23,IBIT,long,2.999997138977051,1,1.8948744398168846,-49.16475175745941,15.57949775926754,-64.74424951672695,-64.74424951672695,57897.4887963377,51675339.182500005,251255667.45209998
V3,2.0,IS,2026-01-23,MARA,long,2.999997138977051,1,3.1003409806510986,197.03457980661918,32.40136392260439,164.6332158840148,164.6332158840148,82006.81961302199,11190896.1974,46606126.1995
V3,2.0,IS,2026-01-23,MSTR,long,2.999997138977051,1,1.9340836203316125,108.26628901050665,27.736334481326452,80.5299545291802,80.5299545291802,58681.67240663225,32525754.216,201248055.9751
V3,2.0,IS,2026-01-26,MSTR,short,-3.7499994039535522,2,1.901288569716716,-8.503284110859614,27.60515427886686,-36.10843838972647,-36.10843838972647,58025.77139433431,90213730.3695,303852006.02300006
V3,2.0,IS,2026-01-26,IBIT,short,-3.4999966621398926,1,1.8196548103798469,67.56092888689604,15.278619241519387,52.28230964537665,52.28230964537665,56393.09620759694,93470930.555,312682299.6501
V3,2.0,IS,2026-01-26,MARA,short,-3.4999966621398926,1,3.1951127314710246,507.3506060619258,32.78045092588411,474.5701551360417,474.5701551360417,83902.25462942048,15557786.3034,60052547.7852
V3,2.0,IS,2026-01-28,IBIT,long,2.999997138977051,1,1.8114286891685665,-58.771207953929455,15.245714756674268,-74.01692271060372,-74.01692271060372,56228.57378337133,76429051.0548,259716559.1465
V3,2.0,IS,2026-01-28,MARA,long,2.999997138977051,1,3.1949070366120473,-252.31601506651512,32.779628146448175,-285.0956432129633,-285.0956432129633,83898.14073224095,15332136.302000001,46901351.91910001
V3,2.0,IS,2026-01-28,MSTR,long,2.999997138977051,1,1.9135299459662238,-324.4999248016274,27.65411978386487,-352.1540445854923,-352.1540445854923,58270.59891932448,106204804.95799999,324668154.5492999
V3,2.0,IS,2026-01-30,IBIT,short,-5.0000011920928955,1,1.769297283172331,-113.44470138695127,15.077189132689313,-128.52189051964058,-128.52189051964058,55385.94566344662,119378140.2324,442634926.73989993
V3,2.0,IS,2026-01-30,MSTR,short,-4.500000178813934,2,1.7488124547063504,-687.4364052302806,26.995249818825414,-714.431655049106,-714.431655049106,54976.24909412701,98461059.805,384717511.57299995
V3,2.0,IS,2026-01-30,ETHA,short,-2.999997138977051,1,2.833593923709369,194.20519196907344,19.33437569483749,174.87081627423595,174.87081627423595,76671.87847418738,32486526.741899997,99963578.90309998
V3,2.0,IS,2026-02-02,ETHA,short,-20.499998331069946,1,2.907232025430492,233.6119090434356,19.628928101721982,213.9829809417136,213.9829809417136,78144.64050860984,71080786.458,300896140.39190006
V3,2.0,IS,2026-02-02,IBIT,short,-15.49999713897705,1,1.7758592596041833,160.4658139594403,15.103437038416729,145.36237692102358,145.36237692102358,55517.18519208366,274952576.1279,1042806487.592
V3,2.0,IS,2026-02-02,MSTR,short,-9.999999403953552,2,1.6906892721368096,147.38357139969096,26.762757088547232,120.62081431114373,120.62081431114373,53813.785442736196,215669965.2424,747253976.9625
V3,2.0,IS,2026-02-03,ETHA,short,-2.000001072883606,1,2.418873792662337,-185.41834950881855,17.675495170649356,-203.0938446794679,-203.0938446794679,68377.47585324674,35720628.9429,193181821.31440002
V3,2.0,IS,2026-02-05,ETHA,short,-4.000002145767212,1,2.327470907418228,897.9302658517087,17.309883629672868,880.6203822220358,880.6203822220357,66549.41814836457,34177834.134,131416223.92570001
V3,2.0,IS,2026-02-05,IBIT,short,-3.0000030994415283,1,1.5383843016481655,829.2141348885633,14.15353720659266,815.0605976819706,815.0605976819706,50767.68603296331,302067985.24560004,883664974.7842
V3,2.0,IS,2026-02-05,MSTR,short,-3.0000030994415283,1,1.3195821070791003,1017.6069656146527,25.2783284283164,992.3286371863363,992.3286371863363,46391.64214158201,224061892.4616,725097603.0469
V3,2.0,IS,2026-02-06,IBIT,long,2.7499988675117493,2,1.971089187618431,170.16263989676224,15.884356750473728,154.27828314628852,154.27828314628852,59421.783752368625,377221394.4912,1057501899.3182999
V3,2.0,IS,2026-02-06,MARA,long,2.7499988675117493,2,3.486953820632364,926.2035183405118,33.947815282529405,892.2557030579824,892.2557030579824,89739.07641264728,23380717.698,88720936.552
V3,2.0,IS,2026-02-06,MSTR,long,2.7499988675117493,2,1.9104687869257095,1468.9163391793172,27.641875147702876,1441.2744640316143,1441.2744640316143,58209.37573851419,289098873.83959997,984111647.1832999
V3,2.0,IS,2026-02-09,ETHA,long,3.999999165534973,1,3.1120347628673057,273.9946475578568,20.448139051469212,253.5465085063876,253.54650850638762,82240.69525734612,24723294.1254,97859486.3387
V3,2.0,IS,2026-02-10,IBIT,short,-3.0000001192092896,2,2.4115278144486045,-36.08993131841029,17.646111257794416,-53.7360425762047,-53.7360425762047,68230.55628897209,76185182.0238,513829539.1607
V3,2.0,IS,2026-02-10,MARA,short,-3.0000001192092896,2,4.774317853549275,229.89153602301946,39.09727141419711,190.79426460882235,190.79426460882235,115486.3570709855,11873769.9852,46088843.8194
V3,2.0,IS,2026-02-10,MSTR,short,-3.0000001192092896,2,3.504221269453727,-94.57352584005946,34.01688507781489,-128.59041091787435,-128.59041091787435,90084.42538907455,165092782.32999998,545634689.6179
V3,2.0,IS,2026-02-19,IBIT,short,-2.2499993443489075,2,2.550482674746614,-152.51722015331595,18.201930698986445,-170.7191508523024,-170.7191508523024,71009.65349493228,63766094.304000005,267008174.6979
V3,2.0,IS,2026-02-19,MARA,short,-2.2499993443489075,2,4.761131593446056,-680.418841437248,39.044526373784265,-719.4633678110323,-719.4633678110323,115222.63186892112,7541321.5592,27477098.199899998
V3,2.0,IS,2026-02-19,MSTR,short,-2.2499993443489075,2,3.6955332889532353,-456.3285466464933,34.782133155812915,-491.1106798023062,-491.1106798023062,93910.66577906472,87486913.70639999,261172929.3492
V3,2.0,IS,2026-02-24,IBIT,short,-5.249999463558197,2,2.658073964919004,-20.929574836388888,18.632295859676013,-39.5618706960649,-39.5618706960649,73161.47929838009,101881770.2026223,329437494.5341807
V3,2.0,IS,2026-02-24,MARA,short,-5.249999463558197,2,4.3705258760997605,28.612957266435853,37.48210350439904,-8.86914623796319,-8.86914623796319,107410.5175219952,10007576.83990513,45706439.8240077
V3,2.0,IS,2026-02-24,MSTR,short,-5.249999463558197,2,3.9683155138013793,79.47327636332234,35.873262055205515,43.600014308116826,43.600014308116826,99366.31027602758,105215256.45060487,378451462.1810192
V3,2.0,IS,2026-02-24,ETHA,short,-3.4999996423721313,1,3.267088751591727,6.009055125508686,21.068355006366907,-15.059299880858221,-15.059299880858223,85341.77503183454,12102937.21082356,62846289.043417595
V3,2.0,IS,2026-02-25,IBIT,long,2.7499988675117493,2,2.756814863961494,276.21706623334313,19.02725945584598,257.18980677749715,257.18980677749715,75136.29727922988,89268034.08207504,340159563.4500271
V3,2.0,IS,2026-02-25,MARA,long,2.7499988675117493,2,4.495519120041928,49.486191093051914,37.98207648016771,11.504114612884202,11.504114612884202,109910.38240083857,18350801.219697595,63371264.42121169
V3,2.0,IS,2026-02-25,MSTR,long,2.7499988675117493,2,4.1685832002734875,252.0041991528932,36.67433280109395,215.32986635179924,215.32986635179924,103371.66400546975,111563298.34096731,372824214.15409356
V3,2.0,IS,2026-03-02,ETHA,short,-3.5000011324882507,1,3.5398091488522305,-170.41231412369157,22.159236595408913,-192.5715507191005,-192.5715507191005,90796.1829770446,23406056.880903408,129951518.12905085
V3,2.0,IS,2026-03-02,IBIT,short,-2.000001072883606,1,2.8430003894281026,-219.17992035241008,19.372001557712395,-238.55192191012247,-238.55192191012245,76860.00778856206,113224412.43168026,490686114.8625012
V3,2.0,IS,2026-03-02,MARA,short,-2.000001072883606,1,4.394950236189921,-485.3131588064067,37.579800944759654,-522.8929597511664,-522.8929597511664,107899.00472379841,25312999.722206034,85519732.93518384
V3,2.0,IS,2026-03-02,MSTR,short,-2.000001072883606,1,4.345810033246129,-169.0411307182353,37.3832401329845,-206.4243708512198,-206.4243708512198,106916.20066492258,92481007.71883973,356792647.8870786
V3,2.0,IS,2026-03-03,MARA,short,-3.0000001192092896,1,4.385519000809775,726.4936177929874,37.54207600323912,688.9515417897483,688.9515417897483,107710.3800161955,18357988.157323476,66162380.67613643
V3,2.0,IS,2026-03-04,IBIT,long,2.5000005960464478,2,2.7373003677892904,42.51689461222802,18.94920147115716,23.567693141070862,23.567693141070862,74746.00735578581,250450352.13795567,792352616.4974968
V3,2.0,IS,2026-03-04,MSTR,long,2.5000005960464478,2,4.267642542933813,-40.30536022518905,37.070570171735255,-77.3759303969243,-77.3759303969243,105352.85085867626,236585199.67119402,729620829.3603765
V3,2.0,IS,2026-03-09,ETHA,short,-4.500000178813934,1,3.6840453406805107,580.2406264586923,22.73618136272205,557.5044450959703,557.5044450959703,93680.90681361021,14068834.800259644,89610348.97886153
V3,2.0,IS,2026-03-10,ETHA,long,4.0000006556510925,1,3.709910414377977,-54.566418202234914,22.839641657511905,-77.40605985974682,-77.40605985974682,94198.20828755954,13637518.270435853,66992946.23340044
V3,2.0,IS,2026-03-13,ETHA,long,3.0000001192092896,1,3.4719242781655955,-2.2791606826440964,21.88769711266238,-24.166857795306477,-24.166857795306477,89438.4855633119,24520004.214240972,109843592.43365297
V3,2.0,IS,2026-03-13,IBIT,long,2.999997138977051,2,2.827421691347244,38.603836481768056,19.309686765388975,19.29414971637908,19.29414971637908,76548.43382694488,127615121.71310337,479540604.9659912
V3,2.0,IS,2026-03-13,MSTR,long,2.999997138977051,2,4.3800865631548005,166.98673162312772,37.52034625261919,129.46638537050853,129.46638537050853,107601.73126309601,197751056.4631649,528745197.5946543
V3,2.0,IS,2026-03-13,MARA,long,2.499997615814209,1,4.7002048907737475,636.5537671051453,38.80081956309493,597.7529475420504,597.7529475420504,114004.09781547495,25848918.88979507,76938559.348106
V3,2.0,IS,2026-03-16,ETHA,long,9.000000357627869,1,3.3901252907492463,194.0938521955926,21.560501162996985,172.53335103259562,172.53335103259562,87802.50581498492,25750578.56100865,157836400.1317657
V3,2.0,IS,2026-03-16,IBIT,long,3.7500008940696716,2,2.763973810015324,-16.828442325166094,19.055895240061297,-35.88433756522739,-35.88433756522739,75279.47620030648,84445336.241943,397275495.1043998
V3,2.0,IS,2026-03-16,MSTR,long,3.7500008940696716,2,4.282870081991931,112.81734564232518,37.13148032796772,75.68586531435746,75.68586531435746,105657.40163983863,123811324.12559435,467912231.8362736
V3,2.0,IS,2026-03-16,MARA,long,3.0000001192092896,1,4.524640922617252,-582.2962557969109,38.09856369046895,-620.3948194873799,-620.3948194873799,110492.81845234503,22747934.887105443,76735241.23641549
V3,2.0,IS,2026-03-17,ETHA,long,6.000000238418579,1,3.652663407439572,95.88165458959281,22.61065362975829,73.27100095983452,73.27100095983452,93053.26814879145,14474830.456700342,74594638.90211771
V3,2.0,IS,2026-03-18,ETHA,short,-3.0000001192092896,1,3.639181871013447,-136.4321494392181,22.556727484053795,-158.9888769232719,-158.9888769232719,92783.63742026893,23321446.16678422,87970395.10178697
V3,2.0,IS,2026-03-19,ETHA,short,-6.4999982714653015,1,3.7649464343543713,89.96274366320272,23.059785737417485,66.90295792578523,66.90295792578523,95298.92868708742,29699982.075005077,77958454.91117562
V3,2.0,IS,2026-03-19,IBIT,short,-3.000001609325409,2,2.9829908278852715,-10.62135818663875,19.931963311541082,-30.553321498179834,-30.55332149817983,79659.81655770543,87420466.07979774,264469971.55013654
V3,2.0,IS,2026-03-19,MSTR,short,-3.000001609325409,2,4.509699541162059,-48.68275186737367,38.03879816464823,-86.7215500320219,-86.7215500320219,110193.99082324117,145555835.2879892,402513077.92134994
V3,2.0,IS,2026-03-20,IBIT,long,2.7499988675117493,2,2.9357651324404417,310.1215586131544,19.74306052976175,290.3784980833926,290.3784980833926,78715.30264880884,74557328.87518625,254625016.4467557
V3,2.0,IS,2026-03-20,MSTR,long,2.7499988675117493,2,4.487373468455116,275.889965931911,37.94949387382047,237.9404720580905,237.94047205809053,109747.46936910233,81732588.0123729,256848702.26711556
V3,2.0,IS,2026-03-20,MARA,long,2.5000005960464478,1,4.219756747172785,-147.78955574740246,36.87902698869112,-184.66858273609358,-184.66858273609358,104395.1349434557,13197723.638871403,44010951.60558377
V3,2.0,IS,2026-03-20,ETHA,long,2.4999991059303284,1,3.6546393000137027,381.98114843569675,22.618557200054795,359.36259123564196,359.36259123564196,93092.78600027405,8580514.127947314,38193298.09830834
V3,2.0,IS,2026-03-26,IBIT,short,-2.7500003576278687,2,2.7259339274854155,-167.77754473416636,18.903735709941657,-186.681280444108,-186.681280444108,74518.6785497083,35557547.2864813,227052689.6475708
V3,2.0,IS,2026-03-26,MSTR,short,-2.7500003576278687,2,4.294542950078473,-190.68930824772858,37.17817180031389,-227.86748004804247,-227.8674800480425,105890.85900156945,44653104.34356897,224944544.82389647
V3,2.0,IS,2026-03-27,MARA,short,-3.999999165534973,1,3.9669804423801707,-164.88111917932605,35.86792176952068,-200.74904094884673,-200.74904094884673,99339.60884760342,14973225.474090245,57211826.03760524
V3,2.0,IS,2026-03-27,IBIT,short,-3.4999996423721313,2,2.6605627319984793,-241.51126753267076,18.6422509279939,-260.15351846066466,-260.15351846066466,73211.25463996959,90319225.02971545,398732116.74725527
V3,2.0,IS,2026-03-27,MSTR,short,-3.4999996423721313,2,4.1599373676125,-251.04457294580183,36.63974947044997,-287.6843224162518,-287.6843224162518,103198.74735225,80713007.21840939,342592370.7432278
V3,2.0,IS,2026-03-30,MARA,short,-4.000002145767212,1,3.974750287995771,-43.35060968267149,35.899001151983086,-79.24961083465458,-79.24961083465458,99495.00575991542,15547343.947694944,52364867.66325471
V3,2.0,IS,2026-03-30,IBIT,short,-3.7500008940696716,2,2.6242153783268445,-134.0009232767954,18.49686151330738,-152.49778479010277,-152.49778479010277,72484.3075665369,77333823.929793,269432942.2696451
V3,2.0,IS,2026-03-30,MSTR,short,-3.7500008940696716,2,4.09945502349244,108.67733828216562,36.397820093969756,72.27951818819587,72.27951818819587,101989.1004698488,54930869.90404228,194377297.3365609
V3,2.0,IS,2026-03-30,ETHA,long,3.0000001192092896,1,3.294346072300172,179.78148226838104,21.17738428920069,158.60409797918035,158.60409797918035,85886.92144600344,13954156.267645275,117865653.34364396
V3,2.0,IS,2026-03-31,IBIT,long,2.000001072883606,2,2.640568757875017,-302.8578253152068,18.562275031500064,-321.4201003467069,-321.4201003467069,72811.37515750034,43186003.20029757,177172007.12007594
V3,2.0,IS,2026-03-31,MSTR,long,2.000001072883606,2,4.118234682118169,-589.9780117591448,36.47293872847263,-626.4509504876174,-626.4509504876174,102364.69364236339,52595222.22008308,216799678.2446222
V3,2.0,IS,2026-04-08,MARA,long,4.000002145767212,1,3.4212644555412544,5.260687441714694,33.68505782216502,-28.424370380450327,-28.424370380450327,88425.28911082509,27952952.230940018,69690394.63376628
V3,2.0,IS,2026-04-08,MSTR,long,4.0000006556510925,2,3.558011725709902,-375.5941275981639,34.23204690283961,-409.8261745010035,-409.8261745010035,91160.23451419803,134430435.82693326,418470477.3889502
V3,2.0,IS,2026-04-08,IBIT,long,3.33333412806193,3,2.282327189664467,-139.4644706416264,17.129308758657857,-156.59377940028426,-156.59377940028426,65646.54379328934,87113517.30577354,331875024.1054642
V3,2.0,IS,2026-04-08,ETHA,long,2.000001072883606,1,2.937659074691341,-188.43558159397617,19.750636298765357,-208.18621789274152,-208.18621789274152,78753.18149382682,14565994.087002015,121180319.1818813
V3,2.0,IS,2026-04-13,MSTR,short,-4.499998688697815,2,3.4111327024771714,-18.580974829730742,33.64453080990869,-52.22550563963943,-52.22550563963943,88222.65404954343,67483682.72289369,270233659.97202826
V3,2.0,IS,2026-04-13,MARA,short,-3.999999165534973,1,3.3411311387640126,-746.2718762155257,33.36452455505605,-779.6364007705818,-779.6364007705818,86822.62277528025,11965825.970940307,50412135.262750596
V3,2.0,IS,2026-04-13,IBIT,short,-3.6666661500930786,3,2.2129899063196286,-26.362811108661088,16.851959625278514,-43.2147707339396,-43.2147707339396,64259.79812639257,55779617.752775244,323275448.86557364
V3,2.0,IS,2026-04-14,MSTR,long,4.500000178813934,2,3.455128405354224,-373.01643276553506,33.820513621416865,-406.8369463869519,-406.8369463869519,89102.56810708449,133629992.93101023,548798288.8297901
V3,2.0,IS,2026-04-14,IBIT,long,4.33333416779836,3,2.2234239262521958,-247.71544992542013,16.893695705008753,-264.6091456304289,-264.6091456304289,64468.478525043916,109912555.59904753,431796757.15889466
V3,2.0,IS,2026-04-14,MARA,long,2.5000005960464478,1,3.458656685272619,-459.8821737357885,33.83462674109046,-493.716800476879,-493.716800476879,89173.13370545238,20108505.364961106,92306761.22355983
V3,2.0,IS,2026-04-17,IBIT,long,2.3333330949147544,3,2.1543414931904525,-7.36138370074163,16.61736597276181,-23.97874967350344,-23.97874967350344,63086.82986380905,160774467.00825185,654404012.7315985
V3,2.0,IS,2026-04-17,MARA,long,2.000001072883606,1,3.3547893383726315,-241.03062276091765,33.419157353490505,-274.44978011440816,-274.44978011440816,87095.78676745264,35518891.91166134,106968389.11401321
V3,2.0,IS,2026-04-20,ETHA,short,-2.000001072883606,1,2.843413764534164,-66.43177632156963,19.37365505813665,-85.80543137970628,-85.80543137970628,76868.27529068328,23136106.96317414,100983582.29703681
V3,2.0,IS,2026-04-20,MARA,short,-2.000001072883606,1,3.319391463648413,-305.0998776141165,33.27756585459366,-338.37744346871017,-338.37744346871017,86387.82927296827,19165660.92405666,64661546.159058504
V3,2.0,IS,2026-04-22,MSTR,long,4.500000178813934,2,3.7349686218657023,138.75223541886842,34.939874487462816,103.8123609314056,103.8123609314056,94699.37243731404,256756276.40214562,1014224631.9999925
V3,2.0,IS,2026-04-22,IBIT,long,4.33333416779836,3,2.213049239680622,-14.84835819477495,16.852196958722487,-31.700555153497437,-31.700555153497437,64260.984793612435,99546076.45752716,351263190.3330959
V3,2.0,IS,2026-04-22,MARA,long,3.999999165534973,1,3.3726163698689424,-106.4237505658964,33.49046547947577,-139.91421604537217,-139.91421604537217,87452.32739737885,35698151.898118615,100468724.14024118
V3,2.0,IS,2026-04-22,ETHA,long,2.000001072883606,1,2.884154022561184,-130.48468690954488,19.536616090244735,-150.0213029997896,-150.0213029997896,77683.08045122368,11652347.91299032,76022465.43606207
V3,2.0,IS,2026-04-28,MARA,long,2.000001072883606,1,3.3445379792283862,209.85838126938225,33.37815191691354,176.4802293524687,176.4802293524687,86890.75958456773,20109483.007747002,49643534.689421974
V3,2.0,IS,2026-05-04,MSTR,long,5.000002682209015,2,3.890931727839743,277.7779504417536,35.56372691135897,242.21422353039463,242.21422353039463,97818.63455679484,123570136.55109474,400323345.25554407
V3,2.0,IS,2026-05-04,IBIT,long,3.4625010564923286,4,2.2703442880454374,206.0757481539286,17.081377152181744,188.99437100174686,188.99437100174686,65406.88576090875,75746797.23063804,235019659.88440955
V3,2.0,IS,2026-05-04,ETHA,long,2.99999862909317,1,2.9207950901842743,151.9067367202357,19.683180360737083,132.22355635949862,132.22355635949862,78415.90180368548,13063012.583187489,38602611.68252527
V3,2.0,IS,2026-05-05,ETHA,long,2.000001072883606,1,2.638939338661659,-155.08372388743982,18.55575735464663,-173.63948124208645,-173.63948124208645,72778.78677323318,10241639.153142435,42189252.33195948
V3,2.0,IS,2026-05-06,JETS,long,11.000001430511475,1,1.8173602424562123,-136.84389955089648,15.269440969824842,-152.11334052072132,-152.11334052072132,56347.204849124246,4661518.6242882,27826664.298186168
V3,2.0,IS,2026-05-11,JETS,short,-3.999999165534973,1,1.8415452406479542,269.0878314699768,15.366180962591812,253.72165050738496,253.72165050738496,56830.90481295908,1475054.3169608049,8517830.049969584
V3,2.0,IS,2026-05-12,ETHA,short,-2.000001072883606,1,2.3228375750332533,36.1240291001705,17.29135030013301,18.832678800037492,18.832678800037492,66456.75150066506,31041680.61061063,100870744.00857756
V3,2.0,IS,2026-05-14,MARA,long,2.0000040531158447,1,2.549661392967805,277.7643034712356,30.198645571871225,247.5656578993644,247.5656578993644,70993.22785935609,22853961.625667352,73235458.30918747
V3,2.0,IS,2026-05-15,MARA,long,4.000002145767212,1,2.5837393303188323,-225.0220627164078,30.33495732127534,-255.35702003768313,-255.35702003768316,71674.78660637664,29646094.621462155,91451176.03914157
V3,2.0,IS,2026-05-15,MSTR,long,2.000001072883606,2,2.857362131634089,-154.08224363574436,31.429448526536362,-185.51169216228072,-185.51169216228072,77147.24263268178,117134071.50875746,529218413.73373896
V3,2.0,IS,2026-05-18,MARA,short,-7.999998331069946,2,2.7298373020101434,-121.36398700207174,30.919349208040572,-152.2833362101123,-152.2833362101123,74596.74604020287,31252913.932221573,80042539.94359502
V3,2.0,IS,2026-05-18,MSTR,short,-7.999998331069946,2,2.9365407632460143,90.56930771866843,31.74616305298406,58.82314466568437,58.82314466568437,78730.81526492028,181548204.684521,587014699.2048044
V3,2.0,IS,2026-05-18,JETS,short,-6.000000238418579,1,1.8383794622626426,55.736073212208,15.353517849050569,40.38255536315743,40.38255536315743,56767.58924525285,2112727.4170363043,10884129.75409979
V3,2.0,IS,2026-05-18,ETHA,short,-4.999999701976776,1,2.3789335835166803,51.95604603852421,17.51573433406672,34.440311704457486,34.440311704457486,67578.6716703336,20400968.14567412,56558903.18380876
V3,2.0,IS,2026-05-18,IBIT,short,-4.7499991953372955,4,1.7250695173706347,19.541366642374076,14.900278069482539,4.641088572891537,4.641088572891537,54501.39034741269,115465627.94178356,312614057.7486825
V3,2.0,IS,2026-05-19,MARA,long,3.4999966621398926,2,2.765405216354021,531.0201213774992,31.061620865416103,499.9585005120831,499.95850051208305,75308.10432708042,15511854.934686318,64512645.90100975
V3,2.0,IS,2026-05-19,MSTR,long,3.4999966621398926,2,2.971379828043303,87.59211073730674,31.885519312173216,55.706591425133524,55.70659142513352,79427.59656086606,68659576.50368531,254718389.33224228
V3,2.0,IS,2026-05-22,JETS,long,3.999999165534973,1,1.9317819143082346,-1.5694127130902544,15.727127657232938,-17.296540370323193,-17.296540370323193,58635.638286164685,1953519.5198296162,7373728.418320082
V3,2.0,IS,2026-05-26,JETS,long,7.000000774860382,1,1.9839711647618605,191.56026802361353,15.935884659047446,175.62438336456609,175.62438336456609,59679.42329523721,7361005.175881779,24659714.621721834
V3,2.0,IS,2026-05-26,MARA,long,4.000002145767212,1,2.7304541086510437,7.658695102151895,30.921816434604175,-23.26312133245228,-23.26312133245228,74609.08217302087,60521703.901470065,129357829.01643813
V3,2.0,IS,2026-05-26,ETHA,long,3.0000001192092896,1,2.142089945891507,-213.9077398351004,16.568359783566024,-230.4760996186664,-230.47609961866644,62841.798917830136,11923487.148945423,43939784.800571404
V3,2.0,IS,2026-05-26,MSTR,long,2.000001072883606,2,2.76530259435831,-68.75193468738307,31.06121037743324,-99.81314506481631,-99.81314506481631,75306.05188716619,68300788.27166106,290883310.8797056
V3,2.0,IS,2026-05-28,MARA,short,-6.499999761581421,1,2.831173284171323,82.47288617027046,31.32469313668529,51.148193033585166,51.148193033585166,76623.46568342646,23854018.307361104,96844125.3822065
V3,2.0,IS,2026-05-28,MSTR,short,-6.000000238418579,2,2.7504990780612117,-18.276455113561788,31.00199631224485,-49.27845142580664,-49.27845142580664,75009.98156122424,159270600.2418192,454076140.5714089
V3,2.0,IS,2026-05-28,IBIT,short,-3.5250003449618816,4,1.5182825126973005,47.74794373860131,14.073130050789203,33.674813687812104,33.674813687812104,50365.65025394601,103750621.45312084,295807388.8169363
V3,2.0,IS,2026-06-01,JETS,long,3.0000001192092896,1,2.0002936120414603,21.723100984898345,16.00117444816584,5.721926536732504,5.721926536732504,60005.87224082921,3385209.541279572,10757573.171337217
V3,2.0,IS,2026-06-01,MARA,short,-2.499997615814209,1,2.621322470906166,-469.97438114509515,30.48528988362466,-500.4596710287198,-500.45967102871987,72426.44941812333,33961109.45956674,134371248.79402032
V3,2.0,IS,2026-06-02,MARA,short,-4.500001668930054,1,2.557705604037429,277.30255808765145,30.23082241614972,247.07173567150173,247.07173567150176,71154.11208074857,38234031.29545544,92958328.38058627
V3,2.0,IS,2026-06-02,MSTR,short,-4.250001162290573,2,2.567127205184664,543.5695448057629,30.268508820738703,513.3010359850242,513.3010359850242,71342.54410369328,200762759.59324735,689037241.0501883
V3,2.0,IS,2026-06-02,IBIT,short,-4.050000663846731,4,1.4064755930743187,284.5815534682995,13.625902372297276,270.9556510960022,270.9556510960022,48129.511861486375,116405823.19178925,340080968.5234925
V3,2.0,IS,2026-06-04,MARA,short,-7.500001788139343,1,2.319634113977744,-136.12623826018495,29.278536455910967,-165.40477471609591,-165.40477471609591,66392.68227955488,30060116.36089918,86624865.69405729
V3,2.0,IS,2026-06-04,MSTR,short,-4.250001162290573,2,2.6100930125850605,-31.82063752648817,30.440372050340244,-62.261009576828414,-62.261009576828414,72201.8602517012,135656682.96244904,436843431.31700313
V3,2.0,IS,2026-06-04,IBIT,short,-3.9875010028481483,4,1.3615528579435636,28.30574552825064,13.446211431774255,14.859534096476384,14.859534096476382,47231.05715887128,154283499.8170417,420894925.3628396
V3,2.0,IS,2026-06-11,JETS,short,-8.99999886751175,1,1.6876742097541089,-440.9389165094646,14.750696839016427,-455.68961334848103,-455.68961334848103,53753.48419508217,945667.6763546793,8846270.491449824
V3,2.0,IS,2026-06-15,JETS,long,7.000000029802322,1,1.8026942842267855,-145.55065055269435,15.210777136907154,-160.7614276896015,-160.7614276896015,56053.88568453571,10317718.015071126,27659652.625458635
V3,2.0,IS,2026-06-15,MSTR,long,3.7500008940696716,2,2.635178730105726,-257.6236899482582,30.540714920422886,-288.16440486868106,-288.16440486868106,72703.57460211452,164059807.7582673,516130529.01798475
V3,2.0,IS,2026-06-15,MARA,long,3.50000262260437,1,3.116297786196424,-304.2004704069412,32.465191144785706,-336.6656615517269,-336.6656615517269,82325.95572392848,39571981.53678609,107540432.56523408
V3,2.0,IS,2026-06-15,IBIT,long,2.087500924244523,4,1.3811886959543787,-84.65503080994588,13.524754783817514,-98.1797855937634,-98.1797855937634,47623.773919087565,119322525.88729571,299769021.34890217
V3,2.0,IS,2026-06-16,MARA,short,-4.999998211860657,1,3.1002951160668717,-71.26972680541715,32.40118046426748,-103.67090726968463,-103.67090726968463,82005.90232133743,22883862.600383367,74886787.74711795
V3,2.0,IS,2026-06-16,MSTR,short,-3.999999165534973,2,2.6799554185477095,356.1900438790998,30.719821674190825,325.47022220490896,325.47022220490896,73599.10837095419,56387967.95482993,161296627.29658565
V3,2.0,IS,2026-06-16,IBIT,short,-2.0124996080994606,4,1.452095862714769,-33.21569486055194,13.808383450859075,-47.02407831141102,-47.02407831141102,49041.917254295375,66449398.16388084,160247678.9971693
V3,2.0,IS,2026-06-17,MARA,long,3.4999996423721313,1,2.982837904801088,176.16966212068695,31.93135161920435,144.2383105014826,144.2383105014826,79656.75809602176,16200773.847014172,63197632.61093311
V3,2.0,IS,2026-06-17,MSTR,long,2.250000089406967,2,2.8659624226748774,-136.6403841931506,31.463849690699504,-168.1042338838501,-168.1042338838501,77319.24845349755,53557121.34474915,238148283.12433785
V3,2.0,IS,2026-06-23,IBIT,short,-2.1250002086162567,4,1.4744713584839908,-55.5046122413536,13.897885433935969,-69.40249767528957,-69.40249767528957,49489.42716967982,76450753.99388964,187990458.03784186
V3,2.0,IS,2026-06-29,MARA,short,-2.000001072883606,1,3.144947355333355,690.5261767762813,32.57978942133343,657.9463873549479,657.9463873549479,82898.9471066671,23791671.987683315,85632114.28689227
V3,2.0,IS,2026-07-06,JETS,long,2.0000003278255463,1,1.5324430235614883,-47.890908326616405,14.129772094245958,-62.02068042086236,-62.02068042086236,50648.86047122977,1495411.1630547647,6746375.641173175
V3,2.0,IS,2026-07-09,JETS,short,-2.000001072883606,1,1.4845333105634018,-88.9832200295317,13.938133242253613,-102.9213532717853,-102.9213532717853,49690.66621126803,2267760.8552318146,8372109.550470725
V3,2.0,IS,2026-07-16,JETS,short,-4.0000006556510925,1,1.426002316276927,-141.3132889373555,13.704009265107715,-155.01729820246322,-155.01729820246322,48520.04632553854,819696.2985368574,7933173.631348206
V3,2.0,IS,2026-07-20,JETS,long,3.999999165534973,1,1.4006137848763247,76.66792061668087,13.602455139505295,63.06546547717558,63.06546547717558,48012.27569752649,513976.44920152787,6191908.460302336
V3,2.0,IS,2026-07-27,JETS,long,7.999998331069946,1,1.5197387309459933,137.95351228839266,14.078954923783968,123.87455736460869,123.87455736460869,50394.774618919866,3144559.984209648,9395994.365755925
V3,2.0,IS,2026-07-27,MARA,short,-3.4999996423721313,1,3.245739941404431,142.70749293159457,32.98295976561772,109.72453316597685,109.72453316597685,84914.7988280886,16655508.402026113,54908544.52382146
V3,2.0,IS,2026-08-03,JETS,long,3.0000001192092896,1,1.4572558401662787,20.76897578481545,13.829023360665115,6.939952424150334,6.939952424150334,49145.116803325574,4501318.474068398,18972652.23637139
V3,2.0,IS,2026-08-04,JETS,long,2.000001072883606,1,1.454876362865339,-112.63370576844154,13.819505451461353,-126.4532112199029,-126.4532112199029,49097.527257306785,5627166.588626727,13625131.386258861
V3,2.0,OOS,2026-08-17,MARA,short,-2.99999937415123,1,3.1935068174215675,-686.3029806275141,32.77402726968626,-719.0770078972004,-719.0770078972004,83870.13634843136,13150539.71739584,40684484.734033346
V3,2.0,OOS,2026-08-20,MARA,long,7.999998331069946,1,3.1218187527002677,1045.7771734427486,32.48727501080111,1013.2898984319474,1013.2898984319474,82436.37505400536,27340532.055768948,139647243.14031935
V3,2.0,OOS,2026-08-20,MSTR,long,4.999999329447746,4,2.7518873720894246,35.902490413232435,31.007549488357697,4.894940924874739,4.894940924874739,75037.7474417885,342490390.25467885,915197633.9585923
V3,2.0,OOS,2026-08-20,IBIT,long,3.999999463558197,5,1.1365540388953532,158.370832839202,12.54621615558142,145.82461668362058,145.82461668362058,42731.08077790706,275692389.2116219,738429440.6110443
V3,2.0,OOS,2026-08-20,ETHA,long,3.500000387430191,1,2.0513885285618443,250.91998572111453,16.205554114247377,234.71443160686715,234.71443160686715,61027.770571236884,48799277.676232554,200061956.76760504
V3,2.0,OOS,2026-08-21,MSTR,long,8.999999798834324,4,2.5580813961865876,-25.159403322665916,30.23232558474635,-55.391728907412265,-55.391728907412265,71161.62792373175,356531441.4531467,1139709167.5599432
V3,2.0,OOS,2026-08-21,MARA,long,8.250000700354576,2,2.7331408850823005,-346.21561890867326,30.932563540329227,-377.1481824490025,-377.1481824490025,74662.81770164601,75596375.30734114,239364892.43540043
V3,2.0,OOS,2026-08-21,IBIT,long,7.219999842345715,5,1.0009354207520065,-2.1658765043979393,12.003741683008027,-14.169618187405966,-14.169618187405966,40018.708415040135,264313978.3234144,1032884271.9162335
V3,2.0,OOS,2026-08-21,ETHA,long,5.500000715255737,1,1.8298907856443776,133.59944759260992,15.319563142577508,118.27988445003241,118.27988445003243,56597.815712887554,18798955.32747898,103013060.47334692
V3,2.0,OOS,2026-08-24,MARA,long,5.0000011920928955,2,2.735619567858233,51.692701764014885,30.942478271432933,20.750223492581952,20.750223492581952,74712.39135716466,23071266.83810444,82538910.03542913
V3,2.0,OOS,2026-08-24,MSTR,long,3.1250009313225746,4,2.600224066021466,111.36014819815101,30.40089626408586,80.95925193406515,80.95925193406515,72004.48132042932,236830307.25891477,703165850.8461769
V3,2.0,OOS,2026-08-24,IBIT,long,2.4900007620453835,5,1.0460570403021143,-7.629783105415778,12.184228161208456,-19.814011266624235,-19.814011266624235,40921.140806042284,183338458.01203856,599203376.3563062
V3,2.0,OOS,2026-08-25,MARA,short,-2.7500003576278687,2,2.767514643068161,-689.4269984181265,31.070058572272615,-720.4970569903991,-720.4970569903991,75350.29286136322,18657515.904689346,57919125.61154593
V3,2.0,OOS,2026-08-26,ETHA,short,-3.0000001192092896,1,1.8677979388074946,-77.13800603987725,15.471191755229981,-92.60919779510724,-92.60919779510724,57355.958776149884,17300286.631287694,63863413.58299909
V3,2.0,OOS,2026-08-26,MARA,short,-2.499997615814209,2,2.7925892617054915,328.0056960582511,31.170357046821948,296.83533901142914,296.83533901142914,75851.78523410983,18008410.64852518,53980853.550787084
V3,2.0,OOS,2026-08-27,MARA,long,5.749997496604919,2,2.7771355300746756,197.67407392361596,31.108542120298694,166.56553180331727,166.56553180331727,75542.71060149351,18829568.936976124,89284712.82997271
V3,2.0,OOS,2026-08-27,MSTR,long,3.1666656335194907,3,2.634861130311193,749.6232160253596,30.539444521244718,719.0837715041149,719.0837715041149,72697.22260622386,109430667.69511934,651382188.9992983
V3,2.0,OOS,2026-08-27,JETS,long,3.0000001192092896,1,1.3626450373638979,-160.12451756144003,13.45058014945559,-173.57509771089562,-173.57509771089562,47252.900747277956,642724.119788994,3238274.8264187598
V3,2.0,OOS,2026-08-27,IBIT,long,2.3374992422759533,4,1.0773391131137904,43.0012590850573,12.309356452455162,30.691902632602137,30.691902632602137,41546.78226227581,87919530.50797375,265693427.57537457
V3,2.0,OOS,2026-08-28,MARA,short,-3.4999996423721313,2,2.8456517935701893,662.2869651974986,31.382607174280793,630.9043580232178,630.9043580232178,76913.03587140379,19267520.105088133,64897603.43595321
V3,2.0,OOS,2026-08-28,MSTR,short,-2.000001072883606,3,2.7947435412870694,412.3655103929376,31.178974165148247,381.18653622778936,381.18653622778936,75894.87082574138,104316651.33275105,341323736.45254016
V3,2.0,OOS,2026-09-03,MARA,long,3.5000011324882507,2,2.675541839825596,743.3482319936663,30.702167359302393,712.6460646343639,712.6460646343639,73510.83679651193,13369145.593911717,46954695.93586017
V3,2.0,OOS,2026-09-04,GOOGL,long,21.549998968839645,1,1.5093612065957536,-83.31337712005457,14.037444826383009,-97.35082194643758,-97.35082194643758,50187.22413191507,214014785.84640825,733648677.0883002
V3,2.0,OOS,2026-09-04,MSFT,short,-21.549998968839645,1,1.1651034264224593,175.48950548221885,12.660413705689848,162.829091776529,162.829091776529,43302.068528449185,327273915.9101504,1007242619.5325081
V3,2.0,OOS,2026-09-04,MARA,short,-4.0000006556510925,2,2.8602306530558783,-168.76374089840954,31.440922612223517,-200.20466351063305,-200.20466351063305,77204.61306111756,17994549.661513016,48813606.089674
V3,2.0,OOS,2026-09-04,MSTR,short,-3.0000004917383194,4,3.028909639160632,-457.8963507290208,32.11563855664252,-490.01198928566333,-490.01198928566333,80578.19278321265,255717063.15294927,683869562.0901519
V3,2.0,OOS,2026-09-04,IBIT,short,-2.310000378638506,5,1.0093342657241302,-92.29885625986981,12.037337062896526,-104.33619332276633,-104.33619332276633,40186.6853144826,135902625.92859936,445898737.4326256
V3,2.0,OOS,2026-09-08,MARA,short,-5.833333730697632,3,2.8576241018784305,-736.2471232652466,31.430496407513715,-767.6776196727603,-767.6776196727603,77152.48203756861,17896961.30505631,54479728.6001692
V3,2.0,OOS,2026-09-08,MSTR,short,-4.375000298023224,4,3.1751217192671857,-48.5658290361783,32.70048687706874,-81.26631591324704,-81.26631591324704,83502.4343853437,166322986.44113785,497056894.9655293
V3,2.0,OOS,2026-09-08,IBIT,short,-3.440000247210264,5,1.0872237353577714,-60.03904265543508,12.348894941431084,-72.38793759686617,-72.38793759686617,41744.47470715543,103580598.0379015,519102714.46563447
V3,2.0,OOS,2026-09-08,IWM,short,-3.0000001192092896,1,0.8669187104138246,-12.93517097961472,11.4676748416553,-24.40284582127002,-24.40284582127002,37338.374208276495,261654777.54161683,819746803.9908856
V3,2.0,OOS,2026-09-09,MARA,long,3.3333336313565574,3,2.5893009710978525,-81.64725971925455,30.35720388439141,-112.00446360364596,-112.00446360364596,71786.01942195705,11270643.380571129,50580663.095377125
V3,2.0,OOS,2026-09-09,MSTR,long,2.3750003427267075,4,3.291443249554909,-568.8194572024369,33.16577299821961,-601.9852302006565,-601.9852302006565,85828.86499109819,140721748.96777332,425503183.7315421
V3,2.0,OOS,2026-09-10,MARA,short,-2.6666656136512756,3,2.5246785494306585,173.75121379346788,30.098714197722643,143.65249959574524,143.65249959574524,70493.57098861317,14803803.652127195,57025380.042834885
V3,2.0,OOS,2026-09-10,MSTR,short,-2.124999277293682,4,3.2947305770563324,-23.48577588297613,33.17892230822534,-56.66469819120147,-56.66469819120147,85894.61154112665,131495184.0927145,322053790.9051542
V3,2.0,OOS,2026-09-14,ETHA,short,-2.000001072883606,1,1.0958857705650795,-122.60446983659585,12.383543082260303,-134.98801291885616,-134.98801291885616,41917.715411301586,20695129.25698628,103261548.00843693
V3,2.0,OOS,2026-09-15,MARA,short,-4.16666716337204,3,2.7047920847722926,-75.2004789620346,30.819168339089174,-106.01964730112377,-106.01964730112375,74095.84169544585,19625705.435792897,63661951.558988325
V3,2.0,OOS,2026-09-15,MSTR,short,-3.500000387430191,4,3.0701643401112744,44.371726285871105,32.2806573604451,12.091068925426008,12.091068925426008,81403.28680222548,80991087.06562498,345122790.85522956
V3,2.0,OOS,2026-09-15,IBIT,short,-2.860000319778919,5,0.8526642134871745,70.35409537318205,11.410656853948694,58.943438519233354,58.94343851923335,37053.28426974349,92508959.98813765,512063524.2715777
V3,2.0,OOS,2026-09-18,IWM,short,-4.000002145767212,1,0.8514667282407817,32.82178053052757,11.405866912963127,21.415913617564442,21.415913617564442,37029.33456481563,545276755.3052672,1234365509.6560292
V3,2.0,OOS,2026-09-18,MARA,long,2.8333336114883423,3,3.0425668024194685,911.2853801511995,32.17026720967783,879.1151129415217,879.1151129415218,80851.33604838938,29064656.92758112,125658485.24117783
V3,2.0,OOS,2026-09-18,MSTR,long,2.1250002086162567,4,3.2800701214295125,1254.5330126508936,33.12028048571801,1221.4127321651756,1221.4127321651756,85601.40242859024,208318695.3821264,1049527055.1325707
V3,2.0,OOS,2026-09-21,MARA,long,16.66666865348816,3,2.9370208602600734,-748.4898216241822,31.748083441040308,-780.2379050652225,-780.2379050652225,78740.41720520146,53601790.53326656,142368415.86019364
V3,2.0,OOS,2026-09-21,MSTR,long,12.662501446902752,4,3.142729897433857,-59.951387442417136,32.57091958973542,-92.52230703215255,-92.52230703215255,82854.59794867714,479474434.1909744,1440680970.8020184
V3,2.0,OOS,2026-09-21,IBIT,long,10.190001167356968,5,0.8224069563319651,112.3104077034594,11.289627825327855,101.02077987813155,101.02077987813155,36448.139126639304,180370261.1135902,625223535.4464122
V3,2.0,OOS,2026-09-21,IWM,long,5.0000011920928955,1,0.8553349209607888,-105.59333953272734,11.421339683843158,-117.0146792165705,-117.0146792165705,37106.698419215776,190361653.1940411,622487449.2247139
V3,2.0,OOS,2026-09-21,ETHA,long,4.500000178813934,1,0.9320845751007515,13.32247075469044,11.728338300403006,1.5941324542874344,1.5941324542874344,38641.69150201503,54040616.18292551,168722306.33207196
V3,2.0,OOS,2026-09-22,MARA,short,-2.8333336114883423,3,2.7506520290002907,-408.4250155008808,31.00260811600117,-439.427623616882,-439.42762361688193,75013.0405800058,14701074.79256509,72123045.76562323
V3,2.0,OOS,2026-09-22,MSTR,short,-2.1750002168118954,4,3.334783998581699,-14.839791892046799,33.339135994326796,-48.17892788637359,-48.17892788637359,86695.67997163397,216752908.07329592,809593301.7007133
V3,2.0,OOS,2026-09-22,JETS,long,2.000001072883606,1,1.4290269638404323,-169.75513860249373,13.716107855361741,-183.47124645785547,-183.47124645785547,48580.539276808646,2796425.7707390008,12642837.032649323
V3,2.0,OOS,2026-09-23,ETHA,short,-2.4999991059303284,1,1.078699690235938,61.4850473643996,12.314798760943752,49.170248603455846,49.170248603455846,41573.99380471876,8969030.932119245,43790165.24818786
V3,2.0,OOS,2026-09-24,MARA,short,-2.333332101504008,3,3.3457043981278187,254.23211213778103,33.38281759251129,220.84929454526974,220.84929454526977,86914.08796255637,20837764.06195882,69679611.62011194
V3,2.0,OOS,2026-09-25,IWM,long,2.0000040531158447,1,0.9598474343908421,-45.27617239360216,11.839389737563373,-57.11556213116553,-57.115562131165525,39196.94868781684,241140548.99968964,762146226.082143
V3,2.0,OOS,2026-09-28,IWM,short,-2.999997138977051,1,0.9548819491099919,-24.09587310971497,11.819527796439967,-35.915400906154936,-35.915400906154936,39097.63898219984,226364074.58304194,845603435.1168655
V3,2.0,OOS,2026-09-30,IWM,long,13.499999046325684,1,0.9557488148393176,-29.483052001897146,11.822995259357274,-41.30604726125442,-41.30604726125442,39114.97629678635,214710007.11722425,702050525.6763015
V3,2.0,OOS,2026-09-30,MARA,long,5.499999721844991,3,3.289765863033659,-641.0884272775643,33.15906345213466,-674.2474907296989,-674.2474907296989,85795.31726067318,18983191.14915207,70342791.55512752
V3,2.0,OOS,2026-09-30,MSTR,long,4.124999791383743,4,3.3524266716290176,-299.09424787162817,33.409706686516074,-332.50395455814424,-332.50395455814424,87048.53343258036,262593807.42715493,674182318.8025553
V3,2.0,OOS,2026-09-30,IBIT,long,3.279999829828739,5,1.2414175079716252,-123.01659718918997,12.96567003188649,-135.98226722107646,-135.98226722107646,44828.3501594325,94876090.81076793,343637306.7176872
V3,2.0,OOS,2026-10-02,MARA,long,9.83333190282186,3,3.238096567554524,-308.85810322026674,32.952386270218085,-341.8104894904848,-341.8104894904848,84761.93135109048,25410834.912451256,103666466.71739586
V3,2.0,OOS,2026-10-02,MSTR,long,7.487498875707388,4,3.2925699939098747,-313.217888940397,33.17027997563952,-346.38816891603653,-346.38816891603653,85851.3998781975,308778974.18145555,868262323.8569378
V3,2.0,OOS,2026-10-02,IWM,long,6.999999284744263,1,0.9466658989974734,-17.618875489799187,11.786663595989893,-29.40553908578908,-29.405539085789076,38933.31797994947,511985705.35913026,1419358817.990894
V3,2.0,OOS,2026-10-02,IBIT,long,6.009999085217714,5,1.2183708625306708,-253.49187403335984,12.873483450122677,-266.3653574834825,-266.3653574834825,44367.41725061342,123279655.74541889,430439645.3893642
V3,2.0,OOS,2026-10-02,TLT,long,3.0000030994415283,1,0.43239512897938454,-52.52192085930011,9.72958051591754,-62.25150137521765,-62.25150137521766,28647.90257958769,128662165.23529874,579814888.0407156
V3,2.0,OOS,2026-10-02,ETHA,long,3.0000001192092896,1,1.1450603497855631,-292.2783147493207,12.580241399142267,-304.858556148463,-304.858556148463,42901.20699571126,17708957.326422337,80275415.12014996
V4,1.0,IS,2026-01-05,JETS,short,-8.000000566244125,1,1.2254528473515425,-233.26575780677146,6.450905694703096,-239.71666350147456,-239.71666350147453,44509.05694703085,1589507.608,14116383.7106
V4,1.0,IS,2026-01-05,LMT,long,8.000000566244125,1,0.035193846710555865,154.7686979260559,4.070387693421111,150.69831023263478,150.69831023263478,20703.87693421112,85694471.8416,201070519.6817
V4,1.0,IS,2026-01-05,AAPL,short,-3.0000001192092896,1,0.8196907319478705,139.09709248912995,5.639381463895745,133.4577110252342,133.4577110252342,36393.81463895741,603759057.0198001,1584571010.3042002
V4,1.0,IS,2026-01-05,NVDA,short,-3.0000001192092896,1,1.8603625803640056,222.58830675041182,7.720725160728023,214.8675815896838,214.8675815896838,57207.251607280115,1826111885.234,5367579732.379301
V4,1.0,IS,2026-01-05,SMH,short,-3.0000001192092896,1,2.2153430678718147,139.39077128031875,8.430686135743628,130.96008514457512,130.96008514457512,64306.8613574363,149102089.55159998,537489238.823
V4,1.0,IS,2026-01-05,TSM,short,-3.0000001192092896,1,2.073713586172246,279.5883560761711,8.147427172344521,271.4409289038266,271.4409289038266,61474.27172344492,596935755.0684,1433741950.9194002
V4,1.0,IS,2026-01-05,ITA,long,2.5000003476937613,3,1.0555262903773912,124.52301987397675,6.111052580754787,118.41196729322196,118.41196729322196,41110.52580754782,18120149.8004,48423866.668900006
V4,1.0,IS,2026-01-05,SPY,short,-2.330000214278698,5,1.0,-0.0,6.0,-6.0,-6.0,40000.0,2128353294.3755,7343484143.4042
V4,1.0,IS,2026-01-06,CCL,long,12.000000476837158,1,1.2511814417997025,151.13286986230617,12.502362883599403,138.63050697870676,138.63050697870676,45023.62883599405,39168855.8056,90238262.4925
V4,1.0,IS,2026-01-06,JETS,long,3.4999996423721313,1,1.2547485592558476,-32.69495222176613,6.509497118511696,-39.204449340277826,-39.204449340277826,45094.97118511695,575292.978,10074479.993500002
V4,1.0,IS,2026-01-06,LMT,short,-3.4999996423721313,1,0.0739106215194297,-92.15587852793313,4.147821243038862,-96.30369977097199,-96.30369977097199,21478.212430388594,118806689.69520001,340921434.59819996
V4,1.0,IS,2026-01-06,SPY,long,2.416666721304258,6,1.0000000000000002,-8.673617379884035e-15,6.0,-6.000000000000009,-6.000000000000009,40000.0,1260917214.4926,5897879413.330001
V4,1.0,IS,2026-01-07,ITA,long,2.3333330949147544,3,1.0702917565277947,-174.26570200503667,6.140583513055589,-180.40628551809226,-180.40628551809226,41405.8351305559,19627095.0,33669181.367
V4,1.0,IS,2026-01-08,CCL,long,6.499999761581421,1,1.3164078220542026,-141.17263216154754,12.632815644108405,-153.80544780565594,-153.80544780565594,46328.15644108405,17803430.476,72162538.47909999
V4,1.0,IS,2026-01-09,CCL,short,-2.5000005960464478,1,1.3571031494976318,-47.289708117790894,12.714206298995265,-60.00391441678616,-60.00391441678615,47142.06298995263,14811296.8125,63149625.6277
V4,1.0,IS,2026-01-09,JETS,short,-2.4999991059303284,1,1.33160171168793,-0.07342109210487467,6.66320342337586,-6.7366245154807345,-6.7366245154807345,46632.0342337586,1372391.8089,7133999.469200001
V4,1.0,IS,2026-01-09,LMT,long,2.4999991059303284,1,0.13362877196848127,316.95661875950765,4.267257543936978,312.68936121557067,312.68936121557067,22672.575439369626,74722692.7107,225606712.67110002
V4,1.0,IS,2026-01-12,JETS,long,3.0000001192092896,1,1.3635580926666886,-86.73561001313797,6.727116185333372,-93.46272619847134,-93.46272619847134,47271.161853333775,3533110.1652,12565388.780300003
V4,1.0,IS,2026-01-12,LMT,short,-3.0000001192092896,1,0.22459712468451984,-24.961110848989136,4.4491942493690395,-29.410305098358176,-29.410305098358176,24491.942493690396,139872550.67499998,383297575.35629994
V4,1.0,IS,2026-01-12,BMNR,short,-2.999997138977051,1,5.543913376326552,-34.523326559520726,21.0878267526531,-55.611153312173826,-55.611153312173826,130878.26752653104,31142893.8739,122267517.87020001
V4,1.0,IS,2026-01-12,ETHA,short,-2.999997138977051,1,3.2326701289619804,119.24338665415888,10.465340257923955,108.77804639623493,108.77804639623493,84653.40257923961,21207348.0,83846358.4532
V4,1.0,IS,2026-01-13,CRCL,short,-8.500003814697266,1,3.4739956136462466,-119.9525630174532,16.947991227292505,-136.9005542447457,-136.9005542447457,89479.91227292494,26831759.011200003,99823437.91820002
V4,1.0,IS,2026-01-13,GLXY,short,-8.500003814697266,1,4.22506613058132,-562.3785819294599,18.450132261162594,-580.8287141906225,-580.8287141906225,104501.3226116264,3324891.1580000003,11782389.1965
V4,1.0,IS,2026-01-13,HOOD,short,-8.500003814697266,1,4.347575621419164,-350.67709883963516,18.695151242838335,-369.3722500824735,-369.3722500824735,106951.51242838328,81410121.1872,332173397.2225
V4,1.0,IS,2026-01-14,RTX,short,-38.999998569488525,1,0.6018856418282139,-210.68769500093063,5.203771283656437,-215.89146628458707,-215.89146628458704,32037.71283656428,23351714.950400002,73553515.61000001
V4,1.0,IS,2026-01-14,LMT,short,-19.749999418854713,2,0.2016169687126379,-281.7107851909372,4.403233937425284,-286.1140191283625,-286.1140191283625,24032.33937425276,29285584.2418,94935812.02850002
V4,1.0,IS,2026-01-14,ITA,short,-11.375000141561031,4,1.1925844188628363,-94.42499620049547,6.385168837725672,-100.81016503822114,-100.81016503822114,43851.68837725672,12921089.6376,34135596.3585
V4,1.0,IS,2026-01-14,SPY,long,5.071428418159485,7,0.9999999999999998,-2.168404344971009e-15,6.0,-6.000000000000002,-6.000000000000002,39999.99999999999,1887783598.7427,7500039378.339801
V4,1.0,IS,2026-01-14,BMNR,long,2.5000035762786865,1,5.5208615818014675,175.09596635861456,21.04172316360294,154.05424319501162,154.05424319501162,130417.23163602935,67854547.1585,367745517.36469996
V4,1.0,IS,2026-01-14,ETHA,long,2.5000035762786865,1,3.2329541321212147,237.6929147808106,10.465908264242444,227.22700651656817,227.22700651656817,84659.0826424243,38491803.5094,200124386.1842
V4,1.0,IS,2026-01-14,CCL,short,-2.000001072883606,1,1.3762547359859605,169.4224514287113,12.752509471971933,156.66994195673936,156.66994195673936,47525.09471971921,15286364.6793,103577337.1588
V4,1.0,IS,2026-01-15,CRCL,long,16.00000262260437,1,3.385830834990042,-706.5445078875042,16.771661669980062,-723.3161695574843,-723.3161695574843,87716.61669980084,41334982.64390001,166379316.98820004
V4,1.0,IS,2026-01-15,GLXY,long,16.00000262260437,1,4.096357106594135,749.6792398216915,18.19271421318831,731.4865256085031,731.4865256085031,101927.14213188269,31017142.8063,68970199.3679
V4,1.0,IS,2026-01-15,HOOD,long,16.00000262260437,1,4.364121983095873,-623.178238430745,18.728243966191712,-641.9064823969367,-641.9064823969367,107282.43966191747,105195532.2873,393409905.7593
V4,1.0,IS,2026-01-15,ITA,short,-4.499999433755875,4,1.1878686807169212,-105.93936350746081,6.375737361433849,-112.31510086889466,-112.31510086889467,43757.37361433842,16529107.6874,36362375.4807
V4,1.0,IS,2026-01-15,CCL,long,3.0000001192092896,1,1.4235195850686915,-287.52390037316536,12.847039170137407,-300.37093954330277,-300.37093954330277,48470.39170137383,15211137.5983,62681336.9382
V4,1.0,IS,2026-01-15,COIN,long,2.333333964149157,6,3.4664554957933427,-332.4539414518929,16.93291099158671,-349.3868524434796,-349.3868524434796,89329.10991586685,113835259.4568,437013024.944
V4,1.0,IS,2026-01-16,CRCL,long,12.000000476837158,1,3.28702751967068,348.7598518074678,16.574055039341374,332.1857967681264,332.1857967681264,85740.55039341359,51014827.5521,141745305.4265
V4,1.0,IS,2026-01-16,GLXY,long,12.000000476837158,1,4.1512324042572075,594.5637937722132,18.3024648085144,576.2613289636988,576.2613289636988,103024.64808514414,38587564.982200004,101593296.3967
V4,1.0,IS,2026-01-16,HOOD,long,12.000000476837158,1,4.285850139932346,-77.69846349640417,18.5717002798647,-96.27016377626887,-96.27016377626887,105717.0027986469,225327030.897,701377774.7269001
V4,1.0,IS,2026-01-20,BMNR,short,-6.500005722045898,1,5.267314087095231,-113.93203914334602,20.534628174190473,-134.4666673175365,-134.4666673175365,125346.28174190463,82458421.815,252601654.55239996
V4,1.0,IS,2026-01-20,ETHA,short,-6.500005722045898,1,3.054334979292969,39.74260105717668,10.108669958585939,29.63393109859074,29.63393109859074,81086.69958585939,71205264.9672,307840591.1119
V4,1.0,IS,2026-01-20,RTX,long,6.000000238418579,1,0.5388927224778238,-182.12701630171068,5.077785444955651,-187.20480174666633,-187.20480174666633,30777.85444955648,42999558.0149,104204634.34570001
V4,1.0,IS,2026-01-20,LMT,long,3.750000521540642,2,0.0872208144013918,-60.72381913846665,4.174441628802782,-64.89826076726943,-64.89826076726943,21744.416288027835,59086375.8477,114337596.1217
V4,1.0,IS,2026-01-20,COIN,short,-3.499999518195788,6,3.427594421766914,9.461074053967767,16.855188843533828,-7.394114789566061,-7.39411478956606,88551.88843533827,123108941.0763,350066516.1949
V4,1.0,IS,2026-01-20,MARA,short,-3.1249983236193657,4,3.1154851555598637,229.65327445278857,16.230970311119734,213.42230414166883,213.42230414166883,82309.70311119726,34128178.13,113650731.14549999
V4,1.0,IS,2026-01-20,MSTR,short,-3.1249983236193657,4,1.863026289600532,191.8052458306313,13.726052579201053,178.07919325143024,178.07919325143024,57260.52579201064,173070987.7976,698143867.4164
V4,1.0,IS,2026-01-20,IBIT,short,-2.4999983608722687,3,1.8548998691138017,43.81092710166635,7.709799738227602,36.10112736343875,36.10112736343875,57097.99738227604,199219470.8383,668356374.4749999
V4,1.0,IS,2026-01-21,BMNR,short,-8.499997854232788,1,5.061589537315833,73.92610623582472,20.123179074631665,53.802927161193054,53.802927161193054,121231.79074631666,36191627.046,115013475.33629999
V4,1.0,IS,2026-01-21,ETHA,short,-8.499997854232788,1,3.1482445259089507,62.39278724270703,10.2964890518179,52.09629819088913,52.09629819088913,82964.890518179,36235595.1064,102521019.9046
V4,1.0,IS,2026-01-22,CRCL,long,5.500000715255737,1,3.0959655713271554,-255.10849212198826,16.19193114265431,-271.3004232646426,-271.3004232646426,81919.31142654312,15510069.0459,71550223.3271
V4,1.0,IS,2026-01-22,GLXY,long,5.500000715255737,1,3.6755337997686945,-622.6803398396044,17.351067599537373,-640.0314074391417,-640.0314074391417,93510.6759953739,5317320.9265,19161669.1329
V4,1.0,IS,2026-01-22,HOOD,long,5.500000715255737,1,3.663306693566406,-60.93315767358296,17.326613387132817,-78.25977106071578,-78.25977106071578,93266.13387132813,54349999.3606,238048948.12399998
V4,1.0,IS,2026-01-23,CRCL,long,2.5000005960464478,1,2.8729458283829326,22.412313504639744,15.745891656765865,6.666421847873879,6.666421847873879,77458.91656765866,40699485.088,100862847.45760001
V4,1.0,IS,2026-01-23,GLXY,long,2.5000005960464478,1,3.570193597214976,468.88802560214435,17.140387194429934,451.7476384077144,451.74763840771436,91403.87194429952,5719322.112,30153148.4232
V4,1.0,IS,2026-01-23,HOOD,long,2.5000005960464478,1,3.6098766009131134,-44.9391821797859,17.219753201826222,-62.158935381612125,-62.158935381612125,92197.53201826225,63692945.4391,280382780.40059996
V4,1.0,IS,2026-01-26,CRCL,long,10.000002384185791,1,2.9260239548463156,35.9065977035824,15.85204790969263,20.05454979388977,20.05454979388977,78520.47909692631,26559298.532,75871809.08990002
V4,1.0,IS,2026-01-26,GLXY,long,10.000002384185791,1,3.6464673803786174,-221.63660271174516,17.29293476075722,-238.92953747250237,-238.92953747250237,92929.34760757234,4154684.2308,17963454.6376
V4,1.0,IS,2026-01-26,HOOD,long,10.000002384185791,1,3.5898657463040897,-44.83647248536166,17.179731492608177,-62.01620397796984,-62.01620397796984,91797.3149260818,76246194.4578,235956620.46269998
V4,1.0,IS,2026-01-26,RTX,short,-5.499999225139618,1,0.7262789209439104,85.32248348624968,5.452557841887824,79.86992564436186,79.86992564436186,34525.578418878205,28680005.9946,79564763.6758
V4,1.0,IS,2026-01-26,ITA,short,-3.0000004917383194,4,1.1196302664063773,90.56293013158599,6.23926053281275,84.32366959877324,84.32366959877324,42392.605328127545,11577998.7477,30292467.8839
V4,1.0,IS,2026-01-26,MARA,short,-2.3749999701976776,4,3.1951127314710246,507.3506060619258,16.390225462942055,490.96038059898376,490.9603805989837,83902.25462942048,15557786.3034,60052547.7852
V4,1.0,IS,2026-01-26,MSTR,short,-2.3749999701976776,4,1.901288569716716,-8.503284110859614,13.802577139433431,-22.305861250293045,-22.305861250293045,58025.77139433431,90213730.3695,303852006.02300006
V4,1.0,IS,2026-01-26,LMT,short,-2.2499997168779373,2,0.2479299381383916,153.22545284038503,4.495859876276796,148.72959296410824,148.72959296410824,24958.59876276783,25924750.460500002,104079636.2719
V4,1.0,IS,2026-01-26,AAPL,short,-2.0000003278255463,1,0.49896980360047405,-140.6300801769144,4.997939607200948,-145.62801978411534,-145.62801978411534,29979.39607200948,675111787.119,1977421310.9126997
V4,1.0,IS,2026-01-26,NVDA,short,-2.0000003278255463,1,1.946089719212894,104.24446012538539,7.892179438425785,96.3522806869596,96.3522806869596,58921.79438425789,967095447.2269001,4278490925.5264006
V4,1.0,IS,2026-01-27,JETS,short,-3.0000001192092896,1,1.418432989114641,191.98408903043446,6.83686597822927,185.1472230522052,185.1472230522052,48368.65978229282,2852326.0728,13070569.9692
V4,1.0,IS,2026-01-27,BMNR,short,-2.5000035762786865,1,4.876084747628661,-428.5191941287159,19.752169495257306,-448.27136362397323,-448.2713636239733,117521.69495257322,22297033.3041,91462373.4627
V4,1.0,IS,2026-01-27,ETHA,short,-2.5000035762786865,1,2.8685256403051516,-262.66163766425785,9.737051280610274,-272.3986889448681,-272.3986889448681,77370.51280610303,10451768.3816,58138339.7641
V4,1.0,IS,2026-01-29,CRCL,long,2.0000040531158447,1,2.8244946436407834,-282.3320256283539,15.648989287281552,-297.98101491563546,-297.98101491563546,76489.89287281568,49359146.017500006,177368213.7499
V4,1.0,IS,2026-01-29,GLXY,long,2.0000040531158447,1,3.646455676206114,-189.82078974080025,17.292911352412233,-207.11370109321248,-207.11370109321248,92929.1135241223,6234885.545,20458693.280599996
V4,1.0,IS,2026-01-29,HOOD,long,2.0000040531158447,1,3.534085388069841,-124.73208761482623,17.068170776139667,-141.8002583909659,-141.8002583909659,90681.70776139681,76289283.161,391178490.816
V4,1.0,IS,2026-01-30,RTX,long,4.500000178813934,1,0.7927931864207755,125.84362791916338,5.585586372841547,120.25804154632183,120.25804154632182,35855.863728415505,17097457.728,47760204.6184
V4,1.0,IS,2026-01-30,LMT,long,4.000000283122063,2,0.24513988665146452,211.70365053405345,4.490279773302916,207.21337076075054,207.21337076075054,24902.79773302929,48335650.755600005,229990430.8114
V4,1.0,IS,2026-01-30,CRCL,short,-3.50000262260437,1,2.835464852691462,404.86164424113076,15.670929705382946,389.1907145357478,389.1907145357478,76709.29705382924,26942319.1143,82634156.0513
V4,1.0,IS,2026-01-30,GLXY,short,-3.50000262260437,1,3.6713222027382257,298.3111668776244,17.34264440547645,280.9685224721479,280.9685224721479,93426.44405476452,5223885.236,15863386.9654
V4,1.0,IS,2026-01-30,HOOD,short,-3.50000262260437,1,3.4853365186096417,320.8308379284924,16.970673037219285,303.8601648912731,303.8601648912731,89706.73037219283,75798467.8224,351390560.6279
V4,1.0,IS,2026-01-30,JETS,short,-3.500000387430191,1,1.367665433162258,96.82913010381736,6.735330866324517,90.09379923749285,90.09379923749285,47353.30866324515,1626651.1557,7798929.2691
V4,1.0,IS,2026-01-30,BMNR,short,-2.999997138977051,1,4.794811550799441,350.3124592163068,19.589623101598875,330.72283611470795,330.72283611470795,115896.23101598881,54110293.1131,129939059.0363
V4,1.0,IS,2026-01-30,ETHA,short,-2.999997138977051,1,2.833593923709369,194.20519196907344,9.667187847418745,184.5380041216547,184.5380041216547,76671.87847418738,32486526.741899997,99963578.90309998
V4,1.0,IS,2026-01-30,COIN,short,-2.500000223517418,6,2.8085166239201733,194.68549177616234,15.61703324784034,179.068458528322,179.068458528322,76170.33247840346,51582728.2062,180307604.1635
V4,1.0,IS,2026-01-30,MARA,short,-2.1250003948807716,4,3.1389954749399562,233.61013325333138,16.27799094987992,217.33214230345146,217.3321423034515,82779.90949879913,9971200.546,34532099.8174
V4,1.0,IS,2026-02-02,BMNR,short,-20.499998331069946,1,4.877864317240523,426.8610100298265,19.755728634481045,407.10528139534546,407.10528139534546,117557.28634481046,86299585.16330001,283941182.25420004
V4,1.0,IS,2026-02-02,ETHA,short,-20.499998331069946,1,2.907232025430492,233.6119090434356,9.814464050860977,223.7974449925746,223.79744499257464,78144.64050860984,71080786.458,300896140.39190006
V4,1.0,IS,2026-02-02,COIN,short,-6.583332642912865,6,2.8319997853136707,345.0099276404488,15.663999570627368,329.3459280698214,329.3459280698214,76639.99570627342,142231653.8648,424871176.7317
V4,1.0,IS,2026-02-02,IBIT,short,-6.166666001081467,3,1.7758592596041833,160.4658139594403,7.551718519208379,152.91409544023193,152.91409544023193,55517.18519208366,274952576.1279,1042806487.592
V4,1.0,IS,2026-02-02,MARA,short,-5.749999918043613,4,3.1680564127870485,324.6041657259365,16.336112825574105,308.2680529003624,308.2680529003624,83361.12825574097,24410613.5,69613002.8778
V4,1.0,IS,2026-02-02,MSTR,short,-5.749999918043613,4,1.6906892721368096,147.38357139969096,13.381378544273616,134.00219285541735,134.00219285541735,53813.785442736196,215669965.2424,747253976.9625
V4,1.0,IS,2026-02-02,RTX,short,-4.999999701976776,1,0.7927190591797346,15.091969665241038,5.58543811835947,9.506531546881568,9.506531546881568,35854.38118359469,19855856.6565,78467991.6488
V4,1.0,IS,2026-02-02,CRCL,long,4.000002145767212,1,2.908227657859426,-662.6166665452618,15.816455315718827,-678.4331218609806,-678.4331218609806,78164.55315718852,48799609.38,171610757.32430002
V4,1.0,IS,2026-02-02,GLXY,long,4.000002145767212,1,3.7214140353389205,-484.54642905657573,17.44282807067782,-501.98925712725355,-501.98925712725355,94428.28070677842,8798416.5503,30131481.837500002
V4,1.0,IS,2026-02-02,HOOD,long,4.000002145767212,1,3.484888928850709,-919.8073365077862,16.969777857701388,-936.7771143654876,-936.7771143654876,89697.77857701418,286153883.40000004,1238711875.6934001
V4,1.0,IS,2026-02-03,CRCL,short,-5.500000715255737,1,2.7296171647319456,396.5068505083379,15.459234329463868,381.047616178874,381.047616178874,74592.34329463891,27266505.63,131389460.41890001
V4,1.0,IS,2026-02-03,GLXY,short,-5.500000715255737,1,3.3499059831815674,959.8815287563583,16.699811966363086,943.1817167899952,943.1817167899951,86998.11966363135,11873496.448,66386192.711
V4,1.0,IS,2026-02-03,HOOD,short,-5.500000715255737,1,3.229106834442907,25.903348848365994,16.458213668885815,9.445135179480179,9.445135179480179,84582.13668885815,107287263.77209999,443192123.16249996
V4,1.0,IS,2026-02-03,BMNR,short,-2.000001072883606,1,4.654958183508861,-130.160840857328,19.309916367017735,-149.47075722434573,-149.47075722434573,113099.16367017722,25477959.6258,105412038.53299999
V4,1.0,IS,2026-02-03,ETHA,short,-2.000001072883606,1,2.418873792662337,-185.41834950881855,8.837747585324678,-194.25609709414323,-194.25609709414323,68377.47585324674,35720628.9429,193181821.31440002
V4,1.0,IS,2026-02-04,CRCL,long,6.999999284744263,1,2.746935804397597,-28.357978052752397,15.493871608795192,-43.85184966154759,-43.85184966154759,74938.71608795194,23050182.141,105016183.9591
V4,1.0,IS,2026-02-04,GLXY,long,6.999999284744263,1,3.750656120138938,-407.0981091293065,17.501312240277855,-424.5994213695844,-424.5994213695844,95013.12240277877,7845882.2324,33693061.205000006
V4,1.0,IS,2026-02-04,HOOD,long,6.999999284744263,1,3.179046680254571,-298.30839706606156,16.358093360509145,-314.6664904265707,-314.6664904265707,83580.93360509141,165294710.0943,711115174.4312
V4,1.0,IS,2026-02-04,COIN,long,2.0833337058623633,6,2.649568891148558,-265.22593295575507,15.299137782297123,-280.5250707380522,-280.5250707380522,72991.37782297116,101708979.56120001,347845426.292
V4,1.0,IS,2026-02-05,BMNR,short,-4.000002145767212,1,4.4828355573747,723.4894164000747,18.965671114749398,704.5237452853253,704.5237452853253,109656.711147494,45435006.092,152458425.61110002
V4,1.0,IS,2026-02-05,ETHA,short,-4.000002145767212,1,2.327470907418228,897.9302658517087,8.654941814836434,889.2753240368722,889.2753240368722,66549.41814836457,34177834.134,131416223.92570001
V4,1.0,IS,2026-02-05,MARA,short,-2.625000476837158,4,2.9103485199964276,1196.9906844246543,15.820697039992865,1181.1699873846615,1181.1699873846615,78206.97039992856,22613866.9815,63669421.0825
V4,1.0,IS,2026-02-05,MSTR,short,-2.625000476837158,4,1.3195821070791003,1017.6069656146527,12.6391642141582,1004.9678014004945,1004.9678014004945,46391.64214158201,224061892.4616,725097603.0469
V4,1.0,IS,2026-02-05,RTX,short,-2.4999991059303284,1,0.8513148124861634,-29.872801753011608,5.7026296249723245,-35.57543137798393,-35.57543137798393,37026.296249723266,32803653.6384,121190480.57880001
V4,1.0,IS,2026-02-05,COIN,short,-2.416667342185974,6,2.5772482194176156,761.7569055040875,15.154496438835281,746.6024090652522,746.6024090652522,71544.96438835231,192533470.482,542517024.9063001
V4,1.0,IS,2026-02-09,BMNR,long,3.999999165534973,1,5.545432355043553,679.2742228898061,21.09086471008709,658.183358179719,658.183358179719,130908.64710087105,44065822.250999995,170281541.662
V4,1.0,IS,2026-02-09,ETHA,long,3.999999165534973,1,3.1120347628673057,273.9946475578568,10.224069525734592,263.7705780321222,263.7705780321222,82240.69525734612,24723294.1254,97859486.3387
V4,1.0,IS,2026-02-09,CRCL,long,2.499997615814209,1,3.307001340422937,453.41492685881417,16.614002680845886,436.8009241779683,436.80092417796834,86140.02680845874,21087504.8472,85430117.04779999
V4,1.0,IS,2026-02-09,GLXY,long,2.499997615814209,1,5.178855782601461,600.1913220660392,20.357711565202976,579.8336105008362,579.8336105008362,123577.11565202923,4765297.7929,23818535.311800003
V4,1.0,IS,2026-02-09,HOOD,long,2.499997615814209,1,3.737571529853585,-43.67698047111835,17.47514305970717,-61.15212353082552,-61.15212353082552,94751.4305970717,215236389.968,758903256.6708
V4,1.0,IS,2026-02-10,IBIT,short,-2.9999999329447746,4,2.4115278144486045,-36.08993131841029,8.823055628897208,-44.912986947307495,-44.912986947307495,68230.55628897209,76185182.0238,513829539.1607
V4,1.0,IS,2026-02-10,MARA,short,-2.799999862909317,5,4.774317853549275,229.89153602301946,19.548635707098555,210.3429003159209,210.34290031592093,115486.3570709855,11873769.9852,46088843.8194
V4,1.0,IS,2026-02-10,MSTR,short,-2.799999862909317,5,3.504221269453727,-94.57352584005946,17.008442538907445,-111.5819683789669,-111.5819683789669,90084.42538907455,165092782.32999998,545634689.6179
V4,1.0,IS,2026-02-10,COIN,short,-2.0714288311345235,7,3.5101831270764836,-143.44801900708597,17.020366254152975,-160.46838526123895,-160.46838526123895,90203.66254152969,66243049.50390001,219024193.7512
V4,1.0,IS,2026-02-10,RTX,short,-2.000001072883606,1,0.7960538243625948,-40.22285854110229,5.5921076487251895,-45.81496618982748,-45.81496618982748,35921.07648725189,32741254.5993,85765938.40870002
V4,1.0,IS,2026-02-11,RTX,short,-2.499999850988388,1,0.8009877023587796,-100.10242890419039,5.601975404717564,-105.70440430890795,-105.70440430890794,36019.75404717559,16413176.6208,65902453.4033
V4,1.0,IS,2026-02-12,CRCL,short,-2.999997138977051,1,3.510319563654128,-295.6482283452433,17.020639127308243,-312.66886747255154,-312.66886747255154,90206.39127308255,15562556.942,64832772.8808
V4,1.0,IS,2026-02-12,GLXY,short,-2.999997138977051,1,5.0521858134312865,-839.265637247086,20.10437162686253,-859.3700088739486,-859.3700088739487,121043.71626862574,2963533.1319,12407551.774099998
V4,1.0,IS,2026-02-12,HOOD,short,-2.999997138977051,1,3.7269032727984293,295.0395105422088,17.453806545596876,277.5857039966119,277.5857039966119,94538.06545596858,149761756.22489998,612271134.7174
V4,1.0,IS,2026-02-13,CRCL,long,3.0000030994415283,1,3.3162356667240527,282.32385775497966,16.63247133344811,265.69138642153155,265.69138642153155,86324.71333448106,27120747.5622,117193163.3705
V4,1.0,IS,2026-02-13,GLXY,long,3.0000030994415283,1,4.69750281293766,570.4014433487401,19.395005625875342,551.0064377228648,551.0064377228648,113950.0562587532,2848385.2826,12098354.201399999
V4,1.0,IS,2026-02-13,HOOD,long,3.0000030994415283,1,3.8379467107249323,487.6228102803113,17.67589342144987,469.9469168588614,469.9469168588614,96758.93421449864,152863446.7933,634699451.4001
V4,1.0,IS,2026-02-17,KRE,short,-2.999997138977051,1,0.7407120760335686,5.632180172469928,5.481424152067137,0.1507560204027909,0.1507560204027909,34814.24152067137,33225170.7361,149452791.6039
V4,1.0,IS,2026-02-18,CRCL,long,8.99999737739563,1,3.3357444381640065,60.581354031052015,16.671488876328013,43.909865154724,43.909865154724,86714.88876328013,12317266.3662,64538400.7054
V4,1.0,IS,2026-02-18,GLXY,long,8.99999737739563,1,4.879811723341279,-33.92790126374587,19.75962344668256,-53.687524710428434,-53.687524710428434,117596.23446682558,2027259.8918,7840939.9329
V4,1.0,IS,2026-02-18,HOOD,long,8.99999737739563,1,3.8907006482876385,-75.26502377908135,17.781401296575282,-93.04642507565663,-93.04642507565663,97814.01296575277,72054986.4141,299203289.49509996
V4,1.0,IS,2026-02-19,CRCL,short,-14.000004529953003,1,3.459828291955005,81.78214331253743,16.91965658391001,64.86248672862742,64.86248672862742,89196.5658391001,18279495.3474,65932024.1108
V4,1.0,IS,2026-02-19,GLXY,short,-14.000004529953003,1,4.887595486085556,-68.38493023896932,19.775190972171103,-88.16012121114042,-88.16012121114042,117751.90972171111,2648508.6807,8794025.1005
V4,1.0,IS,2026-02-19,HOOD,short,-14.000004529953003,1,3.8404422447678894,-129.84456958711854,17.68088448953577,-147.5254540766543,-147.5254540766543,96808.84489535778,59912263.62940001,261426686.27019998
V4,1.0,IS,2026-02-19,JETS,short,-3.0000001192092896,1,1.4648019622898252,283.7065214862634,6.929603924579624,276.7769175616838,276.7769175616838,49296.039245796506,941295.079,8941454.4021
V4,1.0,IS,2026-02-19,COIN,short,-2.1428568022591725,7,3.619616502850768,-178.88210444901063,17.23923300570152,-196.12133745471215,-196.12133745471215,92392.33005701535,41418013.8126,215355064.9227
V4,1.0,IS,2026-02-20,CRCL,short,-11.499994993209839,1,3.5578245076116533,240.17943322492033,17.115649015223312,223.06378420969702,223.06378420969705,91156.49015223306,23301614.6604,76611296.75170001
V4,1.0,IS,2026-02-20,GLXY,short,-11.499994993209839,1,4.936712078493093,639.7109084970228,19.873424156986175,619.8374843400367,619.8374843400367,118734.24156986186,1619677.9576,9874025.1704
V4,1.0,IS,2026-02-20,HOOD,short,-11.499994993209839,1,3.613732323407097,246.5256992940644,17.227464646814184,229.2982346472502,229.2982346472502,92274.64646814195,106322409.9496,381180038.32780004
V4,1.0,IS,2026-02-23,CRCL,short,-28.499996662139893,1,3.434192220595166,-121.64403910726186,16.868384441190344,-138.5124235484522,-138.5124235484522,88683.84441190332,21196809.195099805,70482181.71758649
V4,1.0,IS,2026-02-23,GLXY,short,-28.499996662139893,1,5.052230666687255,-262.3837291742076,20.104461333374502,-282.4881905075821,-282.4881905075821,121044.6133337451,2295963.2941028555,10242057.684420014
V4,1.0,IS,2026-02-23,HOOD,short,-28.499996662139893,1,3.6452898804789076,87.44647093986663,17.29057976095781,70.15589117890882,70.15589117890882,92905.79760957815,62998921.377439775,426189090.2638184
V4,1.0,IS,2026-02-23,COIN,short,-4.5714287885597775,7,3.616752052895249,70.68648853503036,17.2335041057905,53.45298442923986,53.45298442923987,92335.04105790498,84703693.5794159,294848340.05022365
V4,1.0,IS,2026-02-24,IBIT,short,-3.6249997094273567,4,2.658073964919004,-20.929574836388888,9.31614792983801,-30.245722766226898,-30.245722766226898,73161.47929838009,101881770.2026223,329437494.5341807
V4,1.0,IS,2026-02-24,BMNR,short,-3.4999996423721313,1,4.532532127970898,-5.07837778675968,19.065064255941795,-24.143442042701476,-24.143442042701476,110650.64255941796,20680752.219330058,103410404.07202542
V4,1.0,IS,2026-02-24,ETHA,short,-3.4999996423721313,1,3.267088751591727,6.009055125508686,10.534177503183454,-4.5251223776747675,-4.5251223776747675,85341.77503183454,12102937.21082356,62846289.043417595
V4,1.0,IS,2026-02-24,MARA,short,-3.2999996840953827,5,4.3705258760997605,28.612957266435853,18.74105175219952,9.871905514236332,9.871905514236332,107410.5175219952,10007576.83990513,45706439.8240077
V4,1.0,IS,2026-02-24,MSTR,short,-3.2999996840953827,5,3.9683155138013793,79.47327636332234,17.936631027602758,61.536645335719584,61.536645335719584,99366.31027602758,105215256.45060487,378451462.1810192
V4,1.0,IS,2026-02-24,COIN,short,-3.0000004385198866,7,3.5960252467744946,-109.60070568773975,17.19205049354899,-126.79275618128874,-126.79275618128874,91920.5049354899,89970837.72605668,315203231.8566595
V4,1.0,IS,2026-02-24,CCL,long,3.0000001192092896,1,2.204364194063714,248.95743728067788,14.408728388127429,234.54870889255045,234.54870889255045,64087.28388127428,18629484.40760719,80883344.26384187
V4,1.0,IS,2026-02-26,CRCL,long,4.000002145767212,1,4.69097378410006,962.485481685818,19.381947568200076,943.1035341176179,943.1035341176179,113819.4756820012,226118582.47063377,1014578084.7664276
V4,1.0,IS,2026-02-26,GLXY,long,4.000002145767212,1,5.252676746509609,29.521754174125885,20.505353493019218,9.016400681106667,9.016400681106667,125053.53493019218,3374156.964464114,13826768.770789862
V4,1.0,IS,2026-02-26,HOOD,long,4.000002145767212,1,3.513119835381532,527.589203794007,17.02623967076306,510.5629641232439,510.56296412324394,90262.39670763064,72417734.08592978,266425564.00907204
V4,1.0,IS,2026-02-26,CCL,long,3.0000001192092896,1,2.221238424248098,282.1561497710389,14.442476848496199,267.7136729225427,267.7136729225427,64424.76848496196,34531734.41829088,90350558.94533524
V4,1.0,IS,2026-02-26,COIN,long,2.214284986257553,7,3.9730604871881976,205.99677216453514,17.946120974376385,188.05065119015876,188.05065119015876,99461.20974376395,86458622.85447247,378094276.959074
V4,1.0,IS,2026-02-26,MARA,long,2.1999986469745636,5,4.67083821172745,266.79724380395004,19.341676423454885,247.45556738049515,247.45556738049513,113416.76423454899,12862913.970561313,46411692.89762692
V4,1.0,IS,2026-02-26,MSTR,long,2.1999986469745636,5,4.357143533238742,221.9531196419347,18.714287066477482,203.23883257545722,203.23883257545722,107142.87066477483,89574755.58550051,292710653.213969
V4,1.0,IS,2026-03-02,CRCL,long,21.99999988079071,1,4.378497310904776,1404.9377651452771,18.756994621809554,1386.1807705234676,1386.1807705234676,107569.94621809552,97570047.8062727,646783226.4657322
V4,1.0,IS,2026-03-02,GLXY,long,21.99999988079071,1,5.2863633687244045,267.5871955486066,20.572726737448818,247.01446881115777,247.01446881115777,125727.26737448809,2764383.441141941,8235431.946824892
V4,1.0,IS,2026-03-02,HOOD,long,21.99999988079071,1,3.4236607069251375,332.2859269024137,16.847321413850295,315.4386054885634,315.4386054885634,88473.21413850274,117317416.88615441,366416831.8566978
V4,1.0,IS,2026-03-02,CCL,short,-13.499999046325684,1,2.2118112050753846,151.1703241176886,14.423622410150756,136.74670170753785,136.74670170753785,64236.224101507694,82598425.44548725,257137457.73165473
V4,1.0,IS,2026-03-02,BMNR,short,-3.5000011324882507,1,4.797782188006629,-264.6801430060401,19.59556437601327,-284.2757073820534,-284.2757073820534,115955.64376013257,30860877.069300774,135541226.694763
V4,1.0,IS,2026-03-02,ETHA,short,-3.5000011324882507,1,3.5398091488522305,-170.41231412369157,11.079618297704457,-181.49193242139603,-181.49193242139603,90796.1829770446,23406056.880903408,129951518.12905085
V4,1.0,IS,2026-03-02,COIN,long,2.2857138088771274,7,3.882107523440311,295.2166993621364,17.764215046880622,277.4524843152558,277.4524843152558,97642.15046880623,83831978.49518208,301182012.6225068
V4,1.0,IS,2026-03-02,SPY,short,-2.235714133296694,7,0.9999999999999999,-1.734723475976807e-14,6.0,-6.000000000000018,-6.000000000000018,40000.0,1941552212.7366471,7340618062.683993
V4,1.0,IS,2026-03-02,ITA,long,2.124999277293682,4,0.9617940219718382,-9.027409549407107,5.923588043943676,-14.950997593350783,-14.950997593350785,39235.88043943676,48908692.31784031,131430777.60073967
V4,1.0,IS,2026-03-02,KRE,short,-2.0000040531158447,1,1.0275268264621367,-197.42544539913675,6.055053652924272,-203.48049905206102,-203.48049905206102,40550.53652924274,156487869.7233098,533568217.9264568
V4,1.0,IS,2026-03-03,CRCL,long,3.4999966621398926,1,4.396572681625838,551.390267690229,18.79314536325171,532.5971223269773,532.5971223269773,107931.45363251677,101644284.60532138,410944921.9743238
V4,1.0,IS,2026-03-03,GLXY,long,3.4999966621398926,1,5.285649552621282,-410.3542048145444,20.571299105242588,-430.925503919787,-430.92550391978693,125712.99105242564,1593160.3686786974,6431381.340403773
V4,1.0,IS,2026-03-03,HOOD,long,3.4999966621398926,1,3.4157514605682233,10.554145049670344,16.831502921136448,-6.277357871466103,-6.277357871466103,88315.02921136447,98930404.91202463,276278970.06286967
V4,1.0,IS,2026-03-03,IBIT,short,-2.499999850988388,4,2.810509075097366,43.02134753075518,9.621018150194729,33.40032938056045,33.40032938056045,76210.18150194731,99779535.64872713,396575764.7257825
V4,1.0,IS,2026-03-03,RTX,long,2.0000003278255463,1,0.453404858207582,-340.1430204113627,4.906809716415182,-345.0498301277779,-345.0498301277779,29068.09716415164,133454306.44398029,320625426.0900012
V4,1.0,IS,2026-03-04,JETS,short,-3.999999165534973,1,1.4430814553234879,218.98187047600373,6.886162910646988,212.09570756535675,212.09570756535675,48861.62910646975,3085713.262843459,8936495.855818614
V4,1.0,IS,2026-03-04,CCL,short,-3.4999996423721313,1,2.2204037159775196,324.7796485971961,14.440807431955022,310.3388411652411,310.3388411652411,64408.07431955039,36926286.10480564,117068820.0546623
V4,1.0,IS,2026-03-04,CRCL,long,3.4999966621398926,1,4.048579225315446,22.823962713410978,18.097158450630893,4.726804262780085,4.726804262780085,100971.58450630891,218153676.66188973,557223102.1241083
V4,1.0,IS,2026-03-04,GLXY,long,3.4999966621398926,1,5.222803565109179,900.3222966187058,20.445607130218377,879.8766894884874,879.8766894884873,124456.07130218358,4662694.921475185,19338888.30976481
V4,1.0,IS,2026-03-04,HOOD,long,3.4999966621398926,1,3.33245051490042,156.56602532032335,16.66490102980083,139.90112429052252,139.90112429052252,86649.01029800842,173158256.01229167,677590732.2286338
V4,1.0,IS,2026-03-04,IBIT,long,2.1250009536743164,4,2.7373003677892904,42.51689461222802,9.474600735578584,33.04229387664944,33.04229387664944,74746.00735578581,250450352.13795567,792352616.4974968
V4,1.0,IS,2026-03-05,JETS,long,2.4999991059303284,1,1.4081873392561062,-273.5652871871749,6.816374678512204,-280.3816618656871,-280.3816618656871,48163.74678512212,3373076.1074247486,22271821.792547386
V4,1.0,IS,2026-03-05,RTX,long,2.000001072883606,1,0.5547260866494007,-214.94941372310905,5.109452173298791,-220.05886589640784,-220.05886589640784,31094.52173298801,50828203.73722664,179124832.2360287
V4,1.0,IS,2026-03-09,CCL,short,-9.49999988079071,1,2.2865127811469668,-377.84012095622785,14.573025562293935,-392.4131465185218,-392.4131465185218,65730.25562293934,57772428.32431159,195608124.8527535
V4,1.0,IS,2026-03-09,JETS,short,-8.500000834465027,1,1.5115397854389712,-175.32950483411278,7.02307957087794,-182.35258440499072,-182.35258440499072,50230.79570877942,6778292.559441764,37376416.6606284
V4,1.0,IS,2026-03-09,LMT,long,8.000000566244125,2,0.4438821910050407,-250.95537874354565,4.88776438201009,-255.84314312555574,-255.84314312555577,28877.643820100817,115381472.51550849,255654888.06233832
V4,1.0,IS,2026-03-09,RTX,long,7.500000298023224,1,0.4598564100253544,-248.25018170106085,4.919712820050705,-253.16989452111156,-253.1698945211116,29197.128200507086,110544477.04771058,261005247.6567685
V4,1.0,IS,2026-03-09,BMNR,short,-4.500000178813934,1,4.909937866626508,404.0710856201511,19.819875733253014,384.2512098868981,384.2512098868981,118198.75733253015,26079443.9246883,110374861.64765534
V4,1.0,IS,2026-03-09,ETHA,short,-4.500000178813934,1,3.6840453406805107,580.2406264586923,11.368090681360968,568.8725357773313,568.8725357773313,93680.90681361021,14068834.800259644,89610348.97886153
V4,1.0,IS,2026-03-09,KRE,short,-4.000002145767212,1,1.0780412737678513,91.46137907915211,6.1560825475357035,85.3052965316164,85.3052965316164,41560.82547535703,44468588.89959129,176698075.31827182
V4,1.0,IS,2026-03-09,SPY,short,-3.435714529561145,7,1.0000000000000002,3.469446951953614e-14,6.0,-5.999999999999965,-5.999999999999965,40000.0,1604363243.0932245,7069736410.426011
V4,1.0,IS,2026-03-10,BMNR,long,4.0000006556510925,1,5.114674343410597,121.79965499711112,20.229348686821197,101.57030631028992,101.57030631028992,122293.48686821194,31448436.624116134,99923781.84704173
V4,1.0,IS,2026-03-10,ETHA,long,4.0000006556510925,1,3.709910414377977,-54.566418202234914,11.41982082875596,-65.98623903099087,-65.98623903099087,94198.20828755954,13637518.270435853,66992946.23340044
V4,1.0,IS,2026-03-10,RTX,short,-3.4999996423721313,1,0.4159937903285384,-35.003551115140155,4.831987580657078,-39.83553869579723,-39.83553869579723,28319.87580657077,29605639.171080828,71976963.1557296
V4,1.0,IS,2026-03-10,LMT,short,-3.2499998807907104,2,0.37984210556972803,98.03640030802316,4.759684211139458,93.2767160968837,93.2767160968837,27596.842111394562,58661845.85531352,129396339.81378902
V4,1.0,IS,2026-03-10,JETS,long,3.0000001192092896,1,1.5244395141991107,-71.38381994633629,7.048879028398218,-78.4326989747345,-78.4326989747345,50488.79028398222,4295233.305167718,20150132.946914617
V4,1.0,IS,2026-03-11,RTX,long,5.0000011920928955,1,0.39671845981593007,84.51363441153012,4.7934369196318585,79.72019749189826,79.72019749189826,27934.369196318603,28004963.84143158,76809113.96778893
V4,1.0,IS,2026-03-11,LMT,long,2.5000005960464478,2,0.4060294878482396,66.56602545515693,4.8120589756964804,61.75396647946045,61.75396647946045,28120.58975696479,27409564.58232099,73569517.61321084
V4,1.0,IS,2026-03-12,CRCL,short,-2.499997615814209,1,4.296337376180935,-423.0890187734054,18.59267475236186,-441.6816935257673,-441.68169352576734,105926.74752361869,55925758.32247026,336088057.30051243
V4,1.0,IS,2026-03-12,GLXY,short,-2.499997615814209,1,5.928310564707705,-182.49489485391027,21.8566211294154,-204.35151598332567,-204.35151598332567,138566.2112941541,837127.6629497195,3543934.7302925326
V4,1.0,IS,2026-03-12,HOOD,short,-2.499997615814209,1,3.639549311595531,-119.34855449570101,17.279098623191047,-136.62765311889206,-136.62765311889206,92790.9862319106,56605129.49800259,227792596.89057583
V4,1.0,IS,2026-03-13,RTX,short,-3.999999165534973,1,0.4981330196427687,-55.300879181822964,4.996266039285537,-60.2971452211085,-60.2971452211085,29962.660392855374,24988400.39062925,79558326.16261199
V4,1.0,IS,2026-03-13,BMNR,long,3.0000001192092896,1,4.741410922983451,-66.87548811803688,19.482821845966896,-86.35830996400378,-86.35830996400378,114828.21845966902,72690731.55059692,261282979.71684176
V4,1.0,IS,2026-03-13,ETHA,long,3.0000001192092896,1,3.4719242781655955,-2.2791606826440964,10.94384855633119,-13.223009238975287,-13.223009238975285,89438.4855633119,24520004.214240972,109843592.43365297
V4,1.0,IS,2026-03-13,CRCL,long,2.999997138977051,1,3.8972933274669215,157.85239172952944,17.794586654933852,140.0578050745956,140.0578050745956,97945.86654933843,89947256.6782098,288668826.858518
V4,1.0,IS,2026-03-13,GLXY,long,2.999997138977051,1,5.543756791370204,924.4067849587353,21.08751358274037,903.319271375995,903.319271375995,130875.13582740408,4016900.783498346,17147541.97550612
V4,1.0,IS,2026-03-13,HOOD,long,2.999997138977051,1,3.54901834924068,-70.13285886422597,17.098036698481366,-87.23089556270733,-87.23089556270733,90980.3669848136,108983463.4867303,411829690.15995467
V4,1.0,IS,2026-03-13,CCL,long,2.000001072883606,1,2.485704030350095,221.50957071490376,14.971408060700185,206.53816265420357,206.53816265420357,69714.0806070019,27002295.917239137,96519045.64289893
V4,1.0,IS,2026-03-16,BMNR,long,9.000000357627869,1,4.653962014048845,460.2878735345777,19.307924028097716,440.97994950648,440.97994950647995,113079.2402809769,82756589.19271868,275343845.0602091
V4,1.0,IS,2026-03-16,ETHA,long,9.000000357627869,1,3.3901252907492463,194.0938521955926,10.780250581498478,183.31360161409413,183.31360161409413,87802.50581498492,25750578.56100865,157836400.1317657
V4,1.0,IS,2026-03-16,JETS,short,-6.50000274181366,1,1.6357873350336238,-74.08269207429551,7.2715746700672526,-81.35426674436276,-81.35426674436276,52715.74670067247,3944701.9484427,16467772.040495243
V4,1.0,IS,2026-03-16,LMT,long,4.750001430511475,2,0.43208831848146523,-3.9820091162518874,4.864176636962931,-8.846185753214819,-8.846185753214819,28641.766369629306,27355234.938495953,82010850.08636305
V4,1.0,IS,2026-03-16,RTX,long,3.0000001192092896,1,0.49137182527240153,62.1714688036638,4.982743650544805,57.188725153118995,57.18872515311899,29827.43650544803,22119489.10928886,90195503.41234374
V4,1.0,IS,2026-03-16,COIN,long,2.428572518484933,7,3.9439567943668745,32.67013660508179,17.88791358873375,14.782223016348038,14.78222301634804,98879.13588733748,142483427.02827796,486295126.95765436
V4,1.0,IS,2026-03-16,CRCL,long,2.0000040531158447,1,3.8230810053388877,440.3991546944032,17.646162010677756,422.75299268372544,422.75299268372544,96461.62010677776,167150451.33791894,527325617.42561233
V4,1.0,IS,2026-03-16,GLXY,long,2.0000040531158447,1,5.325233018311392,-174.47070573709703,20.650466036622788,-195.12117177371982,-195.12117177371982,126504.66036622785,4607088.00341455,19638957.0574087
V4,1.0,IS,2026-03-16,HOOD,long,2.0000040531158447,1,3.558030945320115,-5.575918607468914,17.116061890640232,-22.691980498109146,-22.691980498109146,91160.6189064023,82032168.19828282,277730121.03735745
V4,1.0,IS,2026-03-17,BMNR,long,6.000000238418579,1,4.982012285828604,101.53695621242251,19.964024571657205,81.5729316407653,81.5729316407653,119640.24571657207,35326015.38638464,122392263.05630927
V4,1.0,IS,2026-03-17,ETHA,long,6.000000238418579,1,3.652663407439572,95.88165458959281,11.305326814879152,84.57632777471366,84.57632777471366,93053.26814879145,14474830.456700342,74594638.90211771
V4,1.0,IS,2026-03-17,CCL,short,-3.4999996423721313,1,2.48623570446571,9.794058221641492,14.972471408931419,-5.178413187289927,-5.178413187289927,69724.7140893142,27136430.115513187,103632756.02937624
V4,1.0,IS,2026-03-18,RTX,short,-4.999999701976776,1,0.42396702505232786,-55.199098395540304,4.847934050104655,-60.04703244564496,-60.04703244564496,28479.34050104656,21648209.47019127,70981597.57535778
V4,1.0,IS,2026-03-18,JETS,short,-4.000002145767212,1,1.7039795697367441,1.148738744340752,7.407959139473489,-6.259220395132736,-6.259220395132736,54079.59139473489,5541994.415913796,48545871.439144015
V4,1.0,IS,2026-03-18,BMNR,short,-3.0000001192092896,1,4.93383512977511,-59.83568928314954,19.867670259550216,-79.70335954269976,-79.70335954269976,118676.7025955022,42419577.67024755,139174997.17231515
V4,1.0,IS,2026-03-18,ETHA,short,-3.0000001192092896,1,3.639181871013447,-136.4321494392181,11.278363742026897,-147.710513181245,-147.710513181245,92783.63742026893,23321446.16678422,87970395.10178697
V4,1.0,IS,2026-03-18,CCL,long,2.5000005960464478,1,2.5737570470494555,33.387406782909096,15.14751409409891,18.239892688810187,18.239892688810187,71475.1409409891,28760742.694787998,79303727.40908787
V4,1.0,IS,2026-03-19,BMNR,short,-6.4999982714653015,1,5.125495031634604,12.81896700781826,20.250990063269207,-7.432023055450946,-7.432023055450946,122509.90063269208,44313529.74925859,130260143.99152076
V4,1.0,IS,2026-03-19,ETHA,short,-6.4999982714653015,1,3.7649464343543713,89.96274366320272,11.529892868708743,78.43285079449397,78.43285079449397,95298.92868708742,29699982.075005077,77958454.91117562
V4,1.0,IS,2026-03-19,JETS,short,-5.500000715255737,1,1.6838939965771893,-126.90012545586075,7.367787993154366,-134.2679134490151,-134.2679134490151,53677.87993154378,3967043.522380083,13366587.566691946
V4,1.0,IS,2026-03-19,LMT,long,2.250000089406967,2,0.3489324189244218,-39.722346505001,4.69786483784884,-44.42021134284984,-44.42021134284984,26978.648378488437,22112204.48160498,119525279.24510625
V4,1.0,IS,2026-03-20,JETS,short,-7.999998331069946,1,1.6809919273828702,21.171890505303804,7.3619838547657395,13.809906650538064,13.809906650538064,53619.838547657404,1626164.5029274046,26055830.144110262
V4,1.0,IS,2026-03-20,CCL,long,5.0000011920928955,1,2.393978803059247,117.61750106033884,14.787957606118496,102.82954345422034,102.82954345422034,67879.57606118494,46051014.90767072,103811567.84136137
V4,1.0,IS,2026-03-20,LMT,long,3.999999165534973,2,0.35463583366470675,-82.76123780720818,4.709271667329418,-87.4705094745376,-87.4705094745376,27092.716673294133,106929189.73916844,143119317.40445
V4,1.0,IS,2026-03-20,BMNR,long,2.4999991059303284,1,4.975216020218709,492.87773416380026,19.95043204043742,472.92730212336284,472.92730212336284,119504.32040437419,20537094.231702473,87532715.39699075
V4,1.0,IS,2026-03-20,ETHA,long,2.4999991059303284,1,3.6546393000137027,381.98114843569675,11.309278600027426,370.6718698356693,370.6718698356693,93092.78600027405,8580514.127947314,38193298.09830834
V4,1.0,IS,2026-03-23,JETS,long,13.999998569488525,1,1.6389565565194422,-34.070140666595435,7.277913113038885,-41.34805377963432,-41.34805377963432,52779.13113038885,12007971.57648752,36539125.03163256
V4,1.0,IS,2026-03-23,LMT,short,-8.249999582767487,2,0.4000240936506127,189.63618537811772,4.800048187301229,184.8361371908165,184.8361371908165,28000.481873012253,30534626.591666833,139983073.21556762
V4,1.0,IS,2026-03-23,CCL,short,-3.0000001192092896,1,2.302001573614733,-16.301368295560653,14.604003147229466,-30.90537144279012,-30.90537144279012,66040.03147229465,57709482.13235698,144243185.242101
V4,1.0,IS,2026-03-23,RTX,short,-2.5000005960464478,1,0.36950147662459987,104.56143810180521,4.739002953249198,99.82243514855601,99.82243514855601,27390.029532491997,31590524.888360076,113141276.32320416
V4,1.0,IS,2026-03-24,JETS,short,-2.499997615814209,1,1.7366520480652095,-70.01094132835675,7.47330409613042,-77.48424542448717,-77.48424542448717,54733.04096130419,2515217.3173163254,11088805.689954907
V4,1.0,IS,2026-03-25,CRCL,short,-2.999997138977051,1,3.8431435838194865,159.00211516236965,17.686287167638966,141.31582799473068,141.31582799473068,96862.87167638972,135013623.2062296,589483111.5789096
V4,1.0,IS,2026-03-25,GLXY,short,-2.999997138977051,1,5.088479744137872,106.72463503072103,20.17695948827574,86.54767554244529,86.54767554244529,121769.59488275743,2306411.094057535,6297398.09502068
V4,1.0,IS,2026-03-25,HOOD,short,-2.999997138977051,1,3.4910470084269565,-199.05577872939506,16.98209401685392,-216.03787274624898,-216.03787274624895,89820.94016853913,155638160.58053902,468181324.3023498
V4,1.0,IS,2026-03-26,CRCL,short,-5.0000011920928955,1,3.840929133809486,-52.11092885942202,17.681858267618964,-69.79278712704098,-69.79278712704098,96818.58267618972,65357235.74044402,257346555.421678
V4,1.0,IS,2026-03-26,GLXY,short,-5.0000011920928955,1,5.041117533061636,74.55821860180761,20.082235066123275,54.475983535684335,54.47598353568433,120822.35066123272,969479.44799205,3843834.487446391
V4,1.0,IS,2026-03-26,HOOD,short,-5.0000011920928955,1,3.5580488162685424,-268.3183667028232,17.116097632537105,-285.4344643353603,-285.4344643353603,91160.97632537084,40203264.3366478,200881469.2385741
V4,1.0,IS,2026-03-26,JETS,short,-2.999997138977051,1,1.765939197249705,-216.70798720143827,7.531878394499415,-224.2398655959377,-224.23986559593772,55318.7839449941,2082350.002649238,9273357.142410835
V4,1.0,IS,2026-03-27,RTX,long,3.4999996423721313,1,0.33661783049665883,-98.81000129477388,4.6732356609933134,-103.4832369557672,-103.4832369557672,26732.35660993318,13656652.992266782,48614423.7449844
V4,1.0,IS,2026-03-27,CCL,long,3.0000001192092896,1,2.3512534319450333,149.40297585314195,14.702506863890079,134.70046898925187,134.70046898925187,67025.06863890067,51445553.99196957,156925227.6597108
V4,1.0,IS,2026-03-27,IBIT,short,-2.8749996796250343,4,2.6605627319984793,-241.51126753267076,9.321125463996964,-250.83239299666772,-250.8323929966677,73211.25463996959,90319225.02971545,398732116.74725527
V4,1.0,IS,2026-03-27,MARA,short,-2.699999660253525,5,3.9669804423801707,-164.88111917932605,17.933960884760353,-182.8150800640864,-182.8150800640864,99339.60884760342,14973225.474090245,57211826.03760524
V4,1.0,IS,2026-03-27,MSTR,short,-2.699999660253525,5,4.1599373676125,-251.04457294580183,18.319874735225,-269.36444768102683,-269.36444768102683,103198.74735225,80713007.21840939,342592370.7432278
V4,1.0,IS,2026-03-27,COIN,short,-2.071428405387061,7,3.8004885303352562,-87.46415439561707,17.600977060670516,-105.06513145628759,-105.06513145628757,96009.77060670512,82921780.33152954,360520236.3539833
V4,1.0,IS,2026-03-30,CRCL,short,-7.4999988079071045,1,3.782098311705113,189.98383858189638,17.564196623410226,172.41964195848615,172.41964195848615,95641.96623410226,56163360.14230457,191427408.07919845
V4,1.0,IS,2026-03-30,GLXY,short,-7.4999988079071045,1,5.027052860235594,94.38802847047637,20.054105720471185,74.33392275000519,74.33392275000519,120541.05720471188,5716242.50543994,9549848.766328903
V4,1.0,IS,2026-03-30,HOOD,short,-7.4999988079071045,1,3.3983573644581044,-173.8872325537426,16.796714728916214,-190.6839472826588,-190.6839472826588,87967.1472891621,60479331.40381723,235769445.22587374
V4,1.0,IS,2026-03-30,CCL,short,-6.000000238418579,1,2.3616945753075513,-124.19418156935807,14.723389150615091,-138.91757071997316,-138.91757071997316,67233.89150615102,27860888.264893286,113268788.60172482
V4,1.0,IS,2026-03-30,JETS,short,-5.999994277954102,1,1.6982162934260314,45.16555032499779,7.396432586852065,37.769117738145724,37.769117738145724,53964.32586852063,2296959.9131244984,11688401.786818491
V4,1.0,IS,2026-03-30,BMNR,long,3.0000001192092896,1,4.638455116721644,132.631461602652,19.27691023344329,113.3545513692087,113.3545513692087,112769.10233443289,32357737.700197928,102630151.40478314
V4,1.0,IS,2026-03-30,ETHA,long,3.0000001192092896,1,3.294346072300172,179.78148226838104,10.588692144600344,169.1927901237807,169.1927901237807,85886.92144600344,13954156.267645275,117865653.34364396
V4,1.0,IS,2026-03-30,LMT,long,2.2499971091747284,2,0.4096836659481169,-313.5830950107512,4.819367331896217,-318.4024623426474,-318.4024623426474,28193.673318962337,33777367.57853407,112708372.7803024
V4,1.0,IS,2026-03-30,COIN,short,-2.1428572280066356,7,3.8243429135296707,-260.88594024111893,17.648685827059353,-278.5346260681783,-278.5346260681783,96486.85827059342,71742321.23855643,222344188.52797925
V4,1.0,IS,2026-03-30,MARA,short,-2.1000003814697266,5,3.974750287995771,-43.35060968267149,17.949500575991543,-61.30011025866303,-61.300110258663025,99495.00575991542,15547343.947694944,52364867.66325471
V4,1.0,IS,2026-03-31,CRCL,short,-8.499997854232788,1,3.817846949002465,204.77116296119604,17.635693898004916,187.13546906319112,187.13546906319112,96356.93898004931,39093931.87200379,116823906.40630454
V4,1.0,IS,2026-03-31,GLXY,short,-8.499997854232788,1,5.066691372979107,389.130074949938,20.133382745958215,368.99669220397976,368.99669220397976,121333.82745958214,3722176.722742595,16018351.077993028
V4,1.0,IS,2026-03-31,HOOD,short,-8.499997854232788,1,3.4104674826617556,81.77456211988648,16.820934965323502,64.95362715456298,64.95362715456298,88209.34965323511,77126321.52324736,283347155.2128672
V4,1.0,IS,2026-03-31,JETS,long,6.000000238418579,1,1.724058972896812,-27.806322621630777,7.448117945793626,-35.2544405674244,-35.2544405674244,54481.17945793625,1872993.9270200424,13850973.341442917
V4,1.0,IS,2026-03-31,LMT,short,-3.0000001192092896,2,0.4100531071117637,75.30026613811539,4.820106214223529,70.48015992389186,70.48015992389186,28201.062142235274,21698850.230897777,57665147.41361055
V4,1.0,IS,2026-04-01,JETS,long,10.499998927116394,1,1.6746001355885143,71.18564654111924,7.3492002711770255,63.836446269942215,63.836446269942215,53492.00271177029,3450594.336680525,16545105.279841075
V4,1.0,IS,2026-04-01,LMT,short,-5.999999493360519,2,0.3590503735004548,-142.49601431769642,4.7181007470009035,-147.21411506469732,-147.21411506469732,27181.0074700091,324339.971428273,75230808.41816744
V4,1.0,IS,2026-04-02,CRCL,long,16.500002145767212,1,3.325809633945566,-167.67443671536284,16.651619267891135,-184.32605598325398,-184.32605598325398,86516.19267891132,44131282.08538022,234441093.01837352
V4,1.0,IS,2026-04-02,GLXY,long,16.500002145767212,1,4.356507060265774,-81.66314167971395,18.713014120531554,-100.3761558002455,-100.3761558002455,107130.14120531549,2176917.4600794,9801736.418239834
V4,1.0,IS,2026-04-02,HOOD,long,16.500002145767212,1,3.1182259329079987,-197.40658721920954,16.236451865816008,-213.64303908502555,-213.64303908502552,82364.51865815997,95634061.75588202,310802057.21982926
V4,1.0,IS,2026-04-02,RTX,short,-3.0000001192092896,1,0.4946070720334645,13.945451632345227,4.9892141440669295,8.956237488278298,8.956237488278298,29892.14144066929,26031152.788800467,75105337.69058459
V4,1.0,IS,2026-04-02,CCL,long,2.5000005960464478,1,2.4529066560658146,-230.7136315913539,14.905813312131642,-245.61944490348554,-245.61944490348552,69058.13312131629,36451415.63693716,100312920.58722785
V4,1.0,IS,2026-04-06,RTX,long,2.5000005960464478,1,0.48662412317236103,88.50904680522841,4.973248246344724,83.53579855888368,83.53579855888368,29732.482463447224,15063745.078556111,44109422.68418938
V4,1.0,IS,2026-04-06,CCL,short,-2.000001072883606,1,2.423757441393234,6.177414721737686,14.84751488278647,-8.670100161048783,-8.670100161048783,68475.14882786469,18294661.9931842,52967621.68391056
V4,1.0,IS,2026-04-07,ITA,short,-4.800000488758087,5,1.062808490145897,80.7983736917386,6.125616980291795,74.67275671144681,74.67275671144681,41256.16980291793,4147066.4512023977,18130842.849137813
V4,1.0,IS,2026-04-07,JETS,short,-3.0000030994415283,1,1.6727605088698314,46.53210498594052,7.345521017739664,39.18658396820086,39.18658396820086,53455.21017739663,2973145.6146110417,9533871.231657855
V4,1.0,IS,2026-04-08,JETS,long,31.50000125169754,1,1.6709507942950879,-411.28557059467073,7.34190158859019,-418.6274721832609,-418.6274721832609,53419.015885901754,21011421.022404373,45184612.77699175
V4,1.0,IS,2026-04-08,LMT,short,-15.75000062584877,2,0.3175820569665204,-266.70402889544806,4.635164113933058,-271.3391930093811,-271.3391930093811,26351.641139330408,60023177.95117775,180411237.01428986
V4,1.0,IS,2026-04-08,CRCL,short,-6.999999284744263,1,3.3330755578725713,661.5116867666086,16.66615111574515,644.8455356508634,644.8455356508634,86661.51115745143,86310479.0612759,264147155.56575426
V4,1.0,IS,2026-04-08,GLXY,short,-6.999999284744263,1,4.424672401120904,605.4327732657986,18.84934480224183,586.5834284635567,586.5834284635567,108493.44802241807,5046076.066227238,18205678.032592405
V4,1.0,IS,2026-04-08,HOOD,short,-6.999999284744263,1,3.1417229614408417,621.680168148319,16.283445922881697,605.3967222254373,605.3967222254373,82834.45922881682,224333329.89832404,616748271.5358694
V4,1.0,IS,2026-04-08,SPY,long,4.685714475012252,7,1.0,0.0,6.0,-6.0,-6.0,40000.0,2207168319.0211496,9001027549.964426
V4,1.0,IS,2026-04-08,ITA,long,2.8999999165534973,5,1.0600867824315139,61.38504236605022,6.12017356486303,55.26486880118719,55.26486880118719,41201.735648630274,8441476.848175203,28300189.080117323
V4,1.0,IS,2026-04-08,IBIT,long,2.5000005960464478,4,2.282327189664467,-139.4644706416264,8.564654379328942,-148.02912502095535,-148.02912502095535,65646.54379328934,87113517.30577354,331875024.1054642
V4,1.0,IS,2026-04-08,MARA,long,2.200000286102295,5,3.4212644555412544,5.260687441714694,16.84252891108251,-11.581841469367816,-11.581841469367816,88425.28911082509,27952952.230940018,69690394.63376628
V4,1.0,IS,2026-04-08,MSTR,long,2.200000286102295,5,3.558011725709902,-375.5941275981639,17.116023451419778,-392.71015104958366,-392.71015104958366,91160.23451419803,134430435.82693326,418470477.3889502
V4,1.0,IS,2026-04-09,JETS,long,3.0000001192092896,1,1.7331454247642928,-46.18648965846943,7.466290849528583,-53.65278050799802,-53.65278050799802,54662.908495285854,3532511.1333167194,9752622.75386724
V4,1.0,IS,2026-04-09,CRCL,short,-2.5000035762786865,1,2.940737781900556,1075.6280868342985,15.881475563801132,1059.7466112704974,1059.7466112704974,78814.75563801112,33491419.613597263,161766542.4898427
V4,1.0,IS,2026-04-09,GLXY,short,-2.5000035762786865,1,4.057053355848827,-995.8389523213776,18.114106711697673,-1013.9530590330753,-1013.9530590330753,101141.06711697653,742057.6678971121,3977562.0742984735
V4,1.0,IS,2026-04-09,HOOD,short,-2.5000035762786865,1,2.960295791644234,424.5882564320907,15.920591583288456,408.66766484880225,408.66766484880225,79205.91583288468,54535468.17961169,237864517.01871443
V4,1.0,IS,2026-04-10,RTX,long,2.000001072883606,1,0.5297419910086749,-46.49583797338727,5.059483982017348,-51.555321955404615,-51.555321955404615,30594.8398201735,17530919.11504933,79291045.87332517
V4,1.0,IS,2026-04-13,JETS,short,-5.0000011920928955,1,1.7198265982299705,9.173780904519653,7.4396531964599415,1.7341277080597113,1.7341277080597113,54396.53196459942,1815084.4120988024,7061939.399392075
V4,1.0,IS,2026-04-13,CCL,long,3.999999165534973,1,2.6446806447258058,-95.9007427736315,15.289361289451605,-111.19010406308311,-111.19010406308311,72893.61289451612,29006222.49221937,85994762.29110704
V4,1.0,IS,2026-04-13,LMT,long,3.0000008642673492,2,0.20502769088508935,0.1899946105778658,4.410055381770179,-4.220060771192313,-4.220060771192313,24100.553817701788,1146431.7722748553,44814496.56037774
V4,1.0,IS,2026-04-13,KRE,short,-3.0000001192092896,1,0.9309914639322509,3.0328653303321635,5.861982927864502,-2.8291175975323384,-2.8291175975323384,38619.82927864502,23373161.038059957,102796563.2085817
V4,1.0,IS,2026-04-13,IBIT,short,-2.749999612569809,4,2.2129899063196286,-26.362811108661088,8.425979812639259,-34.78879092130035,-34.78879092130035,64259.79812639257,55779617.752775244,323275448.86557364
V4,1.0,IS,2026-04-13,ITA,long,2.199999690055847,5,1.084115152487538,54.035224848537105,6.168230304975076,47.86699454356203,47.86699454356203,41682.30304975076,5644797.478114092,17510604.19855383
V4,1.0,IS,2026-04-14,IBIT,long,3.25000062584877,4,2.2234239262521958,-247.71544992542013,8.446847852504419,-256.16229777792455,-256.16229777792455,64468.478525043916,109912555.59904753,431796757.15889466
V4,1.0,IS,2026-04-14,MARA,long,2.7000004053115845,5,3.458656685272619,-459.8821737357885,16.91731337054523,-476.79948710633374,-476.79948710633374,89173.13370545238,20108505.364961106,92306761.22355983
V4,1.0,IS,2026-04-14,MSTR,long,2.7000004053115845,5,3.455128405354224,-373.01643276553506,16.91025681070846,-389.9266895762435,-389.9266895762435,89102.56810708449,133629992.93101023,548798288.8297901
V4,1.0,IS,2026-04-14,COIN,long,2.214285731315613,7,3.2027180514348714,-69.20613394665538,16.405436102869743,-85.61157004952513,-85.61157004952513,84054.36102869743,114507780.8912784,407399964.79115725
V4,1.0,IS,2026-04-15,JETS,short,-5.0000011920928955,1,1.7272577912866447,110.08014723731344,7.454515582573293,102.62563165474015,102.62563165474015,54545.1558257329,1461539.1013851264,8241907.027624078
V4,1.0,IS,2026-04-15,CRCL,long,4.499995708465576,1,3.09502086692281,-398.15740420886937,16.190041733845646,-414.347445942715,-414.347445942715,81900.4173384562,58778184.988146625,194915745.94206902
V4,1.0,IS,2026-04-15,GLXY,long,4.499995708465576,1,4.176247338566888,60.663930979777476,18.352494677133777,42.3114363026437,42.3114363026437,103524.94677133777,5055703.8071697075,18498745.04347133
V4,1.0,IS,2026-04-15,HOOD,long,4.499995708465576,1,3.1567530755586923,251.65506452658408,16.313506151117394,235.3415583754667,235.34155837546672,83135.06151117384,444118028.70541245,1421415252.2808852
V4,1.0,IS,2026-04-16,CRCL,long,4.499995708465576,1,3.057583294134985,20.685353085954297,16.11516658826997,4.570186497684325,4.570186497684325,81151.6658826997,39495218.008165486,185269042.03204405
V4,1.0,IS,2026-04-16,GLXY,long,4.499995708465576,1,4.169676800858997,-209.93910606087954,18.33935360171799,-228.27845966259753,-228.27845966259753,103393.53601717994,3955688.8872328075,11887539.494756786
V4,1.0,IS,2026-04-16,HOOD,long,4.499995708465576,1,3.2647554957004714,-288.54359143315907,16.52951099140097,-305.07310242456003,-305.07310242456003,85295.10991400943,266165865.80426174,1085037742.4174078
V4,1.0,IS,2026-04-17,JETS,long,6.999999284744263,1,1.7514464547236737,-139.5433830389418,7.502892909447354,-147.04627594838917,-147.04627594838917,55028.92909447347,10244163.500545058,39960685.37371362
V4,1.0,IS,2026-04-17,LMT,short,-3.4999996423721313,2,0.1613840547843665,216.58121166557623,4.322768109568727,212.2584435560075,212.2584435560075,23227.68109568733,48083701.216803625,104399073.28853847
V4,1.0,IS,2026-04-20,CRCL,short,-12.999999523162842,1,2.9468576254587764,-373.57014221508655,15.89371525091758,-389.46385746600413,-389.46385746600413,78937.15250917553,54189040.320135415,256164901.11610708
V4,1.0,IS,2026-04-20,GLXY,short,-12.999999523162842,1,4.360633981829179,-708.4124779801181,18.721267963658306,-727.1337459437764,-727.1337459437764,107212.67963658358,5627707.060759174,25423462.839381874
V4,1.0,IS,2026-04-20,HOOD,short,-12.999999523162842,1,3.5096436846185566,-179.48437243821166,17.019287369237105,-196.50365980744877,-196.50365980744877,90192.87369237113,152432134.65359718,654228256.42264
V4,1.0,IS,2026-04-20,JETS,short,-6.999999284744263,1,1.8019232708902901,-35.07494493127569,7.603846541780577,-42.678791473056265,-42.678791473056265,56038.465417805804,3789815.042543813,14165412.122066416
V4,1.0,IS,2026-04-20,CCL,long,4.999998211860657,1,2.7582585328613054,95.6442659676662,15.51651706572261,80.12774890194359,80.12774890194359,75165.1706572261,32130118.983050875,91731042.61270154
V4,1.0,IS,2026-04-20,LMT,long,3.7499994039535522,2,0.07276345848406636,-210.31865708128203,4.145526916968123,-214.46418399825015,-214.46418399825018,21455.269169681327,33032006.37513246,91133978.63617124
V4,1.0,IS,2026-04-20,COIN,short,-2.285714021750859,7,3.4652315551481596,-534.9047462861138,16.930463110296273,-551.83520939641,-551.83520939641,89304.63110296319,90419453.82033904,305716152.31193334
V4,1.0,IS,2026-04-20,BMNR,short,-2.000001072883606,1,3.9573826175366973,-162.82485472574805,17.91476523507339,-180.73961996082144,-180.73961996082144,99147.65235073394,42248237.579643115,122727273.29045305
V4,1.0,IS,2026-04-20,ETHA,short,-2.000001072883606,1,2.843413764534164,-66.43177632156963,9.686827529068324,-76.11860385063795,-76.11860385063795,76868.27529068328,23136106.96317414,100983582.29703681
V4,1.0,IS,2026-04-21,CCL,long,3.4999996423721313,1,2.7635521333540476,-297.27042766505144,15.52710426670808,-312.7975319317595,-312.7975319317595,75271.04266708095,24537462.633528944,87533902.98001401
V4,1.0,IS,2026-04-22,JETS,long,5.500000715255737,1,1.8345285970692056,-436.1905950434884,7.669057194138418,-443.8596522376268,-443.8596522376268,56690.57194138411,1057280.6005261699,10906929.249021925
V4,1.0,IS,2026-04-22,IBIT,long,3.25000062584877,4,2.213049239680622,-14.84835819477495,8.426098479361244,-23.274456674136193,-23.274456674136193,64260.984793612435,99546076.45752716,351263190.3330959
V4,1.0,IS,2026-04-22,LMT,short,-2.499999850988388,2,0.08994513880425137,357.5478597773148,4.179890277608479,353.3679694997063,353.3679694997063,21798.902776085026,23513919.240553576,105871324.83737774
V4,1.0,IS,2026-04-22,MARA,long,2.4000003933906555,5,3.3726163698689424,-106.4237505658964,16.745232739737887,-123.16898330563428,-123.16898330563428,87452.32739737885,35698151.898118615,100468724.14024118
V4,1.0,IS,2026-04-22,MSTR,long,2.4000003933906555,5,3.7349686218657023,138.75223541886842,17.469937243731408,121.28229817513702,121.28229817513703,94699.37243731404,256756276.40214562,1014224631.9999925
V4,1.0,IS,2026-04-22,BMNR,long,2.000001072883606,1,3.994146134735546,85.28751315331773,17.98829226947109,67.29922088384664,67.29922088384664,99882.92269471093,60838386.896232426,205316116.25320634
V4,1.0,IS,2026-04-22,ETHA,long,2.000001072883606,1,2.884154022561184,-130.48468690954488,9.768308045122382,-140.25299495466726,-140.25299495466726,77683.08045122368,11652347.91299032,76022465.43606207
V4,1.0,IS,2026-04-23,CRCL,long,6.999999284744263,1,3.196647654795449,-69.80746713137275,16.393295309590897,-86.20076244096364,-86.20076244096364,83932.95309590898,28409956.022335906,109589620.99264851
V4,1.0,IS,2026-04-23,GLXY,long,6.999999284744263,1,4.530741085827001,60.085156092187404,19.061482171654006,41.0236739205334,41.0236739205334,110614.82171654003,2091640.966390032,8151230.7857343955
V4,1.0,IS,2026-04-23,HOOD,long,6.999999284744263,1,3.542245950980347,-308.691045754078,17.08449190196069,-325.7755376560387,-325.7755376560387,90844.91901960692,61351223.03480101,279442454.13469636
V4,1.0,IS,2026-04-24,CRCL,long,3.999999165534973,1,3.2465927957852045,-404.22731616442627,16.49318559157041,-420.7205017559967,-420.7205017559967,84931.85591570409,18213901.332855113,82393105.37685807
V4,1.0,IS,2026-04-24,GLXY,long,3.999999165534973,1,4.50072330896243,-451.91146890280504,19.00144661792484,-470.9129155207299,-470.9129155207299,110014.4661792486,3621301.6645626808,12902832.637243338
V4,1.0,IS,2026-04-24,HOOD,long,3.999999165534973,1,3.5885356669111883,-186.63795901160887,17.17707133382237,-203.81503034543124,-203.81503034543124,91770.71333822375,73078426.2446224,283020468.5294252
V4,1.0,IS,2026-04-27,CCL,short,-4.500001668930054,1,2.749792650184828,61.37904140248989,15.49958530036966,45.87945610212023,45.87945610212023,74995.85300369655,20308658.08300191,68549399.54650004
V4,1.0,IS,2026-04-27,RTX,short,-3.0000001192092896,1,0.3766807624336623,-52.80382674172092,4.753361524867323,-57.55718826658824,-57.55718826658825,27533.615248673246,41919926.31636209,126550069.11384718
V4,1.0,IS,2026-04-27,CRCL,short,-2.000001072883606,1,3.203374196331779,405.4948930179421,16.40674839266353,389.0881446252786,389.0881446252786,84067.48392663558,33156625.98440342,124743039.53109072
V4,1.0,IS,2026-04-27,GLXY,short,-2.000001072883606,1,4.442689402302495,474.15357410533,18.88537880460501,455.268195300725,455.268195300725,108853.7880460499,5881431.870662704,22937546.249307375
V4,1.0,IS,2026-04-27,HOOD,short,-2.000001072883606,1,3.5743781478512946,139.57848817591005,17.148756295702583,122.42973188020747,122.42973188020747,91487.5629570259,63627922.74574037,292715155.4926394
V4,1.0,IS,2026-04-27,JETS,short,-2.000001072883606,1,1.771725996596536,199.65204092840264,7.5434519931930595,192.10858893520958,192.10858893520958,55434.51993193072,1949968.6496963166,29447115.227947578
V4,1.0,IS,2026-04-28,CRCL,short,-3.0000001192092896,1,3.159275647718848,-206.0025672705997,16.318551295437686,-222.3211185660374,-222.3211185660374,83185.51295437697,38648808.855422765,120720157.45335265
V4,1.0,IS,2026-04-28,GLXY,short,-3.0000001192092896,1,4.412165506281155,-708.0231798470512,18.82433101256231,-726.8475108596135,-726.8475108596135,108243.31012562309,4798420.605476544,23774320.484914467
V4,1.0,IS,2026-04-28,HOOD,short,-3.0000001192092896,1,3.567533952756521,-76.73903579309572,17.13506790551304,-93.87410369860876,-93.87410369860876,91350.67905513041,96402917.24702865,256277466.68448517
V4,1.0,IS,2026-04-29,CCL,long,2.5000005960464478,1,2.772627441480493,-180.63941838566834,15.54525488296099,-196.18467326862933,-196.18467326862933,75452.54882960986,36984729.92714723,111565980.1533967
V4,1.0,IS,2026-04-30,JETS,short,-4.999998211860657,1,1.7532005714047239,41.801285153969125,7.506401142809445,34.29488401115968,34.29488401115968,55064.01142809448,1094411.9999525545,9099001.826155074
V4,1.0,IS,2026-04-30,LMT,long,3.2499991357326508,2,0.061902398226627166,126.23800251798103,4.123804796453257,122.11419772152777,122.11419772152777,21238.047964532543,12227350.556321446,53195668.680079214
V4,1.0,IS,2026-05-01,OXY,short,-8.500000834465027,1,-0.9965523892596615,227.0345230647318,11.993104778519324,215.04141828621246,215.04141828621243,39931.04778519323,41337705.37539813,111580224.69647421
V4,1.0,IS,2026-05-01,XOM,short,-8.500000834465027,1,-0.6174996574515876,-8.13961927353668,5.234999314903176,-13.374618588439855,-13.374618588439855,32349.993149031754,107334356.473552,400599167.5315266
V4,1.0,IS,2026-05-04,CRCL,long,17.9999977350235,1,3.0323705382672803,1247.7639512306525,16.064741076534574,1231.699210154118,1231.699210154118,80647.4107653456,157975112.18756875,592856801.1273873
V4,1.0,IS,2026-05-04,GLXY,long,17.9999977350235,1,4.167531785616993,332.8403527423366,18.335063571234002,314.5052891711026,314.5052891711026,103350.63571233986,4225250.785780257,24350773.407850627
V4,1.0,IS,2026-05-04,HOOD,long,17.9999977350235,1,3.609719134447378,351.9335885417552,17.21943826889475,334.7141502728605,334.7141502728605,92194.38268894756,128853965.01581277,439859794.8050253
V4,1.0,IS,2026-05-04,OXY,long,11.000001430511475,1,-0.9868881527039322,146.42876759803647,11.973776305407853,134.45499129262862,134.45499129262862,39737.76305407864,23644967.38161939,62581681.99345519
V4,1.0,IS,2026-05-04,XOM,long,11.000001430511475,1,-0.5985094972312236,56.08218849310262,5.1970189944624465,50.885169498640174,50.885169498640174,31970.189944624475,91613149.81721078,246150168.50557593
V4,1.0,IS,2026-05-04,COIN,long,5.264285738979067,7,3.5606863268222435,273.16678704129134,17.12137265364447,256.0454143876469,256.0454143876469,91213.72653644487,126160077.44407706,364015833.2816653
V4,1.0,IS,2026-05-04,RTX,short,-3.5000011324882507,1,0.3928601592334655,50.0078188907531,4.785720318466929,45.22209857228617,45.22209857228617,27857.20318466931,18446619.14230381,67403375.83071434
V4,1.0,IS,2026-05-04,IBIT,long,3.4625010564923286,4,2.2703442880454374,206.0757481539286,8.540688576090872,197.53505957783773,197.53505957783773,65406.88576090875,75746797.23063804,235019659.88440955
V4,1.0,IS,2026-05-04,MARA,long,3.1700007617473602,5,3.4478439662392075,463.2182013462841,16.895687932478438,446.32251341380567,446.3225134138057,88956.87932478415,19510608.855760444,60286627.32965086
V4,1.0,IS,2026-05-04,MSTR,long,3.1700007617473602,5,3.890931727839743,277.7779504417536,17.781863455679456,259.99608698607415,259.99608698607415,97818.63455679484,123570136.55109474,400323345.25554407
V4,1.0,IS,2026-05-05,BMNR,long,2.000001072883606,1,3.755185624161236,-145.59753475212716,17.510371248322485,-163.10790600044965,-163.10790600044965,95103.7124832247,39776152.125209965,144325168.02237895
V4,1.0,IS,2026-05-05,ETHA,long,2.000001072883606,1,2.638939338661659,-155.08372388743982,9.277878677323315,-164.36160256476313,-164.36160256476313,72778.78677323318,10241639.153142435,42189252.33195948
V4,1.0,IS,2026-05-06,JETS,long,11.000001430511475,1,1.8173602424562123,-136.84389955089648,7.634720484912435,-144.47862003580892,-144.47862003580892,56347.204849124246,4661518.6242882,27826664.298186168
V4,1.0,IS,2026-05-06,OXY,short,-4.500001668930054,1,-1.2996478182694016,-14.03106191981137,12.599295636538804,-26.630357556350173,-26.630357556350173,45992.95636538803,102553686.75832064,196791721.54507488
V4,1.0,IS,2026-05-06,XOM,short,-4.500001668930054,1,-0.7431048450521842,-23.243392984018968,5.486209690104367,-28.729602674123335,-28.729602674123335,34862.09690104368,14506686.91693117,313923437.5594235
V4,1.0,IS,2026-05-06,LMT,short,-4.500000178813934,2,-0.04911318298252869,-106.46069414257862,4.098226365965061,-110.55892050854368,-110.55892050854368,20982.263659650573,33526020.937536266,149149272.34935895
V4,1.0,IS,2026-05-06,RTX,long,2.000001072883606,1,0.37189172364236683,80.5199977350964,4.743783447284727,75.77621428781167,75.77621428781167,27437.83447284734,28035584.070117034,81088958.80618246
V4,1.0,IS,2026-05-07,OXY,long,4.000002145767212,1,-1.4484763604025959,-60.425295046408955,12.896952720805196,-73.32224776721415,-73.32224776721415,48969.52720805192,32895851.56463475,105938205.23229381
V4,1.0,IS,2026-05-07,XOM,long,4.000002145767212,1,-0.8308837724899004,-59.886132134638395,5.661767544979803,-65.5478996796182,-65.5478996796182,36617.67544979801,77685639.86408998,245615298.30446702
V4,1.0,IS,2026-05-07,DAL,long,3.0000001192092896,1,1.8301860386200615,-63.29177771158561,13.660372077240126,-76.95214978882574,-76.95214978882574,56603.720772401226,23625608.82338595,119979202.48211731
V4,1.0,IS,2026-05-07,ZIM,short,-3.0000001192092896,1,0.9633941616862333,572.7408334865783,11.92678832337242,560.8140451632058,560.8140451632058,39267.883233724664,1002876.0602989285,5116126.246448234
V4,1.0,IS,2026-05-08,DAL,short,-9.999999403953552,1,1.8265462575114668,77.55616632187862,13.653092515022934,63.90307380685569,63.90307380685569,56530.925150229334,12662596.292201044,32402380.74665733
V4,1.0,IS,2026-05-08,ZIM,long,9.999999403953552,1,0.9953331092050428,78.81266958895431,11.990666218410084,66.82200337054422,66.82200337054422,39906.66218410085,766548.6227913473,2998304.637121931
V4,1.0,IS,2026-05-08,CRCL,long,6.000000238418579,1,2.4327727318019154,-188.46350297290155,14.865545463603837,-203.3290484365054,-203.3290484365054,68655.45463603831,49132944.36814159,237496961.4710532
V4,1.0,IS,2026-05-08,GLXY,long,6.000000238418579,1,3.4482311630402975,22.208661174797502,16.896462326080595,5.312198848716907,5.312198848716907,88964.62326080595,2516271.3692486635,17688969.528248627
V4,1.0,IS,2026-05-08,HOOD,long,6.000000238418579,1,3.0996727545972314,-2.4709036945961063,16.199345509194462,-18.67024920379057,-18.67024920379057,81993.45509194462,70113988.63764583,261114688.55933997
V4,1.0,IS,2026-05-11,OXY,long,12.999999523162842,1,-1.4451010200012049,262.5083073379316,12.890202040002407,249.61810529792922,249.61810529792925,48902.0204000241,30557403.15993735,79396755.88089678
V4,1.0,IS,2026-05-11,XOM,long,12.999999523162842,1,-0.8212994467671731,281.9881128895949,5.642598893534341,276.34551399606056,276.34551399606056,36425.98893534346,79069889.27966002,187081559.35561028
V4,1.0,IS,2026-05-11,DAL,long,4.999999701976776,1,1.803002641653945,-318.6242869063934,13.606005283307866,-332.2302921897013,-332.2302921897013,56060.05283307891,14256703.622240607,51388403.4852207
V4,1.0,IS,2026-05-11,RTX,short,-4.999999701976776,1,0.41927749355495153,-182.1066301883293,4.838554987109916,-186.9451851754392,-186.9451851754392,28385.54987109903,27573593.970178682,83810945.0677573
V4,1.0,IS,2026-05-11,ZIM,short,-4.999999701976776,1,1.0102882202969319,91.16037634013776,12.020576440593857,79.1397998995439,79.1397998995439,40205.76440593864,1405158.2105318967,3668558.0424890085
V4,1.0,IS,2026-05-11,CRCL,short,-4.000002145767212,1,2.385521410979666,-988.4899902447077,14.771042821959327,-1003.261033066667,-1003.2610330666671,67710.42821959332,228220197.8813272,673126834.818799
V4,1.0,IS,2026-05-11,GLXY,short,-4.000002145767212,1,3.4379276398500846,-510.40785729918895,16.875855279700147,-527.2837125788891,-527.2837125788891,88758.55279700168,5491561.633943396,21457956.402923018
V4,1.0,IS,2026-05-11,HOOD,short,-4.000002145767212,1,3.0627102661697214,-400.1335700058432,16.125420532339433,-416.2589905381826,-416.2589905381826,81254.20532339443,118962898.54214889,330326898.67961526
V4,1.0,IS,2026-05-11,JETS,short,-3.999999165534973,1,1.8415452406479542,269.0878314699768,7.683090481295892,261.4047409886809,261.4047409886809,56830.90481295908,1475054.3169608049,8517830.049969584
V4,1.0,IS,2026-05-12,XOM,long,5.0000011920928955,1,-0.9766835701711809,-22.041428865533703,5.953367140342362,-27.994796005876065,-27.994796005876065,39533.67140342362,77553818.19657224,197347458.03954786
V4,1.0,IS,2026-05-12,DAL,short,-2.99999862909317,1,1.8047019523235601,-0.04673358715120285,13.60940390464712,-13.656137491798322,-13.656137491798322,56094.0390464712,12677169.795206895,39676273.68724351
V4,1.0,IS,2026-05-12,ZIM,long,2.99999862909317,1,1.0550958305131306,16.0308032765108,12.110191661026262,3.920611615484537,3.9206116154845376,41101.91661026262,1867464.1598719393,8851919.457810642
V4,1.0,IS,2026-05-12,OXY,long,2.5000005960464478,2,-1.6484340154362949,113.08563341245211,13.296868030872588,99.78876538157952,99.78876538157952,52968.680308725896,28220702.403093334,76883005.75470711
V4,1.0,IS,2026-05-12,CRCL,long,2.499997615814209,1,2.423839747604686,-529.9387093395342,14.847679495209377,-544.7863888347435,-544.7863888347435,68476.79495209371,379552942.2536033,1006558107.3308108
V4,1.0,IS,2026-05-12,GLXY,long,2.499997615814209,1,3.5659072555517852,90.97936329130002,17.13181451110357,73.84754878019645,73.84754878019645,91318.1451110357,3698755.900947715,17933497.621460065
V4,1.0,IS,2026-05-12,HOOD,long,2.499997615814209,1,2.9446139019794346,-156.83928971528636,15.889227803958875,-172.72851751924523,-172.72851751924523,78892.2780395887,54671838.72736094,192886155.95477828
V4,1.0,IS,2026-05-12,BMNR,short,-2.000001072883606,1,3.371755296772641,369.30504282969866,16.743510593545295,352.56153223615337,352.56153223615337,87435.10593545281,48318087.447420195,185915970.91737553
V4,1.0,IS,2026-05-12,ETHA,short,-2.000001072883606,1,2.3228375750332533,36.1240291001705,8.645675150066506,27.478353950103998,27.478353950103994,66456.75150066506,31041680.61061063,100870744.00857756
V4,1.0,IS,2026-05-14,XOM,long,6.999999284744263,1,-0.9713153415932411,116.38024869026657,5.942630683186479,110.43761800708009,110.43761800708009,39426.30683186482,45434589.678450786,133710176.62997298
V4,1.0,IS,2026-05-14,CRCL,long,6.000000238418579,1,2.468367207026587,-129.14013301271171,14.936734414053177,-144.0768674267649,-144.0768674267649,69367.34414053174,61881731.099694856,277689369.1950127
V4,1.0,IS,2026-05-14,GLXY,long,6.000000238418579,1,3.546964184960223,178.09453833485387,17.093928369920462,161.0006099649334,161.0006099649334,90939.28369920446,3197796.7228747513,11059476.616527366
V4,1.0,IS,2026-05-14,HOOD,long,6.000000238418579,1,2.9409994048346584,437.41786594931637,15.881998809669312,421.53586713964705,421.53586713964705,78819.98809669317,36560728.3853027,173802309.93620372
V4,1.0,IS,2026-05-14,OXY,long,3.999999165534973,2,-1.6526642002097114,251.79228862772698,13.305328400419427,238.48696022730755,238.48696022730755,53053.28400419423,22388727.636378817,78469513.37160371
V4,1.0,IS,2026-05-14,CCL,short,-3.0000001192092896,1,2.918281748750301,390.18428396615957,15.836563497500606,374.34772046865896,374.34772046865896,78365.63497500602,38911543.45407585,108303984.16209242
V4,1.0,IS,2026-05-15,RTX,long,5.499999225139618,1,0.49770207508359515,-234.2773097813369,4.9954041501671895,-239.2727139315041,-239.2727139315041,29954.041501671905,84204207.97976802,119241561.8229562
V4,1.0,IS,2026-05-15,CCL,long,3.0000001192092896,1,2.9155691963998787,11.630820101437358,15.831138392799758,-4.2003182913624,-4.2003182913624,78311.38392799758,25031311.828519877,60641842.501727685
V4,1.0,IS,2026-05-15,LMT,long,2.249998599290848,2,0.002795924994531209,-101.26772785383444,4.0055918499890595,-105.2733197038235,-105.27331970382352,20055.918499890628,38441776.72150705,76791258.28935486
V4,1.0,IS,2026-05-18,CCL,short,-6.50000274181366,1,2.8521110918160457,-54.98979130101021,15.70422218363209,-70.6940134846423,-70.6940134846423,77042.22183632091,15590732.02602905,57067435.300754696
V4,1.0,IS,2026-05-18,DAL,short,-6.000000238418579,1,1.750352324180386,83.23781521270202,13.500704648360767,69.73711056434125,69.73711056434125,55007.04648360772,18534178.4354826,54719301.49572617
V4,1.0,IS,2026-05-18,ZIM,long,6.000000238418579,1,1.003641812657283,-83.23505704812318,12.007283625314571,-95.24234067343775,-95.24234067343775,40072.83625314566,1507674.1476889434,2717711.406421909
V4,1.0,IS,2026-05-18,BMNR,short,-4.999999701976776,1,3.5676211616518967,259.3369485967284,17.1352423233038,242.2017062734246,242.20170627342463,91352.42323303793,43017702.69837422,152791390.95115328
V4,1.0,IS,2026-05-18,ETHA,short,-4.999999701976776,1,2.3789335835166803,51.95604603852421,8.75786716703336,43.198178871490846,43.198178871490846,67578.6716703336,20400968.14567412,56558903.18380876
V4,1.0,IS,2026-05-18,JETS,short,-4.750001430511475,2,1.8383794622626426,55.736073212208,7.676758924525288,48.05931428768271,48.05931428768271,56767.58924525285,2112727.4170363043,10884129.75409979
V4,1.0,IS,2026-05-18,IBIT,short,-4.7499991953372955,4,1.7250695173706347,19.541366642374076,7.4501390347412695,12.091227607632806,12.091227607632806,54501.39034741269,115465627.94178356,312614057.7486825
V4,1.0,IS,2026-05-18,CRCL,short,-4.000002145767212,1,2.5398328309103793,13.492843343698972,15.079665661820759,-1.5868223181217864,-1.5868223181217864,70796.65661820759,79109802.01300262,265832372.48659065
V4,1.0,IS,2026-05-18,GLXY,short,-4.000002145767212,1,3.6503867358415927,182.3493259606637,17.300773471683186,165.0485524889805,165.0485524889805,93007.73471683187,9815336.79127296,21800938.69272936
V4,1.0,IS,2026-05-18,HOOD,short,-4.000002145767212,1,3.016980683678822,-204.4213883396928,16.033961367357648,-220.45534970705046,-220.4553497070505,80339.61367357644,52652797.418104805,252510265.25706708
V4,1.0,IS,2026-05-20,CRCL,short,-7.4999988079071045,1,2.5283972388559395,175.94787240591924,15.05679447771189,160.89107792820735,160.89107792820735,70567.94477711878,46259889.76692708,136739717.55742687
V4,1.0,IS,2026-05-20,GLXY,short,-7.4999988079071045,1,3.699562759353062,316.99032548321406,17.399125518706114,299.59119996450795,299.59119996450795,93991.25518706125,2486337.551098352,9320145.1023697
V4,1.0,IS,2026-05-20,HOOD,short,-7.4999988079071045,1,3.002765072017042,93.16989081099625,16.005530144034083,77.16436066696217,77.16436066696217,80055.30144034083,40618315.457651585,177240078.69857705
V4,1.0,IS,2026-05-21,CCL,short,-5.500000715255737,1,2.9243767578518285,-124.22916573102079,15.848753515703649,-140.07791924672443,-140.07791924672443,78487.53515703657,26533595.932857797,94937921.83499451
V4,1.0,IS,2026-05-21,XOM,short,-3.4999996423721313,1,-1.0414581058335757,139.62641542384594,6.08291621166714,133.5434992121788,133.5434992121788,40829.16211667151,66925655.00927525,227753953.3408263
V4,1.0,IS,2026-05-21,DAL,short,-2.4999991059303284,1,1.8285550855351815,-277.54076372203275,13.657110171070372,-291.1978738931031,-291.1978738931031,56571.101710703624,15994568.111342872,59588881.63630501
V4,1.0,IS,2026-05-21,OXY,short,-2.4999991059303284,2,-1.7099049214600752,203.28973293898028,13.41980984292016,189.86992309606012,189.86992309606012,54198.098429201505,32104389.22426671,87137364.8276349
V4,1.0,IS,2026-05-21,ZIM,long,2.4999991059303284,1,0.9260574581609389,-35.59217772112009,11.852114916321874,-47.44429263744196,-47.44429263744196,38521.149163218775,1100794.978807504,2517768.5370473326
V4,1.0,IS,2026-05-22,XOM,long,4.999998211860657,1,-1.049643758632566,44.74285848077398,6.099287517265132,38.64357096350885,38.64357096350885,40992.87517265132,45147839.84848116,212533398.37993497
V4,1.0,IS,2026-05-22,CRCL,short,-4.000002145767212,1,2.05497036684511,242.17630443684183,14.109940733690223,228.0663637031516,228.0663637031516,61099.40733690219,62440563.131348625,197752488.55370587
V4,1.0,IS,2026-05-22,GLXY,short,-4.000002145767212,1,3.5797285762458197,279.8403268727643,17.159457152491655,262.68086972027265,262.68086972027265,91594.5715249164,3194700.597478991,16622530.390427588
V4,1.0,IS,2026-05-22,HOOD,short,-4.000002145767212,1,2.940479269197371,326.8507544120389,15.880958538394736,310.96979587364416,310.96979587364416,78809.58538394741,52556847.32770412,162558971.92169866
V4,1.0,IS,2026-05-22,JETS,long,2.2499993443489075,2,1.9317819143082346,-1.5694127130902544,7.86356382861647,-9.432976541706724,-9.432976541706724,58635.638286164685,1953519.5198296162,7373728.418320082
V4,1.0,IS,2026-05-22,LMT,short,-2.2499993443489075,2,0.06530801178133919,-159.46837068805903,4.1306160235626805,-163.5989867116217,-163.5989867116217,21306.160235626783,11655516.403694643,46580823.58530895
V4,1.0,IS,2026-05-22,OXY,long,2.2499993443489075,2,-1.6967119404555624,8.223286515891742,13.393423880911126,-5.170137365019384,-5.170137365019384,53934.238809111244,20848078.527911887,55321464.89343073
V4,1.0,IS,2026-05-26,JETS,long,8.750001341104507,2,1.9839711647618605,191.56026802361353,7.967942329523709,183.59232569408982,183.59232569408982,59679.42329523721,7361005.175881779,24659714.621721834
V4,1.0,IS,2026-05-26,OXY,short,-6.750001013278961,2,-1.7020516759413282,150.4063244198152,13.404103351882668,137.00222106793254,137.00222106793254,54041.03351882657,38559779.161828995,90688862.77621064
V4,1.0,IS,2026-05-26,CCL,long,5.0000011920928955,1,3.0126644844041266,-57.835458900660065,16.025328968808246,-73.86078786946831,-73.86078786946831,80253.28968808253,36215507.804016925,92873474.42907345
V4,1.0,IS,2026-05-26,CRCL,long,5.0000011920928955,1,2.114779525260878,-730.4523956814786,14.229559050521743,-744.6819547320003,-744.6819547320003,62295.59050521756,114956010.53032708,352291005.89544857
V4,1.0,IS,2026-05-26,GLXY,long,5.0000011920928955,1,3.5287438481919375,87.3184627166318,17.057487696383873,70.26097502024793,70.26097502024793,90574.87696383875,5392012.851314318,22127858.320057817
V4,1.0,IS,2026-05-26,HOOD,long,5.0000011920928955,1,2.980322666861293,-75.5285629435977,15.960645333722582,-91.48920827732029,-91.48920827732029,79606.45333722586,87212217.53837958,279400536.1947443
V4,1.0,IS,2026-05-26,BMNR,long,3.0000001192092896,1,3.4169006369052526,-62.656766911288855,16.833801273810508,-79.49056818509936,-79.49056818509936,88338.01273810504,37378997.60095071,111758414.88067031
V4,1.0,IS,2026-05-26,ETHA,long,3.0000001192092896,1,2.142089945891507,-213.9077398351004,8.284179891783026,-222.1919197268834,-222.19191972688344,62841.798917830136,11923487.148945423,43939784.800571404
V4,1.0,IS,2026-05-26,RTX,long,3.0000001192092896,1,0.5882862902660388,55.34143767631395,5.176572580532074,50.16486509578188,50.16486509578188,31765.725805320777,21673346.70654272,52465436.40425251
V4,1.0,IS,2026-05-26,XOM,short,-3.0000001192092896,1,-1.0651647502723398,230.52961708935578,6.13032950054469,224.3992875888111,224.39928758881112,41303.295005446795,58925671.29929046,153091989.77754232
V4,1.0,IS,2026-05-27,XOM,short,-6.999999284744263,1,-1.0694157609408739,-46.12199568754691,6.138831521881748,-52.260827209428655,-52.260827209428655,41388.31521881748,66106665.45443542,215914894.72764587
V4,1.0,IS,2026-05-27,OXY,short,-4.499998688697815,2,-1.69492451468169,-42.865412877230604,13.389849029363383,-56.25526190659399,-56.255261906593994,53898.490293633804,34915231.97186441,83030165.51047352
V4,1.0,IS,2026-05-27,CRCL,short,-2.0000040531158447,1,1.9733874165603456,20.29275286558941,13.946774833120692,6.345978032468718,6.345978032468718,59467.74833120691,46074012.69723947,141307258.72937334
V4,1.0,IS,2026-05-27,GLXY,short,-2.0000040531158447,1,3.481519912483437,-157.71095100978312,16.96303982496687,-174.67399083475,-174.67399083475,89630.39824966874,3147263.424034804,10143030.85579261
V4,1.0,IS,2026-05-27,HOOD,short,-2.0000040531158447,1,2.938351951983195,-327.88885198081493,15.876703903966416,-343.76555588478135,-343.76555588478135,78767.0390396639,65784076.040356085,305580434.08097297
V4,1.0,IS,2026-05-28,JETS,short,-3.999999910593033,2,1.9680561514891952,-96.86182534856471,7.936112302978387,-104.7979376515431,-104.7979376515431,59361.12302978391,8668977.117881263,22365237.40166095
V4,1.0,IS,2026-05-28,OXY,long,3.999999165534973,2,-1.68675137836246,25.958412877588096,13.37350275672492,12.584910120863176,12.584910120863176,53735.02756724919,17688915.42788731,59988266.56579569
V4,1.0,IS,2026-05-28,IBIT,short,-3.5250003449618816,4,1.5182825126973005,47.74794373860131,7.0365650253946015,40.711378713206706,40.711378713206706,50365.65025394601,103750621.45312084,295807388.8169363
V4,1.0,IS,2026-05-28,MARA,short,-3.020000383257866,5,2.831173284171323,82.47288617027046,15.662346568342642,66.81053960192781,66.81053960192781,76623.46568342646,23854018.307361104,96844125.3822065
V4,1.0,IS,2026-05-28,MSTR,short,-3.020000383257866,5,2.7504990780612117,-18.276455113561788,15.500998156122428,-33.777453269684216,-33.777453269684216,75009.98156122424,159270600.2418192,454076140.5714089
V4,1.0,IS,2026-05-28,COIN,short,-2.3000003503901616,7,2.5352070410267085,-541.682663044799,15.07041408205339,-556.7530771268524,-556.7530771268524,70704.14082053417,63845885.353559494,230727705.22615507
V4,1.0,IS,2026-05-28,CCL,short,-2.000001072883606,1,2.9796301738079496,-45.10909896707032,15.959260347615903,-61.06835931468622,-61.06835931468623,79592.603476159,29508488.70112506,73968734.77051911
V4,1.0,IS,2026-06-01,DAL,short,-7.500000298023224,1,1.895472797521484,26.463880417226996,13.790945595042968,12.672934822184027,12.672934822184027,57909.455950429685,21104858.479336753,100436636.9960748
V4,1.0,IS,2026-06-01,ZIM,long,7.500000298023224,1,0.8212951127958201,490.2472829835602,11.642590225591618,478.60469275796856,478.6046927579686,36425.9022559164,2036382.3874281615,5598108.697026153
V4,1.0,IS,2026-06-01,CRCL,short,-6.000000238418579,1,2.113804098452909,441.8713348838524,14.227608196905805,427.6437266869466,427.6437266869466,62276.08196905818,100153782.34997092,266966857.4194619
V4,1.0,IS,2026-06-01,GLXY,short,-6.000000238418579,1,3.270413362980476,-607.7572012048012,16.540826725960983,-624.2980279307621,-624.2980279307621,85408.2672596095,3650781.516707972,19325394.80668685
V4,1.0,IS,2026-06-01,HOOD,short,-6.000000238418579,1,2.951409737991921,36.56484305533636,15.90281947598384,20.66202357935252,20.66202357935252,79028.19475983841,300840233.3973631,835076839.774356
V4,1.0,IS,2026-06-01,RTX,short,-4.0000006556510925,1,0.6131005982322285,195.11654622048434,5.226201196464444,189.8903450240199,189.8903450240199,32262.011964644567,34795220.39719707,91589718.04183678
V4,1.0,IS,2026-06-01,XOM,long,3.999999165534973,1,-1.1125806807933687,211.18228894970912,6.225161361586743,204.95712758812238,204.95712758812238,42251.613615867376,75251711.51150964,276486434.90419424
V4,1.0,IS,2026-06-01,OXY,long,3.749997913837433,2,-1.7453251978458668,240.0755192528266,13.490650395691745,226.58486885713486,226.58486885713486,54906.50395691734,35152157.40202686,128466901.43053289
V4,1.0,IS,2026-06-01,LMT,short,-3.500000387430191,2,0.10859565374278339,146.40379158034156,4.217191307485564,142.186600272856,142.186600272856,22171.91307485567,830608.2878080532,53858012.25782087
V4,1.0,IS,2026-06-02,XOM,short,-5.0000011920928955,1,-1.1094305091799992,-78.07549759857663,6.218861018360002,-84.29435861693663,-84.29435861693663,42188.61018359999,50781538.354379974,129952727.71175687
V4,1.0,IS,2026-06-02,IBIT,short,-4.050000663846731,4,1.4064755930743187,284.5815534682995,6.812951186148666,277.7686022821508,277.7686022821508,48129.511861486375,116405823.19178925,340080968.5234925
V4,1.0,IS,2026-06-02,RTX,short,-3.999999165534973,1,0.5829364523622735,-4.943377595801271,5.165872904724546,-10.109250500525818,-10.109250500525818,31658.72904724547,18587483.663099494,57458163.11692931
V4,1.0,IS,2026-06-02,MARA,short,-3.240000531077385,5,2.557705604037429,277.30255808765145,15.115411208074875,262.1871468795766,262.1871468795766,71154.11208074857,38234031.29545544,92958328.38058627
V4,1.0,IS,2026-06-02,MSTR,short,-3.240000531077385,5,2.567127205184664,543.5695448057629,15.134254410369294,528.4352903953936,528.4352903953936,71342.54410369328,200762759.59324735,689037241.0501883
V4,1.0,IS,2026-06-02,COIN,short,-2.242857590317726,7,2.450612828714916,258.39186786678033,14.90122565742982,243.4906422093505,243.4906422093505,69012.25657429831,55629631.316736445,209304599.97005343
V4,1.0,IS,2026-06-03,CRCL,long,6.000000238418579,1,2.1102684476125537,-779.1126283049018,14.22053689522511,-793.3331652001269,-793.3331652001269,62205.368952251076,86851294.42005068,270821055.01504916
V4,1.0,IS,2026-06-03,GLXY,long,6.000000238418579,1,3.043002933080032,220.76990265808013,16.086005866160065,204.68389679192006,204.68389679192006,80860.05866160065,8338129.806993853,30838497.65575587
V4,1.0,IS,2026-06-03,HOOD,long,6.000000238418579,1,2.9384758887108076,-269.32852169165,15.876951777421596,-285.2054734690716,-285.2054734690716,78769.51777421615,106461001.55542259,397237401.9206377
V4,1.0,IS,2026-06-03,XOM,long,2.000001072883606,1,-1.1531772861854421,78.87238106561867,6.3063545723708785,72.56602649324779,72.56602649324779,43063.54572370884,36336411.909329616,188123364.98848498
V4,1.0,IS,2026-06-04,DAL,long,4.499998688697815,1,1.7970976068013547,-215.6761498853015,13.594195213602717,-229.27034509890422,-229.2703450989042,55941.952136027096,11828543.77575975,40898177.68735083
V4,1.0,IS,2026-06-04,ZIM,short,-4.499998688697815,1,0.7691509329016526,-341.1122482267579,11.538301865803305,-352.6505500925612,-352.6505500925612,35383.01865803305,352897.29802206316,3407455.3593110177
V4,1.0,IS,2026-06-04,CRCL,short,-4.000002145767212,1,2.1564342377733774,179.62184074948289,14.312868475546765,165.30897227393612,165.30897227393612,63128.68475546755,57087004.51122092,193112972.45786712
V4,1.0,IS,2026-06-04,GLXY,short,-4.000002145767212,1,3.013760209451608,-122.88924160148765,16.027520418903222,-138.91676202039088,-138.91676202039088,80275.20418903216,12079358.753610551,34104155.39870192
V4,1.0,IS,2026-06-04,HOOD,short,-4.000002145767212,1,2.9970154683350048,-411.92379342070666,15.994030936670015,-427.9178243573767,-427.91782435737673,79940.3093667001,76415248.87310131,349194415.9315374
V4,1.0,IS,2026-06-04,IBIT,short,-3.9875010028481483,4,1.3615528579435636,28.30574552825064,6.7231057158871295,21.58263981236351,21.58263981236351,47231.05715887128,154283499.8170417,420894925.3628396
V4,1.0,IS,2026-06-04,MARA,short,-3.1900008022785187,5,2.319634113977744,-136.12623826018495,14.639268227955483,-150.76550648814043,-150.76550648814043,66392.68227955488,30060116.36089918,86624865.69405729
V4,1.0,IS,2026-06-04,MSTR,short,-3.1900008022785187,5,2.6100930125850605,-31.82063752648817,15.220186025170122,-47.04082355165829,-47.04082355165829,72201.8602517012,135656682.96244904,436843431.31700313
V4,1.0,IS,2026-06-04,COIN,short,-2.921429382903235,7,2.5202350328248224,167.42426721924747,15.040470065649657,152.3837971535978,152.3837971535978,70404.70065649645,74240657.63086744,212865982.8939597
V4,1.0,IS,2026-06-05,XOM,long,3.999999165534973,1,-1.1894229274312524,-364.6870836825729,6.378845854862504,-371.0659295374354,-371.0659295374354,43788.45854862504,44567798.36426063,168328072.31858498
V4,1.0,IS,2026-06-05,DAL,long,2.000001072883606,1,1.7826123415423336,394.56173095401437,13.565224683084693,380.9965062709297,380.9965062709297,55652.24683084667,7667106.668252147,25124888.389894746
V4,1.0,IS,2026-06-05,ZIM,short,-2.000001072883606,1,0.783958308739611,-80.47841666736525,11.567916617479227,-92.04633328484448,-92.04633328484448,35679.16617479222,472989.1181796319,4967863.622935541
V4,1.0,IS,2026-06-08,DAL,short,-8.99999886751175,1,1.5685615041544188,79.27951307616183,13.137123008308834,66.142390067853,66.142390067853,51371.23008308837,12579014.553786023,38272586.1627557
V4,1.0,IS,2026-06-08,ZIM,long,8.99999886751175,1,0.695408370310281,65.36000998109267,11.390816740620565,53.96919324047211,53.9691932404721,33908.16740620562,1164412.4574076845,4283498.6638027495
V4,1.0,IS,2026-06-08,CRCL,short,-6.999999284744263,1,2.434345223698647,41.15998516862514,14.868690447397295,26.291294721227846,26.291294721227843,68686.90447397294,60343779.95836972,160242019.31790143
V4,1.0,IS,2026-06-08,GLXY,short,-6.999999284744263,1,3.1986955426619414,-1782.2648396085847,16.39739108532399,-1798.6622306939087,-1798.6622306939087,83973.91085323882,18976996.527437244,74460067.54434285
V4,1.0,IS,2026-06-08,HOOD,short,-6.999999284744263,1,2.952105399554569,-210.47129716871868,15.904210799109137,-226.37550796782782,-226.3755079678278,79042.10799109138,95482653.04994383,288505768.26455593
V4,1.0,IS,2026-06-08,CCL,long,6.000000238418579,1,2.6564808738730106,82.18533212673006,15.312961747746016,66.87237037898404,66.87237037898404,73129.61747746021,14837564.245391948,65334495.197023705
V4,1.0,IS,2026-06-09,CRCL,short,-7.999998331069946,1,2.6195077398378888,-221.9303229374126,15.239015479675771,-237.16933841708837,-237.16933841708837,72390.15479675778,33536214.211690187,174415296.9162127
V4,1.0,IS,2026-06-09,GLXY,short,-7.999998331069946,1,3.25304965424391,-912.2359026967998,16.50609930848782,-928.7420020052876,-928.7420020052876,85060.9930848782,10867405.382337006,50840519.772599086
V4,1.0,IS,2026-06-09,HOOD,short,-7.999998331069946,1,3.0023729484453616,-21.108840608561678,16.004745896890725,-37.1135865054524,-37.1135865054524,80047.45896890723,74193509.48665331,295201327.54731274
V4,1.0,IS,2026-06-10,DAL,short,-5.0000011920928955,1,1.5619707495435307,184.56118391550964,13.123941499087067,171.43724241642258,171.43724241642258,51239.41499087062,13145855.698483588,40682566.97715659
V4,1.0,IS,2026-06-10,ZIM,long,5.0000011920928955,1,0.6342208686835997,-67.3698836179971,11.268441737367198,-78.6383253553643,-78.6383253553643,32684.417373671993,562312.0373736769,1763631.4755614
V4,1.0,IS,2026-06-10,CCL,short,-2.000001072883606,1,2.5320608104433893,199.19126469244216,15.064121620886766,184.1271430715554,184.1271430715554,70641.21620886779,29580749.85814952,72178183.30721894
V4,1.0,IS,2026-06-10,XOM,long,2.000001072883606,1,-0.9173516594888698,-137.38267715092962,5.834703318977745,-143.21738046990737,-143.21738046990737,38347.033189777394,94608180.22983481,222832231.0561172
V4,1.0,IS,2026-06-11,JETS,short,-5.749998241662979,2,1.6876742097541089,-440.9389165094646,7.375348419508214,-448.3142649289728,-448.3142649289728,53753.48419508217,945667.6763546793,8846270.491449824
V4,1.0,IS,2026-06-11,RTX,short,-3.0000001192092896,1,0.5870501287359474,-275.6194687115037,5.174100257471878,-280.7935689689756,-280.7935689689756,31741.002574718947,25624766.069878705,101774839.5867565
V4,1.0,IS,2026-06-11,LMT,long,2.99999937415123,2,0.11833800006212407,365.2482325460768,4.236676000124248,361.01155654595254,361.01155654595254,22366.76000124248,12969206.151463542,62633395.96976709
V4,1.0,IS,2026-06-11,CCL,long,2.000001072883606,1,2.588980610359684,642.8477040682931,15.17796122071934,627.6697428475737,627.6697428475737,71779.61220719368,23202565.65452174,77481886.79978667
V4,1.0,IS,2026-06-12,XOM,short,-3.999999165534973,1,-0.9631221732587043,-106.37983289516848,5.926244346517407,-112.30607724168588,-112.3060772416859,39262.44346517409,67820829.47930956,220173444.18902633
V4,1.0,IS,2026-06-15,DAL,long,9.000000357627869,1,1.7725245075890952,-296.3459549647462,13.545049015178165,-309.8910039799244,-309.8910039799244,55450.4901517819,62032564.10574862,162367551.7405425
V4,1.0,IS,2026-06-15,ZIM,short,-9.000000357627869,1,0.6842782012151457,351.7881316413305,11.368556402430272,340.4195752389002,340.4195752389002,33685.56402430292,3300377.79948063,10339176.944942571
V4,1.0,IS,2026-06-15,JETS,long,6.000000610947609,2,1.8026942842267855,-145.55065055269435,7.605388568453577,-153.15603912114793,-153.15603912114793,56053.88568453571,10317718.015071126,27659652.625458635
V4,1.0,IS,2026-06-15,CCL,short,-6.000000238418579,1,2.7188854367844044,195.3360906224782,15.437770873568809,179.8983197489094,179.8983197489094,74377.7087356881,87661791.58836414,178614971.83795035
V4,1.0,IS,2026-06-15,OXY,short,-4.250000417232513,2,-1.3421737879357065,-239.1246888151992,12.684347575871413,-251.8090363910706,-251.80903639107063,46843.475758714136,31917806.229339,116519218.490986
V4,1.0,IS,2026-06-15,LMT,short,-3.999999538064003,2,0.28319972606681526,102.10138142009043,4.5663994521336235,97.53498196795681,97.53498196795681,25663.994521336306,2291460.253513791,72111242.83815497
V4,1.0,IS,2026-06-15,XOM,short,-3.4999996423721313,1,-1.021491455060641,-125.48270316015218,6.042982910121296,-131.52568607027348,-131.52568607027348,40429.82910121282,201517050.93228933,623114290.1604738
V4,1.0,IS,2026-06-15,CRCL,long,2.999997138977051,1,2.6087459725650026,-35.369980059756585,15.217491945130007,-50.58747200488659,-50.58747200488659,72174.91945130005,62326398.02196263,298104031.13930905
V4,1.0,IS,2026-06-15,GLXY,long,2.999997138977051,1,3.420091948279425,-641.3681634954829,16.84018389655887,-658.2083473920418,-658.2083473920418,88401.8389655885,14480330.426379979,36144544.61582829
V4,1.0,IS,2026-06-15,HOOD,long,2.999997138977051,1,2.808047320486416,-162.688357973395,15.616094640972847,-178.30445261436785,-178.30445261436785,76160.94640972832,328628705.36362743,777044028.1045985
V4,1.0,IS,2026-06-16,CCL,long,9.49999988079071,1,2.714353014813284,277.47518983757874,15.42870602962654,262.0464838079522,262.0464838079522,74287.06029626568,46394751.70642285,104596383.33912422
V4,1.0,IS,2026-06-16,XOM,short,-3.0000001192092896,1,-1.0878473084591036,-59.86195037556454,6.1756946169182,-66.03764499248274,-66.03764499248274,41756.94616918207,112487847.18333584,264440173.3983383
V4,1.0,IS,2026-06-16,DAL,long,2.0000003278255463,1,1.7355275869162585,-134.63382324127448,13.471055173832525,-148.104878415107,-148.104878415107,54710.55173832517,28273694.5613141,80850334.45935681
V4,1.0,IS,2026-06-16,ZIM,short,-2.0000003278255463,1,0.5175877193687788,56.51892938129965,11.03517543873756,45.48375394256209,45.48375394256209,30351.754387375575,950621.9854992583,3919311.44499627
V4,1.0,IS,2026-06-17,CCL,short,-3.50000262260437,1,2.7014851469915233,10.25507105839131,15.402970293983046,-5.147899235591735,-5.147899235591735,74029.70293983047,35839870.30439709,113578579.5273034
V4,1.0,IS,2026-06-18,CRCL,short,-3.4999966621398926,1,2.727029341839649,-31.30677289596002,15.454058683679296,-46.760831579639316,-46.760831579639316,74540.58683679298,53668472.04545193,140764986.9859182
V4,1.0,IS,2026-06-18,GLXY,short,-3.4999966621398926,1,3.2738914308139306,-13.19778401934907,16.54778286162786,-29.74556688097693,-29.745566880976934,85477.82861627862,5406588.82336537,17620027.186269876
V4,1.0,IS,2026-06-18,HOOD,short,-3.4999966621398926,1,2.510025244571203,-71.34957054517886,15.020050489142406,-86.36962103432127,-86.36962103432127,70200.50489142406,256655829.459644,683525011.5077776
V4,1.0,IS,2026-06-22,GLD,short,-5.750000290572643,1,1.2257199519180477,-63.43777926222944,6.451439903836089,-69.88921916606553,-69.88921916606553,44514.399038360956,93816086.4711186,338741385.40248257
V4,1.0,IS,2026-06-22,CCL,long,5.4999977350234985,1,2.6739425945747084,-64.59184884953477,15.347885189149409,-79.93973403868418,-79.93973403868418,73478.85189149417,36679284.654954396,89445188.74854544
V4,1.0,IS,2026-06-22,IWM,short,-5.275000282563269,4,1.2428947766454124,-91.02890174857266,6.485789553290829,-97.5146913018635,-97.5146913018635,44857.89553290825,358337324.128843,1298408312.8258026
V4,1.0,IS,2026-06-22,XHB,short,-5.116666946560144,3,1.4093911751259234,68.34546782718276,6.818782350251844,61.526685476930915,61.526685476930915,48187.82350251847,5192764.470114593,53926749.548164815
V4,1.0,IS,2026-06-22,CRCL,short,-4.500001668930054,1,2.526507328074323,56.093391804263405,15.053014656148648,41.04037714811476,41.04037714811476,70530.14656148646,38559075.57813414,165120448.6913832
V4,1.0,IS,2026-06-22,GLXY,short,-4.500001668930054,1,3.2724727288853313,276.7089640061213,16.544945457770666,260.1640185483506,260.1640185483506,85449.45457770662,11209911.734759266,32714754.351206876
V4,1.0,IS,2026-06-22,HOOD,short,-4.500001668930054,1,2.474634327418975,101.82529020936252,14.949268654837951,86.87602155452457,86.87602155452457,69492.6865483795,156243346.15681118,558898853.4030709
V4,1.0,IS,2026-06-22,XOM,long,4.500000178813934,1,-1.0816371217323846,-56.112362092427986,6.16327424346477,-62.275636335892756,-62.275636335892756,41632.7424346477,53117352.36788738,174959849.6701703
V4,1.0,IS,2026-06-22,OXY,long,3.7499986588954926,2,-1.288081791062267,-63.13321467575413,12.576163582124536,-75.70937825787867,-75.70937825787867,45761.63582124535,13333221.216679048,57301202.247282185
V4,1.0,IS,2026-06-24,CCL,long,4.500001668930054,1,2.831399569644536,-57.51944656509609,15.662799139289078,-73.18224570438517,-73.18224570438517,76627.99139289072,50229003.36301493,147463528.54258505
V4,1.0,IS,2026-06-24,XOM,long,2.5000005960464478,1,-1.0810406148133525,-47.647417885578385,6.162081229626708,-53.80949911520509,-53.80949911520509,41620.812296267046,72428735.16867962,238677083.6289228
V4,1.0,IS,2026-06-25,OXY,short,-2.249997854232788,2,-1.1937572338603042,66.81280260418274,12.387514467720607,54.42528813646213,54.425288136462136,43875.14467720608,16636254.170329481,54554897.572465815
V4,1.0,IS,2026-06-25,DAL,long,2.0000003278255463,1,1.6302483350174852,196.81797134514755,13.260496670034968,183.5574746751126,183.5574746751126,52604.9667003497,22645307.740056194,99189967.49982466
V4,1.0,IS,2026-06-25,ZIM,short,-2.0000003278255463,1,0.4510253156176217,-15.144831273500516,10.902050631235243,-26.04688190473576,-26.04688190473576,29020.506312352438,389542.2770970803,2496695.5683720894
V4,1.0,IS,2026-06-26,CCL,long,3.0000001192092896,1,2.8657702986454248,288.6257192393613,15.73154059729086,272.8941786420704,272.8941786420704,77315.4059729085,29257813.472949974,70013682.7276968
V4,1.0,IS,2026-06-29,CCL,short,-5.4999977350234985,1,2.765336077060774,166.9374375064325,15.530672154121532,151.40676535231097,151.40676535231097,75306.72154121548,19186803.44498388,67325996.73584878
V4,1.0,IS,2026-06-29,RTX,long,4.999999701976776,1,0.25822563328684756,-30.193205705985083,4.516451266573693,-34.709656972558776,-34.709656972558776,25164.51266573695,17073783.219505176,47841065.042423464
V4,1.0,IS,2026-06-29,JETS,short,-3.500000387430191,2,1.675353308956029,73.30051698957074,7.350706617912053,65.94981037165869,65.94981037165869,53507.06617912058,1975599.2364939381,10857251.116553389
V4,1.0,IS,2026-06-29,LMT,long,3.4999996423721313,2,-0.026378354768284047,-128.43044094377643,4.052756709536567,-132.483197653313,-132.483197653313,20527.56709536568,11705653.987565696,32243096.243743617
V4,1.0,IS,2026-06-29,CRCL,long,3.0000001192092896,1,2.3728847656422296,-35.22520747543771,14.74576953128446,-49.97097700672217,-49.97097700672217,67457.69531284459,37145988.06934313,119548256.27593423
V4,1.0,IS,2026-06-29,GLXY,long,3.0000001192092896,1,3.129007918977325,-397.8541632348922,16.258015837954645,-414.11217907284686,-414.11217907284686,82580.1583795465,6311906.678118937,18606135.593622454
V4,1.0,IS,2026-06-29,HOOD,long,3.0000001192092896,1,2.3345886319253117,-21.828939057308567,14.66917726385062,-36.49811632115919,-36.49811632115919,66691.77263850624,97091514.56172125,333890388.9663678
V4,1.0,IS,2026-06-29,OXY,long,2.5000005960464478,2,-1.2192697995085868,-111.86898140747363,12.438539599017176,-124.3075210064908,-124.3075210064908,44385.39599017174,15368308.567499904,54890854.30966582
V4,1.0,IS,2026-06-30,CRCL,short,-2.5000005960464478,1,2.446177462534307,1494.7043261936535,14.892354925068503,1479.811971268585,1479.811971268585,68923.54925068613,36259518.72368804,223649003.111401
V4,1.0,IS,2026-06-30,GLXY,short,-2.5000005960464478,1,2.9788372033813686,267.4875394615741,15.957674406762749,251.52986505481135,251.52986505481135,79576.74406762737,3459473.315166947,12393498.39643459
V4,1.0,IS,2026-06-30,HOOD,short,-2.5000005960464478,1,2.315709340864444,314.1946529475552,14.631418681728917,299.5632342658263,299.5632342658263,66314.18681728888,83370133.90139224,261855150.231349
V4,1.0,IS,2026-07-01,XOM,short,-7.000000774860382,1,-0.9856884881033534,10.573434065554174,5.971376976206707,4.6020570893474675,4.6020570893474675,39713.769762067066,44918285.904061,146155599.865857
V4,1.0,IS,2026-07-01,OXY,short,-2.5000013411045074,2,-1.1654418775998099,79.12845517661229,12.330883755199622,66.79757142141267,66.79757142141267,43308.8375519962,9337161.678347189,35262521.07648475
V4,1.0,IS,2026-07-02,CCL,long,3.999999165534973,1,2.569104612349359,-259.98796645071815,15.138209224698699,-275.12617567541685,-275.12617567541685,71382.09224698719,16450940.003948996,75334426.01927407
V4,1.0,IS,2026-07-02,RTX,short,-3.0000001192092896,1,0.22777212591443563,-229.72364061630628,4.455544251828883,-234.17918486813517,-234.17918486813517,24555.442518288713,26818944.545100637,114351646.58132304
V4,1.0,IS,2026-07-06,CRCL,long,6.499999761581421,1,2.1734279466286135,559.2080235729691,14.34685589325727,544.8611676797118,544.8611676797118,63468.55893257227,47628904.28797348,113996933.08277458
V4,1.0,IS,2026-07-06,GLXY,long,6.499999761581421,1,2.966315941026664,-53.952283027595506,15.932631882053336,-69.88491490964884,-69.88491490964884,79326.31882053328,3569963.456566854,19238569.196403507
V4,1.0,IS,2026-07-06,HOOD,long,6.499999761581421,1,2.172840014819469,481.31433989359317,14.345680029638913,466.96865986395426,466.9686598639542,63456.80029638938,94745116.08285958,398838104.6158098
V4,1.0,IS,2026-07-06,OXY,long,6.499999016523361,2,-1.1739307630891065,62.720233119920096,12.347861526178214,50.37237159374188,50.37237159374188,43478.61526178213,12910175.971475396,35590566.14165181
V4,1.0,IS,2026-07-06,JETS,short,-6.499998643994331,2,1.5324430235614883,47.890908326616405,7.064886047122975,40.82602227949343,40.82602227949343,50648.86047122977,1495411.1630547647,6746375.641173175
V4,1.0,IS,2026-07-06,XHB,long,5.200000603993733,3,1.3224375683405634,-172.48789108061567,6.644875136681122,-179.1327662172968,-179.1327662172968,46448.751366811266,1476680.0709450108,13588067.581443716
V4,1.0,IS,2026-07-06,CCL,long,4.000002145767212,1,2.570207352540357,-255.73452115272406,15.140414705080701,-270.87493585780476,-270.87493585780476,71404.14705080714,21608455.893508937,66698069.976438306
V4,1.0,IS,2026-07-06,IWM,long,3.9000004529953003,4,1.1285791577274455,-0.6356933075458374,6.257158315454891,-6.892851623000729,-6.892851623000729,42571.58315454891,162833107.58657613,818153213.6494571
V4,1.0,IS,2026-07-06,RTX,long,2.5000005960464478,1,0.19746824828551568,64.74840778359737,4.3949364965710345,60.35347128702634,60.35347128702634,23949.364965710312,33040080.20791445,65908807.43173095
V4,1.0,IS,2026-07-07,UAL,short,-8.000001311302185,1,1.7375588536779567,265.3326278931805,13.475117707355906,251.85751018582457,251.85751018582457,54751.177073559134,15101668.926425572,53280840.45894731
V4,1.0,IS,2026-07-07,CCL,long,3.50000262260437,1,2.2227283519161882,-172.8729451055942,14.445456703832377,-187.31840180942658,-187.31840180942658,64454.56703832377,10889315.60405004,40216720.85806069
V4,1.0,IS,2026-07-07,DAL,short,-3.500000759959221,2,1.4437837051880784,262.2768078720307,12.887567410376164,249.38924046165454,249.38924046165454,48875.674103761565,17002052.72166445,78274857.50433858
V4,1.0,IS,2026-07-08,UAL,short,-3.999999165534973,1,1.7767628235333974,-30.06698869636527,13.553525647066792,-43.62051434343206,-43.62051434343206,55535.256470667955,35675810.904028974,104617224.28674103
V4,1.0,IS,2026-07-08,JETS,short,-3.25000062584877,2,1.4676831896510085,64.43884949497216,6.9353663793020175,57.50348311567014,57.50348311567014,49353.663793020176,4205185.462861256,20443236.19832485
V4,1.0,IS,2026-07-08,OXY,long,3.25000062584877,2,-1.1189515254001376,159.02590586231716,12.23790305080027,146.7880028115169,146.7880028115169,42379.030508002754,52146958.93938961,133455542.1849425
V4,1.0,IS,2026-07-08,DAL,short,-2.99999937415123,2,1.503957398214732,-11.795651841854026,13.007914796429466,-24.803566638283492,-24.803566638283492,50079.14796429464,27519955.66876419,118716735.51583758
V4,1.0,IS,2026-07-08,CRCL,short,-2.000001072883606,1,2.6698114037915834,95.9335140784046,15.339622807583169,80.59389127082143,80.59389127082143,73396.22807583166,20454801.426336814,84720539.0313987
V4,1.0,IS,2026-07-08,GLXY,short,-2.000001072883606,1,3.224326685172954,-269.369679723517,16.44865337034588,-285.81833309386286,-285.81833309386286,84486.53370345909,7634294.64924281,25235750.46077854
V4,1.0,IS,2026-07-08,HOOD,short,-2.000001072883606,1,2.467723111501347,-169.89194962449653,14.935446223002685,-184.82739584749922,-184.82739584749922,69354.46223002694,99346802.18613411,324763211.1935088
V4,1.0,IS,2026-07-09,ZIM,short,-2.499999850988388,1,0.31501083397158924,209.13942181200602,10.630021667943168,198.50940014406285,198.50940014406285,26300.21667943178,370914.3103652279,1960173.2515438984
V4,1.0,IS,2026-07-10,CRCL,short,-4.499998688697815,1,2.4365991706335777,734.8518215850827,14.873198341267198,719.9786232438155,719.9786232438155,68731.98341267156,180630336.79434887,772918688.5744199
V4,1.0,IS,2026-07-10,GLXY,short,-4.499998688697815,1,3.17579945275213,547.2744955833194,16.35159890550426,530.9228966778152,530.9228966778152,83515.9890550426,4655720.491209133,23395620.45281839
V4,1.0,IS,2026-07-10,HOOD,short,-4.499998688697815,1,2.41581436756521,693.2626912545511,14.83162873513038,678.4310625194207,678.4310625194207,68316.2873513042,148218257.60327682,724704965.3173195
V4,1.0,IS,2026-07-10,KRE,short,-2.0000040531158447,1,0.2809297707399019,-25.479002556595713,4.5618595414798015,-30.040862098075515,-30.040862098075515,25618.595414798037,22552205.8327509,72587794.89800191
V4,1.0,IS,2026-07-13,CCL,long,6.999999284744263,1,2.3741270701533663,140.2831292555976,14.748254140306727,125.53487511529087,125.53487511529087,67482.54140306733,11278011.301494934,44262422.677743495
V4,1.0,IS,2026-07-13,CRCL,long,4.499998688697815,1,2.3404558621101845,-112.50453390056843,14.680911724220365,-127.1854456247888,-127.1854456247888,66809.11724220369,45793475.77543367,152767208.2123032
V4,1.0,IS,2026-07-13,GLXY,long,4.499998688697815,1,3.1142094475613975,-286.75702639303574,16.228418895122786,-302.98544528815853,-302.98544528815853,82284.18895122794,2443861.653287298,12689295.605866551
V4,1.0,IS,2026-07-13,HOOD,long,4.499998688697815,1,2.199118957704398,-29.57747759822816,14.398237915408796,-43.975715513636956,-43.975715513636956,63982.37915408796,109581157.68832186,400114542.82523286
V4,1.0,IS,2026-07-13,ZIM,long,3.4999996423721313,1,0.28802681075018494,-62.13174075656058,10.576053621500371,-72.70779437806095,-72.70779437806095,25760.536215003696,490347.02391409595,2752256.702184818
V4,1.0,IS,2026-07-13,JETS,short,-3.4999974071979523,2,1.454604536973265,98.63384348394372,6.909209073946528,91.7246344099972,91.7246344099972,49092.0907394653,1114351.2609459737,22496987.549359664
V4,1.0,IS,2026-07-13,OXY,long,2.9999975115060806,2,-1.1146829463885441,85.03824086321377,12.229365892777096,72.80887497043668,72.80887497043668,42293.658927770884,20527424.409569282,119733790.99234703
V4,1.0,IS,2026-07-13,DAL,short,-2.7499988675117493,2,1.434318905011541,127.96116455290806,12.868637810023074,115.09252674288498,115.09252674288498,48686.37810023082,27169343.59087469,89958299.85881864
V4,1.0,IS,2026-07-14,CRCL,short,-4.999998211860657,1,2.4002494970959067,-223.1458447541909,14.800498994191827,-237.94634374838273,-237.9463437483827,68004.98994191813,47473992.39977674,193988948.58224764
V4,1.0,IS,2026-07-14,GLXY,short,-4.999998211860657,1,3.2064480870078036,-105.5733665681394,16.412896174015614,-121.98626274215502,-121.98626274215502,84128.96174015607,4075149.108323184,17007871.924518522
V4,1.0,IS,2026-07-14,HOOD,short,-4.999998211860657,1,2.0731945115921113,-193.2556944351694,14.146389023184213,-207.40208345835362,-207.40208345835362,61463.890231842226,100437522.75712611,302063997.8657808
V4,1.0,IS,2026-07-14,CCL,short,-4.0000006556510925,1,2.360616561880176,33.952859378036344,14.721233123760353,19.23162625427599,19.23162625427599,67212.33123760352,13553489.27617662,39018294.15603854
V4,1.0,IS,2026-07-14,XHB,short,-2.683333260938525,3,1.2895784732944091,42.30733107376946,6.579156946588817,35.728174127180644,35.728174127180644,45791.569465888184,10623594.746704806,36291034.873870105
V4,1.0,IS,2026-07-15,ZIM,short,-2.000001072883606,1,0.28835872696308534,-99.87994625697291,10.576717453926165,-110.45666371089908,-110.45666371089906,25767.17453926171,670830.6265134227,4490286.239873132
V4,1.0,IS,2026-07-15,XOM,short,-2.0000003278255463,1,-1.0187901850494838,33.910661842502066,6.0375803700989685,27.873081472403097,27.873081472403097,40375.80370098968,1866961.7883840306,127304974.64628683
V4,1.0,IS,2026-07-16,ZIM,long,4.999999701976776,1,0.29977344609003426,-144.58452838198505,10.599546892180058,-155.1840752741651,-155.1840752741651,25995.468921800686,1962770.0501991522,4640349.138399382
V4,1.0,IS,2026-07-16,DAL,short,-3.0000001192092896,2,1.4403562889111161,-202.3952842812777,12.880712577822237,-215.27599685909993,-215.27599685909996,48807.12577822232,15826198.982055323,38742948.21283231
V4,1.0,IS,2026-07-16,JETS,short,-2.99999937415123,2,1.426002316276927,-141.3132889373555,6.852004632553843,-148.16529356990935,-148.16529356990935,48520.04632553854,819696.2985368574,7933173.631348206
V4,1.0,IS,2026-07-17,CRCL,short,-14.499998092651367,1,2.6223030134276915,-188.53994215531847,15.244606026855394,-203.78454818217386,-203.78454818217386,72446.06026855383,26719895.018229283,89996712.07989083
V4,1.0,IS,2026-07-17,GLXY,short,-14.499998092651367,1,3.315728609685017,-17.429905146080895,16.631457219370038,-34.06136236545093,-34.06136236545093,86314.57219370034,5196493.196056135,22980952.571259253
V4,1.0,IS,2026-07-17,HOOD,short,-14.499998092651367,1,2.174954848566513,72.67851354160157,14.349909697133029,58.328603844468546,58.32860384446855,63499.09697133026,190879666.48518258,614336469.2555059
V4,1.0,IS,2026-07-17,COIN,short,-2.124999649822712,8,2.190755905305937,-208.1979403848546,14.381511810611869,-222.57945219546647,-222.5794521954665,63815.118106118745,53076847.70709257,182036956.08947694
V4,1.0,IS,2026-07-20,GLD,long,3.100000135600567,1,1.2770096307007768,79.34737605325758,6.55401926140155,72.79335679185603,72.79335679185603,45540.192614015534,39178850.12513145,139353245.486481
V4,1.0,IS,2026-07-20,JETS,long,3.000001609325409,2,1.4006137848763247,76.66792061668087,6.801227569752655,69.86669304692822,69.86669304692822,48012.27569752649,513976.44920152787,6191908.460302336
V4,1.0,IS,2026-07-20,LMT,short,-2.499999850988388,2,-0.14965826687483152,31.47836726789084,4.299316533749664,27.179050734141175,27.17905073414117,22993.165337496634,9278450.019210596,43897378.272288
V4,1.0,IS,2026-07-21,CRCL,long,11.499997973442078,1,2.1773266951017654,251.33478331421082,14.354653390203538,236.9801299240073,236.9801299240073,63546.533902035306,137016501.87145686,335050870.75035536
V4,1.0,IS,2026-07-21,GLXY,long,11.499997973442078,1,3.046335938898665,339.81747889790523,16.09267187779733,323.7248070201079,323.7248070201079,80926.71877797329,5607337.230224358,17543544.760705426
V4,1.0,IS,2026-07-21,HOOD,long,11.499997973442078,1,2.204165669906176,286.9309640794346,14.408331339812378,272.5226327396222,272.5226327396222,64083.31339812352,135017657.8980869,385772665.00471354
V4,1.0,IS,2026-07-21,COIN,long,2.0874998532235622,8,1.9679907111850898,426.69063745515734,13.935981422370162,412.7546560327872,412.7546560327872,59359.8142237018,129629721.28940387,460640514.15305924
V4,1.0,IS,2026-07-21,CCL,short,-2.000001072883606,1,2.196957688053106,42.3713626305601,14.39391537610621,27.97744725445389,27.97744725445389,63939.153761062116,11844197.007566938,40589358.4636617
V4,1.0,IS,2026-07-22,CRCL,short,-6.999999284744263,1,2.2864739787723187,281.1230472245781,14.572947957544613,266.5500992670335,266.5500992670335,65729.47957544637,31274501.043727953,99858100.68509887
V4,1.0,IS,2026-07-22,GLXY,short,-6.999999284744263,1,3.1367000493515773,-119.22798136330825,16.273400098703164,-135.5013814620114,-135.5013814620114,82734.00098703154,3828355.869611759,12741395.866858143
V4,1.0,IS,2026-07-22,HOOD,short,-6.999999284744263,1,2.2417633422803718,45.08296023096894,14.483526684560744,30.5994335464082,30.599433546408203,64835.26684560744,40273955.02533487,162214146.1205247
V4,1.0,IS,2026-07-22,ZIM,short,-3.999999165534973,1,0.31782915052300975,-36.85059293653336,10.635658301046021,-47.48625123757938,-47.48625123757938,26356.583010460196,210161.20071271397,1810725.5417176322
V4,1.0,IS,2026-07-22,JETS,short,-2.000001072883606,2,1.4777047736876585,45.05097872527593,6.955409547375318,38.095569177900614,38.095569177900614,49554.09547375317,1051008.8712620789,4362723.450254604
V4,1.0,IS,2026-07-23,ZIM,long,2.99999862909317,1,0.32873885599467634,249.02420854611296,10.657477711989344,238.36673083412362,238.36673083412364,26574.77711989353,740979.8458144334,2095728.2448708147
V4,1.0,IS,2026-07-23,CRCL,long,2.000001072883606,1,2.3440475665773133,-393.406029922544,14.688095133154604,-408.0941250556986,-408.0941250556986,66880.95133154627,34437241.495092735,87362153.97805604
V4,1.0,IS,2026-07-23,GLXY,long,2.000001072883606,1,3.204070116267052,199.21912357677192,16.408140232534095,182.81098334423783,182.81098334423783,84081.40232534106,1801825.1853975167,12953137.64658433
V4,1.0,IS,2026-07-23,HOOD,long,2.000001072883606,1,2.262107126656121,5.126012942957906,14.524214253312241,-9.398201310354334,-9.398201310354334,65242.14253312242,72007454.74150014,235068871.55278286
V4,1.0,IS,2026-07-27,RTX,long,6.50000125169754,1,-0.03974846215383239,185.27235066627603,4.079496924307676,181.19285374196835,181.19285374196835,20794.969243076648,45347493.80809875,133700360.29851806
V4,1.0,IS,2026-07-27,JETS,long,6.000000238418579,2,1.5197387309459933,137.95351228839266,7.039477461891977,130.91403482650068,130.91403482650068,50394.774618919866,3144559.984209648,9395994.365755925
V4,1.0,IS,2026-07-27,ZIM,short,-6.000000238418579,1,0.23652453251990346,97.90436894989485,10.473049065039802,87.43131988485504,87.43131988485504,24730.49065039807,494950.68195203843,1014996.5123777193
V4,1.0,IS,2026-07-27,CRCL,long,5.0000011920928955,1,2.4428095075342764,510.61315470746047,14.885619015068528,495.72753569239194,495.72753569239194,68856.19015068552,19379740.723078363,111715433.90409134
V4,1.0,IS,2026-07-27,GLXY,long,5.0000011920928955,1,3.231513779450382,82.43040386337267,16.463027558900762,65.96737630447191,65.96737630447191,84630.27558900764,1764102.5178859872,10629965.310763424
V4,1.0,IS,2026-07-27,HOOD,long,5.0000011920928955,1,2.2490820939986884,41.72428116787113,14.498164187997375,27.22611697987376,27.22611697987376,64981.641879973766,49086564.6173595,232508393.353886
V4,1.0,IS,2026-07-27,DAL,long,4.999999701976776,2,1.5493710382858896,99.48579010990007,13.098742076571781,86.38704803332828,86.38704803332828,50987.4207657178,47961789.79149952,88033236.18127453
V4,1.0,IS,2026-07-27,XOM,short,-4.999999701976776,1,-0.9308074778337188,-37.46139404727105,5.8616149556674415,-43.32300900293849,-43.32300900293849,38616.149556674376,78373419.68060844,248990751.24337372
V4,1.0,IS,2026-07-27,OXY,short,-4.500000923871994,2,-0.9809376752294032,189.19395435430016,11.961875350458797,177.23207900384136,177.23207900384136,39618.753504588065,21603853.337772254,67002230.177556776
V4,1.0,IS,2026-07-27,UAL,long,3.999999165534973,1,1.9662035596474574,38.25451175545922,13.932407119294915,24.322104636164305,24.322104636164305,59324.07119294915,36038870.9102282,75701485.11851622
V4,1.0,IS,2026-07-28,XOM,short,-6.749999523162842,2,-0.9239391229096303,43.293586042785684,5.84787824581926,37.445707796966424,37.445707796966424,38478.7824581926,56905907.30390264,193655988.9436728
V4,1.0,IS,2026-07-28,UAL,long,6.25,2,1.959813409009337,208.84035412875403,13.919626818018685,194.92072731073534,194.92072731073534,59196.268180186744,9844733.554414064,43201017.65336186
V4,1.0,IS,2026-07-28,DAL,long,4.166666666666667,3,1.5442061459628698,251.40393598434665,13.08841229192575,238.3155236924209,238.31552369242092,50884.122919257396,10761487.413057122,50237370.50401533
V4,1.0,IS,2026-07-28,CRCL,short,-2.000001072883606,1,2.440247450379993,-306.06179302513806,14.88049490075997,-320.94228792589803,-320.94228792589803,68804.94900759986,22265229.17823796,69076180.89803813
V4,1.0,IS,2026-07-28,GLXY,short,-2.000001072883606,1,3.2246702112232186,389.80326072198505,16.449340422446426,373.35392029953863,373.35392029953863,84493.40422446436,5083955.389943786,19233786.687175766
V4,1.0,IS,2026-07-28,HOOD,short,-2.000001072883606,1,2.2213603379761704,34.77020960090281,14.44272067595234,20.32748892495047,20.32748892495047,64427.20675952341,94051662.13808559,305831399.0474106
V4,1.0,IS,2026-07-29,CRCL,short,-7.0000022649765015,1,2.5903307131170537,-70.08812691697723,15.18066142623411,-85.26878834321134,-85.26878834321134,71806.61426234107,11964603.213438293,40558970.62161745
V4,1.0,IS,2026-07-29,GLXY,short,-7.0000022649765015,1,3.067815319274831,859.281509515546,16.135630638549628,843.1458788769963,843.1458788769964,81356.30638549662,9874010.507648945,16354713.781016227
V4,1.0,IS,2026-07-29,HOOD,short,-7.0000022649765015,1,2.209314517830249,-22.74580631764219,14.418629035660501,-37.16443535330269,-37.16443535330269,64186.29035660498,36463906.922994606,152037410.76016912
V4,1.0,IS,2026-07-29,RTX,short,-3.4999996423721313,1,-0.0841377050688305,224.16618775112386,4.168275410137653,219.9979123409862,219.9979123409862,21682.75410137661,28695163.67067632,89836920.76563202
V4,1.0,IS,2026-07-29,UAL,short,-3.0000023543834686,2,1.987575021131957,-232.65667275220954,13.97515004226392,-246.63182279447346,-246.63182279447346,59751.50042263915,18231724.050905555,57879963.80703757
V4,1.0,IS,2026-07-29,DAL,short,-3.000001609325409,3,1.5390890714776388,-118.85805280892906,13.07817814295528,-131.93623095188434,-131.93623095188434,50781.78142955277,41440427.71123159,71113244.05725107
V4,1.0,IS,2026-07-29,ZIM,long,3.0000001192092896,1,0.1924316930647261,230.35249473052662,10.384863386129467,219.96763134439715,219.96763134439712,23848.633861294522,298142.372158785,2369089.741040817
V4,1.0,IS,2026-07-29,JETS,short,-2.249998599290848,2,1.51991453968285,-134.7738104867683,7.039829079365688,-141.813639566134,-141.813639566134,50398.290793657,3800632.6198480586,15157040.64337868
V4,1.0,IS,2026-07-30,RTX,long,3.4999996423721313,1,0.0005434236452046729,-5.170140408481979,4.001086847290409,-9.171227255772388,-9.171227255772388,20010.868472904094,31586562.323514145,105724525.94700344
V4,1.0,IS,2026-07-30,LMT,long,2.749999612569809,2,-0.36262791194941035,177.16337814338442,4.725255823898834,172.4381223194856,172.4381223194856,27252.55823898821,31846205.736270107,84887196.48104538
V4,1.0,IS,2026-07-30,UAL,short,-2.499997615814209,2,2.0114809916374567,14.066153631975345,14.022961983274914,0.04319164870043046,0.04319164870043046,60229.61983274914,9355564.246342495,42630332.82540919
V4,1.0,IS,2026-07-30,JETS,short,-2.0000018179416656,2,1.545070130950348,20.41047883143552,7.090140261900697,13.320338569534822,13.320338569534822,50901.40261900696,1421066.067992229,8033212.483471261
V4,1.0,IS,2026-07-31,CRCL,short,-4.0000006556510925,1,2.781408903724131,103.47214877714728,15.562817807448255,87.90933096969903,87.90933096969903,75628.17807448262,29316138.129830606,114524760.56261133
V4,1.0,IS,2026-07-31,GLXY,short,-4.0000006556510925,1,3.857983782172316,761.6468787492522,17.715967564344623,743.9309111849076,743.9309111849076,97159.67564344632,3962210.064656203,18412094.851865493
V4,1.0,IS,2026-07-31,HOOD,short,-4.0000006556510925,1,1.9762749891372342,5.558302795996891,13.952549978274469,-8.394247182277578,-8.394247182277578,59525.499782744686,139826964.42777747,388649021.47347075
V4,1.0,IS,2026-08-03,UAL,long,7.249998301267624,2,1.8895172246403535,37.844526890720395,13.779034449280708,24.065492441439687,24.065492441439687,57790.34449280707,35429958.75626889,132029005.06712855
V4,1.0,IS,2026-08-03,XOM,short,-5.749998614192009,2,-0.9392827562463834,-207.08691027621663,5.87856551249277,-212.9654757887094,-212.96547578870937,38785.65512492767,62874956.20253298,206001800.66700733
V4,1.0,IS,2026-08-03,DAL,long,5.499998728434245,3,1.5036209595825258,102.25605157906944,13.007241919165054,89.24880965990438,89.24880965990438,50072.41919165052,37057922.271696225,88189482.04442771
V4,1.0,IS,2026-08-03,CCL,long,5.0000011920928955,1,1.9212334392876638,-117.900446250048,13.842466878575337,-131.74291312862334,-131.74291312862334,58424.66878575328,37769069.22836376,83562959.32224631
V4,1.0,IS,2026-08-03,JETS,long,4.500000178813934,2,1.4572558401662787,20.76897578481545,6.9145116803325575,13.854464104482892,13.854464104482892,49145.116803325574,4501318.474068398,18972652.23637139
V4,1.0,IS,2026-08-03,OXY,short,-4.4999998062849045,2,-0.9340118185290756,-72.91389042033646,11.868023637058144,-84.7819140573946,-84.7819140573946,38680.23637058151,20867860.54054278,64294861.07169917
V4,1.0,IS,2026-08-03,LMT,short,-2.5000005960464478,2,-0.2583210654243577,-76.01114314994935,4.516642130848709,-80.52778528079806,-80.52778528079806,25166.421308487155,20588827.355703022,59773524.82857101
V4,1.0,IS,2026-08-03,RTX,short,-2.000001072883606,1,-0.030392086271657646,-7.4932171816871636,4.060784172543316,-11.55400135423048,-11.55400135423048,20607.84172543315,20315960.230239946,58293095.60393717
V4,1.0,IS,2026-08-04,UAL,long,6.999997794628143,2,1.8603964325197708,-227.2167450551662,13.720792865039527,-240.93753792020573,-240.93753792020573,57207.92865039541,37026813.995620064,76952992.91586089
V4,1.0,IS,2026-08-04,DAL,long,4.666665196418762,3,1.5410514337470183,-245.2578847958345,13.08210286749403,-258.33998766332854,-258.33998766332854,50821.02867494037,30195888.226420265,58804802.502426244
V4,1.0,IS,2026-08-04,XOM,short,-4.499998688697815,2,-0.825542530884671,-270.25590421736365,5.651085061769322,-275.906989279133,-275.906989279133,36510.85061769342,7720569.43529868,266303037.75442782
V4,1.0,IS,2026-08-04,TLT,long,3.4999996423721313,1,0.2501679918665507,-13.15014670750579,4.500335983733102,-17.650482691238892,-17.650482691238892,25003.359837331012,62578053.51020806,362155531.9259032
V4,1.0,IS,2026-08-04,CCL,short,-3.0000001192092896,1,1.8168052796463898,161.57704568111419,13.633610559292777,147.9434351218214,147.9434351218214,56336.1055929278,41130439.09103676,101603081.92803247
V4,1.0,IS,2026-08-04,JETS,long,2.500002086162567,2,1.454876362865339,-112.63370576844154,6.909752725730684,-119.54345849417223,-119.54345849417223,49097.527257306785,5627166.588626727,13625131.386258861
V4,1.0,IS,2026-08-05,CRCL,short,-10.999999940395355,1,2.5178728899493272,-423.5915376744124,15.035745779898662,-438.62728345431105,-438.62728345431105,70357.45779898655,101726275.50627075,239827958.97122678
V4,1.0,IS,2026-08-05,GLXY,short,-10.999999940395355,1,3.5905341092920726,409.08059392769127,17.18106821858413,391.89952570910714,391.89952570910714,91810.68218584145,18612831.77314995,49245328.40356174
V4,1.0,IS,2026-08-05,HOOD,short,-10.999999940395355,1,1.9835724600339277,-33.307128840628465,13.967144920067852,-47.27427376069632,-47.27427376069632,59671.44920067856,47833180.750124514,214952136.55366802
V4,1.0,IS,2026-08-06,ZIM,long,3.500000387430191,1,0.2557889365860784,-206.23784044827258,10.511577873172172,-216.74941832144475,-216.74941832144475,25115.778731721566,655209.5176774187,2387524.00393598
V4,1.0,IS,2026-08-07,CRCL,short,-3.0000001192092896,1,2.457246631129195,-81.32292878698058,14.91449326225839,-96.23742204923897,-96.23742204923897,69144.9326225839,39563272.37395713,154846911.03709918
V4,1.0,IS,2026-08-07,GLXY,short,-3.0000001192092896,1,3.6154149981460844,244.03238109334336,17.230829996292158,226.8015510970512,226.8015510970512,92308.2999629217,6112208.665103823,18619549.93207266
V4,1.0,IS,2026-08-07,HOOD,short,-3.0000001192092896,1,1.9983335479579638,16.677865514514966,13.996667095915928,2.6811984185990383,2.6811984185990383,59966.67095915928,65920048.902713865,203094000.44369552
V4,1.0,IS,2026-08-07,RTX,long,2.99999862909317,1,-0.06856776218532454,22.160693502224987,4.137135524370649,18.023557977854338,18.023557977854338,21371.35524370649,20917071.486464445,52142753.04819334
V4,1.0,IS,2026-08-10,UAL,short,-14.999999850988388,2,1.8836625295903067,367.73183636677066,13.76732505918062,353.96451130759004,353.96451130759004,57673.250591806136,11040122.85416197,42609871.063091144
V4,1.0,IS,2026-08-10,XOM,long,9.49999988079071,2,-0.820669601612706,347.2810246565071,5.641339203225414,341.6396854532817,341.6396854532817,36413.392032254116,65529290.22292714,257868399.74222675
V4,1.0,IS,2026-08-10,DAL,short,-7.6249998062849045,4,1.484034308018091,133.918843955068,12.968068616036177,120.95077533903184,120.95077533903182,49680.68616036182,18400404.25463165,38460686.51471934
V4,1.0,IS,2026-08-10,CRCL,long,6.999999284744263,1,2.4920587719391216,-16.32672638124203,14.984117543878245,-31.310843925120274,-31.310843925120274,69841.17543878243,27378256.319412977,93812379.28661375
V4,1.0,IS,2026-08-10,GLXY,long,6.999999284744263,1,3.6386267694137504,-522.8806443382094,17.277253538827495,-540.1578978770369,-540.1578978770369,92772.53538827502,2276922.2107637627,11397392.495711792
V4,1.0,IS,2026-08-10,HOOD,long,6.999999284744263,1,2.0002174310931986,124.83474853132182,14.000434862186395,110.83431366913543,110.83431366913543,60004.348621863974,36272908.46146745,126058042.19296956
V4,1.0,IS,2026-08-10,OXY,long,6.250001490116119,2,-0.7898701474726021,363.23337968226946,11.579740294945225,351.65363938732423,351.65363938732423,35797.402949452044,18010540.61244352,77020711.52141356
V4,1.0,IS,2026-08-10,JETS,short,-5.750001966953278,2,1.473012485448643,238.7266958990203,6.946024970897298,231.78067092812302,231.78067092812304,49460.24970897286,1588020.8077379882,8214903.731593319
V4,1.0,IS,2026-08-10,ZIM,short,-3.500000387430191,1,0.26832718260779953,367.69087123933025,10.536654365215611,357.15421687411464,357.15421687411464,25366.54365215599,4948158.901510097,10400393.22709899
V4,1.0,IS,2026-08-10,XLE,long,2.205882703556734,17,-0.5775168663492175,348.85866556122204,5.155033732698428,343.7036318285236,343.7036318285236,31550.337326984347,89840628.5069163,296712045.53073573
V4,1.0,OOS,2026-08-11,UAL,long,6.749998778104782,2,1.9106364477339948,206.1868513832485,13.821272895467985,192.3655784877805,192.3655784877805,58212.7289546799,7616372.085835382,33311159.51430711
V4,1.0,OOS,2026-08-11,XOM,short,-4.249998927116394,2,-0.8399857936229747,35.49129173109457,5.6799715872459515,29.81132014384862,29.81132014384862,36799.71587245949,35445590.321756504,143666876.35482463
V4,1.0,OOS,2026-08-11,CRCL,short,-3.0000001192092896,1,2.467046592513318,-446.808690534665,14.934093185026654,-461.74278371969166,-461.74278371969166,69340.93185026635,33766812.97765047,144845793.624571
V4,1.0,OOS,2026-08-11,GLXY,short,-3.0000001192092896,1,3.6748080762441213,131.92144763352937,17.349616152488238,114.57183148104113,114.57183148104113,93496.16152488242,7787060.816282937,17008098.6628203
V4,1.0,OOS,2026-08-11,HOOD,short,-3.0000001192092896,1,2.0318397099525662,-47.26981133048343,14.063679419905135,-61.33349075038856,-61.33349075038857,60636.79419905133,51062241.18800844,165149394.72615215
V4,1.0,OOS,2026-08-11,OXY,short,-2.4999991059303284,2,-0.8023160903353809,-56.61323374789485,11.604632180670762,-68.21786592856562,-68.21786592856562,36046.321806707616,29244369.51401017,54742614.00618512
V4,1.0,OOS,2026-08-11,DAL,long,2.399999499320984,5,1.4968179211657824,126.09965581838017,12.993635842331571,113.1060199760486,113.10601997604859,49936.35842331565,8392370.582401956,22930870.57807655
V4,1.0,OOS,2026-08-11,ITA,short,-2.3888888458410897,9,0.8900448276072793,-61.543844840460444,5.78008965521456,-67.323934495675,-67.323934495675,37800.89655214558,3972295.85993197,9310876.083597956
V4,1.0,OOS,2026-08-11,XLE,short,-2.055555416478051,18,-0.5912474619663819,-123.65162271336939,5.182494923932751,-128.83411763730214,-128.83411763730214,31824.949239327638,87813140.1915725,217320318.82741168
V4,1.0,OOS,2026-08-11,ZIM,long,2.0000003278255463,1,0.28434731614294245,-184.67155682001788,10.568694632285883,-195.24025145230377,-195.24025145230377,25686.946322858847,1171612.900691416,7653019.101672322
V4,1.0,OOS,2026-08-12,CRCL,short,-4.0000006556510925,1,2.4501867623549063,0.3356555867551573,14.900373524709813,-14.564717937954656,-14.564717937954654,69003.73524709813,84394395.2287403,173210008.5534954
V4,1.0,OOS,2026-08-12,GLXY,short,-4.0000006556510925,1,3.6036914829815676,208.54472156165156,17.20738296596312,191.33733859568844,191.33733859568844,92073.82965963134,9849127.328019343,18308971.45200252
V4,1.0,OOS,2026-08-12,HOOD,short,-4.0000006556510925,1,1.979091397800335,159.539905471383,13.958182795600663,145.58172267578234,145.58172267578234,59581.8279560067,69775393.34019208,222478505.21672702
V4,1.0,OOS,2026-08-12,TLT,long,2.000001072883606,1,0.260175744506092,-34.48872644218274,4.520351489012185,-39.00907793119492,-39.00907793119492,25203.514890121838,36584721.384067245,150902804.21385756
V4,1.0,OOS,2026-08-13,TLT,long,2.5000005960464478,1,0.22847100179242077,-9.849927357127694,4.456942003584842,-14.306869360712536,-14.306869360712538,24569.420035848416,35653930.91433867,247393801.18349263
V4,1.0,OOS,2026-08-14,AMZN,long,12.999999523162842,1,1.4303151157052065,-43.60421518899967,6.860630231410411,-50.46484542041008,-50.46484542041008,48606.302314104134,268469002.7651636,826338381.5246528
V4,1.0,OOS,2026-08-14,GOOGL,short,-4.449999809730798,4,1.3557975932038757,-13.057185023570465,6.711595186407752,-19.768780209978217,-19.768780209978217,47115.95186407751,236322086.18046376,749336546.6593688
V4,1.0,OOS,2026-08-14,UAL,short,-3.0000008642673492,2,1.8572932662581192,-11.340774841216497,13.71458653251624,-25.055361373732737,-25.055361373732737,57145.86532516238,7368315.522111925,34581819.44406564
V4,1.0,OOS,2026-08-14,TSLA,long,2.6999998837709427,1,2.8554325737178234,80.69536632317708,9.710865147435655,70.98450117574143,70.98450117574143,77108.65147435646,560898653.9027455,2948130871.202113
V4,1.0,OOS,2026-08-14,XOM,long,2.5000005960464478,2,-0.7927222970183891,0.9850747742631535,5.585444594036778,-4.600369819773625,-4.600369819773625,35854.44594036778,27792385.389419604,127101218.98950045
V4,1.0,OOS,2026-08-14,MSFT,long,2.499999850988388,2,1.1918865374405743,10.62015234979894,6.383773074881148,4.236379274917791,4.236379274917791,43837.73074881148,399825629.78161323,1003911616.7703142
V4,1.0,OOS,2026-08-17,UAL,short,-3.500000759959221,2,1.8139802701058407,132.67148309655005,13.627960540211689,119.04352255633836,119.04352255633836,56279.60540211682,5222712.968426208,20930104.813222695
V4,1.0,OOS,2026-08-17,XOM,long,3.0000004917383194,2,-0.7857302770556138,52.639309137555905,5.571460554111226,47.06784858344468,47.06784858344468,35714.60554111228,44911429.465188034,144001297.34408632
V4,1.0,OOS,2026-08-17,OXY,long,2.5000009685754776,2,-0.7270910541713542,60.36002051484647,11.454182108342707,48.90583840650376,48.90583840650376,34541.82108342709,10439425.524097396,28605535.883898232
V4,1.0,OOS,2026-08-17,JETS,short,-2.250000834465027,2,1.4358784361605734,115.13147984776134,6.871756872321143,108.2597229754402,108.25972297544021,48717.568723211465,1368064.7876895175,7721087.8698831685
V4,1.0,OOS,2026-08-17,TSLA,short,-2.0499996840953827,1,2.8604558892281027,-88.11548894130433,9.720911778456212,-97.83640071976055,-97.83640071976055,77209.11778456206,318022915.8966458,1284152069.7768276
V4,1.0,OOS,2026-08-17,TLT,long,2.000001072883606,1,0.23074304364827575,-38.512884556886455,4.461486087296549,-42.974370644183004,-42.974370644183004,24614.860872965517,28228473.055740543,129571196.17435509
V4,1.0,OOS,2026-08-18,UAL,short,-4.0000006556510925,2,1.6743479116018984,149.0247906448628,13.348695823203798,135.676094821659,135.676094821659,53486.95823203797,7254552.124596542,25158085.520938203
V4,1.0,OOS,2026-08-18,STNG,long,3.999999165534973,1,-0.11323904001537241,-128.86074815126457,10.226478080030745,-139.08722623129532,-139.08722623129532,22264.78080030745,1222955.0357792529,2651563.766415894
V4,1.0,OOS,2026-08-18,USO,long,3.999999165534973,1,-1.2474281074837135,-91.59713714961711,6.494856214967427,-98.09199336458454,-98.09199336458454,44948.562149674275,48784452.9209806,118473923.64570369
V4,1.0,OOS,2026-08-18,XOM,long,2.5000005960464478,2,-0.7239325122032928,65.12537927687922,5.447865024406582,59.67751425247263,59.67751425247263,34478.65024406585,120221892.55504929,299673756.1601875
V4,1.0,OOS,2026-08-18,DAL,short,-2.416666721304258,6,1.3065283979957325,127.49967745109755,12.613056795991469,114.88662065510609,114.88662065510607,46130.56795991465,11762250.418125028,49487741.08400014
V4,1.0,OOS,2026-08-19,META,long,4.999999888241291,1,1.2550024134257283,110.77094352438293,6.510004826851457,104.26093869753147,104.26093869753147,45100.04826851457,621039586.2340647,1515263216.0212069
V4,1.0,OOS,2026-08-19,AMZN,short,-2.999997138977051,1,1.387258582443757,-216.8201831477546,6.774517164887527,-223.59470031264212,-223.5947003126421,47745.17164887515,372604460.37258804,1046492927.7653275
V4,1.0,OOS,2026-08-19,TSLA,long,2.9500000178813934,1,2.803212298388498,408.18890700649456,9.606424596777003,398.58248240971756,398.58248240971756,76064.24596776997,401593046.4782208,1570413003.912159
V4,1.0,OOS,2026-08-19,ZIM,short,-2.499999850988388,1,0.40313878209001314,-232.54932718412033,10.806277564180021,-243.35560474830035,-243.35560474830038,28062.775641800265,8406577.964339318,17681197.32513968
V4,1.0,OOS,2026-08-20,RTX,long,8.499999344348907,1,-0.17886644722827177,-301.8337042008044,4.3577328944565465,-306.19143709526094,-306.19143709526094,23577.328944565434,19658244.64990316,66724972.8492198
V4,1.0,OOS,2026-08-20,IBIT,long,3.999999463558197,5,1.1365540388953532,158.370832839202,6.27310807779071,152.09772476141129,152.09772476141129,42731.08077790706,275692389.2116219,738429440.6110443
V4,1.0,OOS,2026-08-20,LMT,long,3.750000149011612,2,-0.27016489277292904,-265.99157357856734,4.54032978554585,-270.5319033641132,-270.5319033641132,25403.29785545858,14980599.637909034,40252611.540293336
V4,1.0,OOS,2026-08-20,BMNR,long,3.500000387430191,1,2.9692181238333006,179.56918909319256,15.938436247666601,163.63075284552596,163.63075284552596,79384.362476666,121566776.47823033,324393555.34258735
V4,1.0,OOS,2026-08-20,ETHA,long,3.500000387430191,1,2.0513885285618443,250.91998572111453,8.102777057123689,242.81720866399084,242.81720866399087,61027.770571236884,48799277.676232554,200061956.76760504
V4,1.0,OOS,2026-08-20,MARA,long,3.499999518195788,6,3.1218187527002677,1045.7771734427486,16.243637505400557,1029.533535937348,1029.533535937348,82436.37505400536,27340532.055768948,139647243.14031935
V4,1.0,OOS,2026-08-20,MSTR,long,3.499999518195788,6,2.7518873720894246,35.902490413232435,15.503774744178848,20.398715669053587,20.398715669053587,75037.7474417885,342490390.25467885,915197633.9585923
V4,1.0,OOS,2026-08-20,COIN,long,3.12499962747097,8,2.022842585876603,69.75852069857416,14.045685171753206,55.71283552682095,55.712835526820946,60456.85171753206,232321233.65288466,566965048.4200027
V4,1.0,OOS,2026-08-20,TSLA,short,-3.100000321865082,1,2.8074677799416436,-94.74696175104263,9.614935559883293,-104.36189731092593,-104.36189731092593,76149.35559883287,478524971.8405794,1692261873.6730618
V4,1.0,OOS,2026-08-21,RTX,short,-22.499999403953552,1,-0.10975475181509614,161.27693986515192,4.219509503630206,157.0574303615217,157.0574303615217,22195.095036301922,91095372.13219719,121450352.21144274
V4,1.0,OOS,2026-08-21,LMT,short,-11.749999225139618,2,-0.202896320950237,138.6661033596573,4.405792641900462,134.26031071775685,134.26031071775685,24057.92641900474,42828308.591770925,71454595.93773833
V4,1.0,OOS,2026-08-21,IBIT,long,7.219999842345715,5,1.0009354207520065,-2.1658765043979393,6.001870841504013,-8.167747345901953,-8.167747345901953,40018.708415040135,264313978.3234144,1032884271.9162335
V4,1.0,OOS,2026-08-21,MARA,long,6.766666565090418,6,2.7331408850823005,-346.21561890867326,15.466281770164585,-361.68190067883785,-361.68190067883785,74662.81770164601,75596375.30734114,239364892.43540043
V4,1.0,OOS,2026-08-21,MSTR,long,6.766666565090418,6,2.5580813961865876,-25.159403322665916,15.116162792373174,-40.27556611503909,-40.27556611503909,71161.62792373175,356531441.4531467,1139709167.5599432
V4,1.0,OOS,2026-08-21,COIN,long,6.012500147335231,8,1.8920271728198308,370.7152898272509,13.784054345639674,356.9312354816112,356.9312354816112,57840.54345639662,271557863.65430903,971229166.6973449
V4,1.0,OOS,2026-08-21,BMNR,long,5.500000715255737,1,2.8010776935207065,267.09605884269456,15.602155387041421,251.49390345565314,251.49390345565314,76021.55387041414,52785017.67457621,212993061.35915202
V4,1.0,OOS,2026-08-21,ETHA,long,5.500000715255737,1,1.8298907856443776,133.59944759260992,7.659781571288761,125.93966602132116,125.93966602132116,56597.815712887554,18798955.32747898,103013060.47334692
V4,1.0,OOS,2026-08-21,ITA,short,-2.433333256178432,9,0.8040681595827845,64.00376301674349,5.608136319165567,58.395626697577924,58.39562669757792,36081.36319165569,4051735.613229329,14382947.094278757
V4,1.0,OOS,2026-08-21,CRCL,long,2.000001072883606,1,2.416498410635812,3.399816609315138,14.832996821271625,-11.433180211956486,-11.433180211956486,68329.96821271624,158842058.30328724,574408693.1357851
V4,1.0,OOS,2026-08-24,CRCL,short,-10.999999940395355,1,2.4516641344655805,213.4390822896054,14.903328268931176,198.53575402067423,198.53575402067423,69033.28268931161,120440345.33932386,366640883.7252854
V4,1.0,OOS,2026-08-24,GLXY,short,-10.999999940395355,1,3.3782637230741304,210.23382172681156,16.756527446148255,193.4772942806633,193.4772942806633,87565.27446148262,2342056.226771954,10270627.195536282
V4,1.0,OOS,2026-08-24,HOOD,short,-10.999999940395355,1,2.1371337321741,263.52045277650666,14.274267464348213,249.24618531215845,249.24618531215842,62742.674643482,145154989.29666677,405136676.0782215
V4,1.0,OOS,2026-08-24,XOM,short,-6.749998778104782,2,-0.7201046950255956,1.444593404777584,5.440209390051191,-3.9956159852736066,-3.995615985273607,34402.093900511914,37486553.12415129,108836748.73185766
V4,1.0,OOS,2026-08-24,UAL,long,5.749998986721039,2,1.6895275640838543,-100.33663474461902,13.379055128167707,-113.71568987278673,-113.71568987278673,53790.551281677086,13738657.447297443,38157181.42422144
V4,1.0,OOS,2026-08-24,OXY,short,-2.99999937415123,2,-0.7077610688639909,157.29782812606248,11.415522137727976,145.8823059883345,145.8823059883345,34155.22137727982,12600436.654562512,45709791.69059148
V4,1.0,OOS,2026-08-24,IBIT,long,2.4900007620453835,5,1.0460570403021143,-7.629783105415778,6.092114080604229,-13.721897186020007,-13.721897186020009,40921.140806042284,183338458.01203856,599203376.3563062
V4,1.0,OOS,2026-08-24,MARA,long,2.325000644971927,6,2.735619567858233,51.692701764014885,15.471239135716466,36.22146262829842,36.22146262829842,74712.39135716466,23071266.83810444,82538910.03542913
V4,1.0,OOS,2026-08-24,MSTR,long,2.325000644971927,6,2.600224066021466,111.36014819815101,15.200448132042936,96.15970006610807,96.15970006610807,72004.48132042932,236830307.25891477,703165850.8461769
V4,1.0,OOS,2026-08-24,DAL,long,2.2833329935868583,6,1.3137453900881524,-75.16406681202834,12.627490780176302,-87.79155759220464,-87.79155759220464,46274.907801763045,15688222.617550226,37090595.83579759
V4,1.0,OOS,2026-08-25,CRCL,short,-4.0000006556510925,1,2.397117091716961,-874.8356481297712,14.7942341834339,-889.6298823132051,-889.6298823132051,67942.34183433921,107575918.5950245,360810411.9039794
V4,1.0,OOS,2026-08-25,GLXY,short,-4.0000006556510925,1,3.404550049974046,-863.6793759231153,16.80910009994807,-880.4884760230634,-880.4884760230634,88091.00099948094,2463641.7927960334,14472095.889917053
V4,1.0,OOS,2026-08-25,HOOD,short,-4.0000006556510925,1,2.055262607287371,-868.348539458656,14.11052521457475,-882.4590646732307,-882.4590646732308,61105.25214574742,112544321.79431947,367368013.9201053
V4,1.0,OOS,2026-08-25,UAL,long,3.749999776482582,2,1.6688809279211994,77.51409496761806,13.337761855842402,64.17633311177566,64.17633311177566,53377.61855842398,16155958.616820088,48516171.552342325
V4,1.0,OOS,2026-08-25,XOM,short,-3.2499998807907104,2,-0.7071521539130644,53.216173112456225,5.414304307826129,47.8018688046301,47.8018688046301,34143.04307826129,67267580.27374628,224842072.7080012
V4,1.0,OOS,2026-08-26,RTX,long,3.4999996423721313,1,-0.13012357342819833,74.4213457459173,4.2602471468564005,70.16109859906089,70.16109859906089,22602.471468563966,14288416.370231677,57155862.441236384
V4,1.0,OOS,2026-08-26,BMNR,short,-3.0000001192092896,1,2.801722531748267,-221.256769340011,15.603445063496537,-236.86021440350754,-236.86021440350754,76034.45063496534,34582681.99354251,132191336.78851566
V4,1.0,OOS,2026-08-26,ETHA,short,-3.0000001192092896,1,1.8677979388074946,-77.13800603987725,7.735595877614983,-84.87360191749224,-84.87360191749224,57355.958776149884,17300286.631287694,63863413.58299909
V4,1.0,OOS,2026-08-26,TLT,short,-2.5000005960464478,1,0.2107327421657321,1.125405268912264,4.421465484331464,-3.2960602154192005,-3.2960602154192005,24214.65484331464,27487521.965985674,148922106.2177713
V4,1.0,OOS,2026-08-26,XOM,long,2.5000005960464478,2,-0.7146990756812421,24.620813556416024,5.429398151362484,19.19141540505354,19.19141540505354,34293.98151362484,80317210.49509318,182410308.58106658
V4,1.0,OOS,2026-08-27,TLT,short,-3.999999165534973,1,0.2126628782565723,15.525284532859128,4.4253257565131445,11.099958776345984,11.099958776345984,24253.257565131444,18466156.69010529,109517610.0359694
V4,1.0,OOS,2026-08-27,USO,long,3.0000001192092896,1,-1.276141771793347,189.37952153826708,6.552283543586697,182.8272379946804,182.8272379946804,45522.83543586694,18197525.250495717,39843771.52185456
V4,1.0,OOS,2026-08-27,IBIT,long,2.869999036192894,5,1.0773391131137904,43.0012590850573,6.154678226227581,36.84658085882972,36.84658085882972,41546.78226227581,87919530.50797375,265693427.57537457
V4,1.0,OOS,2026-08-27,LMT,short,-2.7499988675117493,2,-0.21542614395374948,-26.3257059675529,4.4308522879074985,-30.756558255460398,-30.756558255460398,24308.52287907499,7357986.394284381,25449402.966601525
V4,1.0,OOS,2026-08-27,UAL,short,-2.500002086162567,2,1.7081287692812572,217.29790359272624,13.416257538562519,203.88164605416372,203.88164605416372,54162.57538562515,3366977.007245108,22421088.561008595
V4,1.0,OOS,2026-08-27,KRE,long,2.4999991059303284,2,0.22750210582679997,49.194740066649224,4.455004211653602,44.73973585499562,44.73973585499562,24550.042116536002,18432107.483397447,59139377.45777022
V4,1.0,OOS,2026-08-27,RTX,short,-2.499997615814209,1,-0.11241635173852836,-36.40821408354603,4.224832703477055,-40.63304678702308,-40.63304678702308,22248.32703477057,41552770.03368648,75167871.01471296
V4,1.0,OOS,2026-08-27,MARA,long,2.391665863494078,6,2.7771355300746756,197.67407392361596,15.554271060149347,182.11980286346662,182.11980286346662,75542.71060149351,18829568.936976124,89284712.82997271
V4,1.0,OOS,2026-08-27,MSTR,long,2.391665863494078,6,2.634861130311193,749.6232160253596,15.269722260622416,734.3534937647372,734.3534937647372,72697.22260622386,109430667.69511934,651382188.9992983
V4,1.0,OOS,2026-08-28,UAL,short,-2.749999240040779,2,1.6696579837619576,181.6609527193319,13.339315967523902,168.321636751808,168.321636751808,53393.15967523915,6436223.30771611,25480114.743501045
V4,1.0,OOS,2026-08-31,UAL,short,-5.325000267475843,2,1.6400716867087353,69.9527444192263,13.280143373417474,56.67260104580883,56.67260104580884,52801.4337341747,11774248.461176533,36848405.465249665
V4,1.0,OOS,2026-08-31,XOM,long,5.000000074505806,2,-0.7182928574558287,60.216758768790164,5.436585714911658,54.78017305387851,54.780173053878514,34365.85714911657,62260036.37527477,222684379.61542895
V4,1.0,OOS,2026-08-31,JETS,short,-2.99999937415123,2,1.3129973348095172,123.41284816731827,6.625994669619033,116.78685349769924,116.78685349769925,46259.946696190345,2324404.241974284,9632298.067082325
V4,1.0,OOS,2026-08-31,RTX,short,-2.5000005960464478,1,-0.13446364012528172,117.2049244936377,4.268927280250566,112.93599721338714,112.93599721338714,22689.272802505635,12142296.967261206,31013032.613644406
V4,1.0,OOS,2026-08-31,OXY,long,2.499999478459358,2,-0.7115658014949822,-30.86662149477007,11.423131602989965,-42.289753097760034,-42.289753097760034,34231.316029899644,13536536.657721668,40761515.33795357
V4,1.0,OOS,2026-08-31,DAL,short,-2.191666793078184,6,1.2812002881920097,151.4038043693569,12.562400576384022,138.84140379297287,138.84140379297287,45624.0057638402,12954433.144251741,50905801.97809689
V4,1.0,OOS,2026-08-31,USO,long,2.0000003278255463,1,-1.2075072377814413,49.655052674444036,6.415014475562884,43.24003819888115,43.24003819888115,44150.144755628826,18266089.420207206,71910880.44768937
V4,1.0,OOS,2026-09-01,ZIM,short,-2.850000001490116,2,0.4084062333386932,122.39314881630608,10.81681246667739,111.57633634962869,111.57633634962868,28168.124666773863,336599.1910123305,2170300.827712798
V4,1.0,OOS,2026-09-01,XOM,short,-2.2499997168779373,2,-0.7345646564477131,-55.30576623642358,5.469129312895426,-60.774895549319005,-60.77489554931901,34691.29312895426,61117339.40037687,180197173.97429758
V4,1.0,OOS,2026-09-04,AMZN,long,19.999998807907104,1,1.418686088793021,11.094434572109282,6.837372177586042,4.25706239452324,4.25706239452324,48373.721775860424,373246793.5550428,1001084126.3166472
V4,1.0,OOS,2026-09-04,MSFT,short,-9.499999694526196,2,1.1651034264224593,175.48950548221885,6.330206852844924,169.15929862937392,169.15929862937392,43302.068528449185,327273915.9101504,1007242619.5325081
V4,1.0,OOS,2026-09-04,IBIT,short,-2.310000378638506,5,1.0093342657241302,-92.29885625986981,6.018668531448256,-98.31752479131806,-98.31752479131806,40186.6853144826,135902625.92859936,445898737.4326256
V4,1.0,OOS,2026-09-08,RTX,short,-4.999999701976776,1,-0.19630092569291469,53.55066243556278,4.392601851385827,49.15806058417695,49.15806058417695,23926.018513858293,29137568.157503486,61972270.46673234
V4,1.0,OOS,2026-09-08,IBIT,short,-3.440000247210264,5,1.0872237353577714,-60.03904265543508,6.174447470715549,-66.21349012615063,-66.21349012615063,41744.47470715543,103580598.0379015,519102714.46563447
V4,1.0,OOS,2026-09-08,MARA,short,-3.2000002606461444,6,2.8576241018784305,-736.2471232652466,15.715248203756914,-751.9623714690035,-751.9623714690035,77152.48203756861,17896961.30505631,54479728.6001692
V4,1.0,OOS,2026-09-08,MSTR,short,-3.2000002606461444,6,3.1751217192671857,-48.5658290361783,16.350243438534378,-64.91607247471268,-64.91607247471268,83502.4343853437,166322986.44113785,497056894.9655293
V4,1.0,OOS,2026-09-08,MSFT,long,2.775000035762787,2,1.1906941488639409,68.94587281730557,6.381388297727881,62.56448451957769,62.56448451957769,43813.882977278816,425760452.67204463,1082379308.8991578
V4,1.0,OOS,2026-09-08,LMT,short,-2.499999850988388,2,-0.18014573217939522,-73.68337543421227,4.360291464358795,-78.04366689857106,-78.04366689857106,23602.91464358791,47305867.34384449,98063597.6386115
V4,1.0,OOS,2026-09-08,COIN,short,-2.4625001358799636,8,2.116289483321757,7.4057122242444064,14.232578966643514,-6.826866742399107,-6.826866742399108,62325.789666435136,55587991.42009655,179355445.64424077
V4,1.0,OOS,2026-09-08,META,short,-2.149999886751175,1,1.1929657939278244,-1.5708072106818214,6.385931587855649,-7.9567387985374705,-7.9567387985374705,43859.31587855649,440521487.50281745,1108487915.5810115
V4,1.0,OOS,2026-09-09,OXY,long,2.7500007301568985,2,-1.0384956707581572,-79.596584663833,12.076991341516319,-91.67357600534932,-91.67357600534932,40769.913415163144,22207970.96161552,60872874.421749756
V4,1.0,OOS,2026-09-09,JETS,short,-2.5000005960464478,2,1.3057704388921436,-61.9821437825731,6.611540877784286,-68.59368466035738,-68.59368466035738,46115.40877784288,2839269.431401579,4985481.577372379
V4,1.0,OOS,2026-09-10,MSFT,long,9.350000073512396,3,1.4121721522242268,89.12072349881386,6.824344304448459,82.2963791943654,82.2963791943654,48243.44304448454,339397708.8295568,864697574.7562814
V4,1.0,OOS,2026-09-10,FRO,long,8.000000566244125,1,0.21105836847968998,232.9675933496318,10.422116736959367,222.54547661267245,222.54547661267245,24221.1673695938,5739642.140882689,27580038.820109196
V4,1.0,OOS,2026-09-10,ZIM,long,7.175000105053186,2,0.22152234047951047,-56.77045724444447,10.44304468095902,-67.21350192540349,-67.21350192540349,24430.446809590212,662048.366640846,5313189.267412479
V4,1.0,OOS,2026-09-10,GOOGL,short,-4.909999519586563,5,1.631090189504055,-139.72889188864144,7.2621803790081,-146.99107226764954,-146.99107226764954,52621.8037900811,301558227.22555625,795817765.0112176
V4,1.0,OOS,2026-09-10,STNG,long,4.500000178813934,2,-0.00330931749047504,63.094018964569834,10.006618634980953,53.08740032958888,53.087400329588874,20066.1863498095,1927172.4139886121,8712945.099991772
V4,1.0,OOS,2026-09-10,AMZN,short,-3.50000262260437,1,1.4865234890524837,-75.09075611597834,6.973046978104975,-82.06380309408331,-82.06380309408331,49730.46978104968,317293693.53215986,926572621.6224803
V4,1.0,OOS,2026-09-10,TLT,short,-3.4999996423721313,1,0.19610802183223472,23.5581452841258,4.392216043664469,19.16592924046133,19.16592924046133,23922.16043664469,67448720.26904169,318985370.13427377
V4,1.0,OOS,2026-09-11,TLT,short,-6.499999761581421,1,0.2312557342889394,51.9179048050407,4.46251146857788,47.45539333646282,47.45539333646282,24625.11468577879,65419796.830449946,464279042.0289462
V4,1.0,OOS,2026-09-11,XOM,short,-3.25000062584877,2,-0.8680708294945467,-51.59181175918972,5.736141658989091,-57.32795341817881,-57.32795341817881,37361.416589890934,81378970.76323617,202512477.01176304
V4,1.0,OOS,2026-09-11,KRE,long,3.2499998807907104,2,0.40848319545339434,-82.390532417757,4.816966390906785,-87.20749880866379,-87.20749880866379,28169.663909067887,70734059.95991395,194404763.66764343
V4,1.0,OOS,2026-09-11,USO,short,-3.0000001192092896,1,-1.677197914064319,-143.8954398828709,7.354395828128645,-151.24983571099955,-151.24983571099955,53543.95828128638,46731027.07438533,142744181.87074298
V4,1.0,OOS,2026-09-11,UAL,long,2.650000574067235,2,1.5301409783043518,128.42282253040094,13.060281956608705,115.36254057379223,115.36254057379223,50602.81956608703,10546904.706767065,73998718.70512305
V4,1.0,OOS,2026-09-11,AMZN,long,2.5000035762786865,1,1.450188127495893,116.217476322667,6.900376254991784,109.31710006767521,109.31710006767521,49003.762549917854,304656403.06283724,874290295.4435936
V4,1.0,OOS,2026-09-11,OXY,short,-2.250000089406967,2,-0.9470169394656835,-61.48668895735802,11.89403387893136,-73.38072283628938,-73.38072283628938,38940.33878931367,16471638.709456457,45294384.5125592
V4,1.0,OOS,2026-09-14,AMZN,long,12.5,1,1.4816329219938387,-18.551191278735054,6.963265843987678,-25.51445712272273,-25.51445712272273,49632.65843987678,434427759.85176337,1350539571.73792
V4,1.0,OOS,2026-09-14,CRCL,long,10.999999940395355,1,2.399136295396429,527.3087664658769,14.798272590792863,512.5104938750841,512.5104938750841,67982.72590792859,106877431.12977543,292569686.3533897
V4,1.0,OOS,2026-09-14,GLXY,long,10.999999940395355,1,3.4752154173074263,386.84301124800623,16.95043083461485,369.8925804133914,369.8925804133914,89504.30834614852,2917497.0874863723,9308887.293304289
V4,1.0,OOS,2026-09-14,HOOD,long,10.999999940395355,1,2.3643800215880426,128.0533548510237,14.72876004317608,113.32459480784762,113.32459480784762,67287.60043176085,147528727.57898107,406281239.94256175
V4,1.0,OOS,2026-09-14,MSFT,short,-9.516665587822596,3,1.3857896101035085,-133.4765247374046,6.77157922020703,-140.24810395761162,-140.24810395761162,47715.79220207017,469903872.5352254,1414232985.0500145
V4,1.0,OOS,2026-09-14,UAL,short,-5.124999908730388,2,1.5780809995956304,-233.46502215757857,13.156161999191255,-246.62118415676983,-246.62118415676983,51561.6199919126,7843148.88976304,26396148.31458252
V4,1.0,OOS,2026-09-14,XOM,long,4.999999701976776,2,-0.8477393912632519,-195.29375837354368,5.695478782526493,-200.98923715607017,-200.98923715607017,36954.78782526503,117986942.0336664,295658255.00859237
V4,1.0,OOS,2026-09-14,ZIM,short,-4.024999588727951,2,0.4751134541676175,61.39357444238682,10.950226908335239,50.44334753405158,50.44334753405158,29502.269083352352,2367036.8608472124,6474605.444101822
V4,1.0,OOS,2026-09-14,FRO,short,-3.999999165534973,1,0.17973046838083676,-49.516320441449984,10.359460936761671,-59.875781378211656,-59.87578137821165,23594.609367616733,14449419.80057394,41470033.199532494
V4,1.0,OOS,2026-09-14,GOOGL,long,3.1499993428587914,5,1.6539810003820954,146.71459965780483,7.307962000764178,139.40663765704065,139.40663765704065,53079.620007641905,724630301.4249041,2087026366.5457404
V4,1.0,OOS,2026-09-15,CRCL,short,-6.999999284744263,1,2.425524176643827,565.9671022394886,14.851048353287638,551.1160538862009,551.1160538862009,68510.48353287653,66099072.7982501,287815353.24268866
V4,1.0,OOS,2026-09-15,GLXY,short,-6.999999284744263,1,3.642707392807743,277.96485632932087,17.2854147856155,260.67944154370537,260.67944154370537,92854.14785615487,1344808.39472529,9074724.726915417
V4,1.0,OOS,2026-09-15,HOOD,short,-6.999999284744263,1,2.8026313545253028,12.766067854349458,15.605262709050606,-2.839194854701148,-2.839194854701148,76052.62709050605,146380190.16659033,450163349.2895661
V4,1.0,OOS,2026-09-15,RTX,long,3.4999996423721313,1,-0.2093935191347862,-70.0619997414776,4.418787038269571,-74.48078677974718,-74.48078677974718,24187.870382695724,12753256.928773897,44335551.17389959
V4,1.0,OOS,2026-09-15,IBIT,short,-2.860000319778919,5,0.8526642134871745,70.35409537318205,5.705328426974347,64.6487669462077,64.6487669462077,37053.28426974349,92508959.98813765,512063524.2715777
V4,1.0,OOS,2026-09-15,COIN,short,-2.724999957717955,8,1.9197064440567153,557.7650314984347,13.83941288811343,543.9256186103213,543.9256186103213,58394.12888113431,117565377.89956893,356865572.25366324
V4,1.0,OOS,2026-09-15,MARA,short,-2.5500002317130566,6,2.7047920847722926,-75.2004789620346,15.409584169544587,-90.61006313157918,-90.61006313157918,74095.84169544585,19625705.435792897,63661951.558988325
V4,1.0,OOS,2026-09-15,MSTR,short,-2.5500002317130566,6,3.0701643401112744,44.371726285871105,16.14032868022255,28.231397605648556,28.231397605648556,81403.28680222548,80991087.06562498,345122790.85522956
V4,1.0,OOS,2026-09-15,TLT,short,-2.0000040531158447,1,0.26624560248550083,-20.128850940426016,4.532491204971002,-24.66134214539702,-24.66134214539702,25324.91204971002,170261570.46448404,372472996.1510128
V4,1.0,OOS,2026-09-18,JETS,long,3.6666671435038247,3,1.3751543942143094,18.905994467816186,6.750308788428619,12.155685679387567,12.155685679387567,47503.087884286186,5821517.955347393,10169330.909119787
V4,1.0,OOS,2026-09-18,MSFT,short,-3.1833345691363015,3,1.4353526411309954,103.71853998823127,6.870705282261994,96.84783470596928,96.84783470596928,48707.05282261991,2140196486.7932289,2699139765.989691
V4,1.0,OOS,2026-09-21,IBIT,long,10.190001167356968,5,0.8224069563319651,112.3104077034594,5.644813912663935,106.66559379079547,106.66559379079547,36448.139126639304,180370261.1135902,625223535.4464122
V4,1.0,OOS,2026-09-21,MARA,long,9.075000913192829,6,2.9370208602600734,-748.4898216241822,15.874041720520154,-764.3638633447024,-764.3638633447024,78740.41720520146,53601790.53326656,142368415.86019364
V4,1.0,OOS,2026-09-21,MSTR,long,9.075000913192829,6,3.142729897433857,-59.951387442417136,16.285459794867712,-76.23684723728485,-76.23684723728485,82854.59794867714,479474434.1909744,1440680970.8020184
V4,1.0,OOS,2026-09-21,COIN,long,7.287500728853047,8,2.182497992879916,-413.6792799841113,14.364995985759833,-428.04427596987114,-428.04427596987114,63649.959857598325,279789539.35886765,693099434.5430789
V4,1.0,OOS,2026-09-21,BMNR,long,4.500000178813934,1,2.7290384458886416,-12.154405901772906,15.458076891777283,-27.61248279355019,-27.61248279355019,74580.76891777283,116657667.6638273,322016151.1035584
V4,1.0,OOS,2026-09-21,ETHA,long,4.500000178813934,1,0.9320845751007515,13.32247075469044,5.864169150201503,7.458301604488938,7.458301604488938,38641.69150201503,54040616.18292551,168722306.33207196
V4,1.0,OOS,2026-09-21,JETS,long,3.1666661302248635,3,1.388302526263616,-0.8105400531286875,6.776605052527232,-7.58714510565592,-7.587145105655921,47766.05052527232,2366502.7748680753,11884320.594051193
V4,1.0,OOS,2026-09-21,UAL,long,2.4999991059303284,2,1.8231148753119046,60.05652843907378,13.64622975062381,46.41029868844997,46.41029868844997,56462.297506238094,13177931.080606718,47179087.45328351
V4,1.0,OOS,2026-09-21,XOM,short,-2.4999991059303284,2,-0.8592263860682415,83.12711560950932,5.718452772136487,77.40866283737283,77.40866283737283,37184.52772136483,45483965.344632246,181297205.2785614
V4,1.0,OOS,2026-09-21,FRO,long,2.0000003278255463,1,0.04068880604810484,-6.870459165164125,10.081377612096212,-16.951836777260336,-16.951836777260336,20813.776120962095,18492254.82732416,50962545.45798558
V4,1.0,OOS,2026-09-22,JETS,long,4.33333416779836,3,1.4290269638404323,-169.75513860249373,6.8580539276808565,-176.6131925301746,-176.6131925301746,48580.539276808646,2796425.7707390008,12642837.032649323
V4,1.0,OOS,2026-09-22,XOM,short,-4.250001534819603,2,-0.9613336782786024,-65.31546785114833,5.922667356557199,-71.23813520770553,-71.23813520770553,39226.67356557205,63792642.60556001,162633248.17414594
V4,1.0,OOS,2026-09-22,OXY,short,-3.500000759959221,2,-1.0578040105780282,52.480838086758595,12.115608021156056,40.36523006560254,40.36523006560254,41156.08021156056,21663541.52251977,53945937.864773914
V4,1.0,OOS,2026-09-22,UAL,long,3.325001383200288,2,1.9446884923928047,-104.95066215641,13.889376984785613,-118.84003914119562,-118.84003914119562,58893.7698478561,22010236.59913774,92126018.23898272
V4,1.0,OOS,2026-09-23,MPC,short,-3.999999165534973,1,-0.5066775401620692,150.71412269404544,11.013355080324146,139.7007676137213,139.7007676137213,30133.55080324138,56743761.908836074,136396722.45737013
V4,1.0,OOS,2026-09-23,PSX,short,-3.999999165534973,1,-0.6182708436187946,143.73754392387983,11.236541687237576,132.50100223664225,132.50100223664225,32365.416872375892,23446052.158375245,84960047.33372384
V4,1.0,OOS,2026-09-23,VLO,short,-3.999999165534973,1,-0.38063109686296687,144.62352457002575,10.76126219372594,133.8622623762998,133.8622623762998,27612.621937259337,94135661.78786725,217730570.13630927
V4,1.0,OOS,2026-09-23,UAL,short,-3.100000135600567,2,2.0173914894563576,146.71916527233054,14.034782978912716,132.68438229341783,132.68438229341783,60347.82978912715,8066938.2342763115,40412713.20270944
V4,1.0,OOS,2026-09-23,XOM,long,3.0000001192092896,2,-1.0071585887264853,37.68539920019629,6.01431717745297,31.671082022743317,31.671082022743317,40143.17177452971,41561770.22254441,174415375.57635626
V4,1.0,OOS,2026-09-23,BMNR,short,-2.4999991059303284,1,2.9677939884074056,63.720376444370636,15.935587976814809,47.78478846755583,47.78478846755583,79355.87976814811,29691155.60118174,105874818.6210027
V4,1.0,OOS,2026-09-23,ETHA,short,-2.4999991059303284,1,1.078699690235938,61.4850473643996,6.15739938047188,55.32764798392772,55.32764798392772,41573.99380471876,8969030.932119245,43790165.24818786
V4,1.0,OOS,2026-09-23,JETS,short,-2.0000005761782327,3,1.485746522559347,109.30566475393418,6.971493045118692,102.33417170881549,102.33417170881549,49714.930451186934,1881737.2166156748,5630990.485055879
V4,1.0,OOS,2026-09-24,MPC,long,12.999999523162842,1,-0.5782472008872079,-72.05452823774449,11.156494401774424,-83.21102263951892,-83.21102263951892,31564.944017744157,22759070.809374698,86662240.76732808
V4,1.0,OOS,2026-09-24,PSX,long,12.999999523162842,1,-0.6722846196462193,-83.30171927562559,11.34456923929244,-94.64628851491803,-94.64628851491803,33445.692392924386,19550993.677011397,67266467.01079142
V4,1.0,OOS,2026-09-24,VLO,long,12.999999523162842,1,-0.48601701136131364,121.82662185865061,10.972034022722625,110.85458783592799,110.85458783592799,29720.340227226272,42195687.24430295,156059436.86976582
V4,1.0,OOS,2026-09-24,VGK,long,3.4999996423721313,1,0.7959448528185044,-14.40757854033694,5.59188970563701,-19.99946824597395,-19.99946824597395,35918.897056370086,4181235.506558658,11371965.95066631
V4,1.0,OOS,2026-09-24,MSFT,short,-2.712499536573887,4,1.7425452389667886,21.836988495538375,7.485090477933577,14.351898017604798,14.351898017604798,54850.90477933577,424952699.3243488,1239211305.608845
V4,1.0,OOS,2026-09-24,DAL,short,-2.3071426299533675,7,1.693027802887911,-141.77192478727292,13.386055605775823,-155.15798039304875,-155.15798039304875,53860.55605775822,13025445.659917675,35598841.45874888
V4,1.0,OOS,2026-09-25,MPC,long,5.000000447034836,1,-0.5361937027514239,233.42016108536401,11.072387405502838,222.34777367986118,222.3477736798612,30723.87405502848,13688863.51699187,76802268.32603247
V4,1.0,OOS,2026-09-25,PSX,long,5.000000447034836,1,-0.5911506819756508,138.89621043265998,11.182301363951296,127.71390906870869,127.71390906870867,31823.013639513018,12353137.953874832,48147008.263153784
V4,1.0,OOS,2026-09-25,VLO,long,5.000000447034836,1,-0.42966326117329057,259.057566646283,10.859326522346578,248.19824012393644,248.19824012393644,28593.265223465813,29865200.932136204,153193864.0082738
V4,1.0,OOS,2026-09-25,XOM,long,4.166666169961293,3,-1.095023832898975,56.489408779312846,6.190047665797948,50.2993611135149,50.2993611135149,41900.4766579795,35266614.397136174,117275175.41769953
V4,1.0,OOS,2026-09-25,MSFT,short,-2.6500004809349775,4,1.7608116853621836,-284.24196919832315,7.521623370724342,-291.7635925690475,-291.7635925690475,55216.233707243664,916787005.8203909,3888036434.865723
V4,1.0,OOS,2026-09-25,USO,short,-2.0000003278255463,1,-2.714871310285253,8.465445540099832,9.429742620570506,-0.9642970804706739,-0.9642970804706738,74297.42620570507,17128705.087541237,53223320.3060649
V4,1.0,OOS,2026-09-28,XOP,short,-10.500001907348633,1,-0.8382815655340963,215.8042434220496,5.676563131068207,210.1276802909814,210.12768029098137,36765.63131068193,27603341.43728356,71429121.20657244
V4,1.0,OOS,2026-09-28,VGK,long,5.000000447034836,1,0.7954474139113462,59.63099031657796,5.590894827822694,54.04009548875526,54.04009548875526,35908.948278226926,3589575.483374424,10094249.674636042
V4,1.0,OOS,2026-09-28,OXY,long,4.891667080422242,6,-1.1778360214282704,-279.608767834545,12.355672042856554,-291.96443987740156,-291.96443987740156,43556.72042856541,13663857.030310808,37083606.793611616
V4,1.0,OOS,2026-09-28,TLT,short,-4.500001668930054,2,0.4185614462940423,-12.0744619039832,4.8371228925880825,-16.911584796571283,-16.911584796571283,28371.22892588085,104359373.05731672,371375363.08017004
V4,1.0,OOS,2026-09-28,XOM,short,-3.429998978972435,5,-1.1121621074543577,57.11387312309303,6.2243242149087195,50.88954890818431,50.88954890818431,42243.24214908716,46115882.849761605,191597214.30994207
V4,1.0,OOS,2026-09-28,DAL,short,-3.2850002218037844,10,1.729552727224626,-142.8119293920393,13.459105454449258,-156.27103484648856,-156.27103484648856,54591.05454449252,17950866.56642383,46248080.43727083
V4,1.0,OOS,2026-09-28,UAL,long,3.062499617226422,4,2.3013270325706174,40.110422043063245,14.602654065141234,25.50776797792201,25.50776797792201,66026.54065141235,28542324.18034682,77382965.46765088
V4,1.0,OOS,2026-09-28,KRE,long,3.0000011126200357,3,0.51110223016812,-108.68289068134855,5.022204460336241,-113.7050951416848,-113.7050951416848,30222.044603362396,67225167.38283022,235472840.80196422
V4,1.0,OOS,2026-09-28,USO,short,-3.000001050531864,2,-2.782153983968307,222.85997577786043,9.5643079679366,213.29566780992383,213.29566780992383,75643.07967936614,13671150.398878137,77227555.709025
V4,1.0,OOS,2026-09-28,STNG,long,2.2499999031424522,2,0.037837135136444246,95.99311542273337,10.075674270272884,85.91744115246048,85.91744115246048,20756.742702728883,1001256.5186987064,7105305.370107978
V4,1.0,OOS,2026-09-29,BMNR,long,15.583333993951479,6,3.452022230045802,-264.11421229569567,16.904044460091598,-281.01825675578726,-281.01825675578726,89040.44460091605,50032583.52396999,114998852.39547364
V4,1.0,OOS,2026-09-29,ETHA,long,15.583333993951479,6,1.2820008430283425,-140.55208055389218,6.5640016860566845,-147.11608223994887,-147.11608223994887,45640.016860566844,11685111.765545525,50599514.89272289
V4,1.0,OOS,2026-09-29,COIN,long,7.346774262165831,31,2.6310341643709405,-288.4567813201599,15.262068328741861,-303.71884964890177,-303.71884964890177,72620.68328741881,76929088.85045697,189717016.35142455
V4,1.0,OOS,2026-09-29,IBIT,long,5.77499997905559,18,1.2983651101885356,-47.89771376402185,6.596730220377069,-54.49444398439892,-54.49444398439892,45967.30220377071,63946503.95707615,155436789.03850847
V4,1.0,OOS,2026-09-29,MARA,long,5.599999920620273,24,3.3318086948218664,-217.4110207374938,16.66361738964372,-234.07463812713752,-234.07463812713755,86636.17389643732,18902969.878816985,56159396.25620897
V4,1.0,OOS,2026-09-29,MSTR,long,5.599999920620273,24,3.238239552541552,-317.428343620264,16.476479105083115,-333.9048227253471,-333.9048227253471,84764.79105083105,140220616.80702424,398307629.9257935
V4,1.0,OOS,2026-09-29,VGK,short,-2.0000003278255463,1,0.798123805676619,-10.015587598947102,5.596247611353238,-15.61183521030034,-15.611835210300338,35962.47611353238,6172389.437801398,14074716.804989187
V4,1.0,OOS,2026-09-30,AEP,long,20.999997854232788,1,0.12024705444458365,-109.5252454957398,4.240494108889166,-113.76573960462896,-113.76573960462898,22404.941088891675,4027621.6257940736,24398463.859847516
V4,1.0,OOS,2026-09-30,ETN,long,14.000000357627869,5,2.0880462547109073,12.156130602509457,8.176092509421814,3.980038093087643,3.9800380930876433,61760.925094218146,14687928.75968703,62341565.274698325
V4,1.0,OOS,2026-09-30,EQIX,long,12.500000248352686,6,0.9989222844729853,-61.456595447612926,11.997844568945965,-73.45444001655889,-73.45444001655889,39978.4456894597,8554606.898886427,24905927.23138846
V4,1.0,OOS,2026-09-30,DLR,long,12.111111150847542,9,1.0869048316283032,-58.845629301832936,12.173809663256598,-71.01943896508953,-71.01943896508953,41738.09663256606,5382115.899125308,13835696.723648531
V4,1.0,OOS,2026-09-30,VRT,long,12.111111150847542,9,2.963075605297081,-168.0179683641899,15.926151210594156,-183.94411957478405,-183.94411957478405,79261.51210594161,40281202.26125942,128691611.73565494
V4,1.0,OOS,2026-09-30,AEE,long,12.000000476837158,1,0.07257079351784242,-131.2230884709637,10.145141587035681,-141.36823005799937,-141.36823005799937,21451.415870356846,4218205.520820559,10220822.659928914
V4,1.0,OOS,2026-09-30,IBIT,long,9.588888737683495,18,1.2414175079716252,-123.01659718918997,6.482835015943252,-129.49943220513322,-129.49943220513322,44828.3501594325,94876090.81076793,343637306.7176872
V4,1.0,OOS,2026-09-30,MSTR,long,9.416666545439512,24,3.3524266716290176,-299.09424787162817,16.704853343258037,-315.7991012148862,-315.7991012148862,87048.53343258036,262593807.42715493,674182318.8025553
V4,1.0,OOS,2026-09-30,MARA,long,9.416666545439512,24,3.289765863033659,-641.0884272775643,16.57953172606733,-657.6679590036316,-657.6679590036316,85795.31726067318,18983191.14915207,70342791.55512752
V4,1.0,OOS,2026-09-30,COIN,long,8.937096676879353,31,2.6497364131897356,-330.60171689175075,15.299472826379485,-345.90118971813024,-345.90118971813024,72994.7282637947,128527946.715131,320032437.7600584
V4,1.0,OOS,2026-10-01,AMZN,short,-15.249999612569809,4,1.6636772066344114,123.37913749415208,7.3273544132688215,116.05178308088325,116.05178308088325,53273.544132688236,455133239.96279144,1208864072.7983327
V4,1.0,OOS,2026-10-01,GOOGL,long,15.05624998244457,8,1.428097656127353,-350.89073715366675,6.856195312254727,-357.7469324659215,-357.7469324659215,48561.953122547064,592775563.5343692,1905412437.686015
V4,1.0,OOS,2026-10-01,MSFT,short,-14.812500355765224,4,1.933749502403779,121.96988603569785,7.867499004807556,114.1023870308903,114.1023870308903,58674.990048075575,746425876.6909688,1816213635.645107
V4,1.0,OOS,2026-10-01,MPC,long,7.999999821186066,1,-0.5132059880473328,686.2205211766332,11.026411976094664,675.1941092005385,675.1941092005385,30264.119760946654,23001510.897562303,79062407.61760053
V4,1.0,OOS,2026-10-01,PSX,long,7.999999821186066,1,-0.5329878179846053,429.6831171008742,11.06597563596921,418.617141464905,418.617141464905,30659.756359692106,17257578.802549005,42887743.77824054
V4,1.0,OOS,2026-10-01,VLO,long,7.999999821186066,1,-0.4440955401460691,545.274426328366,10.888191080292131,534.3862352480738,534.3862352480738,28881.910802921382,21860929.450097237,83186081.21058965
V4,1.0,OOS,2026-10-01,ETR,long,4.999999701976776,1,0.4316222841354619,169.9306859122234,10.863244568270915,159.06744134395248,159.06744134395248,28632.445682709236,3234807.5958663947,13277090.016227404
V4,1.0,OOS,2026-10-01,XOP,long,3.4999996423721313,1,-0.7534094459314936,297.3563178577477,5.506818891862963,291.8494989658847,291.8494989658847,35068.18891862987,10219300.66766984,44389614.82801757
V4,1.0,OOS,2026-10-01,XOM,long,2.8099996969103813,5,-1.0570830052857396,142.1854420334006,6.114166010571466,136.07127602282912,136.07127602282912,41141.660105714785,43653116.64279012,146619338.25883606
V4,1.0,OOS,2026-10-01,BMNR,long,2.7500003576278687,6,3.2737513371465266,125.66507994792397,16.547502674293057,109.11757727363091,109.11757727363091,85475.02674293052,26535978.734632455,151471066.50787738
V4,1.0,OOS,2026-10-02,XOP,short,-9.000000357627869,1,-0.7113970530619618,-141.27428986029093,5.422794106123916,-146.69708396641485,-146.69708396641485,34227.94106123924,14545534.03733182,53680585.8767579
V4,1.0,OOS,2026-10-02,ETHA,long,8.940000161528587,10,1.1450603497855631,-292.2783147493207,6.290120699571105,-298.5684354488918,-298.5684354488918,42901.20699571126,17708957.326422337,80275415.12014996
V4,1.0,OOS,2026-10-02,BMNR,long,8.940000161528587,10,3.2770270257058756,-428.51977994255134,16.554054051411754,-445.0738339939631,-445.07383399396304,85540.5405141175,64730561.10544906,232182844.67874476
V4,1.0,OOS,2026-10-02,COIN,long,8.112499864849573,48,2.6052860903880135,-566.5843687688488,15.210572180776012,-581.7949409496248,-581.7949409496248,72105.72180776027,132454574.80762315,442541808.13243127
V4,1.0,OOS,2026-10-02,MSTR,long,8.105405191009915,37,3.2925699939098747,-313.217888940397,16.58513998781973,-329.80302892821675,-329.80302892821675,85851.3998781975,308778974.18145555,868262323.8569378
V4,1.0,OOS,2026-10-02,MARA,long,8.105405191009915,37,3.238096567554524,-308.85810322026674,16.476193135109042,-325.3342963553758,-325.3342963553758,84761.93135109048,25410834.912451256,103666466.71739586
V4,1.0,OOS,2026-10-02,IBIT,long,7.736206560492001,29,1.2183708625306708,-253.49187403335984,6.436741725061353,-259.9286157584212,-259.9286157584212,44367.41725061342,123279655.74541889,430439645.3893642
V4,1.0,OOS,2026-10-02,ETN,long,5.142857134342194,7,2.057289226027795,-209.1820305876383,8.114578452055582,-217.2966090396939,-217.2966090396939,61145.7845205559,22239630.769877203,84498804.09991276
V4,1.0,OOS,2026-10-02,EQIX,long,4.5555555986033545,9,1.046542861524953,37.044373296267786,12.093085723049906,24.95128757321788,24.95128757321788,40930.85723049907,6075261.332686868,20935873.766789112
V4,1.0,OOS,2026-10-02,USO,short,-4.400000162422657,2,-2.6814864417608373,-236.514717128947,9.362972883521678,-245.8776900124687,-245.8776900124687,73629.72883521675,68854261.95356132,251548476.4269896
V4,2.0,IS,2026-01-05,JETS,short,-8.000000566244125,1,1.2254528473515425,-233.26575780677146,12.901811389406163,-246.16756919617762,-246.16756919617765,44509.05694703085,1589507.608,14116383.7106
V4,2.0,IS,2026-01-05,LMT,long,8.000000566244125,1,0.035193846710555865,154.7686979260559,8.140775386842222,146.62792253921367,146.62792253921367,20703.87693421112,85694471.8416,201070519.6817
V4,2.0,IS,2026-01-05,AAPL,short,-3.0000001192092896,1,0.8196907319478705,139.09709248912995,11.278762927791476,127.81832956133847,127.81832956133849,36393.81463895741,603759057.0198001,1584571010.3042002
V4,2.0,IS,2026-01-05,NVDA,short,-3.0000001192092896,1,1.8603625803640056,222.58830675041182,15.441450321456017,207.1468564289558,207.1468564289558,57207.251607280115,1826111885.234,5367579732.379301
V4,2.0,IS,2026-01-05,SMH,short,-3.0000001192092896,1,2.2153430678718147,139.39077128031875,16.861372271487255,122.52939900883149,122.5293990088315,64306.8613574363,149102089.55159998,537489238.823
V4,2.0,IS,2026-01-05,TSM,short,-3.0000001192092896,1,2.073713586172246,279.5883560761711,16.294854344688986,263.29350173148214,263.29350173148214,61474.27172344492,596935755.0684,1433741950.9194002
V4,2.0,IS,2026-01-05,ITA,long,2.5000003476937613,3,1.0555262903773912,124.52301987397675,12.22210516150956,112.30091471246719,112.30091471246719,41110.52580754782,18120149.8004,48423866.668900006
V4,2.0,IS,2026-01-05,SPY,short,-2.330000214278698,5,1.0,-0.0,12.0,-12.0,-12.0,40000.0,2128353294.3755,7343484143.4042
V4,2.0,IS,2026-01-06,CCL,long,12.000000476837158,1,1.2511814417997025,151.13286986230617,25.004725767198806,126.12814409510736,126.12814409510736,45023.62883599405,39168855.8056,90238262.4925
V4,2.0,IS,2026-01-06,JETS,long,3.4999996423721313,1,1.2547485592558476,-32.69495222176613,13.018994237023392,-45.71394645878952,-45.71394645878952,45094.97118511695,575292.978,10074479.993500002
V4,2.0,IS,2026-01-06,LMT,short,-3.4999996423721313,1,0.0739106215194297,-92.15587852793313,8.295642486077725,-100.45152101401085,-100.45152101401085,21478.212430388594,118806689.69520001,340921434.59819996
V4,2.0,IS,2026-01-06,SPY,long,2.416666721304258,6,1.0000000000000002,-8.673617379884035e-15,12.0,-12.000000000000009,-12.000000000000009,40000.0,1260917214.4926,5897879413.330001
V4,2.0,IS,2026-01-07,ITA,long,2.3333330949147544,3,1.0702917565277947,-174.26570200503667,12.281167026111177,-186.54686903114785,-186.54686903114785,41405.8351305559,19627095.0,33669181.367
V4,2.0,IS,2026-01-08,CCL,long,6.499999761581421,1,1.3164078220542026,-141.17263216154754,25.26563128821681,-166.43826344976435,-166.43826344976435,46328.15644108405,17803430.476,72162538.47909999
V4,2.0,IS,2026-01-09,CCL,short,-2.5000005960464478,1,1.3571031494976318,-47.289708117790894,25.42841259799053,-72.71812071578142,-72.71812071578142,47142.06298995263,14811296.8125,63149625.6277
V4,2.0,IS,2026-01-09,JETS,short,-2.4999991059303284,1,1.33160171168793,-0.07342109210487467,13.32640684675172,-13.399827938856594,-13.399827938856594,46632.0342337586,1372391.8089,7133999.469200001
V4,2.0,IS,2026-01-09,LMT,long,2.4999991059303284,1,0.13362877196848127,316.95661875950765,8.5345150878739,308.42210367163375,308.42210367163375,22672.575439369626,74722692.7107,225606712.67110002
V4,2.0,IS,2026-01-12,JETS,long,3.0000001192092896,1,1.3635580926666886,-86.73561001313797,13.454232370666759,-100.18984238380473,-100.18984238380473,47271.161853333775,3533110.1652,12565388.780300003
V4,2.0,IS,2026-01-12,LMT,short,-3.0000001192092896,1,0.22459712468451984,-24.961110848989136,8.898388498738079,-33.859499347727215,-33.859499347727215,24491.942493690396,139872550.67499998,383297575.35629994
V4,2.0,IS,2026-01-12,BMNR,short,-2.999997138977051,1,5.543913376326552,-34.523326559520726,42.175653505306215,-76.69898006482694,-76.69898006482694,130878.26752653104,31142893.8739,122267517.87020001
V4,2.0,IS,2026-01-12,ETHA,short,-2.999997138977051,1,3.2326701289619804,119.24338665415888,20.930680515847925,98.31270613831096,98.31270613831096,84653.40257923961,21207348.0,83846358.4532
V4,2.0,IS,2026-01-13,CRCL,short,-8.500003814697266,1,3.4739956136462466,-119.9525630174532,33.89598245458498,-153.84854547203818,-153.84854547203818,89479.91227292494,26831759.011200003,99823437.91820002
V4,2.0,IS,2026-01-13,GLXY,short,-8.500003814697266,1,4.22506613058132,-562.3785819294599,36.9002645223253,-599.2788464517852,-599.2788464517852,104501.3226116264,3324891.1580000003,11782389.1965
V4,2.0,IS,2026-01-13,HOOD,short,-8.500003814697266,1,4.347575621419164,-350.67709883963516,37.39030248567667,-388.06740132531183,-388.06740132531183,106951.51242838328,81410121.1872,332173397.2225
V4,2.0,IS,2026-01-14,RTX,short,-38.999998569488525,1,0.6018856418282139,-210.68769500093063,10.407542567312845,-221.09523756824348,-221.09523756824345,32037.71283656428,23351714.950400002,73553515.61000001
V4,2.0,IS,2026-01-14,LMT,short,-19.749999418854713,2,0.2016169687126379,-281.7107851909372,8.806467874850568,-290.51725306578777,-290.51725306578777,24032.33937425276,29285584.2418,94935812.02850002
V4,2.0,IS,2026-01-14,ITA,short,-11.375000141561031,4,1.1925844188628363,-94.42499620049547,12.770337675451344,-107.19533387594682,-107.19533387594682,43851.68837725672,12921089.6376,34135596.3585
V4,2.0,IS,2026-01-14,SPY,long,5.071428418159485,7,0.9999999999999998,-2.168404344971009e-15,12.0,-12.000000000000002,-12.000000000000002,39999.99999999999,1887783598.7427,7500039378.339801
V4,2.0,IS,2026-01-14,BMNR,long,2.5000035762786865,1,5.5208615818014675,175.09596635861456,42.08344632720588,133.01252003140868,133.01252003140868,130417.23163602935,67854547.1585,367745517.36469996
V4,2.0,IS,2026-01-14,ETHA,long,2.5000035762786865,1,3.2329541321212147,237.6929147808106,20.93181652848486,216.76109825232575,216.76109825232575,84659.0826424243,38491803.5094,200124386.1842
V4,2.0,IS,2026-01-14,CCL,short,-2.000001072883606,1,1.3762547359859605,169.4224514287113,25.50501894394384,143.91743248476746,143.91743248476746,47525.09471971921,15286364.6793,103577337.1588
V4,2.0,IS,2026-01-15,CRCL,long,16.00000262260437,1,3.385830834990042,-706.5445078875042,33.543323339960125,-740.0878312274643,-740.0878312274643,87716.61669980084,41334982.64390001,166379316.98820004
V4,2.0,IS,2026-01-15,GLXY,long,16.00000262260437,1,4.096357106594135,749.6792398216915,36.38542842637651,713.293811395315,713.293811395315,101927.14213188269,31017142.8063,68970199.3679
V4,2.0,IS,2026-01-15,HOOD,long,16.00000262260437,1,4.364121983095873,-623.178238430745,37.45648793238354,-660.6347263631285,-660.6347263631285,107282.43966191747,105195532.2873,393409905.7593
V4,2.0,IS,2026-01-15,ITA,short,-4.499999433755875,4,1.1878686807169212,-105.93936350746081,12.751474722867684,-118.6908382303285,-118.6908382303285,43757.37361433842,16529107.6874,36362375.4807
V4,2.0,IS,2026-01-15,CCL,long,3.0000001192092896,1,1.4235195850686915,-287.52390037316536,25.694078340274757,-313.2179787134401,-313.2179787134401,48470.39170137383,15211137.5983,62681336.9382
V4,2.0,IS,2026-01-15,COIN,long,2.333333964149157,6,3.4664554957933427,-332.4539414518929,33.86582198317336,-366.31976343506625,-366.31976343506625,89329.10991586685,113835259.4568,437013024.944
V4,2.0,IS,2026-01-16,CRCL,long,12.000000476837158,1,3.28702751967068,348.7598518074678,33.14811007868269,315.6117417287851,315.6117417287851,85740.55039341359,51014827.5521,141745305.4265
V4,2.0,IS,2026-01-16,GLXY,long,12.000000476837158,1,4.1512324042572075,594.5637937722132,36.6049296170288,557.9588641551844,557.9588641551844,103024.64808514414,38587564.982200004,101593296.3967
V4,2.0,IS,2026-01-16,HOOD,long,12.000000476837158,1,4.285850139932346,-77.69846349640417,37.143400559729386,-114.84186405613356,-114.84186405613355,105717.0027986469,225327030.897,701377774.7269001
V4,2.0,IS,2026-01-20,BMNR,short,-6.500005722045898,1,5.267314087095231,-113.93203914334602,41.06925634838093,-155.00129549172695,-155.00129549172695,125346.28174190463,82458421.815,252601654.55239996
V4,2.0,IS,2026-01-20,ETHA,short,-6.500005722045898,1,3.054334979292969,39.74260105717668,20.217339917171877,19.5252611400048,19.5252611400048,81086.69958585939,71205264.9672,307840591.1119
V4,2.0,IS,2026-01-20,RTX,long,6.000000238418579,1,0.5388927224778238,-182.12701630171068,10.155570889911303,-192.28258719162199,-192.28258719162199,30777.85444955648,42999558.0149,104204634.34570001
V4,2.0,IS,2026-01-20,LMT,long,3.750000521540642,2,0.0872208144013918,-60.72381913846665,8.348883257605564,-69.07270239607222,-69.07270239607222,21744.416288027835,59086375.8477,114337596.1217
V4,2.0,IS,2026-01-20,COIN,short,-3.499999518195788,6,3.427594421766914,9.461074053967767,33.710377687067655,-24.24930363309989,-24.24930363309989,88551.88843533827,123108941.0763,350066516.1949
V4,2.0,IS,2026-01-20,MARA,short,-3.1249983236193657,4,3.1154851555598637,229.65327445278857,32.46194062223944,197.19133383054913,197.19133383054913,82309.70311119726,34128178.13,113650731.14549999
V4,2.0,IS,2026-01-20,MSTR,short,-3.1249983236193657,4,1.863026289600532,191.8052458306313,27.452105158402134,164.35314067222916,164.35314067222916,57260.52579201064,173070987.7976,698143867.4164
V4,2.0,IS,2026-01-20,IBIT,short,-2.4999983608722687,3,1.8548998691138017,43.81092710166635,15.419599476455208,28.391327625211144,28.391327625211144,57097.99738227604,199219470.8383,668356374.4749999
V4,2.0,IS,2026-01-21,BMNR,short,-8.499997854232788,1,5.061589537315833,73.92610623582472,40.24635814926333,33.67974808656139,33.67974808656139,121231.79074631666,36191627.046,115013475.33629999
V4,2.0,IS,2026-01-21,ETHA,short,-8.499997854232788,1,3.1482445259089507,62.39278724270703,20.5929781036358,41.79980913907123,41.79980913907123,82964.890518179,36235595.1064,102521019.9046
V4,2.0,IS,2026-01-22,CRCL,long,5.500000715255737,1,3.0959655713271554,-255.10849212198826,32.38386228530862,-287.4923544072969,-287.4923544072969,81919.31142654312,15510069.0459,71550223.3271
V4,2.0,IS,2026-01-22,GLXY,long,5.500000715255737,1,3.6755337997686945,-622.6803398396044,34.702135199074746,-657.3824750386791,-657.3824750386791,93510.6759953739,5317320.9265,19161669.1329
V4,2.0,IS,2026-01-22,HOOD,long,5.500000715255737,1,3.663306693566406,-60.93315767358296,34.653226774265626,-95.58638444784859,-95.58638444784859,93266.13387132813,54349999.3606,238048948.12399998
V4,2.0,IS,2026-01-23,CRCL,long,2.5000005960464478,1,2.8729458283829326,22.412313504639744,31.49178331353173,-9.079469808891986,-9.079469808891986,77458.91656765866,40699485.088,100862847.45760001
V4,2.0,IS,2026-01-23,GLXY,long,2.5000005960464478,1,3.570193597214976,468.88802560214435,34.280774388859925,434.6072512132844,434.60725121328437,91403.87194429952,5719322.112,30153148.4232
V4,2.0,IS,2026-01-23,HOOD,long,2.5000005960464478,1,3.6098766009131134,-44.9391821797859,34.43950640365246,-79.37868858343836,-79.37868858343836,92197.53201826225,63692945.4391,280382780.40059996
V4,2.0,IS,2026-01-26,CRCL,long,10.000002384185791,1,2.9260239548463156,35.9065977035824,31.704095819385262,4.202501884197137,4.202501884197137,78520.47909692631,26559298.532,75871809.08990002
V4,2.0,IS,2026-01-26,GLXY,long,10.000002384185791,1,3.6464673803786174,-221.63660271174516,34.58586952151447,-256.2224722332596,-256.2224722332596,92929.34760757234,4154684.2308,17963454.6376
V4,2.0,IS,2026-01-26,HOOD,long,10.000002384185791,1,3.5898657463040897,-44.83647248536166,34.35946298521636,-79.19593547057802,-79.19593547057802,91797.3149260818,76246194.4578,235956620.46269998
V4,2.0,IS,2026-01-26,RTX,short,-5.499999225139618,1,0.7262789209439104,85.32248348624968,10.905115683775634,74.41736780247405,74.41736780247405,34525.578418878205,28680005.9946,79564763.6758
V4,2.0,IS,2026-01-26,ITA,short,-3.0000004917383194,4,1.1196302664063773,90.56293013158599,12.478521065625515,78.08440906596047,78.08440906596047,42392.605328127545,11577998.7477,30292467.8839
V4,2.0,IS,2026-01-26,MARA,short,-2.3749999701976776,4,3.1951127314710246,507.3506060619258,32.78045092588411,474.5701551360417,474.5701551360417,83902.25462942048,15557786.3034,60052547.7852
V4,2.0,IS,2026-01-26,MSTR,short,-2.3749999701976776,4,1.901288569716716,-8.503284110859614,27.60515427886686,-36.10843838972647,-36.10843838972647,58025.77139433431,90213730.3695,303852006.02300006
V4,2.0,IS,2026-01-26,LMT,short,-2.2499997168779373,2,0.2479299381383916,153.22545284038503,8.991719752553564,144.23373308783147,144.23373308783147,24958.59876276783,25924750.460500002,104079636.2719
V4,2.0,IS,2026-01-26,AAPL,short,-2.0000003278255463,1,0.49896980360047405,-140.6300801769144,9.995879214401896,-150.6259593913163,-150.6259593913163,29979.39607200948,675111787.119,1977421310.9126997
V4,2.0,IS,2026-01-26,NVDA,short,-2.0000003278255463,1,1.946089719212894,104.24446012538539,15.78435887685157,88.46010124853382,88.46010124853382,58921.79438425789,967095447.2269001,4278490925.5264006
V4,2.0,IS,2026-01-27,JETS,short,-3.0000001192092896,1,1.418432989114641,191.98408903043446,13.673731956458568,178.3103570739759,178.3103570739759,48368.65978229282,2852326.0728,13070569.9692
V4,2.0,IS,2026-01-27,BMNR,short,-2.5000035762786865,1,4.876084747628661,-428.5191941287159,39.50433899051467,-468.0235331192306,-468.02353311923065,117521.69495257322,22297033.3041,91462373.4627
V4,2.0,IS,2026-01-27,ETHA,short,-2.5000035762786865,1,2.8685256403051516,-262.66163766425785,19.474102561220604,-282.13574022547846,-282.13574022547846,77370.51280610303,10451768.3816,58138339.7641
V4,2.0,IS,2026-01-29,CRCL,long,2.0000040531158447,1,2.8244946436407834,-282.3320256283539,31.297978574563103,-313.630004202917,-313.630004202917,76489.89287281568,49359146.017500006,177368213.7499
V4,2.0,IS,2026-01-29,GLXY,long,2.0000040531158447,1,3.646455676206114,-189.82078974080025,34.585822704824466,-224.40661244562472,-224.40661244562475,92929.1135241223,6234885.545,20458693.280599996
V4,2.0,IS,2026-01-29,HOOD,long,2.0000040531158447,1,3.534085388069841,-124.73208761482623,34.136341552279376,-158.8684291671056,-158.8684291671056,90681.70776139681,76289283.161,391178490.816
V4,2.0,IS,2026-01-30,RTX,long,4.500000178813934,1,0.7927931864207755,125.84362791916338,11.171172745683108,114.67245517348027,114.67245517348027,35855.863728415505,17097457.728,47760204.6184
V4,2.0,IS,2026-01-30,LMT,long,4.000000283122063,2,0.24513988665146452,211.70365053405345,8.98055954660586,202.7230909874476,202.7230909874476,24902.79773302929,48335650.755600005,229990430.8114
V4,2.0,IS,2026-01-30,CRCL,short,-3.50000262260437,1,2.835464852691462,404.86164424113076,31.341859410765835,373.5197848303649,373.5197848303649,76709.29705382924,26942319.1143,82634156.0513
V4,2.0,IS,2026-01-30,GLXY,short,-3.50000262260437,1,3.6713222027382257,298.3111668776244,34.6852888109529,263.6258780666715,263.6258780666715,93426.44405476452,5223885.236,15863386.9654
V4,2.0,IS,2026-01-30,HOOD,short,-3.50000262260437,1,3.4853365186096417,320.8308379284924,33.94134607443857,286.8894918540538,286.8894918540538,89706.73037219283,75798467.8224,351390560.6279
V4,2.0,IS,2026-01-30,JETS,short,-3.500000387430191,1,1.367665433162258,96.82913010381736,13.470661732649035,83.35846837116833,83.35846837116833,47353.30866324515,1626651.1557,7798929.2691
V4,2.0,IS,2026-01-30,BMNR,short,-2.999997138977051,1,4.794811550799441,350.3124592163068,39.17924620319775,311.13321301310907,311.13321301310907,115896.23101598881,54110293.1131,129939059.0363
V4,2.0,IS,2026-01-30,ETHA,short,-2.999997138977051,1,2.833593923709369,194.20519196907344,19.33437569483749,174.87081627423595,174.87081627423595,76671.87847418738,32486526.741899997,99963578.90309998
V4,2.0,IS,2026-01-30,COIN,short,-2.500000223517418,6,2.8085166239201733,194.68549177616234,31.23406649568068,163.45142528048166,163.45142528048166,76170.33247840346,51582728.2062,180307604.1635
V4,2.0,IS,2026-01-30,MARA,short,-2.1250003948807716,4,3.1389954749399562,233.61013325333138,32.555981899759814,201.05415135357157,201.05415135357157,82779.90949879913,9971200.546,34532099.8174
V4,2.0,IS,2026-02-02,BMNR,short,-20.499998331069946,1,4.877864317240523,426.8610100298265,39.51145726896209,387.3495527608644,387.3495527608644,117557.28634481046,86299585.16330001,283941182.25420004
V4,2.0,IS,2026-02-02,ETHA,short,-20.499998331069946,1,2.907232025430492,233.6119090434356,19.628928101721982,213.9829809417136,213.9829809417136,78144.64050860984,71080786.458,300896140.39190006
V4,2.0,IS,2026-02-02,COIN,short,-6.583332642912865,6,2.8319997853136707,345.0099276404488,31.32799914125468,313.6819284991941,313.6819284991941,76639.99570627342,142231653.8648,424871176.7317
V4,2.0,IS,2026-02-02,IBIT,short,-6.166666001081467,3,1.7758592596041833,160.4658139594403,15.103437038416729,145.36237692102358,145.36237692102358,55517.18519208366,274952576.1279,1042806487.592
V4,2.0,IS,2026-02-02,MARA,short,-5.749999918043613,4,3.1680564127870485,324.6041657259365,32.67222565114821,291.9319400747883,291.9319400747883,83361.12825574097,24410613.5,69613002.8778
V4,2.0,IS,2026-02-02,MSTR,short,-5.749999918043613,4,1.6906892721368096,147.38357139969096,26.762757088547232,120.62081431114373,120.62081431114373,53813.785442736196,215669965.2424,747253976.9625
V4,2.0,IS,2026-02-02,RTX,short,-4.999999701976776,1,0.7927190591797346,15.091969665241038,11.17087623671894,3.9210934285220986,3.9210934285220986,35854.38118359469,19855856.6565,78467991.6488
V4,2.0,IS,2026-02-02,CRCL,long,4.000002145767212,1,2.908227657859426,-662.6166665452618,31.632910631437653,-694.2495771766994,-694.2495771766994,78164.55315718852,48799609.38,171610757.32430002
V4,2.0,IS,2026-02-02,GLXY,long,4.000002145767212,1,3.7214140353389205,-484.54642905657573,34.885656141355696,-519.4320851979314,-519.4320851979314,94428.28070677842,8798416.5503,30131481.837500002
V4,2.0,IS,2026-02-02,HOOD,long,4.000002145767212,1,3.484888928850709,-919.8073365077862,33.939555715402776,-953.746892223189,-953.746892223189,89697.77857701418,286153883.40000004,1238711875.6934001
V4,2.0,IS,2026-02-03,CRCL,short,-5.500000715255737,1,2.7296171647319456,396.5068505083379,30.918468658927793,365.5883818494101,365.5883818494101,74592.34329463891,27266505.63,131389460.41890001
V4,2.0,IS,2026-02-03,GLXY,short,-5.500000715255737,1,3.3499059831815674,959.8815287563583,33.399623932726286,926.481904823632,926.481904823632,86998.11966363135,11873496.448,66386192.711
V4,2.0,IS,2026-02-03,HOOD,short,-5.500000715255737,1,3.229106834442907,25.903348848365994,32.91642733777163,-7.013078489405636,-7.013078489405635,84582.13668885815,107287263.77209999,443192123.16249996
V4,2.0,IS,2026-02-03,BMNR,short,-2.000001072883606,1,4.654958183508861,-130.160840857328,38.61983273403544,-168.78067359136344,-168.78067359136344,113099.16367017722,25477959.6258,105412038.53299999
V4,2.0,IS,2026-02-03,ETHA,short,-2.000001072883606,1,2.418873792662337,-185.41834950881855,17.675495170649356,-203.0938446794679,-203.0938446794679,68377.47585324674,35720628.9429,193181821.31440002
V4,2.0,IS,2026-02-04,CRCL,long,6.999999284744263,1,2.746935804397597,-28.357978052752397,30.98774321759039,-59.345721270342786,-59.345721270342786,74938.71608795194,23050182.141,105016183.9591
V4,2.0,IS,2026-02-04,GLXY,long,6.999999284744263,1,3.750656120138938,-407.0981091293065,35.00262448055577,-442.1007336098623,-442.10073360986223,95013.12240277877,7845882.2324,33693061.205000006
V4,2.0,IS,2026-02-04,HOOD,long,6.999999284744263,1,3.179046680254571,-298.30839706606156,32.71618672101829,-331.02458378707985,-331.02458378707985,83580.93360509141,165294710.0943,711115174.4312
V4,2.0,IS,2026-02-04,COIN,long,2.0833337058623633,6,2.649568891148558,-265.22593295575507,30.598275564594246,-295.8242085203493,-295.8242085203493,72991.37782297116,101708979.56120001,347845426.292
V4,2.0,IS,2026-02-05,BMNR,short,-4.000002145767212,1,4.4828355573747,723.4894164000747,37.931342229498796,685.5580741705759,685.5580741705759,109656.711147494,45435006.092,152458425.61110002
V4,2.0,IS,2026-02-05,ETHA,short,-4.000002145767212,1,2.327470907418228,897.9302658517087,17.309883629672868,880.6203822220358,880.6203822220357,66549.41814836457,34177834.134,131416223.92570001
V4,2.0,IS,2026-02-05,MARA,short,-2.625000476837158,4,2.9103485199964276,1196.9906844246543,31.64139407998573,1165.3492903446686,1165.3492903446686,78206.97039992856,22613866.9815,63669421.0825
V4,2.0,IS,2026-02-05,MSTR,short,-2.625000476837158,4,1.3195821070791003,1017.6069656146527,25.2783284283164,992.3286371863363,992.3286371863363,46391.64214158201,224061892.4616,725097603.0469
V4,2.0,IS,2026-02-05,RTX,short,-2.4999991059303284,1,0.8513148124861634,-29.872801753011608,11.405259249944656,-41.278061002956264,-41.278061002956264,37026.296249723266,32803653.6384,121190480.57880001
V4,2.0,IS,2026-02-05,COIN,short,-2.416667342185974,6,2.5772482194176156,761.7569055040875,30.30899287767045,731.4479126264171,731.4479126264171,71544.96438835231,192533470.482,542517024.9063001
V4,2.0,IS,2026-02-09,BMNR,long,3.999999165534973,1,5.545432355043553,679.2742228898061,42.18172942017418,637.0924934696319,637.0924934696319,130908.64710087105,44065822.250999995,170281541.662
V4,2.0,IS,2026-02-09,ETHA,long,3.999999165534973,1,3.1120347628673057,273.9946475578568,20.448139051469212,253.5465085063876,253.54650850638762,82240.69525734612,24723294.1254,97859486.3387
V4,2.0,IS,2026-02-09,CRCL,long,2.499997615814209,1,3.307001340422937,453.41492685881417,33.22800536169177,420.1869214971224,420.1869214971224,86140.02680845874,21087504.8472,85430117.04779999
V4,2.0,IS,2026-02-09,GLXY,long,2.499997615814209,1,5.178855782601461,600.1913220660392,40.71542313040584,559.4758989356334,559.4758989356334,123577.11565202923,4765297.7929,23818535.311800003
V4,2.0,IS,2026-02-09,HOOD,long,2.499997615814209,1,3.737571529853585,-43.67698047111835,34.950286119414336,-78.62726659053268,-78.62726659053268,94751.4305970717,215236389.968,758903256.6708
V4,2.0,IS,2026-02-10,IBIT,short,-2.9999999329447746,4,2.4115278144486045,-36.08993131841029,17.646111257794416,-53.7360425762047,-53.7360425762047,68230.55628897209,76185182.0238,513829539.1607
V4,2.0,IS,2026-02-10,MARA,short,-2.799999862909317,5,4.774317853549275,229.89153602301946,39.09727141419711,190.79426460882235,190.79426460882235,115486.3570709855,11873769.9852,46088843.8194
V4,2.0,IS,2026-02-10,MSTR,short,-2.799999862909317,5,3.504221269453727,-94.57352584005946,34.01688507781489,-128.59041091787435,-128.59041091787435,90084.42538907455,165092782.32999998,545634689.6179
V4,2.0,IS,2026-02-10,COIN,short,-2.0714288311345235,7,3.5101831270764836,-143.44801900708597,34.04073250830595,-177.48875151539193,-177.48875151539193,90203.66254152969,66243049.50390001,219024193.7512
V4,2.0,IS,2026-02-10,RTX,short,-2.000001072883606,1,0.7960538243625948,-40.22285854110229,11.184215297450379,-51.40707383855267,-51.40707383855267,35921.07648725189,32741254.5993,85765938.40870002
V4,2.0,IS,2026-02-11,RTX,short,-2.499999850988388,1,0.8009877023587796,-100.10242890419039,11.203950809435113,-111.3063797136255,-111.3063797136255,36019.75404717559,16413176.6208,65902453.4033
V4,2.0,IS,2026-02-12,CRCL,short,-2.999997138977051,1,3.510319563654128,-295.6482283452433,34.041278254616486,-329.6895065998598,-329.6895065998598,90206.39127308255,15562556.942,64832772.8808
V4,2.0,IS,2026-02-12,GLXY,short,-2.999997138977051,1,5.0521858134312865,-839.265637247086,40.208743253725174,-879.4743805008112,-879.4743805008112,121043.71626862574,2963533.1319,12407551.774099998
V4,2.0,IS,2026-02-12,HOOD,short,-2.999997138977051,1,3.7269032727984293,295.0395105422088,34.907613091193696,260.1318974510151,260.1318974510151,94538.06545596858,149761756.22489998,612271134.7174
V4,2.0,IS,2026-02-13,CRCL,long,3.0000030994415283,1,3.3162356667240527,282.32385775497966,33.26494266689622,249.05891508808344,249.05891508808347,86324.71333448106,27120747.5622,117193163.3705
V4,2.0,IS,2026-02-13,GLXY,long,3.0000030994415283,1,4.69750281293766,570.4014433487401,38.790011251750684,531.6114320969895,531.6114320969895,113950.0562587532,2848385.2826,12098354.201399999
V4,2.0,IS,2026-02-13,HOOD,long,3.0000030994415283,1,3.8379467107249323,487.6228102803113,35.35178684289974,452.27102343741154,452.27102343741154,96758.93421449864,152863446.7933,634699451.4001
V4,2.0,IS,2026-02-17,KRE,short,-2.999997138977051,1,0.7407120760335686,5.632180172469928,10.962848304134274,-5.330668131664346,-5.330668131664346,34814.24152067137,33225170.7361,149452791.6039
V4,2.0,IS,2026-02-18,CRCL,long,8.99999737739563,1,3.3357444381640065,60.581354031052015,33.342977752656026,27.23837627839599,27.238376278395993,86714.88876328013,12317266.3662,64538400.7054
V4,2.0,IS,2026-02-18,GLXY,long,8.99999737739563,1,4.879811723341279,-33.92790126374587,39.51924689336513,-73.447148157111,-73.447148157111,117596.23446682558,2027259.8918,7840939.9329
V4,2.0,IS,2026-02-18,HOOD,long,8.99999737739563,1,3.8907006482876385,-75.26502377908135,35.56280259315055,-110.8278263722319,-110.8278263722319,97814.01296575277,72054986.4141,299203289.49509996
V4,2.0,IS,2026-02-19,CRCL,short,-14.000004529953003,1,3.459828291955005,81.78214331253743,33.83931316782002,47.942830144717405,47.942830144717405,89196.5658391001,18279495.3474,65932024.1108
V4,2.0,IS,2026-02-19,GLXY,short,-14.000004529953003,1,4.887595486085556,-68.38493023896932,39.55038194434222,-107.93531218331154,-107.93531218331154,117751.90972171111,2648508.6807,8794025.1005
V4,2.0,IS,2026-02-19,HOOD,short,-14.000004529953003,1,3.8404422447678894,-129.84456958711854,35.36176897907154,-165.20633856619008,-165.20633856619008,96808.84489535778,59912263.62940001,261426686.27019998
V4,2.0,IS,2026-02-19,JETS,short,-3.0000001192092896,1,1.4648019622898252,283.7065214862634,13.859207849159304,269.8473136371041,269.8473136371041,49296.039245796506,941295.079,8941454.4021
V4,2.0,IS,2026-02-19,COIN,short,-2.1428568022591725,7,3.619616502850768,-178.88210444901063,34.47846601140307,-213.3605704604137,-213.36057046041367,92392.33005701535,41418013.8126,215355064.9227
V4,2.0,IS,2026-02-20,CRCL,short,-11.499994993209839,1,3.5578245076116533,240.17943322492033,34.231298030446624,205.9481351944737,205.9481351944737,91156.49015223306,23301614.6604,76611296.75170001
V4,2.0,IS,2026-02-20,GLXY,short,-11.499994993209839,1,4.936712078493093,639.7109084970228,39.74684831397235,599.9640601830505,599.9640601830505,118734.24156986186,1619677.9576,9874025.1704
V4,2.0,IS,2026-02-20,HOOD,short,-11.499994993209839,1,3.613732323407097,246.5256992940644,34.454929293628396,212.070770000436,212.07077000043603,92274.64646814195,106322409.9496,381180038.32780004
V4,2.0,IS,2026-02-23,CRCL,short,-28.499996662139893,1,3.434192220595166,-121.64403910726186,33.73676888238067,-155.38080798964253,-155.38080798964253,88683.84441190332,21196809.195099805,70482181.71758649
V4,2.0,IS,2026-02-23,GLXY,short,-28.499996662139893,1,5.052230666687255,-262.3837291742076,40.208922666749004,-302.5926518409566,-302.5926518409566,121044.6133337451,2295963.2941028555,10242057.684420014
V4,2.0,IS,2026-02-23,HOOD,short,-28.499996662139893,1,3.6452898804789076,87.44647093986663,34.58115952191563,52.865311417951,52.865311417951006,92905.79760957815,62998921.377439775,426189090.2638184
V4,2.0,IS,2026-02-23,COIN,short,-4.5714287885597775,7,3.616752052895249,70.68648853503036,34.467008211580996,36.21948032344937,36.21948032344937,92335.04105790498,84703693.5794159,294848340.05022365
V4,2.0,IS,2026-02-24,IBIT,short,-3.6249997094273567,4,2.658073964919004,-20.929574836388888,18.632295859676013,-39.5618706960649,-39.5618706960649,73161.47929838009,101881770.2026223,329437494.5341807
V4,2.0,IS,2026-02-24,BMNR,short,-3.4999996423721313,1,4.532532127970898,-5.07837778675968,38.13012851188359,-43.20850629864327,-43.20850629864327,110650.64255941796,20680752.219330058,103410404.07202542
V4,2.0,IS,2026-02-24,ETHA,short,-3.4999996423721313,1,3.267088751591727,6.009055125508686,21.068355006366907,-15.059299880858221,-15.059299880858223,85341.77503183454,12102937.21082356,62846289.043417595
V4,2.0,IS,2026-02-24,MARA,short,-3.2999996840953827,5,4.3705258760997605,28.612957266435853,37.48210350439904,-8.86914623796319,-8.86914623796319,107410.5175219952,10007576.83990513,45706439.8240077
V4,2.0,IS,2026-02-24,MSTR,short,-3.2999996840953827,5,3.9683155138013793,79.47327636332234,35.873262055205515,43.600014308116826,43.600014308116826,99366.31027602758,105215256.45060487,378451462.1810192
V4,2.0,IS,2026-02-24,COIN,short,-3.0000004385198866,7,3.5960252467744946,-109.60070568773975,34.38410098709798,-143.98480667483773,-143.98480667483773,91920.5049354899,89970837.72605668,315203231.8566595
V4,2.0,IS,2026-02-24,CCL,long,3.0000001192092896,1,2.204364194063714,248.95743728067788,28.817456776254858,220.13998050442302,220.139980504423,64087.28388127428,18629484.40760719,80883344.26384187
V4,2.0,IS,2026-02-26,CRCL,long,4.000002145767212,1,4.69097378410006,962.485481685818,38.763895136400265,923.7215865494177,923.7215865494177,113819.4756820012,226118582.47063377,1014578084.7664276
V4,2.0,IS,2026-02-26,GLXY,long,4.000002145767212,1,5.252676746509609,29.521754174125885,41.010706986038436,-11.48895281191255,-11.48895281191255,125053.53493019218,3374156.964464114,13826768.770789862
V4,2.0,IS,2026-02-26,HOOD,long,4.000002145767212,1,3.513119835381532,527.589203794007,34.05247934152612,493.5367244524808,493.5367244524809,90262.39670763064,72417734.08592978,266425564.00907204
V4,2.0,IS,2026-02-26,CCL,long,3.0000001192092896,1,2.221238424248098,282.1561497710389,28.884953696992397,253.2711960740465,253.2711960740465,64424.76848496196,34531734.41829088,90350558.94533524
V4,2.0,IS,2026-02-26,COIN,long,2.214284986257553,7,3.9730604871881976,205.99677216453514,35.8922419487528,170.10453021578235,170.10453021578235,99461.20974376395,86458622.85447247,378094276.959074
V4,2.0,IS,2026-02-26,MARA,long,2.1999986469745636,5,4.67083821172745,266.79724380395004,38.6833528469098,228.11389095704024,228.11389095704024,113416.76423454899,12862913.970561313,46411692.89762692
V4,2.0,IS,2026-02-26,MSTR,long,2.1999986469745636,5,4.357143533238742,221.9531196419347,37.428574132954964,184.52454550897974,184.52454550897974,107142.87066477483,89574755.58550051,292710653.213969
V4,2.0,IS,2026-03-02,CRCL,long,21.99999988079071,1,4.378497310904776,1404.9377651452771,37.51398924361911,1367.423775901658,1367.423775901658,107569.94621809552,97570047.8062727,646783226.4657322
V4,2.0,IS,2026-03-02,GLXY,long,21.99999988079071,1,5.2863633687244045,267.5871955486066,41.145453474897636,226.44174207370895,226.44174207370895,125727.26737448809,2764383.441141941,8235431.946824892
V4,2.0,IS,2026-03-02,HOOD,long,21.99999988079071,1,3.4236607069251375,332.2859269024137,33.694642827700534,298.59128407471314,298.59128407471314,88473.21413850274,117317416.88615441,366416831.8566978
V4,2.0,IS,2026-03-02,CCL,short,-13.499999046325684,1,2.2118112050753846,151.1703241176886,28.84724482030154,122.32307929738707,122.32307929738707,64236.224101507694,82598425.44548725,257137457.73165473
V4,2.0,IS,2026-03-02,BMNR,short,-3.5000011324882507,1,4.797782188006629,-264.6801430060401,39.19112875202654,-303.87127175806665,-303.87127175806665,115955.64376013257,30860877.069300774,135541226.694763
V4,2.0,IS,2026-03-02,ETHA,short,-3.5000011324882507,1,3.5398091488522305,-170.41231412369157,22.159236595408913,-192.5715507191005,-192.5715507191005,90796.1829770446,23406056.880903408,129951518.12905085
V4,2.0,IS,2026-03-02,COIN,long,2.2857138088771274,7,3.882107523440311,295.2166993621364,35.528430093761244,259.68826926837517,259.68826926837517,97642.15046880623,83831978.49518208,301182012.6225068
V4,2.0,IS,2026-03-02,SPY,short,-2.235714133296694,7,0.9999999999999999,-1.734723475976807e-14,12.0,-12.000000000000018,-12.000000000000018,40000.0,1941552212.7366471,7340618062.683993
V4,2.0,IS,2026-03-02,ITA,long,2.124999277293682,4,0.9617940219718382,-9.027409549407107,11.847176087887352,-20.87458563729446,-20.87458563729446,39235.88043943676,48908692.31784031,131430777.60073967
V4,2.0,IS,2026-03-02,KRE,short,-2.0000040531158447,1,1.0275268264621367,-197.42544539913675,12.110107305848544,-209.5355527049853,-209.5355527049853,40550.53652924274,156487869.7233098,533568217.9264568
V4,2.0,IS,2026-03-03,CRCL,long,3.4999966621398926,1,4.396572681625838,551.390267690229,37.58629072650331,513.8039769637257,513.8039769637257,107931.45363251677,101644284.60532138,410944921.9743238
V4,2.0,IS,2026-03-03,GLXY,long,3.4999966621398926,1,5.285649552621282,-410.3542048145444,41.14259821048512,-451.4968030250295,-451.4968030250295,125712.99105242564,1593160.3686786974,6431381.340403773
V4,2.0,IS,2026-03-03,HOOD,long,3.4999966621398926,1,3.4157514605682233,10.554145049670344,33.663005842272895,-23.10886079260255,-23.10886079260255,88315.02921136447,98930404.91202463,276278970.06286967
V4,2.0,IS,2026-03-03,IBIT,short,-2.499999850988388,4,2.810509075097366,43.02134753075518,19.242036300389465,23.779311230365714,23.779311230365714,76210.18150194731,99779535.64872713,396575764.7257825
V4,2.0,IS,2026-03-03,RTX,long,2.0000003278255463,1,0.453404858207582,-340.1430204113627,9.813619432830308,-349.95663984419303,-349.95663984419303,29068.09716415164,133454306.44398029,320625426.0900012
V4,2.0,IS,2026-03-04,JETS,short,-3.999999165534973,1,1.4430814553234879,218.98187047600373,13.772325821293947,205.2095446547098,205.2095446547098,48861.62910646975,3085713.262843459,8936495.855818614
V4,2.0,IS,2026-03-04,CCL,short,-3.4999996423721313,1,2.2204037159775196,324.7796485971961,28.8816148639101,295.898033733286,295.898033733286,64408.07431955039,36926286.10480564,117068820.0546623
V4,2.0,IS,2026-03-04,CRCL,long,3.4999966621398926,1,4.048579225315446,22.823962713410978,36.194316901261786,-13.370354187850808,-13.370354187850808,100971.58450630891,218153676.66188973,557223102.1241083
V4,2.0,IS,2026-03-04,GLXY,long,3.4999966621398926,1,5.222803565109179,900.3222966187058,40.891214260436755,859.431082358269,859.431082358269,124456.07130218358,4662694.921475185,19338888.30976481
V4,2.0,IS,2026-03-04,HOOD,long,3.4999966621398926,1,3.33245051490042,156.56602532032335,33.32980205960169,123.23622326072166,123.23622326072166,86649.01029800842,173158256.01229167,677590732.2286338
V4,2.0,IS,2026-03-04,IBIT,long,2.1250009536743164,4,2.7373003677892904,42.51689461222802,18.94920147115716,23.567693141070862,23.567693141070862,74746.00735578581,250450352.13795567,792352616.4974968
V4,2.0,IS,2026-03-05,JETS,long,2.4999991059303284,1,1.4081873392561062,-273.5652871871749,13.632749357024409,-287.1980365441993,-287.1980365441993,48163.74678512212,3373076.1074247486,22271821.792547386
V4,2.0,IS,2026-03-05,RTX,long,2.000001072883606,1,0.5547260866494007,-214.94941372310905,10.218904346597611,-225.16831806970666,-225.16831806970666,31094.52173298801,50828203.73722664,179124832.2360287
V4,2.0,IS,2026-03-09,CCL,short,-9.49999988079071,1,2.2865127811469668,-377.84012095622785,29.14605112458787,-406.9861720808157,-406.9861720808157,65730.25562293934,57772428.32431159,195608124.8527535
V4,2.0,IS,2026-03-09,JETS,short,-8.500000834465027,1,1.5115397854389712,-175.32950483411278,14.04615914175588,-189.37566397586866,-189.37566397586866,50230.79570877942,6778292.559441764,37376416.6606284
V4,2.0,IS,2026-03-09,LMT,long,8.000000566244125,2,0.4438821910050407,-250.95537874354565,9.775528764020152,-260.7309075075658,-260.7309075075658,28877.643820100817,115381472.51550849,255654888.06233832
V4,2.0,IS,2026-03-09,RTX,long,7.500000298023224,1,0.4598564100253544,-248.25018170106085,9.83942564010141,-258.08960734116226,-258.08960734116226,29197.128200507086,110544477.04771058,261005247.6567685
V4,2.0,IS,2026-03-09,BMNR,short,-4.500000178813934,1,4.909937866626508,404.0710856201511,39.63975146650603,364.4313341536451,364.4313341536451,118198.75733253015,26079443.9246883,110374861.64765534
V4,2.0,IS,2026-03-09,ETHA,short,-4.500000178813934,1,3.6840453406805107,580.2406264586923,22.73618136272205,557.5044450959703,557.5044450959703,93680.90681361021,14068834.800259644,89610348.97886153
V4,2.0,IS,2026-03-09,KRE,short,-4.000002145767212,1,1.0780412737678513,91.46137907915211,12.312165095071407,79.1492139840807,79.1492139840807,41560.82547535703,44468588.89959129,176698075.31827182
V4,2.0,IS,2026-03-09,SPY,short,-3.435714529561145,7,1.0000000000000002,3.469446951953614e-14,12.0,-11.999999999999964,-11.999999999999964,40000.0,1604363243.0932245,7069736410.426011
V4,2.0,IS,2026-03-10,BMNR,long,4.0000006556510925,1,5.114674343410597,121.79965499711112,40.45869737364238,81.34095762346874,81.34095762346874,122293.48686821194,31448436.624116134,99923781.84704173
V4,2.0,IS,2026-03-10,ETHA,long,4.0000006556510925,1,3.709910414377977,-54.566418202234914,22.839641657511905,-77.40605985974682,-77.40605985974682,94198.20828755954,13637518.270435853,66992946.23340044
V4,2.0,IS,2026-03-10,RTX,short,-3.4999996423721313,1,0.4159937903285384,-35.003551115140155,9.663975161314156,-44.66752627645431,-44.66752627645431,28319.87580657077,29605639.171080828,71976963.1557296
V4,2.0,IS,2026-03-10,LMT,short,-3.2499998807907104,2,0.37984210556972803,98.03640030802316,9.519368422278916,88.51703188574425,88.51703188574425,27596.842111394562,58661845.85531352,129396339.81378902
V4,2.0,IS,2026-03-10,JETS,long,3.0000001192092896,1,1.5244395141991107,-71.38381994633629,14.09775805679645,-85.48157800313274,-85.48157800313274,50488.79028398222,4295233.305167718,20150132.946914617
V4,2.0,IS,2026-03-11,RTX,long,5.0000011920928955,1,0.39671845981593007,84.51363441153012,9.586873839263717,74.9267605722664,74.9267605722664,27934.369196318603,28004963.84143158,76809113.96778893
V4,2.0,IS,2026-03-11,LMT,long,2.5000005960464478,2,0.4060294878482396,66.56602545515693,9.624117951392961,56.94190750376397,56.94190750376397,28120.58975696479,27409564.58232099,73569517.61321084
V4,2.0,IS,2026-03-12,CRCL,short,-2.499997615814209,1,4.296337376180935,-423.0890187734054,37.18534950472372,-460.27436827812915,-460.27436827812915,105926.74752361869,55925758.32247026,336088057.30051243
V4,2.0,IS,2026-03-12,GLXY,short,-2.499997615814209,1,5.928310564707705,-182.49489485391027,43.71324225883083,-226.2081371127411,-226.20813711274107,138566.2112941541,837127.6629497195,3543934.7302925326
V4,2.0,IS,2026-03-12,HOOD,short,-2.499997615814209,1,3.639549311595531,-119.34855449570101,34.558197246382136,-153.90675174208315,-153.90675174208315,92790.9862319106,56605129.49800259,227792596.89057583
V4,2.0,IS,2026-03-13,RTX,short,-3.999999165534973,1,0.4981330196427687,-55.300879181822964,9.992532078571074,-65.29341126039404,-65.29341126039404,29962.660392855374,24988400.39062925,79558326.16261199
V4,2.0,IS,2026-03-13,BMNR,long,3.0000001192092896,1,4.741410922983451,-66.87548811803688,38.965643691933806,-105.84113180997069,-105.84113180997069,114828.21845966902,72690731.55059692,261282979.71684176
V4,2.0,IS,2026-03-13,ETHA,long,3.0000001192092896,1,3.4719242781655955,-2.2791606826440964,21.88769711266238,-24.166857795306477,-24.166857795306477,89438.4855633119,24520004.214240972,109843592.43365297
V4,2.0,IS,2026-03-13,CRCL,long,2.999997138977051,1,3.8972933274669215,157.85239172952944,35.58917330986769,122.26321841966175,122.26321841966174,97945.86654933843,89947256.6782098,288668826.858518
V4,2.0,IS,2026-03-13,GLXY,long,2.999997138977051,1,5.543756791370204,924.4067849587353,42.175027165480856,882.2317577932545,882.2317577932544,130875.13582740408,4016900.783498346,17147541.97550612
V4,2.0,IS,2026-03-13,HOOD,long,2.999997138977051,1,3.54901834924068,-70.13285886422597,34.19607339696272,-104.32893226118868,-104.32893226118868,90980.3669848136,108983463.4867303,411829690.15995467
V4,2.0,IS,2026-03-13,CCL,long,2.000001072883606,1,2.485704030350095,221.50957071490376,29.94281612140037,191.5667545935034,191.5667545935034,69714.0806070019,27002295.917239137,96519045.64289893
V4,2.0,IS,2026-03-16,BMNR,long,9.000000357627869,1,4.653962014048845,460.2878735345777,38.615848056195375,421.67202547838235,421.6720254783823,113079.2402809769,82756589.19271868,275343845.0602091
V4,2.0,IS,2026-03-16,ETHA,long,9.000000357627869,1,3.3901252907492463,194.0938521955926,21.560501162996985,172.53335103259562,172.53335103259562,87802.50581498492,25750578.56100865,157836400.1317657
V4,2.0,IS,2026-03-16,JETS,short,-6.50000274181366,1,1.6357873350336238,-74.08269207429551,14.543149340134491,-88.62584141443,-88.62584141443,52715.74670067247,3944701.9484427,16467772.040495243
V4,2.0,IS,2026-03-16,LMT,long,4.750001430511475,2,0.43208831848146523,-3.9820091162518874,9.728353273925862,-13.71036239017775,-13.71036239017775,28641.766369629306,27355234.938495953,82010850.08636305
V4,2.0,IS,2026-03-16,RTX,long,3.0000001192092896,1,0.49137182527240153,62.1714688036638,9.96548730108961,52.20598150257419,52.20598150257419,29827.43650544803,22119489.10928886,90195503.41234374
V4,2.0,IS,2026-03-16,COIN,long,2.428572518484933,7,3.9439567943668745,32.67013660508179,35.7758271774675,-3.1056905723857113,-3.1056905723857113,98879.13588733748,142483427.02827796,486295126.95765436
V4,2.0,IS,2026-03-16,CRCL,long,2.0000040531158447,1,3.8230810053388877,440.3991546944032,35.29232402135557,405.1068306730476,405.1068306730476,96461.62010677776,167150451.33791894,527325617.42561233
V4,2.0,IS,2026-03-16,GLXY,long,2.0000040531158447,1,5.325233018311392,-174.47070573709703,41.300932073245576,-215.7716378103426,-215.7716378103426,126504.66036622785,4607088.00341455,19638957.0574087
V4,2.0,IS,2026-03-16,HOOD,long,2.0000040531158447,1,3.558030945320115,-5.575918607468914,34.232123781280464,-39.80804238874938,-39.80804238874938,91160.6189064023,82032168.19828282,277730121.03735745
V4,2.0,IS,2026-03-17,BMNR,long,6.000000238418579,1,4.982012285828604,101.53695621242251,39.92804914331441,61.6089070691081,61.6089070691081,119640.24571657207,35326015.38638464,122392263.05630927
V4,2.0,IS,2026-03-17,ETHA,long,6.000000238418579,1,3.652663407439572,95.88165458959281,22.61065362975829,73.27100095983452,73.27100095983452,93053.26814879145,14474830.456700342,74594638.90211771
V4,2.0,IS,2026-03-17,CCL,short,-3.4999996423721313,1,2.48623570446571,9.794058221641492,29.944942817862838,-20.150884596221346,-20.150884596221346,69724.7140893142,27136430.115513187,103632756.02937624
V4,2.0,IS,2026-03-18,RTX,short,-4.999999701976776,1,0.42396702505232786,-55.199098395540304,9.69586810020931,-64.89496649574961,-64.89496649574961,28479.34050104656,21648209.47019127,70981597.57535778
V4,2.0,IS,2026-03-18,JETS,short,-4.000002145767212,1,1.7039795697367441,1.148738744340752,14.815918278946977,-13.667179534606225,-13.667179534606225,54079.59139473489,5541994.415913796,48545871.439144015
V4,2.0,IS,2026-03-18,BMNR,short,-3.0000001192092896,1,4.93383512977511,-59.83568928314954,39.73534051910044,-99.57102980224998,-99.57102980224998,118676.7025955022,42419577.67024755,139174997.17231515
V4,2.0,IS,2026-03-18,ETHA,short,-3.0000001192092896,1,3.639181871013447,-136.4321494392181,22.556727484053795,-158.9888769232719,-158.9888769232719,92783.63742026893,23321446.16678422,87970395.10178697
V4,2.0,IS,2026-03-18,CCL,long,2.5000005960464478,1,2.5737570470494555,33.387406782909096,30.295028188197822,3.092378594711274,3.092378594711274,71475.1409409891,28760742.694787998,79303727.40908787
V4,2.0,IS,2026-03-19,BMNR,short,-6.4999982714653015,1,5.125495031634604,12.81896700781826,40.50198012653841,-27.683013118720154,-27.683013118720154,122509.90063269208,44313529.74925859,130260143.99152076
V4,2.0,IS,2026-03-19,ETHA,short,-6.4999982714653015,1,3.7649464343543713,89.96274366320272,23.059785737417485,66.90295792578523,66.90295792578523,95298.92868708742,29699982.075005077,77958454.91117562
V4,2.0,IS,2026-03-19,JETS,short,-5.500000715255737,1,1.6838939965771893,-126.90012545586075,14.73557598630876,-141.6357014421695,-141.6357014421695,53677.87993154378,3967043.522380083,13366587.566691946
V4,2.0,IS,2026-03-19,LMT,long,2.250000089406967,2,0.3489324189244218,-39.722346505001,9.395729675697687,-49.11807618069869,-49.11807618069869,26978.648378488437,22112204.48160498,119525279.24510625
V4,2.0,IS,2026-03-20,JETS,short,-7.999998331069946,1,1.6809919273828702,21.171890505303804,14.72396770953148,6.447922795772323,6.447922795772323,53619.838547657404,1626164.5029274046,26055830.144110262
V4,2.0,IS,2026-03-20,CCL,long,5.0000011920928955,1,2.393978803059247,117.61750106033884,29.575915212236993,88.04158584810185,88.04158584810185,67879.57606118494,46051014.90767072,103811567.84136137
V4,2.0,IS,2026-03-20,LMT,long,3.999999165534973,2,0.35463583366470675,-82.76123780720818,9.418543334658821,-92.179781141867,-92.179781141867,27092.716673294133,106929189.73916844,143119317.40445
V4,2.0,IS,2026-03-20,BMNR,long,2.4999991059303284,1,4.975216020218709,492.87773416380026,39.90086408087484,452.9768700829254,452.9768700829255,119504.32040437419,20537094.231702473,87532715.39699075
V4,2.0,IS,2026-03-20,ETHA,long,2.4999991059303284,1,3.6546393000137027,381.98114843569675,22.618557200054795,359.36259123564196,359.36259123564196,93092.78600027405,8580514.127947314,38193298.09830834
V4,2.0,IS,2026-03-23,JETS,long,13.999998569488525,1,1.6389565565194422,-34.070140666595435,14.55582622607777,-48.625966892673205,-48.625966892673205,52779.13113038885,12007971.57648752,36539125.03163256
V4,2.0,IS,2026-03-23,LMT,short,-8.249999582767487,2,0.4000240936506127,189.63618537811772,9.600096374602458,180.03608900351526,180.03608900351526,28000.481873012253,30534626.591666833,139983073.21556762
V4,2.0,IS,2026-03-23,CCL,short,-3.0000001192092896,1,2.302001573614733,-16.301368295560653,29.208006294458936,-45.50937459001959,-45.50937459001959,66040.03147229465,57709482.13235698,144243185.242101
V4,2.0,IS,2026-03-23,RTX,short,-2.5000005960464478,1,0.36950147662459987,104.56143810180521,9.478005906498396,95.08343219530681,95.08343219530681,27390.029532491997,31590524.888360076,113141276.32320416
V4,2.0,IS,2026-03-24,JETS,short,-2.499997615814209,1,1.7366520480652095,-70.01094132835675,14.94660819226084,-84.95754952061759,-84.95754952061759,54733.04096130419,2515217.3173163254,11088805.689954907
V4,2.0,IS,2026-03-25,CRCL,short,-2.999997138977051,1,3.8431435838194865,159.00211516236965,35.372574335277946,123.6295408270917,123.62954082709172,96862.87167638972,135013623.2062296,589483111.5789096
V4,2.0,IS,2026-03-25,GLXY,short,-2.999997138977051,1,5.088479744137872,106.72463503072103,40.35391897655148,66.37071605416955,66.37071605416955,121769.59488275743,2306411.094057535,6297398.09502068
V4,2.0,IS,2026-03-25,HOOD,short,-2.999997138977051,1,3.4910470084269565,-199.05577872939506,33.96418803370784,-233.0199667631029,-233.01996676310293,89820.94016853913,155638160.58053902,468181324.3023498
V4,2.0,IS,2026-03-26,CRCL,short,-5.0000011920928955,1,3.840929133809486,-52.11092885942202,35.36371653523794,-87.47464539465996,-87.47464539465996,96818.58267618972,65357235.74044402,257346555.421678
V4,2.0,IS,2026-03-26,GLXY,short,-5.0000011920928955,1,5.041117533061636,74.55821860180761,40.16447013224654,34.39374846956107,34.39374846956107,120822.35066123272,969479.44799205,3843834.487446391
V4,2.0,IS,2026-03-26,HOOD,short,-5.0000011920928955,1,3.5580488162685424,-268.3183667028232,34.232195265074154,-302.55056196789735,-302.55056196789735,91160.97632537084,40203264.3366478,200881469.2385741
V4,2.0,IS,2026-03-26,JETS,short,-2.999997138977051,1,1.765939197249705,-216.70798720143827,15.06375678899883,-231.7717439904371,-231.77174399043707,55318.7839449941,2082350.002649238,9273357.142410835
V4,2.0,IS,2026-03-27,RTX,long,3.4999996423721313,1,0.33661783049665883,-98.81000129477388,9.346471321986641,-108.15647261676052,-108.15647261676052,26732.35660993318,13656652.992266782,48614423.7449844
V4,2.0,IS,2026-03-27,CCL,long,3.0000001192092896,1,2.3512534319450333,149.40297585314195,29.40501372778013,119.99796212536182,119.99796212536182,67025.06863890067,51445553.99196957,156925227.6597108
V4,2.0,IS,2026-03-27,IBIT,short,-2.8749996796250343,4,2.6605627319984793,-241.51126753267076,18.6422509279939,-260.15351846066466,-260.15351846066466,73211.25463996959,90319225.02971545,398732116.74725527
V4,2.0,IS,2026-03-27,MARA,short,-2.699999660253525,5,3.9669804423801707,-164.88111917932605,35.86792176952068,-200.74904094884673,-200.74904094884673,99339.60884760342,14973225.474090245,57211826.03760524
V4,2.0,IS,2026-03-27,MSTR,short,-2.699999660253525,5,4.1599373676125,-251.04457294580183,36.63974947044997,-287.6843224162518,-287.6843224162518,103198.74735225,80713007.21840939,342592370.7432278
V4,2.0,IS,2026-03-27,COIN,short,-2.071428405387061,7,3.8004885303352562,-87.46415439561707,35.20195412134103,-122.6661085169581,-122.6661085169581,96009.77060670512,82921780.33152954,360520236.3539833
V4,2.0,IS,2026-03-30,CRCL,short,-7.4999988079071045,1,3.782098311705113,189.98383858189638,35.12839324682045,154.85544533507593,154.85544533507593,95641.96623410226,56163360.14230457,191427408.07919845
V4,2.0,IS,2026-03-30,GLXY,short,-7.4999988079071045,1,5.027052860235594,94.38802847047637,40.10821144094238,54.279817029533994,54.27981702953399,120541.05720471188,5716242.50543994,9549848.766328903
V4,2.0,IS,2026-03-30,HOOD,short,-7.4999988079071045,1,3.3983573644581044,-173.8872325537426,33.59342945783243,-207.48066201157502,-207.48066201157502,87967.1472891621,60479331.40381723,235769445.22587374
V4,2.0,IS,2026-03-30,CCL,short,-6.000000238418579,1,2.3616945753075513,-124.19418156935807,29.446778301230196,-153.64095987058826,-153.64095987058826,67233.89150615102,27860888.264893286,113268788.60172482
V4,2.0,IS,2026-03-30,JETS,short,-5.999994277954102,1,1.6982162934260314,45.16555032499779,14.792865173704126,30.372685151293663,30.372685151293663,53964.32586852063,2296959.9131244984,11688401.786818491
V4,2.0,IS,2026-03-30,BMNR,long,3.0000001192092896,1,4.638455116721644,132.631461602652,38.55382046688658,94.07764113576542,94.07764113576542,112769.10233443289,32357737.700197928,102630151.40478314
V4,2.0,IS,2026-03-30,ETHA,long,3.0000001192092896,1,3.294346072300172,179.78148226838104,21.17738428920069,158.60409797918035,158.60409797918035,85886.92144600344,13954156.267645275,117865653.34364396
V4,2.0,IS,2026-03-30,LMT,long,2.2499971091747284,2,0.4096836659481169,-313.5830950107512,9.63873466379249,-323.2218296745437,-323.2218296745437,28193.673318962337,33777367.57853407,112708372.7803024
V4,2.0,IS,2026-03-30,COIN,short,-2.1428572280066356,7,3.8243429135296707,-260.88594024111893,35.297371654118706,-296.18331189523764,-296.18331189523764,96486.85827059342,71742321.23855643,222344188.52797925
V4,2.0,IS,2026-03-30,MARA,short,-2.1000003814697266,5,3.974750287995771,-43.35060968267149,35.899001151983086,-79.24961083465458,-79.24961083465458,99495.00575991542,15547343.947694944,52364867.66325471
V4,2.0,IS,2026-03-31,CRCL,short,-8.499997854232788,1,3.817846949002465,204.77116296119604,35.27138779600986,169.49977516518618,169.49977516518618,96356.93898004931,39093931.87200379,116823906.40630454
V4,2.0,IS,2026-03-31,GLXY,short,-8.499997854232788,1,5.066691372979107,389.130074949938,40.26676549191643,348.86330945802155,348.86330945802155,121333.82745958214,3722176.722742595,16018351.077993028
V4,2.0,IS,2026-03-31,HOOD,short,-8.499997854232788,1,3.4104674826617556,81.77456211988648,33.64186993064702,48.132692189239464,48.132692189239464,88209.34965323511,77126321.52324736,283347155.2128672
V4,2.0,IS,2026-03-31,JETS,long,6.000000238418579,1,1.724058972896812,-27.806322621630777,14.896235891587246,-42.70255851321802,-42.70255851321802,54481.17945793625,1872993.9270200424,13850973.341442917
V4,2.0,IS,2026-03-31,LMT,short,-3.0000001192092896,2,0.4100531071117637,75.30026613811539,9.640212428447057,65.66005370966833,65.66005370966833,28201.062142235274,21698850.230897777,57665147.41361055
V4,2.0,IS,2026-04-01,JETS,long,10.499998927116394,1,1.6746001355885143,71.18564654111924,14.698400542354058,56.48724599876518,56.48724599876518,53492.00271177029,3450594.336680525,16545105.279841075
V4,2.0,IS,2026-04-01,LMT,short,-5.999999493360519,2,0.3590503735004548,-142.49601431769642,9.436201494001807,-151.93221581169823,-151.93221581169823,27181.0074700091,324339.971428273,75230808.41816744
V4,2.0,IS,2026-04-02,CRCL,long,16.500002145767212,1,3.325809633945566,-167.67443671536284,33.30323853578227,-200.97767525114511,-200.97767525114511,86516.19267891132,44131282.08538022,234441093.01837352
V4,2.0,IS,2026-04-02,GLXY,long,16.500002145767212,1,4.356507060265774,-81.66314167971395,37.426028241063094,-119.08916992077704,-119.08916992077704,107130.14120531549,2176917.4600794,9801736.418239834
V4,2.0,IS,2026-04-02,HOOD,long,16.500002145767212,1,3.1182259329079987,-197.40658721920954,32.47290373163199,-229.87949095084153,-229.87949095084156,82364.51865815997,95634061.75588202,310802057.21982926
V4,2.0,IS,2026-04-02,RTX,short,-3.0000001192092896,1,0.4946070720334645,13.945451632345227,9.978428288133857,3.96702334421137,3.96702334421137,29892.14144066929,26031152.788800467,75105337.69058459
V4,2.0,IS,2026-04-02,CCL,long,2.5000005960464478,1,2.4529066560658146,-230.7136315913539,29.811626624263255,-260.52525821561716,-260.52525821561716,69058.13312131629,36451415.63693716,100312920.58722785
V4,2.0,IS,2026-04-06,RTX,long,2.5000005960464478,1,0.48662412317236103,88.50904680522841,9.946496492689448,78.56255031253896,78.56255031253896,29732.482463447224,15063745.078556111,44109422.68418938
V4,2.0,IS,2026-04-06,CCL,short,-2.000001072883606,1,2.423757441393234,6.177414721737686,29.695029765572936,-23.51761504383525,-23.51761504383525,68475.14882786469,18294661.9931842,52967621.68391056
V4,2.0,IS,2026-04-07,ITA,short,-4.800000488758087,5,1.062808490145897,80.7983736917386,12.25123396058359,68.54713973115501,68.54713973115501,41256.16980291793,4147066.4512023977,18130842.849137813
V4,2.0,IS,2026-04-07,JETS,short,-3.0000030994415283,1,1.6727605088698314,46.53210498594052,14.691042035479327,31.841062950461193,31.841062950461193,53455.21017739663,2973145.6146110417,9533871.231657855
V4,2.0,IS,2026-04-08,JETS,long,31.50000125169754,1,1.6709507942950879,-411.28557059467073,14.68380317718038,-425.9693737718511,-425.9693737718511,53419.015885901754,21011421.022404373,45184612.77699175
V4,2.0,IS,2026-04-08,LMT,short,-15.75000062584877,2,0.3175820569665204,-266.70402889544806,9.27032822786606,-275.9743571233141,-275.9743571233141,26351.641139330408,60023177.95117775,180411237.01428986
V4,2.0,IS,2026-04-08,CRCL,short,-6.999999284744263,1,3.3330755578725713,661.5116867666086,33.3323022314903,628.1793845351183,628.1793845351183,86661.51115745143,86310479.0612759,264147155.56575426
V4,2.0,IS,2026-04-08,GLXY,short,-6.999999284744263,1,4.424672401120904,605.4327732657986,37.69868960448366,567.7340836613149,567.7340836613149,108493.44802241807,5046076.066227238,18205678.032592405
V4,2.0,IS,2026-04-08,HOOD,short,-6.999999284744263,1,3.1417229614408417,621.680168148319,32.566891845763394,589.1132763025556,589.1132763025556,82834.45922881682,224333329.89832404,616748271.5358694
V4,2.0,IS,2026-04-08,SPY,long,4.685714475012252,7,1.0,0.0,12.0,-12.0,-12.0,40000.0,2207168319.0211496,9001027549.964426
V4,2.0,IS,2026-04-08,ITA,long,2.8999999165534973,5,1.0600867824315139,61.38504236605022,12.240347129726054,49.14469523632417,49.14469523632417,41201.735648630274,8441476.848175203,28300189.080117323
V4,2.0,IS,2026-04-08,IBIT,long,2.5000005960464478,4,2.282327189664467,-139.4644706416264,17.129308758657857,-156.59377940028426,-156.59377940028426,65646.54379328934,87113517.30577354,331875024.1054642
V4,2.0,IS,2026-04-08,MARA,long,2.200000286102295,5,3.4212644555412544,5.260687441714694,33.68505782216502,-28.424370380450327,-28.424370380450327,88425.28911082509,27952952.230940018,69690394.63376628
V4,2.0,IS,2026-04-08,MSTR,long,2.200000286102295,5,3.558011725709902,-375.5941275981639,34.23204690283961,-409.8261745010035,-409.8261745010035,91160.23451419803,134430435.82693326,418470477.3889502
V4,2.0,IS,2026-04-09,JETS,long,3.0000001192092896,1,1.7331454247642928,-46.18648965846943,14.932581699057174,-61.11907135752661,-61.11907135752661,54662.908495285854,3532511.1333167194,9752622.75386724
V4,2.0,IS,2026-04-09,CRCL,short,-2.5000035762786865,1,2.940737781900556,1075.6280868342985,31.762951127602264,1043.8651357066963,1043.8651357066963,78814.75563801112,33491419.613597263,161766542.4898427
V4,2.0,IS,2026-04-09,GLXY,short,-2.5000035762786865,1,4.057053355848827,-995.8389523213776,36.22821342339523,-1032.0671657447729,-1032.0671657447729,101141.06711697653,742057.6678971121,3977562.0742984735
V4,2.0,IS,2026-04-09,HOOD,short,-2.5000035762786865,1,2.960295791644234,424.5882564320907,31.84118316657691,392.7470732655138,392.7470732655138,79205.91583288468,54535468.17961169,237864517.01871443
V4,2.0,IS,2026-04-10,RTX,long,2.000001072883606,1,0.5297419910086749,-46.49583797338727,10.118967964034695,-56.61480593742196,-56.61480593742196,30594.8398201735,17530919.11504933,79291045.87332517
V4,2.0,IS,2026-04-13,JETS,short,-5.0000011920928955,1,1.7198265982299705,9.173780904519653,14.879306392919883,-5.70552548840023,-5.70552548840023,54396.53196459942,1815084.4120988024,7061939.399392075
V4,2.0,IS,2026-04-13,CCL,long,3.999999165534973,1,2.6446806447258058,-95.9007427736315,30.578722578903225,-126.47946535253473,-126.47946535253473,72893.61289451612,29006222.49221937,85994762.29110704
V4,2.0,IS,2026-04-13,LMT,long,3.0000008642673492,2,0.20502769088508935,0.1899946105778658,8.820110763540358,-8.630116152962492,-8.630116152962492,24100.553817701788,1146431.7722748553,44814496.56037774
V4,2.0,IS,2026-04-13,KRE,short,-3.0000001192092896,1,0.9309914639322509,3.0328653303321635,11.723965855729006,-8.691100525396841,-8.691100525396841,38619.82927864502,23373161.038059957,102796563.2085817
V4,2.0,IS,2026-04-13,IBIT,short,-2.749999612569809,4,2.2129899063196286,-26.362811108661088,16.851959625278514,-43.2147707339396,-43.2147707339396,64259.79812639257,55779617.752775244,323275448.86557364
V4,2.0,IS,2026-04-13,ITA,long,2.199999690055847,5,1.084115152487538,54.035224848537105,12.336460609950151,41.69876423858695,41.69876423858695,41682.30304975076,5644797.478114092,17510604.19855383
V4,2.0,IS,2026-04-14,IBIT,long,3.25000062584877,4,2.2234239262521958,-247.71544992542013,16.893695705008753,-264.6091456304289,-264.6091456304289,64468.478525043916,109912555.59904753,431796757.15889466
V4,2.0,IS,2026-04-14,MARA,long,2.7000004053115845,5,3.458656685272619,-459.8821737357885,33.83462674109046,-493.716800476879,-493.716800476879,89173.13370545238,20108505.364961106,92306761.22355983
V4,2.0,IS,2026-04-14,MSTR,long,2.7000004053115845,5,3.455128405354224,-373.01643276553506,33.820513621416865,-406.8369463869519,-406.8369463869519,89102.56810708449,133629992.93101023,548798288.8297901
V4,2.0,IS,2026-04-14,COIN,long,2.214285731315613,7,3.2027180514348714,-69.20613394665538,32.810872205739486,-102.01700615239487,-102.01700615239487,84054.36102869743,114507780.8912784,407399964.79115725
V4,2.0,IS,2026-04-15,JETS,short,-5.0000011920928955,1,1.7272577912866447,110.08014723731344,14.909031165146587,95.17111607216685,95.17111607216685,54545.1558257329,1461539.1013851264,8241907.027624078
V4,2.0,IS,2026-04-15,CRCL,long,4.499995708465576,1,3.09502086692281,-398.15740420886937,32.380083467691236,-430.5374876765606,-430.5374876765606,81900.4173384562,58778184.988146625,194915745.94206902
V4,2.0,IS,2026-04-15,GLXY,long,4.499995708465576,1,4.176247338566888,60.663930979777476,36.70498935426755,23.958941625509922,23.958941625509922,103524.94677133777,5055703.8071697075,18498745.04347133
V4,2.0,IS,2026-04-15,HOOD,long,4.499995708465576,1,3.1567530755586923,251.65506452658408,32.62701230223476,219.02805222434932,219.02805222434932,83135.06151117384,444118028.70541245,1421415252.2808852
V4,2.0,IS,2026-04-16,CRCL,long,4.499995708465576,1,3.057583294134985,20.685353085954297,32.23033317653994,-11.544980090585646,-11.544980090585646,81151.6658826997,39495218.008165486,185269042.03204405
V4,2.0,IS,2026-04-16,GLXY,long,4.499995708465576,1,4.169676800858997,-209.93910606087954,36.678707203436005,-246.61781326431554,-246.61781326431552,103393.53601717994,3955688.8872328075,11887539.494756786
V4,2.0,IS,2026-04-16,HOOD,long,4.499995708465576,1,3.2647554957004714,-288.54359143315907,33.05902198280188,-321.60261341596095,-321.60261341596095,85295.10991400943,266165865.80426174,1085037742.4174078
V4,2.0,IS,2026-04-17,JETS,long,6.999999284744263,1,1.7514464547236737,-139.5433830389418,15.00578581889468,-154.5491688578365,-154.5491688578365,55028.92909447347,10244163.500545058,39960685.37371362
V4,2.0,IS,2026-04-17,LMT,short,-3.4999996423721313,2,0.1613840547843665,216.58121166557623,8.645536219137455,207.93567544643878,207.93567544643878,23227.68109568733,48083701.216803625,104399073.28853847
V4,2.0,IS,2026-04-20,CRCL,short,-12.999999523162842,1,2.9468576254587764,-373.57014221508655,31.787430501835104,-405.35757271692165,-405.35757271692165,78937.15250917553,54189040.320135415,256164901.11610708
V4,2.0,IS,2026-04-20,GLXY,short,-12.999999523162842,1,4.360633981829179,-708.4124779801181,37.442535927316726,-745.8550139074348,-745.8550139074348,107212.67963658358,5627707.060759174,25423462.839381874
V4,2.0,IS,2026-04-20,HOOD,short,-12.999999523162842,1,3.5096436846185566,-179.48437243821166,34.03857473847421,-213.52294717668588,-213.52294717668588,90192.87369237113,152432134.65359718,654228256.42264
V4,2.0,IS,2026-04-20,JETS,short,-6.999999284744263,1,1.8019232708902901,-35.07494493127569,15.20769308356116,-50.28263801483685,-50.28263801483685,56038.465417805804,3789815.042543813,14165412.122066416
V4,2.0,IS,2026-04-20,CCL,long,4.999998211860657,1,2.7582585328613054,95.6442659676662,31.03303413144522,64.61123183622098,64.61123183622098,75165.1706572261,32130118.983050875,91731042.61270154
V4,2.0,IS,2026-04-20,LMT,long,3.7499994039535522,2,0.07276345848406636,-210.31865708128203,8.291053833936274,-218.6097109152183,-218.6097109152183,21455.269169681327,33032006.37513246,91133978.63617124
V4,2.0,IS,2026-04-20,COIN,short,-2.285714021750859,7,3.4652315551481596,-534.9047462861138,33.86092622059266,-568.7656725067064,-568.7656725067064,89304.63110296319,90419453.82033904,305716152.31193334
V4,2.0,IS,2026-04-20,BMNR,short,-2.000001072883606,1,3.9573826175366973,-162.82485472574805,35.82953047014681,-198.65438519589486,-198.65438519589486,99147.65235073394,42248237.579643115,122727273.29045305
V4,2.0,IS,2026-04-20,ETHA,short,-2.000001072883606,1,2.843413764534164,-66.43177632156963,19.37365505813665,-85.80543137970628,-85.80543137970628,76868.27529068328,23136106.96317414,100983582.29703681
V4,2.0,IS,2026-04-21,CCL,long,3.4999996423721313,1,2.7635521333540476,-297.27042766505144,31.054208533416215,-328.32463619846766,-328.32463619846766,75271.04266708095,24537462.633528944,87533902.98001401
V4,2.0,IS,2026-04-22,JETS,long,5.500000715255737,1,1.8345285970692056,-436.1905950434884,15.338114388276836,-451.5287094317652,-451.5287094317652,56690.57194138411,1057280.6005261699,10906929.249021925
V4,2.0,IS,2026-04-22,IBIT,long,3.25000062584877,4,2.213049239680622,-14.84835819477495,16.852196958722487,-31.700555153497437,-31.700555153497437,64260.984793612435,99546076.45752716,351263190.3330959
V4,2.0,IS,2026-04-22,LMT,short,-2.499999850988388,2,0.08994513880425137,357.5478597773148,8.359780555217014,349.18807922209777,349.18807922209777,21798.902776085026,23513919.240553576,105871324.83737774
V4,2.0,IS,2026-04-22,MARA,long,2.4000003933906555,5,3.3726163698689424,-106.4237505658964,33.49046547947577,-139.91421604537217,-139.91421604537217,87452.32739737885,35698151.898118615,100468724.14024118
V4,2.0,IS,2026-04-22,MSTR,long,2.4000003933906555,5,3.7349686218657023,138.75223541886842,34.939874487462816,103.8123609314056,103.8123609314056,94699.37243731404,256756276.40214562,1014224631.9999925
V4,2.0,IS,2026-04-22,BMNR,long,2.000001072883606,1,3.994146134735546,85.28751315331773,35.976584538942184,49.31092861437555,49.31092861437555,99882.92269471093,60838386.896232426,205316116.25320634
V4,2.0,IS,2026-04-22,ETHA,long,2.000001072883606,1,2.884154022561184,-130.48468690954488,19.536616090244735,-150.0213029997896,-150.0213029997896,77683.08045122368,11652347.91299032,76022465.43606207
V4,2.0,IS,2026-04-23,CRCL,long,6.999999284744263,1,3.196647654795449,-69.80746713137275,32.786590619181794,-102.59405775055454,-102.59405775055454,83932.95309590898,28409956.022335906,109589620.99264851
V4,2.0,IS,2026-04-23,GLXY,long,6.999999284744263,1,4.530741085827001,60.085156092187404,38.122964343308006,21.9621917488794,21.9621917488794,110614.82171654003,2091640.966390032,8151230.7857343955
V4,2.0,IS,2026-04-23,HOOD,long,6.999999284744263,1,3.542245950980347,-308.691045754078,34.16898380392138,-342.8600295579994,-342.8600295579994,90844.91901960692,61351223.03480101,279442454.13469636
V4,2.0,IS,2026-04-24,CRCL,long,3.999999165534973,1,3.2465927957852045,-404.22731616442627,32.98637118314082,-437.2136873475671,-437.2136873475671,84931.85591570409,18213901.332855113,82393105.37685807
V4,2.0,IS,2026-04-24,GLXY,long,3.999999165534973,1,4.50072330896243,-451.91146890280504,38.00289323584974,-489.9143621386548,-489.9143621386548,110014.4661792486,3621301.6645626808,12902832.637243338
V4,2.0,IS,2026-04-24,HOOD,long,3.999999165534973,1,3.5885356669111883,-186.63795901160887,34.35414266764474,-220.9921016792536,-220.99210167925364,91770.71333822375,73078426.2446224,283020468.5294252
V4,2.0,IS,2026-04-27,CCL,short,-4.500001668930054,1,2.749792650184828,61.37904140248989,30.999170600739312,30.379870801750577,30.379870801750577,74995.85300369655,20308658.08300191,68549399.54650004
V4,2.0,IS,2026-04-27,RTX,short,-3.0000001192092896,1,0.3766807624336623,-52.80382674172092,9.506723049734653,-62.31054979145557,-62.31054979145557,27533.615248673246,41919926.31636209,126550069.11384718
V4,2.0,IS,2026-04-27,CRCL,short,-2.000001072883606,1,3.203374196331779,405.4948930179421,32.81349678532712,372.681396232615,372.681396232615,84067.48392663558,33156625.98440342,124743039.53109072
V4,2.0,IS,2026-04-27,GLXY,short,-2.000001072883606,1,4.442689402302495,474.15357410533,37.770757609209966,436.38281649612003,436.38281649612003,108853.7880460499,5881431.870662704,22937546.249307375
V4,2.0,IS,2026-04-27,HOOD,short,-2.000001072883606,1,3.5743781478512946,139.57848817591005,34.29751259140518,105.28097558450487,105.28097558450487,91487.5629570259,63627922.74574037,292715155.4926394
V4,2.0,IS,2026-04-27,JETS,short,-2.000001072883606,1,1.771725996596536,199.65204092840264,15.086903986386147,184.5651369420165,184.5651369420165,55434.51993193072,1949968.6496963166,29447115.227947578
V4,2.0,IS,2026-04-28,CRCL,short,-3.0000001192092896,1,3.159275647718848,-206.0025672705997,32.6371025908754,-238.6396698614751,-238.6396698614751,83185.51295437697,38648808.855422765,120720157.45335265
V4,2.0,IS,2026-04-28,GLXY,short,-3.0000001192092896,1,4.412165506281155,-708.0231798470512,37.64866202512462,-745.6718418721758,-745.6718418721758,108243.31012562309,4798420.605476544,23774320.484914467
V4,2.0,IS,2026-04-28,HOOD,short,-3.0000001192092896,1,3.567533952756521,-76.73903579309572,34.27013581102608,-111.0091716041218,-111.0091716041218,91350.67905513041,96402917.24702865,256277466.68448517
V4,2.0,IS,2026-04-29,CCL,long,2.5000005960464478,1,2.772627441480493,-180.63941838566834,31.09050976592198,-211.72992815159031,-211.72992815159034,75452.54882960986,36984729.92714723,111565980.1533967
V4,2.0,IS,2026-04-30,JETS,short,-4.999998211860657,1,1.7532005714047239,41.801285153969125,15.012802285618896,26.78848286835023,26.788482868350226,55064.01142809448,1094411.9999525545,9099001.826155074
V4,2.0,IS,2026-04-30,LMT,long,3.2499991357326508,2,0.061902398226627166,126.23800251798103,8.247609592906514,117.99039292507452,117.99039292507452,21238.047964532543,12227350.556321446,53195668.680079214
V4,2.0,IS,2026-05-01,OXY,short,-8.500000834465027,1,-0.9965523892596615,227.0345230647318,23.98620955703865,203.04831350769314,203.04831350769314,39931.04778519323,41337705.37539813,111580224.69647421
V4,2.0,IS,2026-05-01,XOM,short,-8.500000834465027,1,-0.6174996574515876,-8.13961927353668,10.46999862980635,-18.60961790334303,-18.60961790334303,32349.993149031754,107334356.473552,400599167.5315266
V4,2.0,IS,2026-05-04,CRCL,long,17.9999977350235,1,3.0323705382672803,1247.7639512306525,32.12948215306915,1215.6344690775834,1215.6344690775834,80647.4107653456,157975112.18756875,592856801.1273873
V4,2.0,IS,2026-05-04,GLXY,long,17.9999977350235,1,4.167531785616993,332.8403527423366,36.67012714246795,296.1702255998687,296.1702255998687,103350.63571233986,4225250.785780257,24350773.407850627
V4,2.0,IS,2026-05-04,HOOD,long,17.9999977350235,1,3.609719134447378,351.9335885417552,34.4388765377895,317.49471200396573,317.49471200396573,92194.38268894756,128853965.01581277,439859794.8050253
V4,2.0,IS,2026-05-04,OXY,long,11.000001430511475,1,-0.9868881527039322,146.42876759803647,23.947552610815734,122.48121498722074,122.48121498722074,39737.76305407864,23644967.38161939,62581681.99345519
V4,2.0,IS,2026-05-04,XOM,long,11.000001430511475,1,-0.5985094972312236,56.08218849310262,10.394037988924893,45.68815050417773,45.68815050417773,31970.189944624475,91613149.81721078,246150168.50557593
V4,2.0,IS,2026-05-04,COIN,long,5.264285738979067,7,3.5606863268222435,273.16678704129134,34.24274530728897,238.92404173400237,238.9240417340024,91213.72653644487,126160077.44407706,364015833.2816653
V4,2.0,IS,2026-05-04,RTX,short,-3.5000011324882507,1,0.3928601592334655,50.0078188907531,9.571440636933858,40.43637825381924,40.43637825381924,27857.20318466931,18446619.14230381,67403375.83071434
V4,2.0,IS,2026-05-04,IBIT,long,3.4625010564923286,4,2.2703442880454374,206.0757481539286,17.081377152181744,188.99437100174686,188.99437100174686,65406.88576090875,75746797.23063804,235019659.88440955
V4,2.0,IS,2026-05-04,MARA,long,3.1700007617473602,5,3.4478439662392075,463.2182013462841,33.79137586495682,429.4268254813273,429.4268254813272,88956.87932478415,19510608.855760444,60286627.32965086
V4,2.0,IS,2026-05-04,MSTR,long,3.1700007617473602,5,3.890931727839743,277.7779504417536,35.56372691135897,242.21422353039463,242.21422353039463,97818.63455679484,123570136.55109474,400323345.25554407
V4,2.0,IS,2026-05-05,BMNR,long,2.000001072883606,1,3.755185624161236,-145.59753475212716,35.02074249664494,-180.6182772487721,-180.6182772487721,95103.7124832247,39776152.125209965,144325168.02237895
V4,2.0,IS,2026-05-05,ETHA,long,2.000001072883606,1,2.638939338661659,-155.08372388743982,18.55575735464663,-173.63948124208645,-173.63948124208645,72778.78677323318,10241639.153142435,42189252.33195948
V4,2.0,IS,2026-05-06,JETS,long,11.000001430511475,1,1.8173602424562123,-136.84389955089648,15.269440969824842,-152.11334052072132,-152.11334052072132,56347.204849124246,4661518.6242882,27826664.298186168
V4,2.0,IS,2026-05-06,OXY,short,-4.500001668930054,1,-1.2996478182694016,-14.03106191981137,25.198591273077604,-39.229653192888975,-39.229653192888975,45992.95636538803,102553686.75832064,196791721.54507488
V4,2.0,IS,2026-05-06,XOM,short,-4.500001668930054,1,-0.7431048450521842,-23.243392984018968,10.972419380208734,-34.2158123642277,-34.2158123642277,34862.09690104368,14506686.91693117,313923437.5594235
V4,2.0,IS,2026-05-06,LMT,short,-4.500000178813934,2,-0.04911318298252869,-106.46069414257862,8.196452731930108,-114.65714687450873,-114.65714687450873,20982.263659650573,33526020.937536266,149149272.34935895
V4,2.0,IS,2026-05-06,RTX,long,2.000001072883606,1,0.37189172364236683,80.5199977350964,9.487566894569468,71.03243084052693,71.03243084052693,27437.83447284734,28035584.070117034,81088958.80618246
V4,2.0,IS,2026-05-07,OXY,long,4.000002145767212,1,-1.4484763604025959,-60.425295046408955,25.793905441610384,-86.21920048801934,-86.21920048801934,48969.52720805192,32895851.56463475,105938205.23229381
V4,2.0,IS,2026-05-07,XOM,long,4.000002145767212,1,-0.8308837724899004,-59.886132134638395,11.323535089959599,-71.209667224598,-71.209667224598,36617.67544979801,77685639.86408998,245615298.30446702
V4,2.0,IS,2026-05-07,DAL,long,3.0000001192092896,1,1.8301860386200615,-63.29177771158561,27.320744154480252,-90.61252186606586,-90.61252186606586,56603.720772401226,23625608.82338595,119979202.48211731
V4,2.0,IS,2026-05-07,ZIM,short,-3.0000001192092896,1,0.9633941616862333,572.7408334865783,23.853576646744955,548.8872568398333,548.8872568398333,39267.883233724664,1002876.0602989285,5116126.246448234
V4,2.0,IS,2026-05-08,DAL,short,-9.999999403953552,1,1.8265462575114668,77.55616632187862,27.306185030045867,50.24998129183275,50.24998129183275,56530.925150229334,12662596.292201044,32402380.74665733
V4,2.0,IS,2026-05-08,ZIM,long,9.999999403953552,1,0.9953331092050428,78.81266958895431,23.981332436820168,54.83133715213414,54.83133715213414,39906.66218410085,766548.6227913473,2998304.637121931
V4,2.0,IS,2026-05-08,CRCL,long,6.000000238418579,1,2.4327727318019154,-188.46350297290155,29.731090927207674,-218.19459390010923,-218.19459390010923,68655.45463603831,49132944.36814159,237496961.4710532
V4,2.0,IS,2026-05-08,GLXY,long,6.000000238418579,1,3.4482311630402975,22.208661174797502,33.79292465216119,-11.584263477363688,-11.584263477363688,88964.62326080595,2516271.3692486635,17688969.528248627
V4,2.0,IS,2026-05-08,HOOD,long,6.000000238418579,1,3.0996727545972314,-2.4709036945961063,32.398691018388924,-34.86959471298503,-34.86959471298503,81993.45509194462,70113988.63764583,261114688.55933997
V4,2.0,IS,2026-05-11,OXY,long,12.999999523162842,1,-1.4451010200012049,262.5083073379316,25.780404080004814,236.7279032579268,236.72790325792684,48902.0204000241,30557403.15993735,79396755.88089678
V4,2.0,IS,2026-05-11,XOM,long,12.999999523162842,1,-0.8212994467671731,281.9881128895949,11.285197787068682,270.7029151025262,270.7029151025262,36425.98893534346,79069889.27966002,187081559.35561028
V4,2.0,IS,2026-05-11,DAL,long,4.999999701976776,1,1.803002641653945,-318.6242869063934,27.21201056661579,-345.8362974730092,-345.8362974730092,56060.05283307891,14256703.622240607,51388403.4852207
V4,2.0,IS,2026-05-11,RTX,short,-4.999999701976776,1,0.41927749355495153,-182.1066301883293,9.677109974219803,-191.7837401625491,-191.7837401625491,28385.54987109903,27573593.970178682,83810945.0677573
V4,2.0,IS,2026-05-11,ZIM,short,-4.999999701976776,1,1.0102882202969319,91.16037634013776,24.041152881187728,67.11922345895003,67.11922345895003,40205.76440593864,1405158.2105318967,3668558.0424890085
V4,2.0,IS,2026-05-11,CRCL,short,-4.000002145767212,1,2.385521410979666,-988.4899902447077,29.542085643918654,-1018.0320758886263,-1018.0320758886263,67710.42821959332,228220197.8813272,673126834.818799
V4,2.0,IS,2026-05-11,GLXY,short,-4.000002145767212,1,3.4379276398500846,-510.40785729918895,33.75171055940035,-544.1595678585893,-544.1595678585893,88758.55279700168,5491561.633943396,21457956.402923018
V4,2.0,IS,2026-05-11,HOOD,short,-4.000002145767212,1,3.0627102661697214,-400.1335700058432,32.250841064678866,-432.38441107052205,-432.384411070522,81254.20532339443,118962898.54214889,330326898.67961526
V4,2.0,IS,2026-05-11,JETS,short,-3.999999165534973,1,1.8415452406479542,269.0878314699768,15.366180962591812,253.72165050738496,253.72165050738496,56830.90481295908,1475054.3169608049,8517830.049969584
V4,2.0,IS,2026-05-12,XOM,long,5.0000011920928955,1,-0.9766835701711809,-22.041428865533703,11.906734280684724,-33.94816314621843,-33.94816314621843,39533.67140342362,77553818.19657224,197347458.03954786
V4,2.0,IS,2026-05-12,DAL,short,-2.99999862909317,1,1.8047019523235601,-0.04673358715120285,27.21880780929424,-27.265541396445443,-27.265541396445443,56094.0390464712,12677169.795206895,39676273.68724351
V4,2.0,IS,2026-05-12,ZIM,long,2.99999862909317,1,1.0550958305131306,16.0308032765108,24.220383322052523,-8.189580045541724,-8.189580045541724,41101.91661026262,1867464.1598719393,8851919.457810642
V4,2.0,IS,2026-05-12,OXY,long,2.5000005960464478,2,-1.6484340154362949,113.08563341245211,26.593736061745176,86.49189735070694,86.49189735070694,52968.680308725896,28220702.403093334,76883005.75470711
V4,2.0,IS,2026-05-12,CRCL,long,2.499997615814209,1,2.423839747604686,-529.9387093395342,29.695358990418754,-559.6340683299529,-559.6340683299529,68476.79495209371,379552942.2536033,1006558107.3308108
V4,2.0,IS,2026-05-12,GLXY,long,2.499997615814209,1,3.5659072555517852,90.97936329130002,34.26362902220714,56.71573426909288,56.71573426909287,91318.1451110357,3698755.900947715,17933497.621460065
V4,2.0,IS,2026-05-12,HOOD,long,2.499997615814209,1,2.9446139019794346,-156.83928971528636,31.77845560791775,-188.6177453232041,-188.6177453232041,78892.2780395887,54671838.72736094,192886155.95477828
V4,2.0,IS,2026-05-12,BMNR,short,-2.000001072883606,1,3.371755296772641,369.30504282969866,33.48702118709059,335.8180216426081,335.8180216426081,87435.10593545281,48318087.447420195,185915970.91737553
V4,2.0,IS,2026-05-12,ETHA,short,-2.000001072883606,1,2.3228375750332533,36.1240291001705,17.29135030013301,18.832678800037492,18.832678800037492,66456.75150066506,31041680.61061063,100870744.00857756
V4,2.0,IS,2026-05-14,XOM,long,6.999999284744263,1,-0.9713153415932411,116.38024869026657,11.885261366372958,104.49498732389361,104.49498732389361,39426.30683186482,45434589.678450786,133710176.62997298
V4,2.0,IS,2026-05-14,CRCL,long,6.000000238418579,1,2.468367207026587,-129.14013301271171,29.873468828106354,-159.01360184081807,-159.01360184081807,69367.34414053174,61881731.099694856,277689369.1950127
V4,2.0,IS,2026-05-14,GLXY,long,6.000000238418579,1,3.546964184960223,178.09453833485387,34.187856739840896,143.90668159501297,143.90668159501297,90939.28369920446,3197796.7228747513,11059476.616527366
V4,2.0,IS,2026-05-14,HOOD,long,6.000000238418579,1,2.9409994048346584,437.41786594931637,31.763997619338625,405.65386832997774,405.65386832997774,78819.98809669317,36560728.3853027,173802309.93620372
V4,2.0,IS,2026-05-14,OXY,long,3.999999165534973,2,-1.6526642002097114,251.79228862772698,26.610656800838854,225.18163182688812,225.18163182688812,53053.28400419423,22388727.636378817,78469513.37160371
V4,2.0,IS,2026-05-14,CCL,short,-3.0000001192092896,1,2.918281748750301,390.18428396615957,31.673126995001212,358.51115697115836,358.51115697115836,78365.63497500602,38911543.45407585,108303984.16209242
V4,2.0,IS,2026-05-15,RTX,long,5.499999225139618,1,0.49770207508359515,-234.2773097813369,9.990808300334379,-244.26811808167128,-244.26811808167128,29954.041501671905,84204207.97976802,119241561.8229562
V4,2.0,IS,2026-05-15,CCL,long,3.0000001192092896,1,2.9155691963998787,11.630820101437358,31.662276785599516,-20.03145668416216,-20.03145668416216,78311.38392799758,25031311.828519877,60641842.501727685
V4,2.0,IS,2026-05-15,LMT,long,2.249998599290848,2,0.002795924994531209,-101.26772785383444,8.011183699978119,-109.27891155381256,-109.27891155381256,20055.918499890628,38441776.72150705,76791258.28935486
V4,2.0,IS,2026-05-18,CCL,short,-6.50000274181366,1,2.8521110918160457,-54.98979130101021,31.408444367264188,-86.3982356682744,-86.3982356682744,77042.22183632091,15590732.02602905,57067435.300754696
V4,2.0,IS,2026-05-18,DAL,short,-6.000000238418579,1,1.750352324180386,83.23781521270202,27.001409296721548,56.23640591598047,56.23640591598047,55007.04648360772,18534178.4354826,54719301.49572617
V4,2.0,IS,2026-05-18,ZIM,long,6.000000238418579,1,1.003641812657283,-83.23505704812318,24.014567250629128,-107.24962429875231,-107.24962429875231,40072.83625314566,1507674.1476889434,2717711.406421909
V4,2.0,IS,2026-05-18,BMNR,short,-4.999999701976776,1,3.5676211616518967,259.3369485967284,34.2704846466076,225.0664639501208,225.0664639501208,91352.42323303793,43017702.69837422,152791390.95115328
V4,2.0,IS,2026-05-18,ETHA,short,-4.999999701976776,1,2.3789335835166803,51.95604603852421,17.51573433406672,34.440311704457486,34.440311704457486,67578.6716703336,20400968.14567412,56558903.18380876
V4,2.0,IS,2026-05-18,JETS,short,-4.750001430511475,2,1.8383794622626426,55.736073212208,15.353517849050569,40.38255536315743,40.38255536315743,56767.58924525285,2112727.4170363043,10884129.75409979
V4,2.0,IS,2026-05-18,IBIT,short,-4.7499991953372955,4,1.7250695173706347,19.541366642374076,14.900278069482539,4.641088572891537,4.641088572891537,54501.39034741269,115465627.94178356,312614057.7486825
V4,2.0,IS,2026-05-18,CRCL,short,-4.000002145767212,1,2.5398328309103793,13.492843343698972,30.159331323641517,-16.666487979942545,-16.666487979942545,70796.65661820759,79109802.01300262,265832372.48659065
V4,2.0,IS,2026-05-18,GLXY,short,-4.000002145767212,1,3.6503867358415927,182.3493259606637,34.60154694336637,147.74777901729732,147.74777901729732,93007.73471683187,9815336.79127296,21800938.69272936
V4,2.0,IS,2026-05-18,HOOD,short,-4.000002145767212,1,3.016980683678822,-204.4213883396928,32.067922734715296,-236.4893110744081,-236.4893110744081,80339.61367357644,52652797.418104805,252510265.25706708
V4,2.0,IS,2026-05-20,CRCL,short,-7.4999988079071045,1,2.5283972388559395,175.94787240591924,30.11358895542375,145.8342834504955,145.8342834504955,70567.94477711878,46259889.76692708,136739717.55742687
V4,2.0,IS,2026-05-20,GLXY,short,-7.4999988079071045,1,3.699562759353062,316.99032548321406,34.79825103741223,282.19207444580184,282.19207444580184,93991.25518706125,2486337.551098352,9320145.1023697
V4,2.0,IS,2026-05-20,HOOD,short,-7.4999988079071045,1,3.002765072017042,93.16989081099625,32.011060288068165,61.158830522928085,61.158830522928085,80055.30144034083,40618315.457651585,177240078.69857705
V4,2.0,IS,2026-05-21,CCL,short,-5.500000715255737,1,2.9243767578518285,-124.22916573102079,31.697507031407312,-155.9266727624281,-155.9266727624281,78487.53515703657,26533595.932857797,94937921.83499451
V4,2.0,IS,2026-05-21,XOM,short,-3.4999996423721313,1,-1.0414581058335757,139.62641542384594,12.165832423334308,127.46058300051163,127.46058300051163,40829.16211667151,66925655.00927525,227753953.3408263
V4,2.0,IS,2026-05-21,DAL,short,-2.4999991059303284,1,1.8285550855351815,-277.54076372203275,27.314220342140743,-304.8549840641735,-304.8549840641735,56571.101710703624,15994568.111342872,59588881.63630501
V4,2.0,IS,2026-05-21,OXY,short,-2.4999991059303284,2,-1.7099049214600752,203.28973293898028,26.83961968584029,176.45011325314,176.45011325314,54198.098429201505,32104389.22426671,87137364.8276349
V4,2.0,IS,2026-05-21,ZIM,long,2.4999991059303284,1,0.9260574581609389,-35.59217772112009,23.704229832643755,-59.29640755376384,-59.29640755376384,38521.149163218775,1100794.978807504,2517768.5370473326
V4,2.0,IS,2026-05-22,XOM,long,4.999998211860657,1,-1.049643758632566,44.74285848077398,12.198575034530265,32.54428344624372,32.54428344624372,40992.87517265132,45147839.84848116,212533398.37993497
V4,2.0,IS,2026-05-22,CRCL,short,-4.000002145767212,1,2.05497036684511,242.17630443684183,28.219881467380446,213.95642296946139,213.95642296946139,61099.40733690219,62440563.131348625,197752488.55370587
V4,2.0,IS,2026-05-22,GLXY,short,-4.000002145767212,1,3.5797285762458197,279.8403268727643,34.31891430498328,245.52141256778103,245.521412567781,91594.5715249164,3194700.597478991,16622530.390427588
V4,2.0,IS,2026-05-22,HOOD,short,-4.000002145767212,1,2.940479269197371,326.8507544120389,31.761917076789473,295.0888373352494,295.0888373352494,78809.58538394741,52556847.32770412,162558971.92169866
V4,2.0,IS,2026-05-22,JETS,long,2.2499993443489075,2,1.9317819143082346,-1.5694127130902544,15.727127657232938,-17.296540370323193,-17.296540370323193,58635.638286164685,1953519.5198296162,7373728.418320082
V4,2.0,IS,2026-05-22,LMT,short,-2.2499993443489075,2,0.06530801178133919,-159.46837068805903,8.261232047125361,-167.7296027351844,-167.7296027351844,21306.160235626783,11655516.403694643,46580823.58530895
V4,2.0,IS,2026-05-22,OXY,long,2.2499993443489075,2,-1.6967119404555624,8.223286515891742,26.78684776182225,-18.563561245930508,-18.563561245930508,53934.238809111244,20848078.527911887,55321464.89343073
V4,2.0,IS,2026-05-26,JETS,long,8.750001341104507,2,1.9839711647618605,191.56026802361353,15.935884659047446,175.62438336456609,175.62438336456609,59679.42329523721,7361005.175881779,24659714.621721834
V4,2.0,IS,2026-05-26,OXY,short,-6.750001013278961,2,-1.7020516759413282,150.4063244198152,26.808206703765308,123.5981177160499,123.5981177160499,54041.03351882657,38559779.161828995,90688862.77621064
V4,2.0,IS,2026-05-26,CCL,long,5.0000011920928955,1,3.0126644844041266,-57.835458900660065,32.0506579376165,-89.88611683827656,-89.88611683827656,80253.28968808253,36215507.804016925,92873474.42907345
V4,2.0,IS,2026-05-26,CRCL,long,5.0000011920928955,1,2.114779525260878,-730.4523956814786,28.459118101043487,-758.9115137825221,-758.9115137825221,62295.59050521756,114956010.53032708,352291005.89544857
V4,2.0,IS,2026-05-26,GLXY,long,5.0000011920928955,1,3.5287438481919375,87.3184627166318,34.11497539276775,53.20348732386405,53.203487323864046,90574.87696383875,5392012.851314318,22127858.320057817
V4,2.0,IS,2026-05-26,HOOD,long,5.0000011920928955,1,2.980322666861293,-75.5285629435977,31.921290667445163,-107.44985361104287,-107.44985361104287,79606.45333722586,87212217.53837958,279400536.1947443
V4,2.0,IS,2026-05-26,BMNR,long,3.0000001192092896,1,3.4169006369052526,-62.656766911288855,33.667602547621016,-96.32436945890987,-96.32436945890987,88338.01273810504,37378997.60095071,111758414.88067031
V4,2.0,IS,2026-05-26,ETHA,long,3.0000001192092896,1,2.142089945891507,-213.9077398351004,16.568359783566024,-230.4760996186664,-230.47609961866644,62841.798917830136,11923487.148945423,43939784.800571404
V4,2.0,IS,2026-05-26,RTX,long,3.0000001192092896,1,0.5882862902660388,55.34143767631395,10.353145161064155,44.988292515249796,44.988292515249796,31765.725805320777,21673346.70654272,52465436.40425251
V4,2.0,IS,2026-05-26,XOM,short,-3.0000001192092896,1,-1.0651647502723398,230.52961708935578,12.260659001089351,218.26895808826643,218.26895808826643,41303.295005446795,58925671.29929046,153091989.77754232
V4,2.0,IS,2026-05-27,XOM,short,-6.999999284744263,1,-1.0694157609408739,-46.12199568754691,12.277663043763496,-58.3996587313104,-58.39965873131041,41388.31521881748,66106665.45443542,215914894.72764587
V4,2.0,IS,2026-05-27,OXY,short,-4.499998688697815,2,-1.69492451468169,-42.865412877230604,26.77969805872676,-69.64511093595736,-69.64511093595736,53898.490293633804,34915231.97186441,83030165.51047352
V4,2.0,IS,2026-05-27,CRCL,short,-2.0000040531158447,1,1.9733874165603456,20.29275286558941,27.893549666241384,-7.600796800651974,-7.600796800651975,59467.74833120691,46074012.69723947,141307258.72937334
V4,2.0,IS,2026-05-27,GLXY,short,-2.0000040531158447,1,3.481519912483437,-157.71095100978312,33.92607964993374,-191.63703065971686,-191.63703065971686,89630.39824966874,3147263.424034804,10143030.85579261
V4,2.0,IS,2026-05-27,HOOD,short,-2.0000040531158447,1,2.938351951983195,-327.88885198081493,31.753407807932774,-359.6422597887477,-359.6422597887477,78767.0390396639,65784076.040356085,305580434.08097297
V4,2.0,IS,2026-05-28,JETS,short,-3.999999910593033,2,1.9680561514891952,-96.86182534856471,15.872224605956774,-112.73404995452148,-112.73404995452147,59361.12302978391,8668977.117881263,22365237.40166095
V4,2.0,IS,2026-05-28,OXY,long,3.999999165534973,2,-1.68675137836246,25.958412877588096,26.74700551344984,-0.7885926358617432,-0.7885926358617432,53735.02756724919,17688915.42788731,59988266.56579569
V4,2.0,IS,2026-05-28,IBIT,short,-3.5250003449618816,4,1.5182825126973005,47.74794373860131,14.073130050789203,33.674813687812104,33.674813687812104,50365.65025394601,103750621.45312084,295807388.8169363
V4,2.0,IS,2026-05-28,MARA,short,-3.020000383257866,5,2.831173284171323,82.47288617027046,31.32469313668529,51.148193033585166,51.148193033585166,76623.46568342646,23854018.307361104,96844125.3822065
V4,2.0,IS,2026-05-28,MSTR,short,-3.020000383257866,5,2.7504990780612117,-18.276455113561788,31.00199631224485,-49.27845142580664,-49.27845142580664,75009.98156122424,159270600.2418192,454076140.5714089
V4,2.0,IS,2026-05-28,COIN,short,-2.3000003503901616,7,2.5352070410267085,-541.682663044799,30.14082816410678,-571.8234912089058,-571.8234912089058,70704.14082053417,63845885.353559494,230727705.22615507
V4,2.0,IS,2026-05-28,CCL,short,-2.000001072883606,1,2.9796301738079496,-45.10909896707032,31.9185206952318,-77.02761966230211,-77.02761966230211,79592.603476159,29508488.70112506,73968734.77051911
V4,2.0,IS,2026-06-01,DAL,short,-7.500000298023224,1,1.895472797521484,26.463880417226996,27.581891190085937,-1.1180107728589412,-1.1180107728589412,57909.455950429685,21104858.479336753,100436636.9960748
V4,2.0,IS,2026-06-01,ZIM,long,7.500000298023224,1,0.8212951127958201,490.2472829835602,23.285180451183294,466.9621025323769,466.9621025323769,36425.9022559164,2036382.3874281615,5598108.697026153
V4,2.0,IS,2026-06-01,CRCL,short,-6.000000238418579,1,2.113804098452909,441.8713348838524,28.45521639381161,413.4161184900408,413.4161184900408,62276.08196905818,100153782.34997092,266966857.4194619
V4,2.0,IS,2026-06-01,GLXY,short,-6.000000238418579,1,3.270413362980476,-607.7572012048012,33.08165345192185,-640.838854656723,-640.838854656723,85408.2672596095,3650781.516707972,19325394.80668685
V4,2.0,IS,2026-06-01,HOOD,short,-6.000000238418579,1,2.951409737991921,36.56484305533636,31.805638951967683,4.759204103368678,4.759204103368678,79028.19475983841,300840233.3973631,835076839.774356
V4,2.0,IS,2026-06-01,RTX,short,-4.0000006556510925,1,0.6131005982322285,195.11654622048434,10.452402392928917,184.66414382755542,184.66414382755542,32262.011964644567,34795220.39719707,91589718.04183678
V4,2.0,IS,2026-06-01,XOM,long,3.999999165534973,1,-1.1125806807933687,211.18228894970912,12.450322723173485,198.73196622653563,198.73196622653563,42251.613615867376,75251711.51150964,276486434.90419424
V4,2.0,IS,2026-06-01,OXY,long,3.749997913837433,2,-1.7453251978458668,240.0755192528266,26.98130079138346,213.09421846144315,213.09421846144315,54906.50395691734,35152157.40202686,128466901.43053289
V4,2.0,IS,2026-06-01,LMT,short,-3.500000387430191,2,0.10859565374278339,146.40379158034156,8.434382614971128,137.96940896537043,137.96940896537043,22171.91307485567,830608.2878080532,53858012.25782087
V4,2.0,IS,2026-06-02,XOM,short,-5.0000011920928955,1,-1.1094305091799992,-78.07549759857663,12.43772203671999,-90.51321963529662,-90.51321963529662,42188.61018359999,50781538.354379974,129952727.71175687
V4,2.0,IS,2026-06-02,IBIT,short,-4.050000663846731,4,1.4064755930743187,284.5815534682995,13.625902372297276,270.9556510960022,270.9556510960022,48129.511861486375,116405823.19178925,340080968.5234925
V4,2.0,IS,2026-06-02,RTX,short,-3.999999165534973,1,0.5829364523622735,-4.943377595801271,10.331745809449094,-15.275123405250365,-15.275123405250365,31658.72904724547,18587483.663099494,57458163.11692931
V4,2.0,IS,2026-06-02,MARA,short,-3.240000531077385,5,2.557705604037429,277.30255808765145,30.23082241614972,247.07173567150173,247.07173567150176,71154.11208074857,38234031.29545544,92958328.38058627
V4,2.0,IS,2026-06-02,MSTR,short,-3.240000531077385,5,2.567127205184664,543.5695448057629,30.268508820738703,513.3010359850242,513.3010359850242,71342.54410369328,200762759.59324735,689037241.0501883
V4,2.0,IS,2026-06-02,COIN,short,-2.242857590317726,7,2.450612828714916,258.39186786678033,29.802451314859667,228.58941655192066,228.5894165519207,69012.25657429831,55629631.316736445,209304599.97005343
V4,2.0,IS,2026-06-03,CRCL,long,6.000000238418579,1,2.1102684476125537,-779.1126283049018,28.44107379045022,-807.553702095352,-807.553702095352,62205.368952251076,86851294.42005068,270821055.01504916
V4,2.0,IS,2026-06-03,GLXY,long,6.000000238418579,1,3.043002933080032,220.76990265808013,32.17201173232013,188.59789092576,188.59789092576,80860.05866160065,8338129.806993853,30838497.65575587
V4,2.0,IS,2026-06-03,HOOD,long,6.000000238418579,1,2.9384758887108076,-269.32852169165,31.753903554843248,-301.08242524649324,-301.08242524649324,78769.51777421615,106461001.55542259,397237401.9206377
V4,2.0,IS,2026-06-03,XOM,long,2.000001072883606,1,-1.1531772861854421,78.87238106561867,12.612709144741771,66.2596719208769,66.2596719208769,43063.54572370884,36336411.909329616,188123364.98848498
V4,2.0,IS,2026-06-04,DAL,long,4.499998688697815,1,1.7970976068013547,-215.6761498853015,27.188390427205405,-242.8645403125069,-242.8645403125069,55941.952136027096,11828543.77575975,40898177.68735083
V4,2.0,IS,2026-06-04,ZIM,short,-4.499998688697815,1,0.7691509329016526,-341.1122482267579,23.07660373160661,-364.1888519583645,-364.1888519583645,35383.01865803305,352897.29802206316,3407455.3593110177
V4,2.0,IS,2026-06-04,CRCL,short,-4.000002145767212,1,2.1564342377733774,179.62184074948289,28.6257369510935,150.99610379838938,150.99610379838938,63128.68475546755,57087004.51122092,193112972.45786712
V4,2.0,IS,2026-06-04,GLXY,short,-4.000002145767212,1,3.013760209451608,-122.88924160148765,32.05504083780643,-154.94428243929408,-154.94428243929408,80275.20418903216,12079358.753610551,34104155.39870192
V4,2.0,IS,2026-06-04,HOOD,short,-4.000002145767212,1,2.9970154683350048,-411.92379342070666,31.98806187334003,-443.9118552940467,-443.91185529404663,79940.3093667001,76415248.87310131,349194415.9315374
V4,2.0,IS,2026-06-04,IBIT,short,-3.9875010028481483,4,1.3615528579435636,28.30574552825064,13.446211431774255,14.859534096476384,14.859534096476382,47231.05715887128,154283499.8170417,420894925.3628396
V4,2.0,IS,2026-06-04,MARA,short,-3.1900008022785187,5,2.319634113977744,-136.12623826018495,29.278536455910967,-165.40477471609591,-165.40477471609591,66392.68227955488,30060116.36089918,86624865.69405729
V4,2.0,IS,2026-06-04,MSTR,short,-3.1900008022785187,5,2.6100930125850605,-31.82063752648817,30.440372050340244,-62.261009576828414,-62.261009576828414,72201.8602517012,135656682.96244904,436843431.31700313
V4,2.0,IS,2026-06-04,COIN,short,-2.921429382903235,7,2.5202350328248224,167.42426721924747,30.080940131299286,137.34332708794818,137.34332708794818,70404.70065649645,74240657.63086744,212865982.8939597
V4,2.0,IS,2026-06-05,XOM,long,3.999999165534973,1,-1.1894229274312524,-364.6870836825729,12.757691709725009,-377.4447753922979,-377.4447753922979,43788.45854862504,44567798.36426063,168328072.31858498
V4,2.0,IS,2026-06-05,DAL,long,2.000001072883606,1,1.7826123415423336,394.56173095401437,27.13044936616933,367.43128158784504,367.43128158784504,55652.24683084667,7667106.668252147,25124888.389894746
V4,2.0,IS,2026-06-05,ZIM,short,-2.000001072883606,1,0.783958308739611,-80.47841666736525,23.13583323495844,-103.61424990232369,-103.61424990232369,35679.16617479222,472989.1181796319,4967863.622935541
V4,2.0,IS,2026-06-08,DAL,short,-8.99999886751175,1,1.5685615041544188,79.27951307616183,26.274246016617674,53.00526705954416,53.00526705954416,51371.23008308837,12579014.553786023,38272586.1627557
V4,2.0,IS,2026-06-08,ZIM,long,8.99999886751175,1,0.695408370310281,65.36000998109267,22.781633481241123,42.57837649985155,42.57837649985155,33908.16740620562,1164412.4574076845,4283498.6638027495
V4,2.0,IS,2026-06-08,CRCL,short,-6.999999284744263,1,2.434345223698647,41.15998516862514,29.73738089479459,11.42260427383055,11.42260427383055,68686.90447397294,60343779.95836972,160242019.31790143
V4,2.0,IS,2026-06-08,GLXY,short,-6.999999284744263,1,3.1986955426619414,-1782.2648396085847,32.79478217064775,-1815.0596217792324,-1815.0596217792324,83973.91085323882,18976996.527437244,74460067.54434285
V4,2.0,IS,2026-06-08,HOOD,short,-6.999999284744263,1,2.952105399554569,-210.47129716871868,31.808421598218274,-242.27971876693695,-242.27971876693695,79042.10799109138,95482653.04994383,288505768.26455593
V4,2.0,IS,2026-06-08,CCL,long,6.000000238418579,1,2.6564808738730106,82.18533212673006,30.625923495492046,51.559408631238014,51.559408631238014,73129.61747746021,14837564.245391948,65334495.197023705
V4,2.0,IS,2026-06-09,CRCL,short,-7.999998331069946,1,2.6195077398378888,-221.9303229374126,30.478030959351543,-252.40835389676414,-252.40835389676414,72390.15479675778,33536214.211690187,174415296.9162127
V4,2.0,IS,2026-06-09,GLXY,short,-7.999998331069946,1,3.25304965424391,-912.2359026967998,33.01219861697564,-945.2481013137755,-945.2481013137754,85060.9930848782,10867405.382337006,50840519.772599086
V4,2.0,IS,2026-06-09,HOOD,short,-7.999998331069946,1,3.0023729484453616,-21.108840608561678,32.00949179378145,-53.11833240234313,-53.11833240234313,80047.45896890723,74193509.48665331,295201327.54731274
V4,2.0,IS,2026-06-10,DAL,short,-5.0000011920928955,1,1.5619707495435307,184.56118391550964,26.247882998174134,158.3133009173355,158.3133009173355,51239.41499087062,13145855.698483588,40682566.97715659
V4,2.0,IS,2026-06-10,ZIM,long,5.0000011920928955,1,0.6342208686835997,-67.3698836179971,22.536883474734395,-89.9067670927315,-89.9067670927315,32684.417373671993,562312.0373736769,1763631.4755614
V4,2.0,IS,2026-06-10,CCL,short,-2.000001072883606,1,2.5320608104433893,199.19126469244216,30.12824324177356,169.0630214506686,169.0630214506686,70641.21620886779,29580749.85814952,72178183.30721894
V4,2.0,IS,2026-06-10,XOM,long,2.000001072883606,1,-0.9173516594888698,-137.38267715092962,11.66940663795549,-149.0520837888851,-149.0520837888851,38347.033189777394,94608180.22983481,222832231.0561172
V4,2.0,IS,2026-06-11,JETS,short,-5.749998241662979,2,1.6876742097541089,-440.9389165094646,14.750696839016427,-455.68961334848103,-455.68961334848103,53753.48419508217,945667.6763546793,8846270.491449824
V4,2.0,IS,2026-06-11,RTX,short,-3.0000001192092896,1,0.5870501287359474,-275.6194687115037,10.348200514943812,-285.9676692264475,-285.9676692264475,31741.002574718947,25624766.069878705,101774839.5867565
V4,2.0,IS,2026-06-11,LMT,long,2.99999937415123,2,0.11833800006212407,365.2482325460768,8.473352000248497,356.7748805458283,356.7748805458283,22366.76000124248,12969206.151463542,62633395.96976709
V4,2.0,IS,2026-06-11,CCL,long,2.000001072883606,1,2.588980610359684,642.8477040682931,30.35592244143868,612.4917816268544,612.4917816268544,71779.61220719368,23202565.65452174,77481886.79978667
V4,2.0,IS,2026-06-12,XOM,short,-3.999999165534973,1,-0.9631221732587043,-106.37983289516848,11.852488693034815,-118.23232158820329,-118.23232158820329,39262.44346517409,67820829.47930956,220173444.18902633
V4,2.0,IS,2026-06-15,DAL,long,9.000000357627869,1,1.7725245075890952,-296.3459549647462,27.090098030356387,-323.4360529951026,-323.4360529951026,55450.4901517819,62032564.10574862,162367551.7405425
V4,2.0,IS,2026-06-15,ZIM,short,-9.000000357627869,1,0.6842782012151457,351.7881316413305,22.7371128048606,329.0510188364699,329.0510188364699,33685.56402430292,3300377.79948063,10339176.944942571
V4,2.0,IS,2026-06-15,JETS,long,6.000000610947609,2,1.8026942842267855,-145.55065055269435,15.210777136907154,-160.7614276896015,-160.7614276896015,56053.88568453571,10317718.015071126,27659652.625458635
V4,2.0,IS,2026-06-15,CCL,short,-6.000000238418579,1,2.7188854367844044,195.3360906224782,30.875541747137618,164.46054887534058,164.46054887534058,74377.7087356881,87661791.58836414,178614971.83795035
V4,2.0,IS,2026-06-15,OXY,short,-4.250000417232513,2,-1.3421737879357065,-239.1246888151992,25.368695151742827,-264.493383966942,-264.493383966942,46843.475758714136,31917806.229339,116519218.490986
V4,2.0,IS,2026-06-15,LMT,short,-3.999999538064003,2,0.28319972606681526,102.10138142009043,9.132798904267261,92.96858251582317,92.96858251582317,25663.994521336306,2291460.253513791,72111242.83815497
V4,2.0,IS,2026-06-15,XOM,short,-3.4999996423721313,1,-1.021491455060641,-125.48270316015218,12.085965820242578,-137.56866898039476,-137.56866898039476,40429.82910121282,201517050.93228933,623114290.1604738
V4,2.0,IS,2026-06-15,CRCL,long,2.999997138977051,1,2.6087459725650026,-35.369980059756585,30.434983890260014,-65.8049639500166,-65.8049639500166,72174.91945130005,62326398.02196263,298104031.13930905
V4,2.0,IS,2026-06-15,GLXY,long,2.999997138977051,1,3.420091948279425,-641.3681634954829,33.68036779311774,-675.0485312886007,-675.0485312886007,88401.8389655885,14480330.426379979,36144544.61582829
V4,2.0,IS,2026-06-15,HOOD,long,2.999997138977051,1,2.808047320486416,-162.688357973395,31.232189281945665,-193.92054725534067,-193.92054725534067,76160.94640972832,328628705.36362743,777044028.1045985
V4,2.0,IS,2026-06-16,CCL,long,9.49999988079071,1,2.714353014813284,277.47518983757874,30.857412059253136,246.6177777783256,246.6177777783256,74287.06029626568,46394751.70642285,104596383.33912422
V4,2.0,IS,2026-06-16,XOM,short,-3.0000001192092896,1,-1.0878473084591036,-59.86195037556454,12.351389233836407,-72.21333960940095,-72.21333960940095,41756.94616918207,112487847.18333584,264440173.3983383
V4,2.0,IS,2026-06-16,DAL,long,2.0000003278255463,1,1.7355275869162585,-134.63382324127448,26.94211034766502,-161.5759335889395,-161.5759335889395,54710.55173832517,28273694.5613141,80850334.45935681
V4,2.0,IS,2026-06-16,ZIM,short,-2.0000003278255463,1,0.5175877193687788,56.51892938129965,22.070350877475114,34.448578503824535,34.448578503824535,30351.754387375575,950621.9854992583,3919311.44499627
V4,2.0,IS,2026-06-17,CCL,short,-3.50000262260437,1,2.7014851469915233,10.25507105839131,30.80594058796609,-20.550869529574783,-20.550869529574783,74029.70293983047,35839870.30439709,113578579.5273034
V4,2.0,IS,2026-06-18,CRCL,short,-3.4999966621398926,1,2.727029341839649,-31.30677289596002,30.908117367358596,-62.214890263318615,-62.21489026331862,74540.58683679298,53668472.04545193,140764986.9859182
V4,2.0,IS,2026-06-18,GLXY,short,-3.4999966621398926,1,3.2738914308139306,-13.19778401934907,33.095565723255724,-46.293349742604796,-46.293349742604796,85477.82861627862,5406588.82336537,17620027.186269876
V4,2.0,IS,2026-06-18,HOOD,short,-3.4999966621398926,1,2.510025244571203,-71.34957054517886,30.040100978284812,-101.38967152346368,-101.38967152346368,70200.50489142406,256655829.459644,683525011.5077776
V4,2.0,IS,2026-06-22,GLD,short,-5.750000290572643,1,1.2257199519180477,-63.43777926222944,12.902879807672193,-76.34065906990163,-76.34065906990163,44514.399038360956,93816086.4711186,338741385.40248257
V4,2.0,IS,2026-06-22,CCL,long,5.4999977350234985,1,2.6739425945747084,-64.59184884953477,30.695770378298832,-95.2876192278336,-95.2876192278336,73478.85189149417,36679284.654954396,89445188.74854544
V4,2.0,IS,2026-06-22,IWM,short,-5.275000282563269,4,1.2428947766454124,-91.02890174857266,12.971579106581643,-104.00048085515431,-104.00048085515431,44857.89553290825,358337324.128843,1298408312.8258026
V4,2.0,IS,2026-06-22,XHB,short,-5.116666946560144,3,1.4093911751259234,68.34546782718276,13.637564700503695,54.707903126679064,54.70790312667906,48187.82350251847,5192764.470114593,53926749.548164815
V4,2.0,IS,2026-06-22,CRCL,short,-4.500001668930054,1,2.526507328074323,56.093391804263405,30.10602931229729,25.987362491966113,25.987362491966113,70530.14656148646,38559075.57813414,165120448.6913832
V4,2.0,IS,2026-06-22,GLXY,short,-4.500001668930054,1,3.2724727288853313,276.7089640061213,33.08989091554133,243.61907309057995,243.61907309057997,85449.45457770662,11209911.734759266,32714754.351206876
V4,2.0,IS,2026-06-22,HOOD,short,-4.500001668930054,1,2.474634327418975,101.82529020936252,29.898537309675902,71.92675289968662,71.92675289968662,69492.6865483795,156243346.15681118,558898853.4030709
V4,2.0,IS,2026-06-22,XOM,long,4.500000178813934,1,-1.0816371217323846,-56.112362092427986,12.32654848692954,-68.43891057935753,-68.43891057935753,41632.7424346477,53117352.36788738,174959849.6701703
V4,2.0,IS,2026-06-22,OXY,long,3.7499986588954926,2,-1.288081791062267,-63.13321467575413,25.152327164249073,-88.2855418400032,-88.2855418400032,45761.63582124535,13333221.216679048,57301202.247282185
V4,2.0,IS,2026-06-24,CCL,long,4.500001668930054,1,2.831399569644536,-57.51944656509609,31.32559827857814,-88.84504484367423,-88.84504484367423,76627.99139289072,50229003.36301493,147463528.54258505
V4,2.0,IS,2026-06-24,XOM,long,2.5000005960464478,1,-1.0810406148133525,-47.647417885578385,12.324162459253408,-59.97158034483179,-59.97158034483179,41620.812296267046,72428735.16867962,238677083.6289228
V4,2.0,IS,2026-06-25,OXY,short,-2.249997854232788,2,-1.1937572338603042,66.81280260418274,24.775028935441213,42.03777366874152,42.03777366874152,43875.14467720608,16636254.170329481,54554897.572465815
V4,2.0,IS,2026-06-25,DAL,long,2.0000003278255463,1,1.6302483350174852,196.81797134514755,26.520993340069936,170.29697800507762,170.29697800507762,52604.9667003497,22645307.740056194,99189967.49982466
V4,2.0,IS,2026-06-25,ZIM,short,-2.0000003278255463,1,0.4510253156176217,-15.144831273500516,21.80410126247049,-36.948932535971004,-36.948932535971004,29020.506312352438,389542.2770970803,2496695.5683720894
V4,2.0,IS,2026-06-26,CCL,long,3.0000001192092896,1,2.8657702986454248,288.6257192393613,31.46308119458172,257.16263804477956,257.16263804477956,77315.4059729085,29257813.472949974,70013682.7276968
V4,2.0,IS,2026-06-29,CCL,short,-5.4999977350234985,1,2.765336077060774,166.9374375064325,31.061344308243093,135.8760931981894,135.8760931981894,75306.72154121548,19186803.44498388,67325996.73584878
V4,2.0,IS,2026-06-29,RTX,long,4.999999701976776,1,0.25822563328684756,-30.193205705985083,9.03290253314739,-39.22610823913247,-39.22610823913247,25164.51266573695,17073783.219505176,47841065.042423464
V4,2.0,IS,2026-06-29,JETS,short,-3.500000387430191,2,1.675353308956029,73.30051698957074,14.70141323582412,58.59910375374662,58.59910375374662,53507.06617912058,1975599.2364939381,10857251.116553389
V4,2.0,IS,2026-06-29,LMT,long,3.4999996423721313,2,-0.026378354768284047,-128.43044094377643,8.105513419073134,-136.53595436284957,-136.53595436284957,20527.56709536568,11705653.987565696,32243096.243743617
V4,2.0,IS,2026-06-29,CRCL,long,3.0000001192092896,1,2.3728847656422296,-35.22520747543771,29.49153906256892,-64.71674653800663,-64.71674653800663,67457.69531284459,37145988.06934313,119548256.27593423
V4,2.0,IS,2026-06-29,GLXY,long,3.0000001192092896,1,3.129007918977325,-397.8541632348922,32.51603167590929,-430.3701949108015,-430.3701949108015,82580.1583795465,6311906.678118937,18606135.593622454
V4,2.0,IS,2026-06-29,HOOD,long,3.0000001192092896,1,2.3345886319253117,-21.828939057308567,29.33835452770125,-51.167293585009816,-51.167293585009816,66691.77263850624,97091514.56172125,333890388.9663678
V4,2.0,IS,2026-06-29,OXY,long,2.5000005960464478,2,-1.2192697995085868,-111.86898140747363,24.87707919803435,-136.74606060550798,-136.74606060550798,44385.39599017174,15368308.567499904,54890854.30966582
V4,2.0,IS,2026-06-30,CRCL,short,-2.5000005960464478,1,2.446177462534307,1494.7043261936535,29.784709850137233,1464.9196163435163,1464.9196163435163,68923.54925068613,36259518.72368804,223649003.111401
V4,2.0,IS,2026-06-30,GLXY,short,-2.5000005960464478,1,2.9788372033813686,267.4875394615741,31.91534881352547,235.57219064804863,235.57219064804866,79576.74406762737,3459473.315166947,12393498.39643459
V4,2.0,IS,2026-06-30,HOOD,short,-2.5000005960464478,1,2.315709340864444,314.1946529475552,29.262837363457777,284.9318155840974,284.9318155840974,66314.18681728888,83370133.90139224,261855150.231349
V4,2.0,IS,2026-07-01,XOM,short,-7.000000774860382,1,-0.9856884881033534,10.573434065554174,11.942753952413414,-1.3693198868592393,-1.3693198868592393,39713.769762067066,44918285.904061,146155599.865857
V4,2.0,IS,2026-07-01,OXY,short,-2.5000013411045074,2,-1.1654418775998099,79.12845517661229,24.661767510399244,54.46668766621305,54.46668766621305,43308.8375519962,9337161.678347189,35262521.07648475
V4,2.0,IS,2026-07-02,CCL,long,3.999999165534973,1,2.569104612349359,-259.98796645071815,30.276418449397454,-290.2643849001156,-290.2643849001156,71382.09224698719,16450940.003948996,75334426.01927407
V4,2.0,IS,2026-07-02,RTX,short,-3.0000001192092896,1,0.22777212591443563,-229.72364061630628,8.911088503657737,-238.63472911996402,-238.63472911996405,24555.442518288713,26818944.545100637,114351646.58132304
V4,2.0,IS,2026-07-06,CRCL,long,6.499999761581421,1,2.1734279466286135,559.2080235729691,28.693711786514427,530.5143117864546,530.5143117864546,63468.55893257227,47628904.28797348,113996933.08277458
V4,2.0,IS,2026-07-06,GLXY,long,6.499999761581421,1,2.966315941026664,-53.952283027595506,31.865263764106665,-85.81754679170217,-85.81754679170217,79326.31882053328,3569963.456566854,19238569.196403507
V4,2.0,IS,2026-07-06,HOOD,long,6.499999761581421,1,2.172840014819469,481.31433989359317,28.691360059277883,452.6229798343153,452.6229798343153,63456.80029638938,94745116.08285958,398838104.6158098
V4,2.0,IS,2026-07-06,OXY,long,6.499999016523361,2,-1.1739307630891065,62.720233119920096,24.695723052356428,38.02451006756367,38.02451006756367,43478.61526178213,12910175.971475396,35590566.14165181
V4,2.0,IS,2026-07-06,JETS,short,-6.499998643994331,2,1.5324430235614883,47.890908326616405,14.129772094245958,33.76113623237045,33.76113623237045,50648.86047122977,1495411.1630547647,6746375.641173175
V4,2.0,IS,2026-07-06,XHB,long,5.200000603993733,3,1.3224375683405634,-172.48789108061567,13.289750273362245,-185.7776413539779,-185.7776413539779,46448.751366811266,1476680.0709450108,13588067.581443716
V4,2.0,IS,2026-07-06,CCL,long,4.000002145767212,1,2.570207352540357,-255.73452115272406,30.28082941016143,-286.0153505628855,-286.0153505628855,71404.14705080714,21608455.893508937,66698069.976438306
V4,2.0,IS,2026-07-06,IWM,long,3.9000004529953003,4,1.1285791577274455,-0.6356933075458374,12.514316630909782,-13.15000993845562,-13.15000993845562,42571.58315454891,162833107.58657613,818153213.6494571
V4,2.0,IS,2026-07-06,RTX,long,2.5000005960464478,1,0.19746824828551568,64.74840778359737,8.789872993142062,55.95853479045531,55.9585347904553,23949.364965710312,33040080.20791445,65908807.43173095
V4,2.0,IS,2026-07-07,UAL,short,-8.000001311302185,1,1.7375588536779567,265.3326278931805,26.950235414711813,238.38239247846866,238.38239247846863,54751.177073559134,15101668.926425572,53280840.45894731
V4,2.0,IS,2026-07-07,CCL,long,3.50000262260437,1,2.2227283519161882,-172.8729451055942,28.890913407664755,-201.76385851325895,-201.76385851325895,64454.56703832377,10889315.60405004,40216720.85806069
V4,2.0,IS,2026-07-07,DAL,short,-3.500000759959221,2,1.4437837051880784,262.2768078720307,25.775134820752328,236.50167305127837,236.50167305127837,48875.674103761565,17002052.72166445,78274857.50433858
V4,2.0,IS,2026-07-08,UAL,short,-3.999999165534973,1,1.7767628235333974,-30.06698869636527,27.10705129413359,-57.17403999049886,-57.17403999049886,55535.256470667955,35675810.904028974,104617224.28674103
V4,2.0,IS,2026-07-08,JETS,short,-3.25000062584877,2,1.4676831896510085,64.43884949497216,13.870732758604035,50.568116736368125,50.568116736368125,49353.663793020176,4205185.462861256,20443236.19832485
V4,2.0,IS,2026-07-08,OXY,long,3.25000062584877,2,-1.1189515254001376,159.02590586231716,24.47580610160054,134.55009976071662,134.55009976071662,42379.030508002754,52146958.93938961,133455542.1849425
V4,2.0,IS,2026-07-08,DAL,short,-2.99999937415123,2,1.503957398214732,-11.795651841854026,26.01582959285893,-37.81148143471295,-37.81148143471295,50079.14796429464,27519955.66876419,118716735.51583758
V4,2.0,IS,2026-07-08,CRCL,short,-2.000001072883606,1,2.6698114037915834,95.9335140784046,30.679245615166337,65.25426846323826,65.25426846323826,73396.22807583166,20454801.426336814,84720539.0313987
V4,2.0,IS,2026-07-08,GLXY,short,-2.000001072883606,1,3.224326685172954,-269.369679723517,32.89730674069182,-302.2669864642088,-302.2669864642088,84486.53370345909,7634294.64924281,25235750.46077854
V4,2.0,IS,2026-07-08,HOOD,short,-2.000001072883606,1,2.467723111501347,-169.89194962449653,29.8708924460054,-199.76284207050193,-199.76284207050193,69354.46223002694,99346802.18613411,324763211.1935088
V4,2.0,IS,2026-07-09,ZIM,short,-2.499999850988388,1,0.31501083397158924,209.13942181200602,21.260043335886365,187.87937847611965,187.87937847611965,26300.21667943178,370914.3103652279,1960173.2515438984
V4,2.0,IS,2026-07-10,CRCL,short,-4.499998688697815,1,2.4365991706335777,734.8518215850827,29.746396682534282,705.1054249025484,705.1054249025484,68731.98341267156,180630336.79434887,772918688.5744199
V4,2.0,IS,2026-07-10,GLXY,short,-4.499998688697815,1,3.17579945275213,547.2744955833194,32.70319781100852,514.5712977723109,514.5712977723109,83515.9890550426,4655720.491209133,23395620.45281839
V4,2.0,IS,2026-07-10,HOOD,short,-4.499998688697815,1,2.41581436756521,693.2626912545511,29.663257470260874,663.5994337842902,663.5994337842902,68316.2873513042,148218257.60327682,724704965.3173195
V4,2.0,IS,2026-07-10,KRE,short,-2.0000040531158447,1,0.2809297707399019,-25.479002556595713,9.123719082959607,-34.60272163955532,-34.60272163955532,25618.595414798037,22552205.8327509,72587794.89800191
V4,2.0,IS,2026-07-13,CCL,long,6.999999284744263,1,2.3741270701533663,140.2831292555976,29.49650828061347,110.78662097498413,110.78662097498413,67482.54140306733,11278011.301494934,44262422.677743495
V4,2.0,IS,2026-07-13,CRCL,long,4.499998688697815,1,2.3404558621101845,-112.50453390056843,29.361823448440745,-141.86635734900918,-141.86635734900918,66809.11724220369,45793475.77543367,152767208.2123032
V4,2.0,IS,2026-07-13,GLXY,long,4.499998688697815,1,3.1142094475613975,-286.75702639303574,32.45683779024557,-319.2138641832813,-319.2138641832813,82284.18895122794,2443861.653287298,12689295.605866551
V4,2.0,IS,2026-07-13,HOOD,long,4.499998688697815,1,2.199118957704398,-29.57747759822816,28.796475830817595,-58.373953429045756,-58.37395342904576,63982.37915408796,109581157.68832186,400114542.82523286
V4,2.0,IS,2026-07-13,ZIM,long,3.4999996423721313,1,0.28802681075018494,-62.13174075656058,21.152107243000735,-83.28384799956132,-83.28384799956132,25760.536215003696,490347.02391409595,2752256.702184818
V4,2.0,IS,2026-07-13,JETS,short,-3.4999974071979523,2,1.454604536973265,98.63384348394372,13.818418147893055,84.81542533605067,84.81542533605067,49092.0907394653,1114351.2609459737,22496987.549359664
V4,2.0,IS,2026-07-13,OXY,long,2.9999975115060806,2,-1.1146829463885441,85.03824086321377,24.45873178555418,60.579509077659594,60.5795090776596,42293.658927770884,20527424.409569282,119733790.99234703
V4,2.0,IS,2026-07-13,DAL,short,-2.7499988675117493,2,1.434318905011541,127.96116455290806,25.737275620046162,102.2238889328619,102.2238889328619,48686.37810023082,27169343.59087469,89958299.85881864
V4,2.0,IS,2026-07-14,CRCL,short,-4.999998211860657,1,2.4002494970959067,-223.1458447541909,29.600997988383625,-252.74684274257453,-252.74684274257453,68004.98994191813,47473992.39977674,193988948.58224764
V4,2.0,IS,2026-07-14,GLXY,short,-4.999998211860657,1,3.2064480870078036,-105.5733665681394,32.825792348031214,-138.39915891617062,-138.39915891617062,84128.96174015607,4075149.108323184,17007871.924518522
V4,2.0,IS,2026-07-14,HOOD,short,-4.999998211860657,1,2.0731945115921113,-193.2556944351694,28.292778046368454,-221.54847248153786,-221.54847248153786,61463.890231842226,100437522.75712611,302063997.8657808
V4,2.0,IS,2026-07-14,CCL,short,-4.0000006556510925,1,2.360616561880176,33.952859378036344,29.442466247520706,4.510393130515638,4.510393130515638,67212.33123760352,13553489.27617662,39018294.15603854
V4,2.0,IS,2026-07-14,XHB,short,-2.683333260938525,3,1.2895784732944091,42.30733107376946,13.158313893177635,29.149017180591827,29.149017180591827,45791.569465888184,10623594.746704806,36291034.873870105
V4,2.0,IS,2026-07-15,ZIM,short,-2.000001072883606,1,0.28835872696308534,-99.87994625697291,21.153434907852343,-121.03338116482526,-121.03338116482527,25767.17453926171,670830.6265134227,4490286.239873132
V4,2.0,IS,2026-07-15,XOM,short,-2.0000003278255463,1,-1.0187901850494838,33.910661842502066,12.075160740197937,21.83550110230413,21.83550110230413,40375.80370098968,1866961.7883840306,127304974.64628683
V4,2.0,IS,2026-07-16,ZIM,long,4.999999701976776,1,0.29977344609003426,-144.58452838198505,21.199093784360144,-165.7836221663452,-165.7836221663452,25995.468921800686,1962770.0501991522,4640349.138399382
V4,2.0,IS,2026-07-16,DAL,short,-3.0000001192092896,2,1.4403562889111161,-202.3952842812777,25.761425155644474,-228.15670943692217,-228.15670943692214,48807.12577822232,15826198.982055323,38742948.21283231
V4,2.0,IS,2026-07-16,JETS,short,-2.99999937415123,2,1.426002316276927,-141.3132889373555,13.704009265107715,-155.01729820246322,-155.01729820246322,48520.04632553854,819696.2985368574,7933173.631348206
V4,2.0,IS,2026-07-17,CRCL,short,-14.499998092651367,1,2.6223030134276915,-188.53994215531847,30.48921205371076,-219.02915420902923,-219.0291542090292,72446.06026855383,26719895.018229283,89996712.07989083
V4,2.0,IS,2026-07-17,GLXY,short,-14.499998092651367,1,3.315728609685017,-17.429905146080895,33.26291443874007,-50.69281958482097,-50.69281958482097,86314.57219370034,5196493.196056135,22980952.571259253
V4,2.0,IS,2026-07-17,HOOD,short,-14.499998092651367,1,2.174954848566513,72.67851354160157,28.69981939426605,43.978694147335524,43.978694147335524,63499.09697133026,190879666.48518258,614336469.2555059
V4,2.0,IS,2026-07-17,COIN,short,-2.124999649822712,8,2.190755905305937,-208.1979403848546,28.763023621223738,-236.96096400607834,-236.96096400607834,63815.118106118745,53076847.70709257,182036956.08947694
V4,2.0,IS,2026-07-20,GLD,long,3.100000135600567,1,1.2770096307007768,79.34737605325758,13.108038522803113,66.23933753045446,66.23933753045446,45540.192614015534,39178850.12513145,139353245.486481
V4,2.0,IS,2026-07-20,JETS,long,3.000001609325409,2,1.4006137848763247,76.66792061668087,13.602455139505295,63.06546547717558,63.06546547717558,48012.27569752649,513976.44920152787,6191908.460302336
V4,2.0,IS,2026-07-20,LMT,short,-2.499999850988388,2,-0.14965826687483152,31.47836726789084,8.598633067499328,22.87973420039151,22.87973420039151,22993.165337496634,9278450.019210596,43897378.272288
V4,2.0,IS,2026-07-21,CRCL,long,11.499997973442078,1,2.1773266951017654,251.33478331421082,28.709306780407076,222.62547653380375,222.62547653380375,63546.533902035306,137016501.87145686,335050870.75035536
V4,2.0,IS,2026-07-21,GLXY,long,11.499997973442078,1,3.046335938898665,339.81747889790523,32.18534375559466,307.6321351423106,307.6321351423106,80926.71877797329,5607337.230224358,17543544.760705426
V4,2.0,IS,2026-07-21,HOOD,long,11.499997973442078,1,2.204165669906176,286.9309640794346,28.8166626796247,258.1143013998099,258.1143013998099,64083.31339812352,135017657.8980869,385772665.00471354
V4,2.0,IS,2026-07-21,COIN,long,2.0874998532235622,8,1.9679907111850898,426.69063745515734,27.87196284474038,398.81867461041696,398.81867461041696,59359.8142237018,129629721.28940387,460640514.15305924
V4,2.0,IS,2026-07-21,CCL,short,-2.000001072883606,1,2.196957688053106,42.3713626305601,28.78783075221242,13.583531878347678,13.583531878347678,63939.153761062116,11844197.007566938,40589358.4636617
V4,2.0,IS,2026-07-22,CRCL,short,-6.999999284744263,1,2.2864739787723187,281.1230472245781,29.145895915089284,251.97715130948882,251.97715130948882,65729.47957544637,31274501.043727953,99858100.68509887
V4,2.0,IS,2026-07-22,GLXY,short,-6.999999284744263,1,3.1367000493515773,-119.22798136330825,32.54680019740631,-151.77478156071456,-151.77478156071456,82734.00098703154,3828355.869611759,12741395.866858143
V4,2.0,IS,2026-07-22,HOOD,short,-6.999999284744263,1,2.2417633422803718,45.08296023096894,28.967053369121487,16.115906861847456,16.115906861847456,64835.26684560744,40273955.02533487,162214146.1205247
V4,2.0,IS,2026-07-22,ZIM,short,-3.999999165534973,1,0.31782915052300975,-36.85059293653336,21.271316602092043,-58.1219095386254,-58.1219095386254,26356.583010460196,210161.20071271397,1810725.5417176322
V4,2.0,IS,2026-07-22,JETS,short,-2.000001072883606,2,1.4777047736876585,45.05097872527593,13.910819094750636,31.140159630525297,31.1401596305253,49554.09547375317,1051008.8712620789,4362723.450254604
V4,2.0,IS,2026-07-23,ZIM,long,2.99999862909317,1,0.32873885599467634,249.02420854611296,21.314955423978716,227.70925312213424,227.7092531221342,26574.77711989353,740979.8458144334,2095728.2448708147
V4,2.0,IS,2026-07-23,CRCL,long,2.000001072883606,1,2.3440475665773133,-393.406029922544,29.376190266309266,-422.7822201888533,-422.7822201888532,66880.95133154627,34437241.495092735,87362153.97805604
V4,2.0,IS,2026-07-23,GLXY,long,2.000001072883606,1,3.204070116267052,199.21912357677192,32.81628046506822,166.4028431117037,166.4028431117037,84081.40232534106,1801825.1853975167,12953137.64658433
V4,2.0,IS,2026-07-23,HOOD,long,2.000001072883606,1,2.262107126656121,5.126012942957906,29.048428506624482,-23.922415563666576,-23.922415563666576,65242.14253312242,72007454.74150014,235068871.55278286
V4,2.0,IS,2026-07-27,RTX,long,6.50000125169754,1,-0.03974846215383239,185.27235066627603,8.158993848615324,177.1133568176607,177.1133568176607,20794.969243076648,45347493.80809875,133700360.29851806
V4,2.0,IS,2026-07-27,JETS,long,6.000000238418579,2,1.5197387309459933,137.95351228839266,14.078954923783968,123.87455736460869,123.87455736460869,50394.774618919866,3144559.984209648,9395994.365755925
V4,2.0,IS,2026-07-27,ZIM,short,-6.000000238418579,1,0.23652453251990346,97.90436894989485,20.94609813007962,76.95827081981523,76.95827081981523,24730.49065039807,494950.68195203843,1014996.5123777193
V4,2.0,IS,2026-07-27,CRCL,long,5.0000011920928955,1,2.4428095075342764,510.61315470746047,29.771238030137113,480.84191667732335,480.84191667732335,68856.19015068552,19379740.723078363,111715433.90409134
V4,2.0,IS,2026-07-27,GLXY,long,5.0000011920928955,1,3.231513779450382,82.43040386337267,32.926055117801525,49.50434874557115,49.50434874557115,84630.27558900764,1764102.5178859872,10629965.310763424
V4,2.0,IS,2026-07-27,HOOD,long,5.0000011920928955,1,2.2490820939986884,41.72428116787113,28.996328375994754,12.72795279187638,12.72795279187638,64981.641879973766,49086564.6173595,232508393.353886
V4,2.0,IS,2026-07-27,DAL,long,4.999999701976776,2,1.5493710382858896,99.48579010990007,26.197484153143563,73.2883059567565,73.2883059567565,50987.4207657178,47961789.79149952,88033236.18127453
V4,2.0,IS,2026-07-27,XOM,short,-4.999999701976776,1,-0.9308074778337188,-37.46139404727105,11.723229911334876,-49.184623958605926,-49.184623958605926,38616.149556674376,78373419.68060844,248990751.24337372
V4,2.0,IS,2026-07-27,OXY,short,-4.500000923871994,2,-0.9809376752294032,189.19395435430016,23.923750700917623,165.27020365338254,165.27020365338254,39618.753504588065,21603853.337772254,67002230.177556776
V4,2.0,IS,2026-07-27,UAL,long,3.999999165534973,1,1.9662035596474574,38.25451175545922,27.86481423858983,10.38969751686939,10.38969751686939,59324.07119294915,36038870.9102282,75701485.11851622
V4,2.0,IS,2026-07-28,XOM,short,-6.749999523162842,2,-0.9239391229096303,43.293586042785684,11.69575649163852,31.597829551147164,31.597829551147164,38478.7824581926,56905907.30390264,193655988.9436728
V4,2.0,IS,2026-07-28,UAL,long,6.25,2,1.959813409009337,208.84035412875403,27.83925363603734,181.0011004927167,181.0011004927167,59196.268180186744,9844733.554414064,43201017.65336186
V4,2.0,IS,2026-07-28,DAL,long,4.166666666666667,3,1.5442061459628698,251.40393598434665,26.17682458385147,225.22711140049518,225.2271114004952,50884.122919257396,10761487.413057122,50237370.50401533
V4,2.0,IS,2026-07-28,CRCL,short,-2.000001072883606,1,2.440247450379993,-306.06179302513806,29.760989801519997,-335.82278282665806,-335.82278282665806,68804.94900759986,22265229.17823796,69076180.89803813
V4,2.0,IS,2026-07-28,GLXY,short,-2.000001072883606,1,3.2246702112232186,389.80326072198505,32.89868084489285,356.9045798770922,356.9045798770922,84493.40422446436,5083955.389943786,19233786.687175766
V4,2.0,IS,2026-07-28,HOOD,short,-2.000001072883606,1,2.2213603379761704,34.77020960090281,28.88544135190468,5.884768248998128,5.884768248998128,64427.20675952341,94051662.13808559,305831399.0474106
V4,2.0,IS,2026-07-29,CRCL,short,-7.0000022649765015,1,2.5903307131170537,-70.08812691697723,30.361322852468206,-100.44944976944544,-100.44944976944544,71806.61426234107,11964603.213438293,40558970.62161745
V4,2.0,IS,2026-07-29,GLXY,short,-7.0000022649765015,1,3.067815319274831,859.281509515546,32.27126127709937,827.0102482384466,827.0102482384466,81356.30638549662,9874010.507648945,16354713.781016227
V4,2.0,IS,2026-07-29,HOOD,short,-7.0000022649765015,1,2.209314517830249,-22.74580631764219,28.837258071320996,-51.58306438896319,-51.58306438896319,64186.29035660498,36463906.922994606,152037410.76016912
V4,2.0,IS,2026-07-29,RTX,short,-3.4999996423721313,1,-0.0841377050688305,224.16618775112386,8.336550820275335,215.82963693084852,215.82963693084852,21682.75410137661,28695163.67067632,89836920.76563202
V4,2.0,IS,2026-07-29,UAL,short,-3.0000023543834686,2,1.987575021131957,-232.65667275220954,27.95030008452784,-260.6069728367374,-260.6069728367374,59751.50042263915,18231724.050905555,57879963.80703757
V4,2.0,IS,2026-07-29,DAL,short,-3.000001609325409,3,1.5390890714776388,-118.85805280892906,26.156356285910547,-145.0144090948396,-145.0144090948396,50781.78142955277,41440427.71123159,71113244.05725107
V4,2.0,IS,2026-07-29,ZIM,long,3.0000001192092896,1,0.1924316930647261,230.35249473052662,20.769726772258906,209.5827679582677,209.5827679582677,23848.633861294522,298142.372158785,2369089.741040817
V4,2.0,IS,2026-07-29,JETS,short,-2.249998599290848,2,1.51991453968285,-134.7738104867683,14.079658158731405,-148.8534686454997,-148.8534686454997,50398.290793657,3800632.6198480586,15157040.64337868
V4,2.0,IS,2026-07-30,RTX,long,3.4999996423721313,1,0.0005434236452046729,-5.170140408481979,8.002173694580819,-13.172314103062797,-13.172314103062797,20010.868472904094,31586562.323514145,105724525.94700344
V4,2.0,IS,2026-07-30,LMT,long,2.749999612569809,2,-0.36262791194941035,177.16337814338442,9.45051164779764,167.71286649558678,167.71286649558678,27252.55823898821,31846205.736270107,84887196.48104538
V4,2.0,IS,2026-07-30,UAL,short,-2.499997615814209,2,2.0114809916374567,14.066153631975345,28.04592396654983,-13.979770334574484,-13.979770334574484,60229.61983274914,9355564.246342495,42630332.82540919
V4,2.0,IS,2026-07-30,JETS,short,-2.0000018179416656,2,1.545070130950348,20.41047883143552,14.180280523801393,6.230198307634126,6.230198307634126,50901.40261900696,1421066.067992229,8033212.483471261
V4,2.0,IS,2026-07-31,CRCL,short,-4.0000006556510925,1,2.781408903724131,103.47214877714728,31.125635614896524,72.34651316225076,72.34651316225076,75628.17807448262,29316138.129830606,114524760.56261133
V4,2.0,IS,2026-07-31,GLXY,short,-4.0000006556510925,1,3.857983782172316,761.6468787492522,35.43193512868925,726.214943620563,726.214943620563,97159.67564344632,3962210.064656203,18412094.851865493
V4,2.0,IS,2026-07-31,HOOD,short,-4.0000006556510925,1,1.9762749891372342,5.558302795996891,27.905099956548938,-22.346797160552047,-22.346797160552047,59525.499782744686,139826964.42777747,388649021.47347075
V4,2.0,IS,2026-08-03,UAL,long,7.249998301267624,2,1.8895172246403535,37.844526890720395,27.558068898561416,10.28645799215898,10.28645799215898,57790.34449280707,35429958.75626889,132029005.06712855
V4,2.0,IS,2026-08-03,XOM,short,-5.749998614192009,2,-0.9392827562463834,-207.08691027621663,11.75713102498554,-218.84404130120217,-218.84404130120217,38785.65512492767,62874956.20253298,206001800.66700733
V4,2.0,IS,2026-08-03,DAL,long,5.499998728434245,3,1.5036209595825258,102.25605157906944,26.014483838330108,76.24156774073933,76.24156774073933,50072.41919165052,37057922.271696225,88189482.04442771
V4,2.0,IS,2026-08-03,CCL,long,5.0000011920928955,1,1.9212334392876638,-117.900446250048,27.68493375715066,-145.58538000719867,-145.58538000719867,58424.66878575328,37769069.22836376,83562959.32224631
V4,2.0,IS,2026-08-03,JETS,long,4.500000178813934,2,1.4572558401662787,20.76897578481545,13.829023360665115,6.939952424150334,6.939952424150334,49145.116803325574,4501318.474068398,18972652.23637139
V4,2.0,IS,2026-08-03,OXY,short,-4.4999998062849045,2,-0.9340118185290756,-72.91389042033646,23.736047274116302,-96.64993769445276,-96.64993769445276,38680.23637058151,20867860.54054278,64294861.07169917
V4,2.0,IS,2026-08-03,LMT,short,-2.5000005960464478,2,-0.2583210654243577,-76.01114314994935,9.033284261697432,-85.04442741164678,-85.04442741164678,25166.421308487155,20588827.355703022,59773524.82857101
V4,2.0,IS,2026-08-03,RTX,short,-2.000001072883606,1,-0.030392086271657646,-7.4932171816871636,8.12156834508663,-15.614785526773794,-15.614785526773794,20607.84172543315,20315960.230239946,58293095.60393717
V4,2.0,IS,2026-08-04,UAL,long,6.999997794628143,2,1.8603964325197708,-227.2167450551662,27.441585730079083,-254.65833078524528,-254.65833078524525,57207.92865039541,37026813.995620064,76952992.91586089
V4,2.0,IS,2026-08-04,DAL,long,4.666665196418762,3,1.5410514337470183,-245.2578847958345,26.16420573498806,-271.4220905308226,-271.4220905308226,50821.02867494037,30195888.226420265,58804802.502426244
V4,2.0,IS,2026-08-04,XOM,short,-4.499998688697815,2,-0.825542530884671,-270.25590421736365,11.302170123538701,-281.55807434090235,-281.55807434090235,36510.85061769342,7720569.43529868,266303037.75442782
V4,2.0,IS,2026-08-04,TLT,long,3.4999996423721313,1,0.2501679918665507,-13.15014670750579,9.000671967466204,-22.150818674971994,-22.150818674971994,25003.359837331012,62578053.51020806,362155531.9259032
V4,2.0,IS,2026-08-04,CCL,short,-3.0000001192092896,1,1.8168052796463898,161.57704568111419,27.267221118585553,134.30982456252863,134.30982456252863,56336.1055929278,41130439.09103676,101603081.92803247
V4,2.0,IS,2026-08-04,JETS,long,2.500002086162567,2,1.454876362865339,-112.63370576844154,13.819505451461353,-126.4532112199029,-126.4532112199029,49097.527257306785,5627166.588626727,13625131.386258861
V4,2.0,IS,2026-08-05,CRCL,short,-10.999999940395355,1,2.5178728899493272,-423.5915376744124,30.071491559797323,-453.6630292342097,-453.6630292342098,70357.45779898655,101726275.50627075,239827958.97122678
V4,2.0,IS,2026-08-05,GLXY,short,-10.999999940395355,1,3.5905341092920726,409.08059392769127,34.36213643716832,374.71845749052295,374.71845749052295,91810.68218584145,18612831.77314995,49245328.40356174
V4,2.0,IS,2026-08-05,HOOD,short,-10.999999940395355,1,1.9835724600339277,-33.307128840628465,27.934289840135712,-61.24141868076418,-61.24141868076418,59671.44920067856,47833180.750124514,214952136.55366802
V4,2.0,IS,2026-08-06,ZIM,long,3.500000387430191,1,0.2557889365860784,-206.23784044827258,21.023155746344315,-227.2609961946169,-227.2609961946169,25115.778731721566,655209.5176774187,2387524.00393598
V4,2.0,IS,2026-08-07,CRCL,short,-3.0000001192092896,1,2.457246631129195,-81.32292878698058,29.82898652451678,-111.15191531149736,-111.15191531149736,69144.9326225839,39563272.37395713,154846911.03709918
V4,2.0,IS,2026-08-07,GLXY,short,-3.0000001192092896,1,3.6154149981460844,244.03238109334336,34.461659992584345,209.57072110075902,209.57072110075902,92308.2999629217,6112208.665103823,18619549.93207266
V4,2.0,IS,2026-08-07,HOOD,short,-3.0000001192092896,1,1.9983335479579638,16.677865514514966,27.993334191831856,-11.31546867731689,-11.31546867731689,59966.67095915928,65920048.902713865,203094000.44369552
V4,2.0,IS,2026-08-07,RTX,long,2.99999862909317,1,-0.06856776218532454,22.160693502224987,8.274271048741298,13.88642245348369,13.88642245348369,21371.35524370649,20917071.486464445,52142753.04819334
V4,2.0,IS,2026-08-10,UAL,short,-14.999999850988388,2,1.8836625295903067,367.73183636677066,27.53465011836124,340.1971862484094,340.1971862484094,57673.250591806136,11040122.85416197,42609871.063091144
V4,2.0,IS,2026-08-10,XOM,long,9.49999988079071,2,-0.820669601612706,347.2810246565071,11.282678406450827,335.9983462500563,335.9983462500563,36413.392032254116,65529290.22292714,257868399.74222675
V4,2.0,IS,2026-08-10,DAL,short,-7.6249998062849045,4,1.484034308018091,133.918843955068,25.93613723207237,107.98270672299564,107.98270672299564,49680.68616036182,18400404.25463165,38460686.51471934
V4,2.0,IS,2026-08-10,CRCL,long,6.999999284744263,1,2.4920587719391216,-16.32672638124203,29.968235087756486,-46.294961468998515,-46.294961468998515,69841.17543878243,27378256.319412977,93812379.28661375
V4,2.0,IS,2026-08-10,GLXY,long,6.999999284744263,1,3.6386267694137504,-522.8806443382094,34.55450707765499,-557.4351514158644,-557.4351514158644,92772.53538827502,2276922.2107637627,11397392.495711792
V4,2.0,IS,2026-08-10,HOOD,long,6.999999284744263,1,2.0002174310931986,124.83474853132182,28.00086972437279,96.83387880694903,96.83387880694903,60004.348621863974,36272908.46146745,126058042.19296956
V4,2.0,IS,2026-08-10,OXY,long,6.250001490116119,2,-0.7898701474726021,363.23337968226946,23.159480589890393,340.07389909237907,340.07389909237907,35797.402949452044,18010540.61244352,77020711.52141356
V4,2.0,IS,2026-08-10,JETS,short,-5.750001966953278,2,1.473012485448643,238.7266958990203,13.892049941794568,224.83464595722575,224.83464595722575,49460.24970897286,1588020.8077379882,8214903.731593319
V4,2.0,IS,2026-08-10,ZIM,short,-3.500000387430191,1,0.26832718260779953,367.69087123933025,21.073308730431222,346.617562508899,346.617562508899,25366.54365215599,4948158.901510097,10400393.22709899
V4,2.0,IS,2026-08-10,XLE,long,2.205882703556734,17,-0.5775168663492175,348.85866556122204,10.310067465396855,338.5485980958252,338.5485980958252,31550.337326984347,89840628.5069163,296712045.53073573
V4,2.0,OOS,2026-08-11,UAL,long,6.749998778104782,2,1.9106364477339948,206.1868513832485,27.64254579093597,178.54430559231253,178.54430559231253,58212.7289546799,7616372.085835382,33311159.51430711
V4,2.0,OOS,2026-08-11,XOM,short,-4.249998927116394,2,-0.8399857936229747,35.49129173109457,11.3599431744919,24.13134855660267,24.13134855660267,36799.71587245949,35445590.321756504,143666876.35482463
V4,2.0,OOS,2026-08-11,CRCL,short,-3.0000001192092896,1,2.467046592513318,-446.808690534665,29.86818637005325,-476.67687690471826,-476.6768769047183,69340.93185026635,33766812.97765047,144845793.624571
V4,2.0,OOS,2026-08-11,GLXY,short,-3.0000001192092896,1,3.6748080762441213,131.92144763352937,34.699232304976476,97.22221532855289,97.22221532855289,93496.16152488242,7787060.816282937,17008098.6628203
V4,2.0,OOS,2026-08-11,HOOD,short,-3.0000001192092896,1,2.0318397099525662,-47.26981133048343,28.127358839810263,-75.39717017029369,-75.39717017029369,60636.79419905133,51062241.18800844,165149394.72615215
V4,2.0,OOS,2026-08-11,OXY,short,-2.4999991059303284,2,-0.8023160903353809,-56.61323374789485,23.209264361341525,-79.82249810923638,-79.82249810923638,36046.321806707616,29244369.51401017,54742614.00618512
V4,2.0,OOS,2026-08-11,DAL,long,2.399999499320984,5,1.4968179211657824,126.09965581838017,25.987271684663128,100.11238413371704,100.11238413371704,49936.35842331565,8392370.582401956,22930870.57807655
V4,2.0,OOS,2026-08-11,ITA,short,-2.3888888458410897,9,0.8900448276072793,-61.543844840460444,11.560179310429113,-73.10402415088956,-73.10402415088956,37800.89655214558,3972295.85993197,9310876.083597956
V4,2.0,OOS,2026-08-11,XLE,short,-2.055555416478051,18,-0.5912474619663819,-123.65162271336939,10.36498984786553,-134.01661256123492,-134.01661256123492,31824.949239327638,87813140.1915725,217320318.82741168
V4,2.0,OOS,2026-08-11,ZIM,long,2.0000003278255463,1,0.28434731614294245,-184.67155682001788,21.137389264571766,-205.80894608458965,-205.80894608458965,25686.946322858847,1171612.900691416,7653019.101672322
V4,2.0,OOS,2026-08-12,CRCL,short,-4.0000006556510925,1,2.4501867623549063,0.3356555867551573,29.800747049419627,-29.46509146266447,-29.465091462664468,69003.73524709813,84394395.2287403,173210008.5534954
V4,2.0,OOS,2026-08-12,GLXY,short,-4.0000006556510925,1,3.6036914829815676,208.54472156165156,34.41476593192627,174.1299556297253,174.1299556297253,92073.82965963134,9849127.328019343,18308971.45200252
V4,2.0,OOS,2026-08-12,HOOD,short,-4.0000006556510925,1,1.979091397800335,159.539905471383,27.916365591201327,131.62353988018168,131.62353988018168,59581.8279560067,69775393.34019208,222478505.21672702
V4,2.0,OOS,2026-08-12,TLT,long,2.000001072883606,1,0.260175744506092,-34.48872644218274,9.04070297802437,-43.52942942020711,-43.52942942020711,25203.514890121838,36584721.384067245,150902804.21385756
V4,2.0,OOS,2026-08-13,TLT,long,2.5000005960464478,1,0.22847100179242077,-9.849927357127694,8.913884007169681,-18.763811364297375,-18.763811364297375,24569.420035848416,35653930.91433867,247393801.18349263
V4,2.0,OOS,2026-08-14,AMZN,long,12.999999523162842,1,1.4303151157052065,-43.60421518899967,13.72126046282083,-57.3254756518205,-57.32547565182049,48606.302314104134,268469002.7651636,826338381.5246528
V4,2.0,OOS,2026-08-14,GOOGL,short,-4.449999809730798,4,1.3557975932038757,-13.057185023570465,13.423190372815501,-26.480375396385966,-26.480375396385963,47115.95186407751,236322086.18046376,749336546.6593688
V4,2.0,OOS,2026-08-14,UAL,short,-3.0000008642673492,2,1.8572932662581192,-11.340774841216497,27.429173065032476,-38.76994790624897,-38.76994790624897,57145.86532516238,7368315.522111925,34581819.44406564
V4,2.0,OOS,2026-08-14,TSLA,long,2.6999998837709427,1,2.8554325737178234,80.69536632317708,19.421730294871296,61.27363602830579,61.27363602830579,77108.65147435646,560898653.9027455,2948130871.202113
V4,2.0,OOS,2026-08-14,XOM,long,2.5000005960464478,2,-0.7927222970183891,0.9850747742631535,11.170889188073556,-10.185814413810402,-10.185814413810402,35854.44594036778,27792385.389419604,127101218.98950045
V4,2.0,OOS,2026-08-14,MSFT,long,2.499999850988388,2,1.1918865374405743,10.62015234979894,12.767546149762296,-2.147393799963357,-2.147393799963357,43837.73074881148,399825629.78161323,1003911616.7703142
V4,2.0,OOS,2026-08-17,UAL,short,-3.500000759959221,2,1.8139802701058407,132.67148309655005,27.255921080423363,105.41556201612669,105.41556201612667,56279.60540211682,5222712.968426208,20930104.813222695
V4,2.0,OOS,2026-08-17,XOM,long,3.0000004917383194,2,-0.7857302770556138,52.639309137555905,11.14292110822246,41.496388029333446,41.496388029333446,35714.60554111228,44911429.465188034,144001297.34408632
V4,2.0,OOS,2026-08-17,OXY,long,2.5000009685754776,2,-0.7270910541713542,60.36002051484647,22.908364216685413,37.451656298161055,37.451656298161055,34541.82108342709,10439425.524097396,28605535.883898232
V4,2.0,OOS,2026-08-17,JETS,short,-2.250000834465027,2,1.4358784361605734,115.13147984776134,13.743513744642286,101.38796610311906,101.38796610311906,48717.568723211465,1368064.7876895175,7721087.8698831685
V4,2.0,OOS,2026-08-17,TSLA,short,-2.0499996840953827,1,2.8604558892281027,-88.11548894130433,19.44182355691241,-107.55731249821675,-107.55731249821675,77209.11778456206,318022915.8966458,1284152069.7768276
V4,2.0,OOS,2026-08-17,TLT,long,2.000001072883606,1,0.23074304364827575,-38.512884556886455,8.922972174593106,-47.43585673147956,-47.43585673147956,24614.860872965517,28228473.055740543,129571196.17435509
V4,2.0,OOS,2026-08-18,UAL,short,-4.0000006556510925,2,1.6743479116018984,149.0247906448628,26.697391646407596,122.32739899845521,122.32739899845521,53486.95823203797,7254552.124596542,25158085.520938203
V4,2.0,OOS,2026-08-18,STNG,long,3.999999165534973,1,-0.11323904001537241,-128.86074815126457,20.45295616006149,-149.31370431132606,-149.31370431132606,22264.78080030745,1222955.0357792529,2651563.766415894
V4,2.0,OOS,2026-08-18,USO,long,3.999999165534973,1,-1.2474281074837135,-91.59713714961711,12.989712429934855,-104.58684957955197,-104.58684957955197,44948.562149674275,48784452.9209806,118473923.64570369
V4,2.0,OOS,2026-08-18,XOM,long,2.5000005960464478,2,-0.7239325122032928,65.12537927687922,10.89573004881317,54.229649228066044,54.229649228066044,34478.65024406585,120221892.55504929,299673756.1601875
V4,2.0,OOS,2026-08-18,DAL,short,-2.416666721304258,6,1.3065283979957325,127.49967745109755,25.226113591982923,102.27356385911463,102.27356385911463,46130.56795991465,11762250.418125028,49487741.08400014
V4,2.0,OOS,2026-08-19,META,long,4.999999888241291,1,1.2550024134257283,110.77094352438293,13.020009653702914,97.75093387068002,97.75093387068002,45100.04826851457,621039586.2340647,1515263216.0212069
V4,2.0,OOS,2026-08-19,AMZN,short,-2.999997138977051,1,1.387258582443757,-216.8201831477546,13.549034329775026,-230.36921747752962,-230.36921747752965,47745.17164887515,372604460.37258804,1046492927.7653275
V4,2.0,OOS,2026-08-19,TSLA,long,2.9500000178813934,1,2.803212298388498,408.18890700649456,19.212849193554007,388.97605781294055,388.97605781294055,76064.24596776997,401593046.4782208,1570413003.912159
V4,2.0,OOS,2026-08-19,ZIM,short,-2.499999850988388,1,0.40313878209001314,-232.54932718412033,21.612555128360043,-254.16188231248037,-254.16188231248037,28062.775641800265,8406577.964339318,17681197.32513968
V4,2.0,OOS,2026-08-20,RTX,long,8.499999344348907,1,-0.17886644722827177,-301.8337042008044,8.715465788913093,-310.5491699897175,-310.5491699897175,23577.328944565434,19658244.64990316,66724972.8492198
V4,2.0,OOS,2026-08-20,IBIT,long,3.999999463558197,5,1.1365540388953532,158.370832839202,12.54621615558142,145.82461668362058,145.82461668362058,42731.08077790706,275692389.2116219,738429440.6110443
V4,2.0,OOS,2026-08-20,LMT,long,3.750000149011612,2,-0.27016489277292904,-265.99157357856734,9.0806595710917,-275.07223314965904,-275.07223314965904,25403.29785545858,14980599.637909034,40252611.540293336
V4,2.0,OOS,2026-08-20,BMNR,long,3.500000387430191,1,2.9692181238333006,179.56918909319256,31.876872495333203,147.69231659785936,147.69231659785936,79384.362476666,121566776.47823033,324393555.34258735
V4,2.0,OOS,2026-08-20,ETHA,long,3.500000387430191,1,2.0513885285618443,250.91998572111453,16.205554114247377,234.71443160686715,234.71443160686715,61027.770571236884,48799277.676232554,200061956.76760504
V4,2.0,OOS,2026-08-20,MARA,long,3.499999518195788,6,3.1218187527002677,1045.7771734427486,32.48727501080111,1013.2898984319474,1013.2898984319474,82436.37505400536,27340532.055768948,139647243.14031935
V4,2.0,OOS,2026-08-20,MSTR,long,3.499999518195788,6,2.7518873720894246,35.902490413232435,31.007549488357697,4.894940924874739,4.894940924874739,75037.7474417885,342490390.25467885,915197633.9585923
V4,2.0,OOS,2026-08-20,COIN,long,3.12499962747097,8,2.022842585876603,69.75852069857416,28.091370343506412,41.66715035506775,41.66715035506775,60456.85171753206,232321233.65288466,566965048.4200027
V4,2.0,OOS,2026-08-20,TSLA,short,-3.100000321865082,1,2.8074677799416436,-94.74696175104263,19.22987111976657,-113.9768328708092,-113.9768328708092,76149.35559883287,478524971.8405794,1692261873.6730618
V4,2.0,OOS,2026-08-21,RTX,short,-22.499999403953552,1,-0.10975475181509614,161.27693986515192,8.439019007260384,152.83792085789153,152.83792085789153,22195.095036301922,91095372.13219719,121450352.21144274
V4,2.0,OOS,2026-08-21,LMT,short,-11.749999225139618,2,-0.202896320950237,138.6661033596573,8.811585283800952,129.85451807585636,129.85451807585636,24057.92641900474,42828308.591770925,71454595.93773833
V4,2.0,OOS,2026-08-21,IBIT,long,7.219999842345715,5,1.0009354207520065,-2.1658765043979393,12.003741683008027,-14.169618187405966,-14.169618187405966,40018.708415040135,264313978.3234144,1032884271.9162335
V4,2.0,OOS,2026-08-21,MARA,long,6.766666565090418,6,2.7331408850823005,-346.21561890867326,30.932563540329227,-377.1481824490025,-377.1481824490025,74662.81770164601,75596375.30734114,239364892.43540043
V4,2.0,OOS,2026-08-21,MSTR,long,6.766666565090418,6,2.5580813961865876,-25.159403322665916,30.23232558474635,-55.391728907412265,-55.391728907412265,71161.62792373175,356531441.4531467,1139709167.5599432
V4,2.0,OOS,2026-08-21,COIN,long,6.012500147335231,8,1.8920271728198308,370.7152898272509,27.56810869127935,343.14718113597155,343.14718113597155,57840.54345639662,271557863.65430903,971229166.6973449
V4,2.0,OOS,2026-08-21,BMNR,long,5.500000715255737,1,2.8010776935207065,267.09605884269456,31.204310774082842,235.89174806861172,235.8917480686117,76021.55387041414,52785017.67457621,212993061.35915202
V4,2.0,OOS,2026-08-21,ETHA,long,5.500000715255737,1,1.8298907856443776,133.59944759260992,15.319563142577508,118.27988445003241,118.27988445003243,56597.815712887554,18798955.32747898,103013060.47334692
V4,2.0,OOS,2026-08-21,ITA,short,-2.433333256178432,9,0.8040681595827845,64.00376301674349,11.216272638331134,52.78749037841236,52.78749037841236,36081.36319165569,4051735.613229329,14382947.094278757
V4,2.0,OOS,2026-08-21,CRCL,long,2.000001072883606,1,2.416498410635812,3.399816609315138,29.66599364254325,-26.26617703322811,-26.266177033228114,68329.96821271624,158842058.30328724,574408693.1357851
V4,2.0,OOS,2026-08-24,CRCL,short,-10.999999940395355,1,2.4516641344655805,213.4390822896054,29.806656537862324,183.63242575174309,183.63242575174309,69033.28268931161,120440345.33932386,366640883.7252854
V4,2.0,OOS,2026-08-24,GLXY,short,-10.999999940395355,1,3.3782637230741304,210.23382172681156,33.51305489229654,176.72076683451502,176.72076683451502,87565.27446148262,2342056.226771954,10270627.195536282
V4,2.0,OOS,2026-08-24,HOOD,short,-10.999999940395355,1,2.1371337321741,263.52045277650666,28.548534928696398,234.97191784781026,234.97191784781026,62742.674643482,145154989.29666677,405136676.0782215
V4,2.0,OOS,2026-08-24,XOM,short,-6.749998778104782,2,-0.7201046950255956,1.444593404777584,10.880418780102382,-9.435825375324798,-9.435825375324798,34402.093900511914,37486553.12415129,108836748.73185766
V4,2.0,OOS,2026-08-24,UAL,long,5.749998986721039,2,1.6895275640838543,-100.33663474461902,26.758110256335414,-127.09474500095443,-127.09474500095443,53790.551281677086,13738657.447297443,38157181.42422144
V4,2.0,OOS,2026-08-24,OXY,short,-2.99999937415123,2,-0.7077610688639909,157.29782812606248,22.83104427545595,134.46678385060653,134.46678385060653,34155.22137727982,12600436.654562512,45709791.69059148
V4,2.0,OOS,2026-08-24,IBIT,long,2.4900007620453835,5,1.0460570403021143,-7.629783105415778,12.184228161208456,-19.814011266624235,-19.814011266624235,40921.140806042284,183338458.01203856,599203376.3563062
V4,2.0,OOS,2026-08-24,MARA,long,2.325000644971927,6,2.735619567858233,51.692701764014885,30.942478271432933,20.750223492581952,20.750223492581952,74712.39135716466,23071266.83810444,82538910.03542913
V4,2.0,OOS,2026-08-24,MSTR,long,2.325000644971927,6,2.600224066021466,111.36014819815101,30.40089626408586,80.95925193406515,80.95925193406515,72004.48132042932,236830307.25891477,703165850.8461769
V4,2.0,OOS,2026-08-24,DAL,long,2.2833329935868583,6,1.3137453900881524,-75.16406681202834,25.25498156035262,-100.41904837238096,-100.41904837238096,46274.907801763045,15688222.617550226,37090595.83579759
V4,2.0,OOS,2026-08-25,CRCL,short,-4.0000006556510925,1,2.397117091716961,-874.8356481297712,29.5884683668678,-904.424116496639,-904.4241164966389,67942.34183433921,107575918.5950245,360810411.9039794
V4,2.0,OOS,2026-08-25,GLXY,short,-4.0000006556510925,1,3.404550049974046,-863.6793759231153,33.61820019989614,-897.2975761230115,-897.2975761230115,88091.00099948094,2463641.7927960334,14472095.889917053
V4,2.0,OOS,2026-08-25,HOOD,short,-4.0000006556510925,1,2.055262607287371,-868.348539458656,28.2210504291495,-896.5695898878055,-896.5695898878055,61105.25214574742,112544321.79431947,367368013.9201053
V4,2.0,OOS,2026-08-25,UAL,long,3.749999776482582,2,1.6688809279211994,77.51409496761806,26.675523711684797,50.83857125593327,50.83857125593327,53377.61855842398,16155958.616820088,48516171.552342325
V4,2.0,OOS,2026-08-25,XOM,short,-3.2499998807907104,2,-0.7071521539130644,53.216173112456225,10.828608615652257,42.38756449680397,42.38756449680397,34143.04307826129,67267580.27374628,224842072.7080012
V4,2.0,OOS,2026-08-26,RTX,long,3.4999996423721313,1,-0.13012357342819833,74.4213457459173,8.520494293712787,65.9008514522045,65.9008514522045,22602.471468563966,14288416.370231677,57155862.441236384
V4,2.0,OOS,2026-08-26,BMNR,short,-3.0000001192092896,1,2.801722531748267,-221.256769340011,31.206890126993073,-252.46365946700408,-252.4636594670041,76034.45063496534,34582681.99354251,132191336.78851566
V4,2.0,OOS,2026-08-26,ETHA,short,-3.0000001192092896,1,1.8677979388074946,-77.13800603987725,15.471191755229981,-92.60919779510724,-92.60919779510724,57355.958776149884,17300286.631287694,63863413.58299909
V4,2.0,OOS,2026-08-26,TLT,short,-2.5000005960464478,1,0.2107327421657321,1.125405268912264,8.842930968662928,-7.717525699750665,-7.717525699750665,24214.65484331464,27487521.965985674,148922106.2177713
V4,2.0,OOS,2026-08-26,XOM,long,2.5000005960464478,2,-0.7146990756812421,24.620813556416024,10.858796302724969,13.762017253691056,13.762017253691058,34293.98151362484,80317210.49509318,182410308.58106658
V4,2.0,OOS,2026-08-27,TLT,short,-3.999999165534973,1,0.2126628782565723,15.525284532859128,8.850651513026289,6.674633019832839,6.6746330198328385,24253.257565131444,18466156.69010529,109517610.0359694
V4,2.0,OOS,2026-08-27,USO,long,3.0000001192092896,1,-1.276141771793347,189.37952153826708,13.104567087173393,176.2749544510937,176.2749544510937,45522.83543586694,18197525.250495717,39843771.52185456
V4,2.0,OOS,2026-08-27,IBIT,long,2.869999036192894,5,1.0773391131137904,43.0012590850573,12.309356452455162,30.691902632602137,30.691902632602137,41546.78226227581,87919530.50797375,265693427.57537457
V4,2.0,OOS,2026-08-27,LMT,short,-2.7499988675117493,2,-0.21542614395374948,-26.3257059675529,8.861704575814997,-35.187410543367896,-35.187410543367896,24308.52287907499,7357986.394284381,25449402.966601525
V4,2.0,OOS,2026-08-27,UAL,short,-2.500002086162567,2,1.7081287692812572,217.29790359272624,26.832515077125038,190.4653885156012,190.4653885156012,54162.57538562515,3366977.007245108,22421088.561008595
V4,2.0,OOS,2026-08-27,KRE,long,2.4999991059303284,2,0.22750210582679997,49.194740066649224,8.910008423307197,40.28473164334203,40.28473164334203,24550.042116536002,18432107.483397447,59139377.45777022
V4,2.0,OOS,2026-08-27,RTX,short,-2.499997615814209,1,-0.11241635173852836,-36.40821408354603,8.44966540695411,-44.85787949050014,-44.85787949050014,22248.32703477057,41552770.03368648,75167871.01471296
V4,2.0,OOS,2026-08-27,MARA,long,2.391665863494078,6,2.7771355300746756,197.67407392361596,31.108542120298694,166.56553180331727,166.56553180331727,75542.71060149351,18829568.936976124,89284712.82997271
V4,2.0,OOS,2026-08-27,MSTR,long,2.391665863494078,6,2.634861130311193,749.6232160253596,30.539444521244718,719.0837715041149,719.0837715041149,72697.22260622386,109430667.69511934,651382188.9992983
V4,2.0,OOS,2026-08-28,UAL,short,-2.749999240040779,2,1.6696579837619576,181.6609527193319,26.678631935047832,154.98232078428407,154.98232078428407,53393.15967523915,6436223.30771611,25480114.743501045
V4,2.0,OOS,2026-08-31,UAL,short,-5.325000267475843,2,1.6400716867087353,69.9527444192263,26.56028674683494,43.392457672391366,43.392457672391366,52801.4337341747,11774248.461176533,36848405.465249665
V4,2.0,OOS,2026-08-31,XOM,long,5.000000074505806,2,-0.7182928574558287,60.216758768790164,10.873171429823316,49.34358733896685,49.34358733896685,34365.85714911657,62260036.37527477,222684379.61542895
V4,2.0,OOS,2026-08-31,JETS,short,-2.99999937415123,2,1.3129973348095172,123.41284816731827,13.251989339238065,110.16085882808021,110.16085882808021,46259.946696190345,2324404.241974284,9632298.067082325
V4,2.0,OOS,2026-08-31,RTX,short,-2.5000005960464478,1,-0.13446364012528172,117.2049244936377,8.537854560501131,108.66706993313657,108.66706993313657,22689.272802505635,12142296.967261206,31013032.613644406
V4,2.0,OOS,2026-08-31,OXY,long,2.499999478459358,2,-0.7115658014949822,-30.86662149477007,22.846263205979927,-53.712884700749996,-53.71288470075,34231.316029899644,13536536.657721668,40761515.33795357
V4,2.0,OOS,2026-08-31,DAL,short,-2.191666793078184,6,1.2812002881920097,151.4038043693569,25.124801152768043,126.27900321658885,126.27900321658885,45624.0057638402,12954433.144251741,50905801.97809689
V4,2.0,OOS,2026-08-31,USO,long,2.0000003278255463,1,-1.2075072377814413,49.655052674444036,12.830028951125769,36.82502372331827,36.82502372331827,44150.144755628826,18266089.420207206,71910880.44768937
V4,2.0,OOS,2026-09-01,ZIM,short,-2.850000001490116,2,0.4084062333386932,122.39314881630608,21.63362493335478,100.7595238829513,100.7595238829513,28168.124666773863,336599.1910123305,2170300.827712798
V4,2.0,OOS,2026-09-01,XOM,short,-2.2499997168779373,2,-0.7345646564477131,-55.30576623642358,10.938258625790851,-66.24402486221443,-66.24402486221443,34691.29312895426,61117339.40037687,180197173.97429758
V4,2.0,OOS,2026-09-04,AMZN,long,19.999998807907104,1,1.418686088793021,11.094434572109282,13.674744355172084,-2.580309783062802,-2.580309783062802,48373.721775860424,373246793.5550428,1001084126.3166472
V4,2.0,OOS,2026-09-04,MSFT,short,-9.499999694526196,2,1.1651034264224593,175.48950548221885,12.660413705689848,162.829091776529,162.829091776529,43302.068528449185,327273915.9101504,1007242619.5325081
V4,2.0,OOS,2026-09-04,IBIT,short,-2.310000378638506,5,1.0093342657241302,-92.29885625986981,12.037337062896526,-104.33619332276633,-104.33619332276633,40186.6853144826,135902625.92859936,445898737.4326256
V4,2.0,OOS,2026-09-08,RTX,short,-4.999999701976776,1,-0.19630092569291469,53.55066243556278,8.78520370277166,44.76545873279112,44.76545873279112,23926.018513858293,29137568.157503486,61972270.46673234
V4,2.0,OOS,2026-09-08,IBIT,short,-3.440000247210264,5,1.0872237353577714,-60.03904265543508,12.348894941431084,-72.38793759686617,-72.38793759686617,41744.47470715543,103580598.0379015,519102714.46563447
V4,2.0,OOS,2026-09-08,MARA,short,-3.2000002606461444,6,2.8576241018784305,-736.2471232652466,31.430496407513715,-767.6776196727603,-767.6776196727603,77152.48203756861,17896961.30505631,54479728.6001692
V4,2.0,OOS,2026-09-08,MSTR,short,-3.2000002606461444,6,3.1751217192671857,-48.5658290361783,32.70048687706874,-81.26631591324704,-81.26631591324704,83502.4343853437,166322986.44113785,497056894.9655293
V4,2.0,OOS,2026-09-08,MSFT,long,2.775000035762787,2,1.1906941488639409,68.94587281730557,12.762776595455762,56.18309622184981,56.18309622184981,43813.882977278816,425760452.67204463,1082379308.8991578
V4,2.0,OOS,2026-09-08,LMT,short,-2.499999850988388,2,-0.18014573217939522,-73.68337543421227,8.720582928717576,-82.40395836292984,-82.40395836292984,23602.91464358791,47305867.34384449,98063597.6386115
V4,2.0,OOS,2026-09-08,COIN,short,-2.4625001358799636,8,2.116289483321757,7.4057122242444064,28.465157933287028,-21.05944570904262,-21.05944570904262,62325.789666435136,55587991.42009655,179355445.64424077
V4,2.0,OOS,2026-09-08,META,short,-2.149999886751175,1,1.1929657939278244,-1.5708072106818214,12.771863175711298,-14.342670386393118,-14.342670386393118,43859.31587855649,440521487.50281745,1108487915.5810115
V4,2.0,OOS,2026-09-09,OXY,long,2.7500007301568985,2,-1.0384956707581572,-79.596584663833,24.153982683032638,-103.75056734686564,-103.75056734686564,40769.913415163144,22207970.96161552,60872874.421749756
V4,2.0,OOS,2026-09-09,JETS,short,-2.5000005960464478,2,1.3057704388921436,-61.9821437825731,13.223081755568579,-75.20522553814168,-75.20522553814168,46115.40877784288,2839269.431401579,4985481.577372379
V4,2.0,OOS,2026-09-10,MSFT,long,9.350000073512396,3,1.4121721522242268,89.12072349881386,13.648688608896904,75.47203488991696,75.47203488991696,48243.44304448454,339397708.8295568,864697574.7562814
V4,2.0,OOS,2026-09-10,FRO,long,8.000000566244125,1,0.21105836847968998,232.9675933496318,20.844233473918763,212.12335987571305,212.12335987571305,24221.1673695938,5739642.140882689,27580038.820109196
V4,2.0,OOS,2026-09-10,ZIM,long,7.175000105053186,2,0.22152234047951047,-56.77045724444447,20.88608936191804,-77.65654660636251,-77.65654660636251,24430.446809590212,662048.366640846,5313189.267412479
V4,2.0,OOS,2026-09-10,GOOGL,short,-4.909999519586563,5,1.631090189504055,-139.72889188864144,14.524360758016229,-154.25325264665767,-154.25325264665767,52621.8037900811,301558227.22555625,795817765.0112176
V4,2.0,OOS,2026-09-10,STNG,long,4.500000178813934,2,-0.00330931749047504,63.094018964569834,20.0132372699619,43.080781694607936,43.080781694607936,20066.1863498095,1927172.4139886121,8712945.099991772
V4,2.0,OOS,2026-09-10,AMZN,short,-3.50000262260437,1,1.4865234890524837,-75.09075611597834,13.946093956209936,-89.03685007218827,-89.03685007218827,49730.46978104968,317293693.53215986,926572621.6224803
V4,2.0,OOS,2026-09-10,TLT,short,-3.4999996423721313,1,0.19610802183223472,23.5581452841258,8.78443208732894,14.77371319679686,14.77371319679686,23922.16043664469,67448720.26904169,318985370.13427377
V4,2.0,OOS,2026-09-11,TLT,short,-6.499999761581421,1,0.2312557342889394,51.9179048050407,8.92502293715576,42.99288186788494,42.99288186788494,24625.11468577879,65419796.830449946,464279042.0289462
V4,2.0,OOS,2026-09-11,XOM,short,-3.25000062584877,2,-0.8680708294945467,-51.59181175918972,11.472283317978189,-63.064095077167906,-63.064095077167906,37361.416589890934,81378970.76323617,202512477.01176304
V4,2.0,OOS,2026-09-11,KRE,long,3.2499998807907104,2,0.40848319545339434,-82.390532417757,9.633932781813584,-92.02446519957059,-92.02446519957059,28169.663909067887,70734059.95991395,194404763.66764343
V4,2.0,OOS,2026-09-11,USO,short,-3.0000001192092896,1,-1.677197914064319,-143.8954398828709,14.70879165625729,-158.6042315391282,-158.6042315391282,53543.95828128638,46731027.07438533,142744181.87074298
V4,2.0,OOS,2026-09-11,UAL,long,2.650000574067235,2,1.5301409783043518,128.42282253040094,26.12056391321741,102.30225861718353,102.30225861718353,50602.81956608703,10546904.706767065,73998718.70512305
V4,2.0,OOS,2026-09-11,AMZN,long,2.5000035762786865,1,1.450188127495893,116.217476322667,13.800752509983568,102.41672381268343,102.41672381268343,49003.762549917854,304656403.06283724,874290295.4435936
V4,2.0,OOS,2026-09-11,OXY,short,-2.250000089406967,2,-0.9470169394656835,-61.48668895735802,23.788067757862727,-85.27475671522075,-85.27475671522075,38940.33878931367,16471638.709456457,45294384.5125592
V4,2.0,OOS,2026-09-14,AMZN,long,12.5,1,1.4816329219938387,-18.551191278735054,13.926531687975356,-32.47772296671041,-32.47772296671041,49632.65843987678,434427759.85176337,1350539571.73792
V4,2.0,OOS,2026-09-14,CRCL,long,10.999999940395355,1,2.399136295396429,527.3087664658769,29.596545181585725,497.7122212842912,497.7122212842912,67982.72590792859,106877431.12977543,292569686.3533897
V4,2.0,OOS,2026-09-14,GLXY,long,10.999999940395355,1,3.4752154173074263,386.84301124800623,33.9008616692297,352.94214957877654,352.94214957877654,89504.30834614852,2917497.0874863723,9308887.293304289
V4,2.0,OOS,2026-09-14,HOOD,long,10.999999940395355,1,2.3643800215880426,128.0533548510237,29.45752008635216,98.59583476467154,98.59583476467154,67287.60043176085,147528727.57898107,406281239.94256175
V4,2.0,OOS,2026-09-14,MSFT,short,-9.516665587822596,3,1.3857896101035085,-133.4765247374046,13.543158440414032,-147.01968317781862,-147.01968317781862,47715.79220207017,469903872.5352254,1414232985.0500145
V4,2.0,OOS,2026-09-14,UAL,short,-5.124999908730388,2,1.5780809995956304,-233.46502215757857,26.31232399838251,-259.7773461559611,-259.7773461559611,51561.6199919126,7843148.88976304,26396148.31458252
V4,2.0,OOS,2026-09-14,XOM,long,4.999999701976776,2,-0.8477393912632519,-195.29375837354368,11.390957565053014,-206.6847159385967,-206.6847159385967,36954.78782526503,117986942.0336664,295658255.00859237
V4,2.0,OOS,2026-09-14,ZIM,short,-4.024999588727951,2,0.4751134541676175,61.39357444238682,21.90045381667047,39.49312062571635,39.49312062571635,29502.269083352352,2367036.8608472124,6474605.444101822
V4,2.0,OOS,2026-09-14,FRO,short,-3.999999165534973,1,0.17973046838083676,-49.516320441449984,20.71892187352335,-70.23524231497333,-70.23524231497333,23594.609367616733,14449419.80057394,41470033.199532494
V4,2.0,OOS,2026-09-14,GOOGL,long,3.1499993428587914,5,1.6539810003820954,146.71459965780483,14.615924001528384,132.09867565627644,132.09867565627644,53079.620007641905,724630301.4249041,2087026366.5457404
V4,2.0,OOS,2026-09-15,CRCL,short,-6.999999284744263,1,2.425524176643827,565.9671022394886,29.702096706575276,536.2650055329133,536.2650055329133,68510.48353287653,66099072.7982501,287815353.24268866
V4,2.0,OOS,2026-09-15,GLXY,short,-6.999999284744263,1,3.642707392807743,277.96485632932087,34.57082957123097,243.3940267580899,243.3940267580899,92854.14785615487,1344808.39472529,9074724.726915417
V4,2.0,OOS,2026-09-15,HOOD,short,-6.999999284744263,1,2.8026313545253028,12.766067854349458,31.210525418101213,-18.444457563751754,-18.444457563751754,76052.62709050605,146380190.16659033,450163349.2895661
V4,2.0,OOS,2026-09-15,RTX,long,3.4999996423721313,1,-0.2093935191347862,-70.0619997414776,8.837574076539141,-78.89957381801675,-78.89957381801675,24187.870382695724,12753256.928773897,44335551.17389959
V4,2.0,OOS,2026-09-15,IBIT,short,-2.860000319778919,5,0.8526642134871745,70.35409537318205,11.410656853948694,58.943438519233354,58.94343851923335,37053.28426974349,92508959.98813765,512063524.2715777
V4,2.0,OOS,2026-09-15,COIN,short,-2.724999957717955,8,1.9197064440567153,557.7650314984347,27.67882577622686,530.0862057222079,530.0862057222079,58394.12888113431,117565377.89956893,356865572.25366324
V4,2.0,OOS,2026-09-15,MARA,short,-2.5500002317130566,6,2.7047920847722926,-75.2004789620346,30.819168339089174,-106.01964730112377,-106.01964730112375,74095.84169544585,19625705.435792897,63661951.558988325
V4,2.0,OOS,2026-09-15,MSTR,short,-2.5500002317130566,6,3.0701643401112744,44.371726285871105,32.2806573604451,12.091068925426008,12.091068925426008,81403.28680222548,80991087.06562498,345122790.85522956
V4,2.0,OOS,2026-09-15,TLT,short,-2.0000040531158447,1,0.26624560248550083,-20.128850940426016,9.064982409942,-29.193833350368017,-29.193833350368017,25324.91204971002,170261570.46448404,372472996.1510128
V4,2.0,OOS,2026-09-18,JETS,long,3.6666671435038247,3,1.3751543942143094,18.905994467816186,13.500617576857238,5.405376890958948,5.405376890958948,47503.087884286186,5821517.955347393,10169330.909119787
V4,2.0,OOS,2026-09-18,MSFT,short,-3.1833345691363015,3,1.4353526411309954,103.71853998823127,13.741410564523989,89.97712942370728,89.97712942370728,48707.05282261991,2140196486.7932289,2699139765.989691
V4,2.0,OOS,2026-09-21,IBIT,long,10.190001167356968,5,0.8224069563319651,112.3104077034594,11.289627825327855,101.02077987813155,101.02077987813155,36448.139126639304,180370261.1135902,625223535.4464122
V4,2.0,OOS,2026-09-21,MARA,long,9.075000913192829,6,2.9370208602600734,-748.4898216241822,31.748083441040308,-780.2379050652225,-780.2379050652225,78740.41720520146,53601790.53326656,142368415.86019364
V4,2.0,OOS,2026-09-21,MSTR,long,9.075000913192829,6,3.142729897433857,-59.951387442417136,32.57091958973542,-92.52230703215255,-92.52230703215255,82854.59794867714,479474434.1909744,1440680970.8020184
V4,2.0,OOS,2026-09-21,COIN,long,7.287500728853047,8,2.182497992879916,-413.6792799841113,28.729991971519667,-442.40927195563097,-442.4092719556309,63649.959857598325,279789539.35886765,693099434.5430789
V4,2.0,OOS,2026-09-21,BMNR,long,4.500000178813934,1,2.7290384458886416,-12.154405901772906,30.91615378355457,-43.070559685327474,-43.070559685327474,74580.76891777283,116657667.6638273,322016151.1035584
V4,2.0,OOS,2026-09-21,ETHA,long,4.500000178813934,1,0.9320845751007515,13.32247075469044,11.728338300403006,1.5941324542874344,1.5941324542874344,38641.69150201503,54040616.18292551,168722306.33207196
V4,2.0,OOS,2026-09-21,JETS,long,3.1666661302248635,3,1.388302526263616,-0.8105400531286875,13.553210105054465,-14.363750158183151,-14.363750158183151,47766.05052527232,2366502.7748680753,11884320.594051193
V4,2.0,OOS,2026-09-21,UAL,long,2.4999991059303284,2,1.8231148753119046,60.05652843907378,27.29245950124762,32.76406893782616,32.76406893782616,56462.297506238094,13177931.080606718,47179087.45328351
V4,2.0,OOS,2026-09-21,XOM,short,-2.4999991059303284,2,-0.8592263860682415,83.12711560950932,11.43690554427296,71.69021006523636,71.69021006523636,37184.52772136483,45483965.344632246,181297205.2785614
V4,2.0,OOS,2026-09-21,FRO,long,2.0000003278255463,1,0.04068880604810484,-6.870459165164125,20.16275522419242,-27.033214389356544,-27.033214389356544,20813.776120962095,18492254.82732416,50962545.45798558
V4,2.0,OOS,2026-09-22,JETS,long,4.33333416779836,3,1.4290269638404323,-169.75513860249373,13.716107855361741,-183.47124645785547,-183.47124645785547,48580.539276808646,2796425.7707390008,12642837.032649323
V4,2.0,OOS,2026-09-22,XOM,short,-4.250001534819603,2,-0.9613336782786024,-65.31546785114833,11.845334713114411,-77.16080256426274,-77.16080256426274,39226.67356557205,63792642.60556001,162633248.17414594
V4,2.0,OOS,2026-09-22,OXY,short,-3.500000759959221,2,-1.0578040105780282,52.480838086758595,24.231216042312113,28.249622044446483,28.249622044446483,41156.08021156056,21663541.52251977,53945937.864773914
V4,2.0,OOS,2026-09-22,UAL,long,3.325001383200288,2,1.9446884923928047,-104.95066215641,27.778753969571227,-132.72941612598123,-132.72941612598123,58893.7698478561,22010236.59913774,92126018.23898272
V4,2.0,OOS,2026-09-23,MPC,short,-3.999999165534973,1,-0.5066775401620692,150.71412269404544,22.026710160648292,128.68741253339715,128.68741253339715,30133.55080324138,56743761.908836074,136396722.45737013
V4,2.0,OOS,2026-09-23,PSX,short,-3.999999165534973,1,-0.6182708436187946,143.73754392387983,22.47308337447518,121.26446054940465,121.26446054940463,32365.416872375892,23446052.158375245,84960047.33372384
V4,2.0,OOS,2026-09-23,VLO,short,-3.999999165534973,1,-0.38063109686296687,144.62352457002575,21.522524387451867,123.10100018257388,123.1010001825739,27612.621937259337,94135661.78786725,217730570.13630927
V4,2.0,OOS,2026-09-23,UAL,short,-3.100000135600567,2,2.0173914894563576,146.71916527233054,28.069565957825432,118.64959931450511,118.64959931450512,60347.82978912715,8066938.2342763115,40412713.20270944
V4,2.0,OOS,2026-09-23,XOM,long,3.0000001192092896,2,-1.0071585887264853,37.68539920019629,12.02863435490594,25.656764845290347,25.656764845290347,40143.17177452971,41561770.22254441,174415375.57635626
V4,2.0,OOS,2026-09-23,BMNR,short,-2.4999991059303284,1,2.9677939884074056,63.720376444370636,31.871175953629624,31.849200490741012,31.849200490741012,79355.87976814811,29691155.60118174,105874818.6210027
V4,2.0,OOS,2026-09-23,ETHA,short,-2.4999991059303284,1,1.078699690235938,61.4850473643996,12.314798760943752,49.170248603455846,49.170248603455846,41573.99380471876,8969030.932119245,43790165.24818786
V4,2.0,OOS,2026-09-23,JETS,short,-2.0000005761782327,3,1.485746522559347,109.30566475393418,13.942986090237383,95.3626786636968,95.3626786636968,49714.930451186934,1881737.2166156748,5630990.485055879
V4,2.0,OOS,2026-09-24,MPC,long,12.999999523162842,1,-0.5782472008872079,-72.05452823774449,22.312988803548834,-94.36751704129333,-94.36751704129333,31564.944017744157,22759070.809374698,86662240.76732808
V4,2.0,OOS,2026-09-24,PSX,long,12.999999523162842,1,-0.6722846196462193,-83.30171927562559,22.68913847858488,-105.99085775421047,-105.99085775421048,33445.692392924386,19550993.677011397,67266467.01079142
V4,2.0,OOS,2026-09-24,VLO,long,12.999999523162842,1,-0.48601701136131364,121.82662185865061,21.94406804544525,99.88255381320536,99.88255381320536,29720.340227226272,42195687.24430295,156059436.86976582
V4,2.0,OOS,2026-09-24,VGK,long,3.4999996423721313,1,0.7959448528185044,-14.40757854033694,11.183779411274019,-25.59135795161096,-25.59135795161096,35918.897056370086,4181235.506558658,11371965.95066631
V4,2.0,OOS,2026-09-24,MSFT,short,-2.712499536573887,4,1.7425452389667886,21.836988495538375,14.970180955867153,6.866807539671221,6.866807539671221,54850.90477933577,424952699.3243488,1239211305.608845
V4,2.0,OOS,2026-09-24,DAL,short,-2.3071426299533675,7,1.693027802887911,-141.77192478727292,26.772111211551646,-168.54403599882457,-168.54403599882457,53860.55605775822,13025445.659917675,35598841.45874888
V4,2.0,OOS,2026-09-25,MPC,long,5.000000447034836,1,-0.5361937027514239,233.42016108536401,22.144774811005703,211.2753862743583,211.2753862743583,30723.87405502848,13688863.51699187,76802268.32603247
V4,2.0,OOS,2026-09-25,PSX,long,5.000000447034836,1,-0.5911506819756508,138.89621043265998,22.364602727902607,116.53160770475738,116.53160770475739,31823.013639513018,12353137.953874832,48147008.263153784
V4,2.0,OOS,2026-09-25,VLO,long,5.000000447034836,1,-0.42966326117329057,259.057566646283,21.718653044693156,237.33891360158987,237.33891360158987,28593.265223465813,29865200.932136204,153193864.0082738
V4,2.0,OOS,2026-09-25,XOM,long,4.166666169961293,3,-1.095023832898975,56.489408779312846,12.380095331595903,44.10931344771694,44.10931344771694,41900.4766579795,35266614.397136174,117275175.41769953
V4,2.0,OOS,2026-09-25,MSFT,short,-2.6500004809349775,4,1.7608116853621836,-284.24196919832315,15.04324674144874,-299.2852159397719,-299.2852159397719,55216.233707243664,916787005.8203909,3888036434.865723
V4,2.0,OOS,2026-09-25,USO,short,-2.0000003278255463,1,-2.714871310285253,8.465445540099832,18.859485241141012,-10.39403970104118,-10.39403970104118,74297.42620570507,17128705.087541237,53223320.3060649
V4,2.0,OOS,2026-09-28,XOP,short,-10.500001907348633,1,-0.8382815655340963,215.8042434220496,11.353126262136385,204.45111715991322,204.45111715991322,36765.63131068193,27603341.43728356,71429121.20657244
V4,2.0,OOS,2026-09-28,VGK,long,5.000000447034836,1,0.7954474139113462,59.63099031657796,11.181789655645382,48.449200660932576,48.449200660932576,35908.948278226926,3589575.483374424,10094249.674636042
V4,2.0,OOS,2026-09-28,OXY,long,4.891667080422242,6,-1.1778360214282704,-279.608767834545,24.711344085713108,-304.3201119202581,-304.3201119202581,43556.72042856541,13663857.030310808,37083606.793611616
V4,2.0,OOS,2026-09-28,TLT,short,-4.500001668930054,2,0.4185614462940423,-12.0744619039832,9.674245785176167,-21.748707689159367,-21.748707689159367,28371.22892588085,104359373.05731672,371375363.08017004
V4,2.0,OOS,2026-09-28,XOM,short,-3.429998978972435,5,-1.1121621074543577,57.11387312309303,12.448648429817432,44.6652246932756,44.6652246932756,42243.24214908716,46115882.849761605,191597214.30994207
V4,2.0,OOS,2026-09-28,DAL,short,-3.2850002218037844,10,1.729552727224626,-142.8119293920393,26.918210908898516,-169.73014030093782,-169.73014030093782,54591.05454449252,17950866.56642383,46248080.43727083
V4,2.0,OOS,2026-09-28,UAL,long,3.062499617226422,4,2.3013270325706174,40.110422043063245,29.205308130282468,10.905113912780777,10.905113912780777,66026.54065141235,28542324.18034682,77382965.46765088
V4,2.0,OOS,2026-09-28,KRE,long,3.0000011126200357,3,0.51110223016812,-108.68289068134855,10.044408920672481,-118.72729960202103,-118.72729960202105,30222.044603362396,67225167.38283022,235472840.80196422
V4,2.0,OOS,2026-09-28,USO,short,-3.000001050531864,2,-2.782153983968307,222.85997577786043,19.128615935873228,203.7313598419872,203.7313598419872,75643.07967936614,13671150.398878137,77227555.709025
V4,2.0,OOS,2026-09-28,STNG,long,2.2499999031424522,2,0.037837135136444246,95.99311542273337,20.151348540545783,75.84176688218758,75.84176688218758,20756.742702728883,1001256.5186987064,7105305.370107978
V4,2.0,OOS,2026-09-29,BMNR,long,15.583333993951479,6,3.452022230045802,-264.11421229569567,33.808088920183195,-297.92230121587886,-297.92230121587886,89040.44460091605,50032583.52396999,114998852.39547364
V4,2.0,OOS,2026-09-29,ETHA,long,15.583333993951479,6,1.2820008430283425,-140.55208055389218,13.128003372113369,-153.68008392600555,-153.68008392600555,45640.016860566844,11685111.765545525,50599514.89272289
V4,2.0,OOS,2026-09-29,COIN,long,7.346774262165831,31,2.6310341643709405,-288.4567813201599,30.52413665748378,-318.9809179776437,-318.9809179776437,72620.68328741881,76929088.85045697,189717016.35142455
V4,2.0,OOS,2026-09-29,IBIT,long,5.77499997905559,18,1.2983651101885356,-47.89771376402185,13.193460440754144,-61.091174204775996,-61.091174204775996,45967.30220377071,63946503.95707615,155436789.03850847
V4,2.0,OOS,2026-09-29,MARA,long,5.599999920620273,24,3.3318086948218664,-217.4110207374938,33.327234779287465,-250.73825551678127,-250.7382555167813,86636.17389643732,18902969.878816985,56159396.25620897
V4,2.0,OOS,2026-09-29,MSTR,long,5.599999920620273,24,3.238239552541552,-317.428343620264,32.95295821016623,-350.38130183043023,-350.38130183043023,84764.79105083105,140220616.80702424,398307629.9257935
V4,2.0,OOS,2026-09-29,VGK,short,-2.0000003278255463,1,0.798123805676619,-10.015587598947102,11.192495222706475,-21.208082821653576,-21.208082821653576,35962.47611353238,6172389.437801398,14074716.804989187
V4,2.0,OOS,2026-09-30,AEP,long,20.999997854232788,1,0.12024705444458365,-109.5252454957398,8.480988217778332,-118.00623371351813,-118.00623371351813,22404.941088891675,4027621.6257940736,24398463.859847516
V4,2.0,OOS,2026-09-30,ETN,long,14.000000357627869,5,2.0880462547109073,12.156130602509457,16.352185018843628,-4.196054416334171,-4.196054416334171,61760.925094218146,14687928.75968703,62341565.274698325
V4,2.0,OOS,2026-09-30,EQIX,long,12.500000248352686,6,0.9989222844729853,-61.456595447612926,23.995689137891944,-85.45228458550487,-85.45228458550487,39978.4456894597,8554606.898886427,24905927.23138846
V4,2.0,OOS,2026-09-30,DLR,long,12.111111150847542,9,1.0869048316283032,-58.845629301832936,24.347619326513204,-83.19324862834614,-83.19324862834614,41738.09663256606,5382115.899125308,13835696.723648531
V4,2.0,OOS,2026-09-30,VRT,long,12.111111150847542,9,2.963075605297081,-168.0179683641899,31.852302421188313,-199.8702707853782,-199.8702707853782,79261.51210594161,40281202.26125942,128691611.73565494
V4,2.0,OOS,2026-09-30,AEE,long,12.000000476837158,1,0.07257079351784242,-131.2230884709637,20.290283174071362,-151.51337164503505,-151.51337164503505,21451.415870356846,4218205.520820559,10220822.659928914
V4,2.0,OOS,2026-09-30,IBIT,long,9.588888737683495,18,1.2414175079716252,-123.01659718918997,12.96567003188649,-135.98226722107646,-135.98226722107646,44828.3501594325,94876090.81076793,343637306.7176872
V4,2.0,OOS,2026-09-30,MSTR,long,9.416666545439512,24,3.3524266716290176,-299.09424787162817,33.409706686516074,-332.50395455814424,-332.50395455814424,87048.53343258036,262593807.42715493,674182318.8025553
V4,2.0,OOS,2026-09-30,MARA,long,9.416666545439512,24,3.289765863033659,-641.0884272775643,33.15906345213466,-674.2474907296989,-674.2474907296989,85795.31726067318,18983191.14915207,70342791.55512752
V4,2.0,OOS,2026-09-30,COIN,long,8.937096676879353,31,2.6497364131897356,-330.60171689175075,30.598945652758914,-361.20066254450967,-361.20066254450967,72994.7282637947,128527946.715131,320032437.7600584
V4,2.0,OOS,2026-10-01,AMZN,short,-15.249999612569809,4,1.6636772066344114,123.37913749415208,14.654708826537643,108.72442866761443,108.72442866761442,53273.544132688236,455133239.96279144,1208864072.7983327
V4,2.0,OOS,2026-10-01,GOOGL,long,15.05624998244457,8,1.428097656127353,-350.89073715366675,13.712390624509396,-364.60312777817614,-364.60312777817614,48561.953122547064,592775563.5343692,1905412437.686015
V4,2.0,OOS,2026-10-01,MSFT,short,-14.812500355765224,4,1.933749502403779,121.96988603569785,15.734998009615111,106.23488802608274,106.23488802608274,58674.990048075575,746425876.6909688,1816213635.645107
V4,2.0,OOS,2026-10-01,MPC,long,7.999999821186066,1,-0.5132059880473328,686.2205211766332,22.05282395218933,664.1676972244438,664.1676972244438,30264.119760946654,23001510.897562303,79062407.61760053
V4,2.0,OOS,2026-10-01,PSX,long,7.999999821186066,1,-0.5329878179846053,429.6831171008742,22.13195127193842,407.5511658289358,407.5511658289358,30659.756359692106,17257578.802549005,42887743.77824054
V4,2.0,OOS,2026-10-01,VLO,long,7.999999821186066,1,-0.4440955401460691,545.274426328366,21.776382160584262,523.4980441677817,523.4980441677817,28881.910802921382,21860929.450097237,83186081.21058965
V4,2.0,OOS,2026-10-01,ETR,long,4.999999701976776,1,0.4316222841354619,169.9306859122234,21.726489136541858,148.20419677568154,148.20419677568154,28632.445682709236,3234807.5958663947,13277090.016227404
V4,2.0,OOS,2026-10-01,XOP,long,3.4999996423721313,1,-0.7534094459314936,297.3563178577477,11.013637783725983,286.3426800740217,286.3426800740217,35068.18891862987,10219300.66766984,44389614.82801757
V4,2.0,OOS,2026-10-01,XOM,long,2.8099996969103813,5,-1.0570830052857396,142.1854420334006,12.228332021142961,129.95711001225763,129.95711001225763,41141.660105714785,43653116.64279012,146619338.25883606
V4,2.0,OOS,2026-10-01,BMNR,long,2.7500003576278687,6,3.2737513371465266,125.66507994792397,33.09500534858611,92.57007459933786,92.57007459933786,85475.02674293052,26535978.734632455,151471066.50787738
V4,2.0,OOS,2026-10-02,XOP,short,-9.000000357627869,1,-0.7113970530619618,-141.27428986029093,10.845588212247833,-152.11987807253877,-152.11987807253877,34227.94106123924,14545534.03733182,53680585.8767579
V4,2.0,OOS,2026-10-02,ETHA,long,8.940000161528587,10,1.1450603497855631,-292.2783147493207,12.580241399142267,-304.858556148463,-304.858556148463,42901.20699571126,17708957.326422337,80275415.12014996
V4,2.0,OOS,2026-10-02,BMNR,long,8.940000161528587,10,3.2770270257058756,-428.51977994255134,33.10810810282351,-461.62788804537485,-461.62788804537485,85540.5405141175,64730561.10544906,232182844.67874476
V4,2.0,OOS,2026-10-02,COIN,long,8.112499864849573,48,2.6052860903880135,-566.5843687688488,30.421144361552024,-597.0055131304008,-597.0055131304008,72105.72180776027,132454574.80762315,442541808.13243127
V4,2.0,OOS,2026-10-02,MSTR,long,8.105405191009915,37,3.2925699939098747,-313.217888940397,33.17027997563952,-346.38816891603653,-346.38816891603653,85851.3998781975,308778974.18145555,868262323.8569378
V4,2.0,OOS,2026-10-02,MARA,long,8.105405191009915,37,3.238096567554524,-308.85810322026674,32.952386270218085,-341.8104894904848,-341.8104894904848,84761.93135109048,25410834.912451256,103666466.71739586
V4,2.0,OOS,2026-10-02,IBIT,long,7.736206560492001,29,1.2183708625306708,-253.49187403335984,12.873483450122677,-266.3653574834825,-266.3653574834825,44367.41725061342,123279655.74541889,430439645.3893642
V4,2.0,OOS,2026-10-02,ETN,long,5.142857134342194,7,2.057289226027795,-209.1820305876383,16.229156904111193,-225.4111874917495,-225.4111874917495,61145.7845205559,22239630.769877203,84498804.09991276
V4,2.0,OOS,2026-10-02,EQIX,long,4.5555555986033545,9,1.046542861524953,37.044373296267786,24.186171446099813,12.858201850167973,12.858201850167973,40930.85723049907,6075261.332686868,20935873.766789112
V4,2.0,OOS,2026-10-02,USO,short,-4.400000162422657,2,-2.6814864417608373,-236.514717128947,18.725945767043356,-255.24066289599037,-255.24066289599034,73629.72883521675,68854261.95356132,251548476.4269896
