book,market,event,segment,ticker,question,side,traded_price,anchor,gap_points,p_lo,p_mid,p_hi,expiry,zero_bid_leg,outcome,pnl_points,pnl_points_2x_fee,printed_size,contracts,pnl_dollars,capital_dollars
B0,657177,69122,IS,TSLA,Will Tesla reach $518 in November?,sell YES,0.4016900989458231,0.3009219617384389,10.07681372073842,0.09027658852153173,0.15046098086921944,0.2106453732169075,2025-11-28,False,0.0,40.16900989458232,40.16900989458232,954.351576,100,40.16900989458232,59.83099010541769
B0,657178,69122,IS,TSLA,Will Tesla reach $495 in November?,sell YES,0.5781752927842171,0.5165827009843211,6.159259179989595,0.23070683733280375,0.25829135049216057,0.28587586365151757,2025-11-28,False,0.0,57.81752927842171,57.81752927842171,352.397561,100,57.81752927842171,42.18247072157829
B0,657191,69123,IS,NVDA,Will NVIDIA reach $236 in November?,sell YES,0.2785383181071125,0.1945962019241909,8.394211618292161,0.08425814928676306,0.09729810096209544,0.11033805263742785,2025-11-28,False,0.0,27.85383181071125,27.85383181071125,234.238217,100,27.85383181071125,72.14616818928874
B0,657193,69123,IS,NVDA,Will NVIDIA reach $216 in November?,sell YES,0.65,0.5918131914189314,5.818680858106862,0.26079903350664757,0.2959065957094657,0.3310141579122836,2025-11-28,False,0.0,65.0,65.0,5.0,5.0,3.25,1.75
B0,2074177,415432,IS,SPY,Will S&P 500 (SPY) hit (LOW) $710 in May?,sell YES,0.781262332457942,0.4965212368684254,28.474109558951653,0.20563000718793378,0.2482606184342127,0.29089122968049164,2026-05-29,False,0.0,77.44266724443293,76.75910124307165,1017.64,100,77.44266724443293,21.873766754205803
B0,2074178,415432,IS,SPY,Will S&P 500 (SPY) hit (LOW) $700 in May?,sell YES,0.6894574245584568,0.3761524521730504,31.330497238540644,0.15547634689819403,0.1880762260865252,0.2206761052748559,2026-05-29,False,0.0,68.08931891872697,67.23289538160827,2369.44,100,68.08931891872697,31.054257544154318
B0,2236283,415432,IS,SPY,Will S&P 500 (SPY) hit (LOW) $730 in May?,sell YES,0.682019648762971,0.5157907434288891,16.622890533408196,0.19529940770608387,0.25789537171444454,0.32049133572280436,2026-05-29,False,0.0,67.33448948644029,66.46701409658347,1336.646102,100,67.33448948644029,31.798035123702896
B0,2236284,415432,IS,SPY,Will S&P 500 (SPY) hit (LOW) $720 in May?,sell YES,0.4999765735059005,0.3154836586021357,18.449291490376485,0.12018425089605159,0.15774182930106784,0.1952994077060841,2026-05-29,False,0.0,48.997657352785254,47.997657354980454,5044.887626,100,48.997657352785254,50.00234264940995
B0,657157,69120,IS,GOOGL,Will Google dip to $220 in November?,sell YES,0.0900001164999999,0.029089122968049164,6.091099353195073,0.002006146411589599,0.014544561484024582,0.027082976556459564,2025-11-28,False,0.0,9.000011649999994,9.000011649999994,5.494504,5.494504,0.4945060001097157,4.999997999890284
B0,657142,69119,IS,AMZN,Will Amazon dip to $196 in November?,sell YES,0.1167190101926129,0.040122928231791935,7.659608196082096,0.012036878469537583,0.020061464115895968,0.028086049762254352,2025-11-28,False,0.0,11.671901019261297,11.671901019261297,451.70503,100,11.671901019261297,88.32809898073872
B0,657179,69122,IS,TSLA,Will Tesla reach $480 in November?,sell YES,0.7862868382419069,0.6720590478825154,11.422779035939158,0.28086049762254367,0.3360295239412577,0.3911985502599713,2025-11-28,False,0.0,78.62868382419069,78.62868382419069,484.761903,100,78.62868382419069,21.37131617580931
B0,657185,69122,IS,TSLA,Will Tesla dip to $375 in November?,sell YES,0.26,0.1805531770430638,7.94468229569362,0.07523049043460989,0.0902765885215319,0.10532268660845383,2025-11-28,False,0.0,26.0,26.0,1.35135,1.35135,0.351351,0.999999
B0,657199,69123,IS,NVDA,Will NVIDIA dip to $160 in November?,sell YES,0.1945951580216678,0.09127966172732668,10.331549629434111,0.04012292823179195,0.04563983086366334,0.05115673349553474,2025-11-28,False,0.0,19.459515802166784,19.459515802166784,29.922836,29.922836,5.822838999876451,24.09999700012355
B0,2074179,415432,IS,SPY,Will S&P 500 (SPY) hit (LOW) $690 in May?,sell YES,0.45353403305889,0.23070683733280367,22.282719572608634,0.08526122249255785,0.11535341866640184,0.14544561484024582,2026-05-29,False,0.0,44.36203965022409,43.370675994559186,2704.87,100,44.36203965022409,54.646596694111004
B0,2074180,415432,IS,SPY,Will S&P 500 (SPY) hit (LOW) $680 in May?,sell YES,0.26,0.15046098086921972,10.95390191307803,0.05015366028973998,0.07523049043460986,0.10030732057947996,2026-05-29,False,0.0,25.230400000000003,24.460800000000003,1.35135,1.35135,0.34095101040000003,0.999999
B0,657150,69120,IS,GOOGL,Will Google reach $300 in November?,sell YES,0.5,0.4423552837555062,5.76447162444938,0.1885777626894221,0.2211776418777531,0.2537775210660841,2025-11-28,False,1.0,-50.0,-50.0,5.0,5.0,-2.5,2.5
B0,657135,69119,IS,AMZN,Will Amazon reach $260 in November?,sell YES,0.68,0.46241674787140225,21.75832521285978,0.21164844642270253,0.23120837393570112,0.2507683014486997,2025-11-28,False,0.0,68.0,68.0,35.01,35.01,23.8068,11.203199999999997
B0,1492657,243792,IS,SPX,"Will S&P 500 (SPX) hit $7,300 (HIGH) in March 2026?",sell YES,0.1147490322829032,0.01002743482506542,10.472159745783777,0.0,0.00501371741253271,0.030082304475196237,2026-03-31,False,0.0,11.474903228290325,11.474903228290325,188.249788,100,11.474903228290325,88.52509677170968
B0,1432319,229249,IS,NVDA,Will NVIDIA dip to $164 in March?,sell YES,0.6470474068803771,0.471754499503471,17.529290737690612,0.22082125508673123,0.2358772497517355,0.25093324441674003,2026-04-02,False,0.0,64.7047406880377,64.7047406880377,72.216486,72.216486,46.727490000313054,25.488995999686946
B0,2350519,522290,IS,SPY,Will S&P 500 (SPY) hit (LOW) $740 in June?,sell YES,0.5776000083865559,0.4365281573948057,14.107185099175018,0.17561477596342756,0.21826407869740286,0.2609133814313786,2026-06-30,False,1.0,-43.215912116138036,-44.19182507093167,52.083332,52.083332,-22.508286984276396,21.999999000000223
B0,2350520,522290,IS,SPY,Will S&P 500 (SPY) hit (LOW) $730 in June?,sell YES,0.37,0.29101877159653744,7.898122840346256,0.11540399563310988,0.14550938579826872,0.17561477596342778,2026-06-30,False,1.0,-63.9324,-64.8648,502.5873,100,-63.9324,63.0
B0,2236209,148013,IS,SPX,"Will S&P 500 (SPX) hit $7,100 (LOW) in June?",sell YES,0.6418723501150918,0.321617223549599,32.02551265654928,0.04020215294369916,0.1608086117747995,0.2814150706058998,2026-06-30,False,0.0,63.2677460664179,62.34825712132661,483.51,100,63.26774606641791,35.81276498849082
B0,2236210,148013,IS,SPX,"Will S&P 500 (SPX) hit $6,900 (LOW) in June?",sell YES,0.38,0.19096022648257563,18.903977351742437,0.0,0.09548011324128781,0.2311623794262748,2026-06-30,False,0.0,37.0576,36.1152,86.0,86.0,31.869536000000004,53.32
B0,2236211,148013,IS,SPX,"Will S&P 500 (SPX) hit $6,700 (LOW) in June?",sell YES,0.1999999999999999,0.12060645883110033,7.939354116889957,0.0,0.060303229415550164,0.16080861177480021,2026-06-30,False,0.0,19.359999999999996,18.719999999999995,7.49,7.49,1.4500639999999998,5.992000000000001
B0,657113,69117,IS,AAPL,Will Apple dip to $248 in November?,sell YES,0.23,0.1464486880460407,8.355131195395932,0.05817824593609833,0.07322434402302035,0.08827044210994228,2025-11-28,False,0.0,23.0,23.0,50.0,50.0,11.5,38.5
B0,657114,69117,IS,AAPL,Will Apple dip to $236 in November?,sell YES,0.176883366510417,0.052159806701329525,12.472355980908748,0.018055317704306368,0.026079903350664763,0.03410448899702315,2025-11-28,False,0.0,17.68833665104171,17.68833665104171,160.429511,100,17.68833665104171,82.31166334895829
B0,657115,69117,IS,AAPL,Will Apple dip to $224 in November?,sell YES,0.1200366633095045,0.016049171292716793,10.39874920167877,0.002006146411589599,0.008024585646358396,0.014043024881127181,2025-11-28,False,0.0,12.00366633095046,12.00366633095046,464.5789,100,12.00366633095046,87.99633366904955
B0,694401,86623,IS,GOOGL,Will Google (GOOGL) hit $375 before 2026??,sell YES,0.05,0.0,5.0,0.0,0.0,0.07233216109940939,2026-01-02,False,0.0,5.000000000000001,5.000000000000001,40.03156,40.03156,2.0015780000000003,38.029982
B0,694403,86623,IS,GOOGL,Will Google (GOOGL) hit $345 before 2026??,sell YES,0.2200000082,0.08941058802565885,13.058942017434116,0.0,0.044705294012829425,0.18083040274852347,2026-01-02,False,0.0,22.00000082,22.00000082,36.653835,36.653835,8.063844000561447,28.589990999438555
B0,1322360,196998,IS,SPX,"Will S&P 500 (SPX) hit $6,750 (LOW) in February 2026?",sell YES,0.4387096786680541,0.34078336681606924,9.792631185198486,0.08018432160378092,0.17039168340803462,0.2605990452122883,2026-02-27,False,0.0,43.87096786680541,43.87096786680541,51.666665,51.666665,22.666665999999996,28.999999000000003
B0,1322363,196998,IS,SPX,"Will S&P 500 (SPX) hit $6,500 (LOW) in February 2026?",sell YES,0.1936778087825345,0.1202764824056721,7.3401326376862395,0.0,0.06013824120283605,0.13029952260614452,2026-02-27,False,0.0,19.367780878253456,19.367780878253456,329.68,100,19.367780878253456,80.63221912174654
B0,1262844,186955,IS,NVDA,Will NVIDIA reach $252 in February?,sell YES,0.2904651162790697,0.012036878469537594,27.842823780953207,0.002006146411589599,0.006018439234768797,0.010030732057947987,2026-02-27,False,0.0,29.046511627906973,29.046511627906973,129.0,100,29.046511627906977,70.95348837209303
B0,1262850,186955,IS,NVDA,Will NVIDIA dip to $184 in February?,sell YES,0.8200001296,0.6620283158245672,15.797181377543279,0.30092196173843955,0.3310141579122836,0.3611063540861276,2026-02-27,False,1.0,-17.999987039999997,-17.999987039999997,5.555554,5.555554,-0.9999990000002015,0.9999990000002015
B0,2074048,415423,IS,TSLA,"Will Tesla, Inc. (TSLA) hit (HIGH) $420 in May?",sell YES,0.5400000405000001,0.47144440672355525,6.85556337764448,0.21566073924588172,0.23572220336177763,0.2557836674776736,2026-05-29,False,1.0,-46.99359593703999,-47.987195924079984,10.869564,10.869564,-5.107998986277962,4.999998999782657
B0,2264476,415423,IS,TSLA,"Will Tesla, Inc. (TSLA) hit (LOW) $390 in May?",sell YES,0.38,0.31047598148146704,6.9524018518532955,0.11617810919951665,0.15523799074073352,0.19429787228195028,2026-05-29,False,0.0,37.0576,36.1152,10.0,10.0,3.70576,6.2
B0,2278809,415423,IS,TSLA,"Will Tesla, Inc. (TSLA) hit (HIGH) $450 in May?",sell YES,0.2916002320000075,0.22817497121325456,6.342526078675295,0.10407981143060734,0.11408748560662728,0.12409515978264724,2026-05-29,False,0.0,28.333745053210556,27.50746690642036,382.590162,100,28.333745053210556,70.83997679999925
B0,1432303,229253,IS,TSLA,Will Tesla dip to $390 in March?,sell YES,0.91,0.7427624034735506,16.723759652644944,0.3362505475184317,0.3713812017367753,0.406511855955119,2026-04-02,False,1.0,-8.999999999999996,-8.999999999999996,10.62,10.62,-0.9557999999999995,0.9557999999999996
B0,2074091,415426,IS,PLTR,Will Palantir Technologies Inc. (PLTR) hit (HIGH) $150 in May?,sell YES,0.78,0.7021512440563589,7.784875594364116,0.1862850239333196,0.35107562202817943,0.5158662201230395,2026-05-29,False,1.0,-22.686399999999995,-23.37279999999999,5.0,5.0,-1.1343199999999998,1.0999999999999999
B0,1262805,186945,IS,META,Will Meta reach $730 in February?,sell YES,0.905,0.8375661268386569,6.743387316134308,0.29590659570946554,0.41878306341932847,0.5416595311291913,2026-02-27,False,0.0,90.5,90.5,40.0,40.0,36.2,3.799999999999999
B0,1262834,186950,IS,TSLA,Will Tesla dip to $383 in February?,sell YES,0.36,0.28086049762254367,7.913950237745632,0.0902765885215319,0.14043024881127184,0.19058390910101167,2026-02-27,False,0.0,36.0,36.0,25.0,25.0,9.0,16.0
B0,2074162,415431,IS,HOOD,"Will Robinhood Markets, Inc. (HOOD) hit (HIGH) $85 in May?",sell YES,0.3599576797201219,0.27082976556459565,8.912791415552624,0.05015366028973998,0.13541488278229782,0.22067610527485568,2026-05-29,False,1.0,-64.92578462211031,-65.84733721623283,354.44,100,-64.92578462211031,64.00423202798781
B0,2074169,415431,IS,HOOD,"Will Robinhood Markets, Inc. (HOOD) hit (LOW) $50 in May?",sell YES,0.0684603529058858,0.014043024881127183,5.441732802475861,0.0,0.007021512440563591,0.01738660223377651,2026-05-29,True,0.0,6.590941158645032,6.335847026701483,242.872426,100,6.590941158645032,93.15396470941141
B0,2350384,522280,IS,META,"Will Meta Platforms, Inc. (META) hit (LOW) $500 in June?",sell YES,0.0850000034599995,0.0,8.50000034599995,0.0,0.0,0.48179182928014097,2026-07-02,True,0.0,8.188900334512752,7.8778003230255536,54.644786,54.644786,4.474807063547778,49.99997900092907
B0,2350385,522280,IS,META,"Will Meta Platforms, Inc. (META) hit (LOW) $480 in June?",sell YES,0.0521434584239412,0.0,5.21434584239412,0.0,0.0,0.1994082848965028,2026-07-02,True,0.0,5.016647769724001,4.818949697053873,5991.260143,100,5.016647769724001,94.78565415760588
B0,2073796,415380,IS,AAPL,Will Apple (AAPL) hit (HIGH) $296 in May?,sell YES,0.39,0.3069404009732084,8.305959902679161,0.1283933703417342,0.1534702004866042,0.17854703063147412,2026-05-29,False,1.0,-61.9516,-62.903200000000005,5.0,5.0,-3.09758,3.05
B0,2073828,415380,IS,AAPL,Will Apple (AAPL) hit (LOW) $264 in May?,sell YES,0.3759414643305733,0.28286664403413314,9.307482029644015,0.11435034546060704,0.14143332201706657,0.16851629857352618,2026-05-29,False,0.0,36.65570851414711,35.71727059523687,466.128386,100,36.65570851414711,62.40585356694267
B0,1262901,186966,IS,OPEN,Will Opendoor reach $10.25 in February?,sell YES,0.097,0.0,9.700000000000001,0.0,0.0,0.060184392347687916,2026-02-27,False,0.0,9.7,9.7,10.98,10.98,1.06506,9.914940000000001
B0,1262904,186966,IS,OPEN,Will Opendoor reach $7.50 in February?,sell YES,0.19,0.10030732057947984,8.969267942052015,0.04012292823179194,0.05015366028973992,0.060184392347687916,2026-02-27,False,0.0,19.0,19.0,20.0,20.0,3.8,16.200000000000003
B0,694419,86624,IS,TSLA,Will Tesla (TSLA) hit $420 before 2026??,sell YES,0.7634886593307881,0.678114010306963,8.537464902382508,0.2662225373797709,0.3390570051534815,0.4118914729271925,2026-01-02,False,1.0,-23.651134066921188,-23.651134066921188,445.3,100,-23.651134066921188,23.651134066921188
B0,3096336,746373,OOS,SPY,Will S&P 500 (SPY) hit (LOW) $730 in August?,sell YES,0.5583182217576719,0.35119106312606885,20.7127158631603,0.1204083645003667,0.17559553156303442,0.2307826986257026,2026-08-31,False,0.0,54.845426235723096,53.859030295679,1801.110293,100,54.845426235723096,44.168177824232814
B0,3096177,746354,OOS,NVDA,Will NVIDIA (NVDA) hit (LOW) $184 in August?,sell YES,0.59,0.4818446312779268,10.815536872207316,0.19073016654751268,0.2409223156389634,0.29111446473041414,2026-09-04,False,0.0,58.0324,57.06479999999999,56.5,56.5,32.788306000000006,23.165000000000003
B0,1262706,186921,IS,AAPL,Will Apple dip to $248 in February?,sell YES,0.5623780952095757,0.433327624903353,12.905047030622269,0.15647942010398863,0.2166638124516765,0.2768482047993644,2026-02-27,False,0.0,56.23780952095757,56.23780952095757,1641.65,100,56.23780952095757,43.76219047904243
B0,2073953,415411,IS,AMZN,"Will Amazon.com, Inc. (AMZN) hit (LOW) $248 in May?",sell YES,0.3975899147243851,0.2628051799182373,13.478473480614777,0.10030732057947986,0.13140258995911866,0.16249785933875743,2026-05-29,False,0.0,38.80094277470315,37.84289407696779,161.82,100,38.80094277470315,60.24100852756149
B0,657236,69126,IS,OPEN,Will Opendoor reach $8 in November?,sell YES,0.93,0.7723663684619946,15.763363153800547,0.21064537321690768,0.3861831842309973,0.5617209952450872,2025-11-28,False,1.0,-6.999999999999995,-6.999999999999995,50.0,50.0,-3.4999999999999973,3.4999999999999973
B0,657241,69126,IS,OPEN,Will Opendoor dip to $5 in November?,sell YES,0.4172549019607843,0.2507683014486996,16.64866005120847,0.05015366028973992,0.1253841507243498,0.20061464115895974,2025-11-28,False,0.0,41.72549019607843,41.72549019607843,510.0,100,41.72549019607843,58.27450980392157
B0,1262737,186927,IS,MSFT,Will Microsoft reach $480 in February?,sell YES,0.1855855443732845,0.08225200287517342,10.333354149811107,0.033101415791228335,0.04112600143758671,0.04915058708394513,2026-02-27,False,0.0,18.558554437328453,18.558554437328453,43.72,43.72,8.1138,35.6062
B0,2074029,415420,IS,META,"Will Meta Platforms, Inc. (META) hit (LOW) $580 in May?",sell YES,0.5465,0.47144440672355525,7.505559327644473,0.19058390910101178,0.23572220336177763,0.28086049762254356,2026-05-29,False,0.0,53.658649,52.667297999999995,500.0,100,53.658649,45.35
B0,702423,89780,IS,NVDA,Will NVIDIA dip to $120 in December?,sell YES,0.0776796047511082,0.0210807026184093,5.65989021326989,0.008030743854632113,0.01054035130920465,0.013049958763777188,2026-01-02,False,0.0,7.767960475110821,7.767960475110821,26.5959,26.5959,2.065958999999999,24.529941
B0,1016060,122442,IS,NFLX,Will Netflix reach $140 in January?,sell YES,0.06,0.0,6.0,0.0,0.0,0.06357672218250424,2026-01-30,True,0.0,6.000000000000005,6.000000000000005,20.0,20.0,1.200000000000001,18.799999999999997
B0,694377,86621,IS,MSFT,Will Microsoft (MSFT) hit $525 before 2026??,sell YES,0.3199999999999999,0.11452592174073155,20.547407825926832,0.0,0.057262960870365774,0.13059973531837807,2026-01-02,False,0.0,31.999999999999996,31.999999999999996,110.0,100,31.999999999999996,68.00000000000001
B1,657177,69122,IS,TSLA,Will Tesla reach $518 in November?,sell YES,0.4016900989458231,0.3009219617384389,10.07681372073842,0.09027658852153173,0.15046098086921944,0.2106453732169075,2025-11-28,False,0.0,40.16900989458232,40.16900989458232,954.351576,100,40.16900989458232,59.83099010541769
B1,2074177,415432,IS,SPY,Will S&P 500 (SPY) hit (LOW) $710 in May?,sell YES,0.781262332457942,0.4965212368684254,28.474109558951653,0.20563000718793378,0.2482606184342127,0.29089122968049164,2026-05-29,False,0.0,77.44266724443293,76.75910124307165,1017.64,100,77.44266724443293,21.873766754205803
B1,2074178,415432,IS,SPY,Will S&P 500 (SPY) hit (LOW) $700 in May?,sell YES,0.6894574245584568,0.3761524521730504,31.330497238540644,0.15547634689819403,0.1880762260865252,0.2206761052748559,2026-05-29,False,0.0,68.08931891872697,67.23289538160827,2369.44,100,68.08931891872697,31.054257544154318
B1,2236283,415432,IS,SPY,Will S&P 500 (SPY) hit (LOW) $730 in May?,sell YES,0.682019648762971,0.5157907434288891,16.622890533408196,0.19529940770608387,0.25789537171444454,0.32049133572280436,2026-05-29,False,0.0,67.33448948644029,66.46701409658347,1336.646102,100,67.33448948644029,31.798035123702896
B1,2236284,415432,IS,SPY,Will S&P 500 (SPY) hit (LOW) $720 in May?,sell YES,0.4999765735059005,0.3154836586021357,18.449291490376485,0.12018425089605159,0.15774182930106784,0.1952994077060841,2026-05-29,False,0.0,48.997657352785254,47.997657354980454,5044.887626,100,48.997657352785254,50.00234264940995
B1,657179,69122,IS,TSLA,Will Tesla reach $480 in November?,sell YES,0.7862868382419069,0.6720590478825154,11.422779035939158,0.28086049762254367,0.3360295239412577,0.3911985502599713,2025-11-28,False,0.0,78.62868382419069,78.62868382419069,484.761903,100,78.62868382419069,21.37131617580931
B1,657199,69123,IS,NVDA,Will NVIDIA dip to $160 in November?,sell YES,0.1945951580216678,0.09127966172732668,10.331549629434111,0.04012292823179195,0.04563983086366334,0.05115673349553474,2025-11-28,False,0.0,19.459515802166784,19.459515802166784,29.922836,29.922836,5.822838999876451,24.09999700012355
B1,2074179,415432,IS,SPY,Will S&P 500 (SPY) hit (LOW) $690 in May?,sell YES,0.45353403305889,0.23070683733280367,22.282719572608634,0.08526122249255785,0.11535341866640184,0.14544561484024582,2026-05-29,False,0.0,44.36203965022409,43.370675994559186,2704.87,100,44.36203965022409,54.646596694111004
B1,2074180,415432,IS,SPY,Will S&P 500 (SPY) hit (LOW) $680 in May?,sell YES,0.26,0.15046098086921972,10.95390191307803,0.05015366028973998,0.07523049043460986,0.10030732057947996,2026-05-29,False,0.0,25.230400000000003,24.460800000000003,1.35135,1.35135,0.34095101040000003,0.999999
B1,657135,69119,IS,AMZN,Will Amazon reach $260 in November?,sell YES,0.68,0.46241674787140225,21.75832521285978,0.21164844642270253,0.23120837393570112,0.2507683014486997,2025-11-28,False,0.0,68.0,68.0,35.01,35.01,23.8068,11.203199999999997
B1,1492657,243792,IS,SPX,"Will S&P 500 (SPX) hit $7,300 (HIGH) in March 2026?",sell YES,0.1147490322829032,0.01002743482506542,10.472159745783777,0.0,0.00501371741253271,0.030082304475196237,2026-03-31,False,0.0,11.474903228290325,11.474903228290325,188.249788,100,11.474903228290325,88.52509677170968
B1,1432319,229249,IS,NVDA,Will NVIDIA dip to $164 in March?,sell YES,0.6470474068803771,0.471754499503471,17.529290737690612,0.22082125508673123,0.2358772497517355,0.25093324441674003,2026-04-02,False,0.0,64.7047406880377,64.7047406880377,72.216486,72.216486,46.727490000313054,25.488995999686946
B1,2350519,522290,IS,SPY,Will S&P 500 (SPY) hit (LOW) $740 in June?,sell YES,0.5776000083865559,0.4365281573948057,14.107185099175018,0.17561477596342756,0.21826407869740286,0.2609133814313786,2026-06-30,False,1.0,-43.215912116138036,-44.19182507093167,52.083332,52.083332,-22.508286984276396,21.999999000000223
B1,2236209,148013,IS,SPX,"Will S&P 500 (SPX) hit $7,100 (LOW) in June?",sell YES,0.6418723501150918,0.321617223549599,32.02551265654928,0.04020215294369916,0.1608086117747995,0.2814150706058998,2026-06-30,False,0.0,63.2677460664179,62.34825712132661,483.51,100,63.26774606641791,35.81276498849082
B1,2236210,148013,IS,SPX,"Will S&P 500 (SPX) hit $6,900 (LOW) in June?",sell YES,0.38,0.19096022648257563,18.903977351742437,0.0,0.09548011324128781,0.2311623794262748,2026-06-30,False,0.0,37.0576,36.1152,86.0,86.0,31.869536000000004,53.32
B1,657114,69117,IS,AAPL,Will Apple dip to $236 in November?,sell YES,0.176883366510417,0.052159806701329525,12.472355980908748,0.018055317704306368,0.026079903350664763,0.03410448899702315,2025-11-28,False,0.0,17.68833665104171,17.68833665104171,160.429511,100,17.68833665104171,82.31166334895829
B1,657115,69117,IS,AAPL,Will Apple dip to $224 in November?,sell YES,0.1200366633095045,0.016049171292716793,10.39874920167877,0.002006146411589599,0.008024585646358396,0.014043024881127181,2025-11-28,False,0.0,12.00366633095046,12.00366633095046,464.5789,100,12.00366633095046,87.99633366904955
B1,694403,86623,IS,GOOGL,Will Google (GOOGL) hit $345 before 2026??,sell YES,0.2200000082,0.08941058802565885,13.058942017434116,0.0,0.044705294012829425,0.18083040274852347,2026-01-02,False,0.0,22.00000082,22.00000082,36.653835,36.653835,8.063844000561447,28.589990999438555
B1,1262844,186955,IS,NVDA,Will NVIDIA reach $252 in February?,sell YES,0.2904651162790697,0.012036878469537594,27.842823780953207,0.002006146411589599,0.006018439234768797,0.010030732057947987,2026-02-27,False,0.0,29.046511627906973,29.046511627906973,129.0,100,29.046511627906977,70.95348837209303
B1,1262850,186955,IS,NVDA,Will NVIDIA dip to $184 in February?,sell YES,0.8200001296,0.6620283158245672,15.797181377543279,0.30092196173843955,0.3310141579122836,0.3611063540861276,2026-02-27,False,1.0,-17.999987039999997,-17.999987039999997,5.555554,5.555554,-0.9999990000002015,0.9999990000002015
B1,1432303,229253,IS,TSLA,Will Tesla dip to $390 in March?,sell YES,0.91,0.7427624034735506,16.723759652644944,0.3362505475184317,0.3713812017367753,0.406511855955119,2026-04-02,False,1.0,-8.999999999999996,-8.999999999999996,10.62,10.62,-0.9557999999999995,0.9557999999999996
B1,3096336,746373,OOS,SPY,Will S&P 500 (SPY) hit (LOW) $730 in August?,sell YES,0.5583182217576719,0.35119106312606885,20.7127158631603,0.1204083645003667,0.17559553156303442,0.2307826986257026,2026-08-31,False,0.0,54.845426235723096,53.859030295679,1801.110293,100,54.845426235723096,44.168177824232814
B1,3096177,746354,OOS,NVDA,Will NVIDIA (NVDA) hit (LOW) $184 in August?,sell YES,0.59,0.4818446312779268,10.815536872207316,0.19073016654751268,0.2409223156389634,0.29111446473041414,2026-09-04,False,0.0,58.0324,57.06479999999999,56.5,56.5,32.788306000000006,23.165000000000003
B1,1262706,186921,IS,AAPL,Will Apple dip to $248 in February?,sell YES,0.5623780952095757,0.433327624903353,12.905047030622269,0.15647942010398863,0.2166638124516765,0.2768482047993644,2026-02-27,False,0.0,56.23780952095757,56.23780952095757,1641.65,100,56.23780952095757,43.76219047904243
B1,2073953,415411,IS,AMZN,"Will Amazon.com, Inc. (AMZN) hit (LOW) $248 in May?",sell YES,0.3975899147243851,0.2628051799182373,13.478473480614777,0.10030732057947986,0.13140258995911866,0.16249785933875743,2026-05-29,False,0.0,38.80094277470315,37.84289407696779,161.82,100,38.80094277470315,60.24100852756149
B1,657236,69126,IS,OPEN,Will Opendoor reach $8 in November?,sell YES,0.93,0.7723663684619946,15.763363153800547,0.21064537321690768,0.3861831842309973,0.5617209952450872,2025-11-28,False,1.0,-6.999999999999995,-6.999999999999995,50.0,50.0,-3.4999999999999973,3.4999999999999973
B1,657241,69126,IS,OPEN,Will Opendoor dip to $5 in November?,sell YES,0.4172549019607843,0.2507683014486996,16.64866005120847,0.05015366028973992,0.1253841507243498,0.20061464115895974,2025-11-28,False,0.0,41.72549019607843,41.72549019607843,510.0,100,41.72549019607843,58.27450980392157
B1,1262737,186927,IS,MSFT,Will Microsoft reach $480 in February?,sell YES,0.1855855443732845,0.08225200287517342,10.333354149811107,0.033101415791228335,0.04112600143758671,0.04915058708394513,2026-02-27,False,0.0,18.558554437328453,18.558554437328453,43.72,43.72,8.1138,35.6062
B1,694377,86621,IS,MSFT,Will Microsoft (MSFT) hit $525 before 2026??,sell YES,0.3199999999999999,0.11452592174073155,20.547407825926832,0.0,0.057262960870365774,0.13059973531837807,2026-01-02,False,0.0,31.999999999999996,31.999999999999996,110.0,100,31.999999999999996,68.00000000000001
B2,3866442,907961,OOS,SPY,Will S&P 500 (SPY) hit (HIGH) $790 in September?,buy YES,0.0633333333333333,0.22330611428698782,-15.997278095365452,0.18567025232850665,0.22330611428698782,0.26094197624546905,2026-09-30,False,0.0,-6.570622222222222,-6.807911111111112,30.0,30.0,-1.9711866666666666,1.899999999999999
B2,2677477,631830,OOS,MSFT,Will Microsoft Corporation (MSFT) hit (LOW) $330 in July?,buy YES,0.13,0.1957493814566578,-6.574938145665779,0.015057644727435163,0.1957493814566578,0.3764411181858804,2026-07-31,False,0.0,-13.4524,-13.9048,22.0,22.0,-2.959528,2.8600000000000003
R1,657177,69122,IS,TSLA,Will Tesla reach $518 in November?,sell YES,0.4016900989458231,0.3009219617384389,10.07681372073842,0.09027658852153173,0.15046098086921944,0.2106453732169075,2025-11-28,False,0.0,40.16900989458232,40.16900989458232,954.351576,100,40.16900989458232,59.83099010541769
R1,657178,69122,IS,TSLA,Will Tesla reach $495 in November?,sell YES,0.5781752927842171,0.5165827009843211,6.159259179989595,0.23070683733280375,0.25829135049216057,0.28587586365151757,2025-11-28,False,0.0,57.81752927842171,57.81752927842171,352.397561,100,57.81752927842171,42.18247072157829
R1,657191,69123,IS,NVDA,Will NVIDIA reach $236 in November?,sell YES,0.2785383181071125,0.1945962019241909,8.394211618292161,0.08425814928676306,0.09729810096209544,0.11033805263742785,2025-11-28,False,0.0,27.85383181071125,27.85383181071125,234.238217,100,27.85383181071125,72.14616818928874
R1,657193,69123,IS,NVDA,Will NVIDIA reach $216 in November?,sell YES,0.65,0.5918131914189314,5.818680858106862,0.26079903350664757,0.2959065957094657,0.3310141579122836,2025-11-28,False,0.0,65.0,65.0,5.0,5.0,3.25,1.75
R1,2074177,415432,IS,SPY,Will S&P 500 (SPY) hit (LOW) $710 in May?,sell YES,0.781262332457942,0.4965212368684254,28.474109558951653,0.20563000718793378,0.2482606184342127,0.29089122968049164,2026-05-29,False,0.0,77.44266724443293,76.75910124307165,1017.64,100,77.44266724443293,21.873766754205803
R1,2074178,415432,IS,SPY,Will S&P 500 (SPY) hit (LOW) $700 in May?,sell YES,0.6894574245584568,0.3761524521730504,31.330497238540644,0.15547634689819403,0.1880762260865252,0.2206761052748559,2026-05-29,False,0.0,68.08931891872697,67.23289538160827,2369.44,100,68.08931891872697,31.054257544154318
R1,2236283,415432,IS,SPY,Will S&P 500 (SPY) hit (LOW) $730 in May?,sell YES,0.682019648762971,0.5157907434288891,16.622890533408196,0.19529940770608387,0.25789537171444454,0.32049133572280436,2026-05-29,False,0.0,67.33448948644029,66.46701409658347,1336.646102,100,67.33448948644029,31.798035123702896
R1,2236284,415432,IS,SPY,Will S&P 500 (SPY) hit (LOW) $720 in May?,sell YES,0.4999765735059005,0.3154836586021357,18.449291490376485,0.12018425089605159,0.15774182930106784,0.1952994077060841,2026-05-29,False,0.0,48.997657352785254,47.997657354980454,5044.887626,100,48.997657352785254,50.00234264940995
R1,657157,69120,IS,GOOGL,Will Google dip to $220 in November?,sell YES,0.0900001164999999,0.029089122968049164,6.091099353195073,0.002006146411589599,0.014544561484024582,0.027082976556459564,2025-11-28,False,0.0,9.000011649999994,9.000011649999994,5.494504,5.494504,0.4945060001097157,4.999997999890284
R1,657142,69119,IS,AMZN,Will Amazon dip to $196 in November?,sell YES,0.1167190101926129,0.040122928231791935,7.659608196082096,0.012036878469537583,0.020061464115895968,0.028086049762254352,2025-11-28,False,0.0,11.671901019261297,11.671901019261297,451.70503,100,11.671901019261297,88.32809898073872
R1,657179,69122,IS,TSLA,Will Tesla reach $480 in November?,sell YES,0.7862868382419069,0.6720590478825154,11.422779035939158,0.28086049762254367,0.3360295239412577,0.3911985502599713,2025-11-28,False,0.0,78.62868382419069,78.62868382419069,484.761903,100,78.62868382419069,21.37131617580931
R1,657185,69122,IS,TSLA,Will Tesla dip to $375 in November?,sell YES,0.26,0.1805531770430638,7.94468229569362,0.07523049043460989,0.0902765885215319,0.10532268660845383,2025-11-28,False,0.0,26.0,26.0,1.35135,1.35135,0.351351,0.999999
R1,657199,69123,IS,NVDA,Will NVIDIA dip to $160 in November?,sell YES,0.1945951580216678,0.09127966172732668,10.331549629434111,0.04012292823179195,0.04563983086366334,0.05115673349553474,2025-11-28,False,0.0,19.459515802166784,19.459515802166784,29.922836,29.922836,5.822838999876451,24.09999700012355
R1,2074179,415432,IS,SPY,Will S&P 500 (SPY) hit (LOW) $690 in May?,sell YES,0.45353403305889,0.23070683733280367,22.282719572608634,0.08526122249255785,0.11535341866640184,0.14544561484024582,2026-05-29,False,0.0,44.36203965022409,43.370675994559186,2704.87,100,44.36203965022409,54.646596694111004
R1,2074180,415432,IS,SPY,Will S&P 500 (SPY) hit (LOW) $680 in May?,sell YES,0.26,0.15046098086921972,10.95390191307803,0.05015366028973998,0.07523049043460986,0.10030732057947996,2026-05-29,False,0.0,25.230400000000003,24.460800000000003,1.35135,1.35135,0.34095101040000003,0.999999
R1,657150,69120,IS,GOOGL,Will Google reach $300 in November?,sell YES,0.5,0.4423552837555062,5.76447162444938,0.1885777626894221,0.2211776418777531,0.2537775210660841,2025-11-28,False,1.0,-50.0,-50.0,5.0,5.0,-2.5,2.5
R1,657135,69119,IS,AMZN,Will Amazon reach $260 in November?,sell YES,0.68,0.46241674787140225,21.75832521285978,0.21164844642270253,0.23120837393570112,0.2507683014486997,2025-11-28,False,0.0,68.0,68.0,35.01,35.01,23.8068,11.203199999999997
R1,1492657,243792,IS,SPX,"Will S&P 500 (SPX) hit $7,300 (HIGH) in March 2026?",sell YES,0.1147490322829032,0.01002743482506542,10.472159745783777,0.0,0.00501371741253271,0.030082304475196237,2026-03-31,False,0.0,11.474903228290325,11.474903228290325,188.249788,100,11.474903228290325,88.52509677170968
R1,1432319,229249,IS,NVDA,Will NVIDIA dip to $164 in March?,sell YES,0.6470474068803771,0.471754499503471,17.529290737690612,0.22082125508673123,0.2358772497517355,0.25093324441674003,2026-04-02,False,0.0,64.7047406880377,64.7047406880377,72.216486,72.216486,46.727490000313054,25.488995999686946
R1,2350519,522290,IS,SPY,Will S&P 500 (SPY) hit (LOW) $740 in June?,sell YES,0.5776000083865559,0.4365281573948057,14.107185099175018,0.17561477596342756,0.21826407869740286,0.2609133814313786,2026-06-30,False,1.0,-43.215912116138036,-44.19182507093167,52.083332,52.083332,-22.508286984276396,21.999999000000223
R1,2350520,522290,IS,SPY,Will S&P 500 (SPY) hit (LOW) $730 in June?,sell YES,0.37,0.29101877159653744,7.898122840346256,0.11540399563310988,0.14550938579826872,0.17561477596342778,2026-06-30,False,1.0,-63.9324,-64.8648,502.5873,100,-63.9324,63.0
R1,2236209,148013,IS,SPX,"Will S&P 500 (SPX) hit $7,100 (LOW) in June?",sell YES,0.6418723501150918,0.321617223549599,32.02551265654928,0.04020215294369916,0.1608086117747995,0.2814150706058998,2026-06-30,False,0.0,63.2677460664179,62.34825712132661,483.51,100,63.26774606641791,35.81276498849082
R1,2236210,148013,IS,SPX,"Will S&P 500 (SPX) hit $6,900 (LOW) in June?",sell YES,0.38,0.19096022648257563,18.903977351742437,0.0,0.09548011324128781,0.2311623794262748,2026-06-30,False,0.0,37.0576,36.1152,86.0,86.0,31.869536000000004,53.32
R1,2236211,148013,IS,SPX,"Will S&P 500 (SPX) hit $6,700 (LOW) in June?",sell YES,0.1999999999999999,0.12060645883110033,7.939354116889957,0.0,0.060303229415550164,0.16080861177480021,2026-06-30,False,0.0,19.359999999999996,18.719999999999995,7.49,7.49,1.4500639999999998,5.992000000000001
R1,657113,69117,IS,AAPL,Will Apple dip to $248 in November?,sell YES,0.23,0.1464486880460407,8.355131195395932,0.05817824593609833,0.07322434402302035,0.08827044210994228,2025-11-28,False,0.0,23.0,23.0,50.0,50.0,11.5,38.5
R1,657114,69117,IS,AAPL,Will Apple dip to $236 in November?,sell YES,0.176883366510417,0.052159806701329525,12.472355980908748,0.018055317704306368,0.026079903350664763,0.03410448899702315,2025-11-28,False,0.0,17.68833665104171,17.68833665104171,160.429511,100,17.68833665104171,82.31166334895829
R1,657115,69117,IS,AAPL,Will Apple dip to $224 in November?,sell YES,0.1200366633095045,0.016049171292716793,10.39874920167877,0.002006146411589599,0.008024585646358396,0.014043024881127181,2025-11-28,False,0.0,12.00366633095046,12.00366633095046,464.5789,100,12.00366633095046,87.99633366904955
R1,694401,86623,IS,GOOGL,Will Google (GOOGL) hit $375 before 2026??,sell YES,0.05,0.0,5.0,0.0,0.0,0.07233216109940939,2026-01-02,False,0.0,5.000000000000001,5.000000000000001,40.03156,40.03156,2.0015780000000003,38.029982
R1,694403,86623,IS,GOOGL,Will Google (GOOGL) hit $345 before 2026??,sell YES,0.2200000082,0.08941058802565885,13.058942017434116,0.0,0.044705294012829425,0.18083040274852347,2026-01-02,False,0.0,22.00000082,22.00000082,36.653835,36.653835,8.063844000561447,28.589990999438555
R1,1322360,196998,IS,SPX,"Will S&P 500 (SPX) hit $6,750 (LOW) in February 2026?",sell YES,0.4387096786680541,0.34078336681606924,9.792631185198486,0.08018432160378092,0.17039168340803462,0.2605990452122883,2026-02-27,False,0.0,43.87096786680541,43.87096786680541,51.666665,51.666665,22.666665999999996,28.999999000000003
R1,1322363,196998,IS,SPX,"Will S&P 500 (SPX) hit $6,500 (LOW) in February 2026?",sell YES,0.1936778087825345,0.1202764824056721,7.3401326376862395,0.0,0.06013824120283605,0.13029952260614452,2026-02-27,False,0.0,19.367780878253456,19.367780878253456,329.68,100,19.367780878253456,80.63221912174654
R1,1262844,186955,IS,NVDA,Will NVIDIA reach $252 in February?,sell YES,0.2904651162790697,0.012036878469537594,27.842823780953207,0.002006146411589599,0.006018439234768797,0.010030732057947987,2026-02-27,False,0.0,29.046511627906973,29.046511627906973,129.0,100,29.046511627906977,70.95348837209303
R1,1262850,186955,IS,NVDA,Will NVIDIA dip to $184 in February?,sell YES,0.8200001296,0.6620283158245672,15.797181377543279,0.30092196173843955,0.3310141579122836,0.3611063540861276,2026-02-27,False,1.0,-17.999987039999997,-17.999987039999997,5.555554,5.555554,-0.9999990000002015,0.9999990000002015
R1,2074048,415423,IS,TSLA,"Will Tesla, Inc. (TSLA) hit (HIGH) $420 in May?",sell YES,0.5400000405000001,0.47144440672355525,6.85556337764448,0.21566073924588172,0.23572220336177763,0.2557836674776736,2026-05-29,False,1.0,-46.99359593703999,-47.987195924079984,10.869564,10.869564,-5.107998986277962,4.999998999782657
R1,2264476,415423,IS,TSLA,"Will Tesla, Inc. (TSLA) hit (LOW) $390 in May?",sell YES,0.38,0.31047598148146704,6.9524018518532955,0.11617810919951665,0.15523799074073352,0.19429787228195028,2026-05-29,False,0.0,37.0576,36.1152,10.0,10.0,3.70576,6.2
R1,2278809,415423,IS,TSLA,"Will Tesla, Inc. (TSLA) hit (HIGH) $450 in May?",sell YES,0.2916002320000075,0.22817497121325456,6.342526078675295,0.10407981143060734,0.11408748560662728,0.12409515978264724,2026-05-29,False,0.0,28.333745053210556,27.50746690642036,382.590162,100,28.333745053210556,70.83997679999925
R1,1432303,229253,IS,TSLA,Will Tesla dip to $390 in March?,sell YES,0.91,0.7427624034735506,16.723759652644944,0.3362505475184317,0.3713812017367753,0.406511855955119,2026-04-02,False,1.0,-8.999999999999996,-8.999999999999996,10.62,10.62,-0.9557999999999995,0.9557999999999996
R1,2074091,415426,IS,PLTR,Will Palantir Technologies Inc. (PLTR) hit (HIGH) $150 in May?,sell YES,0.78,0.7021512440563589,7.784875594364116,0.1862850239333196,0.35107562202817943,0.5158662201230395,2026-05-29,False,1.0,-22.686399999999995,-23.37279999999999,5.0,5.0,-1.1343199999999998,1.0999999999999999
R1,1262805,186945,IS,META,Will Meta reach $730 in February?,sell YES,0.905,0.8375661268386569,6.743387316134308,0.29590659570946554,0.41878306341932847,0.5416595311291913,2026-02-27,False,0.0,90.5,90.5,40.0,40.0,36.2,3.799999999999999
R1,1262834,186950,IS,TSLA,Will Tesla dip to $383 in February?,sell YES,0.36,0.28086049762254367,7.913950237745632,0.0902765885215319,0.14043024881127184,0.19058390910101167,2026-02-27,False,0.0,36.0,36.0,25.0,25.0,9.0,16.0
R1,2074162,415431,IS,HOOD,"Will Robinhood Markets, Inc. (HOOD) hit (HIGH) $85 in May?",sell YES,0.3599576797201219,0.27082976556459565,8.912791415552624,0.05015366028973998,0.13541488278229782,0.22067610527485568,2026-05-29,False,1.0,-64.92578462211031,-65.84733721623283,354.44,100,-64.92578462211031,64.00423202798781
R1,2073796,415380,IS,AAPL,Will Apple (AAPL) hit (HIGH) $296 in May?,sell YES,0.39,0.3069404009732084,8.305959902679161,0.1283933703417342,0.1534702004866042,0.17854703063147412,2026-05-29,False,1.0,-61.9516,-62.903200000000005,5.0,5.0,-3.09758,3.05
R1,2073828,415380,IS,AAPL,Will Apple (AAPL) hit (LOW) $264 in May?,sell YES,0.3759414643305733,0.28286664403413314,9.307482029644015,0.11435034546060704,0.14143332201706657,0.16851629857352618,2026-05-29,False,0.0,36.65570851414711,35.71727059523687,466.128386,100,36.65570851414711,62.40585356694267
R1,1262901,186966,IS,OPEN,Will Opendoor reach $10.25 in February?,sell YES,0.097,0.0,9.700000000000001,0.0,0.0,0.060184392347687916,2026-02-27,False,0.0,9.7,9.7,10.98,10.98,1.06506,9.914940000000001
R1,1262904,186966,IS,OPEN,Will Opendoor reach $7.50 in February?,sell YES,0.19,0.10030732057947984,8.969267942052015,0.04012292823179194,0.05015366028973992,0.060184392347687916,2026-02-27,False,0.0,19.0,19.0,20.0,20.0,3.8,16.200000000000003
R1,694419,86624,IS,TSLA,Will Tesla (TSLA) hit $420 before 2026??,sell YES,0.7634886593307881,0.678114010306963,8.537464902382508,0.2662225373797709,0.3390570051534815,0.4118914729271925,2026-01-02,False,1.0,-23.651134066921188,-23.651134066921188,445.3,100,-23.651134066921188,23.651134066921188
R1,3096336,746373,OOS,SPY,Will S&P 500 (SPY) hit (LOW) $730 in August?,sell YES,0.5583182217576719,0.35119106312606885,20.7127158631603,0.1204083645003667,0.17559553156303442,0.2307826986257026,2026-08-31,False,0.0,54.845426235723096,53.859030295679,1801.110293,100,54.845426235723096,44.168177824232814
R1,3096177,746354,OOS,NVDA,Will NVIDIA (NVDA) hit (LOW) $184 in August?,sell YES,0.59,0.4818446312779268,10.815536872207316,0.19073016654751268,0.2409223156389634,0.29111446473041414,2026-09-04,False,0.0,58.0324,57.06479999999999,56.5,56.5,32.788306000000006,23.165000000000003
R1,1262706,186921,IS,AAPL,Will Apple dip to $248 in February?,sell YES,0.5623780952095757,0.433327624903353,12.905047030622269,0.15647942010398863,0.2166638124516765,0.2768482047993644,2026-02-27,False,0.0,56.23780952095757,56.23780952095757,1641.65,100,56.23780952095757,43.76219047904243
R1,2073953,415411,IS,AMZN,"Will Amazon.com, Inc. (AMZN) hit (LOW) $248 in May?",sell YES,0.3975899147243851,0.2628051799182373,13.478473480614777,0.10030732057947986,0.13140258995911866,0.16249785933875743,2026-05-29,False,0.0,38.80094277470315,37.84289407696779,161.82,100,38.80094277470315,60.24100852756149
R1,657236,69126,IS,OPEN,Will Opendoor reach $8 in November?,sell YES,0.93,0.7723663684619946,15.763363153800547,0.21064537321690768,0.3861831842309973,0.5617209952450872,2025-11-28,False,1.0,-6.999999999999995,-6.999999999999995,50.0,50.0,-3.4999999999999973,3.4999999999999973
R1,657241,69126,IS,OPEN,Will Opendoor dip to $5 in November?,sell YES,0.4172549019607843,0.2507683014486996,16.64866005120847,0.05015366028973992,0.1253841507243498,0.20061464115895974,2025-11-28,False,0.0,41.72549019607843,41.72549019607843,510.0,100,41.72549019607843,58.27450980392157
R1,1262737,186927,IS,MSFT,Will Microsoft reach $480 in February?,sell YES,0.1855855443732845,0.08225200287517342,10.333354149811107,0.033101415791228335,0.04112600143758671,0.04915058708394513,2026-02-27,False,0.0,18.558554437328453,18.558554437328453,43.72,43.72,8.1138,35.6062
R1,2074029,415420,IS,META,"Will Meta Platforms, Inc. (META) hit (LOW) $580 in May?",sell YES,0.5465,0.47144440672355525,7.505559327644473,0.19058390910101178,0.23572220336177763,0.28086049762254356,2026-05-29,False,0.0,53.658649,52.667297999999995,500.0,100,53.658649,45.35
R1,702423,89780,IS,NVDA,Will NVIDIA dip to $120 in December?,sell YES,0.0776796047511082,0.0210807026184093,5.65989021326989,0.008030743854632113,0.01054035130920465,0.013049958763777188,2026-01-02,False,0.0,7.767960475110821,7.767960475110821,26.5959,26.5959,2.065958999999999,24.529941
R1,694377,86621,IS,MSFT,Will Microsoft (MSFT) hit $525 before 2026??,sell YES,0.3199999999999999,0.11452592174073155,20.547407825926832,0.0,0.057262960870365774,0.13059973531837807,2026-01-02,False,0.0,31.999999999999996,31.999999999999996,110.0,100,31.999999999999996,68.00000000000001
U,657160,69121,IS,META,Will Meta reach $960 in November?,sell YES,0.0186791353553264,0.012036878469537583,0.6642256885788816,0.0015046098086921936,0.006018439234768792,0.01053226866084539,2025-11-28,False,0.0,1.8679135355326413,1.8679135355326413,580.311604,100,1.867913535532641,98.13208646446736
U,657161,69121,IS,META,Will Meta reach $910 in November?,sell YES,0.0218691278525013,0.015547634689819359,0.6321493162681942,0.0025076830144869985,0.0077738173449096795,0.013039951675332376,2025-11-28,False,0.0,2.1869127852501324,2.1869127852501324,2324.965416,100,2.1869127852501324,97.81308721474987
U,657162,69121,IS,META,Will Meta reach $870 in November?,sell YES,0.0442129629673611,0.02006146411589599,2.415149885146511,0.0,0.010030732057947994,0.021064537321690766,2025-11-28,False,0.0,4.421296296736112,4.421296296736112,864.0,100,4.421296296736112,95.57870370326388
U,657164,69121,IS,META,Will Meta reach $800 in November?,sell YES,0.0844583962339388,0.0471444406723556,3.7313955561583207,0.006018439234768797,0.0235722203361778,0.041126001437586754,2025-11-28,False,0.0,8.445839623393887,8.445839623393887,1445.52688,100,8.445839623393887,91.55416037660612
U,657167,69121,IS,META,Will Meta dip to $740 in November?,sell YES,0.98032535732229,1.0,-1.967464267771002,0.5416595311291904,0.9102889342587785,1.0,2025-11-28,False,1.0,-1.9674642677709908,-1.9674642677709908,27997.270698,100,-1.9674642677709908,1.967464267771002
U,657171,69121,IS,META,Will Meta dip to $640 in November?,sell YES,0.91,0.8927351531573713,1.7264846842628745,0.3209834258543358,0.44636757657868564,0.5717517273030351,2025-11-28,False,1.0,-8.999999999999996,-8.999999999999996,12.0,12.0,-1.0799999999999996,1.0799999999999996
U,657173,69121,IS,META,Will Meta dip to $550 in November?,sell YES,0.0799999999999999,0.11134112584322259,-3.1341125843222684,0.03410448899702314,0.055670562921611294,0.07723663684619947,2025-11-28,False,0.0,7.9999999999999964,7.9999999999999964,25.0,25.0,1.9999999999999991,23.000000000000004
U,657174,69122,IS,TSLA,Will Tesla reach $615 in November?,sell YES,0.0567243606719904,0.056172099524508724,0.0552261147481678,0.019058390910101166,0.028086049762254362,0.037113708614407534,2025-11-28,False,0.0,5.67243606719904,5.67243606719904,965.65314,100,5.67243606719904,94.32756393280096
U,657175,69122,IS,TSLA,Will Tesla reach $578 in November?,sell YES,0.0726436150473279,0.10030732057947986,-2.7663705532151956,0.0200614641158959,0.05015366028973993,0.08024585646358395,2025-11-28,False,0.0,7.264361504732799,7.264361504732799,1864.47263,100,7.264361504732799,92.73563849526721
U,657177,69122,IS,TSLA,Will Tesla reach $518 in November?,sell YES,0.4016900989458231,0.3009219617384389,10.07681372073842,0.09027658852153173,0.15046098086921944,0.2106453732169075,2025-11-28,False,0.0,40.16900989458232,40.16900989458232,954.351576,100,40.16900989458232,59.83099010541769
U,657178,69122,IS,TSLA,Will Tesla reach $495 in November?,sell YES,0.5781752927842171,0.5165827009843211,6.159259179989595,0.23070683733280375,0.25829135049216057,0.28587586365151757,2025-11-28,False,0.0,57.81752927842171,57.81752927842171,352.397561,100,57.81752927842171,42.18247072157829
U,657187,69122,IS,TSLA,Will Tesla dip to $308 in November?,sell YES,0.0300000005999999,0.026079903350664742,0.39200972493351577,0.004012292823179198,0.013039951675332371,0.022067610527485543,2025-11-28,False,0.0,3.0000000599999965,3.0000000599999965,17.608233,17.608233,0.5282470005649391,17.07998599943506
U,657188,69123,IS,NVDA,Will NVIDIA reach $288 in November?,sell YES,0.0324795130236421,0.012036878469537594,2.04426345541045,0.0,0.006018439234768797,0.012036878469537588,2025-11-28,False,0.0,3.247951302364218,3.247951302364218,806.61,100,3.247951302364218,96.7520486976358
U,657189,69123,IS,NVDA,Will NVIDIA reach $268 in November?,sell YES,0.0497449504078739,0.026079903350664742,2.3665047057209154,0.008024585646358396,0.013039951675332371,0.018055317704306368,2025-11-28,False,0.0,4.974495040787396,4.974495040787396,408.41665,100,4.974495040787396,95.02550495921261
U,657191,69123,IS,NVDA,Will NVIDIA reach $236 in November?,sell YES,0.2785383181071125,0.1945962019241909,8.394211618292161,0.08425814928676306,0.09729810096209544,0.11033805263742785,2025-11-28,False,0.0,27.85383181071125,27.85383181071125,234.238217,100,27.85383181071125,72.14616818928874
U,657193,69123,IS,NVDA,Will NVIDIA reach $216 in November?,sell YES,0.65,0.5918131914189314,5.818680858106862,0.26079903350664757,0.2959065957094657,0.3310141579122836,2025-11-28,False,0.0,65.0,65.0,5.0,5.0,3.25,1.75
U,657200,69123,IS,NVDA,Will NVIDIA dip to $144 in November?,sell YES,0.0372857142857143,0.048221440732939595,-1.0935726447225298,0.010046133486029068,0.024110720366469798,0.038175307246910525,2025-12-12,False,0.0,3.7285714285714313,3.7285714285714313,700.0,100,3.7285714285714313,96.27142857142857
U,2074174,415432,IS,SPY,Will S&P 500 (SPY) hit (HIGH) $740 in May?,sell YES,0.5068369120615288,0.6219053875927752,-11.506847553124643,0.27584513159356955,0.3109526937963876,0.3460602559992057,2026-05-29,False,1.0,-50.31612182038096,-51.31593484691482,6129.389997,100,-50.31612182038096,49.31630879384712
U,2074177,415432,IS,SPY,Will S&P 500 (SPY) hit (LOW) $710 in May?,sell YES,0.781262332457942,0.4965212368684254,28.474109558951653,0.20563000718793378,0.2482606184342127,0.29089122968049164,2026-05-29,False,0.0,77.44266724443293,76.75910124307165,1017.64,100,77.44266724443293,21.873766754205803
U,2074178,415432,IS,SPY,Will S&P 500 (SPY) hit (LOW) $700 in May?,sell YES,0.6894574245584568,0.3761524521730504,31.330497238540644,0.15547634689819403,0.1880762260865252,0.2206761052748559,2026-05-29,False,0.0,68.08931891872697,67.23289538160827,2369.44,100,68.08931891872697,31.054257544154318
U,2236283,415432,IS,SPY,Will S&P 500 (SPY) hit (LOW) $730 in May?,sell YES,0.682019648762971,0.5157907434288891,16.622890533408196,0.19529940770608387,0.25789537171444454,0.32049133572280436,2026-05-29,False,0.0,67.33448948644029,66.46701409658347,1336.646102,100,67.33448948644029,31.798035123702896
U,2236284,415432,IS,SPY,Will S&P 500 (SPY) hit (LOW) $720 in May?,sell YES,0.4999765735059005,0.3154836586021357,18.449291490376485,0.12018425089605159,0.15774182930106784,0.1952994077060841,2026-05-29,False,0.0,48.997657352785254,47.997657354980454,5044.887626,100,48.997657352785254,50.00234264940995
U,657154,69120,IS,GOOGL,Will Google dip to $260 in November?,sell YES,0.3700000209777795,0.3560909880571535,1.3909032920626008,0.15347020048660417,0.17804549402857675,0.20262078757054933,2025-11-28,False,0.0,37.00000209777796,37.00000209777796,14.285710000000002,14.285710000000002,5.2857129996824765,8.999997000317526
U,657155,69120,IS,GOOGL,Will Google dip to $250 in November?,sell YES,0.1700000040407392,0.1885777626894221,-1.8577758648682914,0.07623356364040466,0.09428888134471106,0.11234419904901745,2025-11-28,False,0.0,17.00000040407392,17.00000040407392,32.530111,32.530111,5.530119001445694,26.999991998554304
U,657157,69120,IS,GOOGL,Will Google dip to $220 in November?,sell YES,0.0900001164999999,0.029089122968049164,6.091099353195073,0.002006146411589599,0.014544561484024582,0.027082976556459564,2025-11-28,False,0.0,9.000011649999994,9.000011649999994,5.494504,5.494504,0.4945060001097157,4.999997999890284
U,657132,69119,IS,AMZN,Will Amazon reach $312 in November?,sell YES,0.02,0.014043024881127186,0.5956975118872814,0.0,0.007021512440563593,0.014043024881127181,2025-11-28,False,0.0,2.000000000000001,2.000000000000001,21.0204,21.0204,0.42040800000000017,20.599991999999997
U,657134,69119,IS,AMZN,Will Amazon reach $276 in November?,sell YES,0.1400000008999999,0.1223749311069654,1.7625069793034491,0.04614136746656075,0.0611874655534827,0.07623356364040466,2025-11-28,False,0.0,14.000000089999997,14.000000089999997,23.255807,23.255807,3.2558130009302255,19.999993999069776
U,657142,69119,IS,AMZN,Will Amazon dip to $196 in November?,sell YES,0.1167190101926129,0.040122928231791935,7.659608196082096,0.012036878469537583,0.020061464115895968,0.028086049762254352,2025-11-28,False,0.0,11.671901019261297,11.671901019261297,451.70503,100,11.671901019261297,88.32809898073872
U,657143,69119,IS,AMZN,Will Amazon dip to $184 in November?,sell YES,0.0638893256033178,0.020061464115895978,4.382786148742182,0.002006146411589599,0.010030732057947989,0.018055317704306375,2025-11-28,False,0.0,6.38893256033178,6.38893256033178,390.346443,100,6.38893256033178,93.61106743966822
U,657166,69121,IS,META,Will Meta reach $760 in November?,sell YES,0.1409655465260031,0.11535341866640188,2.561212785960122,0.030092196173843986,0.05767670933320094,0.0852612224925579,2025-11-28,False,0.0,14.09655465260031,14.09655465260031,86.142283,86.142283,12.143094002092626,73.99918899790738
U,657168,69121,IS,META,Will Meta dip to $720 in November?,sell YES,0.9768618633154224,1.0,-2.313813668457765,0.4212907464338157,0.8801967380849364,1.0,2025-11-28,False,1.0,-2.313813668457765,-2.313813668457765,7354.222221,100,-2.313813668457765,2.313813668457765
U,657169,69121,IS,META,Will Meta dip to $700 in November?,sell YES,0.955304460258565,1.0,-4.469553974143503,0.5366441651002174,0.8049662476503264,1.0,2025-11-28,False,1.0,-4.469553974143503,-4.469553974143503,1547.0,100,-4.469553974143503,4.469553974143503
U,657176,69122,IS,TSLA,Will Tesla reach $548 in November?,sell YES,0.14,0.20061464115895972,-6.06146411589597,0.05015366028973993,0.10030732057947986,0.15046098086921977,2025-11-28,False,0.0,14.000000000000002,14.000000000000002,600.76,100,14.000000000000002,86.0
U,657179,69122,IS,TSLA,Will Tesla reach $480 in November?,sell YES,0.7862868382419069,0.6720590478825154,11.422779035939158,0.28086049762254367,0.3360295239412577,0.3911985502599713,2025-11-28,False,0.0,78.62868382419069,78.62868382419069,484.761903,100,78.62868382419069,21.37131617580931
U,657183,69122,IS,TSLA,Will Tesla dip to $420 in November?,sell YES,0.5877848410757947,0.5968285574479054,-0.9043716372110766,0.26079903350664757,0.2984142787239527,0.3360295239412575,2025-11-28,False,1.0,-41.221515892420534,-41.221515892420534,40.9,40.9,-16.859599999999997,16.859599999999997
U,657184,69122,IS,TSLA,Will Tesla dip to $398 in November?,sell YES,0.37,0.3611063540861276,0.8893645913872372,0.14043024881127184,0.1805531770430638,0.22067610527485562,2025-11-28,False,1.0,-63.0,-63.0,15.87,15.87,-9.998099999999999,9.998099999999999
U,657185,69122,IS,TSLA,Will Tesla dip to $375 in November?,sell YES,0.26,0.1805531770430638,7.94468229569362,0.07523049043460989,0.0902765885215319,0.10532268660845383,2025-11-28,False,0.0,26.0,26.0,1.35135,1.35135,0.351351,0.999999
U,657190,69123,IS,NVDA,Will NVIDIA reach $252 in November?,sell YES,0.0999999999999999,0.06620283158245667,3.3797168417543224,0.028086049762254362,0.033101415791228335,0.03811678182020233,2025-11-28,False,0.0,9.999999999999998,9.999999999999998,111.59,100,9.999999999999998,90.00000000000001
U,657192,69123,IS,NVDA,Will NVIDIA reach $224 in November?,sell YES,0.46,0.47144440672355525,-1.1444406723555234,0.20061464115895972,0.23572220336177763,0.27082976556459565,2025-11-28,False,0.0,46.0,46.0,12.85185,12.85185,5.911851,6.939999000000001
U,657196,69123,IS,NVDA,Will NVIDIA dip to $192 in November?,sell YES,0.6639732314080062,0.6620283158245669,0.1944915583439344,0.30092196173843955,0.33101415791228345,0.36110635408612746,2025-11-28,False,1.0,-33.60267685919938,-33.60267685919938,129.986665,100,-33.60267685919938,33.60267685919938
U,657199,69123,IS,NVDA,Will NVIDIA dip to $160 in November?,sell YES,0.1945951580216678,0.09127966172732668,10.331549629434111,0.04012292823179195,0.04563983086366334,0.05115673349553474,2025-11-28,False,0.0,19.459515802166784,19.459515802166784,29.922836,29.922836,5.822838999876451,24.09999700012355
U,2074175,415432,IS,SPY,Will S&P 500 (SPY) hit (HIGH) $730 in May?,sell YES,0.7397166851132075,0.9779963756499293,-23.82796905367217,0.4463675765786857,0.4889981878249646,0.5316287990712435,2026-05-29,False,1.0,-26.79847513219259,-27.568618775705932,808.403332,100,-26.79847513219259,26.028331488679246
U,2074179,415432,IS,SPY,Will S&P 500 (SPY) hit (LOW) $690 in May?,sell YES,0.45353403305889,0.23070683733280367,22.282719572608634,0.08526122249255785,0.11535341866640184,0.14544561484024582,2026-05-29,False,0.0,44.36203965022409,43.370675994559186,2704.87,100,44.36203965022409,54.646596694111004
U,2074180,415432,IS,SPY,Will S&P 500 (SPY) hit (LOW) $680 in May?,sell YES,0.26,0.15046098086921972,10.95390191307803,0.05015366028973998,0.07523049043460986,0.10030732057947996,2026-05-29,False,0.0,25.230400000000003,24.460800000000003,1.35135,1.35135,0.34095101040000003,0.999999
U,2074181,415432,IS,SPY,Will S&P 500 (SPY) hit (LOW) $670 in May?,sell YES,0.1529718778646566,0.10532268660845384,4.764919125620276,0.030092196173843986,0.05266134330422692,0.07523049043460986,2026-05-29,False,0.0,14.778901856676798,14.260615926887931,232.176466,100,14.778901856676798,84.70281221353434
U,2074183,415432,IS,SPY,Will S&P 500 (SPY) hit (LOW) $650 in May?,sell YES,0.079850663777723,0.0501536602897402,2.96970034879828,0.010030732057947996,0.0250768301448701,0.040122928231791984,2026-05-29,False,0.0,7.691168236684387,7.397270095596466,1385.747654,100,7.691168236684387,92.0149336222277
U,657150,69120,IS,GOOGL,Will Google reach $300 in November?,sell YES,0.5,0.4423552837555062,5.76447162444938,0.1885777626894221,0.2211776418777531,0.2537775210660841,2025-11-28,False,1.0,-50.0,-50.0,5.0,5.0,-2.5,2.5
U,657159,69120,IS,GOOGL,Will Google dip to $175 in November?,sell YES,0.02,0.003009219617384396,1.6990780382615602,0.0,0.001504609808692198,0.011033805263742785,2025-11-28,False,0.0,2.0000000000000018,2.0000000000000018,2.0408,2.0408,0.04081600000000003,1.999984
U,657135,69119,IS,AMZN,Will Amazon reach $260 in November?,sell YES,0.68,0.46241674787140225,21.75832521285978,0.21164844642270253,0.23120837393570112,0.2507683014486997,2025-11-28,False,0.0,68.0,68.0,35.01,35.01,23.8068,11.203199999999997
U,657136,69119,IS,AMZN,Will Amazon reach $248 in November?,sell YES,0.88,0.9328580813891624,-5.285808138916237,0.40122928231791943,0.4664290406945812,0.5316287990712433,2025-11-28,False,1.0,-12.0,-12.0,451.0,100,-12.0,12.0
U,657138,69119,IS,AMZN,Will Amazon reach $232 in November?,sell YES,0.9457272727272726,1.0,-5.427272727272737,0.6419668517086713,0.7422741722881515,0.8425814928676311,2025-11-28,False,1.0,-5.427272727272737,-5.427272727272737,550.0,100,-5.427272727272737,5.427272727272737
U,657139,69119,IS,AMZN,Will Amazon dip to $224 in November?,sell YES,0.2917340554839213,0.24675600862552044,4.497804685840085,0.10431961340265901,0.12337800431276022,0.14243639522286144,2025-11-28,False,1.0,-70.82659445160786,-70.82659445160786,82.35042,82.35042,-58.32599800259577,58.32599800259578
U,1492657,243792,IS,SPX,"Will S&P 500 (SPX) hit $7,300 (HIGH) in March 2026?",sell YES,0.1147490322829032,0.01002743482506542,10.472159745783777,0.0,0.00501371741253271,0.030082304475196237,2026-03-31,False,0.0,11.474903228290325,11.474903228290325,188.249788,100,11.474903228290325,88.52509677170968
U,1492659,243792,IS,SPX,"Will S&P 500 (SPX) hit $7,100 (HIGH) in March 2026?",sell YES,0.2136874994597233,0.2907956099268968,-7.7108110467173505,0.04010973930026168,0.1453978049634484,0.2506858706266353,2026-03-31,False,0.0,21.368749945972336,21.368749945972336,230.564802,100,21.368749945972336,78.63125005402767
U,1492660,243792,IS,SPX,"Will S&P 500 (SPX) hit $7,000 (HIGH) in March 2026?",sell YES,0.269073321483464,0.6517832636292517,-38.270994214578764,0.10027434825065411,0.3258916318146258,0.5515089153785979,2026-03-31,False,0.0,26.9073321483464,26.9073321483464,702.708087,100,26.9073321483464,73.0926678516536
U,1492661,243792,IS,SPX,"Will S&P 500 (SPX) hit $6,900 (HIGH) in March 2026?",sell YES,0.3435107019376205,0.9626337432062817,-61.912304126866125,0.12032921790078378,0.48131687160314085,0.842304525305495,2026-03-31,False,0.0,34.351070193762055,34.351070193762055,319.726915,100,34.351070193762055,65.64892980623796
U,1492666,243792,IS,SPX,"Will S&P 500 (SPX) hit $6,300 (LOW) in March 2026?",sell YES,0.3,0.2607133054517015,3.9286694548298473,0.0,0.13035665272585076,0.48131687160314013,2026-03-31,False,0.0,30.000000000000004,30.000000000000004,5.0,5.0,1.5000000000000002,3.5
U,1492667,243792,IS,SPX,"Will S&P 500 (SPX) hit $6,200 (LOW) in March 2026?",sell YES,0.1529412013840947,0.240658435801569,-8.771723441747431,0.0,0.1203292179007845,0.4111248278276813,2026-03-31,False,0.0,15.294120138409472,15.294120138409472,2.36111,2.36111,0.36111099999999985,1.999999
U,1492668,243792,IS,SPX,"Will S&P 500 (SPX) hit $6,000 (LOW) in March 2026?",sell YES,0.1170094055515349,0.09024691342558855,2.676249212594635,0.0,0.045123456712794274,0.1403840875509156,2026-03-31,False,0.0,11.700940555153492,11.700940555153492,1097.795484,100,11.700940555153492,88.2990594448465
U,1432259,229249,IS,NVDA,Will NVIDIA reach $280 in March?,sell YES,0.0084556278487193,0.005018664888334804,0.3436962960384496,0.00100373297766696,0.002509332444167402,0.004014931910667842,2026-04-02,False,0.0,0.845562784871935,0.845562784871935,446.0557,100,0.8455627848719351,99.15443721512807
U,1432268,229249,IS,NVDA,Will NVIDIA reach $244 in March?,sell YES,0.0201662183969876,0.018067193598005293,0.20990247989823052,0.006022397866001762,0.009033596799002647,0.01204479573200353,2026-04-02,False,0.0,2.0166218396987645,2.0166218396987645,37.18,37.18,0.7497800000000007,36.43022
U,1432272,229249,IS,NVDA,Will NVIDIA reach $228 in March?,sell YES,0.022000001187666,0.04416425101734625,-2.216424982968025,0.018067193598005293,0.022082125508673126,0.02609705741934097,2026-04-02,False,0.0,2.2000001187666083,2.2000001187666083,10.072454,10.072454,0.221593999962712,9.85086000003729
U,1432287,229249,IS,NVDA,Will NVIDIA reach $200 in March?,sell YES,0.3586465024053922,0.35833267302710486,0.03138293782873336,0.16762340727038239,0.17916633651355243,0.19070926575672248,2026-04-02,False,0.0,35.86465024053923,35.86465024053923,585.116162,100,35.86465024053923,64.13534975946078
U,1432293,229249,IS,NVDA,Will NVIDIA dip to $192 in March?,sell YES,0.9572727266613992,1.0,-4.272727333860082,0.5420158079401585,0.7226877439202111,0.9033596799002643,2026-04-02,False,1.0,-4.272727333860093,-4.272727333860093,21831.424527,100,-4.272727333860093,4.272727333860082
U,1432298,229249,IS,NVDA,Will NVIDIA dip to $184 in March?,sell YES,0.9671327179521528,1.0,-3.286728204784717,0.5119038186101496,0.5470344728284937,0.5821651270468371,2026-04-02,False,1.0,-3.2867282047847057,-3.2867282047847057,3650.660581,100,-3.2867282047847057,3.286728204784717
U,1432305,229249,IS,NVDA,Will NVIDIA dip to $176 in March?,sell YES,0.6725009051295098,0.9334716692302729,-26.097076410076316,0.44164251017346245,0.46673583461513646,0.4918291590568108,2026-04-02,False,1.0,-32.749909487049024,-32.749909487049024,6.106881,6.106881,-1.999997999981794,1.999997999981794
U,1432319,229249,IS,NVDA,Will NVIDIA dip to $164 in March?,sell YES,0.6470474068803771,0.471754499503471,17.529290737690612,0.22082125508673123,0.2358772497517355,0.25093324441674003,2026-04-02,False,0.0,64.7047406880377,64.7047406880377,72.216486,72.216486,46.727490000313054,25.488995999686946
U,1432334,229249,IS,NVDA,Will NVIDIA dip to $152 in March?,sell YES,0.1345146565471875,0.2790377677914149,-14.452311124422742,0.12446288923070312,0.13951888389570746,0.1545748785607119,2026-04-02,False,0.0,13.451465654718753,13.451465654718753,252.598608,100,13.451465654718753,86.54853434528124
U,1432337,229249,IS,NVDA,Will NVIDIA dip to $136 in March?,sell YES,0.0305934153072722,0.11041062754336561,-7.981721223609342,0.04817918292801412,0.05520531377168281,0.06223144461535153,2026-04-02,False,0.0,3.0593415307272243,3.0593415307272243,151.26,100,3.0593415307272243,96.94065846927278
U,1432342,229249,IS,NVDA,Will NVIDIA dip to $116 in March?,sell YES,0.0101014639071176,0.03613438719601056,-2.603292328889296,0.014052261687337447,0.01806719359800528,0.022082125508673126,2026-04-02,False,0.0,1.0101463907117627,1.0101463907117627,396.2,100,1.0101463907117627,98.98985360928823
U,657122,69118,IS,MSFT,Will Microsoft reach $585 in November?,sell YES,0.0646588191446408,0.052159806701329525,1.2499012443311281,0.014043024881127181,0.026079903350664763,0.038116781820202346,2025-11-28,False,0.0,6.4658819144640844,6.4658819144640844,965.91,100,6.4658819144640844,93.53411808553592
U,657125,69118,IS,MSFT,Will Microsoft dip to $540 in November?,sell YES,0.9663908769625368,1.0,-3.3609123037463218,0.6369514856796973,0.774874051476482,0.9127966172732669,2025-11-28,False,1.0,-3.3609123037463218,-3.3609123037463218,558.063029,100,-3.3609123037463218,3.3609123037463218
U,657128,69118,IS,MSFT,Will Microsoft dip to $488 in November?,sell YES,0.3,0.32499571867751476,-2.4995718677514764,0.10030732057947986,0.16249785933875738,0.2246883980980349,2025-11-28,False,1.0,-70.0,-70.0,15.70857,15.70857,-10.995999,10.995999
U,2074058,415424,IS,NVDA,Will NVIDIA (NVDA) hit (HIGH) $264 in May?,sell YES,0.0158050110351996,0.026079903350664787,-1.0274892315465185,0.004012292823179198,0.013039951675332393,0.02206761052748557,2026-05-29,False,0.0,1.5182802528744574,1.45605940222895,624.118071,100,1.5182802528744574,98.41949889648004
U,2074059,415424,IS,NVDA,Will NVIDIA (NVDA) hit (HIGH) $256 in May?,sell YES,0.0441411205073996,0.03009219617384394,1.404892433355566,0.008024585646358384,0.01504609808692197,0.022067610527485567,2026-05-29,False,0.0,4.245341322788958,4.076570594837955,151.36,100,4.245341322788958,95.58588794926004
U,2074061,415424,IS,NVDA,Will NVIDIA (NVDA) hit (HIGH) $240 in May?,sell YES,0.1172613491635382,0.0952919545505059,2.1969394613032294,0.04313214784917634,0.04764597727525295,0.05215980670132954,2026-05-29,False,0.0,11.312090415730284,10.898045915106744,102.116282,100,11.312090415730284,88.27386508364619
U,2074062,415424,IS,NVDA,Will NVIDIA (NVDA) hit (HIGH) $232 in May?,sell YES,0.16,0.1624978593387573,-0.24978593387572912,0.07021512440563588,0.08124892966937865,0.09228273493312146,2026-05-29,False,1.0,-84.5376,-85.0752,501.190475,100,-84.5376,84.0
U,2074063,415424,IS,NVDA,Will NVIDIA (NVDA) hit (HIGH) $224 in May?,sell YES,0.28,0.31697113303115637,-3.6971133031156347,0.14043024881127184,0.15848556651557819,0.17654088421988454,2026-05-29,False,1.0,-72.80640000000001,-73.6128,50.0,50.0,-36.403200000000005,36.0
U,2074064,415424,IS,NVDA,Will NVIDIA (NVDA) hit (HIGH) $216 in May?,sell YES,0.44,0.43733991772653213,0.26600822734678675,0.19459620192419097,0.21866995886326607,0.24274371580234125,2026-05-29,False,1.0,-56.98559999999999,-57.9712,42.81,42.81,-24.39553536,23.973600000000005
U,2074067,415424,IS,NVDA,Will NVIDIA (NVDA) hit (LOW) $192 in May?,sell YES,0.7844296788482835,0.752304904346099,3.212477450218454,0.3410448899702316,0.3761524521730495,0.4112600143758674,2026-05-29,False,0.0,77.76656885366731,77.09016982250625,18.06,18.06,14.044642334972316,3.8931999999999993
U,2074068,415424,IS,NVDA,Will NVIDIA (NVDA) hit (LOW) $184 in May?,sell YES,0.4964782096584216,0.46341982107719704,3.3058388581224563,0.21064537321690766,0.23170991053859852,0.2527744478602893,2026-05-29,False,0.0,48.64787057787101,47.64792018989984,152.82,100,48.64787057787101,50.35217903415784
U,2074070,415424,IS,NVDA,Will NVIDIA (NVDA) hit (LOW) $168 in May?,sell YES,0.1411999923852655,0.18255932345465328,-4.1359331069387775,0.08024585646358387,0.09127966172732664,0.10231346699106945,2026-05-29,False,0.0,13.634949020383887,13.14989880224122,633.94002,100,13.634949020383887,85.88000076147345
U,2074071,415424,IS,NVDA,Will NVIDIA (NVDA) hit (LOW) $160 in May?,sell YES,0.0982855760909604,0.1023134669910695,-0.40278909001090907,0.046141367466560744,0.05115673349553475,0.056172099524508724,2026-05-29,False,0.0,9.47405552260233,9.119553436108616,1809.745235,100,9.47405552260233,90.17144239090396
U,1432262,229251,IS,GOOGL,Will Google reach $420 in March?,sell YES,0.02,0.0030111989330008824,1.698880106699912,0.0,0.0015055994665004412,0.013048528709670486,2026-04-02,True,0.0,2.0000000000000018,2.0000000000000018,56.0,56.0,1.120000000000001,54.879999999999995
U,1432267,229251,IS,GOOGL,Will Google reach $395 in March?,sell YES,0.0247245017584994,0.012044795732003524,1.2679706026495878,0.0,0.006022397866001762,0.013048528709670486,2026-04-02,False,0.0,2.472450175849944,2.472450175849944,34.12,34.12,0.8436000000000008,33.276399999999995
U,1432344,229251,IS,GOOGL,Will Google dip to $240 in March?,sell YES,0.03,0.04215678506201235,-1.215678506201235,0.009033596799002647,0.021078392531006174,0.033123188263009695,2026-04-02,False,0.0,3.0000000000000027,3.0000000000000027,44.21,44.21,1.3263000000000011,42.8837
U,2350515,522290,IS,SPY,Will S&P 500 (SPY) hit (HIGH) $780 in June?,sell YES,0.3249414702530045,0.4064227672296469,-8.148129697664237,0.16557964590837476,0.20321138361482344,0.24084312132127234,2026-06-30,False,0.0,31.61672898064917,30.73931093599789,64.07,64.07,20.256838257901922,43.25100000089
U,2350518,522290,IS,SPY,Will S&P 500 (SPY) hit (HIGH) $750 in June?,sell YES,0.9177142857142858,1.0,-8.228571428571419,0.5920726732481277,0.6823888437436046,0.7727050142390826,2026-06-30,False,1.0,-8.530630530612237,-8.832689632653047,35.0,35.0,-2.985720685714283,2.8799999999999963
U,2350519,522290,IS,SPY,Will S&P 500 (SPY) hit (LOW) $740 in June?,sell YES,0.5776000083865559,0.4365281573948057,14.107185099175018,0.17561477596342756,0.21826407869740286,0.2609133814313786,2026-06-30,False,1.0,-43.215912116138036,-44.19182507093167,52.083332,52.083332,-22.508286984276396,21.999999000000223
U,2350520,522290,IS,SPY,Will S&P 500 (SPY) hit (LOW) $730 in June?,sell YES,0.37,0.29101877159653744,7.898122840346256,0.11540399563310988,0.14550938579826872,0.17561477596342778,2026-06-30,False,1.0,-63.9324,-64.8648,502.5873,100,-63.9324,63.0
U,2350521,522290,IS,SPY,Will S&P 500 (SPY) hit (LOW) $720 in June?,sell YES,0.0899999999999999,0.18564990601848036,-9.564990601848047,0.06522834535784454,0.09282495300924018,0.12042156066063606,2026-06-30,False,0.0,8.672399999999996,8.344799999999996,1.0989,1.0989,0.09530100359999995,0.9999990000000002
U,2350522,522290,IS,SPY,Will S&P 500 (SPY) hit (LOW) $710 in June?,sell YES,0.0351654110587157,0.13045669071568952,-9.52912796569738,0.04515808524773872,0.06522834535784476,0.08529860546795058,2026-06-30,False,0.0,3.3808258861764293,3.245110666481279,55.947391,55.947391,1.891483877568342,53.97997799782231
U,2350525,522290,IS,SPY,Will S&P 500 (SPY) hit (LOW) $680 in June?,sell YES,0.01,0.04515808524773872,-3.5158085247738717,0.010035130055053023,0.02257904262386936,0.03512295519268558,2026-06-30,False,0.0,0.9604000000000008,0.9208000000000008,5.0,5.0,0.04802000000000004,4.95
U,1262890,186962,IS,PLTR,Will Palantir dip to $168 in February?,sell YES,0.9181904068352024,1.0,-8.180959316479763,0.7422741722881508,0.812489296693787,0.8827044210994232,2026-02-27,False,1.0,-8.180959316479763,-8.180959316479763,733.409539,100,-8.180959316479763,8.180959316479763
U,1262892,186962,IS,PLTR,Will Palantir dip to $156 in February?,sell YES,0.9150264551328842,1.0,-8.497354486711583,0.6319361196507228,0.6820897799404627,0.7322434402302027,2026-02-27,False,1.0,-8.497354486711583,-8.497354486711583,71.559013,71.559013,-6.080623001802024,6.080623001802024
U,1262893,186962,IS,PLTR,Will Palantir dip to $147 in February?,sell YES,0.9436204146730462,1.0,-5.637958532695375,0.4915058708394515,0.5366441651002174,0.5817824593609833,2026-02-27,False,1.0,-5.637958532695375,-5.637958532695375,112.86,100,-5.637958532695375,5.637958532695375
U,2236209,148013,IS,SPX,"Will S&P 500 (SPX) hit $7,100 (LOW) in June?",sell YES,0.6418723501150918,0.321617223549599,32.02551265654928,0.04020215294369916,0.1608086117747995,0.2814150706058998,2026-06-30,False,0.0,63.2677460664179,62.34825712132661,483.51,100,63.26774606641791,35.81276498849082
U,2236210,148013,IS,SPX,"Will S&P 500 (SPX) hit $6,900 (LOW) in June?",sell YES,0.38,0.19096022648257563,18.903977351742437,0.0,0.09548011324128781,0.2311623794262748,2026-06-30,False,0.0,37.0576,36.1152,86.0,86.0,31.869536000000004,53.32
U,2236211,148013,IS,SPX,"Will S&P 500 (SPX) hit $6,700 (LOW) in June?",sell YES,0.1999999999999999,0.12060645883110033,7.939354116889957,0.0,0.060303229415550164,0.16080861177480021,2026-06-30,False,0.0,19.359999999999996,18.719999999999995,7.49,7.49,1.4500639999999998,5.992000000000001
U,2677812,631910,OOS,SPY,Will S&P 500 (SPY) hit (LOW) $710 in July?,sell YES,0.4,0.3965179778224612,0.3482022177538846,0.13049958763777178,0.1982589889112306,0.2660183901846889,2026-07-31,False,0.0,39.04,38.080000000000005,5.0,5.0,1.952,3.0
U,657105,69117,IS,AAPL,Will Apple reach $332 in November?,sell YES,0.05,0.004012292823179195,4.598770717682081,0.0,0.0020061464115895974,0.006018439234768792,2025-11-28,False,0.0,5.000000000000004,5.000000000000004,75.0,75.0,3.7500000000000036,71.25
U,657107,69117,IS,AAPL,Will Apple reach $300 in November?,sell YES,0.1,0.09027658852153186,0.9723411478468141,0.039119855025997144,0.04513829426076593,0.05115673349553473,2025-11-28,False,0.0,10.0,10.0,7.14,7.14,0.714,6.426
U,657109,69117,IS,AAPL,Will Apple reach $280 in November?,sell YES,0.61,0.5807793861551883,2.922061384481167,0.2698266923588008,0.29038969307759416,0.3109526937963875,2025-11-28,False,1.0,-39.0,-39.0,5.0,5.0,-1.95,1.9500000000000002
U,657112,69117,IS,AAPL,Will Apple dip to $256 in November?,sell YES,0.41,0.39119855025997147,1.8801449740028509,0.16249785933875738,0.19559927512998573,0.228700690921214,2025-11-28,False,0.0,41.0,41.0,25.42,25.42,10.4222,14.997800000000003
U,657113,69117,IS,AAPL,Will Apple dip to $248 in November?,sell YES,0.23,0.1464486880460407,8.355131195395932,0.05817824593609833,0.07322434402302035,0.08827044210994228,2025-11-28,False,0.0,23.0,23.0,50.0,50.0,11.5,38.5
U,657114,69117,IS,AAPL,Will Apple dip to $236 in November?,sell YES,0.176883366510417,0.052159806701329525,12.472355980908748,0.018055317704306368,0.026079903350664763,0.03410448899702315,2025-11-28,False,0.0,17.68833665104171,17.68833665104171,160.429511,100,17.68833665104171,82.31166334895829
U,657115,69117,IS,AAPL,Will Apple dip to $224 in November?,sell YES,0.1200366633095045,0.016049171292716793,10.39874920167877,0.002006146411589599,0.008024585646358396,0.014043024881127181,2025-11-28,False,0.0,12.00366633095046,12.00366633095046,464.5789,100,12.00366633095046,87.99633366904955
U,657116,69117,IS,AAPL,Will Apple dip to $208 in November?,sell YES,0.0499549676810485,0.006018439234768792,4.393652844627971,0.0,0.003009219617384396,0.008024585646358388,2025-11-28,False,0.0,4.995496768104854,4.995496768104854,231.31165,100,4.995496768104854,95.00450323189516
U,694387,86622,IS,NVDA,Will NVIDIA (NVDA) hit $260 before 2026??,sell YES,0.0069945559808326,0.014064586880440717,-0.7070030899608117,0.0040184533944116335,0.007032293440220359,0.010046133486029084,2026-01-02,False,0.0,0.6994555980832683,0.6994555980832683,30156.02,100,0.6994555980832683,99.30054440191674
U,694388,86622,IS,NVDA,Will NVIDIA (NVDA) hit $245 before 2026??,sell YES,0.02,0.03214762715529306,-1.2147627155293061,0.012055360183234899,0.01607381357764653,0.020092266972058168,2026-01-02,False,0.0,2.0000000000000018,2.0000000000000018,3.0612,3.0612,0.06122400000000005,2.9999759999999998
U,694389,86622,IS,NVDA,Will NVIDIA (NVDA) hit $230 before 2026??,sell YES,0.0699999999999999,0.07936445453962976,-0.9364454539629863,0.034156853852498885,0.03968222726981488,0.04520760068713087,2026-01-02,False,0.0,6.9999999999999964,6.9999999999999964,300.0,100,6.9999999999999964,93.00000000000001
U,694390,86622,IS,NVDA,Will NVIDIA (NVDA) hit $215 before 2026??,sell YES,0.2099999999999999,0.20695034981219906,0.30496501878008453,0.0944336547686734,0.10347517490609953,0.11251669504352574,2026-01-02,False,0.0,20.999999999999993,20.999999999999993,110.0,100,20.99999999999999,79.0
U,694391,86622,IS,NVDA,Will NVIDIA (NVDA) hit $200 before 2026??,sell YES,0.47,0.48723747407241047,-1.7237474072410497,0.2260380034356544,0.24361873703620524,0.2611994706367561,2026-01-02,False,0.0,47.0,47.0,150.0,100,47.0,53.0
U,694392,86622,IS,NVDA,Will NVIDIA (NVDA) hit $190 before 2026??,sell YES,0.7200000064426131,0.7534600114521812,-3.346000500956814,0.35161467201101787,0.3767300057260906,0.4018453394411633,2026-01-02,False,1.0,-27.99999935573869,-27.99999935573869,168.035711,100,-27.99999935573869,27.99999935573869
U,694393,86622,IS,NVDA,Will NVIDIA (NVDA) hit $185 before 2026??,sell YES,0.86,0.9041520137426176,-4.415201374261757,0.4219376064132215,0.4520760068713088,0.4822144073293959,2026-01-02,False,1.0,-14.000000000000002,-14.000000000000002,150.0,100,-14.000000000000002,14.000000000000002
U,694397,86622,IS,NVDA,Will NVIDIA (NVDA) hit $165 before 2026??,sell YES,0.49,0.5726296087036576,-8.262960870365765,0.27124560412278526,0.2863148043518288,0.30138400458087244,2026-01-02,False,0.0,49.0,49.0,220.0,100,49.0,51.0
U,694398,86622,IS,NVDA,Will NVIDIA (NVDA) hit $160 before 2026??,sell YES,0.420000002,0.46212214035733773,-4.212213835733775,0.21599186994962521,0.23106107017866886,0.24613027040771254,2026-01-02,False,0.0,42.000000199999995,42.000000199999995,51.206895,51.206895,21.506896002413786,29.699998997586214
U,694399,86622,IS,NVDA,Will NVIDIA (NVDA) hit $145 before 2026??,sell YES,0.1814597764096237,0.22302416338984557,-4.1564386980221855,0.10347517490609953,0.11151208169492278,0.11954898848374608,2026-01-02,False,0.0,18.145977640962375,18.145977640962375,743.47,100,18.145977640962375,81.85402235903763
U,657244,69127,IS,RKLB,Will Rocket Lab reach $108 in November?,sell YES,0.1001952277658113,0.15246712728080938,-5.227189951499808,0.0,0.07623356364040469,0.2607990335066476,2025-11-28,False,0.0,10.01952277658114,10.01952277658114,2561.11111,100,10.01952277658114,89.98047722341886
U,694401,86623,IS,GOOGL,Will Google (GOOGL) hit $375 before 2026??,sell YES,0.05,0.0,5.0,0.0,0.0,0.07233216109940939,2026-01-02,False,0.0,5.000000000000001,5.000000000000001,40.03156,40.03156,2.0015780000000003,38.029982
U,694402,86623,IS,GOOGL,Will Google (GOOGL) hit $355 before 2026??,sell YES,0.1400000108,0.1346181887127897,0.5381822087210303,0.002009226697205818,0.06730909435639484,0.13260896201558386,2026-01-02,False,0.0,14.000001080000002,14.000001080000002,11.081392,11.081392,1.5513949996790337,9.529997000320966
U,694403,86623,IS,GOOGL,Will Google (GOOGL) hit $345 before 2026??,sell YES,0.2200000082,0.08941058802565885,13.058942017434116,0.0,0.044705294012829425,0.18083040274852347,2026-01-02,False,0.0,22.00000082,22.00000082,36.653835,36.653835,8.063844000561447,28.589990999438555
U,694404,86623,IS,GOOGL,Will Google (GOOGL) hit $335 before 2026??,sell YES,0.3400000000901007,0.43700680664226504,-9.700680655216438,0.08539213463124722,0.21850340332113252,0.3516146720110178,2026-01-02,False,0.0,34.00000000901007,34.00000000901007,181.984847,100,34.00000000901007,65.99999999098993
U,694405,86623,IS,GOOGL,Will Google (GOOGL) hit $320 before 2026??,sell YES,0.5900000033105552,0.5826757421896869,0.732426112086837,0.1908765362345525,0.29133787109484344,0.39179920595513423,2026-01-02,False,1.0,-40.99999966894448,-40.99999966894448,326.268288,100,-40.99999966894448,40.999999668944476
U,657216,69125,IS,PLTR,Will Palantir reach $264 in November?,sell YES,0.0969696969696969,0.134411809576503,-3.7442112606806104,0.03811678182020233,0.0672059047882515,0.09629502775630067,2025-11-28,False,0.0,9.696969696969695,9.696969696969695,1650.0,100,9.696969696969695,90.30303030303031
U,657223,69125,IS,PLTR,Will Palantir dip to $198 in November?,sell YES,0.9,0.9328580813891632,-3.285808138916313,0.38116781820202356,0.4664290406945816,0.5516902631871392,2025-11-28,False,1.0,-9.999999999999998,-9.999999999999998,50.0,50.0,-4.999999999999999,4.999999999999999
U,657224,69125,IS,PLTR,Will Palantir dip to $192 in November?,sell YES,0.8,0.8827044210994232,-8.27044210994231,0.3611063540861276,0.4413522105497116,0.5215980670132951,2025-11-28,False,1.0,-19.999999999999996,-19.999999999999996,50.0,50.0,-9.999999999999998,9.999999999999998
U,657226,69125,IS,PLTR,Will Palantir dip to $177 in November?,sell YES,0.3100000032,0.5215980670132951,-21.159806381329517,0.21064537321690766,0.26079903350664757,0.3109526937963875,2025-11-28,False,1.0,-68.99999968,-68.99999968,72.463767,72.463767,-49.999998998115956,49.99999899811595
U,657228,69125,IS,PLTR,Will Palantir dip to $156 in November?,sell YES,0.1099999999999999,0.21064537321690785,-10.064537321690795,0.07422741722881512,0.10532268660845392,0.13641795598809264,2025-11-28,False,1.0,-89.0,-89.0,5.0,5.0,-4.45,4.450000000000001
U,1016025,122439,IS,TSLA,Will Tesla reach $608 in January?,sell YES,0.06,0.11042272800119136,-5.042272800119137,0.020076859636580305,0.05521136400059568,0.09034586836461124,2026-01-30,False,0.0,6.000000000000005,6.000000000000005,27.73,27.73,1.6638000000000013,26.0662
U,1016027,122439,IS,TSLA,Will Tesla reach $548 in January?,sell YES,0.2302857142857142,0.3011528945487043,-7.08671802629901,0.11042272800119173,0.15057644727435215,0.1907301665475126,2026-01-30,False,0.0,23.028571428571425,23.028571428571425,175.0,100,23.028571428571425,76.97142857142858
U,1016031,122439,IS,TSLA,Will Tesla dip to $480 in January?,sell YES,0.9400000110399996,1.0,-5.9999988960000366,0.5119599207327975,0.5496040325513851,0.5872481443699735,2026-01-30,False,1.0,-5.9999988960000366,-5.9999988960000366,83.333332,83.333332,-4.999999000000045,4.999999000000045
U,1322353,196998,IS,SPX,"Will S&P 500 (SPX) hit $7,350 (HIGH) in February 2026?",sell YES,0.0402028986,0.012528800250590813,2.767409834940919,0.0,0.006264400125295407,0.015034560300708972,2026-02-27,False,0.0,4.020289860000004,4.020289860000004,69.0,69.0,2.7740000034000025,66.2259999966
U,1322354,196998,IS,SPX,"Will S&P 500 (SPX) hit $7,200 (HIGH) in February 2026?",sell YES,0.1979999999999999,0.17039168340803518,2.760831659196472,0.050115201002363254,0.08519584170401759,0.12027648240567182,2026-02-27,False,0.0,19.799999999999997,19.799999999999997,170.0,100,19.799999999999997,80.2
U,1322355,196998,IS,SPX,"Will S&P 500 (SPX) hit $7,100 (HIGH) in February 2026?",sell YES,0.4094525387058366,0.5913593718278862,-18.190683312204964,0.23052992461087105,0.2956796859139431,0.36082944721701554,2026-02-27,False,0.0,40.94525387058366,40.94525387058366,440.246407,100,40.94525387058366,59.054746129416344
U,1322356,196998,IS,SPX,"Will S&P 500 (SPX) hit $7,040 (HIGH) in February 2026?",sell YES,0.6257854769814902,0.8920505778420651,-26.626510086057486,0.37085248741748766,0.44602528892103255,0.5211980904245781,2026-02-27,False,0.0,62.57854769814902,62.57854769814902,21.07,21.07,13.1853,7.884700000000001
U,1322357,196998,IS,SPX,"Will S&P 500 (SPX) hit $7,000 (HIGH) in February 2026?",sell YES,0.7,1.0,-30.000000000000004,0.40092160801890603,0.5111750502241046,0.6214284924293039,2026-02-27,False,0.0,70.0,70.0,6.88,6.88,4.816,2.064
U,1322360,196998,IS,SPX,"Will S&P 500 (SPX) hit $6,750 (LOW) in February 2026?",sell YES,0.4387096786680541,0.34078336681606924,9.792631185198486,0.08018432160378092,0.17039168340803462,0.2605990452122883,2026-02-27,False,0.0,43.87096786680541,43.87096786680541,51.666665,51.666665,22.666665999999996,28.999999000000003
U,1322363,196998,IS,SPX,"Will S&P 500 (SPX) hit $6,500 (LOW) in February 2026?",sell YES,0.1936778087825345,0.1202764824056721,7.3401326376862395,0.0,0.06013824120283605,0.13029952260614452,2026-02-27,False,0.0,19.367780878253456,19.367780878253456,329.68,100,19.367780878253456,80.63221912174654
U,1432269,229254,IS,AMZN,Will Amazon reach $260 in March?,sell YES,0.04,0.02107839253100617,1.892160746899383,0.007026130843668722,0.010539196265503085,0.014052261687337447,2026-04-02,False,0.0,4.0000000000000036,4.0000000000000036,12.0,12.0,0.4800000000000004,11.52
U,1432338,229254,IS,AMZN,Will Amazon dip to $132 in March?,sell YES,0.015,0.006022397866001762,0.8977602133998237,0.0,0.003011198933000881,0.008029863821335683,2026-04-02,False,0.0,1.500000000000001,1.500000000000001,29.38,29.38,0.4407000000000003,28.9393
U,1262843,186955,IS,NVDA,Will NVIDIA reach $272 in February?,sell YES,0.0101230788454329,0.004012292823179195,0.6110786022253705,0.001003073205794798,0.0020061464115895974,0.0030092196173843963,2026-02-27,False,0.0,1.0123078845432971,1.0123078845432971,200.075,100,1.0123078845432971,98.98769211545671
U,1262844,186955,IS,NVDA,Will NVIDIA reach $252 in February?,sell YES,0.2904651162790697,0.012036878469537594,27.842823780953207,0.002006146411589599,0.006018439234768797,0.010030732057947987,2026-02-27,False,0.0,29.046511627906973,29.046511627906973,129.0,100,29.046511627906977,70.95348837209303
U,1262846,186955,IS,NVDA,Will NVIDIA reach $220 in February?,sell YES,0.1899999999999999,0.21365459283429214,-2.365459283429225,0.10231346699106945,0.10682729641714607,0.11134112584322263,2026-02-27,False,0.0,18.999999999999996,18.999999999999996,5.6,5.6,1.0639999999999998,4.536
U,1262848,186955,IS,NVDA,Will NVIDIA reach $200 in February?,sell YES,0.6999635943790428,0.752304904346099,-5.2341309967056215,0.36110635408612746,0.3761524521730495,0.39119855025997147,2026-02-27,False,0.0,69.99635943790427,69.99635943790427,1410.282856,100,69.99635943790427,30.003640562095725
U,1262849,186955,IS,NVDA,Will NVIDIA reach $192 in February?,sell YES,0.7987580624034849,1.0,-20.12419375965151,0.47144440672355525,0.5115673349553472,0.5516902631871392,2026-02-27,False,1.0,-20.12419375965151,-20.12419375965151,534.89,100,-20.12419375965151,20.12419375965151
U,1262850,186955,IS,NVDA,Will NVIDIA dip to $184 in February?,sell YES,0.8200001296,0.6620283158245672,15.797181377543279,0.30092196173843955,0.3310141579122836,0.3611063540861276,2026-02-27,False,1.0,-17.999987039999997,-17.999987039999997,5.555554,5.555554,-0.9999990000002015,0.9999990000002015
U,2074044,415423,IS,TSLA,"Will Tesla, Inc. (TSLA) hit (HIGH) $480 in May?",sell YES,0.0855055412913712,0.0611874655534827,2.4318075737888494,0.022067610527485567,0.03059373277674135,0.039119855025997144,2026-05-29,False,0.0,8.237776754337764,7.924999379538401,249.34253,100,8.237776754337764,91.44944587086287
U,2074045,415423,IS,TSLA,"Will Tesla, Inc. (TSLA) hit (HIGH) $465 in May?",sell YES,0.1478976653563674,0.09930424737368508,4.859341798268231,0.04112600143758673,0.04965212368684254,0.05817824593609833,2026-05-29,False,0.0,14.285670751882732,13.78157496812872,482.26718,100,14.28567075188273,85.21023346436326
U,2074046,415423,IS,TSLA,"Will Tesla, Inc. (TSLA) hit (HIGH) $450 in May?",sell YES,0.1999999999999999,0.17754395742567938,2.245604257432052,0.07924278325778909,0.08877197871283969,0.09830117416789026,2026-05-29,False,1.0,-80.64,-81.28,1.25,1.25,-1.008,1.0
U,2074048,415423,IS,TSLA,"Will Tesla, Inc. (TSLA) hit (HIGH) $420 in May?",sell YES,0.5400000405000001,0.47144440672355525,6.85556337764448,0.21566073924588172,0.23572220336177763,0.2557836674776736,2026-05-29,False,1.0,-46.99359593703999,-47.987195924079984,10.869564,10.869564,-5.107998986277962,4.999998999782657
U,2074049,415423,IS,TSLA,"Will Tesla, Inc. (TSLA) hit (HIGH) $405 in May?",sell YES,0.7364553314121037,0.7121819761143071,2.4273355297796617,0.3360295239412575,0.35609098805715356,0.3761524521730495,2026-05-29,False,1.0,-27.130822363776797,-27.907177868763966,10.41,10.41,-2.8243186080691647,2.7435
U,2074051,415423,IS,TSLA,"Will Tesla, Inc. (TSLA) hit (LOW) $375 in May?",sell YES,0.7078856533196453,0.702151244056359,0.5734409263286278,0.33101415791228345,0.3510756220281795,0.3711370861440756,2026-05-29,False,0.0,69.96143111138907,69.1342968908136,239.632181,100,69.96143111138907,29.211434668035473
U,2074054,415423,IS,TSLA,"Will Tesla, Inc. (TSLA) hit (LOW) $330 in May?",sell YES,0.1700000012482272,0.13140258995911858,3.8597411289108625,0.059181319141893104,0.06570129497955929,0.0722212708172255,2026-05-29,False,0.0,16.4356001215274,15.871200118232082,88.12481700000001,88.12481700000001,14.4838425299478,73.14359800000021
U,2074056,415423,IS,TSLA,"Will Tesla, Inc. (TSLA) hit (LOW) $300 in May?",sell YES,0.0618080090258554,0.03310141579122836,2.8706593234627036,0.013039951675332381,0.01655070789561418,0.020061464115895968,2026-05-29,False,0.0,5.948849786401088,5.716898670216628,145.410314,100,5.948849786401087,93.81919909741447
U,2264476,415423,IS,TSLA,"Will Tesla, Inc. (TSLA) hit (LOW) $390 in May?",sell YES,0.38,0.31047598148146704,6.9524018518532955,0.11617810919951665,0.15523799074073352,0.19429787228195028,2026-05-29,False,0.0,37.0576,36.1152,10.0,10.0,3.70576,6.2
U,2278809,415423,IS,TSLA,"Will Tesla, Inc. (TSLA) hit (HIGH) $450 in May?",sell YES,0.2916002320000075,0.22817497121325456,6.342526078675295,0.10407981143060734,0.11408748560662728,0.12409515978264724,2026-05-29,False,0.0,28.333745053210556,27.50746690642036,382.590162,100,28.333745053210556,70.83997679999925
U,1262783,186942,IS,GOOGL,Will Google reach $430 in February?,sell YES,0.0157298207531416,0.026079903350664763,-1.0350082597523163,0.006018439234768792,0.013039951675332381,0.020061464115895974,2026-02-27,False,0.0,1.5729820753141623,1.5729820753141623,348.9898,100,1.5729820753141623,98.42701792468584
U,1262785,186942,IS,GOOGL,Will Google reach $385 in February?,sell YES,0.2036129032258064,0.18356239666044816,2.0050506565358255,0.0772366368461995,0.09178119833022408,0.10632575981424867,2026-02-27,False,0.0,20.36129032258064,20.36129032258064,155.0,100,20.36129032258064,79.63870967741936
U,1262786,186942,IS,GOOGL,Will Google reach $365 in February?,sell YES,0.4693376619541535,0.43633684452073734,3.3000817433416154,0.19058390910101167,0.21816842226036867,0.24575293541972568,2026-02-27,False,0.0,46.93376619541535,46.93376619541535,75.754383,75.754383,35.55438499999948,40.19999800000053
U,1262787,186942,IS,GOOGL,Will Google reach $350 in February?,sell YES,0.72,0.7422741722881508,-2.2274172288150873,0.3360295239412575,0.3711370861440754,0.4062446483468934,2026-02-27,False,0.0,72.0,72.0,80.0,80.0,57.6,22.400000000000002
U,1262790,186942,IS,GOOGL,Will Google dip to $320 in February?,sell YES,0.5787500000000001,0.5867978253899573,-0.8047825389957186,0.26079903350664757,0.29339891269497864,0.32599879188330955,2026-02-27,False,1.0,-42.12499999999999,-42.12499999999999,160.0,100,-42.12499999999999,42.12499999999999
U,1262792,186942,IS,GOOGL,Will Google dip to $300 in February?,sell YES,0.28,0.2648113263298268,1.5188673670173236,0.1163564918721966,0.1324056631649134,0.1484548344576302,2026-02-27,False,1.0,-72.0,-72.0,70.0,70.0,-50.4,50.4
U,1262793,186942,IS,GOOGL,Will Google dip to $285 in February?,sell YES,0.0701038095428571,0.12036878469537582,-5.026497515251872,0.05015366028973993,0.06018439234768791,0.07021512440563589,2026-02-27,False,0.0,7.010380954285714,7.010380954285714,105.0,100,7.010380954285714,92.98961904571429
U,1262795,186942,IS,GOOGL,Will Google dip to $250 in February?,sell YES,0.0185750411431782,0.024073756939075167,-0.5498715795896968,0.004012292823179198,0.012036878469537583,0.02006146411589597,2026-02-27,False,0.0,1.857504114317828,1.857504114317828,249.13,100,1.857504114317828,98.14249588568218
U,1432261,229253,IS,TSLA,Will Tesla reach $570 in March?,sell YES,0.0110000009999999,0.008029863821335685,0.2970137178664215,0.0,0.004014931910667843,0.00903359679900264,2026-04-02,False,0.0,1.100000099999998,1.100000099999998,5.055545,5.055545,0.055611000055544896,4.999933999944456
U,1432266,229253,IS,TSLA,Will Tesla reach $533 in March?,sell YES,0.0357894736842105,0.018067193598005304,1.77222800862052,0.0,0.009033596799002652,0.022082125508673136,2026-04-02,False,0.0,3.5789473684210553,3.5789473684210553,38.0,38.0,1.3600000000000012,36.64
U,1432270,229253,IS,TSLA,Will Tesla reach $503 in March?,sell YES,0.0449474575161338,0.06223144461535147,-1.728398709921767,0.016059727642671336,0.031115722307675734,0.046171716972680174,2026-04-02,False,0.0,4.494745751613385,4.494745751613385,10.308325,10.308325,0.46333300000000044,9.844992
U,1432296,229253,IS,TSLA,Will Tesla dip to $405 in March?,sell YES,0.9472796118670394,1.0,-5.272038813296065,0.4566985048384667,0.5018664888334802,0.5470344728284937,2026-04-02,False,1.0,-5.272038813296065,-5.272038813296065,81.56461200000001,81.56461200000001,-4.300118002554341,4.30011800255434
U,1432303,229253,IS,TSLA,Will Tesla dip to $390 in March?,sell YES,0.91,0.7427624034735506,16.723759652644944,0.3362505475184317,0.3713812017367753,0.406511855955119,2026-04-02,False,1.0,-8.999999999999996,-8.999999999999996,10.62,10.62,-0.9557999999999995,0.9557999999999996
U,1432329,229253,IS,TSLA,Will Tesla dip to $353 in March?,sell YES,0.1743976350682763,0.2910825635234187,-11.668492845514242,0.10037329776669604,0.14554128176170936,0.1907092657567225,2026-04-02,False,1.0,-82.56023649317237,-82.56023649317237,9.70176,9.70176,-8.009796,8.009796
U,1432341,229253,IS,TSLA,Will Tesla dip to $300 in March?,sell YES,0.0506691449814126,0.06825384248135333,-1.7584697499940725,0.02609705741934097,0.034126921240676664,0.04215678506201235,2026-04-02,False,0.0,5.0669144981412675,5.0669144981412675,21.52,21.52,1.0904000000000007,20.4296
U,2074089,415426,IS,PLTR,Will Palantir Technologies Inc. (PLTR) hit (HIGH) $162 in May?,sell YES,0.4556074766,0.44135221054971124,1.4255266050288762,0.10030732057948004,0.22067610527485562,0.34104488997023136,2026-05-29,False,0.0,44.56863044453528,43.57651322907056,107.0,100,44.56863044453528,54.439252339999996
U,2074091,415426,IS,PLTR,Will Palantir Technologies Inc. (PLTR) hit (HIGH) $150 in May?,sell YES,0.78,0.7021512440563589,7.784875594364116,0.1862850239333196,0.35107562202817943,0.5158662201230395,2026-05-29,False,1.0,-22.686399999999995,-23.37279999999999,5.0,5.0,-1.1343199999999998,1.0999999999999999
U,1262804,186945,IS,META,Will Meta reach $770 in February?,sell YES,0.31,0.3360295239412577,-2.602952394125768,0.10030732057947986,0.16801476197062884,0.2357222033617777,2026-02-27,False,0.0,31.000000000000007,31.000000000000007,20.0,20.0,6.200000000000001,13.799999999999999
U,1262805,186945,IS,META,Will Meta reach $730 in February?,sell YES,0.905,0.8375661268386569,6.743387316134308,0.29590659570946554,0.41878306341932847,0.5416595311291913,2026-02-27,False,0.0,90.5,90.5,40.0,40.0,36.2,3.799999999999999
U,1262806,186945,IS,META,Will Meta reach $700 in February?,sell YES,0.952,1.0,-4.800000000000004,0.4062446483468935,0.5842901423754705,0.7623356364040471,2026-02-27,False,1.0,-4.800000000000004,-4.800000000000004,14.0,14.0,-0.6720000000000006,0.6720000000000006
U,1262809,186945,IS,META,Will Meta dip to $640 in February?,sell YES,0.21,0.17152551819091055,3.847448180908944,0.04513829426076595,0.08576275909545528,0.1263872239301446,2026-02-27,False,1.0,-79.0,-79.0,26.92,26.92,-21.266800000000003,21.266800000000003
U,1262811,186945,IS,META,Will Meta dip to $600 in February?,sell YES,0.08,0.0531628799071243,2.6837120092875697,0.012036878469537571,0.02658143995356215,0.041126001437586754,2026-02-27,False,0.0,8.0,8.0,32.0,32.0,2.56,29.44
U,2135258,439134,IS,SPY,Will S&P 500 (SPY) hit (LOW) $715 Week of May 4 2026?,sell YES,0.4500000367,0.4903760346249773,-4.037599792497732,0.2151649947844288,0.24518801731248865,0.2752110398405485,2026-05-08,False,0.0,44.010003655320006,43.020003640640006,10.909088,10.909088,4.8010900275620765,5.999997999636471
U,2135259,439134,IS,SPY,Will S&P 500 (SPY) hit (LOW) $710 Week of May 4 2026?,sell YES,0.1999999999999999,0.32024557363263795,-12.024557363263805,0.13009976428825923,0.16012278681631897,0.19014580934437883,2026-05-08,False,0.0,19.359999999999996,18.719999999999995,6.25,6.25,1.2099999999999997,5.0
U,1432292,229245,IS,NFLX,Will Netflix reach $105 in March?,sell YES,0.5,0.5077190748177616,-0.7719074817761573,0.12064611678837901,0.2538595374088808,0.38707295802938235,2026-04-17,False,0.0,50.0,50.0,5.0,5.0,2.5,2.5
U,1432302,229245,IS,NFLX,Will Netflix dip to $35 in March?,sell YES,0.0165678124692209,0.0,1.65678124692209,0.0,0.0,0.004021537226279297,2026-04-17,True,0.0,1.656781246922092,1.656781246922092,101.53,100,1.656781246922092,98.3432187530779
U,2073979,415417,IS,GOOGL,Will Alphabet Inc. (GOOGL) hit (HIGH) $410 in May?,sell YES,0.449813126694976,0.4614136746656074,-1.1600547970631425,0.18556854307203774,0.2307068373328037,0.27584513159356955,2026-05-29,False,0.0,43.99138755850614,43.00146244751468,974.988105,100,43.99138755850614,55.0186873305024
U,2073982,415417,IS,GOOGL,Will Alphabet Inc. (GOOGL) hit (HIGH) $400 in May?,sell YES,0.6216666666666667,0.6269207536217491,-0.5254086955082449,0.2407375693907517,0.3134603768108746,0.3861831842309975,2026-05-29,False,1.0,-38.77412222222222,-39.71491111111111,600.0,100,-38.77412222222222,37.83333333333333
U,2264680,415417,IS,GOOGL,Will Alphabet Inc. (GOOGL) hit (LOW) $380 in May?,sell YES,0.4483187999458916,0.43066023237751827,1.7658567568373307,0.08012283393070112,0.21533011618875914,0.35053739844681736,2026-05-29,False,1.0,-56.1574362196547,-57.14675243389857,335.33858499999997,100,-56.1574362196547,55.16812000541085
U,1262828,186950,IS,TSLA,Will Tesla reach $480 in February?,sell YES,0.3400000396,0.3460602559992054,-0.6060216399205398,0.15046098086921977,0.1730301279996027,0.19559927512998565,2026-02-27,False,0.0,34.00000396,34.00000396,7.575755,7.575755,2.575756999999898,4.999998000000102
U,1262830,186950,IS,TSLA,Will Tesla reach $450 in February?,sell YES,0.6632203389830509,0.7222127081722552,-5.899236918920437,0.32098342585433565,0.3611063540861276,0.40122928231791943,2026-02-27,False,0.0,66.3220338983051,66.3220338983051,59.0,59.0,39.13,19.869999999999997
U,1262831,186950,IS,TSLA,Will Tesla dip to $435 in February?,sell YES,0.952,1.0,-4.800000000000004,0.4915058708394512,0.5341364820857298,0.5767670933320092,2026-02-27,False,1.0,-4.800000000000004,-4.800000000000004,4.32,4.32,-0.20736000000000018,0.2073600000000002
U,1262834,186950,IS,TSLA,Will Tesla dip to $383 in February?,sell YES,0.36,0.28086049762254367,7.913950237745632,0.0902765885215319,0.14043024881127184,0.19058390910101167,2026-02-27,False,0.0,36.0,36.0,25.0,25.0,9.0,16.0
U,1262837,186950,IS,TSLA,Will Tesla dip to $293 in February?,sell YES,0.03,0.014043024881127193,1.5956975118872805,0.0,0.007021512440563597,0.01604917129271677,2026-02-27,False,0.0,3.0000000000000027,3.0000000000000027,107.9,100,3.0000000000000027,97.0
U,2074156,415431,IS,HOOD,"Will Robinhood Markets, Inc. (HOOD) hit (HIGH) $115 in May?",sell YES,0.0233356808191098,0.0,2.33356808191098,0.0,0.0,0.018571095163836766,2026-06-05,True,0.0,2.24240357463171,2.1512390673524364,492.73,100,2.24240357463171,97.66643191808903
U,2074157,415431,IS,HOOD,"Will Robinhood Markets, Inc. (HOOD) hit (HIGH) $110 in May?",sell YES,0.0703581599225694,0.12092604758748406,-5.056788766491466,0.0,0.06046302379374203,0.12872772807699917,2026-05-29,False,0.0,6.774184435237424,6.512552878217905,174.69263,100,6.774184435237425,92.96418400774306
U,2074158,415431,IS,HOOD,"Will Robinhood Markets, Inc. (HOOD) hit (HIGH) $105 in May?",sell YES,0.0879999999999999,0.12092604758748406,-3.292604758748416,0.0,0.06046302379374203,0.12872772807699917,2026-05-29,False,0.0,8.478975999999996,8.157951999999998,68.59,68.59,5.815729638399997,62.55408000000001
U,2074162,415431,IS,HOOD,"Will Robinhood Markets, Inc. (HOOD) hit (HIGH) $85 in May?",sell YES,0.3599576797201219,0.27082976556459565,8.912791415552624,0.05015366028973998,0.13541488278229782,0.22067610527485568,2026-05-29,False,1.0,-64.92578462211031,-65.84733721623283,354.44,100,-64.92578462211031,64.00423202798781
U,2074165,415431,IS,HOOD,"Will Robinhood Markets, Inc. (HOOD) hit (LOW) $70 in May?",sell YES,0.7599999999999999,0.7472895383171251,1.2710461682874818,0.22569147130382977,0.37364476915856254,0.5215980670132954,2026-05-29,False,0.0,75.2704,74.54079999999999,22.6,22.6,17.0111104,5.424000000000003
U,2074168,415431,IS,HOOD,"Will Robinhood Markets, Inc. (HOOD) hit (LOW) $55 in May?",sell YES,0.0424841853459732,0.033853720695574456,0.8630464650398746,0.0,0.016926860347787228,0.053915184811470424,2026-05-29,False,0.0,4.085701417231476,3.922984299865627,451.48,100,4.085701417231476,95.75158146540268
U,2074169,415431,IS,HOOD,"Will Robinhood Markets, Inc. (HOOD) hit (LOW) $50 in May?",sell YES,0.0684603529058858,0.014043024881127183,5.441732802475861,0.0,0.007021512440563591,0.01738660223377651,2026-05-29,True,0.0,6.590941158645032,6.335847026701483,242.872426,100,6.590941158645032,93.15396470941141
U,2350384,522280,IS,META,"Will Meta Platforms, Inc. (META) hit (LOW) $500 in June?",sell YES,0.0850000034599995,0.0,8.50000034599995,0.0,0.0,0.48179182928014097,2026-07-02,True,0.0,8.188900334512752,7.8778003230255536,54.644786,54.644786,4.474807063547778,49.99997900092907
U,2350385,522280,IS,META,"Will Meta Platforms, Inc. (META) hit (LOW) $480 in June?",sell YES,0.0521434584239412,0.0,5.21434584239412,0.0,0.0,0.1994082848965028,2026-07-02,True,0.0,5.016647769724001,4.818949697053873,5991.260143,100,5.016647769724001,94.78565415760588
U,2073901,415404,IS,MSFT,Will Microsoft Corporation (MSFT) hit (LOW) $390 in May?,sell YES,0.390000008533333,0.388189330642587,0.18106778907460153,0.14544561484024576,0.1940946653212935,0.24274371580234125,2026-05-29,False,0.0,38.04840084582396,37.096800838314635,24.590161,24.590161,9.356163025913473,14.999998000163965
U,1016054,122441,IS,NVDA,Will NVIDIA dip to $108 in January?,sell YES,0.04,0.004015371927316056,3.598462807268395,0.0,0.002007685963658028,0.008030743854632113,2026-01-30,False,0.0,4.0000000000000036,4.0000000000000036,20.0,20.0,0.8000000000000007,19.2
U,2073759,415380,IS,AAPL,Will Apple (AAPL) hit (HIGH) $320 in May?,sell YES,0.0418073371036004,0.03310141579122836,0.8705921312372036,0.012036878469537585,0.01655070789561418,0.021064537321690772,2026-05-29,False,0.0,4.020495775688417,3.860257841016791,82.488607,82.488607,3.3164509598592202,79.03997799994458
U,2073784,415380,IS,AAPL,Will Apple (AAPL) hit (HIGH) $304 in May?,sell YES,0.1900000242999999,0.19058390910101167,-0.058388480101176365,0.07823971005199427,0.09529195455050583,0.11234419904901745,2026-05-29,False,1.0,-81.615597630264,-82.231197690528,1.234563,1.234563,-1.0075959705721163,0.9999960000001192
U,2073796,415380,IS,AAPL,Will Apple (AAPL) hit (HIGH) $296 in May?,sell YES,0.39,0.3069404009732084,8.305959902679161,0.1283933703417342,0.1534702004866042,0.17854703063147412,2026-05-29,False,1.0,-61.9516,-62.903200000000005,5.0,5.0,-3.09758,3.05
U,2073808,415380,IS,AAPL,Will Apple (AAPL) hit (HIGH) $288 in May?,sell YES,0.68,0.732243440230203,-5.2243440230203,0.30092196173843955,0.3661217201151015,0.4313214784917634,2026-05-29,False,1.0,-32.8704,-33.74079999999999,207.14,100,-32.8704,31.999999999999996
U,2073828,415380,IS,AAPL,Will Apple (AAPL) hit (LOW) $264 in May?,sell YES,0.3759414643305733,0.28286664403413314,9.307482029644015,0.11435034546060704,0.14143332201706657,0.16851629857352618,2026-05-29,False,0.0,36.65570851414711,35.71727059523687,466.128386,100,36.65570851414711,62.40585356694267
U,2253947,415380,IS,AAPL,Will Apple (AAPL) hit (LOW) $288 in May?,sell YES,0.3440049010134294,0.34052204420547966,0.34828568079497413,0.11617810919951665,0.17026102210273983,0.2243439350059632,2026-05-29,False,0.0,33.497827984974265,32.595165868605584,19.207456,19.207456,6.434080571169619,12.599997000000199
U,1262763,186936,IS,AMZN,Will Amazon reach $256 in February?,sell YES,0.5481497838335573,0.5015366028973993,4.661318093615796,0.21064537321690785,0.25076830144869966,0.29089122968049164,2026-02-27,False,0.0,54.81497838335573,54.81497838335573,1043.708694,100,54.81497838335573,45.18502161664427
U,1262765,186936,IS,AMZN,Will Amazon reach $240 in February?,sell YES,0.9200000000000002,0.9529195455050586,-3.291954550505849,0.4413522105497114,0.4764597727525293,0.5115673349553472,2026-02-27,False,1.0,-7.999999999999985,-7.999999999999985,20.0,20.0,-1.599999999999997,1.599999999999997
U,1262767,186936,IS,AMZN,Will Amazon dip to $224 in February?,sell YES,0.54,0.5717517273030348,-3.175172730303477,0.24073756939075153,0.2858758636515174,0.33101415791228345,2026-02-27,False,1.0,-46.0,-46.0,40.0,40.0,-18.4,18.4
U,1262768,186936,IS,AMZN,Will Amazon dip to $216 in February?,sell YES,0.35,0.4413522105497116,-9.13522105497116,0.1805531770430638,0.2206761052748558,0.2607990335066477,2026-02-27,False,1.0,-65.0,-65.0,30.0,30.0,-19.5,19.5
U,1262769,186936,IS,AMZN,Will Amazon dip to $204 in February?,sell YES,0.17375,0.1785470306314741,-0.4797030631474103,0.06620283158245667,0.08927351531573705,0.11234419904901745,2026-02-27,False,1.0,-82.625,-82.625,64.0,64.0,-52.88,52.88
U,1262770,186936,IS,AMZN,Will Amazon dip to $192 in February?,sell YES,0.1099999999999999,0.09027658852153186,1.9723411478468038,0.03209834258543354,0.04513829426076593,0.05817824593609833,2026-02-27,False,0.0,10.999999999999998,10.999999999999998,49.09,49.09,5.399899999999999,43.69010000000001
U,1262771,186936,IS,AMZN,Will Amazon dip to $176 in February?,sell YES,0.0288868421052631,0.03410448899702314,-0.521764689176004,0.004012292823179198,0.01705224449851157,0.03009219617384396,2026-02-27,False,0.0,2.8886842105263173,2.8886842105263173,38.0,38.0,1.0977000000000006,36.902300000000004
U,3866442,907961,OOS,SPY,Will S&P 500 (SPY) hit (HIGH) $790 in September?,sell YES,0.305,0.44661222857397564,-14.161222857397565,0.18567025232850665,0.22330611428698782,0.26094197624546905,2026-09-30,False,0.0,29.652100000000004,28.8042,10.0,10.0,2.965210000000001,6.950000000000001
U,3866447,907961,OOS,SPY,Will S&P 500 (SPY) hit (LOW) $740 in September?,sell YES,0.26,0.2308332866786841,2.9166713321315902,0.08028983884475954,0.11541664333934205,0.15054344783392457,2026-09-30,False,0.0,25.230400000000003,24.460800000000003,20.0,20.0,5.046080000000001,14.8
U,3866448,907961,OOS,SPY,Will S&P 500 (SPY) hit (LOW) $730 in September?,sell YES,0.18,0.15054344783392434,2.945655216607565,0.04516303435017748,0.07527172391696217,0.10538041348374709,2026-09-30,False,0.0,17.409600000000005,16.819200000000002,28.0,28.0,4.874688000000001,22.96
U,1262901,186966,IS,OPEN,Will Opendoor reach $10.25 in February?,sell YES,0.097,0.0,9.700000000000001,0.0,0.0,0.060184392347687916,2026-02-27,False,0.0,9.7,9.7,10.98,10.98,1.06506,9.914940000000001
U,1262904,186966,IS,OPEN,Will Opendoor reach $7.50 in February?,sell YES,0.19,0.10030732057947984,8.969267942052015,0.04012292823179194,0.05015366028973992,0.060184392347687916,2026-02-27,False,0.0,19.0,19.0,20.0,20.0,3.8,16.200000000000003
U,1262910,186966,IS,OPEN,Will Opendoor dip to $4.25 in February?,sell YES,0.42,0.5015366028973992,-8.153660289739923,0.16049171292716777,0.2507683014486996,0.3410448899702316,2026-02-27,False,0.0,42.0,42.0,44.0,44.0,18.48,25.520000000000003
U,694415,86624,IS,TSLA,Will Tesla (TSLA) hit $505 before 2026??,sell YES,0.13,0.1346181887127897,-0.46181887127896837,0.04520760068713089,0.06730909435639484,0.08941058802565881,2026-01-02,False,0.0,13.0,13.0,20.0,20.0,2.6,17.4
U,694419,86624,IS,TSLA,Will Tesla (TSLA) hit $420 before 2026??,sell YES,0.7634886593307881,0.678114010306963,8.537464902382508,0.2662225373797709,0.3390570051534815,0.4118914729271925,2026-01-02,False,1.0,-23.651134066921188,-23.651134066921188,445.3,100,-23.651134066921188,23.651134066921188
U,694425,86624,IS,TSLA,Will Tesla (TSLA) hit $360 before 2026??,sell YES,0.59,0.6077910759047599,-1.7791075904759923,0.241107203664698,0.30389553795237995,0.36668387224006155,2026-01-02,False,0.0,59.0,59.0,100.0,100.0,59.0,41.0
U,694426,86624,IS,TSLA,Will Tesla (TSLA) hit $350 before 2026??,sell YES,0.48,0.49728360755843914,-1.7283607558439162,0.1908765362345526,0.24864180377921957,0.3064070713238869,2026-01-02,False,0.0,48.0,48.0,500.0,100,48.0,52.0
U,694427,86624,IS,TSLA,Will Tesla (TSLA) hit $315 before 2026??,sell YES,0.1725126501116161,0.24613027040771246,-7.361762029609636,0.08539213463124716,0.12306513520385623,0.16073813577646529,2026-01-02,False,0.0,17.251265011161614,17.251265011161614,961.62195,100,17.251265011161614,82.7487349888384
U,3096330,746373,OOS,SPY,Will S&P 500 (SPY) hit (HIGH) $790 in August?,sell YES,0.0455122873650997,0.07525522781272913,-2.974294044762943,0.02508507593757637,0.037627613906364564,0.050170151875152766,2026-08-31,False,0.0,4.3774650602543925,4.203701383998807,531.410909,100,4.3774650602543925,95.44877126349003
U,3096331,746373,OOS,SPY,Will S&P 500 (SPY) hit (HIGH) $780 in August?,sell YES,0.1022665151233842,0.2107146378756415,-10.84481227522573,0.08027224300024435,0.10535731893782074,0.13044239487539708,2026-08-31,False,0.0,9.859419212306818,9.492186912275208,152.69565,100,9.859419212306818,89.7733484876616
U,3096336,746373,OOS,SPY,Will S&P 500 (SPY) hit (LOW) $730 in August?,sell YES,0.5583182217576719,0.35119106312606885,20.7127158631603,0.1204083645003667,0.17559553156303442,0.2307826986257026,2026-08-31,False,0.0,54.845426235723096,53.859030295679,1801.110293,100,54.845426235723096,44.168177824232814
U,3096339,746373,OOS,SPY,Will S&P 500 (SPY) hit (LOW) $700 in August?,sell YES,0.1360999671185667,0.1204083645003667,1.5691602618200005,0.03511910631260706,0.06020418225018335,0.08528925818775963,2026-08-31,False,0.0,13.139689647581108,12.66938258330554,1845.442334,100,13.139689647581108,86.39000328814332
U,3096340,746373,OOS,SPY,Will S&P 500 (SPY) hit (LOW) $690 in August?,sell YES,0.097905032808057,0.09532328856279042,0.2581744245266582,0.025085075937576397,0.04766164428139521,0.0702382126252139,2026-08-31,False,0.0,9.437224731370062,9.083946181934422,573.04,100,9.437224731370062,90.2094967191943
U,2074104,415427,IS,OPEN,Will Opendoor Technologies Inc. (OPEN) hit (HIGH) $6.50 in May?,sell YES,0.4399999999999999,0.4212907464338155,1.8709253566184414,0.17052244498511576,0.21064537321690774,0.2507683014486996,2026-05-29,False,0.0,43.014399999999995,42.0288,40.0,40.0,17.205759999999998,22.400000000000002
U,2074108,415427,IS,OPEN,Will Opendoor Technologies Inc. (OPEN) hit (LOW) $4.50 in May?,sell YES,0.4699999999999998,0.6018439234768792,-13.18439234768794,0.2307068373328037,0.3009219617384396,0.3711370861440755,2026-05-29,False,1.0,-53.99640000000001,-54.99280000000002,43.77,43.77,-23.63422428,23.19810000000001
U,3096167,746354,OOS,NVDA,Will NVIDIA (NVDA) hit (HIGH) $248 in August?,sell YES,0.061784712769335,0.10841504203753356,-4.663032926819857,0.024092231563896345,0.05420752101876678,0.08432281047363724,2026-09-04,False,0.0,5.946601828784122,5.7147323806347385,680.517787,100,5.946601828784122,93.8215287230665
U,3096170,746354,OOS,NVDA,Will NVIDIA (NVDA) hit (HIGH) $232 in August?,sell YES,0.2069806799460835,0.2389146296753055,-3.1933949729222006,0.07829975258266315,0.11945731483765275,0.16061487709264233,2026-09-04,False,0.0,20.041509282307796,19.38495057000723,200.31,100,20.041509282307796,79.30193200539165
U,3096177,746354,OOS,NVDA,Will NVIDIA (NVDA) hit (LOW) $184 in August?,sell YES,0.59,0.4818446312779268,10.815536872207316,0.19073016654751268,0.2409223156389634,0.29111446473041414,2026-09-04,False,0.0,58.0324,57.06479999999999,56.5,56.5,32.788306000000006,23.165000000000003
U,3096178,746354,OOS,NVDA,Will NVIDIA (NVDA) hit (LOW) $176 in August?,sell YES,0.3100400318163106,0.34933735767649704,-3.9297325860186416,0.1244765297467978,0.17466867883824852,0.22486082792969925,2026-09-04,False,0.0,30.148342339680458,29.29268149772985,320.156247,100,30.148342339680458,68.99599681836894
U,2350409,522282,IS,NVDA,Will NVIDIA (NVDA) hit (LOW) $192 in June?,sell YES,0.3313480510608126,0.39547079320078254,-6.4122742139969935,0.1686271402480494,0.19773539660039127,0.22684365295273304,2026-07-02,False,1.0,-67.75142097439479,-68.63764705487084,43.643332,43.643332,-29.568977590572754,29.182199
U,2350410,522282,IS,NVDA,Will NVIDIA (NVDA) hit (LOW) $184 in June?,sell YES,0.1040487105660666,0.254948176327408,-15.089946576134142,0.07628370630268902,0.127474088163704,0.17866447002471894,2026-07-02,False,0.0,10.03198075102424,9.65909044544182,76.78988,76.78988,7.703545980334611,68.79999200147701
U,2350411,522282,IS,NVDA,Will NVIDIA (NVDA) hit (LOW) $176 in June?,sell YES,0.0901460814809835,0.09234343394536035,-0.21973524643768422,0.006022397866001767,0.046171716972680174,0.08632103607935858,2026-07-02,False,0.0,8.686529086199927,8.358450024301497,115.381155,100,8.686529086199927,90.98539185190165
U,2350412,522282,IS,NVDA,Will NVIDIA (NVDA) hit (LOW) $168 in June?,sell YES,0.0485200779779094,0.08029863821335681,-3.177856023544741,0.02609705741934097,0.040149319106678405,0.054201580794015845,2026-07-02,False,0.0,4.6673442777472385,4.48268075770353,4889.49748,100,4.6673442777472385,95.14799220220907
U,2350413,522282,IS,NVDA,Will NVIDIA (NVDA) hit (LOW) $160 in June?,sell YES,0.0207609897540537,0.03613438719601056,-1.537339744195686,0.01204479573200353,0.01806719359800528,0.02408959146400705,2026-07-02,False,0.0,1.9947790911714351,1.913459206937492,289.4901,100,1.9947790911714351,97.92390102459463
U,1262702,186921,IS,AAPL,Will Apple reach $284 in February?,sell YES,0.1476648352,0.18055317704306367,-3.288834184306366,0.0722212708172255,0.09027658852153184,0.10833190622583823,2026-02-27,False,0.0,14.76648352,14.76648352,91.0,91.0,13.4375000032,77.5624999968
U,1262703,186921,IS,AAPL,Will Apple reach $272 in February?,sell YES,0.43,0.5015366028973994,-7.1536602897399435,0.21465766604008696,0.2507683014486997,0.2868789368573124,2026-02-27,False,1.0,-57.00000000000001,-57.00000000000001,20.0,20.0,-11.400000000000002,11.400000000000002
U,1262704,186921,IS,AAPL,Will Apple reach $264 in February?,sell YES,0.75,0.9629502775630064,-21.295027756300644,0.4212907464338153,0.4814751387815032,0.5416595311291913,2026-02-27,False,1.0,-25.0,-25.0,12.0,12.0,-3.0,3.0
U,1262706,186921,IS,AAPL,Will Apple dip to $248 in February?,sell YES,0.5623780952095757,0.433327624903353,12.905047030622269,0.15647942010398863,0.2166638124516765,0.2768482047993644,2026-02-27,False,0.0,56.23780952095757,56.23780952095757,1641.65,100,56.23780952095757,43.76219047904243
U,1262708,186921,IS,AAPL,Will Apple dip to $232 in February?,sell YES,0.140000086,0.12839337034173423,1.1606715658265765,0.04614136746656075,0.06419668517086712,0.08225200287517347,2026-02-27,False,0.0,14.000008600000005,14.000008600000005,2.32557,2.32557,0.3255799999990201,1.9999900000009798
U,694429,86625,IS,AMZN,Will Amazon (AMZN) hit $300 before 2026??,sell YES,0.012,0.008036906788823265,0.3963093211176735,0.0,0.004018453394411633,0.013059973531837807,2026-01-02,False,0.0,1.200000000000001,1.200000000000001,51.0,51.0,0.6120000000000005,50.388
U,2073951,415411,IS,AMZN,"Will Amazon.com, Inc. (AMZN) hit (LOW) $256 in May?",sell YES,0.558136665612148,0.5516902631871394,0.6446402425008602,0.23070683733280375,0.2758451315935697,0.32098342585433565,2026-05-29,False,1.0,-45.172813951231205,-46.159294463677206,252.88,100,-45.1728139512312,44.1863334387852
U,2073953,415411,IS,AMZN,"Will Amazon.com, Inc. (AMZN) hit (LOW) $248 in May?",sell YES,0.3975899147243851,0.2628051799182373,13.478473480614777,0.10030732057947986,0.13140258995911866,0.16249785933875743,2026-05-29,False,0.0,38.80094277470315,37.84289407696779,161.82,100,38.80094277470315,60.24100852756149
U,657230,69126,IS,OPEN,Will Opendoor reach $13 in November?,sell YES,0.1,0.11368162999007714,-1.3681629990077133,0.0,0.05684081499503857,0.12705593940067453,2025-11-28,False,0.0,10.0,10.0,300.0,100,10.0,90.0
U,657233,69126,IS,OPEN,Will Opendoor reach $9.75 in November?,sell YES,0.3024242424212121,0.5015366028973993,-19.911236047618726,0.0,0.25076830144869966,0.581782459360983,2025-11-28,False,0.0,30.242424242121206,30.242424242121206,165.0,100,30.242424242121206,69.7575757578788
U,657236,69126,IS,OPEN,Will Opendoor reach $8 in November?,sell YES,0.93,0.7723663684619946,15.763363153800547,0.21064537321690768,0.3861831842309973,0.5617209952450872,2025-11-28,False,1.0,-6.999999999999995,-6.999999999999995,50.0,50.0,-3.4999999999999973,3.4999999999999973
U,657241,69126,IS,OPEN,Will Opendoor dip to $5 in November?,sell YES,0.4172549019607843,0.2507683014486996,16.64866005120847,0.05015366028973992,0.1253841507243498,0.20061464115895974,2025-11-28,False,0.0,41.72549019607843,41.72549019607843,510.0,100,41.72549019607843,58.27450980392157
U,1015964,122429,IS,AMZN,Will Amazon reach $320 in January?,sell YES,0.05,0.000669228654552675,4.933077134544733,0.0,0.0003346143272763375,0.010038429818290144,2026-01-30,True,0.0,5.000000000000004,5.000000000000004,20.0,20.0,1.0000000000000009,19.0
U,1262737,186927,IS,MSFT,Will Microsoft reach $480 in February?,sell YES,0.1855855443732845,0.08225200287517342,10.333354149811107,0.033101415791228335,0.04112600143758671,0.04915058708394513,2026-02-27,False,0.0,18.558554437328453,18.558554437328453,43.72,43.72,8.1138,35.6062
U,1262738,186927,IS,MSFT,Will Microsoft dip to $465 in February?,sell YES,0.977290865617196,1.0,-2.2709134382803975,0.7673510024330208,0.9228273493312142,1.0,2026-02-27,False,1.0,-2.2709134382803864,-2.2709134382803864,136.633125,100,-2.2709134382803864,2.2709134382803975
U,1262740,186927,IS,MSFT,Will Microsoft dip to $435 in February?,sell YES,0.9340274459104104,1.0,-6.597255408958958,0.5366441651002172,0.5943208744334179,0.6519975837666191,2026-02-27,False,1.0,-6.597255408958969,-6.597255408958969,158.959997,100,-6.597255408958969,6.597255408958958
U,2074029,415420,IS,META,"Will Meta Platforms, Inc. (META) hit (LOW) $580 in May?",sell YES,0.5465,0.47144440672355525,7.505559327644473,0.19058390910101178,0.23572220336177763,0.28086049762254356,2026-05-29,False,0.0,53.658649,52.667297999999995,500.0,100,53.658649,45.35
U,2074031,415420,IS,META,"Will Meta Platforms, Inc. (META) hit (LOW) $560 in May?",sell YES,0.29,0.28086049762254356,0.9139502377456421,0.10030732057947986,0.14043024881127178,0.18055317704306373,2026-05-29,False,0.0,28.176399999999997,27.3528,15.16,15.16,4.27154224,10.7636
U,1262870,186959,IS,NFLX,Will Netflix reach $105 in February?,sell YES,0.0333783784,0.010030732057947987,2.334764634205201,0.0,0.005015366028973994,0.0234050414685453,2026-02-27,True,0.0,3.337837840000002,3.337837840000002,74.0,74.0,2.4700000016000017,71.5299999984
U,1542510,257169,IS,SPX,Will S&P 500 (SPX) hit 5500 (LOW) in March?,sell YES,0.0617661371349286,0.02003949099200866,4.172664614291994,0.0,0.01001974549600433,0.06011847297602571,2026-03-31,False,0.0,6.176613713492864,6.176613713492864,49.73,49.73,3.0716299997200007,46.658370000279994
U,1542511,257169,IS,SPX,Will S&P 500 (SPX) hit 5350 (LOW) in March?,sell YES,0.036167154357659,0.01001974549600424,2.614740886165476,0.0,0.00500987274800212,0.05009872748002138,2026-03-31,False,0.0,3.616715435765902,3.616715435765902,96.221615,96.221615,3.4800620022482387,92.74155299775175
U,1542514,257169,IS,SPX,Will S&P 500 (SPX) hit 4750 (LOW) in March?,sell YES,0.0136396024885937,0.008015796396803427,0.5623806091790272,0.0,0.004007898198401714,0.009017770946403852,2026-03-31,False,0.0,1.3639602488593705,1.3639602488593705,33594.379042,100,1.3639602488593703,98.63603975114063
U,2074078,415425,IS,NFLX,"Will Netflix, Inc. (NFLX) hit (HIGH) $95 in May?",sell YES,0.6635256589482245,0.6871051459694372,-2.357948702121271,0.3159680598253615,0.3435525729847186,0.3711370861440755,2026-05-29,False,0.0,65.45952845936026,64.56649102389805,786.86,100,65.45952845936026,33.64743410517755
U,694364,86620,IS,AAPL,Will Apple (AAPL) hit $285 before 2026??,sell YES,0.5300001081,0.612814142647774,-8.281403454777402,0.2531625638479329,0.306407071323887,0.35965157879984117,2026-01-02,False,1.0,-46.99998919,-46.99998919,4.255318,4.255318,-1.9999990000001242,1.9999990000001242
U,4798164,907947,OOS,META,"Will Meta Platforms, Inc. (META) hit (HIGH) $820 in September?",sell YES,0.0500000024549074,0.06403507810271211,-1.4035075647804713,0.016008769525678035,0.032017539051356056,0.04802630857703409,2026-09-30,False,0.0,4.810000236653082,4.620000227815415,319.505264,100,4.810000236653082,94.99999975450926
U,702411,89780,IS,NVDA,Will NVIDIA reach $264 in December?,sell YES,0.035,0.008030743854632112,2.6969256145367893,0.0,0.004015371927316056,0.008030743854632117,2026-01-02,False,0.0,3.5000000000000018,3.5000000000000018,19.7,19.7,0.6895000000000003,19.0105
U,702416,89780,IS,NVDA,Will NVIDIA reach $192 in December?,sell YES,0.3853690077283315,0.4637754576050046,-7.840644987667311,0.21683008407506713,0.2318877288025023,0.24694537352993753,2026-01-02,False,1.0,-61.46309922716685,-61.46309922716685,13.444488,13.444488,-8.26339900002454,8.26339900002454
U,702423,89780,IS,NVDA,Will NVIDIA dip to $120 in December?,sell YES,0.0776796047511082,0.0210807026184093,5.65989021326989,0.008030743854632113,0.01054035130920465,0.013049958763777188,2026-01-02,False,0.0,7.767960475110821,7.767960475110821,26.5959,26.5959,2.065958999999999,24.529941
U,1016059,122442,IS,NFLX,Will Netflix reach $175 in January?,sell YES,0.024478033051189,0.0,2.4478033051189,0.0,0.0,0.06357672218250424,2026-01-30,True,0.0,2.4478033051189056,2.4478033051189056,74.43,74.43,1.8219000000000016,72.60810000000001
U,1016060,122442,IS,NFLX,Will Netflix reach $140 in January?,sell YES,0.06,0.0,6.0,0.0,0.0,0.06357672218250424,2026-01-30,True,0.0,6.000000000000005,6.000000000000005,20.0,20.0,1.200000000000001,18.799999999999997
U,694377,86621,IS,MSFT,Will Microsoft (MSFT) hit $525 before 2026??,sell YES,0.3199999999999999,0.11452592174073155,20.547407825926832,0.0,0.057262960870365774,0.13059973531837807,2026-01-02,False,0.0,31.999999999999996,31.999999999999996,110.0,100,31.999999999999996,68.00000000000001
U,694378,86621,IS,MSFT,Will Microsoft (MSFT) hit $500 before 2026??,sell YES,0.5847619047619047,0.6278833428768178,-4.312143811491309,0.17580733600550894,0.3139416714384089,0.4520760068713088,2026-01-02,False,0.0,58.47619047619047,58.47619047619047,210.0,100,58.47619047619047,41.52380952380953
U,694379,86621,IS,MSFT,Will Microsoft (MSFT) hit $485 before 2026??,sell YES,0.8,0.8639674797985012,-6.396747979850115,0.1908765362345526,0.4319837398992506,0.6730909435639486,2026-01-02,False,1.0,-19.999999999999996,-19.999999999999996,110.0,100,-19.999999999999996,19.999999999999996
U,694386,86621,IS,MSFT,Will Microsoft (MSFT) hit $335 before 2026??,sell YES,0.046,0.006027680091617455,3.9972319908382543,0.0,0.0030138400458087273,0.23407491022447763,2026-01-02,False,0.0,4.6,4.6,21.0,21.0,0.966,20.034
U,2350399,522281,IS,TSLA,"Will Tesla, Inc. (TSLA) hit (LOW) $330 in June?",sell YES,0.03,0.040149319106678405,-1.0149319106678405,0.0,0.020074659553339202,0.0431605180396793,2026-07-02,False,0.0,2.8836000000000026,2.767200000000002,1.0309,1.0309,0.029727032400000027,0.9999729999999999
U-all,657160,69121,IS,META,Will Meta reach $960 in November?,sell YES,0.0186791353553264,nan,nan,0.0015046098086921936,0.006018439234768792,0.01053226866084539,2025-11-28,False,0.0,1.8679135355326413,1.8679135355326413,580.311604,100,1.867913535532641,98.13208646446736
U-all,657161,69121,IS,META,Will Meta reach $910 in November?,sell YES,0.0218691278525013,nan,nan,0.0025076830144869985,0.0077738173449096795,0.013039951675332376,2025-11-28,False,0.0,2.1869127852501324,2.1869127852501324,2324.965416,100,2.1869127852501324,97.81308721474987
U-all,657162,69121,IS,META,Will Meta reach $870 in November?,sell YES,0.0442129629673611,nan,nan,0.0,0.010030732057947994,0.021064537321690766,2025-11-28,False,0.0,4.421296296736112,4.421296296736112,864.0,100,4.421296296736112,95.57870370326388
U-all,657164,69121,IS,META,Will Meta reach $800 in November?,sell YES,0.0844583962339388,nan,nan,0.006018439234768797,0.0235722203361778,0.041126001437586754,2025-11-28,False,0.0,8.445839623393887,8.445839623393887,1445.52688,100,8.445839623393887,91.55416037660612
U-all,657167,69121,IS,META,Will Meta dip to $740 in November?,sell YES,0.98032535732229,nan,nan,0.5416595311291904,0.9102889342587785,1.0,2025-11-28,False,1.0,-1.9674642677709908,-1.9674642677709908,27997.270698,100,-1.9674642677709908,1.967464267771002
U-all,657171,69121,IS,META,Will Meta dip to $640 in November?,sell YES,0.91,nan,nan,0.3209834258543358,0.44636757657868564,0.5717517273030351,2025-11-28,False,1.0,-8.999999999999996,-8.999999999999996,12.0,12.0,-1.0799999999999996,1.0799999999999996
U-all,657173,69121,IS,META,Will Meta dip to $550 in November?,sell YES,0.0799999999999999,nan,nan,0.03410448899702314,0.055670562921611294,0.07723663684619947,2025-11-28,False,0.0,7.9999999999999964,7.9999999999999964,25.0,25.0,1.9999999999999991,23.000000000000004
U-all,657174,69122,IS,TSLA,Will Tesla reach $615 in November?,sell YES,0.0567243606719904,nan,nan,0.019058390910101166,0.028086049762254362,0.037113708614407534,2025-11-28,False,0.0,5.67243606719904,5.67243606719904,965.65314,100,5.67243606719904,94.32756393280096
U-all,657175,69122,IS,TSLA,Will Tesla reach $578 in November?,sell YES,0.0726436150473279,nan,nan,0.0200614641158959,0.05015366028973993,0.08024585646358395,2025-11-28,False,0.0,7.264361504732799,7.264361504732799,1864.47263,100,7.264361504732799,92.73563849526721
U-all,657177,69122,IS,TSLA,Will Tesla reach $518 in November?,sell YES,0.4016900989458231,nan,nan,0.09027658852153173,0.15046098086921944,0.2106453732169075,2025-11-28,False,0.0,40.16900989458232,40.16900989458232,954.351576,100,40.16900989458232,59.83099010541769
U-all,657178,69122,IS,TSLA,Will Tesla reach $495 in November?,sell YES,0.5781752927842171,nan,nan,0.23070683733280375,0.25829135049216057,0.28587586365151757,2025-11-28,False,0.0,57.81752927842171,57.81752927842171,352.397561,100,57.81752927842171,42.18247072157829
U-all,657187,69122,IS,TSLA,Will Tesla dip to $308 in November?,sell YES,0.0300000005999999,nan,nan,0.004012292823179198,0.013039951675332371,0.022067610527485543,2025-11-28,False,0.0,3.0000000599999965,3.0000000599999965,17.608233,17.608233,0.5282470005649391,17.07998599943506
U-all,657188,69123,IS,NVDA,Will NVIDIA reach $288 in November?,sell YES,0.0324795130236421,nan,nan,0.0,0.006018439234768797,0.012036878469537588,2025-11-28,False,0.0,3.247951302364218,3.247951302364218,806.61,100,3.247951302364218,96.7520486976358
U-all,657189,69123,IS,NVDA,Will NVIDIA reach $268 in November?,sell YES,0.0497449504078739,nan,nan,0.008024585646358396,0.013039951675332371,0.018055317704306368,2025-11-28,False,0.0,4.974495040787396,4.974495040787396,408.41665,100,4.974495040787396,95.02550495921261
U-all,657191,69123,IS,NVDA,Will NVIDIA reach $236 in November?,sell YES,0.2785383181071125,nan,nan,0.08425814928676306,0.09729810096209544,0.11033805263742785,2025-11-28,False,0.0,27.85383181071125,27.85383181071125,234.238217,100,27.85383181071125,72.14616818928874
U-all,657193,69123,IS,NVDA,Will NVIDIA reach $216 in November?,sell YES,0.65,nan,nan,0.26079903350664757,0.2959065957094657,0.3310141579122836,2025-11-28,False,0.0,65.0,65.0,5.0,5.0,3.25,1.75
U-all,657200,69123,IS,NVDA,Will NVIDIA dip to $144 in November?,sell YES,0.0372857142857143,nan,nan,0.010046133486029068,0.024110720366469798,0.038175307246910525,2025-12-12,False,0.0,3.7285714285714313,3.7285714285714313,700.0,100,3.7285714285714313,96.27142857142857
U-all,2074171,415432,IS,SPY,Will S&P 500 (SPY) hit (HIGH) $770 in May?,sell YES,0.0589754098352458,nan,nan,nan,nan,nan,nan,False,0.0,5.675551740044547,5.453562496564504,488.0,100,5.675551740044547,94.10245901647542
U-all,2074172,415432,IS,SPY,Will S&P 500 (SPY) hit (HIGH) $760 in May?,sell YES,0.1173333333369696,nan,nan,nan,nan,nan,nan,False,0.0,11.319068444796947,10.904803555896926,825.0,100,11.319068444796947,88.26666666630304
U-all,2074173,415432,IS,SPY,Will S&P 500 (SPY) hit (HIGH) $750 in May?,sell YES,0.25,nan,nan,nan,nan,nan,nan,False,1.0,-75.75,-76.5,38.38,38.38,-29.072850000000003,28.785000000000004
U-all,2074174,415432,IS,SPY,Will S&P 500 (SPY) hit (HIGH) $740 in May?,sell YES,0.5068369120615288,nan,nan,0.27584513159356955,0.3109526937963876,0.3460602559992057,2026-05-29,False,1.0,-50.31612182038096,-51.31593484691482,6129.389997,100,-50.31612182038096,49.31630879384712
U-all,2074177,415432,IS,SPY,Will S&P 500 (SPY) hit (LOW) $710 in May?,sell YES,0.781262332457942,nan,nan,0.20563000718793378,0.2482606184342127,0.29089122968049164,2026-05-29,False,0.0,77.44266724443293,76.75910124307165,1017.64,100,77.44266724443293,21.873766754205803
U-all,2074178,415432,IS,SPY,Will S&P 500 (SPY) hit (LOW) $700 in May?,sell YES,0.6894574245584568,nan,nan,0.15547634689819403,0.1880762260865252,0.2206761052748559,2026-05-29,False,0.0,68.08931891872697,67.23289538160827,2369.44,100,68.08931891872697,31.054257544154318
U-all,2236283,415432,IS,SPY,Will S&P 500 (SPY) hit (LOW) $730 in May?,sell YES,0.682019648762971,nan,nan,0.19529940770608387,0.25789537171444454,0.32049133572280436,2026-05-29,False,0.0,67.33448948644029,66.46701409658347,1336.646102,100,67.33448948644029,31.798035123702896
U-all,2236284,415432,IS,SPY,Will S&P 500 (SPY) hit (LOW) $720 in May?,sell YES,0.4999765735059005,nan,nan,0.12018425089605159,0.15774182930106784,0.1952994077060841,2026-05-29,False,0.0,48.997657352785254,47.997657354980454,5044.887626,100,48.997657352785254,50.00234264940995
U-all,657154,69120,IS,GOOGL,Will Google dip to $260 in November?,sell YES,0.3700000209777795,nan,nan,0.15347020048660417,0.17804549402857675,0.20262078757054933,2025-11-28,False,0.0,37.00000209777796,37.00000209777796,14.285710000000002,14.285710000000002,5.2857129996824765,8.999997000317526
U-all,657155,69120,IS,GOOGL,Will Google dip to $250 in November?,sell YES,0.1700000040407392,nan,nan,0.07623356364040466,0.09428888134471106,0.11234419904901745,2025-11-28,False,0.0,17.00000040407392,17.00000040407392,32.530111,32.530111,5.530119001445694,26.999991998554304
U-all,657157,69120,IS,GOOGL,Will Google dip to $220 in November?,sell YES,0.0900001164999999,nan,nan,0.002006146411589599,0.014544561484024582,0.027082976556459564,2025-11-28,False,0.0,9.000011649999994,9.000011649999994,5.494504,5.494504,0.4945060001097157,4.999997999890284
U-all,657132,69119,IS,AMZN,Will Amazon reach $312 in November?,sell YES,0.02,nan,nan,0.0,0.007021512440563593,0.014043024881127181,2025-11-28,False,0.0,2.000000000000001,2.000000000000001,21.0204,21.0204,0.42040800000000017,20.599991999999997
U-all,657134,69119,IS,AMZN,Will Amazon reach $276 in November?,sell YES,0.1400000008999999,nan,nan,0.04614136746656075,0.0611874655534827,0.07623356364040466,2025-11-28,False,0.0,14.000000089999997,14.000000089999997,23.255807,23.255807,3.2558130009302255,19.999993999069776
U-all,657142,69119,IS,AMZN,Will Amazon dip to $196 in November?,sell YES,0.1167190101926129,nan,nan,0.012036878469537583,0.020061464115895968,0.028086049762254352,2025-11-28,False,0.0,11.671901019261297,11.671901019261297,451.70503,100,11.671901019261297,88.32809898073872
U-all,657143,69119,IS,AMZN,Will Amazon dip to $184 in November?,sell YES,0.0638893256033178,nan,nan,0.002006146411589599,0.010030732057947989,0.018055317704306375,2025-11-28,False,0.0,6.38893256033178,6.38893256033178,390.346443,100,6.38893256033178,93.61106743966822
U-all,657166,69121,IS,META,Will Meta reach $760 in November?,sell YES,0.1409655465260031,nan,nan,0.030092196173843986,0.05767670933320094,0.0852612224925579,2025-11-28,False,0.0,14.09655465260031,14.09655465260031,86.142283,86.142283,12.143094002092626,73.99918899790738
U-all,657168,69121,IS,META,Will Meta dip to $720 in November?,sell YES,0.9768618633154224,nan,nan,0.4212907464338157,0.8801967380849364,1.0,2025-11-28,False,1.0,-2.313813668457765,-2.313813668457765,7354.222221,100,-2.313813668457765,2.313813668457765
U-all,657169,69121,IS,META,Will Meta dip to $700 in November?,sell YES,0.955304460258565,nan,nan,0.5366441651002174,0.8049662476503264,1.0,2025-11-28,False,1.0,-4.469553974143503,-4.469553974143503,1547.0,100,-4.469553974143503,4.469553974143503
U-all,657176,69122,IS,TSLA,Will Tesla reach $548 in November?,sell YES,0.14,nan,nan,0.05015366028973993,0.10030732057947986,0.15046098086921977,2025-11-28,False,0.0,14.000000000000002,14.000000000000002,600.76,100,14.000000000000002,86.0
U-all,657179,69122,IS,TSLA,Will Tesla reach $480 in November?,sell YES,0.7862868382419069,nan,nan,0.28086049762254367,0.3360295239412577,0.3911985502599713,2025-11-28,False,0.0,78.62868382419069,78.62868382419069,484.761903,100,78.62868382419069,21.37131617580931
U-all,657183,69122,IS,TSLA,Will Tesla dip to $420 in November?,sell YES,0.5877848410757947,nan,nan,0.26079903350664757,0.2984142787239527,0.3360295239412575,2025-11-28,False,1.0,-41.221515892420534,-41.221515892420534,40.9,40.9,-16.859599999999997,16.859599999999997
U-all,657184,69122,IS,TSLA,Will Tesla dip to $398 in November?,sell YES,0.37,nan,nan,0.14043024881127184,0.1805531770430638,0.22067610527485562,2025-11-28,False,1.0,-63.0,-63.0,15.87,15.87,-9.998099999999999,9.998099999999999
U-all,657185,69122,IS,TSLA,Will Tesla dip to $375 in November?,sell YES,0.26,nan,nan,0.07523049043460989,0.0902765885215319,0.10532268660845383,2025-11-28,False,0.0,26.0,26.0,1.35135,1.35135,0.351351,0.999999
U-all,657190,69123,IS,NVDA,Will NVIDIA reach $252 in November?,sell YES,0.0999999999999999,nan,nan,0.028086049762254362,0.033101415791228335,0.03811678182020233,2025-11-28,False,0.0,9.999999999999998,9.999999999999998,111.59,100,9.999999999999998,90.00000000000001
U-all,657192,69123,IS,NVDA,Will NVIDIA reach $224 in November?,sell YES,0.46,nan,nan,0.20061464115895972,0.23572220336177763,0.27082976556459565,2025-11-28,False,0.0,46.0,46.0,12.85185,12.85185,5.911851,6.939999000000001
U-all,657196,69123,IS,NVDA,Will NVIDIA dip to $192 in November?,sell YES,0.6639732314080062,nan,nan,0.30092196173843955,0.33101415791228345,0.36110635408612746,2025-11-28,False,1.0,-33.60267685919938,-33.60267685919938,129.986665,100,-33.60267685919938,33.60267685919938
U-all,657199,69123,IS,NVDA,Will NVIDIA dip to $160 in November?,sell YES,0.1945951580216678,nan,nan,0.04012292823179195,0.04563983086366334,0.05115673349553474,2025-11-28,False,0.0,19.459515802166784,19.459515802166784,29.922836,29.922836,5.822838999876451,24.09999700012355
U-all,2074170,415432,IS,SPY,Will S&P 500 (SPY) hit (HIGH) $780 in May?,sell YES,0.022410337528408,nan,nan,nan,nan,nan,nan,False,0.0,2.1534012956397177,2.0657688384386343,607.177022,100,2.1534012956397177,97.7589662471592
U-all,2074175,415432,IS,SPY,Will S&P 500 (SPY) hit (HIGH) $730 in May?,sell YES,0.7397166851132075,nan,nan,0.4463675765786857,0.4889981878249646,0.5316287990712435,2026-05-29,False,1.0,-26.79847513219259,-27.568618775705932,808.403332,100,-26.79847513219259,26.028331488679246
U-all,2074179,415432,IS,SPY,Will S&P 500 (SPY) hit (LOW) $690 in May?,sell YES,0.45353403305889,nan,nan,0.08526122249255785,0.11535341866640184,0.14544561484024582,2026-05-29,False,0.0,44.36203965022409,43.370675994559186,2704.87,100,44.36203965022409,54.646596694111004
U-all,2074180,415432,IS,SPY,Will S&P 500 (SPY) hit (LOW) $680 in May?,sell YES,0.26,nan,nan,0.05015366028973998,0.07523049043460986,0.10030732057947996,2026-05-29,False,0.0,25.230400000000003,24.460800000000003,1.35135,1.35135,0.34095101040000003,0.999999
U-all,2074181,415432,IS,SPY,Will S&P 500 (SPY) hit (LOW) $670 in May?,sell YES,0.1529718778646566,nan,nan,0.030092196173843986,0.05266134330422692,0.07523049043460986,2026-05-29,False,0.0,14.778901856676798,14.260615926887931,232.176466,100,14.778901856676798,84.70281221353434
U-all,2074183,415432,IS,SPY,Will S&P 500 (SPY) hit (LOW) $650 in May?,sell YES,0.079850663777723,nan,nan,0.010030732057947996,0.0250768301448701,0.040122928231791984,2026-05-29,False,0.0,7.691168236684387,7.397270095596466,1385.747654,100,7.691168236684387,92.0149336222277
U-all,657150,69120,IS,GOOGL,Will Google reach $300 in November?,sell YES,0.5,nan,nan,0.1885777626894221,0.2211776418777531,0.2537775210660841,2025-11-28,False,1.0,-50.0,-50.0,5.0,5.0,-2.5,2.5
U-all,657159,69120,IS,GOOGL,Will Google dip to $175 in November?,sell YES,0.02,nan,nan,0.0,0.001504609808692198,0.011033805263742785,2025-11-28,False,0.0,2.0000000000000018,2.0000000000000018,2.0408,2.0408,0.04081600000000003,1.999984
U-all,657135,69119,IS,AMZN,Will Amazon reach $260 in November?,sell YES,0.68,nan,nan,0.21164844642270253,0.23120837393570112,0.2507683014486997,2025-11-28,False,0.0,68.0,68.0,35.01,35.01,23.8068,11.203199999999997
U-all,657136,69119,IS,AMZN,Will Amazon reach $248 in November?,sell YES,0.88,nan,nan,0.40122928231791943,0.4664290406945812,0.5316287990712433,2025-11-28,False,1.0,-12.0,-12.0,451.0,100,-12.0,12.0
U-all,657138,69119,IS,AMZN,Will Amazon reach $232 in November?,sell YES,0.9457272727272726,nan,nan,0.6419668517086713,0.7422741722881515,0.8425814928676311,2025-11-28,False,1.0,-5.427272727272737,-5.427272727272737,550.0,100,-5.427272727272737,5.427272727272737
U-all,657139,69119,IS,AMZN,Will Amazon dip to $224 in November?,sell YES,0.2917340554839213,nan,nan,0.10431961340265901,0.12337800431276022,0.14243639522286144,2025-11-28,False,1.0,-70.82659445160786,-70.82659445160786,82.35042,82.35042,-58.32599800259577,58.32599800259578
U-all,1492657,243792,IS,SPX,"Will S&P 500 (SPX) hit $7,300 (HIGH) in March 2026?",sell YES,0.1147490322829032,nan,nan,0.0,0.00501371741253271,0.030082304475196237,2026-03-31,False,0.0,11.474903228290325,11.474903228290325,188.249788,100,11.474903228290325,88.52509677170968
U-all,1492659,243792,IS,SPX,"Will S&P 500 (SPX) hit $7,100 (HIGH) in March 2026?",sell YES,0.2136874994597233,nan,nan,0.04010973930026168,0.1453978049634484,0.2506858706266353,2026-03-31,False,0.0,21.368749945972336,21.368749945972336,230.564802,100,21.368749945972336,78.63125005402767
U-all,1492660,243792,IS,SPX,"Will S&P 500 (SPX) hit $7,000 (HIGH) in March 2026?",sell YES,0.269073321483464,nan,nan,0.10027434825065411,0.3258916318146258,0.5515089153785979,2026-03-31,False,0.0,26.9073321483464,26.9073321483464,702.708087,100,26.9073321483464,73.0926678516536
U-all,1492661,243792,IS,SPX,"Will S&P 500 (SPX) hit $6,900 (HIGH) in March 2026?",sell YES,0.3435107019376205,nan,nan,0.12032921790078378,0.48131687160314085,0.842304525305495,2026-03-31,False,0.0,34.351070193762055,34.351070193762055,319.726915,100,34.351070193762055,65.64892980623796
U-all,1492666,243792,IS,SPX,"Will S&P 500 (SPX) hit $6,300 (LOW) in March 2026?",sell YES,0.3,nan,nan,0.0,0.13035665272585076,0.48131687160314013,2026-03-31,False,0.0,30.000000000000004,30.000000000000004,5.0,5.0,1.5000000000000002,3.5
U-all,1492667,243792,IS,SPX,"Will S&P 500 (SPX) hit $6,200 (LOW) in March 2026?",sell YES,0.1529412013840947,nan,nan,0.0,0.1203292179007845,0.4111248278276813,2026-03-31,False,0.0,15.294120138409472,15.294120138409472,2.36111,2.36111,0.36111099999999985,1.999999
U-all,1492668,243792,IS,SPX,"Will S&P 500 (SPX) hit $6,000 (LOW) in March 2026?",sell YES,0.1170094055515349,nan,nan,0.0,0.045123456712794274,0.1403840875509156,2026-03-31,False,0.0,11.700940555153492,11.700940555153492,1097.795484,100,11.700940555153492,88.2990594448465
U-all,1432259,229249,IS,NVDA,Will NVIDIA reach $280 in March?,sell YES,0.0084556278487193,nan,nan,0.00100373297766696,0.002509332444167402,0.004014931910667842,2026-04-02,False,0.0,0.845562784871935,0.845562784871935,446.0557,100,0.8455627848719351,99.15443721512807
U-all,1432268,229249,IS,NVDA,Will NVIDIA reach $244 in March?,sell YES,0.0201662183969876,nan,nan,0.006022397866001762,0.009033596799002647,0.01204479573200353,2026-04-02,False,0.0,2.0166218396987645,2.0166218396987645,37.18,37.18,0.7497800000000007,36.43022
U-all,1432272,229249,IS,NVDA,Will NVIDIA reach $228 in March?,sell YES,0.022000001187666,nan,nan,0.018067193598005293,0.022082125508673126,0.02609705741934097,2026-04-02,False,0.0,2.2000001187666083,2.2000001187666083,10.072454,10.072454,0.221593999962712,9.85086000003729
U-all,1432287,229249,IS,NVDA,Will NVIDIA reach $200 in March?,sell YES,0.3586465024053922,nan,nan,0.16762340727038239,0.17916633651355243,0.19070926575672248,2026-04-02,False,0.0,35.86465024053923,35.86465024053923,585.116162,100,35.86465024053923,64.13534975946078
U-all,1432293,229249,IS,NVDA,Will NVIDIA dip to $192 in March?,sell YES,0.9572727266613992,nan,nan,0.5420158079401585,0.7226877439202111,0.9033596799002643,2026-04-02,False,1.0,-4.272727333860093,-4.272727333860093,21831.424527,100,-4.272727333860093,4.272727333860082
U-all,1432298,229249,IS,NVDA,Will NVIDIA dip to $184 in March?,sell YES,0.9671327179521528,nan,nan,0.5119038186101496,0.5470344728284937,0.5821651270468371,2026-04-02,False,1.0,-3.2867282047847057,-3.2867282047847057,3650.660581,100,-3.2867282047847057,3.286728204784717
U-all,1432305,229249,IS,NVDA,Will NVIDIA dip to $176 in March?,sell YES,0.6725009051295098,nan,nan,0.44164251017346245,0.46673583461513646,0.4918291590568108,2026-04-02,False,1.0,-32.749909487049024,-32.749909487049024,6.106881,6.106881,-1.999997999981794,1.999997999981794
U-all,1432319,229249,IS,NVDA,Will NVIDIA dip to $164 in March?,sell YES,0.6470474068803771,nan,nan,0.22082125508673123,0.2358772497517355,0.25093324441674003,2026-04-02,False,0.0,64.7047406880377,64.7047406880377,72.216486,72.216486,46.727490000313054,25.488995999686946
U-all,1432334,229249,IS,NVDA,Will NVIDIA dip to $152 in March?,sell YES,0.1345146565471875,nan,nan,0.12446288923070312,0.13951888389570746,0.1545748785607119,2026-04-02,False,0.0,13.451465654718753,13.451465654718753,252.598608,100,13.451465654718753,86.54853434528124
U-all,1432337,229249,IS,NVDA,Will NVIDIA dip to $136 in March?,sell YES,0.0305934153072722,nan,nan,0.04817918292801412,0.05520531377168281,0.06223144461535153,2026-04-02,False,0.0,3.0593415307272243,3.0593415307272243,151.26,100,3.0593415307272243,96.94065846927278
U-all,1432342,229249,IS,NVDA,Will NVIDIA dip to $116 in March?,sell YES,0.0101014639071176,nan,nan,0.014052261687337447,0.01806719359800528,0.022082125508673126,2026-04-02,False,0.0,1.0101463907117627,1.0101463907117627,396.2,100,1.0101463907117627,98.98985360928823
U-all,657202,69124,IS,NFLX,Will Netflix reach $147 in November?,sell YES,0.0309893181906636,nan,nan,nan,nan,nan,nan,False,0.0,3.0989318190663617,3.0989318190663617,1225.702733,100,3.0989318190663617,96.90106818093363
U-all,657203,69124,IS,NFLX,Will Netflix reach $138.30 in November?,sell YES,0.04,nan,nan,nan,nan,nan,nan,False,0.0,4.0000000000000036,4.0000000000000036,25.0,25.0,1.0000000000000009,24.0
U-all,657204,69124,IS,NFLX,Will Netflix reach $131.30 in November?,sell YES,0.0860389316432774,nan,nan,nan,nan,nan,nan,False,0.0,8.603893164327749,8.603893164327749,2209.0,100,8.603893164327749,91.39610683567227
U-all,657205,69124,IS,NFLX,Will Netflix reach $124.30 in November?,sell YES,0.3427199833279569,nan,nan,nan,nan,nan,nan,False,0.0,34.27199833279569,34.27199833279569,1295.78,100,34.27199833279569,65.72800166720431
U-all,657210,69124,IS,NFLX,Will Netflix dip to $105 in November?,sell YES,0.658546934030805,nan,nan,nan,nan,nan,nan,False,1.0,-34.1453065969195,-34.1453065969195,34.41,34.41,-11.749399999999998,11.7494
U-all,657212,69124,IS,NFLX,Will Netflix dip to $96.30 in November?,sell YES,0.2825531914893617,nan,nan,nan,nan,nan,nan,False,0.0,28.25531914893617,28.25531914893617,705.0,100,28.25531914893617,71.74468085106382
U-all,657213,69124,IS,NFLX,Will Netflix dip to $91 in November?,sell YES,0.139906259394356,nan,nan,nan,nan,nan,nan,False,0.0,13.990625939435605,13.990625939435605,474.12111,100,13.990625939435605,86.0093740605644
U-all,657214,69124,IS,NFLX,Will Netflix dip to $84 in November?,sell YES,0.0605786683663839,nan,nan,nan,nan,nan,nan,False,0.0,6.05786683663839,6.05786683663839,1822.46,100,6.057866836638391,93.9421331633616
U-all,657215,69124,IS,NFLX,Will Netflix dip to $75.30 in November?,sell YES,0.0368480998538498,nan,nan,nan,nan,nan,nan,False,0.0,3.6848099853849874,3.6848099853849874,2034.1409,100,3.6848099853849874,96.31519001461501
U-all,657122,69118,IS,MSFT,Will Microsoft reach $585 in November?,sell YES,0.0646588191446408,nan,nan,0.014043024881127181,0.026079903350664763,0.038116781820202346,2025-11-28,False,0.0,6.4658819144640844,6.4658819144640844,965.91,100,6.4658819144640844,93.53411808553592
U-all,657125,69118,IS,MSFT,Will Microsoft dip to $540 in November?,sell YES,0.9663908769625368,nan,nan,0.6369514856796973,0.774874051476482,0.9127966172732669,2025-11-28,False,1.0,-3.3609123037463218,-3.3609123037463218,558.063029,100,-3.3609123037463218,3.3609123037463218
U-all,657128,69118,IS,MSFT,Will Microsoft dip to $488 in November?,sell YES,0.3,nan,nan,0.10030732057947986,0.16249785933875738,0.2246883980980349,2025-11-28,False,1.0,-70.0,-70.0,15.70857,15.70857,-10.995999,10.995999
U-all,2074058,415424,IS,NVDA,Will NVIDIA (NVDA) hit (HIGH) $264 in May?,sell YES,0.0158050110351996,nan,nan,0.004012292823179198,0.013039951675332393,0.02206761052748557,2026-05-29,False,0.0,1.5182802528744574,1.45605940222895,624.118071,100,1.5182802528744574,98.41949889648004
U-all,2074059,415424,IS,NVDA,Will NVIDIA (NVDA) hit (HIGH) $256 in May?,sell YES,0.0441411205073996,nan,nan,0.008024585646358384,0.01504609808692197,0.022067610527485567,2026-05-29,False,0.0,4.245341322788958,4.076570594837955,151.36,100,4.245341322788958,95.58588794926004
U-all,2074061,415424,IS,NVDA,Will NVIDIA (NVDA) hit (HIGH) $240 in May?,sell YES,0.1172613491635382,nan,nan,0.04313214784917634,0.04764597727525295,0.05215980670132954,2026-05-29,False,0.0,11.312090415730284,10.898045915106744,102.116282,100,11.312090415730284,88.27386508364619
U-all,2074062,415424,IS,NVDA,Will NVIDIA (NVDA) hit (HIGH) $232 in May?,sell YES,0.16,nan,nan,0.07021512440563588,0.08124892966937865,0.09228273493312146,2026-05-29,False,1.0,-84.5376,-85.0752,501.190475,100,-84.5376,84.0
U-all,2074063,415424,IS,NVDA,Will NVIDIA (NVDA) hit (HIGH) $224 in May?,sell YES,0.28,nan,nan,0.14043024881127184,0.15848556651557819,0.17654088421988454,2026-05-29,False,1.0,-72.80640000000001,-73.6128,50.0,50.0,-36.403200000000005,36.0
U-all,2074064,415424,IS,NVDA,Will NVIDIA (NVDA) hit (HIGH) $216 in May?,sell YES,0.44,nan,nan,0.19459620192419097,0.21866995886326607,0.24274371580234125,2026-05-29,False,1.0,-56.98559999999999,-57.9712,42.81,42.81,-24.39553536,23.973600000000005
U-all,2074067,415424,IS,NVDA,Will NVIDIA (NVDA) hit (LOW) $192 in May?,sell YES,0.7844296788482835,nan,nan,0.3410448899702316,0.3761524521730495,0.4112600143758674,2026-05-29,False,0.0,77.76656885366731,77.09016982250625,18.06,18.06,14.044642334972316,3.8931999999999993
U-all,2074068,415424,IS,NVDA,Will NVIDIA (NVDA) hit (LOW) $184 in May?,sell YES,0.4964782096584216,nan,nan,0.21064537321690766,0.23170991053859852,0.2527744478602893,2026-05-29,False,0.0,48.64787057787101,47.64792018989984,152.82,100,48.64787057787101,50.35217903415784
U-all,2074070,415424,IS,NVDA,Will NVIDIA (NVDA) hit (LOW) $168 in May?,sell YES,0.1411999923852655,nan,nan,0.08024585646358387,0.09127966172732664,0.10231346699106945,2026-05-29,False,0.0,13.634949020383887,13.14989880224122,633.94002,100,13.634949020383887,85.88000076147345
U-all,2074071,415424,IS,NVDA,Will NVIDIA (NVDA) hit (LOW) $160 in May?,sell YES,0.0982855760909604,nan,nan,0.046141367466560744,0.05115673349553475,0.056172099524508724,2026-05-29,False,0.0,9.47405552260233,9.119553436108616,1809.745235,100,9.47405552260233,90.17144239090396
U-all,1432262,229251,IS,GOOGL,Will Google reach $420 in March?,sell YES,0.02,nan,nan,0.0,0.0015055994665004412,0.013048528709670486,2026-04-02,True,0.0,2.0000000000000018,2.0000000000000018,56.0,56.0,1.120000000000001,54.879999999999995
U-all,1432267,229251,IS,GOOGL,Will Google reach $395 in March?,sell YES,0.0247245017584994,nan,nan,0.0,0.006022397866001762,0.013048528709670486,2026-04-02,False,0.0,2.472450175849944,2.472450175849944,34.12,34.12,0.8436000000000008,33.276399999999995
U-all,1432344,229251,IS,GOOGL,Will Google dip to $240 in March?,sell YES,0.03,nan,nan,0.009033596799002647,0.021078392531006174,0.033123188263009695,2026-04-02,False,0.0,3.0000000000000027,3.0000000000000027,44.21,44.21,1.3263000000000011,42.8837
U-all,2350515,522290,IS,SPY,Will S&P 500 (SPY) hit (HIGH) $780 in June?,sell YES,0.3249414702530045,nan,nan,0.16557964590837476,0.20321138361482344,0.24084312132127234,2026-06-30,False,0.0,31.61672898064917,30.73931093599789,64.07,64.07,20.256838257901922,43.25100000089
U-all,2350518,522290,IS,SPY,Will S&P 500 (SPY) hit (HIGH) $750 in June?,sell YES,0.9177142857142858,nan,nan,0.5920726732481277,0.6823888437436046,0.7727050142390826,2026-06-30,False,1.0,-8.530630530612237,-8.832689632653047,35.0,35.0,-2.985720685714283,2.8799999999999963
U-all,2350519,522290,IS,SPY,Will S&P 500 (SPY) hit (LOW) $740 in June?,sell YES,0.5776000083865559,nan,nan,0.17561477596342756,0.21826407869740286,0.2609133814313786,2026-06-30,False,1.0,-43.215912116138036,-44.19182507093167,52.083332,52.083332,-22.508286984276396,21.999999000000223
U-all,2350520,522290,IS,SPY,Will S&P 500 (SPY) hit (LOW) $730 in June?,sell YES,0.37,nan,nan,0.11540399563310988,0.14550938579826872,0.17561477596342778,2026-06-30,False,1.0,-63.9324,-64.8648,502.5873,100,-63.9324,63.0
U-all,2350521,522290,IS,SPY,Will S&P 500 (SPY) hit (LOW) $720 in June?,sell YES,0.0899999999999999,nan,nan,0.06522834535784454,0.09282495300924018,0.12042156066063606,2026-06-30,False,0.0,8.672399999999996,8.344799999999996,1.0989,1.0989,0.09530100359999995,0.9999990000000002
U-all,2350522,522290,IS,SPY,Will S&P 500 (SPY) hit (LOW) $710 in June?,sell YES,0.0351654110587157,nan,nan,0.04515808524773872,0.06522834535784476,0.08529860546795058,2026-06-30,False,0.0,3.3808258861764293,3.245110666481279,55.947391,55.947391,1.891483877568342,53.97997799782231
U-all,2350525,522290,IS,SPY,Will S&P 500 (SPY) hit (LOW) $680 in June?,sell YES,0.01,nan,nan,0.010035130055053023,0.02257904262386936,0.03512295519268558,2026-06-30,False,0.0,0.9604000000000008,0.9208000000000008,5.0,5.0,0.04802000000000004,4.95
U-all,1262890,186962,IS,PLTR,Will Palantir dip to $168 in February?,sell YES,0.9181904068352024,nan,nan,0.7422741722881508,0.812489296693787,0.8827044210994232,2026-02-27,False,1.0,-8.180959316479763,-8.180959316479763,733.409539,100,-8.180959316479763,8.180959316479763
U-all,1262892,186962,IS,PLTR,Will Palantir dip to $156 in February?,sell YES,0.9150264551328842,nan,nan,0.6319361196507228,0.6820897799404627,0.7322434402302027,2026-02-27,False,1.0,-8.497354486711583,-8.497354486711583,71.559013,71.559013,-6.080623001802024,6.080623001802024
U-all,1262893,186962,IS,PLTR,Will Palantir dip to $147 in February?,sell YES,0.9436204146730462,nan,nan,0.4915058708394515,0.5366441651002174,0.5817824593609833,2026-02-27,False,1.0,-5.637958532695375,-5.637958532695375,112.86,100,-5.637958532695375,5.637958532695375
U-all,1262895,186962,IS,PLTR,Will Palantir dip to $126 in February?,sell YES,0.3799999999999999,nan,nan,nan,nan,nan,nan,False,0.0,37.99999999999999,37.99999999999999,44.0,44.0,16.72,27.280000000000005
U-all,2236209,148013,IS,SPX,"Will S&P 500 (SPX) hit $7,100 (LOW) in June?",sell YES,0.6418723501150918,nan,nan,0.04020215294369916,0.1608086117747995,0.2814150706058998,2026-06-30,False,0.0,63.2677460664179,62.34825712132661,483.51,100,63.26774606641791,35.81276498849082
U-all,2236210,148013,IS,SPX,"Will S&P 500 (SPX) hit $6,900 (LOW) in June?",sell YES,0.38,nan,nan,0.0,0.09548011324128781,0.2311623794262748,2026-06-30,False,0.0,37.0576,36.1152,86.0,86.0,31.869536000000004,53.32
U-all,2236211,148013,IS,SPX,"Will S&P 500 (SPX) hit $6,700 (LOW) in June?",sell YES,0.1999999999999999,nan,nan,0.0,0.060303229415550164,0.16080861177480021,2026-06-30,False,0.0,19.359999999999996,18.719999999999995,7.49,7.49,1.4500639999999998,5.992000000000001
U-all,1125373,148013,IS,SPX,"Will S&P 500 (SPX) hit $8,000 (HIGH) in June?",sell YES,0.1200000141,nan,nan,nan,nan,nan,nan,False,0.0,11.577601367136008,11.155201324272008,5.681816,5.681816,0.6578180068941525,4.9999979998863955
U-all,2677812,631910,OOS,SPY,Will S&P 500 (SPY) hit (LOW) $710 in July?,sell YES,0.4,nan,nan,0.13049958763777178,0.1982589889112306,0.2660183901846889,2026-07-31,False,0.0,39.04,38.080000000000005,5.0,5.0,1.952,3.0
U-all,657105,69117,IS,AAPL,Will Apple reach $332 in November?,sell YES,0.05,nan,nan,0.0,0.0020061464115895974,0.006018439234768792,2025-11-28,False,0.0,5.000000000000004,5.000000000000004,75.0,75.0,3.7500000000000036,71.25
U-all,657107,69117,IS,AAPL,Will Apple reach $300 in November?,sell YES,0.1,nan,nan,0.039119855025997144,0.04513829426076593,0.05115673349553473,2025-11-28,False,0.0,10.0,10.0,7.14,7.14,0.714,6.426
U-all,657109,69117,IS,AAPL,Will Apple reach $280 in November?,sell YES,0.61,nan,nan,0.2698266923588008,0.29038969307759416,0.3109526937963875,2025-11-28,False,1.0,-39.0,-39.0,5.0,5.0,-1.95,1.9500000000000002
U-all,657112,69117,IS,AAPL,Will Apple dip to $256 in November?,sell YES,0.41,nan,nan,0.16249785933875738,0.19559927512998573,0.228700690921214,2025-11-28,False,0.0,41.0,41.0,25.42,25.42,10.4222,14.997800000000003
U-all,657113,69117,IS,AAPL,Will Apple dip to $248 in November?,sell YES,0.23,nan,nan,0.05817824593609833,0.07322434402302035,0.08827044210994228,2025-11-28,False,0.0,23.0,23.0,50.0,50.0,11.5,38.5
U-all,657114,69117,IS,AAPL,Will Apple dip to $236 in November?,sell YES,0.176883366510417,nan,nan,0.018055317704306368,0.026079903350664763,0.03410448899702315,2025-11-28,False,0.0,17.68833665104171,17.68833665104171,160.429511,100,17.68833665104171,82.31166334895829
U-all,657115,69117,IS,AAPL,Will Apple dip to $224 in November?,sell YES,0.1200366633095045,nan,nan,0.002006146411589599,0.008024585646358396,0.014043024881127181,2025-11-28,False,0.0,12.00366633095046,12.00366633095046,464.5789,100,12.00366633095046,87.99633366904955
U-all,657116,69117,IS,AAPL,Will Apple dip to $208 in November?,sell YES,0.0499549676810485,nan,nan,0.0,0.003009219617384396,0.008024585646358388,2025-11-28,False,0.0,4.995496768104854,4.995496768104854,231.31165,100,4.995496768104854,95.00450323189516
U-all,694387,86622,IS,NVDA,Will NVIDIA (NVDA) hit $260 before 2026??,sell YES,0.0069945559808326,nan,nan,0.0040184533944116335,0.007032293440220359,0.010046133486029084,2026-01-02,False,0.0,0.6994555980832683,0.6994555980832683,30156.02,100,0.6994555980832683,99.30054440191674
U-all,694388,86622,IS,NVDA,Will NVIDIA (NVDA) hit $245 before 2026??,sell YES,0.02,nan,nan,0.012055360183234899,0.01607381357764653,0.020092266972058168,2026-01-02,False,0.0,2.0000000000000018,2.0000000000000018,3.0612,3.0612,0.06122400000000005,2.9999759999999998
U-all,694389,86622,IS,NVDA,Will NVIDIA (NVDA) hit $230 before 2026??,sell YES,0.0699999999999999,nan,nan,0.034156853852498885,0.03968222726981488,0.04520760068713087,2026-01-02,False,0.0,6.9999999999999964,6.9999999999999964,300.0,100,6.9999999999999964,93.00000000000001
U-all,694390,86622,IS,NVDA,Will NVIDIA (NVDA) hit $215 before 2026??,sell YES,0.2099999999999999,nan,nan,0.0944336547686734,0.10347517490609953,0.11251669504352574,2026-01-02,False,0.0,20.999999999999993,20.999999999999993,110.0,100,20.99999999999999,79.0
U-all,694391,86622,IS,NVDA,Will NVIDIA (NVDA) hit $200 before 2026??,sell YES,0.47,nan,nan,0.2260380034356544,0.24361873703620524,0.2611994706367561,2026-01-02,False,0.0,47.0,47.0,150.0,100,47.0,53.0
U-all,694392,86622,IS,NVDA,Will NVIDIA (NVDA) hit $190 before 2026??,sell YES,0.7200000064426131,nan,nan,0.35161467201101787,0.3767300057260906,0.4018453394411633,2026-01-02,False,1.0,-27.99999935573869,-27.99999935573869,168.035711,100,-27.99999935573869,27.99999935573869
U-all,694393,86622,IS,NVDA,Will NVIDIA (NVDA) hit $185 before 2026??,sell YES,0.86,nan,nan,0.4219376064132215,0.4520760068713088,0.4822144073293959,2026-01-02,False,1.0,-14.000000000000002,-14.000000000000002,150.0,100,-14.000000000000002,14.000000000000002
U-all,694397,86622,IS,NVDA,Will NVIDIA (NVDA) hit $165 before 2026??,sell YES,0.49,nan,nan,0.27124560412278526,0.2863148043518288,0.30138400458087244,2026-01-02,False,0.0,49.0,49.0,220.0,100,49.0,51.0
U-all,694398,86622,IS,NVDA,Will NVIDIA (NVDA) hit $160 before 2026??,sell YES,0.420000002,nan,nan,0.21599186994962521,0.23106107017866886,0.24613027040771254,2026-01-02,False,0.0,42.000000199999995,42.000000199999995,51.206895,51.206895,21.506896002413786,29.699998997586214
U-all,694399,86622,IS,NVDA,Will NVIDIA (NVDA) hit $145 before 2026??,sell YES,0.1814597764096237,nan,nan,0.10347517490609953,0.11151208169492278,0.11954898848374608,2026-01-02,False,0.0,18.145977640962375,18.145977640962375,743.47,100,18.145977640962375,81.85402235903763
U-all,657244,69127,IS,RKLB,Will Rocket Lab reach $108 in November?,sell YES,0.1001952277658113,nan,nan,0.0,0.07623356364040469,0.2607990335066476,2025-11-28,False,0.0,10.01952277658114,10.01952277658114,2561.11111,100,10.01952277658114,89.98047722341886
U-all,657255,69127,IS,RKLB,Will Rocket Lab dip to $44 in November?,sell YES,0.3963836748924725,nan,nan,nan,nan,nan,nan,False,1.0,-60.36163251075275,-60.36163251075275,841.975402,100,-60.36163251075275,60.36163251075275
U-all,694401,86623,IS,GOOGL,Will Google (GOOGL) hit $375 before 2026??,sell YES,0.05,nan,nan,0.0,0.0,0.07233216109940939,2026-01-02,False,0.0,5.000000000000001,5.000000000000001,40.03156,40.03156,2.0015780000000003,38.029982
U-all,694402,86623,IS,GOOGL,Will Google (GOOGL) hit $355 before 2026??,sell YES,0.1400000108,nan,nan,0.002009226697205818,0.06730909435639484,0.13260896201558386,2026-01-02,False,0.0,14.000001080000002,14.000001080000002,11.081392,11.081392,1.5513949996790337,9.529997000320966
U-all,694403,86623,IS,GOOGL,Will Google (GOOGL) hit $345 before 2026??,sell YES,0.2200000082,nan,nan,0.0,0.044705294012829425,0.18083040274852347,2026-01-02,False,0.0,22.00000082,22.00000082,36.653835,36.653835,8.063844000561447,28.589990999438555
U-all,694404,86623,IS,GOOGL,Will Google (GOOGL) hit $335 before 2026??,sell YES,0.3400000000901007,nan,nan,0.08539213463124722,0.21850340332113252,0.3516146720110178,2026-01-02,False,0.0,34.00000000901007,34.00000000901007,181.984847,100,34.00000000901007,65.99999999098993
U-all,694405,86623,IS,GOOGL,Will Google (GOOGL) hit $320 before 2026??,sell YES,0.5900000033105552,nan,nan,0.1908765362345525,0.29133787109484344,0.39179920595513423,2026-01-02,False,1.0,-40.99999966894448,-40.99999966894448,326.268288,100,-40.99999966894448,40.999999668944476
U-all,657216,69125,IS,PLTR,Will Palantir reach $264 in November?,sell YES,0.0969696969696969,nan,nan,0.03811678182020233,0.0672059047882515,0.09629502775630067,2025-11-28,False,0.0,9.696969696969695,9.696969696969695,1650.0,100,9.696969696969695,90.30303030303031
U-all,657223,69125,IS,PLTR,Will Palantir dip to $198 in November?,sell YES,0.9,nan,nan,0.38116781820202356,0.4664290406945816,0.5516902631871392,2025-11-28,False,1.0,-9.999999999999998,-9.999999999999998,50.0,50.0,-4.999999999999999,4.999999999999999
U-all,657224,69125,IS,PLTR,Will Palantir dip to $192 in November?,sell YES,0.8,nan,nan,0.3611063540861276,0.4413522105497116,0.5215980670132951,2025-11-28,False,1.0,-19.999999999999996,-19.999999999999996,50.0,50.0,-9.999999999999998,9.999999999999998
U-all,657226,69125,IS,PLTR,Will Palantir dip to $177 in November?,sell YES,0.3100000032,nan,nan,0.21064537321690766,0.26079903350664757,0.3109526937963875,2025-11-28,False,1.0,-68.99999968,-68.99999968,72.463767,72.463767,-49.999998998115956,49.99999899811595
U-all,657228,69125,IS,PLTR,Will Palantir dip to $156 in November?,sell YES,0.1099999999999999,nan,nan,0.07422741722881512,0.10532268660845392,0.13641795598809264,2025-11-28,False,1.0,-89.0,-89.0,5.0,5.0,-4.45,4.450000000000001
U-all,1016025,122439,IS,TSLA,Will Tesla reach $608 in January?,sell YES,0.06,nan,nan,0.020076859636580305,0.05521136400059568,0.09034586836461124,2026-01-30,False,0.0,6.000000000000005,6.000000000000005,27.73,27.73,1.6638000000000013,26.0662
U-all,1016027,122439,IS,TSLA,Will Tesla reach $548 in January?,sell YES,0.2302857142857142,nan,nan,0.11042272800119173,0.15057644727435215,0.1907301665475126,2026-01-30,False,0.0,23.028571428571425,23.028571428571425,175.0,100,23.028571428571425,76.97142857142858
U-all,1016031,122439,IS,TSLA,Will Tesla dip to $480 in January?,sell YES,0.9400000110399996,nan,nan,0.5119599207327975,0.5496040325513851,0.5872481443699735,2026-01-30,False,1.0,-5.9999988960000366,-5.9999988960000366,83.333332,83.333332,-4.999999000000045,4.999999000000045
U-all,1322353,196998,IS,SPX,"Will S&P 500 (SPX) hit $7,350 (HIGH) in February 2026?",sell YES,0.0402028986,nan,nan,0.0,0.006264400125295407,0.015034560300708972,2026-02-27,False,0.0,4.020289860000004,4.020289860000004,69.0,69.0,2.7740000034000025,66.2259999966
U-all,1322354,196998,IS,SPX,"Will S&P 500 (SPX) hit $7,200 (HIGH) in February 2026?",sell YES,0.1979999999999999,nan,nan,0.050115201002363254,0.08519584170401759,0.12027648240567182,2026-02-27,False,0.0,19.799999999999997,19.799999999999997,170.0,100,19.799999999999997,80.2
U-all,1322355,196998,IS,SPX,"Will S&P 500 (SPX) hit $7,100 (HIGH) in February 2026?",sell YES,0.4094525387058366,nan,nan,0.23052992461087105,0.2956796859139431,0.36082944721701554,2026-02-27,False,0.0,40.94525387058366,40.94525387058366,440.246407,100,40.94525387058366,59.054746129416344
U-all,1322356,196998,IS,SPX,"Will S&P 500 (SPX) hit $7,040 (HIGH) in February 2026?",sell YES,0.6257854769814902,nan,nan,0.37085248741748766,0.44602528892103255,0.5211980904245781,2026-02-27,False,0.0,62.57854769814902,62.57854769814902,21.07,21.07,13.1853,7.884700000000001
U-all,1322357,196998,IS,SPX,"Will S&P 500 (SPX) hit $7,000 (HIGH) in February 2026?",sell YES,0.7,nan,nan,0.40092160801890603,0.5111750502241046,0.6214284924293039,2026-02-27,False,0.0,70.0,70.0,6.88,6.88,4.816,2.064
U-all,1322360,196998,IS,SPX,"Will S&P 500 (SPX) hit $6,750 (LOW) in February 2026?",sell YES,0.4387096786680541,nan,nan,0.08018432160378092,0.17039168340803462,0.2605990452122883,2026-02-27,False,0.0,43.87096786680541,43.87096786680541,51.666665,51.666665,22.666665999999996,28.999999000000003
U-all,1322363,196998,IS,SPX,"Will S&P 500 (SPX) hit $6,500 (LOW) in February 2026?",sell YES,0.1936778087825345,nan,nan,0.0,0.06013824120283605,0.13029952260614452,2026-02-27,False,0.0,19.367780878253456,19.367780878253456,329.68,100,19.367780878253456,80.63221912174654
U-all,1432269,229254,IS,AMZN,Will Amazon reach $260 in March?,sell YES,0.04,nan,nan,0.007026130843668722,0.010539196265503085,0.014052261687337447,2026-04-02,False,0.0,4.0000000000000036,4.0000000000000036,12.0,12.0,0.4800000000000004,11.52
U-all,1432338,229254,IS,AMZN,Will Amazon dip to $132 in March?,sell YES,0.015,nan,nan,0.0,0.003011198933000881,0.008029863821335683,2026-04-02,False,0.0,1.500000000000001,1.500000000000001,29.38,29.38,0.4407000000000003,28.9393
U-all,1262843,186955,IS,NVDA,Will NVIDIA reach $272 in February?,sell YES,0.0101230788454329,nan,nan,0.001003073205794798,0.0020061464115895974,0.0030092196173843963,2026-02-27,False,0.0,1.0123078845432971,1.0123078845432971,200.075,100,1.0123078845432971,98.98769211545671
U-all,1262844,186955,IS,NVDA,Will NVIDIA reach $252 in February?,sell YES,0.2904651162790697,nan,nan,0.002006146411589599,0.006018439234768797,0.010030732057947987,2026-02-27,False,0.0,29.046511627906973,29.046511627906973,129.0,100,29.046511627906977,70.95348837209303
U-all,1262846,186955,IS,NVDA,Will NVIDIA reach $220 in February?,sell YES,0.1899999999999999,nan,nan,0.10231346699106945,0.10682729641714607,0.11134112584322263,2026-02-27,False,0.0,18.999999999999996,18.999999999999996,5.6,5.6,1.0639999999999998,4.536
U-all,1262848,186955,IS,NVDA,Will NVIDIA reach $200 in February?,sell YES,0.6999635943790428,nan,nan,0.36110635408612746,0.3761524521730495,0.39119855025997147,2026-02-27,False,0.0,69.99635943790427,69.99635943790427,1410.282856,100,69.99635943790427,30.003640562095725
U-all,1262849,186955,IS,NVDA,Will NVIDIA reach $192 in February?,sell YES,0.7987580624034849,nan,nan,0.47144440672355525,0.5115673349553472,0.5516902631871392,2026-02-27,False,1.0,-20.12419375965151,-20.12419375965151,534.89,100,-20.12419375965151,20.12419375965151
U-all,1262850,186955,IS,NVDA,Will NVIDIA dip to $184 in February?,sell YES,0.8200001296,nan,nan,0.30092196173843955,0.3310141579122836,0.3611063540861276,2026-02-27,False,1.0,-17.999987039999997,-17.999987039999997,5.555554,5.555554,-0.9999990000002015,0.9999990000002015
U-all,2074044,415423,IS,TSLA,"Will Tesla, Inc. (TSLA) hit (HIGH) $480 in May?",sell YES,0.0855055412913712,nan,nan,0.022067610527485567,0.03059373277674135,0.039119855025997144,2026-05-29,False,0.0,8.237776754337764,7.924999379538401,249.34253,100,8.237776754337764,91.44944587086287
U-all,2074045,415423,IS,TSLA,"Will Tesla, Inc. (TSLA) hit (HIGH) $465 in May?",sell YES,0.1478976653563674,nan,nan,0.04112600143758673,0.04965212368684254,0.05817824593609833,2026-05-29,False,0.0,14.285670751882732,13.78157496812872,482.26718,100,14.28567075188273,85.21023346436326
U-all,2074046,415423,IS,TSLA,"Will Tesla, Inc. (TSLA) hit (HIGH) $450 in May?",sell YES,0.1999999999999999,nan,nan,0.07924278325778909,0.08877197871283969,0.09830117416789026,2026-05-29,False,1.0,-80.64,-81.28,1.25,1.25,-1.008,1.0
U-all,2074048,415423,IS,TSLA,"Will Tesla, Inc. (TSLA) hit (HIGH) $420 in May?",sell YES,0.5400000405000001,nan,nan,0.21566073924588172,0.23572220336177763,0.2557836674776736,2026-05-29,False,1.0,-46.99359593703999,-47.987195924079984,10.869564,10.869564,-5.107998986277962,4.999998999782657
U-all,2074049,415423,IS,TSLA,"Will Tesla, Inc. (TSLA) hit (HIGH) $405 in May?",sell YES,0.7364553314121037,nan,nan,0.3360295239412575,0.35609098805715356,0.3761524521730495,2026-05-29,False,1.0,-27.130822363776797,-27.907177868763966,10.41,10.41,-2.8243186080691647,2.7435
U-all,2074051,415423,IS,TSLA,"Will Tesla, Inc. (TSLA) hit (LOW) $375 in May?",sell YES,0.7078856533196453,nan,nan,0.33101415791228345,0.3510756220281795,0.3711370861440756,2026-05-29,False,0.0,69.96143111138907,69.1342968908136,239.632181,100,69.96143111138907,29.211434668035473
U-all,2074054,415423,IS,TSLA,"Will Tesla, Inc. (TSLA) hit (LOW) $330 in May?",sell YES,0.1700000012482272,nan,nan,0.059181319141893104,0.06570129497955929,0.0722212708172255,2026-05-29,False,0.0,16.4356001215274,15.871200118232082,88.12481700000001,88.12481700000001,14.4838425299478,73.14359800000021
U-all,2074056,415423,IS,TSLA,"Will Tesla, Inc. (TSLA) hit (LOW) $300 in May?",sell YES,0.0618080090258554,nan,nan,0.013039951675332381,0.01655070789561418,0.020061464115895968,2026-05-29,False,0.0,5.948849786401088,5.716898670216628,145.410314,100,5.948849786401087,93.81919909741447
U-all,2264476,415423,IS,TSLA,"Will Tesla, Inc. (TSLA) hit (LOW) $390 in May?",sell YES,0.38,nan,nan,0.11617810919951665,0.15523799074073352,0.19429787228195028,2026-05-29,False,0.0,37.0576,36.1152,10.0,10.0,3.70576,6.2
U-all,2278809,415423,IS,TSLA,"Will Tesla, Inc. (TSLA) hit (HIGH) $450 in May?",sell YES,0.2916002320000075,nan,nan,0.10407981143060734,0.11408748560662728,0.12409515978264724,2026-05-29,False,0.0,28.333745053210556,27.50746690642036,382.590162,100,28.333745053210556,70.83997679999925
U-all,1262783,186942,IS,GOOGL,Will Google reach $430 in February?,sell YES,0.0157298207531416,nan,nan,0.006018439234768792,0.013039951675332381,0.020061464115895974,2026-02-27,False,0.0,1.5729820753141623,1.5729820753141623,348.9898,100,1.5729820753141623,98.42701792468584
U-all,1262785,186942,IS,GOOGL,Will Google reach $385 in February?,sell YES,0.2036129032258064,nan,nan,0.0772366368461995,0.09178119833022408,0.10632575981424867,2026-02-27,False,0.0,20.36129032258064,20.36129032258064,155.0,100,20.36129032258064,79.63870967741936
U-all,1262786,186942,IS,GOOGL,Will Google reach $365 in February?,sell YES,0.4693376619541535,nan,nan,0.19058390910101167,0.21816842226036867,0.24575293541972568,2026-02-27,False,0.0,46.93376619541535,46.93376619541535,75.754383,75.754383,35.55438499999948,40.19999800000053
U-all,1262787,186942,IS,GOOGL,Will Google reach $350 in February?,sell YES,0.72,nan,nan,0.3360295239412575,0.3711370861440754,0.4062446483468934,2026-02-27,False,0.0,72.0,72.0,80.0,80.0,57.6,22.400000000000002
U-all,1262790,186942,IS,GOOGL,Will Google dip to $320 in February?,sell YES,0.5787500000000001,nan,nan,0.26079903350664757,0.29339891269497864,0.32599879188330955,2026-02-27,False,1.0,-42.12499999999999,-42.12499999999999,160.0,100,-42.12499999999999,42.12499999999999
U-all,1262792,186942,IS,GOOGL,Will Google dip to $300 in February?,sell YES,0.28,nan,nan,0.1163564918721966,0.1324056631649134,0.1484548344576302,2026-02-27,False,1.0,-72.0,-72.0,70.0,70.0,-50.4,50.4
U-all,1262793,186942,IS,GOOGL,Will Google dip to $285 in February?,sell YES,0.0701038095428571,nan,nan,0.05015366028973993,0.06018439234768791,0.07021512440563589,2026-02-27,False,0.0,7.010380954285714,7.010380954285714,105.0,100,7.010380954285714,92.98961904571429
U-all,1262795,186942,IS,GOOGL,Will Google dip to $250 in February?,sell YES,0.0185750411431782,nan,nan,0.004012292823179198,0.012036878469537583,0.02006146411589597,2026-02-27,False,0.0,1.857504114317828,1.857504114317828,249.13,100,1.857504114317828,98.14249588568218
U-all,1432261,229253,IS,TSLA,Will Tesla reach $570 in March?,sell YES,0.0110000009999999,nan,nan,0.0,0.004014931910667843,0.00903359679900264,2026-04-02,False,0.0,1.100000099999998,1.100000099999998,5.055545,5.055545,0.055611000055544896,4.999933999944456
U-all,1432266,229253,IS,TSLA,Will Tesla reach $533 in March?,sell YES,0.0357894736842105,nan,nan,0.0,0.009033596799002652,0.022082125508673136,2026-04-02,False,0.0,3.5789473684210553,3.5789473684210553,38.0,38.0,1.3600000000000012,36.64
U-all,1432270,229253,IS,TSLA,Will Tesla reach $503 in March?,sell YES,0.0449474575161338,nan,nan,0.016059727642671336,0.031115722307675734,0.046171716972680174,2026-04-02,False,0.0,4.494745751613385,4.494745751613385,10.308325,10.308325,0.46333300000000044,9.844992
U-all,1432296,229253,IS,TSLA,Will Tesla dip to $405 in March?,sell YES,0.9472796118670394,nan,nan,0.4566985048384667,0.5018664888334802,0.5470344728284937,2026-04-02,False,1.0,-5.272038813296065,-5.272038813296065,81.56461200000001,81.56461200000001,-4.300118002554341,4.30011800255434
U-all,1432303,229253,IS,TSLA,Will Tesla dip to $390 in March?,sell YES,0.91,nan,nan,0.3362505475184317,0.3713812017367753,0.406511855955119,2026-04-02,False,1.0,-8.999999999999996,-8.999999999999996,10.62,10.62,-0.9557999999999995,0.9557999999999996
U-all,1432329,229253,IS,TSLA,Will Tesla dip to $353 in March?,sell YES,0.1743976350682763,nan,nan,0.10037329776669604,0.14554128176170936,0.1907092657567225,2026-04-02,False,1.0,-82.56023649317237,-82.56023649317237,9.70176,9.70176,-8.009796,8.009796
U-all,1432341,229253,IS,TSLA,Will Tesla dip to $300 in March?,sell YES,0.0506691449814126,nan,nan,0.02609705741934097,0.034126921240676664,0.04215678506201235,2026-04-02,False,0.0,5.0669144981412675,5.0669144981412675,21.52,21.52,1.0904000000000007,20.4296
U-all,2074089,415426,IS,PLTR,Will Palantir Technologies Inc. (PLTR) hit (HIGH) $162 in May?,sell YES,0.4556074766,nan,nan,0.10030732057948004,0.22067610527485562,0.34104488997023136,2026-05-29,False,0.0,44.56863044453528,43.57651322907056,107.0,100,44.56863044453528,54.439252339999996
U-all,2074091,415426,IS,PLTR,Will Palantir Technologies Inc. (PLTR) hit (HIGH) $150 in May?,sell YES,0.78,nan,nan,0.1862850239333196,0.35107562202817943,0.5158662201230395,2026-05-29,False,1.0,-22.686399999999995,-23.37279999999999,5.0,5.0,-1.1343199999999998,1.0999999999999999
U-all,1262804,186945,IS,META,Will Meta reach $770 in February?,sell YES,0.31,nan,nan,0.10030732057947986,0.16801476197062884,0.2357222033617777,2026-02-27,False,0.0,31.000000000000007,31.000000000000007,20.0,20.0,6.200000000000001,13.799999999999999
U-all,1262805,186945,IS,META,Will Meta reach $730 in February?,sell YES,0.905,nan,nan,0.29590659570946554,0.41878306341932847,0.5416595311291913,2026-02-27,False,0.0,90.5,90.5,40.0,40.0,36.2,3.799999999999999
U-all,1262806,186945,IS,META,Will Meta reach $700 in February?,sell YES,0.952,nan,nan,0.4062446483468935,0.5842901423754705,0.7623356364040471,2026-02-27,False,1.0,-4.800000000000004,-4.800000000000004,14.0,14.0,-0.6720000000000006,0.6720000000000006
U-all,1262809,186945,IS,META,Will Meta dip to $640 in February?,sell YES,0.21,nan,nan,0.04513829426076595,0.08576275909545528,0.1263872239301446,2026-02-27,False,1.0,-79.0,-79.0,26.92,26.92,-21.266800000000003,21.266800000000003
U-all,1262811,186945,IS,META,Will Meta dip to $600 in February?,sell YES,0.08,nan,nan,0.012036878469537571,0.02658143995356215,0.041126001437586754,2026-02-27,False,0.0,8.0,8.0,32.0,32.0,2.56,29.44
U-all,2135250,439134,IS,SPY,Will S&P 500 (SPY) hit (HIGH) $755 Week of May 4 2026?,sell YES,0.0210390852952519,nan,nan,nan,nan,nan,nan,False,0.0,2.0215227607844337,1.9391369920436696,490.8163,100,2.0215227607844337,97.89609147047481
U-all,2135251,439134,IS,SPY,Will S&P 500 (SPY) hit (HIGH) $750 Week of May 4 2026?,sell YES,0.03,nan,nan,nan,nan,nan,nan,False,0.0,2.883600000000002,2.767200000000002,43.04,43.04,1.2411014400000009,41.748799999999996
U-all,2135258,439134,IS,SPY,Will S&P 500 (SPY) hit (LOW) $715 Week of May 4 2026?,sell YES,0.4500000367,nan,nan,0.2151649947844288,0.24518801731248865,0.2752110398405485,2026-05-08,False,0.0,44.010003655320006,43.020003640640006,10.909088,10.909088,4.8010900275620765,5.999997999636471
U-all,2135259,439134,IS,SPY,Will S&P 500 (SPY) hit (LOW) $710 Week of May 4 2026?,sell YES,0.1999999999999999,nan,nan,0.13009976428825923,0.16012278681631897,0.19014580934437883,2026-05-08,False,0.0,19.359999999999996,18.719999999999995,6.25,6.25,1.2099999999999997,5.0
U-all,1432271,229245,IS,NFLX,Will Netflix reach $298 in March?,sell YES,0.01,nan,nan,nan,nan,nan,nan,False,0.0,1.0000000000000009,1.0000000000000009,97.3104,97.3104,0.9731040000000009,96.337296
U-all,1432278,229245,IS,NFLX,Will Netflix reach $228 in March?,sell YES,0.0127106093863056,nan,nan,nan,nan,nan,nan,False,0.0,1.2710609386305691,1.2710609386305691,6592.37,100,1.2710609386305691,98.72893906136943
U-all,1432292,229245,IS,NFLX,Will Netflix reach $105 in March?,sell YES,0.5,nan,nan,0.12064611678837901,0.2538595374088808,0.38707295802938235,2026-04-17,False,0.0,50.0,50.0,5.0,5.0,2.5,2.5
U-all,1432302,229245,IS,NFLX,Will Netflix dip to $35 in March?,sell YES,0.0165678124692209,nan,nan,0.0,0.0,0.004021537226279297,2026-04-17,True,0.0,1.656781246922092,1.656781246922092,101.53,100,1.656781246922092,98.3432187530779
U-all,2073979,415417,IS,GOOGL,Will Alphabet Inc. (GOOGL) hit (HIGH) $410 in May?,sell YES,0.449813126694976,nan,nan,0.18556854307203774,0.2307068373328037,0.27584513159356955,2026-05-29,False,0.0,43.99138755850614,43.00146244751468,974.988105,100,43.99138755850614,55.0186873305024
U-all,2073982,415417,IS,GOOGL,Will Alphabet Inc. (GOOGL) hit (HIGH) $400 in May?,sell YES,0.6216666666666667,nan,nan,0.2407375693907517,0.3134603768108746,0.3861831842309975,2026-05-29,False,1.0,-38.77412222222222,-39.71491111111111,600.0,100,-38.77412222222222,37.83333333333333
U-all,2264680,415417,IS,GOOGL,Will Alphabet Inc. (GOOGL) hit (LOW) $380 in May?,sell YES,0.4483187999458916,nan,nan,0.08012283393070112,0.21533011618875914,0.35053739844681736,2026-05-29,False,1.0,-56.1574362196547,-57.14675243389857,335.33858499999997,100,-56.1574362196547,55.16812000541085
U-all,1262828,186950,IS,TSLA,Will Tesla reach $480 in February?,sell YES,0.3400000396,nan,nan,0.15046098086921977,0.1730301279996027,0.19559927512998565,2026-02-27,False,0.0,34.00000396,34.00000396,7.575755,7.575755,2.575756999999898,4.999998000000102
U-all,1262830,186950,IS,TSLA,Will Tesla reach $450 in February?,sell YES,0.6632203389830509,nan,nan,0.32098342585433565,0.3611063540861276,0.40122928231791943,2026-02-27,False,0.0,66.3220338983051,66.3220338983051,59.0,59.0,39.13,19.869999999999997
U-all,1262831,186950,IS,TSLA,Will Tesla dip to $435 in February?,sell YES,0.952,nan,nan,0.4915058708394512,0.5341364820857298,0.5767670933320092,2026-02-27,False,1.0,-4.800000000000004,-4.800000000000004,4.32,4.32,-0.20736000000000018,0.2073600000000002
U-all,1262834,186950,IS,TSLA,Will Tesla dip to $383 in February?,sell YES,0.36,nan,nan,0.0902765885215319,0.14043024881127184,0.19058390910101167,2026-02-27,False,0.0,36.0,36.0,25.0,25.0,9.0,16.0
U-all,1262837,186950,IS,TSLA,Will Tesla dip to $293 in February?,sell YES,0.03,nan,nan,0.0,0.007021512440563597,0.01604917129271677,2026-02-27,False,0.0,3.0000000000000027,3.0000000000000027,107.9,100,3.0000000000000027,97.0
U-all,2074156,415431,IS,HOOD,"Will Robinhood Markets, Inc. (HOOD) hit (HIGH) $115 in May?",sell YES,0.0233356808191098,nan,nan,0.0,0.0,0.018571095163836766,2026-06-05,True,0.0,2.24240357463171,2.1512390673524364,492.73,100,2.24240357463171,97.66643191808903
U-all,2074157,415431,IS,HOOD,"Will Robinhood Markets, Inc. (HOOD) hit (HIGH) $110 in May?",sell YES,0.0703581599225694,nan,nan,0.0,0.06046302379374203,0.12872772807699917,2026-05-29,False,0.0,6.774184435237424,6.512552878217905,174.69263,100,6.774184435237425,92.96418400774306
U-all,2074158,415431,IS,HOOD,"Will Robinhood Markets, Inc. (HOOD) hit (HIGH) $105 in May?",sell YES,0.0879999999999999,nan,nan,0.0,0.06046302379374203,0.12872772807699917,2026-05-29,False,0.0,8.478975999999996,8.157951999999998,68.59,68.59,5.815729638399997,62.55408000000001
U-all,2074162,415431,IS,HOOD,"Will Robinhood Markets, Inc. (HOOD) hit (HIGH) $85 in May?",sell YES,0.3599576797201219,nan,nan,0.05015366028973998,0.13541488278229782,0.22067610527485568,2026-05-29,False,1.0,-64.92578462211031,-65.84733721623283,354.44,100,-64.92578462211031,64.00423202798781
U-all,2074165,415431,IS,HOOD,"Will Robinhood Markets, Inc. (HOOD) hit (LOW) $70 in May?",sell YES,0.7599999999999999,nan,nan,0.22569147130382977,0.37364476915856254,0.5215980670132954,2026-05-29,False,0.0,75.2704,74.54079999999999,22.6,22.6,17.0111104,5.424000000000003
U-all,2074168,415431,IS,HOOD,"Will Robinhood Markets, Inc. (HOOD) hit (LOW) $55 in May?",sell YES,0.0424841853459732,nan,nan,0.0,0.016926860347787228,0.053915184811470424,2026-05-29,False,0.0,4.085701417231476,3.922984299865627,451.48,100,4.085701417231476,95.75158146540268
U-all,2074169,415431,IS,HOOD,"Will Robinhood Markets, Inc. (HOOD) hit (LOW) $50 in May?",sell YES,0.0684603529058858,nan,nan,0.0,0.007021512440563591,0.01738660223377651,2026-05-29,True,0.0,6.590941158645032,6.335847026701483,242.872426,100,6.590941158645032,93.15396470941141
U-all,2350384,522280,IS,META,"Will Meta Platforms, Inc. (META) hit (LOW) $500 in June?",sell YES,0.0850000034599995,nan,nan,0.0,0.0,0.48179182928014097,2026-07-02,True,0.0,8.188900334512752,7.8778003230255536,54.644786,54.644786,4.474807063547778,49.99997900092907
U-all,2350385,522280,IS,META,"Will Meta Platforms, Inc. (META) hit (LOW) $480 in June?",sell YES,0.0521434584239412,nan,nan,0.0,0.0,0.1994082848965028,2026-07-02,True,0.0,5.016647769724001,4.818949697053873,5991.260143,100,5.016647769724001,94.78565415760588
U-all,2073901,415404,IS,MSFT,Will Microsoft Corporation (MSFT) hit (LOW) $390 in May?,sell YES,0.390000008533333,nan,nan,0.14544561484024576,0.1940946653212935,0.24274371580234125,2026-05-29,False,0.0,38.04840084582396,37.096800838314635,24.590161,24.590161,9.356163025913473,14.999998000163965
U-all,1016054,122441,IS,NVDA,Will NVIDIA dip to $108 in January?,sell YES,0.04,nan,nan,0.0,0.002007685963658028,0.008030743854632113,2026-01-30,False,0.0,4.0000000000000036,4.0000000000000036,20.0,20.0,0.8000000000000007,19.2
U-all,2073759,415380,IS,AAPL,Will Apple (AAPL) hit (HIGH) $320 in May?,sell YES,0.0418073371036004,nan,nan,0.012036878469537585,0.01655070789561418,0.021064537321690772,2026-05-29,False,0.0,4.020495775688417,3.860257841016791,82.488607,82.488607,3.3164509598592202,79.03997799994458
U-all,2073784,415380,IS,AAPL,Will Apple (AAPL) hit (HIGH) $304 in May?,sell YES,0.1900000242999999,nan,nan,0.07823971005199427,0.09529195455050583,0.11234419904901745,2026-05-29,False,1.0,-81.615597630264,-82.231197690528,1.234563,1.234563,-1.0075959705721163,0.9999960000001192
U-all,2073796,415380,IS,AAPL,Will Apple (AAPL) hit (HIGH) $296 in May?,sell YES,0.39,nan,nan,0.1283933703417342,0.1534702004866042,0.17854703063147412,2026-05-29,False,1.0,-61.9516,-62.903200000000005,5.0,5.0,-3.09758,3.05
U-all,2073808,415380,IS,AAPL,Will Apple (AAPL) hit (HIGH) $288 in May?,sell YES,0.68,nan,nan,0.30092196173843955,0.3661217201151015,0.4313214784917634,2026-05-29,False,1.0,-32.8704,-33.74079999999999,207.14,100,-32.8704,31.999999999999996
U-all,2073828,415380,IS,AAPL,Will Apple (AAPL) hit (LOW) $264 in May?,sell YES,0.3759414643305733,nan,nan,0.11435034546060704,0.14143332201706657,0.16851629857352618,2026-05-29,False,0.0,36.65570851414711,35.71727059523687,466.128386,100,36.65570851414711,62.40585356694267
U-all,2253947,415380,IS,AAPL,Will Apple (AAPL) hit (LOW) $288 in May?,sell YES,0.3440049010134294,nan,nan,0.11617810919951665,0.17026102210273983,0.2243439350059632,2026-05-29,False,0.0,33.497827984974265,32.595165868605584,19.207456,19.207456,6.434080571169619,12.599997000000199
U-all,1542553,257175,IS,GOOGL,Will Google reach $375 in April?,sell YES,0.04,nan,nan,nan,nan,nan,nan,False,1.0,-96.1536,-96.3072,100.0,100.0,-96.15360000000001,96.0
U-all,1262763,186936,IS,AMZN,Will Amazon reach $256 in February?,sell YES,0.5481497838335573,nan,nan,0.21064537321690785,0.25076830144869966,0.29089122968049164,2026-02-27,False,0.0,54.81497838335573,54.81497838335573,1043.708694,100,54.81497838335573,45.18502161664427
U-all,1262765,186936,IS,AMZN,Will Amazon reach $240 in February?,sell YES,0.9200000000000002,nan,nan,0.4413522105497114,0.4764597727525293,0.5115673349553472,2026-02-27,False,1.0,-7.999999999999985,-7.999999999999985,20.0,20.0,-1.599999999999997,1.599999999999997
U-all,1262767,186936,IS,AMZN,Will Amazon dip to $224 in February?,sell YES,0.54,nan,nan,0.24073756939075153,0.2858758636515174,0.33101415791228345,2026-02-27,False,1.0,-46.0,-46.0,40.0,40.0,-18.4,18.4
U-all,1262768,186936,IS,AMZN,Will Amazon dip to $216 in February?,sell YES,0.35,nan,nan,0.1805531770430638,0.2206761052748558,0.2607990335066477,2026-02-27,False,1.0,-65.0,-65.0,30.0,30.0,-19.5,19.5
U-all,1262769,186936,IS,AMZN,Will Amazon dip to $204 in February?,sell YES,0.17375,nan,nan,0.06620283158245667,0.08927351531573705,0.11234419904901745,2026-02-27,False,1.0,-82.625,-82.625,64.0,64.0,-52.88,52.88
U-all,1262770,186936,IS,AMZN,Will Amazon dip to $192 in February?,sell YES,0.1099999999999999,nan,nan,0.03209834258543354,0.04513829426076593,0.05817824593609833,2026-02-27,False,0.0,10.999999999999998,10.999999999999998,49.09,49.09,5.399899999999999,43.69010000000001
U-all,1262771,186936,IS,AMZN,Will Amazon dip to $176 in February?,sell YES,0.0288868421052631,nan,nan,0.004012292823179198,0.01705224449851157,0.03009219617384396,2026-02-27,False,0.0,2.8886842105263173,2.8886842105263173,38.0,38.0,1.0977000000000006,36.902300000000004
U-all,3866442,907961,OOS,SPY,Will S&P 500 (SPY) hit (HIGH) $790 in September?,sell YES,0.305,nan,nan,0.18567025232850665,0.22330611428698782,0.26094197624546905,2026-09-30,False,0.0,29.652100000000004,28.8042,10.0,10.0,2.965210000000001,6.950000000000001
U-all,3866447,907961,OOS,SPY,Will S&P 500 (SPY) hit (LOW) $740 in September?,sell YES,0.26,nan,nan,0.08028983884475954,0.11541664333934205,0.15054344783392457,2026-09-30,False,0.0,25.230400000000003,24.460800000000003,20.0,20.0,5.046080000000001,14.8
U-all,3866448,907961,OOS,SPY,Will S&P 500 (SPY) hit (LOW) $730 in September?,sell YES,0.18,nan,nan,0.04516303435017748,0.07527172391696217,0.10538041348374709,2026-09-30,False,0.0,17.409600000000005,16.819200000000002,28.0,28.0,4.874688000000001,22.96
U-all,1262901,186966,IS,OPEN,Will Opendoor reach $10.25 in February?,sell YES,0.097,nan,nan,0.0,0.0,0.060184392347687916,2026-02-27,False,0.0,9.7,9.7,10.98,10.98,1.06506,9.914940000000001
U-all,1262904,186966,IS,OPEN,Will Opendoor reach $7.50 in February?,sell YES,0.19,nan,nan,0.04012292823179194,0.05015366028973992,0.060184392347687916,2026-02-27,False,0.0,19.0,19.0,20.0,20.0,3.8,16.200000000000003
U-all,1262910,186966,IS,OPEN,Will Opendoor dip to $4.25 in February?,sell YES,0.42,nan,nan,0.16049171292716777,0.2507683014486996,0.3410448899702316,2026-02-27,False,0.0,42.0,42.0,44.0,44.0,18.48,25.520000000000003
U-all,694415,86624,IS,TSLA,Will Tesla (TSLA) hit $505 before 2026??,sell YES,0.13,nan,nan,0.04520760068713089,0.06730909435639484,0.08941058802565881,2026-01-02,False,0.0,13.0,13.0,20.0,20.0,2.6,17.4
U-all,694419,86624,IS,TSLA,Will Tesla (TSLA) hit $420 before 2026??,sell YES,0.7634886593307881,nan,nan,0.2662225373797709,0.3390570051534815,0.4118914729271925,2026-01-02,False,1.0,-23.651134066921188,-23.651134066921188,445.3,100,-23.651134066921188,23.651134066921188
U-all,694425,86624,IS,TSLA,Will Tesla (TSLA) hit $360 before 2026??,sell YES,0.59,nan,nan,0.241107203664698,0.30389553795237995,0.36668387224006155,2026-01-02,False,0.0,59.0,59.0,100.0,100.0,59.0,41.0
U-all,694426,86624,IS,TSLA,Will Tesla (TSLA) hit $350 before 2026??,sell YES,0.48,nan,nan,0.1908765362345526,0.24864180377921957,0.3064070713238869,2026-01-02,False,0.0,48.0,48.0,500.0,100,48.0,52.0
U-all,694427,86624,IS,TSLA,Will Tesla (TSLA) hit $315 before 2026??,sell YES,0.1725126501116161,nan,nan,0.08539213463124716,0.12306513520385623,0.16073813577646529,2026-01-02,False,0.0,17.251265011161614,17.251265011161614,961.62195,100,17.251265011161614,82.7487349888384
U-all,3096329,746373,OOS,SPY,Will S&P 500 (SPY) hit (HIGH) $800 in August?,sell YES,0.0176475214778255,nan,nan,nan,nan,nan,nan,False,0.0,1.6954078019284915,1.6260634560744305,563.7551990000001,100,1.6954078019284915,98.23524785221744
U-all,3096330,746373,OOS,SPY,Will S&P 500 (SPY) hit (HIGH) $790 in August?,sell YES,0.0455122873650997,nan,nan,0.02508507593757637,0.037627613906364564,0.050170151875152766,2026-08-31,False,0.0,4.3774650602543925,4.203701383998807,531.410909,100,4.3774650602543925,95.44877126349003
U-all,3096331,746373,OOS,SPY,Will S&P 500 (SPY) hit (HIGH) $780 in August?,sell YES,0.1022665151233842,nan,nan,0.08027224300024435,0.10535731893782074,0.13044239487539708,2026-08-31,False,0.0,9.859419212306818,9.492186912275208,152.69565,100,9.859419212306818,89.7733484876616
U-all,3096336,746373,OOS,SPY,Will S&P 500 (SPY) hit (LOW) $730 in August?,sell YES,0.5583182217576719,nan,nan,0.1204083645003667,0.17559553156303442,0.2307826986257026,2026-08-31,False,0.0,54.845426235723096,53.859030295679,1801.110293,100,54.845426235723096,44.168177824232814
U-all,3096339,746373,OOS,SPY,Will S&P 500 (SPY) hit (LOW) $700 in August?,sell YES,0.1360999671185667,nan,nan,0.03511910631260706,0.06020418225018335,0.08528925818775963,2026-08-31,False,0.0,13.139689647581108,12.66938258330554,1845.442334,100,13.139689647581108,86.39000328814332
U-all,3096340,746373,OOS,SPY,Will S&P 500 (SPY) hit (LOW) $690 in August?,sell YES,0.097905032808057,nan,nan,0.025085075937576397,0.04766164428139521,0.0702382126252139,2026-08-31,False,0.0,9.437224731370062,9.083946181934422,573.04,100,9.437224731370062,90.2094967191943
U-all,2074104,415427,IS,OPEN,Will Opendoor Technologies Inc. (OPEN) hit (HIGH) $6.50 in May?,sell YES,0.4399999999999999,nan,nan,0.17052244498511576,0.21064537321690774,0.2507683014486996,2026-05-29,False,0.0,43.014399999999995,42.0288,40.0,40.0,17.205759999999998,22.400000000000002
U-all,2074108,415427,IS,OPEN,Will Opendoor Technologies Inc. (OPEN) hit (LOW) $4.50 in May?,sell YES,0.4699999999999998,nan,nan,0.2307068373328037,0.3009219617384396,0.3711370861440755,2026-05-29,False,1.0,-53.99640000000001,-54.99280000000002,43.77,43.77,-23.63422428,23.19810000000001
U-all,3096167,746354,OOS,NVDA,Will NVIDIA (NVDA) hit (HIGH) $248 in August?,sell YES,0.061784712769335,nan,nan,0.024092231563896345,0.05420752101876678,0.08432281047363724,2026-09-04,False,0.0,5.946601828784122,5.7147323806347385,680.517787,100,5.946601828784122,93.8215287230665
U-all,3096170,746354,OOS,NVDA,Will NVIDIA (NVDA) hit (HIGH) $232 in August?,sell YES,0.2069806799460835,nan,nan,0.07829975258266315,0.11945731483765275,0.16061487709264233,2026-09-04,False,0.0,20.041509282307796,19.38495057000723,200.31,100,20.041509282307796,79.30193200539165
U-all,3096177,746354,OOS,NVDA,Will NVIDIA (NVDA) hit (LOW) $184 in August?,sell YES,0.59,nan,nan,0.19073016654751268,0.2409223156389634,0.29111446473041414,2026-09-04,False,0.0,58.0324,57.06479999999999,56.5,56.5,32.788306000000006,23.165000000000003
U-all,3096178,746354,OOS,NVDA,Will NVIDIA (NVDA) hit (LOW) $176 in August?,sell YES,0.3100400318163106,nan,nan,0.1244765297467978,0.17466867883824852,0.22486082792969925,2026-09-04,False,0.0,30.148342339680458,29.29268149772985,320.156247,100,30.148342339680458,68.99599681836894
U-all,2350409,522282,IS,NVDA,Will NVIDIA (NVDA) hit (LOW) $192 in June?,sell YES,0.3313480510608126,nan,nan,0.1686271402480494,0.19773539660039127,0.22684365295273304,2026-07-02,False,1.0,-67.75142097439479,-68.63764705487084,43.643332,43.643332,-29.568977590572754,29.182199
U-all,2350410,522282,IS,NVDA,Will NVIDIA (NVDA) hit (LOW) $184 in June?,sell YES,0.1040487105660666,nan,nan,0.07628370630268902,0.127474088163704,0.17866447002471894,2026-07-02,False,0.0,10.03198075102424,9.65909044544182,76.78988,76.78988,7.703545980334611,68.79999200147701
U-all,2350411,522282,IS,NVDA,Will NVIDIA (NVDA) hit (LOW) $176 in June?,sell YES,0.0901460814809835,nan,nan,0.006022397866001767,0.046171716972680174,0.08632103607935858,2026-07-02,False,0.0,8.686529086199927,8.358450024301497,115.381155,100,8.686529086199927,90.98539185190165
U-all,2350412,522282,IS,NVDA,Will NVIDIA (NVDA) hit (LOW) $168 in June?,sell YES,0.0485200779779094,nan,nan,0.02609705741934097,0.040149319106678405,0.054201580794015845,2026-07-02,False,0.0,4.6673442777472385,4.48268075770353,4889.49748,100,4.6673442777472385,95.14799220220907
U-all,2350413,522282,IS,NVDA,Will NVIDIA (NVDA) hit (LOW) $160 in June?,sell YES,0.0207609897540537,nan,nan,0.01204479573200353,0.01806719359800528,0.02408959146400705,2026-07-02,False,0.0,1.9947790911714351,1.913459206937492,289.4901,100,1.9947790911714351,97.92390102459463
U-all,1262702,186921,IS,AAPL,Will Apple reach $284 in February?,sell YES,0.1476648352,nan,nan,0.0722212708172255,0.09027658852153184,0.10833190622583823,2026-02-27,False,0.0,14.76648352,14.76648352,91.0,91.0,13.4375000032,77.5624999968
U-all,1262703,186921,IS,AAPL,Will Apple reach $272 in February?,sell YES,0.43,nan,nan,0.21465766604008696,0.2507683014486997,0.2868789368573124,2026-02-27,False,1.0,-57.00000000000001,-57.00000000000001,20.0,20.0,-11.400000000000002,11.400000000000002
U-all,1262704,186921,IS,AAPL,Will Apple reach $264 in February?,sell YES,0.75,nan,nan,0.4212907464338153,0.4814751387815032,0.5416595311291913,2026-02-27,False,1.0,-25.0,-25.0,12.0,12.0,-3.0,3.0
U-all,1262706,186921,IS,AAPL,Will Apple dip to $248 in February?,sell YES,0.5623780952095757,nan,nan,0.15647942010398863,0.2166638124516765,0.2768482047993644,2026-02-27,False,0.0,56.23780952095757,56.23780952095757,1641.65,100,56.23780952095757,43.76219047904243
U-all,1262708,186921,IS,AAPL,Will Apple dip to $232 in February?,sell YES,0.140000086,nan,nan,0.04614136746656075,0.06419668517086712,0.08225200287517347,2026-02-27,False,0.0,14.000008600000005,14.000008600000005,2.32557,2.32557,0.3255799999990201,1.9999900000009798
U-all,694429,86625,IS,AMZN,Will Amazon (AMZN) hit $300 before 2026??,sell YES,0.012,nan,nan,0.0,0.004018453394411633,0.013059973531837807,2026-01-02,False,0.0,1.200000000000001,1.200000000000001,51.0,51.0,0.6120000000000005,50.388
U-all,2073951,415411,IS,AMZN,"Will Amazon.com, Inc. (AMZN) hit (LOW) $256 in May?",sell YES,0.558136665612148,nan,nan,0.23070683733280375,0.2758451315935697,0.32098342585433565,2026-05-29,False,1.0,-45.172813951231205,-46.159294463677206,252.88,100,-45.1728139512312,44.1863334387852
U-all,2073953,415411,IS,AMZN,"Will Amazon.com, Inc. (AMZN) hit (LOW) $248 in May?",sell YES,0.3975899147243851,nan,nan,0.10030732057947986,0.13140258995911866,0.16249785933875743,2026-05-29,False,0.0,38.80094277470315,37.84289407696779,161.82,100,38.80094277470315,60.24100852756149
U-all,657230,69126,IS,OPEN,Will Opendoor reach $13 in November?,sell YES,0.1,nan,nan,0.0,0.05684081499503857,0.12705593940067453,2025-11-28,False,0.0,10.0,10.0,300.0,100,10.0,90.0
U-all,657233,69126,IS,OPEN,Will Opendoor reach $9.75 in November?,sell YES,0.3024242424212121,nan,nan,0.0,0.25076830144869966,0.581782459360983,2025-11-28,False,0.0,30.242424242121206,30.242424242121206,165.0,100,30.242424242121206,69.7575757578788
U-all,657236,69126,IS,OPEN,Will Opendoor reach $8 in November?,sell YES,0.93,nan,nan,0.21064537321690768,0.3861831842309973,0.5617209952450872,2025-11-28,False,1.0,-6.999999999999995,-6.999999999999995,50.0,50.0,-3.4999999999999973,3.4999999999999973
U-all,657241,69126,IS,OPEN,Will Opendoor dip to $5 in November?,sell YES,0.4172549019607843,nan,nan,0.05015366028973992,0.1253841507243498,0.20061464115895974,2025-11-28,False,0.0,41.72549019607843,41.72549019607843,510.0,100,41.72549019607843,58.27450980392157
U-all,1015964,122429,IS,AMZN,Will Amazon reach $320 in January?,sell YES,0.05,nan,nan,0.0,0.0003346143272763375,0.010038429818290144,2026-01-30,True,0.0,5.000000000000004,5.000000000000004,20.0,20.0,1.0000000000000009,19.0
U-all,1542740,257201,IS,NFLX,Will Netflix reach $455 in April?,sell YES,0.012,nan,nan,nan,nan,nan,nan,False,0.0,1.152576000000001,1.1051520000000008,34.42,34.42,0.3967166592000003,34.00696
U-all,1262737,186927,IS,MSFT,Will Microsoft reach $480 in February?,sell YES,0.1855855443732845,nan,nan,0.033101415791228335,0.04112600143758671,0.04915058708394513,2026-02-27,False,0.0,18.558554437328453,18.558554437328453,43.72,43.72,8.1138,35.6062
U-all,1262738,186927,IS,MSFT,Will Microsoft dip to $465 in February?,sell YES,0.977290865617196,nan,nan,0.7673510024330208,0.9228273493312142,1.0,2026-02-27,False,1.0,-2.2709134382803864,-2.2709134382803864,136.633125,100,-2.2709134382803864,2.2709134382803975
U-all,1262740,186927,IS,MSFT,Will Microsoft dip to $435 in February?,sell YES,0.9340274459104104,nan,nan,0.5366441651002172,0.5943208744334179,0.6519975837666191,2026-02-27,False,1.0,-6.597255408958969,-6.597255408958969,158.959997,100,-6.597255408958969,6.597255408958958
U-all,2074029,415420,IS,META,"Will Meta Platforms, Inc. (META) hit (LOW) $580 in May?",sell YES,0.5465,nan,nan,0.19058390910101178,0.23572220336177763,0.28086049762254356,2026-05-29,False,0.0,53.658649,52.667297999999995,500.0,100,53.658649,45.35
U-all,2074031,415420,IS,META,"Will Meta Platforms, Inc. (META) hit (LOW) $560 in May?",sell YES,0.29,nan,nan,0.10030732057947986,0.14043024881127178,0.18055317704306373,2026-05-29,False,0.0,28.176399999999997,27.3528,15.16,15.16,4.27154224,10.7636
U-all,1262870,186959,IS,NFLX,Will Netflix reach $105 in February?,sell YES,0.0333783784,nan,nan,0.0,0.005015366028973994,0.0234050414685453,2026-02-27,True,0.0,3.337837840000002,3.337837840000002,74.0,74.0,2.4700000016000017,71.5299999984
U-all,1262871,186959,IS,NFLX,Will Netflix dip to $70 in February?,sell YES,0.0999999999999999,nan,nan,nan,nan,nan,nan,False,0.0,9.999999999999998,9.999999999999998,10.0,10.0,0.9999999999999999,9.000000000000002
U-all,1542510,257169,IS,SPX,Will S&P 500 (SPX) hit 5500 (LOW) in March?,sell YES,0.0617661371349286,nan,nan,0.0,0.01001974549600433,0.06011847297602571,2026-03-31,False,0.0,6.176613713492864,6.176613713492864,49.73,49.73,3.0716299997200007,46.658370000279994
U-all,1542511,257169,IS,SPX,Will S&P 500 (SPX) hit 5350 (LOW) in March?,sell YES,0.036167154357659,nan,nan,0.0,0.00500987274800212,0.05009872748002138,2026-03-31,False,0.0,3.616715435765902,3.616715435765902,96.221615,96.221615,3.4800620022482387,92.74155299775175
U-all,1542514,257169,IS,SPX,Will S&P 500 (SPX) hit 4750 (LOW) in March?,sell YES,0.0136396024885937,nan,nan,0.0,0.004007898198401714,0.009017770946403852,2026-03-31,False,0.0,1.3639602488593705,1.3639602488593705,33594.379042,100,1.3639602488593703,98.63603975114063
U-all,2074078,415425,IS,NFLX,"Will Netflix, Inc. (NFLX) hit (HIGH) $95 in May?",sell YES,0.6635256589482245,nan,nan,0.3159680598253615,0.3435525729847186,0.3711370861440755,2026-05-29,False,0.0,65.45952845936026,64.56649102389805,786.86,100,65.45952845936026,33.64743410517755
U-all,2074081,415425,IS,NFLX,"Will Netflix, Inc. (NFLX) hit (LOW) $80 in May?",sell YES,0.0890781594580303,nan,nan,nan,nan,nan,nan,False,0.0,8.583242981940632,8.258670018078233,30.66333,30.66333,2.6319081202542964,27.931897000745792
U-all,694364,86620,IS,AAPL,Will Apple (AAPL) hit $285 before 2026??,sell YES,0.5300001081,nan,nan,0.2531625638479329,0.306407071323887,0.35965157879984117,2026-01-02,False,1.0,-46.99998919,-46.99998919,4.255318,4.255318,-1.9999990000001242,1.9999990000001242
U-all,4798164,907947,OOS,META,"Will Meta Platforms, Inc. (META) hit (HIGH) $820 in September?",sell YES,0.0500000024549074,nan,nan,0.016008769525678035,0.032017539051356056,0.04802630857703409,2026-09-30,False,0.0,4.810000236653082,4.620000227815415,319.505264,100,4.810000236653082,94.99999975450926
U-all,702411,89780,IS,NVDA,Will NVIDIA reach $264 in December?,sell YES,0.035,nan,nan,0.0,0.004015371927316056,0.008030743854632117,2026-01-02,False,0.0,3.5000000000000018,3.5000000000000018,19.7,19.7,0.6895000000000003,19.0105
U-all,702416,89780,IS,NVDA,Will NVIDIA reach $192 in December?,sell YES,0.3853690077283315,nan,nan,0.21683008407506713,0.2318877288025023,0.24694537352993753,2026-01-02,False,1.0,-61.46309922716685,-61.46309922716685,13.444488,13.444488,-8.26339900002454,8.26339900002454
U-all,702423,89780,IS,NVDA,Will NVIDIA dip to $120 in December?,sell YES,0.0776796047511082,nan,nan,0.008030743854632113,0.01054035130920465,0.013049958763777188,2026-01-02,False,0.0,7.767960475110821,7.767960475110821,26.5959,26.5959,2.065958999999999,24.529941
U-all,1016057,122442,IS,NFLX,Will Netflix reach $298 in January?,sell YES,0.0252438640654499,nan,nan,nan,nan,nan,nan,False,0.0,2.5243864065449992,2.5243864065449992,63.56,63.56,1.6045000000000016,61.95550000000001
U-all,1016059,122442,IS,NFLX,Will Netflix reach $175 in January?,sell YES,0.024478033051189,nan,nan,0.0,0.0,0.06357672218250424,2026-01-30,True,0.0,2.4478033051189056,2.4478033051189056,74.43,74.43,1.8219000000000016,72.60810000000001
U-all,1016060,122442,IS,NFLX,Will Netflix reach $140 in January?,sell YES,0.06,nan,nan,0.0,0.0,0.06357672218250424,2026-01-30,True,0.0,6.000000000000005,6.000000000000005,20.0,20.0,1.200000000000001,18.799999999999997
U-all,694377,86621,IS,MSFT,Will Microsoft (MSFT) hit $525 before 2026??,sell YES,0.3199999999999999,nan,nan,0.0,0.057262960870365774,0.13059973531837807,2026-01-02,False,0.0,31.999999999999996,31.999999999999996,110.0,100,31.999999999999996,68.00000000000001
U-all,694378,86621,IS,MSFT,Will Microsoft (MSFT) hit $500 before 2026??,sell YES,0.5847619047619047,nan,nan,0.17580733600550894,0.3139416714384089,0.4520760068713088,2026-01-02,False,0.0,58.47619047619047,58.47619047619047,210.0,100,58.47619047619047,41.52380952380953
U-all,694379,86621,IS,MSFT,Will Microsoft (MSFT) hit $485 before 2026??,sell YES,0.8,nan,nan,0.1908765362345526,0.4319837398992506,0.6730909435639486,2026-01-02,False,1.0,-19.999999999999996,-19.999999999999996,110.0,100,-19.999999999999996,19.999999999999996
U-all,694386,86621,IS,MSFT,Will Microsoft (MSFT) hit $335 before 2026??,sell YES,0.046,nan,nan,0.0,0.0030138400458087273,0.23407491022447763,2026-01-02,False,0.0,4.6,4.6,21.0,21.0,0.966,20.034
U-all,2350399,522281,IS,TSLA,"Will Tesla, Inc. (TSLA) hit (LOW) $330 in June?",sell YES,0.03,nan,nan,0.0,0.020074659553339202,0.0431605180396793,2026-07-02,False,0.0,2.8836000000000026,2.767200000000002,1.0309,1.0309,0.029727032400000027,0.9999729999999999
U-left,657160,69121,IS,META,Will Meta reach $960 in November?,sell YES,0.0186791353553264,0.012036878469537583,0.6642256885788816,0.0015046098086921936,0.006018439234768792,0.01053226866084539,2025-11-28,False,0.0,1.8679135355326413,1.8679135355326413,580.311604,100,1.867913535532641,98.13208646446736
U-left,657161,69121,IS,META,Will Meta reach $910 in November?,sell YES,0.0218691278525013,0.015547634689819359,0.6321493162681942,0.0025076830144869985,0.0077738173449096795,0.013039951675332376,2025-11-28,False,0.0,2.1869127852501324,2.1869127852501324,2324.965416,100,2.1869127852501324,97.81308721474987
U-left,657162,69121,IS,META,Will Meta reach $870 in November?,sell YES,0.0442129629673611,0.02006146411589599,2.415149885146511,0.0,0.010030732057947994,0.021064537321690766,2025-11-28,False,0.0,4.421296296736112,4.421296296736112,864.0,100,4.421296296736112,95.57870370326388
U-left,657164,69121,IS,META,Will Meta reach $800 in November?,sell YES,0.0844583962339388,0.0471444406723556,3.7313955561583207,0.006018439234768797,0.0235722203361778,0.041126001437586754,2025-11-28,False,0.0,8.445839623393887,8.445839623393887,1445.52688,100,8.445839623393887,91.55416037660612
U-left,657167,69121,IS,META,Will Meta dip to $740 in November?,sell YES,0.98032535732229,1.0,-1.967464267771002,0.5416595311291904,0.9102889342587785,1.0,2025-11-28,False,1.0,-1.9674642677709908,-1.9674642677709908,27997.270698,100,-1.9674642677709908,1.967464267771002
U-left,657171,69121,IS,META,Will Meta dip to $640 in November?,sell YES,0.91,0.8927351531573713,1.7264846842628745,0.3209834258543358,0.44636757657868564,0.5717517273030351,2025-11-28,False,1.0,-8.999999999999996,-8.999999999999996,12.0,12.0,-1.0799999999999996,1.0799999999999996
U-left,657173,69121,IS,META,Will Meta dip to $550 in November?,sell YES,0.0799999999999999,0.11134112584322259,-3.1341125843222684,0.03410448899702314,0.055670562921611294,0.07723663684619947,2025-11-28,False,0.0,7.9999999999999964,7.9999999999999964,25.0,25.0,1.9999999999999991,23.000000000000004
U-left,657174,69122,IS,TSLA,Will Tesla reach $615 in November?,sell YES,0.0567243606719904,0.056172099524508724,0.0552261147481678,0.019058390910101166,0.028086049762254362,0.037113708614407534,2025-11-28,False,0.0,5.67243606719904,5.67243606719904,965.65314,100,5.67243606719904,94.32756393280096
U-left,657175,69122,IS,TSLA,Will Tesla reach $578 in November?,sell YES,0.0726436150473279,0.10030732057947986,-2.7663705532151956,0.0200614641158959,0.05015366028973993,0.08024585646358395,2025-11-28,False,0.0,7.264361504732799,7.264361504732799,1864.47263,100,7.264361504732799,92.73563849526721
U-left,657187,69122,IS,TSLA,Will Tesla dip to $308 in November?,sell YES,0.0300000005999999,0.026079903350664742,0.39200972493351577,0.004012292823179198,0.013039951675332371,0.022067610527485543,2025-11-28,False,0.0,3.0000000599999965,3.0000000599999965,17.608233,17.608233,0.5282470005649391,17.07998599943506
U-left,657188,69123,IS,NVDA,Will NVIDIA reach $288 in November?,sell YES,0.0324795130236421,0.012036878469537594,2.04426345541045,0.0,0.006018439234768797,0.012036878469537588,2025-11-28,False,0.0,3.247951302364218,3.247951302364218,806.61,100,3.247951302364218,96.7520486976358
U-left,657189,69123,IS,NVDA,Will NVIDIA reach $268 in November?,sell YES,0.0497449504078739,0.026079903350664742,2.3665047057209154,0.008024585646358396,0.013039951675332371,0.018055317704306368,2025-11-28,False,0.0,4.974495040787396,4.974495040787396,408.41665,100,4.974495040787396,95.02550495921261
U-left,657200,69123,IS,NVDA,Will NVIDIA dip to $144 in November?,sell YES,0.0372857142857143,0.048221440732939595,-1.0935726447225298,0.010046133486029068,0.024110720366469798,0.038175307246910525,2025-12-12,False,0.0,3.7285714285714313,3.7285714285714313,700.0,100,3.7285714285714313,96.27142857142857
U-left,2074174,415432,IS,SPY,Will S&P 500 (SPY) hit (HIGH) $740 in May?,sell YES,0.5068369120615288,0.6219053875927752,-11.506847553124643,0.27584513159356955,0.3109526937963876,0.3460602559992057,2026-05-29,False,1.0,-50.31612182038096,-51.31593484691482,6129.389997,100,-50.31612182038096,49.31630879384712
U-left,657154,69120,IS,GOOGL,Will Google dip to $260 in November?,sell YES,0.3700000209777795,0.3560909880571535,1.3909032920626008,0.15347020048660417,0.17804549402857675,0.20262078757054933,2025-11-28,False,0.0,37.00000209777796,37.00000209777796,14.285710000000002,14.285710000000002,5.2857129996824765,8.999997000317526
U-left,657155,69120,IS,GOOGL,Will Google dip to $250 in November?,sell YES,0.1700000040407392,0.1885777626894221,-1.8577758648682914,0.07623356364040466,0.09428888134471106,0.11234419904901745,2025-11-28,False,0.0,17.00000040407392,17.00000040407392,32.530111,32.530111,5.530119001445694,26.999991998554304
U-left,657132,69119,IS,AMZN,Will Amazon reach $312 in November?,sell YES,0.02,0.014043024881127186,0.5956975118872814,0.0,0.007021512440563593,0.014043024881127181,2025-11-28,False,0.0,2.000000000000001,2.000000000000001,21.0204,21.0204,0.42040800000000017,20.599991999999997
U-left,657134,69119,IS,AMZN,Will Amazon reach $276 in November?,sell YES,0.1400000008999999,0.1223749311069654,1.7625069793034491,0.04614136746656075,0.0611874655534827,0.07623356364040466,2025-11-28,False,0.0,14.000000089999997,14.000000089999997,23.255807,23.255807,3.2558130009302255,19.999993999069776
U-left,657143,69119,IS,AMZN,Will Amazon dip to $184 in November?,sell YES,0.0638893256033178,0.020061464115895978,4.382786148742182,0.002006146411589599,0.010030732057947989,0.018055317704306375,2025-11-28,False,0.0,6.38893256033178,6.38893256033178,390.346443,100,6.38893256033178,93.61106743966822
U-left,657166,69121,IS,META,Will Meta reach $760 in November?,sell YES,0.1409655465260031,0.11535341866640188,2.561212785960122,0.030092196173843986,0.05767670933320094,0.0852612224925579,2025-11-28,False,0.0,14.09655465260031,14.09655465260031,86.142283,86.142283,12.143094002092626,73.99918899790738
U-left,657168,69121,IS,META,Will Meta dip to $720 in November?,sell YES,0.9768618633154224,1.0,-2.313813668457765,0.4212907464338157,0.8801967380849364,1.0,2025-11-28,False,1.0,-2.313813668457765,-2.313813668457765,7354.222221,100,-2.313813668457765,2.313813668457765
U-left,657169,69121,IS,META,Will Meta dip to $700 in November?,sell YES,0.955304460258565,1.0,-4.469553974143503,0.5366441651002174,0.8049662476503264,1.0,2025-11-28,False,1.0,-4.469553974143503,-4.469553974143503,1547.0,100,-4.469553974143503,4.469553974143503
U-left,657176,69122,IS,TSLA,Will Tesla reach $548 in November?,sell YES,0.14,0.20061464115895972,-6.06146411589597,0.05015366028973993,0.10030732057947986,0.15046098086921977,2025-11-28,False,0.0,14.000000000000002,14.000000000000002,600.76,100,14.000000000000002,86.0
U-left,657183,69122,IS,TSLA,Will Tesla dip to $420 in November?,sell YES,0.5877848410757947,0.5968285574479054,-0.9043716372110766,0.26079903350664757,0.2984142787239527,0.3360295239412575,2025-11-28,False,1.0,-41.221515892420534,-41.221515892420534,40.9,40.9,-16.859599999999997,16.859599999999997
U-left,657184,69122,IS,TSLA,Will Tesla dip to $398 in November?,sell YES,0.37,0.3611063540861276,0.8893645913872372,0.14043024881127184,0.1805531770430638,0.22067610527485562,2025-11-28,False,1.0,-63.0,-63.0,15.87,15.87,-9.998099999999999,9.998099999999999
U-left,657190,69123,IS,NVDA,Will NVIDIA reach $252 in November?,sell YES,0.0999999999999999,0.06620283158245667,3.3797168417543224,0.028086049762254362,0.033101415791228335,0.03811678182020233,2025-11-28,False,0.0,9.999999999999998,9.999999999999998,111.59,100,9.999999999999998,90.00000000000001
U-left,657192,69123,IS,NVDA,Will NVIDIA reach $224 in November?,sell YES,0.46,0.47144440672355525,-1.1444406723555234,0.20061464115895972,0.23572220336177763,0.27082976556459565,2025-11-28,False,0.0,46.0,46.0,12.85185,12.85185,5.911851,6.939999000000001
U-left,657196,69123,IS,NVDA,Will NVIDIA dip to $192 in November?,sell YES,0.6639732314080062,0.6620283158245669,0.1944915583439344,0.30092196173843955,0.33101415791228345,0.36110635408612746,2025-11-28,False,1.0,-33.60267685919938,-33.60267685919938,129.986665,100,-33.60267685919938,33.60267685919938
U-left,2074175,415432,IS,SPY,Will S&P 500 (SPY) hit (HIGH) $730 in May?,sell YES,0.7397166851132075,0.9779963756499293,-23.82796905367217,0.4463675765786857,0.4889981878249646,0.5316287990712435,2026-05-29,False,1.0,-26.79847513219259,-27.568618775705932,808.403332,100,-26.79847513219259,26.028331488679246
U-left,2074181,415432,IS,SPY,Will S&P 500 (SPY) hit (LOW) $670 in May?,sell YES,0.1529718778646566,0.10532268660845384,4.764919125620276,0.030092196173843986,0.05266134330422692,0.07523049043460986,2026-05-29,False,0.0,14.778901856676798,14.260615926887931,232.176466,100,14.778901856676798,84.70281221353434
U-left,2074183,415432,IS,SPY,Will S&P 500 (SPY) hit (LOW) $650 in May?,sell YES,0.079850663777723,0.0501536602897402,2.96970034879828,0.010030732057947996,0.0250768301448701,0.040122928231791984,2026-05-29,False,0.0,7.691168236684387,7.397270095596466,1385.747654,100,7.691168236684387,92.0149336222277
U-left,657159,69120,IS,GOOGL,Will Google dip to $175 in November?,sell YES,0.02,0.003009219617384396,1.6990780382615602,0.0,0.001504609808692198,0.011033805263742785,2025-11-28,False,0.0,2.0000000000000018,2.0000000000000018,2.0408,2.0408,0.04081600000000003,1.999984
U-left,657136,69119,IS,AMZN,Will Amazon reach $248 in November?,sell YES,0.88,0.9328580813891624,-5.285808138916237,0.40122928231791943,0.4664290406945812,0.5316287990712433,2025-11-28,False,1.0,-12.0,-12.0,451.0,100,-12.0,12.0
U-left,657138,69119,IS,AMZN,Will Amazon reach $232 in November?,sell YES,0.9457272727272726,1.0,-5.427272727272737,0.6419668517086713,0.7422741722881515,0.8425814928676311,2025-11-28,False,1.0,-5.427272727272737,-5.427272727272737,550.0,100,-5.427272727272737,5.427272727272737
U-left,657139,69119,IS,AMZN,Will Amazon dip to $224 in November?,sell YES,0.2917340554839213,0.24675600862552044,4.497804685840085,0.10431961340265901,0.12337800431276022,0.14243639522286144,2025-11-28,False,1.0,-70.82659445160786,-70.82659445160786,82.35042,82.35042,-58.32599800259577,58.32599800259578
U-left,1492659,243792,IS,SPX,"Will S&P 500 (SPX) hit $7,100 (HIGH) in March 2026?",sell YES,0.2136874994597233,0.2907956099268968,-7.7108110467173505,0.04010973930026168,0.1453978049634484,0.2506858706266353,2026-03-31,False,0.0,21.368749945972336,21.368749945972336,230.564802,100,21.368749945972336,78.63125005402767
U-left,1492660,243792,IS,SPX,"Will S&P 500 (SPX) hit $7,000 (HIGH) in March 2026?",sell YES,0.269073321483464,0.6517832636292517,-38.270994214578764,0.10027434825065411,0.3258916318146258,0.5515089153785979,2026-03-31,False,0.0,26.9073321483464,26.9073321483464,702.708087,100,26.9073321483464,73.0926678516536
U-left,1492661,243792,IS,SPX,"Will S&P 500 (SPX) hit $6,900 (HIGH) in March 2026?",sell YES,0.3435107019376205,0.9626337432062817,-61.912304126866125,0.12032921790078378,0.48131687160314085,0.842304525305495,2026-03-31,False,0.0,34.351070193762055,34.351070193762055,319.726915,100,34.351070193762055,65.64892980623796
U-left,1492666,243792,IS,SPX,"Will S&P 500 (SPX) hit $6,300 (LOW) in March 2026?",sell YES,0.3,0.2607133054517015,3.9286694548298473,0.0,0.13035665272585076,0.48131687160314013,2026-03-31,False,0.0,30.000000000000004,30.000000000000004,5.0,5.0,1.5000000000000002,3.5
U-left,1492667,243792,IS,SPX,"Will S&P 500 (SPX) hit $6,200 (LOW) in March 2026?",sell YES,0.1529412013840947,0.240658435801569,-8.771723441747431,0.0,0.1203292179007845,0.4111248278276813,2026-03-31,False,0.0,15.294120138409472,15.294120138409472,2.36111,2.36111,0.36111099999999985,1.999999
U-left,1492668,243792,IS,SPX,"Will S&P 500 (SPX) hit $6,000 (LOW) in March 2026?",sell YES,0.1170094055515349,0.09024691342558855,2.676249212594635,0.0,0.045123456712794274,0.1403840875509156,2026-03-31,False,0.0,11.700940555153492,11.700940555153492,1097.795484,100,11.700940555153492,88.2990594448465
U-left,1432259,229249,IS,NVDA,Will NVIDIA reach $280 in March?,sell YES,0.0084556278487193,0.005018664888334804,0.3436962960384496,0.00100373297766696,0.002509332444167402,0.004014931910667842,2026-04-02,False,0.0,0.845562784871935,0.845562784871935,446.0557,100,0.8455627848719351,99.15443721512807
U-left,1432268,229249,IS,NVDA,Will NVIDIA reach $244 in March?,sell YES,0.0201662183969876,0.018067193598005293,0.20990247989823052,0.006022397866001762,0.009033596799002647,0.01204479573200353,2026-04-02,False,0.0,2.0166218396987645,2.0166218396987645,37.18,37.18,0.7497800000000007,36.43022
U-left,1432272,229249,IS,NVDA,Will NVIDIA reach $228 in March?,sell YES,0.022000001187666,0.04416425101734625,-2.216424982968025,0.018067193598005293,0.022082125508673126,0.02609705741934097,2026-04-02,False,0.0,2.2000001187666083,2.2000001187666083,10.072454,10.072454,0.221593999962712,9.85086000003729
U-left,1432287,229249,IS,NVDA,Will NVIDIA reach $200 in March?,sell YES,0.3586465024053922,0.35833267302710486,0.03138293782873336,0.16762340727038239,0.17916633651355243,0.19070926575672248,2026-04-02,False,0.0,35.86465024053923,35.86465024053923,585.116162,100,35.86465024053923,64.13534975946078
U-left,1432293,229249,IS,NVDA,Will NVIDIA dip to $192 in March?,sell YES,0.9572727266613992,1.0,-4.272727333860082,0.5420158079401585,0.7226877439202111,0.9033596799002643,2026-04-02,False,1.0,-4.272727333860093,-4.272727333860093,21831.424527,100,-4.272727333860093,4.272727333860082
U-left,1432298,229249,IS,NVDA,Will NVIDIA dip to $184 in March?,sell YES,0.9671327179521528,1.0,-3.286728204784717,0.5119038186101496,0.5470344728284937,0.5821651270468371,2026-04-02,False,1.0,-3.2867282047847057,-3.2867282047847057,3650.660581,100,-3.2867282047847057,3.286728204784717
U-left,1432305,229249,IS,NVDA,Will NVIDIA dip to $176 in March?,sell YES,0.6725009051295098,0.9334716692302729,-26.097076410076316,0.44164251017346245,0.46673583461513646,0.4918291590568108,2026-04-02,False,1.0,-32.749909487049024,-32.749909487049024,6.106881,6.106881,-1.999997999981794,1.999997999981794
U-left,1432334,229249,IS,NVDA,Will NVIDIA dip to $152 in March?,sell YES,0.1345146565471875,0.2790377677914149,-14.452311124422742,0.12446288923070312,0.13951888389570746,0.1545748785607119,2026-04-02,False,0.0,13.451465654718753,13.451465654718753,252.598608,100,13.451465654718753,86.54853434528124
U-left,1432337,229249,IS,NVDA,Will NVIDIA dip to $136 in March?,sell YES,0.0305934153072722,0.11041062754336561,-7.981721223609342,0.04817918292801412,0.05520531377168281,0.06223144461535153,2026-04-02,False,0.0,3.0593415307272243,3.0593415307272243,151.26,100,3.0593415307272243,96.94065846927278
U-left,1432342,229249,IS,NVDA,Will NVIDIA dip to $116 in March?,sell YES,0.0101014639071176,0.03613438719601056,-2.603292328889296,0.014052261687337447,0.01806719359800528,0.022082125508673126,2026-04-02,False,0.0,1.0101463907117627,1.0101463907117627,396.2,100,1.0101463907117627,98.98985360928823
U-left,657122,69118,IS,MSFT,Will Microsoft reach $585 in November?,sell YES,0.0646588191446408,0.052159806701329525,1.2499012443311281,0.014043024881127181,0.026079903350664763,0.038116781820202346,2025-11-28,False,0.0,6.4658819144640844,6.4658819144640844,965.91,100,6.4658819144640844,93.53411808553592
U-left,657125,69118,IS,MSFT,Will Microsoft dip to $540 in November?,sell YES,0.9663908769625368,1.0,-3.3609123037463218,0.6369514856796973,0.774874051476482,0.9127966172732669,2025-11-28,False,1.0,-3.3609123037463218,-3.3609123037463218,558.063029,100,-3.3609123037463218,3.3609123037463218
U-left,657128,69118,IS,MSFT,Will Microsoft dip to $488 in November?,sell YES,0.3,0.32499571867751476,-2.4995718677514764,0.10030732057947986,0.16249785933875738,0.2246883980980349,2025-11-28,False,1.0,-70.0,-70.0,15.70857,15.70857,-10.995999,10.995999
U-left,2074058,415424,IS,NVDA,Will NVIDIA (NVDA) hit (HIGH) $264 in May?,sell YES,0.0158050110351996,0.026079903350664787,-1.0274892315465185,0.004012292823179198,0.013039951675332393,0.02206761052748557,2026-05-29,False,0.0,1.5182802528744574,1.45605940222895,624.118071,100,1.5182802528744574,98.41949889648004
U-left,2074059,415424,IS,NVDA,Will NVIDIA (NVDA) hit (HIGH) $256 in May?,sell YES,0.0441411205073996,0.03009219617384394,1.404892433355566,0.008024585646358384,0.01504609808692197,0.022067610527485567,2026-05-29,False,0.0,4.245341322788958,4.076570594837955,151.36,100,4.245341322788958,95.58588794926004
U-left,2074061,415424,IS,NVDA,Will NVIDIA (NVDA) hit (HIGH) $240 in May?,sell YES,0.1172613491635382,0.0952919545505059,2.1969394613032294,0.04313214784917634,0.04764597727525295,0.05215980670132954,2026-05-29,False,0.0,11.312090415730284,10.898045915106744,102.116282,100,11.312090415730284,88.27386508364619
U-left,2074062,415424,IS,NVDA,Will NVIDIA (NVDA) hit (HIGH) $232 in May?,sell YES,0.16,0.1624978593387573,-0.24978593387572912,0.07021512440563588,0.08124892966937865,0.09228273493312146,2026-05-29,False,1.0,-84.5376,-85.0752,501.190475,100,-84.5376,84.0
U-left,2074063,415424,IS,NVDA,Will NVIDIA (NVDA) hit (HIGH) $224 in May?,sell YES,0.28,0.31697113303115637,-3.6971133031156347,0.14043024881127184,0.15848556651557819,0.17654088421988454,2026-05-29,False,1.0,-72.80640000000001,-73.6128,50.0,50.0,-36.403200000000005,36.0
U-left,2074064,415424,IS,NVDA,Will NVIDIA (NVDA) hit (HIGH) $216 in May?,sell YES,0.44,0.43733991772653213,0.26600822734678675,0.19459620192419097,0.21866995886326607,0.24274371580234125,2026-05-29,False,1.0,-56.98559999999999,-57.9712,42.81,42.81,-24.39553536,23.973600000000005
U-left,2074067,415424,IS,NVDA,Will NVIDIA (NVDA) hit (LOW) $192 in May?,sell YES,0.7844296788482835,0.752304904346099,3.212477450218454,0.3410448899702316,0.3761524521730495,0.4112600143758674,2026-05-29,False,0.0,77.76656885366731,77.09016982250625,18.06,18.06,14.044642334972316,3.8931999999999993
U-left,2074068,415424,IS,NVDA,Will NVIDIA (NVDA) hit (LOW) $184 in May?,sell YES,0.4964782096584216,0.46341982107719704,3.3058388581224563,0.21064537321690766,0.23170991053859852,0.2527744478602893,2026-05-29,False,0.0,48.64787057787101,47.64792018989984,152.82,100,48.64787057787101,50.35217903415784
U-left,2074070,415424,IS,NVDA,Will NVIDIA (NVDA) hit (LOW) $168 in May?,sell YES,0.1411999923852655,0.18255932345465328,-4.1359331069387775,0.08024585646358387,0.09127966172732664,0.10231346699106945,2026-05-29,False,0.0,13.634949020383887,13.14989880224122,633.94002,100,13.634949020383887,85.88000076147345
U-left,2074071,415424,IS,NVDA,Will NVIDIA (NVDA) hit (LOW) $160 in May?,sell YES,0.0982855760909604,0.1023134669910695,-0.40278909001090907,0.046141367466560744,0.05115673349553475,0.056172099524508724,2026-05-29,False,0.0,9.47405552260233,9.119553436108616,1809.745235,100,9.47405552260233,90.17144239090396
U-left,1432262,229251,IS,GOOGL,Will Google reach $420 in March?,sell YES,0.02,0.0030111989330008824,1.698880106699912,0.0,0.0015055994665004412,0.013048528709670486,2026-04-02,True,0.0,2.0000000000000018,2.0000000000000018,56.0,56.0,1.120000000000001,54.879999999999995
U-left,1432267,229251,IS,GOOGL,Will Google reach $395 in March?,sell YES,0.0247245017584994,0.012044795732003524,1.2679706026495878,0.0,0.006022397866001762,0.013048528709670486,2026-04-02,False,0.0,2.472450175849944,2.472450175849944,34.12,34.12,0.8436000000000008,33.276399999999995
U-left,1432344,229251,IS,GOOGL,Will Google dip to $240 in March?,sell YES,0.03,0.04215678506201235,-1.215678506201235,0.009033596799002647,0.021078392531006174,0.033123188263009695,2026-04-02,False,0.0,3.0000000000000027,3.0000000000000027,44.21,44.21,1.3263000000000011,42.8837
U-left,2350515,522290,IS,SPY,Will S&P 500 (SPY) hit (HIGH) $780 in June?,sell YES,0.3249414702530045,0.4064227672296469,-8.148129697664237,0.16557964590837476,0.20321138361482344,0.24084312132127234,2026-06-30,False,0.0,31.61672898064917,30.73931093599789,64.07,64.07,20.256838257901922,43.25100000089
U-left,2350518,522290,IS,SPY,Will S&P 500 (SPY) hit (HIGH) $750 in June?,sell YES,0.9177142857142858,1.0,-8.228571428571419,0.5920726732481277,0.6823888437436046,0.7727050142390826,2026-06-30,False,1.0,-8.530630530612237,-8.832689632653047,35.0,35.0,-2.985720685714283,2.8799999999999963
U-left,2350521,522290,IS,SPY,Will S&P 500 (SPY) hit (LOW) $720 in June?,sell YES,0.0899999999999999,0.18564990601848036,-9.564990601848047,0.06522834535784454,0.09282495300924018,0.12042156066063606,2026-06-30,False,0.0,8.672399999999996,8.344799999999996,1.0989,1.0989,0.09530100359999995,0.9999990000000002
U-left,2350522,522290,IS,SPY,Will S&P 500 (SPY) hit (LOW) $710 in June?,sell YES,0.0351654110587157,0.13045669071568952,-9.52912796569738,0.04515808524773872,0.06522834535784476,0.08529860546795058,2026-06-30,False,0.0,3.3808258861764293,3.245110666481279,55.947391,55.947391,1.891483877568342,53.97997799782231
U-left,2350525,522290,IS,SPY,Will S&P 500 (SPY) hit (LOW) $680 in June?,sell YES,0.01,0.04515808524773872,-3.5158085247738717,0.010035130055053023,0.02257904262386936,0.03512295519268558,2026-06-30,False,0.0,0.9604000000000008,0.9208000000000008,5.0,5.0,0.04802000000000004,4.95
U-left,1262890,186962,IS,PLTR,Will Palantir dip to $168 in February?,sell YES,0.9181904068352024,1.0,-8.180959316479763,0.7422741722881508,0.812489296693787,0.8827044210994232,2026-02-27,False,1.0,-8.180959316479763,-8.180959316479763,733.409539,100,-8.180959316479763,8.180959316479763
U-left,1262892,186962,IS,PLTR,Will Palantir dip to $156 in February?,sell YES,0.9150264551328842,1.0,-8.497354486711583,0.6319361196507228,0.6820897799404627,0.7322434402302027,2026-02-27,False,1.0,-8.497354486711583,-8.497354486711583,71.559013,71.559013,-6.080623001802024,6.080623001802024
U-left,1262893,186962,IS,PLTR,Will Palantir dip to $147 in February?,sell YES,0.9436204146730462,1.0,-5.637958532695375,0.4915058708394515,0.5366441651002174,0.5817824593609833,2026-02-27,False,1.0,-5.637958532695375,-5.637958532695375,112.86,100,-5.637958532695375,5.637958532695375
U-left,2677812,631910,OOS,SPY,Will S&P 500 (SPY) hit (LOW) $710 in July?,sell YES,0.4,0.3965179778224612,0.3482022177538846,0.13049958763777178,0.1982589889112306,0.2660183901846889,2026-07-31,False,0.0,39.04,38.080000000000005,5.0,5.0,1.952,3.0
U-left,657105,69117,IS,AAPL,Will Apple reach $332 in November?,sell YES,0.05,0.004012292823179195,4.598770717682081,0.0,0.0020061464115895974,0.006018439234768792,2025-11-28,False,0.0,5.000000000000004,5.000000000000004,75.0,75.0,3.7500000000000036,71.25
U-left,657107,69117,IS,AAPL,Will Apple reach $300 in November?,sell YES,0.1,0.09027658852153186,0.9723411478468141,0.039119855025997144,0.04513829426076593,0.05115673349553473,2025-11-28,False,0.0,10.0,10.0,7.14,7.14,0.714,6.426
U-left,657109,69117,IS,AAPL,Will Apple reach $280 in November?,sell YES,0.61,0.5807793861551883,2.922061384481167,0.2698266923588008,0.29038969307759416,0.3109526937963875,2025-11-28,False,1.0,-39.0,-39.0,5.0,5.0,-1.95,1.9500000000000002
U-left,657112,69117,IS,AAPL,Will Apple dip to $256 in November?,sell YES,0.41,0.39119855025997147,1.8801449740028509,0.16249785933875738,0.19559927512998573,0.228700690921214,2025-11-28,False,0.0,41.0,41.0,25.42,25.42,10.4222,14.997800000000003
U-left,657116,69117,IS,AAPL,Will Apple dip to $208 in November?,sell YES,0.0499549676810485,0.006018439234768792,4.393652844627971,0.0,0.003009219617384396,0.008024585646358388,2025-11-28,False,0.0,4.995496768104854,4.995496768104854,231.31165,100,4.995496768104854,95.00450323189516
U-left,694387,86622,IS,NVDA,Will NVIDIA (NVDA) hit $260 before 2026??,sell YES,0.0069945559808326,0.014064586880440717,-0.7070030899608117,0.0040184533944116335,0.007032293440220359,0.010046133486029084,2026-01-02,False,0.0,0.6994555980832683,0.6994555980832683,30156.02,100,0.6994555980832683,99.30054440191674
U-left,694388,86622,IS,NVDA,Will NVIDIA (NVDA) hit $245 before 2026??,sell YES,0.02,0.03214762715529306,-1.2147627155293061,0.012055360183234899,0.01607381357764653,0.020092266972058168,2026-01-02,False,0.0,2.0000000000000018,2.0000000000000018,3.0612,3.0612,0.06122400000000005,2.9999759999999998
U-left,694389,86622,IS,NVDA,Will NVIDIA (NVDA) hit $230 before 2026??,sell YES,0.0699999999999999,0.07936445453962976,-0.9364454539629863,0.034156853852498885,0.03968222726981488,0.04520760068713087,2026-01-02,False,0.0,6.9999999999999964,6.9999999999999964,300.0,100,6.9999999999999964,93.00000000000001
U-left,694390,86622,IS,NVDA,Will NVIDIA (NVDA) hit $215 before 2026??,sell YES,0.2099999999999999,0.20695034981219906,0.30496501878008453,0.0944336547686734,0.10347517490609953,0.11251669504352574,2026-01-02,False,0.0,20.999999999999993,20.999999999999993,110.0,100,20.99999999999999,79.0
U-left,694391,86622,IS,NVDA,Will NVIDIA (NVDA) hit $200 before 2026??,sell YES,0.47,0.48723747407241047,-1.7237474072410497,0.2260380034356544,0.24361873703620524,0.2611994706367561,2026-01-02,False,0.0,47.0,47.0,150.0,100,47.0,53.0
U-left,694392,86622,IS,NVDA,Will NVIDIA (NVDA) hit $190 before 2026??,sell YES,0.7200000064426131,0.7534600114521812,-3.346000500956814,0.35161467201101787,0.3767300057260906,0.4018453394411633,2026-01-02,False,1.0,-27.99999935573869,-27.99999935573869,168.035711,100,-27.99999935573869,27.99999935573869
U-left,694393,86622,IS,NVDA,Will NVIDIA (NVDA) hit $185 before 2026??,sell YES,0.86,0.9041520137426176,-4.415201374261757,0.4219376064132215,0.4520760068713088,0.4822144073293959,2026-01-02,False,1.0,-14.000000000000002,-14.000000000000002,150.0,100,-14.000000000000002,14.000000000000002
U-left,694397,86622,IS,NVDA,Will NVIDIA (NVDA) hit $165 before 2026??,sell YES,0.49,0.5726296087036576,-8.262960870365765,0.27124560412278526,0.2863148043518288,0.30138400458087244,2026-01-02,False,0.0,49.0,49.0,220.0,100,49.0,51.0
U-left,694398,86622,IS,NVDA,Will NVIDIA (NVDA) hit $160 before 2026??,sell YES,0.420000002,0.46212214035733773,-4.212213835733775,0.21599186994962521,0.23106107017866886,0.24613027040771254,2026-01-02,False,0.0,42.000000199999995,42.000000199999995,51.206895,51.206895,21.506896002413786,29.699998997586214
U-left,694399,86622,IS,NVDA,Will NVIDIA (NVDA) hit $145 before 2026??,sell YES,0.1814597764096237,0.22302416338984557,-4.1564386980221855,0.10347517490609953,0.11151208169492278,0.11954898848374608,2026-01-02,False,0.0,18.145977640962375,18.145977640962375,743.47,100,18.145977640962375,81.85402235903763
U-left,657244,69127,IS,RKLB,Will Rocket Lab reach $108 in November?,sell YES,0.1001952277658113,0.15246712728080938,-5.227189951499808,0.0,0.07623356364040469,0.2607990335066476,2025-11-28,False,0.0,10.01952277658114,10.01952277658114,2561.11111,100,10.01952277658114,89.98047722341886
U-left,694402,86623,IS,GOOGL,Will Google (GOOGL) hit $355 before 2026??,sell YES,0.1400000108,0.1346181887127897,0.5381822087210303,0.002009226697205818,0.06730909435639484,0.13260896201558386,2026-01-02,False,0.0,14.000001080000002,14.000001080000002,11.081392,11.081392,1.5513949996790337,9.529997000320966
U-left,694404,86623,IS,GOOGL,Will Google (GOOGL) hit $335 before 2026??,sell YES,0.3400000000901007,0.43700680664226504,-9.700680655216438,0.08539213463124722,0.21850340332113252,0.3516146720110178,2026-01-02,False,0.0,34.00000000901007,34.00000000901007,181.984847,100,34.00000000901007,65.99999999098993
U-left,694405,86623,IS,GOOGL,Will Google (GOOGL) hit $320 before 2026??,sell YES,0.5900000033105552,0.5826757421896869,0.732426112086837,0.1908765362345525,0.29133787109484344,0.39179920595513423,2026-01-02,False,1.0,-40.99999966894448,-40.99999966894448,326.268288,100,-40.99999966894448,40.999999668944476
U-left,657216,69125,IS,PLTR,Will Palantir reach $264 in November?,sell YES,0.0969696969696969,0.134411809576503,-3.7442112606806104,0.03811678182020233,0.0672059047882515,0.09629502775630067,2025-11-28,False,0.0,9.696969696969695,9.696969696969695,1650.0,100,9.696969696969695,90.30303030303031
U-left,657223,69125,IS,PLTR,Will Palantir dip to $198 in November?,sell YES,0.9,0.9328580813891632,-3.285808138916313,0.38116781820202356,0.4664290406945816,0.5516902631871392,2025-11-28,False,1.0,-9.999999999999998,-9.999999999999998,50.0,50.0,-4.999999999999999,4.999999999999999
U-left,657224,69125,IS,PLTR,Will Palantir dip to $192 in November?,sell YES,0.8,0.8827044210994232,-8.27044210994231,0.3611063540861276,0.4413522105497116,0.5215980670132951,2025-11-28,False,1.0,-19.999999999999996,-19.999999999999996,50.0,50.0,-9.999999999999998,9.999999999999998
U-left,657226,69125,IS,PLTR,Will Palantir dip to $177 in November?,sell YES,0.3100000032,0.5215980670132951,-21.159806381329517,0.21064537321690766,0.26079903350664757,0.3109526937963875,2025-11-28,False,1.0,-68.99999968,-68.99999968,72.463767,72.463767,-49.999998998115956,49.99999899811595
U-left,657228,69125,IS,PLTR,Will Palantir dip to $156 in November?,sell YES,0.1099999999999999,0.21064537321690785,-10.064537321690795,0.07422741722881512,0.10532268660845392,0.13641795598809264,2025-11-28,False,1.0,-89.0,-89.0,5.0,5.0,-4.45,4.450000000000001
U-left,1016025,122439,IS,TSLA,Will Tesla reach $608 in January?,sell YES,0.06,0.11042272800119136,-5.042272800119137,0.020076859636580305,0.05521136400059568,0.09034586836461124,2026-01-30,False,0.0,6.000000000000005,6.000000000000005,27.73,27.73,1.6638000000000013,26.0662
U-left,1016027,122439,IS,TSLA,Will Tesla reach $548 in January?,sell YES,0.2302857142857142,0.3011528945487043,-7.08671802629901,0.11042272800119173,0.15057644727435215,0.1907301665475126,2026-01-30,False,0.0,23.028571428571425,23.028571428571425,175.0,100,23.028571428571425,76.97142857142858
U-left,1016031,122439,IS,TSLA,Will Tesla dip to $480 in January?,sell YES,0.9400000110399996,1.0,-5.9999988960000366,0.5119599207327975,0.5496040325513851,0.5872481443699735,2026-01-30,False,1.0,-5.9999988960000366,-5.9999988960000366,83.333332,83.333332,-4.999999000000045,4.999999000000045
U-left,1322353,196998,IS,SPX,"Will S&P 500 (SPX) hit $7,350 (HIGH) in February 2026?",sell YES,0.0402028986,0.012528800250590813,2.767409834940919,0.0,0.006264400125295407,0.015034560300708972,2026-02-27,False,0.0,4.020289860000004,4.020289860000004,69.0,69.0,2.7740000034000025,66.2259999966
U-left,1322354,196998,IS,SPX,"Will S&P 500 (SPX) hit $7,200 (HIGH) in February 2026?",sell YES,0.1979999999999999,0.17039168340803518,2.760831659196472,0.050115201002363254,0.08519584170401759,0.12027648240567182,2026-02-27,False,0.0,19.799999999999997,19.799999999999997,170.0,100,19.799999999999997,80.2
U-left,1322355,196998,IS,SPX,"Will S&P 500 (SPX) hit $7,100 (HIGH) in February 2026?",sell YES,0.4094525387058366,0.5913593718278862,-18.190683312204964,0.23052992461087105,0.2956796859139431,0.36082944721701554,2026-02-27,False,0.0,40.94525387058366,40.94525387058366,440.246407,100,40.94525387058366,59.054746129416344
U-left,1322356,196998,IS,SPX,"Will S&P 500 (SPX) hit $7,040 (HIGH) in February 2026?",sell YES,0.6257854769814902,0.8920505778420651,-26.626510086057486,0.37085248741748766,0.44602528892103255,0.5211980904245781,2026-02-27,False,0.0,62.57854769814902,62.57854769814902,21.07,21.07,13.1853,7.884700000000001
U-left,1322357,196998,IS,SPX,"Will S&P 500 (SPX) hit $7,000 (HIGH) in February 2026?",sell YES,0.7,1.0,-30.000000000000004,0.40092160801890603,0.5111750502241046,0.6214284924293039,2026-02-27,False,0.0,70.0,70.0,6.88,6.88,4.816,2.064
U-left,1432269,229254,IS,AMZN,Will Amazon reach $260 in March?,sell YES,0.04,0.02107839253100617,1.892160746899383,0.007026130843668722,0.010539196265503085,0.014052261687337447,2026-04-02,False,0.0,4.0000000000000036,4.0000000000000036,12.0,12.0,0.4800000000000004,11.52
U-left,1432338,229254,IS,AMZN,Will Amazon dip to $132 in March?,sell YES,0.015,0.006022397866001762,0.8977602133998237,0.0,0.003011198933000881,0.008029863821335683,2026-04-02,False,0.0,1.500000000000001,1.500000000000001,29.38,29.38,0.4407000000000003,28.9393
U-left,1262843,186955,IS,NVDA,Will NVIDIA reach $272 in February?,sell YES,0.0101230788454329,0.004012292823179195,0.6110786022253705,0.001003073205794798,0.0020061464115895974,0.0030092196173843963,2026-02-27,False,0.0,1.0123078845432971,1.0123078845432971,200.075,100,1.0123078845432971,98.98769211545671
U-left,1262846,186955,IS,NVDA,Will NVIDIA reach $220 in February?,sell YES,0.1899999999999999,0.21365459283429214,-2.365459283429225,0.10231346699106945,0.10682729641714607,0.11134112584322263,2026-02-27,False,0.0,18.999999999999996,18.999999999999996,5.6,5.6,1.0639999999999998,4.536
U-left,1262848,186955,IS,NVDA,Will NVIDIA reach $200 in February?,sell YES,0.6999635943790428,0.752304904346099,-5.2341309967056215,0.36110635408612746,0.3761524521730495,0.39119855025997147,2026-02-27,False,0.0,69.99635943790427,69.99635943790427,1410.282856,100,69.99635943790427,30.003640562095725
U-left,1262849,186955,IS,NVDA,Will NVIDIA reach $192 in February?,sell YES,0.7987580624034849,1.0,-20.12419375965151,0.47144440672355525,0.5115673349553472,0.5516902631871392,2026-02-27,False,1.0,-20.12419375965151,-20.12419375965151,534.89,100,-20.12419375965151,20.12419375965151
U-left,2074044,415423,IS,TSLA,"Will Tesla, Inc. (TSLA) hit (HIGH) $480 in May?",sell YES,0.0855055412913712,0.0611874655534827,2.4318075737888494,0.022067610527485567,0.03059373277674135,0.039119855025997144,2026-05-29,False,0.0,8.237776754337764,7.924999379538401,249.34253,100,8.237776754337764,91.44944587086287
U-left,2074045,415423,IS,TSLA,"Will Tesla, Inc. (TSLA) hit (HIGH) $465 in May?",sell YES,0.1478976653563674,0.09930424737368508,4.859341798268231,0.04112600143758673,0.04965212368684254,0.05817824593609833,2026-05-29,False,0.0,14.285670751882732,13.78157496812872,482.26718,100,14.28567075188273,85.21023346436326
U-left,2074046,415423,IS,TSLA,"Will Tesla, Inc. (TSLA) hit (HIGH) $450 in May?",sell YES,0.1999999999999999,0.17754395742567938,2.245604257432052,0.07924278325778909,0.08877197871283969,0.09830117416789026,2026-05-29,False,1.0,-80.64,-81.28,1.25,1.25,-1.008,1.0
U-left,2074049,415423,IS,TSLA,"Will Tesla, Inc. (TSLA) hit (HIGH) $405 in May?",sell YES,0.7364553314121037,0.7121819761143071,2.4273355297796617,0.3360295239412575,0.35609098805715356,0.3761524521730495,2026-05-29,False,1.0,-27.130822363776797,-27.907177868763966,10.41,10.41,-2.8243186080691647,2.7435
U-left,2074051,415423,IS,TSLA,"Will Tesla, Inc. (TSLA) hit (LOW) $375 in May?",sell YES,0.7078856533196453,0.702151244056359,0.5734409263286278,0.33101415791228345,0.3510756220281795,0.3711370861440756,2026-05-29,False,0.0,69.96143111138907,69.1342968908136,239.632181,100,69.96143111138907,29.211434668035473
U-left,2074054,415423,IS,TSLA,"Will Tesla, Inc. (TSLA) hit (LOW) $330 in May?",sell YES,0.1700000012482272,0.13140258995911858,3.8597411289108625,0.059181319141893104,0.06570129497955929,0.0722212708172255,2026-05-29,False,0.0,16.4356001215274,15.871200118232082,88.12481700000001,88.12481700000001,14.4838425299478,73.14359800000021
U-left,2074056,415423,IS,TSLA,"Will Tesla, Inc. (TSLA) hit (LOW) $300 in May?",sell YES,0.0618080090258554,0.03310141579122836,2.8706593234627036,0.013039951675332381,0.01655070789561418,0.020061464115895968,2026-05-29,False,0.0,5.948849786401088,5.716898670216628,145.410314,100,5.948849786401087,93.81919909741447
U-left,1262783,186942,IS,GOOGL,Will Google reach $430 in February?,sell YES,0.0157298207531416,0.026079903350664763,-1.0350082597523163,0.006018439234768792,0.013039951675332381,0.020061464115895974,2026-02-27,False,0.0,1.5729820753141623,1.5729820753141623,348.9898,100,1.5729820753141623,98.42701792468584
U-left,1262785,186942,IS,GOOGL,Will Google reach $385 in February?,sell YES,0.2036129032258064,0.18356239666044816,2.0050506565358255,0.0772366368461995,0.09178119833022408,0.10632575981424867,2026-02-27,False,0.0,20.36129032258064,20.36129032258064,155.0,100,20.36129032258064,79.63870967741936
U-left,1262786,186942,IS,GOOGL,Will Google reach $365 in February?,sell YES,0.4693376619541535,0.43633684452073734,3.3000817433416154,0.19058390910101167,0.21816842226036867,0.24575293541972568,2026-02-27,False,0.0,46.93376619541535,46.93376619541535,75.754383,75.754383,35.55438499999948,40.19999800000053
U-left,1262787,186942,IS,GOOGL,Will Google reach $350 in February?,sell YES,0.72,0.7422741722881508,-2.2274172288150873,0.3360295239412575,0.3711370861440754,0.4062446483468934,2026-02-27,False,0.0,72.0,72.0,80.0,80.0,57.6,22.400000000000002
U-left,1262790,186942,IS,GOOGL,Will Google dip to $320 in February?,sell YES,0.5787500000000001,0.5867978253899573,-0.8047825389957186,0.26079903350664757,0.29339891269497864,0.32599879188330955,2026-02-27,False,1.0,-42.12499999999999,-42.12499999999999,160.0,100,-42.12499999999999,42.12499999999999
U-left,1262792,186942,IS,GOOGL,Will Google dip to $300 in February?,sell YES,0.28,0.2648113263298268,1.5188673670173236,0.1163564918721966,0.1324056631649134,0.1484548344576302,2026-02-27,False,1.0,-72.0,-72.0,70.0,70.0,-50.4,50.4
U-left,1262793,186942,IS,GOOGL,Will Google dip to $285 in February?,sell YES,0.0701038095428571,0.12036878469537582,-5.026497515251872,0.05015366028973993,0.06018439234768791,0.07021512440563589,2026-02-27,False,0.0,7.010380954285714,7.010380954285714,105.0,100,7.010380954285714,92.98961904571429
U-left,1262795,186942,IS,GOOGL,Will Google dip to $250 in February?,sell YES,0.0185750411431782,0.024073756939075167,-0.5498715795896968,0.004012292823179198,0.012036878469537583,0.02006146411589597,2026-02-27,False,0.0,1.857504114317828,1.857504114317828,249.13,100,1.857504114317828,98.14249588568218
U-left,1432261,229253,IS,TSLA,Will Tesla reach $570 in March?,sell YES,0.0110000009999999,0.008029863821335685,0.2970137178664215,0.0,0.004014931910667843,0.00903359679900264,2026-04-02,False,0.0,1.100000099999998,1.100000099999998,5.055545,5.055545,0.055611000055544896,4.999933999944456
U-left,1432266,229253,IS,TSLA,Will Tesla reach $533 in March?,sell YES,0.0357894736842105,0.018067193598005304,1.77222800862052,0.0,0.009033596799002652,0.022082125508673136,2026-04-02,False,0.0,3.5789473684210553,3.5789473684210553,38.0,38.0,1.3600000000000012,36.64
U-left,1432270,229253,IS,TSLA,Will Tesla reach $503 in March?,sell YES,0.0449474575161338,0.06223144461535147,-1.728398709921767,0.016059727642671336,0.031115722307675734,0.046171716972680174,2026-04-02,False,0.0,4.494745751613385,4.494745751613385,10.308325,10.308325,0.46333300000000044,9.844992
U-left,1432296,229253,IS,TSLA,Will Tesla dip to $405 in March?,sell YES,0.9472796118670394,1.0,-5.272038813296065,0.4566985048384667,0.5018664888334802,0.5470344728284937,2026-04-02,False,1.0,-5.272038813296065,-5.272038813296065,81.56461200000001,81.56461200000001,-4.300118002554341,4.30011800255434
U-left,1432329,229253,IS,TSLA,Will Tesla dip to $353 in March?,sell YES,0.1743976350682763,0.2910825635234187,-11.668492845514242,0.10037329776669604,0.14554128176170936,0.1907092657567225,2026-04-02,False,1.0,-82.56023649317237,-82.56023649317237,9.70176,9.70176,-8.009796,8.009796
U-left,1432341,229253,IS,TSLA,Will Tesla dip to $300 in March?,sell YES,0.0506691449814126,0.06825384248135333,-1.7584697499940725,0.02609705741934097,0.034126921240676664,0.04215678506201235,2026-04-02,False,0.0,5.0669144981412675,5.0669144981412675,21.52,21.52,1.0904000000000007,20.4296
U-left,2074089,415426,IS,PLTR,Will Palantir Technologies Inc. (PLTR) hit (HIGH) $162 in May?,sell YES,0.4556074766,0.44135221054971124,1.4255266050288762,0.10030732057948004,0.22067610527485562,0.34104488997023136,2026-05-29,False,0.0,44.56863044453528,43.57651322907056,107.0,100,44.56863044453528,54.439252339999996
U-left,1262804,186945,IS,META,Will Meta reach $770 in February?,sell YES,0.31,0.3360295239412577,-2.602952394125768,0.10030732057947986,0.16801476197062884,0.2357222033617777,2026-02-27,False,0.0,31.000000000000007,31.000000000000007,20.0,20.0,6.200000000000001,13.799999999999999
U-left,1262806,186945,IS,META,Will Meta reach $700 in February?,sell YES,0.952,1.0,-4.800000000000004,0.4062446483468935,0.5842901423754705,0.7623356364040471,2026-02-27,False,1.0,-4.800000000000004,-4.800000000000004,14.0,14.0,-0.6720000000000006,0.6720000000000006
U-left,1262809,186945,IS,META,Will Meta dip to $640 in February?,sell YES,0.21,0.17152551819091055,3.847448180908944,0.04513829426076595,0.08576275909545528,0.1263872239301446,2026-02-27,False,1.0,-79.0,-79.0,26.92,26.92,-21.266800000000003,21.266800000000003
U-left,1262811,186945,IS,META,Will Meta dip to $600 in February?,sell YES,0.08,0.0531628799071243,2.6837120092875697,0.012036878469537571,0.02658143995356215,0.041126001437586754,2026-02-27,False,0.0,8.0,8.0,32.0,32.0,2.56,29.44
U-left,2135258,439134,IS,SPY,Will S&P 500 (SPY) hit (LOW) $715 Week of May 4 2026?,sell YES,0.4500000367,0.4903760346249773,-4.037599792497732,0.2151649947844288,0.24518801731248865,0.2752110398405485,2026-05-08,False,0.0,44.010003655320006,43.020003640640006,10.909088,10.909088,4.8010900275620765,5.999997999636471
U-left,2135259,439134,IS,SPY,Will S&P 500 (SPY) hit (LOW) $710 Week of May 4 2026?,sell YES,0.1999999999999999,0.32024557363263795,-12.024557363263805,0.13009976428825923,0.16012278681631897,0.19014580934437883,2026-05-08,False,0.0,19.359999999999996,18.719999999999995,6.25,6.25,1.2099999999999997,5.0
U-left,1432292,229245,IS,NFLX,Will Netflix reach $105 in March?,sell YES,0.5,0.5077190748177616,-0.7719074817761573,0.12064611678837901,0.2538595374088808,0.38707295802938235,2026-04-17,False,0.0,50.0,50.0,5.0,5.0,2.5,2.5
U-left,1432302,229245,IS,NFLX,Will Netflix dip to $35 in March?,sell YES,0.0165678124692209,0.0,1.65678124692209,0.0,0.0,0.004021537226279297,2026-04-17,True,0.0,1.656781246922092,1.656781246922092,101.53,100,1.656781246922092,98.3432187530779
U-left,2073979,415417,IS,GOOGL,Will Alphabet Inc. (GOOGL) hit (HIGH) $410 in May?,sell YES,0.449813126694976,0.4614136746656074,-1.1600547970631425,0.18556854307203774,0.2307068373328037,0.27584513159356955,2026-05-29,False,0.0,43.99138755850614,43.00146244751468,974.988105,100,43.99138755850614,55.0186873305024
U-left,2073982,415417,IS,GOOGL,Will Alphabet Inc. (GOOGL) hit (HIGH) $400 in May?,sell YES,0.6216666666666667,0.6269207536217491,-0.5254086955082449,0.2407375693907517,0.3134603768108746,0.3861831842309975,2026-05-29,False,1.0,-38.77412222222222,-39.71491111111111,600.0,100,-38.77412222222222,37.83333333333333
U-left,2264680,415417,IS,GOOGL,Will Alphabet Inc. (GOOGL) hit (LOW) $380 in May?,sell YES,0.4483187999458916,0.43066023237751827,1.7658567568373307,0.08012283393070112,0.21533011618875914,0.35053739844681736,2026-05-29,False,1.0,-56.1574362196547,-57.14675243389857,335.33858499999997,100,-56.1574362196547,55.16812000541085
U-left,1262828,186950,IS,TSLA,Will Tesla reach $480 in February?,sell YES,0.3400000396,0.3460602559992054,-0.6060216399205398,0.15046098086921977,0.1730301279996027,0.19559927512998565,2026-02-27,False,0.0,34.00000396,34.00000396,7.575755,7.575755,2.575756999999898,4.999998000000102
U-left,1262830,186950,IS,TSLA,Will Tesla reach $450 in February?,sell YES,0.6632203389830509,0.7222127081722552,-5.899236918920437,0.32098342585433565,0.3611063540861276,0.40122928231791943,2026-02-27,False,0.0,66.3220338983051,66.3220338983051,59.0,59.0,39.13,19.869999999999997
U-left,1262831,186950,IS,TSLA,Will Tesla dip to $435 in February?,sell YES,0.952,1.0,-4.800000000000004,0.4915058708394512,0.5341364820857298,0.5767670933320092,2026-02-27,False,1.0,-4.800000000000004,-4.800000000000004,4.32,4.32,-0.20736000000000018,0.2073600000000002
U-left,1262837,186950,IS,TSLA,Will Tesla dip to $293 in February?,sell YES,0.03,0.014043024881127193,1.5956975118872805,0.0,0.007021512440563597,0.01604917129271677,2026-02-27,False,0.0,3.0000000000000027,3.0000000000000027,107.9,100,3.0000000000000027,97.0
U-left,2074156,415431,IS,HOOD,"Will Robinhood Markets, Inc. (HOOD) hit (HIGH) $115 in May?",sell YES,0.0233356808191098,0.0,2.33356808191098,0.0,0.0,0.018571095163836766,2026-06-05,True,0.0,2.24240357463171,2.1512390673524364,492.73,100,2.24240357463171,97.66643191808903
U-left,2074157,415431,IS,HOOD,"Will Robinhood Markets, Inc. (HOOD) hit (HIGH) $110 in May?",sell YES,0.0703581599225694,0.12092604758748406,-5.056788766491466,0.0,0.06046302379374203,0.12872772807699917,2026-05-29,False,0.0,6.774184435237424,6.512552878217905,174.69263,100,6.774184435237425,92.96418400774306
U-left,2074158,415431,IS,HOOD,"Will Robinhood Markets, Inc. (HOOD) hit (HIGH) $105 in May?",sell YES,0.0879999999999999,0.12092604758748406,-3.292604758748416,0.0,0.06046302379374203,0.12872772807699917,2026-05-29,False,0.0,8.478975999999996,8.157951999999998,68.59,68.59,5.815729638399997,62.55408000000001
U-left,2074165,415431,IS,HOOD,"Will Robinhood Markets, Inc. (HOOD) hit (LOW) $70 in May?",sell YES,0.7599999999999999,0.7472895383171251,1.2710461682874818,0.22569147130382977,0.37364476915856254,0.5215980670132954,2026-05-29,False,0.0,75.2704,74.54079999999999,22.6,22.6,17.0111104,5.424000000000003
U-left,2074168,415431,IS,HOOD,"Will Robinhood Markets, Inc. (HOOD) hit (LOW) $55 in May?",sell YES,0.0424841853459732,0.033853720695574456,0.8630464650398746,0.0,0.016926860347787228,0.053915184811470424,2026-05-29,False,0.0,4.085701417231476,3.922984299865627,451.48,100,4.085701417231476,95.75158146540268
U-left,2073901,415404,IS,MSFT,Will Microsoft Corporation (MSFT) hit (LOW) $390 in May?,sell YES,0.390000008533333,0.388189330642587,0.18106778907460153,0.14544561484024576,0.1940946653212935,0.24274371580234125,2026-05-29,False,0.0,38.04840084582396,37.096800838314635,24.590161,24.590161,9.356163025913473,14.999998000163965
U-left,1016054,122441,IS,NVDA,Will NVIDIA dip to $108 in January?,sell YES,0.04,0.004015371927316056,3.598462807268395,0.0,0.002007685963658028,0.008030743854632113,2026-01-30,False,0.0,4.0000000000000036,4.0000000000000036,20.0,20.0,0.8000000000000007,19.2
U-left,2073759,415380,IS,AAPL,Will Apple (AAPL) hit (HIGH) $320 in May?,sell YES,0.0418073371036004,0.03310141579122836,0.8705921312372036,0.012036878469537585,0.01655070789561418,0.021064537321690772,2026-05-29,False,0.0,4.020495775688417,3.860257841016791,82.488607,82.488607,3.3164509598592202,79.03997799994458
U-left,2073784,415380,IS,AAPL,Will Apple (AAPL) hit (HIGH) $304 in May?,sell YES,0.1900000242999999,0.19058390910101167,-0.058388480101176365,0.07823971005199427,0.09529195455050583,0.11234419904901745,2026-05-29,False,1.0,-81.615597630264,-82.231197690528,1.234563,1.234563,-1.0075959705721163,0.9999960000001192
U-left,2073808,415380,IS,AAPL,Will Apple (AAPL) hit (HIGH) $288 in May?,sell YES,0.68,0.732243440230203,-5.2243440230203,0.30092196173843955,0.3661217201151015,0.4313214784917634,2026-05-29,False,1.0,-32.8704,-33.74079999999999,207.14,100,-32.8704,31.999999999999996
U-left,2253947,415380,IS,AAPL,Will Apple (AAPL) hit (LOW) $288 in May?,sell YES,0.3440049010134294,0.34052204420547966,0.34828568079497413,0.11617810919951665,0.17026102210273983,0.2243439350059632,2026-05-29,False,0.0,33.497827984974265,32.595165868605584,19.207456,19.207456,6.434080571169619,12.599997000000199
U-left,1262763,186936,IS,AMZN,Will Amazon reach $256 in February?,sell YES,0.5481497838335573,0.5015366028973993,4.661318093615796,0.21064537321690785,0.25076830144869966,0.29089122968049164,2026-02-27,False,0.0,54.81497838335573,54.81497838335573,1043.708694,100,54.81497838335573,45.18502161664427
U-left,1262765,186936,IS,AMZN,Will Amazon reach $240 in February?,sell YES,0.9200000000000002,0.9529195455050586,-3.291954550505849,0.4413522105497114,0.4764597727525293,0.5115673349553472,2026-02-27,False,1.0,-7.999999999999985,-7.999999999999985,20.0,20.0,-1.599999999999997,1.599999999999997
U-left,1262767,186936,IS,AMZN,Will Amazon dip to $224 in February?,sell YES,0.54,0.5717517273030348,-3.175172730303477,0.24073756939075153,0.2858758636515174,0.33101415791228345,2026-02-27,False,1.0,-46.0,-46.0,40.0,40.0,-18.4,18.4
U-left,1262768,186936,IS,AMZN,Will Amazon dip to $216 in February?,sell YES,0.35,0.4413522105497116,-9.13522105497116,0.1805531770430638,0.2206761052748558,0.2607990335066477,2026-02-27,False,1.0,-65.0,-65.0,30.0,30.0,-19.5,19.5
U-left,1262769,186936,IS,AMZN,Will Amazon dip to $204 in February?,sell YES,0.17375,0.1785470306314741,-0.4797030631474103,0.06620283158245667,0.08927351531573705,0.11234419904901745,2026-02-27,False,1.0,-82.625,-82.625,64.0,64.0,-52.88,52.88
U-left,1262770,186936,IS,AMZN,Will Amazon dip to $192 in February?,sell YES,0.1099999999999999,0.09027658852153186,1.9723411478468038,0.03209834258543354,0.04513829426076593,0.05817824593609833,2026-02-27,False,0.0,10.999999999999998,10.999999999999998,49.09,49.09,5.399899999999999,43.69010000000001
U-left,1262771,186936,IS,AMZN,Will Amazon dip to $176 in February?,sell YES,0.0288868421052631,0.03410448899702314,-0.521764689176004,0.004012292823179198,0.01705224449851157,0.03009219617384396,2026-02-27,False,0.0,2.8886842105263173,2.8886842105263173,38.0,38.0,1.0977000000000006,36.902300000000004
U-left,3866442,907961,OOS,SPY,Will S&P 500 (SPY) hit (HIGH) $790 in September?,sell YES,0.305,0.44661222857397564,-14.161222857397565,0.18567025232850665,0.22330611428698782,0.26094197624546905,2026-09-30,False,0.0,29.652100000000004,28.8042,10.0,10.0,2.965210000000001,6.950000000000001
U-left,3866447,907961,OOS,SPY,Will S&P 500 (SPY) hit (LOW) $740 in September?,sell YES,0.26,0.2308332866786841,2.9166713321315902,0.08028983884475954,0.11541664333934205,0.15054344783392457,2026-09-30,False,0.0,25.230400000000003,24.460800000000003,20.0,20.0,5.046080000000001,14.8
U-left,3866448,907961,OOS,SPY,Will S&P 500 (SPY) hit (LOW) $730 in September?,sell YES,0.18,0.15054344783392434,2.945655216607565,0.04516303435017748,0.07527172391696217,0.10538041348374709,2026-09-30,False,0.0,17.409600000000005,16.819200000000002,28.0,28.0,4.874688000000001,22.96
U-left,1262910,186966,IS,OPEN,Will Opendoor dip to $4.25 in February?,sell YES,0.42,0.5015366028973992,-8.153660289739923,0.16049171292716777,0.2507683014486996,0.3410448899702316,2026-02-27,False,0.0,42.0,42.0,44.0,44.0,18.48,25.520000000000003
U-left,694415,86624,IS,TSLA,Will Tesla (TSLA) hit $505 before 2026??,sell YES,0.13,0.1346181887127897,-0.46181887127896837,0.04520760068713089,0.06730909435639484,0.08941058802565881,2026-01-02,False,0.0,13.0,13.0,20.0,20.0,2.6,17.4
U-left,694425,86624,IS,TSLA,Will Tesla (TSLA) hit $360 before 2026??,sell YES,0.59,0.6077910759047599,-1.7791075904759923,0.241107203664698,0.30389553795237995,0.36668387224006155,2026-01-02,False,0.0,59.0,59.0,100.0,100.0,59.0,41.0
U-left,694426,86624,IS,TSLA,Will Tesla (TSLA) hit $350 before 2026??,sell YES,0.48,0.49728360755843914,-1.7283607558439162,0.1908765362345526,0.24864180377921957,0.3064070713238869,2026-01-02,False,0.0,48.0,48.0,500.0,100,48.0,52.0
U-left,694427,86624,IS,TSLA,Will Tesla (TSLA) hit $315 before 2026??,sell YES,0.1725126501116161,0.24613027040771246,-7.361762029609636,0.08539213463124716,0.12306513520385623,0.16073813577646529,2026-01-02,False,0.0,17.251265011161614,17.251265011161614,961.62195,100,17.251265011161614,82.7487349888384
U-left,3096330,746373,OOS,SPY,Will S&P 500 (SPY) hit (HIGH) $790 in August?,sell YES,0.0455122873650997,0.07525522781272913,-2.974294044762943,0.02508507593757637,0.037627613906364564,0.050170151875152766,2026-08-31,False,0.0,4.3774650602543925,4.203701383998807,531.410909,100,4.3774650602543925,95.44877126349003
U-left,3096331,746373,OOS,SPY,Will S&P 500 (SPY) hit (HIGH) $780 in August?,sell YES,0.1022665151233842,0.2107146378756415,-10.84481227522573,0.08027224300024435,0.10535731893782074,0.13044239487539708,2026-08-31,False,0.0,9.859419212306818,9.492186912275208,152.69565,100,9.859419212306818,89.7733484876616
U-left,3096339,746373,OOS,SPY,Will S&P 500 (SPY) hit (LOW) $700 in August?,sell YES,0.1360999671185667,0.1204083645003667,1.5691602618200005,0.03511910631260706,0.06020418225018335,0.08528925818775963,2026-08-31,False,0.0,13.139689647581108,12.66938258330554,1845.442334,100,13.139689647581108,86.39000328814332
U-left,3096340,746373,OOS,SPY,Will S&P 500 (SPY) hit (LOW) $690 in August?,sell YES,0.097905032808057,0.09532328856279042,0.2581744245266582,0.025085075937576397,0.04766164428139521,0.0702382126252139,2026-08-31,False,0.0,9.437224731370062,9.083946181934422,573.04,100,9.437224731370062,90.2094967191943
U-left,2074104,415427,IS,OPEN,Will Opendoor Technologies Inc. (OPEN) hit (HIGH) $6.50 in May?,sell YES,0.4399999999999999,0.4212907464338155,1.8709253566184414,0.17052244498511576,0.21064537321690774,0.2507683014486996,2026-05-29,False,0.0,43.014399999999995,42.0288,40.0,40.0,17.205759999999998,22.400000000000002
U-left,2074108,415427,IS,OPEN,Will Opendoor Technologies Inc. (OPEN) hit (LOW) $4.50 in May?,sell YES,0.4699999999999998,0.6018439234768792,-13.18439234768794,0.2307068373328037,0.3009219617384396,0.3711370861440755,2026-05-29,False,1.0,-53.99640000000001,-54.99280000000002,43.77,43.77,-23.63422428,23.19810000000001
U-left,3096167,746354,OOS,NVDA,Will NVIDIA (NVDA) hit (HIGH) $248 in August?,sell YES,0.061784712769335,0.10841504203753356,-4.663032926819857,0.024092231563896345,0.05420752101876678,0.08432281047363724,2026-09-04,False,0.0,5.946601828784122,5.7147323806347385,680.517787,100,5.946601828784122,93.8215287230665
U-left,3096170,746354,OOS,NVDA,Will NVIDIA (NVDA) hit (HIGH) $232 in August?,sell YES,0.2069806799460835,0.2389146296753055,-3.1933949729222006,0.07829975258266315,0.11945731483765275,0.16061487709264233,2026-09-04,False,0.0,20.041509282307796,19.38495057000723,200.31,100,20.041509282307796,79.30193200539165
U-left,3096178,746354,OOS,NVDA,Will NVIDIA (NVDA) hit (LOW) $176 in August?,sell YES,0.3100400318163106,0.34933735767649704,-3.9297325860186416,0.1244765297467978,0.17466867883824852,0.22486082792969925,2026-09-04,False,0.0,30.148342339680458,29.29268149772985,320.156247,100,30.148342339680458,68.99599681836894
U-left,2350409,522282,IS,NVDA,Will NVIDIA (NVDA) hit (LOW) $192 in June?,sell YES,0.3313480510608126,0.39547079320078254,-6.4122742139969935,0.1686271402480494,0.19773539660039127,0.22684365295273304,2026-07-02,False,1.0,-67.75142097439479,-68.63764705487084,43.643332,43.643332,-29.568977590572754,29.182199
U-left,2350410,522282,IS,NVDA,Will NVIDIA (NVDA) hit (LOW) $184 in June?,sell YES,0.1040487105660666,0.254948176327408,-15.089946576134142,0.07628370630268902,0.127474088163704,0.17866447002471894,2026-07-02,False,0.0,10.03198075102424,9.65909044544182,76.78988,76.78988,7.703545980334611,68.79999200147701
U-left,2350411,522282,IS,NVDA,Will NVIDIA (NVDA) hit (LOW) $176 in June?,sell YES,0.0901460814809835,0.09234343394536035,-0.21973524643768422,0.006022397866001767,0.046171716972680174,0.08632103607935858,2026-07-02,False,0.0,8.686529086199927,8.358450024301497,115.381155,100,8.686529086199927,90.98539185190165
U-left,2350412,522282,IS,NVDA,Will NVIDIA (NVDA) hit (LOW) $168 in June?,sell YES,0.0485200779779094,0.08029863821335681,-3.177856023544741,0.02609705741934097,0.040149319106678405,0.054201580794015845,2026-07-02,False,0.0,4.6673442777472385,4.48268075770353,4889.49748,100,4.6673442777472385,95.14799220220907
U-left,2350413,522282,IS,NVDA,Will NVIDIA (NVDA) hit (LOW) $160 in June?,sell YES,0.0207609897540537,0.03613438719601056,-1.537339744195686,0.01204479573200353,0.01806719359800528,0.02408959146400705,2026-07-02,False,0.0,1.9947790911714351,1.913459206937492,289.4901,100,1.9947790911714351,97.92390102459463
U-left,1262702,186921,IS,AAPL,Will Apple reach $284 in February?,sell YES,0.1476648352,0.18055317704306367,-3.288834184306366,0.0722212708172255,0.09027658852153184,0.10833190622583823,2026-02-27,False,0.0,14.76648352,14.76648352,91.0,91.0,13.4375000032,77.5624999968
U-left,1262703,186921,IS,AAPL,Will Apple reach $272 in February?,sell YES,0.43,0.5015366028973994,-7.1536602897399435,0.21465766604008696,0.2507683014486997,0.2868789368573124,2026-02-27,False,1.0,-57.00000000000001,-57.00000000000001,20.0,20.0,-11.400000000000002,11.400000000000002
U-left,1262704,186921,IS,AAPL,Will Apple reach $264 in February?,sell YES,0.75,0.9629502775630064,-21.295027756300644,0.4212907464338153,0.4814751387815032,0.5416595311291913,2026-02-27,False,1.0,-25.0,-25.0,12.0,12.0,-3.0,3.0
U-left,1262708,186921,IS,AAPL,Will Apple dip to $232 in February?,sell YES,0.140000086,0.12839337034173423,1.1606715658265765,0.04614136746656075,0.06419668517086712,0.08225200287517347,2026-02-27,False,0.0,14.000008600000005,14.000008600000005,2.32557,2.32557,0.3255799999990201,1.9999900000009798
U-left,694429,86625,IS,AMZN,Will Amazon (AMZN) hit $300 before 2026??,sell YES,0.012,0.008036906788823265,0.3963093211176735,0.0,0.004018453394411633,0.013059973531837807,2026-01-02,False,0.0,1.200000000000001,1.200000000000001,51.0,51.0,0.6120000000000005,50.388
U-left,2073951,415411,IS,AMZN,"Will Amazon.com, Inc. (AMZN) hit (LOW) $256 in May?",sell YES,0.558136665612148,0.5516902631871394,0.6446402425008602,0.23070683733280375,0.2758451315935697,0.32098342585433565,2026-05-29,False,1.0,-45.172813951231205,-46.159294463677206,252.88,100,-45.1728139512312,44.1863334387852
U-left,657230,69126,IS,OPEN,Will Opendoor reach $13 in November?,sell YES,0.1,0.11368162999007714,-1.3681629990077133,0.0,0.05684081499503857,0.12705593940067453,2025-11-28,False,0.0,10.0,10.0,300.0,100,10.0,90.0
U-left,657233,69126,IS,OPEN,Will Opendoor reach $9.75 in November?,sell YES,0.3024242424212121,0.5015366028973993,-19.911236047618726,0.0,0.25076830144869966,0.581782459360983,2025-11-28,False,0.0,30.242424242121206,30.242424242121206,165.0,100,30.242424242121206,69.7575757578788
U-left,1015964,122429,IS,AMZN,Will Amazon reach $320 in January?,sell YES,0.05,0.000669228654552675,4.933077134544733,0.0,0.0003346143272763375,0.010038429818290144,2026-01-30,True,0.0,5.000000000000004,5.000000000000004,20.0,20.0,1.0000000000000009,19.0
U-left,1262738,186927,IS,MSFT,Will Microsoft dip to $465 in February?,sell YES,0.977290865617196,1.0,-2.2709134382803975,0.7673510024330208,0.9228273493312142,1.0,2026-02-27,False,1.0,-2.2709134382803864,-2.2709134382803864,136.633125,100,-2.2709134382803864,2.2709134382803975
U-left,1262740,186927,IS,MSFT,Will Microsoft dip to $435 in February?,sell YES,0.9340274459104104,1.0,-6.597255408958958,0.5366441651002172,0.5943208744334179,0.6519975837666191,2026-02-27,False,1.0,-6.597255408958969,-6.597255408958969,158.959997,100,-6.597255408958969,6.597255408958958
U-left,2074031,415420,IS,META,"Will Meta Platforms, Inc. (META) hit (LOW) $560 in May?",sell YES,0.29,0.28086049762254356,0.9139502377456421,0.10030732057947986,0.14043024881127178,0.18055317704306373,2026-05-29,False,0.0,28.176399999999997,27.3528,15.16,15.16,4.27154224,10.7636
U-left,1262870,186959,IS,NFLX,Will Netflix reach $105 in February?,sell YES,0.0333783784,0.010030732057947987,2.334764634205201,0.0,0.005015366028973994,0.0234050414685453,2026-02-27,True,0.0,3.337837840000002,3.337837840000002,74.0,74.0,2.4700000016000017,71.5299999984
U-left,1542510,257169,IS,SPX,Will S&P 500 (SPX) hit 5500 (LOW) in March?,sell YES,0.0617661371349286,0.02003949099200866,4.172664614291994,0.0,0.01001974549600433,0.06011847297602571,2026-03-31,False,0.0,6.176613713492864,6.176613713492864,49.73,49.73,3.0716299997200007,46.658370000279994
U-left,1542511,257169,IS,SPX,Will S&P 500 (SPX) hit 5350 (LOW) in March?,sell YES,0.036167154357659,0.01001974549600424,2.614740886165476,0.0,0.00500987274800212,0.05009872748002138,2026-03-31,False,0.0,3.616715435765902,3.616715435765902,96.221615,96.221615,3.4800620022482387,92.74155299775175
U-left,1542514,257169,IS,SPX,Will S&P 500 (SPX) hit 4750 (LOW) in March?,sell YES,0.0136396024885937,0.008015796396803427,0.5623806091790272,0.0,0.004007898198401714,0.009017770946403852,2026-03-31,False,0.0,1.3639602488593705,1.3639602488593705,33594.379042,100,1.3639602488593703,98.63603975114063
U-left,2074078,415425,IS,NFLX,"Will Netflix, Inc. (NFLX) hit (HIGH) $95 in May?",sell YES,0.6635256589482245,0.6871051459694372,-2.357948702121271,0.3159680598253615,0.3435525729847186,0.3711370861440755,2026-05-29,False,0.0,65.45952845936026,64.56649102389805,786.86,100,65.45952845936026,33.64743410517755
U-left,694364,86620,IS,AAPL,Will Apple (AAPL) hit $285 before 2026??,sell YES,0.5300001081,0.612814142647774,-8.281403454777402,0.2531625638479329,0.306407071323887,0.35965157879984117,2026-01-02,False,1.0,-46.99998919,-46.99998919,4.255318,4.255318,-1.9999990000001242,1.9999990000001242
U-left,4798164,907947,OOS,META,"Will Meta Platforms, Inc. (META) hit (HIGH) $820 in September?",sell YES,0.0500000024549074,0.06403507810271211,-1.4035075647804713,0.016008769525678035,0.032017539051356056,0.04802630857703409,2026-09-30,False,0.0,4.810000236653082,4.620000227815415,319.505264,100,4.810000236653082,94.99999975450926
U-left,702411,89780,IS,NVDA,Will NVIDIA reach $264 in December?,sell YES,0.035,0.008030743854632112,2.6969256145367893,0.0,0.004015371927316056,0.008030743854632117,2026-01-02,False,0.0,3.5000000000000018,3.5000000000000018,19.7,19.7,0.6895000000000003,19.0105
U-left,702416,89780,IS,NVDA,Will NVIDIA reach $192 in December?,sell YES,0.3853690077283315,0.4637754576050046,-7.840644987667311,0.21683008407506713,0.2318877288025023,0.24694537352993753,2026-01-02,False,1.0,-61.46309922716685,-61.46309922716685,13.444488,13.444488,-8.26339900002454,8.26339900002454
U-left,1016059,122442,IS,NFLX,Will Netflix reach $175 in January?,sell YES,0.024478033051189,0.0,2.4478033051189,0.0,0.0,0.06357672218250424,2026-01-30,True,0.0,2.4478033051189056,2.4478033051189056,74.43,74.43,1.8219000000000016,72.60810000000001
U-left,694378,86621,IS,MSFT,Will Microsoft (MSFT) hit $500 before 2026??,sell YES,0.5847619047619047,0.6278833428768178,-4.312143811491309,0.17580733600550894,0.3139416714384089,0.4520760068713088,2026-01-02,False,0.0,58.47619047619047,58.47619047619047,210.0,100,58.47619047619047,41.52380952380953
U-left,694379,86621,IS,MSFT,Will Microsoft (MSFT) hit $485 before 2026??,sell YES,0.8,0.8639674797985012,-6.396747979850115,0.1908765362345526,0.4319837398992506,0.6730909435639486,2026-01-02,False,1.0,-19.999999999999996,-19.999999999999996,110.0,100,-19.999999999999996,19.999999999999996
U-left,694386,86621,IS,MSFT,Will Microsoft (MSFT) hit $335 before 2026??,sell YES,0.046,0.006027680091617455,3.9972319908382543,0.0,0.0030138400458087273,0.23407491022447763,2026-01-02,False,0.0,4.6,4.6,21.0,21.0,0.966,20.034
U-left,2350399,522281,IS,TSLA,"Will Tesla, Inc. (TSLA) hit (LOW) $330 in June?",sell YES,0.03,0.040149319106678405,-1.0149319106678405,0.0,0.020074659553339202,0.0431605180396793,2026-07-02,False,0.0,2.8836000000000026,2.767200000000002,1.0309,1.0309,0.029727032400000027,0.9999729999999999
