source,linker,market,question,ticker,direction,confidence,two_models,links_on_question,odds_mean_abs_move,odds_share_nights_1pt,odds_share_between_10_and_90,days,nights_with_a_move,gap_bp_per_point,gap_t,intraday_bp_per_point,intraday_t,nights_10pt,gap_on_10pt_nights_bp,verdict,theme,score_out_of_fold,score_full_model
S5 (240 largest markets of the year),v1: two models agree,polymarket:1567746,Iran x Israel/US conflict ends by April 15?,USO,down_on_yes,0.65,1,3,6.306666259964307,0.8333333333333334,0.7666666666666667,30,27,23.443410894552652,6.528676935948003,3.00569551949496,1.072942554753881,5,380.9457258602462,confirmed,"Iran, Hormuz and oil",0.9873684692511294,0.9876299079629268
S5 (240 largest markets of the year),v1: two models agree,polymarket:1517835,Trump announces end of military operations against Iran by April 30th?,USO,down_on_yes,0.6,1,3,5.960811259275353,0.8378378378378378,0.868421052631579,37,37,24.707348425084557,3.366866779663449,14.86531832654782,2.8516449781876085,7,354.4614013755955,confirmed,"Iran, Hormuz and oil",0.9802283759276007,0.9829591664900194
S5 (240 largest markets of the year),v1: two models agree,polymarket:1919425,"US x Iran permanent peace deal by May 31, 2026?",USO,down_on_yes,0.65,1,3,5.597221892740992,0.8055555555555556,0.9166666666666666,36,35,19.416016903744193,3.637365417108248,6.454218462543948,3.6920425043056304,8,320.370102060751,confirmed,"Iran, Hormuz and oil",0.9785642632934595,0.9790961200354514
S5 (240 largest markets of the year),v1: two models agree,polymarket:1484914,Iran x Israel/US conflict ends by May 15?,USO,down_on_yes,0.65,1,3,5.365788622906334,0.7631578947368421,0.8157894736842105,38,35,28.664479092162747,4.619943522244335,6.621535299158319,0.8271660982782373,4,528.4292975691441,confirmed,"Iran, Hormuz and oil",0.9776370754845877,0.9742381572984016
S5 (240 largest markets of the year),v1: two models agree,polymarket:1567746,Iran x Israel/US conflict ends by April 15?,XLE,down_on_yes,0.45,1,3,6.306666259964307,0.8333333333333334,0.7666666666666667,30,27,10.307517568332631,7.224542618539478,0.2272007958188993,0.1405256422672574,5,190.50259307130463,confirmed,"Iran, Hormuz and oil",0.9743123470698537,0.9778124223407353
"S4 (open markets, Oct 2026)","v0 only: text map, critic did not name it",polymarket:3128888,"US announces end of Iranian blockade by October 31, 2026?",XLE,down_on_yes,0.0,0,4,4.187500073264043,0.8333333333333334,0.9166666666666666,48,47,6.653304196207416,3.74153747348029,3.465129341466651,3.2395703123174746,3,59.05505547989003,confirmed,"Iran, Hormuz and oil",0.9725653350573302,0.9785596359667562
"S4 (open markets, Oct 2026)","v0 only: text map, critic did not name it",polymarket:3128888,"US announces end of Iranian blockade by October 31, 2026?",UAL,up_on_yes,0.0,0,4,4.187500073264043,0.8333333333333334,0.9166666666666666,48,47,10.073966526103408,3.6916091809647353,8.184048787467013,3.1458481286993414,3,93.1288123718091,confirmed,"Iran, Hormuz and oil",0.9725653350573302,0.9785596359667562
"S4 (open markets, Oct 2026)","v0 only: text map, critic did not name it",polymarket:3128888,"US announces end of Iranian blockade by October 31, 2026?",DAL,up_on_yes,0.0,0,4,4.187500073264043,0.8333333333333334,0.9166666666666666,48,47,8.32929917289232,4.019494520164479,4.119904530785352,2.030760104683176,3,81.15879689620819,confirmed,"Iran, Hormuz and oil",0.9725653350573302,0.9785596359667562
"S4 (open markets, Oct 2026)","v0 only: text map, critic did not name it",polymarket:3128888,"US announces end of Iranian blockade by October 31, 2026?",XOM,down_on_yes,0.0,0,4,4.187500073264043,0.8333333333333334,0.9166666666666666,48,47,6.445331542202213,3.4903747549693676,3.5044977504326096,3.2420484589144745,3,71.75781671917689,confirmed,"Iran, Hormuz and oil",0.9725653350573302,0.9785596359667562
S5 (240 largest markets of the year),v1: two models agree,polymarket:1972137,"Will Donald Trump announce that the United States blockade of the Strait of Hormuz has been lifted by May 31, 2026?",USO,down_on_yes,0.55,1,3,5.575757157621962,0.8181818181818182,0.9696969696969696,33,33,19.252751256094623,3.95529961265076,2.663470224950201,2.4357398751558343,6,227.19125533811712,confirmed,"Iran, Hormuz and oil",0.9721201071116664,0.972392013621782
S5 (240 largest markets of the year),v1: two models agree,polymarket:1517835,Trump announces end of military operations against Iran by April 30th?,XLE,down_on_yes,0.4,1,3,5.960811259275353,0.8378378378378378,0.868421052631579,37,37,9.776797960425558,3.507185884849548,1.6476074627914303,1.5338027570882038,7,98.82363228705964,confirmed,"Iran, Hormuz and oil",0.9701380234233794,0.9695490542414141
S5 (240 largest markets of the year),v1: two models agree,polymarket:984442,"US strikes Iran by June 30, 2026?",USO,up_on_yes,0.55,1,3,4.300000005298191,0.8222222222222222,1.0,45,41,15.722204144585534,4.901693020251178,4.709803087958328,1.5127045329288846,7,214.60017215732265,confirmed,"Iran, Hormuz and oil",0.9667691299880459,0.9597409589692852
S5 (240 largest markets of the year),v1: two models agree,polymarket:1809560,Strait of Hormuz traffic returns to normal by end of May?,USO,down_on_yes,0.7,1,3,4.740475943600315,0.7142857142857143,0.6511627906976745,42,39,31.757216271647415,6.141569044161368,4.954806775519748,2.572107544695346,7,558.0780398043241,confirmed,"Iran, Hormuz and oil",0.9654151460874476,0.9701663100805624
S5 (240 largest markets of the year),v1: two models agree,polymarket:1919425,"US x Iran permanent peace deal by May 31, 2026?",XLE,down_on_yes,0.45,1,3,5.597221892740992,0.8055555555555556,0.9166666666666666,36,35,9.0840676530809,3.350661589789641,2.3000925590269032,2.271839429801848,8,139.65333257313287,confirmed,"Iran, Hormuz and oil",0.9639439970141959,0.9627611902984377
S5 (240 largest markets of the year),v1: two models agree,polymarket:1484914,Iran x Israel/US conflict ends by May 15?,XLE,down_on_yes,0.45,1,3,5.365788622906334,0.7631578947368421,0.8157894736842105,38,35,11.236707266467915,3.592640270244854,-0.6924294829306913,-0.4306562274440938,4,222.9283301407051,confirmed,"Iran, Hormuz and oil",0.9625353664647485,0.9542843164878544
S5 (240 largest markets of the year),v1: two models agree,polymarket:1962237,"US x Iran permanent peace deal by June 30, 2026?",USO,down_on_yes,0.65,1,3,5.314130692378335,0.7608695652173914,0.9361702127659576,46,41,10.039277792274037,2.0842296017714363,8.538493074646574,6.178098365754464,7,178.57007572808084,confirmed,"Iran, Hormuz and oil",0.9591099190240715,0.9695957331711601
S5 (240 largest markets of the year),v1: two models agree,polymarket:1540766,Strait of Hormuz traffic returns to normal by end of April?,USO,down_on_yes,0.7,1,3,4.1766669050169485,0.6666666666666666,0.6888888888888889,45,38,22.5626677769608,3.259621339922784,8.734973266042482,2.386579754575634,5,249.33134231030948,confirmed,"Iran, Hormuz and oil",0.9545540324634623,0.9503649210257233
S5 (240 largest markets of the year),v1: two models agree,polymarket:1972137,"Will Donald Trump announce that the United States blockade of the Strait of Hormuz has been lifted by May 31, 2026?",XLE,down_on_yes,0.4,1,3,5.575757157621962,0.8181818181818182,0.9696969696969696,33,33,10.281351340387529,3.799479312593419,1.2470241824912651,2.049240071267203,6,115.40631865297124,confirmed,"Iran, Hormuz and oil",0.9529893414415096,0.9575468320129752
S5 (240 largest markets of the year),v1: two models agree,polymarket:1972137,"Will Donald Trump announce that the United States blockade of the Strait of Hormuz has been lifted by May 31, 2026?",XOP,down_on_yes,0.4,1,3,5.575757157621962,0.8181818181818182,0.9696969696969696,33,33,13.397158688938369,4.184903411561238,1.661386534374116,2.053641706410322,6,151.76521315160468,confirmed,"Iran, Hormuz and oil",0.9529893414415096,0.9575468320129752
"S4 (open markets, Oct 2026)",v1: two models agree,polymarket:1163699,Clarity Act (H.R.3633) signed into law in 2026?,COIN,up_on_yes,0.7,1,4,3.2953295774839737,0.6483516483516484,0.9289617486338798,182,158,7.05259928838445,2.3002817751604305,0.3739224603700773,0.4286985202650581,15,93.93066716592143,confirmed,Other,0.9521410058359742,0.9358911363589958
S5 (240 largest markets of the year),v1: two models agree,polymarket:984442,"US strikes Iran by June 30, 2026?",XLE,up_on_yes,0.4,1,3,4.300000005298191,0.8222222222222222,1.0,45,41,8.35182481020032,6.135690979019845,2.093951548723479,2.641301757068031,7,95.8752844485092,confirmed,"Iran, Hormuz and oil",0.9512842239335604,0.938523214998525
S5 (240 largest markets of the year),v1: two models agree,polymarket:1971905,Strait of Hormuz traffic returns to normal by end of June?,USO,down_on_yes,0.7,1,3,4.088596436869059,0.7192982456140351,0.8103448275862069,57,55,21.538842886636616,3.8962033557285216,3.482703518475715,2.302065881940809,5,284.72737420125543,confirmed,"Iran, Hormuz and oil",0.9487252350941479,0.9574622188253551
S5 (240 largest markets of the year),v1: two models agree,polymarket:984441,"US strikes Iran by March 31, 2026?",USO,up_on_yes,0.7,1,3,4.444444278875987,0.6888888888888889,0.9333333333333332,45,41,14.439743789678277,5.235163090590178,4.600649675797836,1.4054909746341029,6,237.21988719013044,confirmed,"Iran, Hormuz and oil",0.9391050488231133,0.9475887800198437
S5 (240 largest markets of the year),v1: two models agree,polymarket:1962237,"US x Iran permanent peace deal by June 30, 2026?",XLE,down_on_yes,0.45,1,3,5.314130692378335,0.7608695652173914,0.9361702127659576,46,41,7.56785611253053,5.8506785395248055,3.0340005669605534,4.36221217151042,7,120.67536677709542,confirmed,"Iran, Hormuz and oil",0.9389135159790446,0.9462445065244602
S5 (240 largest markets of the year),v1: two models agree,polymarket:984442,"US strikes Iran by June 30, 2026?",ITA,up_on_yes,0.3,1,3,4.300000005298191,0.8222222222222222,1.0,45,41,3.2985392169317493,3.077277360360508,-0.0328486978019082,-0.0900873203435926,7,45.10224200152248,confirmed,"Iran, Hormuz and oil",0.9373815029405839,0.9189769534561534
S5 (240 largest markets of the year),v1: two models agree,polymarket:1809560,Strait of Hormuz traffic returns to normal by end of May?,XLE,down_on_yes,0.45,1,3,4.740475943600315,0.7142857142857143,0.6511627906976745,42,39,14.198102602265395,5.440251432723424,1.044530095407204,2.34904539829825,7,235.9258781248096,confirmed,"Iran, Hormuz and oil",0.9346435091201395,0.9392906826572702
"S4 (open markets, Oct 2026)","v0 only: text map, critic did not name it",polymarket:1163699,Clarity Act (H.R.3633) signed into law in 2026?,CRCL,up_on_yes,0.0,0,4,3.2953295774839737,0.6483516483516484,0.9289617486338798,182,158,5.284039383919722,1.4275042229336277,0.0954916504002547,0.0752768986755212,15,88.66541363614924,unproven,Other,0.9300368191428947,0.9086874827863104
"S4 (open markets, Oct 2026)",v1: two models agree,polymarket:1163699,Clarity Act (H.R.3633) signed into law in 2026?,GLXY,up_on_yes,0.5,1,4,3.2953295774839737,0.6483516483516484,0.9289617486338798,182,158,7.3944824966998,2.406026011753415,-1.8757666700788085,-1.6405160600649684,15,150.14396190623316,confirmed,Other,0.9219035772761824,0.8896013369861845
S5 (240 largest markets of the year),v1: two models agree,polymarket:1971905,Strait of Hormuz traffic returns to normal by end of June?,XLE,down_on_yes,0.5,1,3,4.088596436869059,0.7192982456140351,0.8103448275862069,57,55,10.702402597182704,4.002578646330525,1.8932004934767948,1.9474661107412936,5,125.55974034873093,confirmed,"Iran, Hormuz and oil",0.9165189298109069,0.9255080997402803
S5 (240 largest markets of the year),v1: two models agree,polymarket:1971905,Strait of Hormuz traffic returns to normal by end of June?,XOP,down_on_yes,0.5,1,3,4.088596436869059,0.7192982456140351,0.8103448275862069,57,55,13.645970029630304,4.309476390515498,2.2539506184256326,1.602861568681069,5,155.7779159329312,confirmed,"Iran, Hormuz and oil",0.9165189298109069,0.9255080997402803
"S4 (open markets, Oct 2026)",v1: two models agree,polymarket:1163699,Clarity Act (H.R.3633) signed into law in 2026?,HOOD,up_on_yes,0.45,1,4,3.2953295774839737,0.6483516483516484,0.9289617486338798,182,158,2.721533076178554,1.368013234730801,-0.4885207528534274,-0.7586393959803298,15,47.147102597776886,unproven,Other,0.9119762243700982,0.874144923669653
S5 (240 largest markets of the year),v1: two models agree,polymarket:570361,Fed decreases interest rates by 25 bps after December 2025 meeting?,SHY,up_on_yes,0.65,1,3,2.9948983265429128,0.6530612244897959,0.86,49,45,0.2933567785294093,3.780113893462796,0.317280596237418,2.805566813598575,2,8.54957703915608,confirmed,Fed rate decision,0.906889614517519,0.8867956119010798
S5 (240 largest markets of the year),v1: two models agree,polymarket:984441,"US strikes Iran by March 31, 2026?",XLE,up_on_yes,0.5,1,3,4.444444278875987,0.6888888888888889,0.9333333333333332,45,41,6.944054730962354,6.358164069407178,1.6568366595879704,1.6928325743648205,6,109.69981929310684,confirmed,"Iran, Hormuz and oil",0.9014836508379253,0.9089233092231332
S5 (240 largest markets of the year),v1: two models agree,polymarket:984441,"US strikes Iran by March 31, 2026?",XOP,up_on_yes,0.5,1,3,4.444444278875987,0.6888888888888889,0.9333333333333332,45,41,8.444742109317508,4.15446830505544,1.9209044410383307,1.6566446978387035,6,139.49697763936064,confirmed,"Iran, Hormuz and oil",0.9014836508379253,0.9089233092231332
S5 (240 largest markets of the year),v1: two models agree,polymarket:1540766,Strait of Hormuz traffic returns to normal by end of April?,XLE,down_on_yes,0.45,1,3,4.1766669050169485,0.6666666666666666,0.6888888888888889,45,38,11.373025708011417,4.2168143245997065,-0.1078272636353719,-0.1559487144739553,5,237.41092170636003,confirmed,"Iran, Hormuz and oil",0.8948071667204153,0.9010857229756184
S5 (240 largest markets of the year),v1: two models agree,polymarket:570361,Fed decreases interest rates by 25 bps after December 2025 meeting?,IEF,up_on_yes,0.6,1,3,2.9948983265429128,0.6530612244897959,0.86,49,45,1.116257926433797,5.322520217783382,0.7498399716250477,2.184405047993323,2,29.23312247862497,confirmed,Fed rate decision,0.8904605059361497,0.8710033422145955
S5 (240 largest markets of the year),v1: two models agree,polymarket:2176262,Strait of Hormuz traffic returns to normal by July 31?,USO,down_on_yes,0.7,1,3,3.2862069484665346,0.5517241379310345,0.6379310344827587,58,49,9.58007934270831,1.9347979659979175,4.906228906893225,4.127448128181901,6,172.66238041195086,unproven,"Iran, Hormuz and oil",0.8880811524413581,0.8752380516242054
S5 (240 largest markets of the year),v1: two models agree,polymarket:2155052,"US x Iran permanent peace deal by December 31, 2026?",USO,down_on_yes,0.65,1,3,2.932258959739439,0.6129032258064516,0.9032258064516128,31,26,20.649803390675892,2.387105501493683,7.889092304404767,3.0028919493144284,2,293.6710918389126,confirmed,"Iran, Hormuz and oil",0.8696071869940326,0.8486236348363352
S5 (240 largest markets of the year),v1: two models agree,polymarket:565930,Tesla launches unsupervised full self driving (FSD) by June 30?,TSLA,up_on_yes,0.6,1,1,4.053614548889987,0.7590361445783133,0.9761904761904762,83,79,-0.1340569832373962,-0.0557935268368312,-0.1836192445351138,-0.6004483840422121,9,-3.234348016830664,unproven,Single company,0.8645398901511558,0.8754873069466352
S5 (240 largest markets of the year),v1: two models agree,polymarket:2109450,"US x Iran diplomatic meeting by June 30, 2026?",USO,down_on_yes,0.4,1,2,5.276389833953646,0.7222222222222222,0.8888888888888888,36,33,12.30374051603876,2.913239379156354,3.5973448997442405,4.469935499478429,5,231.1410561036142,confirmed,"Iran, Hormuz and oil",0.8576284481866437,0.8872028526316957
S5 (240 largest markets of the year),v1: two models agree,polymarket:1370652, Iran agrees to end enrichment of uranium by June 30?,USO,down_on_yes,0.5,1,2,4.133510734747223,0.6382978723404256,0.8936170212765957,94,75,7.622305469143327,1.4968787147063205,-0.3955252737529996,-0.3616274532663928,10,47.84035812588255,unproven,"Iran, Hormuz and oil",0.8358841892445348,0.8124887066587515
S5 (240 largest markets of the year),v1: two models agree,polymarket:570361,Fed decreases interest rates by 25 bps after December 2025 meeting?,TLT,up_on_yes,0.45,1,3,2.9948983265429128,0.6530612244897959,0.86,49,45,1.7897470413456784,3.775524303522777,0.9802052261434512,2.142473991436072,2,44.249729481159434,confirmed,Fed rate decision,0.8253623630144417,0.8121709296717697
"S4 (open markets, Oct 2026)",v1: two models agree,polymarket:1345531,"Will Bitcoin reach $90,000 by December 31, 2026?",IBIT,up_on_yes,0.95,1,4,2.4146339333638913,0.5853658536585366,1.0,164,136,26.20680961745894,8.903896225923578,12.52713396699955,6.182297592106997,4,334.9068695791083,confirmed,Bitcoin holders,0.8128372973697539,0.9265225449075134
S5 (240 largest markets of the year),v1: two models agree,polymarket:2109450,"US x Iran diplomatic meeting by June 30, 2026?",XLE,down_on_yes,0.3,1,2,5.276389833953646,0.7222222222222222,0.8888888888888888,36,33,7.968785225188279,3.7373709472087273,2.5896619995214967,3.344911488056826,5,131.2209111630837,confirmed,"Iran, Hormuz and oil",0.8075498958824017,0.8538799465717889
"S4 (open markets, Oct 2026)",v1: two models agree,polymarket:701496,"Will Bitcoin reach $100,000 by December 31, 2026?",IBIT,up_on_yes,0.95,1,4,1.611702116404442,0.5106382978723404,0.8624338624338624,188,151,36.371324574619806,8.756058007695978,13.060841836761249,5.129078239589909,2,512.941274358365,confirmed,Bitcoin holders,0.8059413996699192,0.8517119148908633
S5 (240 largest markets of the year),v1: two models agree,polymarket:1611527,Will Trump visit China by May 31?,KWEB,up_on_yes,0.3,1,2,3.049999922513962,0.75,0.8048780487804879,40,36,8.186559948047572,3.819105710725706,0.2316624680284109,0.6245413124651037,1,144.01363854771333,confirmed,China and Taiwan,0.8049268060506793,0.7803923219514517
S5 (240 largest markets of the year),v1: two models agree,polymarket:1611527,Will Trump visit China by May 31?,FXI,up_on_yes,0.3,1,2,3.049999922513962,0.75,0.8048780487804879,40,36,4.7380917672565595,2.554182391700214,-0.0143887657702491,-0.0693780210407186,1,61.88474646993087,confirmed,China and Taiwan,0.8049268060506793,0.7803923219514517
S5 (240 largest markets of the year),v1: two models agree,polymarket:570362,No change in Fed interest rates after December 2025 meeting?,SHY,down_on_yes,0.65,1,2,2.786734806639807,0.5918367346938775,0.7,49,43,0.3230997276072998,4.461665122488224,0.3152185517639457,2.9093593841053633,2,8.54957703915608,confirmed,Fed rate decision,0.798656840566203,0.7869776491518177
S5 (240 largest markets of the year),v1: two models agree,polymarket:2155052,"US x Iran permanent peace deal by December 31, 2026?",XLE,down_on_yes,0.45,1,3,2.932258959739439,0.6129032258064516,0.9032258064516128,31,26,16.014716769973376,6.030484660580054,3.389494946885455,2.511817131902327,2,319.329570499121,confirmed,"Iran, Hormuz and oil",0.7961532013502618,0.7557660765400681
S5 (240 largest markets of the year),v1: two models agree,polymarket:2155052,"US x Iran permanent peace deal by December 31, 2026?",XOP,down_on_yes,0.45,1,3,2.932258959739439,0.6129032258064516,0.9032258064516128,31,26,19.51409275255185,4.980531921933542,4.433027324084546,1.8997572327611087,2,374.90688859622105,confirmed,"Iran, Hormuz and oil",0.7961532013502618,0.7557660765400681
S5 (240 largest markets of the year),v1: two models agree,polymarket:957019,US-Iran nuclear deal by June 30?,USO,down_on_yes,0.55,1,2,3.2166668151815734,0.6416666666666667,1.0,120,102,21.408785541957407,3.3693510417221013,2.3971490545468277,2.229001907355544,7,424.1337894996552,confirmed,"Iran, Hormuz and oil",0.7904318848509263,0.7620677268452055
S5 (240 largest markets of the year),v1: two models agree,polymarket:1611267,Kharg Island no longer under Iranian control by April 30?,USO,up_on_yes,0.4,1,2,2.767741874108211,0.6774193548387096,0.5,31,30,34.12680856269546,1.8889700176537687,3.827161904594256,1.119484236660128,0,,unproven,"Iran, Hormuz and oil",0.7825720950946312,0.7915904306829675
S5 (240 largest markets of the year),v1: two models agree,polymarket:601698,Fed decreases interest rates by 25 bps after January 2026 meeting?,SHY,up_on_yes,0.65,1,3,1.8808642540265013,0.5555555555555556,0.7804878048780488,81,67,0.2686088160640118,1.0122701432264996,0.0301989264693528,0.5294870345790336,1,-1.7953337807194223,unproven,Fed rate decision,0.7813839635348931,0.7221716672485544
"S4 (open markets, Oct 2026)",v1: two models agree,polymarket:1345531,"Will Bitcoin reach $90,000 by December 31, 2026?",MSTR,up_on_yes,0.85,1,4,2.4146339333638913,0.5853658536585366,1.0,164,136,32.91182270586213,6.913854837652552,21.90168499896553,4.772285473523368,4,398.9322815553496,confirmed,Bitcoin holders,0.7785454409592534,0.903552830534197
S5 (240 largest markets of the year),v1: two models agree,polymarket:1370652, Iran agrees to end enrichment of uranium by June 30?,XLE,down_on_yes,0.35,1,2,4.133510734747223,0.6382978723404256,0.8936170212765957,94,75,4.326071727657475,1.7965263472174329,0.4975811759779613,0.7789764722094746,10,56.2078236984457,unproven,"Iran, Hormuz and oil",0.7736867969149647,0.7350859689757137
"S4 (open markets, Oct 2026)","v0 only: text map, critic did not name it",polymarket:2170255,Bab el-Mandeb Strait effectively closed by September 30?,DAL,down_on_yes,0.0,0,3,1.7771844462789956,0.5533980582524272,0.6346153846153846,103,91,9.286236064068577,2.875030139839889,-0.3771184065571515,-0.1072679788520026,0,,confirmed,Other,0.7713802253800178,0.692980780898004
"S4 (open markets, Oct 2026)","v0 only: text map, critic did not name it",polymarket:2170255,Bab el-Mandeb Strait effectively closed by September 30?,XLE,up_on_yes,0.0,0,3,1.7771844462789956,0.5533980582524272,0.6346153846153846,103,91,10.249166253148688,2.5779434372712395,0.7366424618364243,0.380799100375224,0,,confirmed,Other,0.7713802253800178,0.692980780898004
S5 (240 largest markets of the year),v1: two models agree,polymarket:2176262,Strait of Hormuz traffic returns to normal by July 31?,XLE,down_on_yes,0.45,1,3,3.2862069484665346,0.5517241379310345,0.6379310344827587,58,49,6.185161395514539,2.6188567270080303,4.310458229895941,5.122338209279543,6,98.96236773292117,confirmed,"Iran, Hormuz and oil",0.7626714744948839,0.7694639743277157
"S4 (open markets, Oct 2026)",v1: two models agree,polymarket:701496,"Will Bitcoin reach $100,000 by December 31, 2026?",MSTR,up_on_yes,0.85,1,4,1.611702116404442,0.5106382978723404,0.8624338624338624,188,151,40.36417514436789,6.295839698726488,20.938574278646257,4.221065392601666,2,553.7710191730949,confirmed,Bitcoin holders,0.7606629010507403,0.8101478076962418
"S4 (open markets, Oct 2026)","v0 only: text map, critic did not name it",polymarket:1345531,"Will Bitcoin reach $90,000 by December 31, 2026?",COIN,up_on_yes,0.0,0,4,2.4146339333638913,0.5853658536585366,1.0,164,136,28.98597370744292,6.496999931916721,18.572846022920423,4.148884559808024,4,284.40843177638584,confirmed,Bitcoin holders,0.7527433537041177,0.8035221688470686
"S4 (open markets, Oct 2026)","v0 only: text map, critic did not name it",polymarket:2176270,Strait of Hormuz traffic returns to normal by December 31?,XLE,down_on_yes,0.0,0,3,2.169999822974205,0.63,0.9702970297029704,100,77,12.272777520440776,3.820249566838512,0.3573321390066674,0.261538121638472,3,58.675122435561725,confirmed,"Iran, Hormuz and oil",0.7507961252454698,0.757624138548384
"S4 (open markets, Oct 2026)","v0 only: text map, critic did not name it",polymarket:2176270,Strait of Hormuz traffic returns to normal by December 31?,OXY,down_on_yes,0.0,0,3,2.169999822974205,0.63,0.9702970297029704,100,77,13.674943025781072,3.3581791960400076,1.8018763173883916,1.062743407115904,3,38.48467366675596,confirmed,"Iran, Hormuz and oil",0.7507961252454698,0.757624138548384
S5 (240 largest markets of the year),v1: two models agree,polymarket:601698,Fed decreases interest rates by 25 bps after January 2026 meeting?,IEF,up_on_yes,0.6,1,3,1.8808642540265013,0.5555555555555556,0.7804878048780488,81,67,0.5446085149062305,0.7308345075300091,0.3236738477171442,1.649006755956663,1,-11.1788996971919,unproven,Fed rate decision,0.7489402612779993,0.6914056739728315
"S4 (open markets, Oct 2026)","v0 only: text map, critic did not name it",polymarket:665374,Will the U.S. invade Iran before 2027?,LMT,up_on_yes,0.0,0,4,1.954787073934332,0.4840425531914893,0.9947089947089948,188,136,5.4460453878143005,2.505862960498861,-1.8884608878654323,-2.3383579146788853,4,77.57223454183867,confirmed,"Iran, Hormuz and oil",0.7413272934966963,0.6259856907593623
"S4 (open markets, Oct 2026)","v0 only: text map, critic did not name it",polymarket:665374,Will the U.S. invade Iran before 2027?,XLE,up_on_yes,0.0,0,4,1.954787073934332,0.4840425531914893,0.9947089947089948,188,136,15.727233758134702,8.798713224997947,1.3201374132755346,1.3562147910341755,4,344.92389550682606,confirmed,"Iran, Hormuz and oil",0.7413272934966963,0.6259856907593623
"S4 (open markets, Oct 2026)",v1: two models agree,polymarket:1345531,"Will Bitcoin reach $90,000 by December 31, 2026?",MARA,up_on_yes,0.75,1,4,2.4146339333638913,0.5853658536585366,1.0,164,136,20.623505177690593,5.302862040538015,18.434147276626604,3.959975243467737,4,289.60554261824177,confirmed,Bitcoin holders,0.7399805039800145,0.8743761599207982
S5 (240 largest markets of the year),v1: two models agree,polymarket:570362,No change in Fed interest rates after December 2025 meeting?,IEF,down_on_yes,0.55,1,2,2.786734806639807,0.5918367346938775,0.7,49,43,1.174917402582446,5.197922704614663,0.7352468249913657,2.2191945805510542,2,29.23312247862497,confirmed,Fed rate decision,0.7342625396652384,0.732957948869375
S5 (240 largest markets of the year),v1: two models agree,polymarket:957019,US-Iran nuclear deal by June 30?,XLE,down_on_yes,0.4,1,2,3.2166668151815734,0.6416666666666667,1.0,120,102,8.738516182390331,2.6849509051382685,0.4982575119808491,0.8303977430847539,7,180.1702472135955,confirmed,"Iran, Hormuz and oil",0.716843983007078,0.6722476530387579
S5 (240 largest markets of the year),v1: two models agree,polymarket:1611267,Kharg Island no longer under Iranian control by April 30?,XLE,up_on_yes,0.3,1,2,2.767741874108211,0.6774193548387096,0.5,31,30,18.895581432643738,2.117944830417347,1.2037450580889593,0.3543161809475615,0,,confirmed,"Iran, Hormuz and oil",0.714870081746355,0.7383515649805126
"S4 (open markets, Oct 2026)","v0 only: text map, critic did not name it",polymarket:3399468,Israel x Iran ceasefire continues through December 31?,ITA,down_on_yes,0.0,0,3,1.9743590782850216,0.5641025641025641,1.0,39,26,-2.6711134053299173,-1.7520815225607609,-0.4615886135851629,-2.2359041799537973,1,-4.19355545734605,unproven,"Iran, Hormuz and oil",0.7054850525042727,0.6393169335535326
"S4 (open markets, Oct 2026)","v0 only: text map, critic did not name it",polymarket:3399468,Israel x Iran ceasefire continues through December 31?,XLE,down_on_yes,0.0,0,3,1.9743590782850216,0.5641025641025641,1.0,39,26,2.8142336252526228,0.7066409026214854,-0.7575155778776756,-1.5512799223722584,1,23.64094845344393,unproven,"Iran, Hormuz and oil",0.7054850525042727,0.6393169335535326
"S4 (open markets, Oct 2026)",v1: two models agree,polymarket:701496,"Will Bitcoin reach $100,000 by December 31, 2026?",MARA,up_on_yes,0.7,1,4,1.611702116404442,0.5106382978723404,0.8624338624338624,188,151,27.257416252563743,5.309937916281895,17.591277908578917,3.2487749625683326,2,304.03356821539296,confirmed,Bitcoin holders,0.680270873947109,0.7320973895790979
"S4 (open markets, Oct 2026)",v1: two models agree,polymarket:701502,"Will Bitcoin dip to $45,000 by December 31, 2026?",IBIT,down_on_yes,0.95,1,4,1.5547872184121865,0.5212765957446809,0.8465608465608465,188,151,33.01573574646227,5.284752878386452,10.578715959803176,2.8307533892181347,0,,confirmed,Bitcoin holders,0.6783562823103462,0.8576077827162801
S5 (240 largest markets of the year),v1: two models agree,polymarket:654413,Will the Fed decrease interest rates by 25 bps after the March 2026 meeting?,SHY,up_on_yes,0.7,1,3,1.5889475107389062,0.4842105263157895,0.6736842105263158,95,78,-0.0754204106610451,-0.1892412216904277,0.1309349898187131,1.9322178961691363,0,,unproven,Fed rate decision,0.6701698253115332,0.642744355919545
"S4 (open markets, Oct 2026)","v0 only: text map, critic did not name it",polymarket:3399459,Israel x Iran ceasefire continues through October 31?,XLE,down_on_yes,0.0,0,3,2.1282049325796275,0.5128205128205128,1.0,39,32,2.8975197657446397,0.6313060002726454,-0.6578936985810494,-2.0255849192279856,1,23.64094845344393,unproven,"Iran, Hormuz and oil",0.6484712298645176,0.5830223131773471
"S4 (open markets, Oct 2026)","v0 only: text map, critic did not name it",polymarket:3399459,Israel x Iran ceasefire continues through October 31?,ITA,down_on_yes,0.0,0,3,2.1282049325796275,0.5128205128205128,1.0,39,32,0.1590277059879896,0.0900153691834703,-0.2186593516576487,-0.4332662173230363,1,-4.19355545734605,unproven,"Iran, Hormuz and oil",0.6484712298645176,0.5830223131773471
S5 (240 largest markets of the year),v1: two models agree,polymarket:572470,Will Trump nominate Kevin Hassett as the next Fed chair?,SHY,up_on_yes,0.5,1,3,2.104285919395763,0.5047619047619047,0.7075471698113207,105,88,-0.6800815527322047,-1.8095495137205584,0.0767876527375148,2.3014823532669717,2,-19.211425700059916,unproven,Fed chair,0.6484442404969497,0.5997321399316323
"S4 (open markets, Oct 2026)","v0 only: text map, critic did not name it",polymarket:1090496,"NATO x Russia military clash by December 31, 2026?",RTX,up_on_yes,0.0,0,4,1.7265193040858315,0.430939226519337,0.9723756906077348,181,139,-0.6377932918851517,-0.6838934832076509,0.5080041884222481,1.048988665622952,2,-55.034272019141014,unproven,Russia-Ukraine ceasefire,0.6409002244283439,0.5154004667171952
"S4 (open markets, Oct 2026)","v0 only: text map, critic did not name it",polymarket:1090496,"NATO x Russia military clash by December 31, 2026?",LMT,up_on_yes,0.0,0,4,1.7265193040858315,0.430939226519337,0.9723756906077348,181,139,0.4070987399763222,0.5506367561035198,0.5011917495090518,0.8699679209592966,2,2.982080607200954,unproven,Russia-Ukraine ceasefire,0.6409002244283439,0.5154004667171952
S5 (240 largest markets of the year),v1: two models agree,polymarket:669661,Will the Fed decrease interest rates by 25 bps after the April 2026 meeting?,SHY,up_on_yes,0.65,1,3,1.408849570918746,0.4690265486725664,0.6578947368421053,113,87,0.2076588551215147,0.8184526080583594,0.0092816052072171,0.1400040784205785,0,,unproven,Fed rate decision,0.6404860125449354,0.5581450511476418
"S4 (open markets, Oct 2026)",v1: two models agree,polymarket:701494,"Will Bitcoin reach $120,000 by December 31, 2026?",MSTR,up_on_yes,0.85,1,3,1.0984042005494554,0.3882978723404255,0.6613756613756614,188,118,32.66316198694725,2.5423740601473757,10.384523656609788,1.716369274828376,0,,confirmed,Bitcoin holders,0.6353873490123677,0.5167948878110422
S5 (240 largest markets of the year),v1: two models agree,polymarket:601698,Fed decreases interest rates by 25 bps after January 2026 meeting?,TLT,up_on_yes,0.45,1,3,1.8808642540265013,0.5555555555555556,0.7804878048780488,81,67,-0.1268305624262644,-0.0900998916562599,0.6768793230288576,1.6167140694590152,1,-35.8959652514642,unproven,Fed rate decision,0.6342803642773285,0.5892869219587696
"S4 (open markets, Oct 2026)",v1: two models agree,polymarket:701502,"Will Bitcoin dip to $45,000 by December 31, 2026?",MSTR,down_on_yes,0.85,1,4,1.5547872184121865,0.5212765957446809,0.8465608465608465,188,151,36.1858529989352,3.6038315430320984,12.330934190626476,2.716653040126223,0,,confirmed,Bitcoin holders,0.6306218450595475,0.8173418355264713
"S4 (open markets, Oct 2026)",v1: two models agree,polymarket:2126461,Will Crude Oil reach a new all-time high by December 31?,XLE,up_on_yes,0.65,1,3,1.761682136593578,0.4766355140186916,0.9158878504672896,107,81,10.037081441465851,3.1107421035846397,0.5951817367985709,0.788538226849893,2,36.04415167561935,confirmed,Other,0.6295081052621233,0.5546703001339437
S5 (240 largest markets of the year),v1: two models agree,polymarket:572470,Will Trump nominate Kevin Hassett as the next Fed chair?,UUP,down_on_yes,0.45,1,3,2.104285919395763,0.5047619047619047,0.7075471698113207,105,88,0.6884542885710043,0.4506537447954682,0.2532392079776221,1.7040841054668028,2,-38.53391801929248,unproven,Fed chair,0.6175867047811429,0.5636008217813389
"S4 (open markets, Oct 2026)",v1: two models agree,polymarket:2467206,"Will Bitcoin reach $95,000 by December 31, 2026?",IBIT,up_on_yes,0.95,1,4,1.7407408191098108,0.4814814814814814,1.0,81,54,32.54630916563773,5.981127995557104,19.74508563133909,4.62600201935464,2,480.14280270248946,confirmed,Bitcoin holders,0.6151566121507756,0.8153484935419429
S5 (240 largest markets of the year),v1: two models agree,polymarket:654413,Will the Fed decrease interest rates by 25 bps after the March 2026 meeting?,IEF,up_on_yes,0.6,1,3,1.5889475107389062,0.4842105263157895,0.6736842105263158,95,78,0.0215465255661525,0.0218490651354541,0.2219317120290711,0.8598279297225389,0,,unproven,Fed rate decision,0.6090148148974425,0.572038947441002
"S4 (open markets, Oct 2026)",v1: two models agree,polymarket:2176270,Strait of Hormuz traffic returns to normal by December 31?,JETS,up_on_yes,0.45,1,3,2.169999822974205,0.63,0.9702970297029704,100,77,12.796908380524266,4.372771752039705,2.6807701923398657,1.2119503383131032,3,83.73099784708388,confirmed,"Iran, Hormuz and oil",0.5990250362174443,0.6857015587340811
S5 (240 largest markets of the year),v1: two models agree,polymarket:669661,Will the Fed decrease interest rates by 25 bps after the April 2026 meeting?,IEF,up_on_yes,0.6,1,3,1.408849570918746,0.4690265486725664,0.6578947368421053,113,87,1.0650651464105785,1.3526427678623296,0.1280181747580567,0.4518733789994558,0,,unproven,Fed rate decision,0.5978928063118029,0.5212564144898204
"S4 (open markets, Oct 2026)","v0 only: text map, critic did not name it",polymarket:701496,"Will Bitcoin reach $100,000 by December 31, 2026?",COIN,up_on_yes,0.0,0,4,1.611702116404442,0.5106382978723404,0.8624338624338624,188,151,27.1752962800608,4.238130568069963,15.626022169401631,3.924159053399529,2,299.2797720017005,confirmed,Bitcoin holders,0.5977026489049673,0.6506930221337307
"S4 (open markets, Oct 2026)","v0 only: text map, critic did not name it",polymarket:701502,"Will Bitcoin dip to $45,000 by December 31, 2026?",COIN,down_on_yes,0.0,0,4,1.5547872184121865,0.5212765957446809,0.8465608465608465,188,151,28.77446291818738,3.3351555001083426,4.276222010595843,1.441398921537388,0,,confirmed,Bitcoin holders,0.5965169081627885,0.6614039429642823
"S4 (open markets, Oct 2026)",v1: two models agree,polymarket:665374,Will the U.S. invade Iran before 2027?,JETS,down_on_yes,0.4,1,4,1.954787073934332,0.4840425531914893,0.9947089947089948,188,136,14.783354116568455,6.4342075753428825,5.306844683634068,3.2629753753033985,4,307.09302035157265,confirmed,"Iran, Hormuz and oil",0.5955480339691825,0.5017187287024283
"S4 (open markets, Oct 2026)","v0 only: text map, critic did not name it",polymarket:3554659,Will Google have the best AI model at the end of October 2026?,MSFT,down_on_yes,0.0,0,2,2.698571320090975,0.3428571428571428,0.1111111111111111,35,33,-1.5020585637502353,-10.834538596055408,-0.3677632445554621,-0.4257942547566698,1,-87.90114483445362,contradicted,Other,0.5755376003176149,0.5348628541716057
"S4 (open markets, Oct 2026)",v1: two models agree,polymarket:2170255,Bab el-Mandeb Strait effectively closed by September 30?,ZIM,up_on_yes,0.3,1,3,1.7771844462789956,0.5533980582524272,0.6346153846153846,103,91,7.328605437731086,1.7360276792370084,-5.577788290069782,-1.523063953976427,0,,unproven,Other,0.570627370108837,0.5022031956523304
"S4 (open markets, Oct 2026)",v1: two models agree,polymarket:3501950,Strait of Hormuz traffic returns to normal by October 31?,USO,down_on_yes,0.7,1,4,1.15675678527033,0.4324324324324324,0.4210526315789473,37,31,44.224660417609456,4.026297382386859,6.134405281065014,1.210205628017562,0,,confirmed,"Iran, Hormuz and oil",0.5660002928408164,0.6655806017831083
"S4 (open markets, Oct 2026)",v1: two models agree,polymarket:2467206,"Will Bitcoin reach $95,000 by December 31, 2026?",MSTR,up_on_yes,0.85,1,4,1.7407408191098108,0.4814814814814814,1.0,81,54,41.7757745929248,5.035530601310943,42.982173011007255,4.501866098570848,2,523.8086080931647,confirmed,Bitcoin holders,0.5640702533214365,0.7663876076938768
"S4 (open markets, Oct 2026)",v1: two models agree,polymarket:701502,"Will Bitcoin dip to $45,000 by December 31, 2026?",MARA,down_on_yes,0.7,1,4,1.5547872184121865,0.5212765957446809,0.8465608465608465,188,151,25.15576840412346,3.3731910923770188,11.02492669962525,1.9526869015763888,0,,confirmed,Bitcoin holders,0.5542534079994681,0.7413045643668121
S5 (240 largest markets of the year),v1: two models agree,polymarket:572470,Will Trump nominate Kevin Hassett as the next Fed chair?,GLD,up_on_yes,0.35,1,3,2.104285919395763,0.5047619047619047,0.7075471698113207,105,88,6.097127367237908,0.9776158861307211,0.9642476136969296,1.14989301389177,2,-166.49533203152902,unproven,Fed chair,0.5531823677600505,0.489668546710814
"S4 (open markets, Oct 2026)",v1: two models agree,polymarket:1090496,"NATO x Russia military clash by December 31, 2026?",ITA,up_on_yes,0.5,1,4,1.7265193040858315,0.430939226519337,0.9723756906077348,181,139,-0.0672639682041554,-0.1219834552878489,0.4783718462967188,1.238754068030735,2,-24.03820114305442,unproven,Russia-Ukraine ceasefire,0.5446617145159435,0.46271519241113696
S5 (240 largest markets of the year),v1: two models agree,polymarket:1180303,Khamenei out as Supreme Leader of Iran by February 28?,USO,up_on_yes,0.35,1,1,4.835937279858626,0.53125,0.3939393939393939,32,26,7.711590888027639,12.497774785032702,5.109495422836162,3.082695512049487,1,709.8438083787241,confirmed,"Iran, Hormuz and oil",0.5392374167974386,0.6675567562628073
"S4 (open markets, Oct 2026)","v0 only: text map, critic did not name it",polymarket:2467206,"Will Bitcoin reach $95,000 by December 31, 2026?",COIN,up_on_yes,0.0,0,4,1.7407408191098108,0.4814814814814814,1.0,81,54,34.52586786078634,5.099740944171884,37.23402330636201,4.7160633754107355,2,394.30302877696727,confirmed,Bitcoin holders,0.5284156613718539,0.5888324148670803
"S4 (open markets, Oct 2026)","v0 only: text map, critic did not name it",polymarket:3215008,Will the Fed increase interest rates by 25 bps after the December 2026 meeting?,KRE,up_on_yes,0.0,0,4,1.3555557860268488,0.4222222222222222,1.0,45,31,-0.5628552720482957,-0.1959138531423289,-4.382731383201569,-1.7699649161095536,0,,unproven,Fed rate decision,0.518524878110078,0.42909712987194776
"S4 (open markets, Oct 2026)","v0 only: text map, critic did not name it",polymarket:3215008,Will the Fed increase interest rates by 25 bps after the December 2026 meeting?,XHB,down_on_yes,0.0,0,4,1.3555557860268488,0.4222222222222222,1.0,45,31,6.7005454912043785,2.663609512937122,6.400519871688375,4.906011621564208,0,,confirmed,Fed rate decision,0.518524878110078,0.42909712987194776
"S4 (open markets, Oct 2026)",v1: two models agree,polymarket:2467206,"Will Bitcoin reach $95,000 by December 31, 2026?",MARA,up_on_yes,0.75,1,4,1.7407408191098108,0.4814814814814814,1.0,81,54,32.373717408869176,5.33724754229291,33.018550895675936,3.9666587458022504,2,367.8579083667653,confirmed,Bitcoin holders,0.5115866733952674,0.7090767313979338
S5 (240 largest markets of the year),v1: two models agree,polymarket:654413,Will the Fed decrease interest rates by 25 bps after the March 2026 meeting?,TLT,up_on_yes,0.45,1,3,1.5889475107389062,0.4842105263157895,0.6736842105263158,95,78,-0.7313619011794067,-0.3639531110699194,0.3416451222224086,0.672449139610984,0,,unproven,Fed rate decision,0.5111237728820216,0.46120166426011655
S5 (240 largest markets of the year),v1: two models agree,polymarket:601699,No change in Fed interest rates after January 2026 meeting?,SHY,down_on_yes,0.4,1,2,2.1308643214496565,0.5925925925925926,0.8048780487804879,81,72,0.1663690150943228,0.7584773544850095,0.0934480204402653,1.7334152170029633,1,-1.7953337807194223,unproven,Fed rate decision,0.5074629069439948,0.5275080184592621
"S4 (open markets, Oct 2026)",v1: two models agree,polymarket:701494,"Will Bitcoin reach $120,000 by December 31, 2026?",MARA,up_on_yes,0.7,1,3,1.0984042005494554,0.3882978723404255,0.6613756613756614,188,118,11.956515986193487,1.1525348910765083,7.919224431857601,1.1123868782349513,0,,unproven,Bitcoin holders,0.5032637029415314,0.40649451719524754
S5 (240 largest markets of the year),v1: two models agree,polymarket:601699,No change in Fed interest rates after January 2026 meeting?,IEF,down_on_yes,0.35,1,2,2.1308643214496565,0.5925925925925926,0.8048780487804879,81,72,0.5811574080226336,0.8991256891105568,0.4492068079244375,2.600260571192977,1,-11.1788996971919,unproven,Fed rate decision,0.4810546962234369,0.49039693302204795
S5 (240 largest markets of the year),v1: two models agree,polymarket:2774056,Strait of Hormuz traffic returns to normal by August 31?,USO,down_on_yes,0.7,1,3,1.4652173916819384,0.3478260869565217,0.4680851063829787,46,32,53.09135145162528,4.3335604962664345,7.889717777058641,1.6012484461200849,0,,confirmed,"Iran, Hormuz and oil",0.47134591212024285,0.4687276156168814
"S4 (open markets, Oct 2026)","v0 only: text map, critic did not name it",polymarket:3501950,Strait of Hormuz traffic returns to normal by October 31?,XLE,down_on_yes,0.0,0,4,1.15675678527033,0.4324324324324324,0.4210526315789473,37,31,22.042227200465916,3.156593912644225,2.6715309680967776,1.0299954254732877,0,,confirmed,"Iran, Hormuz and oil",0.4656421619312084,0.5756791737206922
"S4 (open markets, Oct 2026)","v0 only: text map, critic did not name it",polymarket:3501950,Strait of Hormuz traffic returns to normal by October 31?,STNG,down_on_yes,0.0,0,4,1.15675678527033,0.4324324324324324,0.4210526315789473,37,31,27.815997746262305,2.9329224834720704,5.218082487118297,0.7698007276130368,0,,confirmed,"Iran, Hormuz and oil",0.4656421619312084,0.5756791737206922
"S4 (open markets, Oct 2026)","v0 only: text map, critic did not name it",polymarket:3501950,Strait of Hormuz traffic returns to normal by October 31?,DAL,up_on_yes,0.0,0,4,1.15675678527033,0.4324324324324324,0.4210526315789473,37,31,33.63230111212595,3.5122817689740233,1.9869901324875263,0.5568849978320296,0,,confirmed,"Iran, Hormuz and oil",0.4656421619312084,0.5756791737206922
S5 (240 largest markets of the year),v1: two models agree,polymarket:669661,Will the Fed decrease interest rates by 25 bps after the April 2026 meeting?,TLT,up_on_yes,0.45,1,3,1.408849570918746,0.4690265486725664,0.6578947368421053,113,87,1.287445633324218,0.783499917697245,0.1553917045779006,0.2239438153086631,0,,unproven,Fed rate decision,0.463651368157037,0.41081338470925916
S5 (240 largest markets of the year),v1: two models agree,polymarket:2002564,"Israel x Iran permanent peace deal by June 30, 2026?",USO,down_on_yes,0.5,1,2,2.026999942958355,0.5,0.5098039215686274,50,41,27.558343598876068,4.017179052008118,3.369919985489929,1.0888734180439132,1,231.20023620572428,confirmed,"Iran, Hormuz and oil",0.4447004010068757,0.5263902106164791
"S4 (open markets, Oct 2026)",v1: two models agree,polymarket:567621,Will China invade Taiwan by end of 2026?,TSM,down_on_yes,0.95,1,5,0.2797872610786494,0.0797872340425532,0.2857142857142857,188,142,3.6138246571874992,0.1557433531400875,4.273117995076668,0.4433369994527587,0,,unproven,China and Taiwan,0.43936589616975014,0.24667137300130182
"S4 (open markets, Oct 2026)","v0 only: text map, critic did not name it",polymarket:1107582,US strike on Cuba by December 31?,CCL,down_on_yes,0.0,0,3,1.545454545773287,0.4064171122994652,1.0,187,127,8.91037248561536,1.445269213987385,-1.058175203682833,-0.6113534461733252,2,319.79892189491363,unproven,Other,0.4305531083752415,0.3308899932884482
"S4 (open markets, Oct 2026)","v0 only: text map, critic did not name it",polymarket:1107582,US strike on Cuba by December 31?,XLE,up_on_yes,0.0,0,3,1.545454545773287,0.4064171122994652,1.0,187,127,2.310352397808227,0.5616188523378554,-0.4365614010035267,-0.4619090055578059,2,165.7051038193352,unproven,Other,0.4305531083752415,0.3308899932884482
"S4 (open markets, Oct 2026)",v1: two models agree,polymarket:3215008,Will the Fed increase interest rates by 25 bps after the December 2026 meeting?,TLT,down_on_yes,0.5,1,4,1.3555557860268488,0.4222222222222222,1.0,45,31,5.046156720269311,1.7856106892593675,1.4904146216987637,2.6781595046669944,0,,unproven,Fed rate decision,0.4192103550916183,0.37834619032941263
"S4 (open markets, Oct 2026)",v1: two models agree,polymarket:2589813,Will the Fed increase interest rates by 25 bps after the October 2026 meeting?,IWM,down_on_yes,0.6,1,3,1.5753425759811923,0.4383561643835616,1.0,73,41,-0.4952876817518638,-0.4966794269738009,1.709298409155274,2.994444654820361,2,-11.5642056945935,unproven,Fed rate decision,0.4180549526992419,0.40249695765412336
"S4 (open markets, Oct 2026)",v1: two models agree,polymarket:3554659,Will Google have the best AI model at the end of October 2026?,GOOGL,up_on_yes,0.4,1,2,2.698571320090975,0.3428571428571428,0.1111111111111111,35,33,2.7103248092053938,14.162189178039554,-0.1616316101878249,-0.0869819633673748,1,157.2065888049537,confirmed,Other,0.41060898550526814,0.40890825017482446
"S4 (open markets, Oct 2026)","v0 only: text map, critic did not name it",polymarket:2126461,Will Crude Oil reach a new all-time high by December 31?,OXY,up_on_yes,0.0,0,3,1.761682136593578,0.4766355140186916,0.9158878504672896,107,81,15.96110597974266,3.705987633648018,1.3426789709787073,1.3635054141284346,2,121.4514353022,confirmed,Other,0.4066530796469054,0.49622909217045563
"S4 (open markets, Oct 2026)","v0 only: text map, critic did not name it",polymarket:2126461,Will Crude Oil reach a new all-time high by December 31?,XOM,up_on_yes,0.0,0,3,1.761682136593578,0.4766355140186916,0.9158878504672896,107,81,10.7448965827567,3.273390810506434,1.0848346691681583,1.170846028965224,2,43.0085218879626,confirmed,Other,0.4066530796469054,0.49622909217045563
"S4 (open markets, Oct 2026)",v1: two models agree,polymarket:567621,Will China invade Taiwan by end of 2026?,SMH,down_on_yes,0.9,1,5,0.2797872610786494,0.0797872340425532,0.2857142857142857,188,142,-3.126326160757872,-0.2037234264612266,0.2737951212078527,0.0458567952962424,0,,unproven,China and Taiwan,0.39543629556869886,0.2201135365721365
"S4 (open markets, Oct 2026)","v0 only: text map, critic did not name it",polymarket:1365861,Will Flávio Bolsonaro finish in second place in the first round of the 2026 Brazilian presidential election?,EWZ,up_on_yes,0.0,0,1,1.8375000357627869,0.54375,1.0,160,135,-3.7200240033849257,-1.5926170792632404,-0.2305876143490836,-0.2759177443829186,1,-52.22830144135268,unproven,Other,0.3947223874227035,0.36559569366711236
"S4 (open markets, Oct 2026)","v0 only: text map, critic did not name it",polymarket:2589813,Will the Fed increase interest rates by 25 bps after the October 2026 meeting?,XHB,down_on_yes,0.0,0,3,1.5753425759811923,0.4383561643835616,1.0,73,41,1.803839385218436,1.1376455336285314,0.7656364981192182,0.7705232044062449,2,46.48904524523927,unproven,Fed rate decision,0.38391037932933464,0.38197955575239134
S5 (240 largest markets of the year),v1: two models agree,polymarket:906973,Will the Fed decrease interest rates by 25 bps after the June 2026 meeting?,SHY,up_on_yes,0.65,1,3,1.453124971158104,0.3359375,0.5271317829457365,128,99,0.3433313224750748,1.0275544130889065,0.1382394443465459,2.415150595426208,4,7.087075989815323,unproven,Fed rate decision,0.36577854612511196,0.3948933284792243
S5 (240 largest markets of the year),v1: two models agree,polymarket:2002564,"Israel x Iran permanent peace deal by June 30, 2026?",XLE,down_on_yes,0.35,1,2,2.026999942958355,0.5,0.5098039215686274,50,41,12.797196810222225,3.2966487602435177,2.7880578046884663,1.9788362687055,1,86.86638055127547,confirmed,"Iran, Hormuz and oil",0.35124406659087365,0.41580417781854756
S5 (240 largest markets of the year),v1: two models agree,polymarket:516719,Russia x Ukraine ceasefire in 2025?,EPOL,up_on_yes,0.5,1,3,1.1769841434360142,0.3968253968253968,0.359375,63,47,9.988681246474664,2.449220012151651,2.9980227944081532,2.5052569486034866,0,,confirmed,Russia-Ukraine ceasefire,0.3455800352959543,0.3777683456293408
S5 (240 largest markets of the year),v1: two models agree,polymarket:516947,Maduro out in 2025?,CVX,up_on_yes,0.45,1,1,1.6999999039052498,0.5396825396825397,0.734375,63,51,5.002851634737969,2.447430915829881,1.3297710110176066,0.8821540178417967,0,,confirmed,Venezuela,0.34483610007543847,0.3290688982603932
"S4 (open markets, Oct 2026)","v0 only: text map, critic did not name it",polymarket:1535973,Iran leadership change by December 31?,XLE,down_on_yes,0.0,0,2,1.6249999817874696,0.4583333333333333,1.0,144,95,-14.210821825802922,-2.6330044453535995,1.8666844423965467,0.7173706241893465,2,-279.0012644526875,contradicted,"Iran, Hormuz and oil",0.34310577080546795,0.31520711465590684
"S4 (open markets, Oct 2026)","v0 only: text map, critic did not name it",polymarket:1535973,Iran leadership change by December 31?,ITA,down_on_yes,0.0,0,2,1.6249999817874696,0.4583333333333333,1.0,144,95,2.8194753885641632,2.5213191582355425,2.076998211626154,1.7512482979283062,2,50.104631136496245,confirmed,"Iran, Hormuz and oil",0.34310577080546795,0.31520711465590684
S5 (240 largest markets of the year),v1: two models agree,polymarket:906973,Will the Fed decrease interest rates by 25 bps after the June 2026 meeting?,IEF,up_on_yes,0.6,1,3,1.453124971158104,0.3359375,0.5271317829457365,128,99,0.8111049781802063,1.134498616848359,0.4170855376059442,1.9436454483137136,4,18.681925203318677,unproven,Fed rate decision,0.3353386168200793,0.36000340488710497
S5 (240 largest markets of the year),v1: two models agree,polymarket:1654959,Will the Fed increase interest rates by 25 bps after the July 2026 meeting?,SHY,down_on_yes,0.6,1,3,1.250561774614152,0.3033707865168539,0.2333333333333333,89,87,0.6251817719961459,4.432592121838872,0.1868500066738036,2.031040061036751,1,14.215412606553574,confirmed,Fed rate decision,0.3186728315975029,0.35684384624813076
S5 (240 largest markets of the year),v1: two models agree,polymarket:537882,TikTok sale announced in 2025?,ORCL,up_on_yes,0.4,1,1,3.6686440393076105,0.4576271186440678,0.6833333333333333,59,46,5.6613105816012395,5.61485488533798,2.8345255326019005,0.681690848231203,4,206.60343599428205,confirmed,Single company,0.3181622495939484,0.4118011452294128
S5 (240 largest markets of the year),v1: two models agree,polymarket:706279,Will Trump visit China by April 30?,FXI,up_on_yes,0.3,1,2,2.405288348325904,0.4423076923076923,0.7142857142857143,104,91,0.8334815411734984,0.6734690029137141,0.163992729072033,0.8256740270067581,4,21.26292733576636,unproven,China and Taiwan,0.31748994842740036,0.2915565071691794
S5 (240 largest markets of the year),v1: two models agree,polymarket:706279,Will Trump visit China by April 30?,KWEB,up_on_yes,0.3,1,2,2.405288348325904,0.4423076923076923,0.7142857142857143,104,91,1.7582563286574149,1.15976232979214,0.3403543124043096,1.3793816134835044,4,62.725663644943545,unproven,China and Taiwan,0.31748994842740036,0.2915565071691794
"S4 (open markets, Oct 2026)",v1: two models agree,polymarket:701548,"Will Ethereum reach $4,000 by December 31, 2026?",ETHA,up_on_yes,0.95,1,3,1.2420213186835989,0.3617021276595745,0.7777777777777778,188,126,44.909246815605705,5.1694666408180705,17.600787229836964,3.334235241287836,1,1243.3895604114502,confirmed,Other,0.3167997987338473,0.5436319938324552
S5 (240 largest markets of the year),v1: two models agree,polymarket:2774056,Strait of Hormuz traffic returns to normal by August 31?,XLE,down_on_yes,0.45,1,3,1.4652173916819384,0.3478260869565217,0.4680851063829787,46,32,17.342059490781757,3.47445468592353,1.9886677990714352,0.6164012636431481,0,,confirmed,"Iran, Hormuz and oil",0.31449386258058165,0.29565929371909183
S5 (240 largest markets of the year),v1: two models agree,polymarket:516719,Russia x Ukraine ceasefire in 2025?,VGK,up_on_yes,0.4,1,3,1.1769841434360142,0.3968253968253968,0.359375,63,47,2.8131479155919954,0.9995075951515549,1.1347707513250167,1.6446380286147677,0,,unproven,Russia-Ukraine ceasefire,0.29946060254027473,0.31084927539394996
S5 (240 largest markets of the year),v1: two models agree,polymarket:1654959,Will the Fed increase interest rates by 25 bps after the July 2026 meeting?,IEF,down_on_yes,0.55,1,3,1.250561774614152,0.3033707865168539,0.2333333333333333,89,87,1.1917524312539032,4.220803103559885,0.3922927379642139,2.2686207672231413,1,27.800205042554175,confirmed,Fed rate decision,0.2903583170790195,0.32351833664794855
"S4 (open markets, Oct 2026)","v0 only: text map, critic did not name it",polymarket:663583,Will the Iranian regime fall before 2027?,XLE,down_on_yes,0.0,0,2,1.2287234570434753,0.3936170212765957,0.6084656084656085,188,101,-16.690376529120723,-3.708786472106304,-2.5301319977904604,-1.2590115330460896,3,-231.00236237775016,contradicted,"Iran, Hormuz and oil",0.2826294024634619,0.2659441822724546
"S4 (open markets, Oct 2026)","v0 only: text map, critic did not name it",polymarket:663583,Will the Iranian regime fall before 2027?,ITA,up_on_yes,0.0,0,2,1.2287234570434753,0.3936170212765957,0.6084656084656085,188,101,3.169073827006972,1.192465964738373,0.0864103760231692,0.0757226700715205,3,78.08191668611919,unproven,"Iran, Hormuz and oil",0.2826294024634619,0.2659441822724546
S5 (240 largest markets of the year),v1: two models agree,polymarket:1708109,Kharg Island no longer under Iranian control by May 31?,USO,up_on_yes,0.35,1,1,1.9322222150448296,0.4444444444444444,0.5217391304347826,45,36,29.729561368861763,1.9530009928370935,-1.227905272337661,-0.3005559354797932,1,957.3597519485847,unproven,"Iran, Hormuz and oil",0.2792886431986725,0.22798451337177733
S5 (240 largest markets of the year),v1: two models agree,polymarket:516719,Russia x Ukraine ceasefire in 2025?,USO,down_on_yes,0.35,1,3,1.1769841434360142,0.3968253968253968,0.359375,63,47,22.704114956719867,3.1553796537379992,-0.7629160671739461,-0.1965799401558573,0,,confirmed,Russia-Ukraine ceasefire,0.27777222997509876,0.27994949618670767
"S4 (open markets, Oct 2026)","v0 only: text map, critic did not name it",polymarket:2774057,Strait of Hormuz traffic returns to normal by September 30?,XLE,down_on_yes,0.0,0,3,1.4015871574104364,0.3492063492063492,0.5,63,46,18.176398106431648,4.505635657113565,6.223593142833868,1.9249153269933568,1,117.2787991586976,confirmed,"Iran, Hormuz and oil",0.2757880723078239,0.358211888018615
"S4 (open markets, Oct 2026)","v0 only: text map, critic did not name it",polymarket:2774057,Strait of Hormuz traffic returns to normal by September 30?,UAL,up_on_yes,0.0,0,3,1.4015871574104364,0.3492063492063492,0.5,63,46,20.10707098244254,2.9997002033337226,8.79534353178388,1.955978657482374,1,80.70548716997122,confirmed,"Iran, Hormuz and oil",0.2757880723078239,0.358211888018615
"S4 (open markets, Oct 2026)","v0 only: text map, critic did not name it",polymarket:2774057,Strait of Hormuz traffic returns to normal by September 30?,DAL,up_on_yes,0.0,0,3,1.4015871574104364,0.3492063492063492,0.5,63,46,14.227446327602744,3.5642968869471847,1.3758391483660022,0.4438237022744845,1,96.34051144381704,confirmed,"Iran, Hormuz and oil",0.2757880723078239,0.358211888018615
"S4 (open markets, Oct 2026)",v1: two models agree,polymarket:701548,"Will Ethereum reach $4,000 by December 31, 2026?",BMNR,up_on_yes,0.85,1,3,1.2420213186835989,0.3617021276595745,0.7777777777777778,188,126,26.488417137694046,3.375832606007409,11.803190617062516,1.827543112577242,1,726.4086242565136,confirmed,Other,0.2729194390776709,0.46950102541127336
S5 (240 largest markets of the year),v1: two models agree,polymarket:572469,Will Trump nominate Kevin Warsh as the next Fed chair?,GLD,down_on_yes,0.45,1,2,2.0233332685061862,0.3714285714285714,0.7735849056603774,105,81,7.650053521148704,9.10761727350052,0.7842162828308619,0.9215443476293036,3,208.39903649147405,confirmed,Fed chair,0.25537643471802923,0.23636008698369723
S5 (240 largest markets of the year),v1: two models agree,polymarket:572469,Will Trump nominate Kevin Warsh as the next Fed chair?,UUP,up_on_yes,0.45,1,2,2.0233332685061862,0.3714285714285714,0.7735849056603774,105,81,0.7333001609525619,5.357359617415006,0.1081591800005226,0.9539362801273534,3,12.695859599037718,confirmed,Fed chair,0.25537643471802923,0.23636008698369723
"S4 (open markets, Oct 2026)","v0 only: text map, critic did not name it",polymarket:701494,"Will Bitcoin reach $120,000 by December 31, 2026?",COIN,up_on_yes,0.0,0,3,1.0984042005494554,0.3882978723404255,0.6613756613756614,188,118,22.23515927145819,2.339873987931953,15.065655841022366,2.2849747258602022,0,,confirmed,Bitcoin holders,0.25432964130352037,0.31828180760873886
S5 (240 largest markets of the year),v1: two models agree,polymarket:906973,Will the Fed decrease interest rates by 25 bps after the June 2026 meeting?,TLT,up_on_yes,0.45,1,3,1.453124971158104,0.3359375,0.5271317829457365,128,99,0.2531186799311585,0.208802653898506,0.6760963711796684,1.6477220478782653,4,6.482619073708929,unproven,Fed rate decision,0.25247844436468325,0.264826776347262
S5 (240 largest markets of the year),v1: two models agree,polymarket:692258,"MicroStrategy sells any Bitcoin by June 30, 2026?",MSTR,down_on_yes,0.55,1,2,1.8957692485016129,0.2692307692307692,0.4198473282442748,130,92,9.097233793410936,1.896681273906439,-1.896730966387996,-0.6132517925652858,7,141.73395157335398,unproven,Bitcoin holders,0.24691781385892803,0.23410800814477745
S5 (240 largest markets of the year),v1: two models agree,polymarket:1171663,"Russia x Ukraine ceasefire by June 30, 2026?",EPOL,up_on_yes,0.5,1,3,1.0312500223517418,0.3875,0.7125,80,53,-8.598081893635559,-1.1587256453589705,-0.154207494866958,-1.4435973766594008,0,,unproven,Russia-Ukraine ceasefire,0.24487101122782828,0.2504815925119238
S5 (240 largest markets of the year),v1: two models agree,polymarket:704339,"Russia x Ukraine ceasefire by January 31, 2026?",EPOL,up_on_yes,0.5,1,3,1.227906985793176,0.3023255813953488,0.3636363636363636,43,37,-1.069306310552469,-0.1584125076927613,2.123305185601033,0.9474021754091112,0,,unproven,Russia-Ukraine ceasefire,0.23358335118641396,0.25642059265218936
S5 (240 largest markets of the year),v1: two models agree,polymarket:1654957,Will the Fed decrease interest rates by 25 bps after the July 2026 meeting?,SHY,up_on_yes,0.7,1,3,0.6483146224924353,0.247191011235955,0.2777777777777778,89,64,-1.7079571414787496,-1.8445772370998672,0.3531352077840807,0.698052922775736,0,,unproven,Fed rate decision,0.22957655065467572,0.22249279119378948
"S4 (open markets, Oct 2026)","v0 only: text map, critic did not name it",polymarket:3215007,Will there be no change in Fed interest rates after the December 2026 meeting?,IWM,down_on_yes,0.0,0,2,1.0888891418774922,0.3777777777777777,1.0,45,21,-1.0542175288968292,-0.8077954516832095,-1.1577616734998029,-0.9295317000526016,0,,unproven,Fed rate decision,0.2248696701692326,0.15546544304703466
"S4 (open markets, Oct 2026)","v0 only: text map, critic did not name it",polymarket:3215007,Will there be no change in Fed interest rates after the December 2026 meeting?,XHB,down_on_yes,0.0,0,2,1.0888891418774922,0.3777777777777777,1.0,45,21,-0.9769430163718946,-0.2331411220643815,-3.360580957902471,-1.928437075317404,0,,unproven,Fed rate decision,0.2248696701692326,0.15546544304703466
"S4 (open markets, Oct 2026)","v0 only: text map, critic did not name it",polymarket:3554657,Will Anthropic have the best AI model at the end of October 2026?,AMZN,up_on_yes,0.0,0,2,3.785714336803981,0.3428571428571428,1.0,35,21,-0.8498325784574192,-3.222597666545131,-0.046570747148364,-0.1398564642423651,4,-25.008837325680503,contradicted,Other,0.22319966312842582,0.3889385489794928
"S4 (open markets, Oct 2026)","v0 only: text map, critic did not name it",polymarket:3554657,Will Anthropic have the best AI model at the end of October 2026?,GOOGL,down_on_yes,0.0,0,2,3.785714336803981,0.3428571428571428,1.0,35,21,1.364344339899772,1.0754898306663934,-0.4491695974582366,-1.6904962667908794,4,-28.03148987404522,unproven,Other,0.22319966312842582,0.3889385489794928
S5 (240 largest markets of the year),v1: two models agree,polymarket:1171663,"Russia x Ukraine ceasefire by June 30, 2026?",VGK,up_on_yes,0.45,1,3,1.0312500223517418,0.3875,0.7125,80,53,-1.4105660717315636,-0.2541172250607121,-0.0531933385787339,-0.7184903098866652,0,,unproven,Russia-Ukraine ceasefire,0.22155173330812114,0.22363531045581278
S5 (240 largest markets of the year),v1: two models agree,polymarket:704339,"Russia x Ukraine ceasefire by January 31, 2026?",VGK,up_on_yes,0.45,1,3,1.227906985793176,0.3023255813953488,0.3636363636363636,43,37,-3.2857747348326236,-2.0117744284958743,-0.4228447397930223,-0.3326564383256792,0,,contradicted,Russia-Ukraine ceasefire,0.2152004645129587,0.22913236887597482
S5 (240 largest markets of the year),v1: two models agree,polymarket:1654959,Will the Fed increase interest rates by 25 bps after the July 2026 meeting?,TLT,down_on_yes,0.4,1,3,1.250561774614152,0.3033707865168539,0.2333333333333333,89,87,0.9551417337829612,1.6386060045569784,-0.4046060533529464,-0.8615539538858351,1,16.321134022805097,unproven,Fed rate decision,0.2150170273085495,0.23445391123486398
S5 (240 largest markets of the year),v1: two models agree,polymarket:597967,"Starmer out by June 30, 2026?",EWU,down_on_yes,0.3,1,1,2.198323998704303,0.4581005586592179,1.0,179,138,0.2990234051018354,0.2733606130953836,0.1408520155439725,0.8062850979035612,6,-18.928046034513137,unproven,US politics and shutdown,0.206941441837737,0.15578628475848752
S5 (240 largest markets of the year),v1: two models agree,polymarket:1708086,Kharg Island no longer under Iranian control by June 30?,USO,up_on_yes,0.4,1,2,1.537121122678262,0.3787878787878788,0.4477611940298507,66,53,40.038315846602515,2.714538612392303,8.2125075993665,2.2834012381668716,1,957.3597519485847,confirmed,"Iran, Hormuz and oil",0.20256228083318065,0.23133704908534972
S5 (240 largest markets of the year),v1: two models agree,polymarket:567687,Russia x Ukraine ceasefire by end of 2026?,EPOL,up_on_yes,0.5,1,3,1.1192052273560833,0.3509933774834437,1.0,151,106,3.6971676463059433,0.8757331239114419,0.2589770174382614,0.629021366097815,0,,unproven,Russia-Ukraine ceasefire,0.1923434534671492,0.1691974781374888
S5 (240 largest markets of the year),v1: two models agree,polymarket:1654957,Will the Fed decrease interest rates by 25 bps after the July 2026 meeting?,IEF,up_on_yes,0.6,1,3,0.6483146224924353,0.247191011235955,0.2777777777777778,89,64,-4.425851652049521,-2.2804662087295537,0.0867019142053944,0.111654345463803,0,,contradicted,Fed rate decision,0.1859590631965245,0.1753292216261807
S5 (240 largest markets of the year),v1: two models agree,polymarket:704339,"Russia x Ukraine ceasefire by January 31, 2026?",USO,down_on_yes,0.35,1,3,1.227906985793176,0.3023255813953488,0.3636363636363636,43,37,22.19391671674355,3.0088846159865894,0.787736464168216,0.180959043587818,0,,confirmed,Russia-Ukraine ceasefire,0.18165108734565413,0.1808888001816677
S5 (240 largest markets of the year),v1: two models agree,polymarket:692258,"MicroStrategy sells any Bitcoin by June 30, 2026?",IBIT,down_on_yes,0.4,1,2,1.8957692485016129,0.2692307692307692,0.4198473282442748,130,92,4.220090828118258,1.4002069914434752,0.0276107331503247,0.0315870228343974,7,60.08166108233198,unproven,Bitcoin holders,0.18037789601605256,0.16370171075576162
S5 (240 largest markets of the year),v1: two models agree,polymarket:1171663,"Russia x Ukraine ceasefire by June 30, 2026?",USO,down_on_yes,0.35,1,3,1.0312500223517418,0.3875,0.7125,80,53,-4.213881095283804,-0.1500633875741052,-0.8991503127992392,-1.637839723609402,0,,unproven,Russia-Ukraine ceasefire,0.17981147833178546,0.17628446354851904
S5 (240 largest markets of the year),v1: two models agree,polymarket:567687,Russia x Ukraine ceasefire by end of 2026?,VGK,up_on_yes,0.45,1,3,1.1192052273560833,0.3509933774834437,1.0,151,106,1.6690055980991791,0.6180446955899831,0.1980406272456737,0.8447409512689487,0,,unproven,Russia-Ukraine ceasefire,0.17241305396334616,0.14932743216142952
S5 (240 largest markets of the year),v1: two models agree,polymarket:570360,Fed decreases interest rates by 50+ bps after December 2025 meeting?,SHY,up_on_yes,0.55,1,3,0.6326530689411626,0.1632653061224489,0.0,49,41,0.1373305949322186,0.2668958251928802,0.1873259169654917,0.4097399037272956,0,,unproven,Fed rate decision,0.1638112209620917,0.12773720261870475
S5 (240 largest markets of the year),v1: two models agree,polymarket:1708086,Kharg Island no longer under Iranian control by June 30?,XLE,up_on_yes,0.3,1,2,1.537121122678262,0.3787878787878788,0.4477611940298507,66,53,20.1033945047542,2.2781479707663133,1.6512392444952595,0.6315845369743195,1,539.5099512267166,confirmed,"Iran, Hormuz and oil",0.1636475368858908,0.18273932744808857
S5 (240 largest markets of the year),v1: two models agree,polymarket:604490,Will Trump visit China by March 31?,FXI,up_on_yes,0.3,1,2,2.094355065069507,0.282258064516129,0.352,124,95,0.9507139527922484,0.6563507821997981,1.0089080502868315,2.6014473678599783,5,22.53958088921619,unproven,China and Taiwan,0.1612839298850305,0.1613347580946901
S5 (240 largest markets of the year),v1: two models agree,polymarket:604490,Will Trump visit China by March 31?,KWEB,up_on_yes,0.3,1,2,2.094355065069507,0.282258064516129,0.352,124,95,1.740790528269884,1.1652449580434348,1.3407287950659654,2.500112134025077,5,51.13086811868156,unproven,China and Taiwan,0.1612839298850305,0.1613347580946901
S5 (240 largest markets of the year),v1: two models agree,polymarket:956590,"Will China invade Taiwan by June 30, 2026?",EWT,down_on_yes,0.8,1,3,0.3378788150836375,0.0681818181818181,0.0,132,113,-10.082771087916424,-0.9730280761466296,-0.7507631782959112,-0.2779338925086912,0,,unproven,China and Taiwan,0.15963604307643733,0.10586215244213887
S5 (240 largest markets of the year),v1: two models agree,polymarket:956590,"Will China invade Taiwan by June 30, 2026?",TSM,down_on_yes,0.8,1,3,0.3378788150836375,0.0681818181818181,0.0,132,113,6.187349806021446,0.2522222788366045,3.165512583010089,0.3448731717016526,0,,unproven,China and Taiwan,0.15963604307643733,0.10586215244213887
"S4 (open markets, Oct 2026)",v1: two models agree,polymarket:701548,"Will Ethereum reach $4,000 by December 31, 2026?",COIN,up_on_yes,0.5,1,3,1.2420213186835989,0.3617021276595745,0.7777777777777778,188,126,13.664166609600995,2.1690987664386405,1.2368112982486852,0.2639755376800115,1,167.49711022145502,confirmed,Other,0.15192783031773227,0.23829144704820554
"S4 (open markets, Oct 2026)","v0 only: text map, critic did not name it",polymarket:3491459,"US-Iran Final Nuclear Deal by October 31, 2026?",XLE,down_on_yes,0.0,0,3,0.6236841804102847,0.131578947368421,0.0526315789473684,38,32,-9.576115159601136,-1.181998437943171,1.449708408216875,4.849784916411506,0,,unproven,"Iran, Hormuz and oil",0.14477273952557917,0.10601933982442065
"S4 (open markets, Oct 2026)","v0 only: text map, critic did not name it",polymarket:3491459,"US-Iran Final Nuclear Deal by October 31, 2026?",ITA,down_on_yes,0.0,0,3,0.6236841804102847,0.131578947368421,0.0526315789473684,38,32,2.482381900561232,0.7608864277288947,-0.3863002462184449,-1.3494998593534382,0,,unproven,"Iran, Hormuz and oil",0.14477273952557917,0.10601933982442065
"S4 (open markets, Oct 2026)","v0 only: text map, critic did not name it",polymarket:3491459,"US-Iran Final Nuclear Deal by October 31, 2026?",DAL,up_on_yes,0.0,0,3,0.6236841804102847,0.131578947368421,0.0526315789473684,38,32,-10.010195901003478,-0.8553178496379072,3.184963107361886,4.203155495187648,0,,unproven,"Iran, Hormuz and oil",0.14477273952557917,0.10601933982442065
S5 (240 largest markets of the year),v1: two models agree,polymarket:669662,Will there be no change in Fed interest rates after the April 2026 meeting?,SHY,down_on_yes,0.3,1,2,1.4119466849132978,0.3982300884955752,0.7017543859649122,113,98,-0.5633348044643743,-0.8394353696360932,-0.0560717770954808,-0.8562527395195243,0,,unproven,Fed rate decision,0.1422557569312465,0.14653733179523482
S5 (240 largest markets of the year),v1: two models agree,polymarket:669662,Will there be no change in Fed interest rates after the April 2026 meeting?,IEF,down_on_yes,0.3,1,2,1.4119466849132978,0.3982300884955752,0.7017543859649122,113,98,-0.1560981419305319,-0.0922964502891571,0.0827224007574604,0.2835424291319542,0,,unproven,Fed rate decision,0.1422557569312465,0.14653733179523482
S5 (240 largest markets of the year),v1: two models agree,polymarket:572485,Will Trump nominate Rick Rieder as the next Fed chair?,SHY,up_on_yes,0.35,1,1,1.392380919673347,0.3619047619047619,0.3113207547169811,105,91,-0.1173008944205706,-1.6873980530918804,-0.0145392036480023,-0.2307511033718968,2,-1.7057601725787594,unproven,Fed chair,0.13934735490323455,0.13523050088384367
S5 (240 largest markets of the year),v1: two models agree,polymarket:567687,Russia x Ukraine ceasefire by end of 2026?,USO,down_on_yes,0.35,1,3,1.1192052273560833,0.3509933774834437,1.0,151,106,25.33739634760196,2.2144094889603956,-0.4000468353539256,-0.4173489343649731,0,,confirmed,Russia-Ukraine ceasefire,0.13750670700587636,0.11537190786895743
S5 (240 largest markets of the year),v1: two models agree,polymarket:1654957,Will the Fed decrease interest rates by 25 bps after the July 2026 meeting?,TLT,up_on_yes,0.45,1,3,0.6483146224924353,0.247191011235955,0.2777777777777778,89,64,-7.140068580090944,-2.1096897134389434,-1.366505894222526,-1.0556913309519664,0,,contradicted,Fed rate decision,0.1329464197655056,0.11983436410525024
S5 (240 largest markets of the year),v1: two models agree,polymarket:570360,Fed decreases interest rates by 50+ bps after December 2025 meeting?,IEF,up_on_yes,0.45,1,3,0.6326530689411626,0.1632653061224489,0.0,49,41,-0.6861684972492674,-0.364244266108318,0.0168181005558599,0.011164988557846,0,,unproven,Fed rate decision,0.12007685599456977,0.09812477763515776
S5 (240 largest markets of the year),v1: two models agree,polymarket:1439560,"Russia x Ukraine ceasefire by April 30, 2026?",EPOL,up_on_yes,0.5,1,3,0.6593023129024131,0.2325581395348837,0.0,43,33,3.911041565645025,0.2081409257958544,-3.1855553715017284,-1.28777720441609,0,,unproven,Russia-Ukraine ceasefire,0.11321071054530452,0.16791980490303815
"S4 (open markets, Oct 2026)",v1: two models agree,polymarket:3554662,Will OpenAI have the best AI model at the end of October 2026?,GOOGL,down_on_yes,0.3,1,2,1.588571396257196,0.2285714285714285,0.1388888888888889,35,34,6.338074922752622,1.2381322146549705,1.9586086711895343,1.7288085975160952,2,135.63114092858382,unproven,Other,0.11304577959159759,0.11355188307119635
S5 (240 largest markets of the year),v1: two models agree,polymarket:616902,Will no Fed rate cuts happen in 2026?,SHY,down_on_yes,0.65,1,2,0.9648809327729164,0.2738095238095238,0.525691699604743,252,218,0.8110126708746125,3.1381621248826503,0.1740684690415531,1.1601301270299322,0,,confirmed,Fed rate decision,0.10345300715539839,0.15876717429348766
S5 (240 largest markets of the year),v1: two models agree,polymarket:601697,Fed decreases interest rates by 50+ bps after January 2026 meeting?,SHY,up_on_yes,0.55,1,3,0.5567901325843262,0.1975308641975308,0.1829268292682926,81,59,0.0235411749117592,0.0449011018084245,-0.0295156701201845,-0.3063468188319853,0,,unproven,Fed rate decision,0.10117259339764716,0.11899165571714211
S5 (240 largest markets of the year),v1: two models agree,polymarket:1439560,"Russia x Ukraine ceasefire by April 30, 2026?",VGK,up_on_yes,0.45,1,3,0.6593023129024131,0.2325581395348837,0.0,43,33,9.357153922395206,0.6558574222689011,-3.3462809398137936,-1.152077394583391,0,,unproven,Russia-Ukraine ceasefire,0.10075659922721944,0.14817304443108958
"S4 (open markets, Oct 2026)",v1: two models agree,polymarket:3554662,Will OpenAI have the best AI model at the end of October 2026?,MSFT,up_on_yes,0.25,1,2,1.588571396257196,0.2285714285714285,0.1388888888888889,35,34,-3.604597255432517,-1.317422831021296,0.2048650271494171,0.3711194480913105,2,-69.46426282447094,unproven,Other,0.10039072869626749,0.09943456588113714
"S4 (open markets, Oct 2026)","v0 only: text map, critic did not name it",polymarket:567621,Will China invade Taiwan by end of 2026?,AAPL,down_on_yes,0.0,0,5,0.2797872610786494,0.0797872340425532,0.2857142857142857,188,142,2.9856114294954983,0.2616930937532439,7.406977720976427,0.8658814973461013,0,,unproven,China and Taiwan,0.09653337076513013,0.09600277759489809
"S4 (open markets, Oct 2026)","v0 only: text map, critic did not name it",polymarket:567621,Will China invade Taiwan by end of 2026?,NVDA,down_on_yes,0.0,0,5,0.2797872610786494,0.0797872340425532,0.2857142857142857,188,142,15.103070960240634,1.2552544581973184,-10.640076670816956,-0.7352855856089702,0,,unproven,China and Taiwan,0.09653337076513013,0.09600277759489809
S5 (240 largest markets of the year),v1: two models agree,polymarket:520630,Will China invade Taiwan in 2025?,TSM,down_on_yes,0.8,1,3,0.1484126999183365,0.0,0.0,63,52,-15.430446583008903,-0.1449748580922929,-8.852008464260928,-0.3957910649268661,0,,unproven,China and Taiwan,0.09275310810352334,0.05533172385819567
S5 (240 largest markets of the year),v1: two models agree,polymarket:520630,Will China invade Taiwan in 2025?,EWT,down_on_yes,0.8,1,3,0.1484126999183365,0.0,0.0,63,52,-74.37323510752445,-1.125629469015771,-5.9136799043504755,-0.5942135082251709,0,,unproven,China and Taiwan,0.09275310810352334,0.05533172385819567
S5 (240 largest markets of the year),v1: two models agree,polymarket:570360,Fed decreases interest rates by 50+ bps after December 2025 meeting?,TLT,up_on_yes,0.35,1,3,0.6326530689411626,0.1632653061224489,0.0,49,41,-4.425818014390543,-1.0540961832390614,-0.5671599032160365,-0.2599565961142538,0,,unproven,Fed rate decision,0.08680657087279282,0.07478859692235207
S5 (240 largest markets of the year),v1: two models agree,polymarket:616902,Will no Fed rate cuts happen in 2026?,IEF,down_on_yes,0.55,1,2,0.9648809327729164,0.2738095238095238,0.525691699604743,252,218,2.129530085027886,2.7382398994335597,0.6888314500256765,2.771674714373869,0,,confirmed,Fed rate decision,0.08542849440312086,0.12297545331562099
S5 (240 largest markets of the year),v1: two models agree,polymarket:956590,"Will China invade Taiwan by June 30, 2026?",SMH,down_on_yes,0.6,1,3,0.3378788150836375,0.0681818181818181,0.0,132,113,14.877827553466272,0.8859461812142266,5.698917428599036,1.149061135240444,0,,unproven,China and Taiwan,0.08439597609076356,0.06134333294596148
"S4 (open markets, Oct 2026)","v0 only: text map, critic did not name it",polymarket:3399450,Iran leadership change by October 31?,ITA,down_on_yes,0.0,0,3,0.4525640597328161,0.1025641025641025,0.1025641025641025,39,18,5.45913337426308,1.4706172576243886,2.192003735829225,0.4991317477152463,0,,unproven,"Iran, Hormuz and oil",0.08263387100169736,0.07096903112819433
"S4 (open markets, Oct 2026)","v0 only: text map, critic did not name it",polymarket:3399450,Iran leadership change by October 31?,DAL,up_on_yes,0.0,0,3,0.4525640597328161,0.1025641025641025,0.1025641025641025,39,18,6.76605582621899,0.5235430433771522,-3.9251055171783737,-0.4833792513784037,0,,unproven,"Iran, Hormuz and oil",0.08263387100169736,0.07096903112819433
"S4 (open markets, Oct 2026)","v0 only: text map, critic did not name it",polymarket:3399450,Iran leadership change by October 31?,XLE,down_on_yes,0.0,0,3,0.4525640597328161,0.1025641025641025,0.1025641025641025,39,18,16.159312311481507,1.328407391709444,17.33772808465174,1.215808957530362,0,,unproven,"Iran, Hormuz and oil",0.08263387100169736,0.07096903112819433
"S4 (open markets, Oct 2026)","v0 only: text map, critic did not name it",polymarket:562831,"2026 Balance of Power: R Senate, R House",XLE,up_on_yes,0.0,0,3,0.4574468359351158,0.2340425531914893,0.9470899470899472,188,74,6.790408639962085,0.8196186422740739,-6.109537144186368,-1.372318919932487,0,,unproven,Other,0.08111653712059293,0.06166635775989702
"S4 (open markets, Oct 2026)","v0 only: text map, critic did not name it",polymarket:562831,"2026 Balance of Power: R Senate, R House",ITA,up_on_yes,0.0,0,3,0.4574468359351158,0.2340425531914893,0.9470899470899472,188,74,5.623790792725799,1.180862879148349,-0.0595670312865555,-0.0202837372122499,0,,unproven,Other,0.08111653712059293,0.06166635775989702
S5 (240 largest markets of the year),v1: two models agree,polymarket:601697,Fed decreases interest rates by 50+ bps after January 2026 meeting?,IEF,up_on_yes,0.45,1,3,0.5567901325843262,0.1975308641975308,0.1829268292682926,81,59,0.85875587585079,0.4844773917038182,0.2616348541356549,0.5989227314178592,0,,unproven,Fed rate decision,0.07978719157170285,0.09119468412671172
S5 (240 largest markets of the year),v1: two models agree,polymarket:1439560,"Russia x Ukraine ceasefire by April 30, 2026?",USO,down_on_yes,0.35,1,3,0.6593023129024131,0.2325581395348837,0.0,43,33,56.69539031028995,0.6549115300836139,-31.73494625655445,-1.6555359850152522,0,,unproven,Russia-Ukraine ceasefire,0.07945135574533212,0.11444470132818474
S5 (240 largest markets of the year),v1: two models agree,polymarket:701290,"Will China invade Taiwan by March 31, 2026?",TSM,down_on_yes,0.8,1,3,0.3180232473654499,0.0697674418604651,0.0,86,74,5.225752013765788,0.1647406155586986,11.475720092942543,1.5897361472849365,0,,unproven,China and Taiwan,0.07065665478498988,0.10429710074478948
S5 (240 largest markets of the year),v1: two models agree,polymarket:701290,"Will China invade Taiwan by March 31, 2026?",EWT,down_on_yes,0.8,1,3,0.3180232473654499,0.0697674418604651,0.0,86,74,6.142032086294225,0.4082940974105215,1.8205050524435649,0.4009114918121027,0,,unproven,China and Taiwan,0.07065665478498988,0.10429710074478948
"S4 (open markets, Oct 2026)",v1: two models agree,polymarket:2589811,Will the Fed decrease interest rates by 25 bps after the October 2026 meeting?,IWM,up_on_yes,0.5,1,3,0.5643835622970372,0.1643835616438356,0.2027027027027027,73,45,-4.70327710354426,-2.620198214650953,2.000144944176101,0.8491310282609124,0,,contradicted,Fed rate decision,0.07055444325413691,0.08500613289126885
"S4 (open markets, Oct 2026)","v0 only: text map, critic did not name it",polymarket:3554666,Will SpaceXAI have the best AI model at the end of October 2026?,NVDA,up_on_yes,0.0,0,2,0.4357142886146903,0.1428571428571428,0.0,35,26,-13.893897113081048,-1.2600892573272828,-2.7921136441861494,-0.5627629286479179,0,,unproven,Other,0.06938985429764255,0.06466942403900293
"S4 (open markets, Oct 2026)","v0 only: text map, critic did not name it",polymarket:3554666,Will SpaceXAI have the best AI model at the end of October 2026?,TSLA,up_on_yes,0.0,0,2,0.4357142886146903,0.1428571428571428,0.0,35,26,10.032849980403492,1.3094028567057074,0.5893572815810331,0.0330577131730501,0,,unproven,Other,0.06938985429764255,0.06466942403900293
S5 (240 largest markets of the year),v1: two models agree,polymarket:601697,Fed decreases interest rates by 50+ bps after January 2026 meeting?,TLT,up_on_yes,0.35,1,3,0.5567901325843262,0.1975308641975308,0.1829268292682926,81,59,0.1764970695913795,0.0476400716607927,0.2424793766182818,0.1847552142763983,0,,unproven,Fed rate decision,0.06260727639998113,0.0693798408967599
S5 (240 largest markets of the year),v1: two models agree,polymarket:669660,Will the Fed decrease interest rates by 50+ bps after the April 2026 meeting?,SHY,up_on_yes,0.55,1,3,0.4265486743338241,0.0973451327433628,0.043859649122807,113,82,-2.1033010566479655,-1.253219754097314,-0.2486881977708061,-1.3223748895277545,0,,unproven,Fed rate decision,0.05908402008040769,0.06726255348900748
"S4 (open markets, Oct 2026)","v0 only: text map, critic did not name it",polymarket:562794,Will the Republican Party control the Senate after the 2026 Midterm elections?,KRE,up_on_yes,0.0,0,3,0.4760639464601557,0.1702127659574468,1.0,188,70,4.290030251949272,1.2968485454370833,-1.7653509787785768,-0.4380487025895191,0,,unproven,Other,0.05843098799844578,0.04037785088994682
"S4 (open markets, Oct 2026)","v0 only: text map, critic did not name it",polymarket:562794,Will the Republican Party control the Senate after the 2026 Midterm elections?,XLE,up_on_yes,0.0,0,3,0.4760639464601557,0.1702127659574468,1.0,188,70,-12.83646268395348,-1.1783317356600689,0.9556517054151636,0.2518333529116214,0,,unproven,Other,0.05843098799844578,0.04037785088994682
"S4 (open markets, Oct 2026)",v1: two models agree,polymarket:2589811,Will the Fed decrease interest rates by 25 bps after the October 2026 meeting?,XHB,up_on_yes,0.4,1,3,0.5643835622970372,0.1643835616438356,0.2027027027027027,73,45,-7.678592815258486,-2.0097937945343074,10.795468600844956,2.1238331553734877,0,,contradicted,Fed rate decision,0.057891695693111686,0.0645664901757067
S5 (240 largest markets of the year),v1: two models agree,polymarket:516926,MicroStrategy sells any Bitcoin in 2025?,MSTR,down_on_yes,0.55,1,2,0.5148437478055712,0.125,0.0,64,58,21.181972798067505,0.8639765458794473,-19.7625609529162,-1.7005561715628017,0,,unproven,Bitcoin holders,0.05630786437379551,0.05994450954536052
S5 (240 largest markets of the year),v1: two models agree,polymarket:906972,Will the Fed decrease interest rates by 50+ bps after the June 2026 meeting?,SHY,up_on_yes,0.55,1,3,0.3972656181758793,0.109375,0.1705426356589147,128,81,1.5976609449259456,1.3766022911230045,-0.0629450552517617,-0.4225817044988132,0,,unproven,Fed rate decision,0.05526811948604073,0.06073366374507781
"S4 (open markets, Oct 2026)","v0 only: text map, critic did not name it",polymarket:701488,"Will Bitcoin reach $180,000 by December 31, 2026?",COIN,up_on_yes,0.0,0,4,0.2252659651430997,0.0319148936170212,0.0952380952380952,188,113,29.060406278145745,0.819750863588777,-4.510418681181445,-0.2475577505009482,0,,unproven,Bitcoin holders,0.04807693364975054,0.05438965648653929
"S4 (open markets, Oct 2026)",v1: two models agree,polymarket:2589814,Will the Fed increase interest rates by 50+ bps after the October 2026 meeting?,IWM,down_on_yes,0.65,1,3,0.2006849274039268,0.0410958904109589,0.0135135135135135,73,48,3.335117371175363,0.427789654892275,-0.2995305060940492,-0.8664870271639942,0,,unproven,Fed rate decision,0.047602956654949576,0.049312903474836654
S5 (240 largest markets of the year),v1: two models agree,polymarket:701290,"Will China invade Taiwan by March 31, 2026?",SMH,down_on_yes,0.6,1,3,0.3180232473654499,0.0697674418604651,0.0,86,74,5.265799193101654,0.2790846070776969,9.66044385581217,2.0240560795046516,0,,unproven,China and Taiwan,0.04745608796979812,0.06039198788475001
S5 (240 largest markets of the year),v1: two models agree,polymarket:520630,Will China invade Taiwan in 2025?,SMH,down_on_yes,0.6,1,3,0.1484126999183365,0.0,0.0,63,52,3.276459553473955,0.066181125905449,7.810643889654319,0.4358975135474044,0,,unproven,China and Taiwan,0.04726354330051784,0.031318449687400995
S5 (240 largest markets of the year),v1: two models agree,polymarket:520930,Jerome Powell out as Fed Chair in 2025?,UUP,down_on_yes,0.5,1,3,0.3492063632057536,0.0634920634920634,0.0,63,55,5.887347193214636,0.8552975495005651,2.143241088454205,1.0936058200007768,0,,unproven,Fed chair,0.04601511036004151,0.04562375840986873
S5 (240 largest markets of the year),v1: two models agree,polymarket:669660,Will the Fed decrease interest rates by 50+ bps after the April 2026 meeting?,IEF,up_on_yes,0.45,1,3,0.4265486743338241,0.0973451327433628,0.043859649122807,113,82,-3.311005665131743,-0.812943107509288,-0.7881391849274547,-1.5327726549272795,0,,unproven,Fed rate decision,0.04585082094176612,0.050852223967727664
S5 (240 largest markets of the year),v1: two models agree,polymarket:906975,Will the Fed increase interest rates by 25 bps after the June 2026 meeting?,SHY,down_on_yes,0.55,1,2,0.3933593591227691,0.1171875,0.0,128,107,0.0325517505786504,0.0330479268043119,-0.0362537871684263,-0.2291008602686118,0,,unproven,Fed rate decision,0.04521985914962516,0.049775473187320625
S5 (240 largest markets of the year),v1: two models agree,polymarket:1654956,Will the Fed decrease interest rates by 50+ bps after the July 2026 meeting?,SHY,up_on_yes,0.55,1,3,0.2258426976112879,0.0786516853932584,0.0,89,47,0.1982002347090674,0.1459413301064384,-0.3584235191132798,-0.5448700013124104,0,,unproven,Fed rate decision,0.04505438718847203,0.04905222586989211
"S4 (open markets, Oct 2026)",v1: two models agree,polymarket:562831,"2026 Balance of Power: R Senate, R House",ICLN,down_on_yes,0.3,1,3,0.4574468359351158,0.2340425531914893,0.9470899470899472,188,74,-3.886919200437808,-0.4787893830654823,-8.807502699516721,-1.7467871061713045,0,,unproven,Other,0.044447167610213174,0.02853576804128643
S5 (240 largest markets of the year),v1: two models agree,polymarket:563368,Will Satoshi move any Bitcoin in 2025?,IBIT,down_on_yes,0.45,1,2,0.4539682622259808,0.1111111111111111,0.015625,63,52,31.229407076659275,1.1242589017057267,-0.2047637359470329,-0.0732589860108892,0,,unproven,Bitcoin holders,0.0432625148328556,0.03809735999075736
S5 (240 largest markets of the year),v1: two models agree,polymarket:906972,Will the Fed decrease interest rates by 50+ bps after the June 2026 meeting?,IEF,up_on_yes,0.45,1,3,0.3972656181758793,0.109375,0.1705426356589147,128,81,2.339231697738803,1.4050884576174547,-0.5834815795361445,-1.0621638139549303,0,,unproven,Fed rate decision,0.042850655067155304,0.0458379353965971
"S4 (open markets, Oct 2026)",v1: two models agree,polymarket:701488,"Will Bitcoin reach $180,000 by December 31, 2026?",IBIT,up_on_yes,0.7,1,4,0.2252659651430997,0.0319148936170212,0.0952380952380952,188,113,20.267582450192435,0.5009679045062878,30.773196641533268,3.250530728680327,0,,unproven,Bitcoin holders,0.040746582361629514,0.07781200250279753
S5 (240 largest markets of the year),v1: two models agree,polymarket:520930,Jerome Powell out as Fed Chair in 2025?,GLD,up_on_yes,0.45,1,3,0.3492063632057536,0.0634920634920634,0.0,63,55,22.726647850023113,0.763230035618517,-1.383255422839861,-0.2081308955056985,0,,unproven,Fed chair,0.04048700525217508,0.039574567806595684
S5 (240 largest markets of the year),v1: two models agree,polymarket:1654956,Will the Fed decrease interest rates by 50+ bps after the July 2026 meeting?,IEF,up_on_yes,0.5,1,3,0.2258426976112879,0.0786516853932584,0.0,89,47,-3.0715183350529864,-0.9149857846551044,0.0219207385093763,0.0267559224350785,0,,unproven,Fed rate decision,0.03963690474276075,0.04256873531038386
S5 (240 largest markets of the year),v1: two models agree,polymarket:516926,MicroStrategy sells any Bitcoin in 2025?,IBIT,down_on_yes,0.4,1,2,0.5148437478055712,0.125,0.0,64,58,27.075075887390305,0.9865944304989822,0.2839045881167337,0.0341422988512692,0,,unproven,Bitcoin holders,0.03850740648481271,0.0392334989500551
"S4 (open markets, Oct 2026)","v0 only: text map, critic did not name it",polymarket:2589814,Will the Fed increase interest rates by 50+ bps after the October 2026 meeting?,XHB,down_on_yes,0.0,0,3,0.2006849274039268,0.0410958904109589,0.0135135135135135,73,48,-16.171506397019417,-1.6580677435335414,-0.1849922023869532,-0.2452708057366202,0,,unproven,Fed rate decision,0.038366992852952246,0.0394056842200207
S5 (240 largest markets of the year),v1: two models agree,polymarket:654415,Will the Fed increase interest rates by 25+ bps after the March 2026 meeting?,SHY,down_on_yes,0.6,1,3,0.2657894725225082,0.0526315789473684,0.0105263157894736,95,64,0.9116317936128868,0.5299275865300225,0.0600945815972814,0.2011728577220377,0,,unproven,Fed rate decision,0.038280886793608304,0.05034145120032386
S5 (240 largest markets of the year),v1: two models agree,polymarket:906975,Will the Fed increase interest rates by 25 bps after the June 2026 meeting?,IEF,down_on_yes,0.45,1,2,0.3933593591227691,0.1171875,0.0,128,107,-1.48430008866868,-0.6008959607666222,-0.1803377521431813,-0.5369279000523023,0,,unproven,Fed rate decision,0.03692339990479106,0.03746019539654518
S5 (240 largest markets of the year),v1: two models agree,polymarket:520930,Jerome Powell out as Fed Chair in 2025?,TLT,down_on_yes,0.4,1,3,0.3492063632057536,0.0634920634920634,0.0,63,55,-2.9396552497782342,-0.2713323386267048,-4.9641984457873685,-1.1697332925035455,0,,unproven,Fed chair,0.03559824647739039,0.03429860655883398
S5 (240 largest markets of the year),v1: two models agree,polymarket:669660,Will the Fed decrease interest rates by 50+ bps after the April 2026 meeting?,TLT,up_on_yes,0.35,1,3,0.4265486743338241,0.0973451327433628,0.043859649122807,113,82,-5.110162351473218,-0.5662453336807011,-0.4898657634312353,-0.3812636876779143,0,,unproven,Fed rate decision,0.03546976595486894,0.03828127275189326
"S4 (open markets, Oct 2026)","v0 only: text map, critic did not name it",polymarket:562828,"2026 Balance of Power: D Senate, D House",XLE,down_on_yes,0.0,0,2,0.4999999194703203,0.1648936170212765,1.0,188,81,4.22256274787882,0.5337438244734514,-1.7776077031666764,-0.5955571751001985,0,,unproven,Other,0.035191745445273565,0.025837321061410214
S5 (240 largest markets of the year),v1: two models agree,polymarket:654415,Will the Fed increase interest rates by 25+ bps after the March 2026 meeting?,IEF,down_on_yes,0.55,1,3,0.2657894725225082,0.0526315789473684,0.0105263157894736,95,64,-2.030415648292997,-0.4883588627979771,1.0241270470479815,1.3590799552546793,0,,unproven,Fed rate decision,0.03457481608472267,0.04369538688212761
"S4 (open markets, Oct 2026)","v0 only: text map, critic did not name it",polymarket:2589810,Will the Fed decrease interest rates by 50+ bps after the October 2026 meeting?,IWM,up_on_yes,0.0,0,2,0.2143835712683527,0.0273972602739726,0.0135135135135135,73,41,-6.1122391713303275,-8.50415868250354,0.7146907784824685,0.3100901380285176,0,,contradicted,Fed rate decision,0.0336113227037824,0.023734363790900163
"S4 (open markets, Oct 2026)",v1: two models agree,polymarket:701488,"Will Bitcoin reach $180,000 by December 31, 2026?",MSTR,up_on_yes,0.6,1,4,0.2252659651430997,0.0319148936170212,0.0952380952380952,188,113,12.420241577107948,0.2437092978058936,26.2358082274075,1.2003379126880769,0,,unproven,Bitcoin holders,0.03324225804973441,0.058990658001601345
S5 (240 largest markets of the year),v1: two models agree,polymarket:906972,Will the Fed decrease interest rates by 50+ bps after the June 2026 meeting?,TLT,up_on_yes,0.35,1,3,0.3972656181758793,0.109375,0.1705426356589147,128,81,0.7060241440291949,0.2207971388662279,-2.1837271434721557,-2.253637875417007,0,,unproven,Fed rate decision,0.03312528358674584,0.03446153828329454
"S4 (open markets, Oct 2026)","v0 only: text map, critic did not name it",polymarket:562803,Will the Republican Party control the House after the 2026 Midterm elections?,XLE,up_on_yes,0.0,0,2,0.3590425317908855,0.1702127659574468,0.9470899470899472,188,59,13.503943086573935,0.7034456224067049,2.6964081003440503,0.9079018310155916,0,,unproven,Other,0.030830148765336744,0.023944144054987043
S5 (240 largest markets of the year),v1: two models agree,polymarket:1654956,Will the Fed decrease interest rates by 50+ bps after the July 2026 meeting?,TLT,up_on_yes,0.4,1,3,0.2258426976112879,0.0786516853932584,0.0,89,47,-8.909924122290303,-1.5042481537588623,0.0224683759428055,0.012316280334544,0,,unproven,Fed rate decision,0.03061759303362598,0.03197652108449988
S5 (240 largest markets of the year),v1: two models agree,polymarket:563368,Will Satoshi move any Bitcoin in 2025?,MSTR,down_on_yes,0.35,1,2,0.4539682622259808,0.1111111111111111,0.015625,63,52,22.95491585660777,1.2260031241014295,-7.734745524193204,-0.9959624983627072,0,,unproven,Bitcoin holders,0.030536938387065518,0.028584523833812298
"S4 (open markets, Oct 2026)",v1: two models agree,polymarket:562794,Will the Republican Party control the Senate after the 2026 Midterm elections?,ICLN,down_on_yes,0.25,1,3,0.4760639464601557,0.1702127659574468,1.0,188,70,6.589520443371682,1.0521903392401577,5.462836466594544,1.5249297152537042,0,,unproven,Other,0.027897964012727743,0.01595188825087666
S5 (240 largest markets of the year),v1: two models agree,polymarket:516710,US recession in 2025?,IWM,down_on_yes,0.55,1,2,0.341269809989229,0.0476190476190476,0.0,63,47,-7.369302267084599,-0.7502341286801882,0.7300378518305268,0.1965764801690813,0,,unproven,US politics and shutdown,0.027880604120589077,0.03048683348388958
S5 (240 largest markets of the year),v1: two models agree,polymarket:669663,Will the Fed increase interest rates by 25+ bps after the April 2026 meeting?,SHY,down_on_yes,0.55,1,2,0.3048672434560691,0.0442477876106194,0.0,113,88,2.710391129999824,1.4173775542312166,0.1580190662013861,0.630525232764173,0,,unproven,Fed rate decision,0.027587547811099986,0.028497398100723333
"S4 (open markets, Oct 2026)",v1: two models agree,polymarket:701488,"Will Bitcoin reach $180,000 by December 31, 2026?",MARA,up_on_yes,0.5,1,4,0.2252659651430997,0.0319148936170212,0.0952380952380952,188,113,29.344559962258177,1.017777357234477,-9.792565784089613,-0.3493685703322358,0,,unproven,Bitcoin holders,0.02708099213927345,0.04450217010134192
S5 (240 largest markets of the year),v1: two models agree,polymarket:654415,Will the Fed increase interest rates by 25+ bps after the March 2026 meeting?,TLT,down_on_yes,0.4,1,3,0.2657894725225082,0.0526315789473684,0.0105263157894736,95,64,-6.706205312049245,-0.6592089421448956,1.4233127852655814,1.0108199599347905,0,,unproven,Fed rate decision,0.02542032749663993,0.028428718020176536
"S4 (open markets, Oct 2026)","v0 only: text map, critic did not name it",polymarket:3554658,Will Meta have the best AI model at the end of October 2026?,GOOGL,down_on_yes,0.0,0,2,0.4014285700395703,0.0857142857142857,0.0,35,28,8.099799423474948,0.7648050672953398,2.1285371603866974,2.670899557920147,0,,unproven,Other,0.024726004040572847,0.0440346083562697
S5 (240 largest markets of the year),v1: two models agree,polymarket:1654960,Will the Fed increase interest rates by 50+ bps after the July 2026 meeting?,SHY,down_on_yes,0.55,1,3,0.146629219466632,0.0112359550561797,0.0,89,53,0.2492555030490317,0.1081543282564495,1.3160743036141125,2.0566841884406224,0,,unproven,Fed rate decision,0.022669930982934426,0.028992877630927266
"S4 (open markets, Oct 2026)","v0 only: text map, critic did not name it",polymarket:559651,Xi Jinping out before 2027?,KWEB,down_on_yes,0.0,0,2,0.2335106418963442,0.0372340425531914,0.0,188,138,43.14977535557553,2.3855205075536343,5.8201030496180115,1.473179426783263,0,,confirmed,Other,0.022572914282728958,0.026339337157921906
"S4 (open markets, Oct 2026)","v0 only: text map, critic did not name it",polymarket:559651,Xi Jinping out before 2027?,FXI,down_on_yes,0.0,0,2,0.2335106418963442,0.0372340425531914,0.0,188,138,35.72395619540113,1.8450085264292464,2.370943670122274,0.6577923872600409,0,,unproven,Other,0.022572914282728958,0.026339337157921906
S5 (240 largest markets of the year),v1: two models agree,polymarket:516716,Khamenei out as Supreme Leader of Iran in 2025?,USO,up_on_yes,0.35,1,1,0.4833333323606186,0.1428571428571428,0.359375,63,44,14.895798416890614,0.7462147471008682,-12.570989788378792,-2.1585083938977125,0,,unproven,"Iran, Hormuz and oil",0.02229296307095904,0.015530418756727735
S5 (240 largest markets of the year),v1: two models agree,polymarket:669663,Will the Fed increase interest rates by 25+ bps after the April 2026 meeting?,IEF,down_on_yes,0.45,1,2,0.3048672434560691,0.0442477876106194,0.0,113,88,5.710204659454384,1.5089483447231575,0.0072038796958236,0.0062349484568262,0,,unproven,Fed rate decision,0.021249380801296878,0.02132850232178312
"S4 (open markets, Oct 2026)","v0 only: text map, critic did not name it",polymarket:560317,"Putin out as President of Russia by December 31, 2026?",ITA,down_on_yes,0.0,0,2,0.3154255410141133,0.1117021276595744,0.3968253968253968,188,62,-4.55800045522597,-0.7020052366559968,-2.9298086936080345,-0.8349129952614199,0,,unproven,Russia-Ukraine ceasefire,0.02103408602094026,0.02960095024194607
S5 (240 largest markets of the year),v1: two models agree,polymarket:601700,Fed increases interest rates by 25+ bps after January 2026 meeting?,SHY,down_on_yes,0.55,1,3,0.1203703740036782,0.0,0.0,81,40,-4.861681052575083,-0.9366760120896124,-0.2674981381966543,-0.4776877785804895,0,,unproven,Fed rate decision,0.02047262697974055,0.0259899274174711
S5 (240 largest markets of the year),v1: two models agree,polymarket:1654960,Will the Fed increase interest rates by 50+ bps after the July 2026 meeting?,IEF,down_on_yes,0.5,1,3,0.146629219466632,0.0112359550561797,0.0,89,53,0.3069752001949824,0.0389748187522192,0.9611844836365516,1.180353042408001,0,,unproven,Fed rate decision,0.02044307071425688,0.025090780656962942
"S4 (open markets, Oct 2026)",v1: two models agree,polymarket:3554658,Will Meta have the best AI model at the end of October 2026?,META,up_on_yes,0.45,1,2,0.4014285700395703,0.0857142857142857,0.0,35,28,-18.075830973351852,-2.689412334632213,-9.342171319169507,-2.367531948299569,0,,contradicted,Other,0.019376814254696464,0.03114853603656852
S5 (240 largest markets of the year),v1: two models agree,polymarket:906976,Will the Fed increase interest rates by 50+ bps after the June 2026 meeting?,SHY,down_on_yes,0.5,1,2,0.1742187489526259,0.0546875,0.0,128,56,-3.28126274278072,-1.748873442345101,-0.1904411627614604,-0.4332784965154651,0,,unproven,Fed rate decision,0.019276155099703107,0.021940102807378986
S5 (240 largest markets of the year),v1: two models agree,polymarket:601700,Fed increases interest rates by 25+ bps after January 2026 meeting?,IEF,down_on_yes,0.5,1,3,0.1203703740036782,0.0,0.0,81,40,-2.445921650901278,-0.2347766762952885,1.0797183465702818,0.4184210425967901,0,,unproven,Fed rate decision,0.018457530908052296,0.022482633948742024
"S4 (open markets, Oct 2026)",v1: two models agree,polymarket:562828,"2026 Balance of Power: D Senate, D House",ICLN,up_on_yes,0.3,1,2,0.4999999194703203,0.1648936170212765,1.0,188,81,4.006353141199388,0.5920970208617536,-1.2386793897227817,-0.4400809685080962,0,,unproven,Other,0.01759935190795125,0.011715737023452227
"S4 (open markets, Oct 2026)","v0 only: text map, critic did not name it",polymarket:562802,Will the Democratic Party control the House after the 2026 Midterm elections?,XLE,down_on_yes,0.0,0,2,0.32446802930629,0.0691489361702127,0.9470899470899472,188,61,17.674122372055393,0.8252197584488825,0.3875789061294581,0.1644259691384763,0,,unproven,Other,0.017260090184975967,0.012174883911136603
S5 (240 largest markets of the year),v1: two models agree,polymarket:1654960,Will the Fed increase interest rates by 50+ bps after the July 2026 meeting?,TLT,down_on_yes,0.4,1,3,0.146629219466632,0.0112359550561797,0.0,89,53,3.981780128195919,0.2954840146775022,-0.866500228716603,-0.6704899809685698,0,,unproven,Fed rate decision,0.01661329614647739,0.0187623137922899
"S4 (open markets, Oct 2026)",v1: two models agree,polymarket:562803,Will the Republican Party control the House after the 2026 Midterm elections?,ICLN,down_on_yes,0.3,1,2,0.3590425317908855,0.1702127659574468,0.9470899470899472,188,59,-9.211356064143022,-1.3724548058423158,-3.1450881097056542,-1.026059951173507,0,,unproven,Other,0.016485305422002054,0.010845770191798592
"S4 (open markets, Oct 2026)",v1: two models agree,polymarket:2589810,Will the Fed decrease interest rates by 50+ bps after the October 2026 meeting?,GLD,up_on_yes,0.4,1,2,0.2143835712683527,0.0273972602739726,0.0135135135135135,73,41,7.819445003784087,0.7664801149679368,1.146149902266687,0.6313592631999222,0,,unproven,Fed rate decision,0.015279694181637053,0.01441495393599866
S5 (240 largest markets of the year),v1: two models agree,polymarket:601700,Fed increases interest rates by 25+ bps after January 2026 meeting?,TLT,down_on_yes,0.4,1,3,0.1203703740036782,0.0,0.0,81,40,2.395960533406625,0.1250558500311964,2.9648516741470163,0.4431487643765157,0,,unproven,Fed rate decision,0.014994030727137689,0.01680066464982058
S5 (240 largest markets of the year),v1: two models agree,polymarket:906976,Will the Fed increase interest rates by 50+ bps after the June 2026 meeting?,IEF,down_on_yes,0.4,1,2,0.1742187489526259,0.0546875,0.0,128,56,-5.069844616673344,-2.592468761342884,-1.12455839717948,-0.792341274651712,0,,contradicted,Fed rate decision,0.014914406420023776,0.01639294642214056
S5 (240 largest markets of the year),v1: two models agree,polymarket:572473,Will Trump nominate Judy Shelton as the next Fed chair?,GLD,up_on_yes,0.4,1,1,0.3047619034380962,0.0761904761904762,0.0,105,80,34.315498788052174,0.6341960606196784,2.9106828801163624,1.0467958179547496,0,,unproven,Fed chair,0.011555523156535234,0.014375076905124292
S5 (240 largest markets of the year),v1: two models agree,polymarket:570363,Fed increases interest rates by 25+ bps after December 2025 meeting?,SHY,down_on_yes,0.5,1,2,0.0540816326083957,0.0,0.0,49,11,-8.169461305707442,-1.500236165464164,0.2401706941857295,0.7385379872343779,0,,unproven,Fed rate decision,0.011409866280240448,0.01291516953369039
S5 (240 largest markets of the year),v1: two models agree,polymarket:666860,Trump out as President by March 31?,DJT,down_on_yes,0.4,1,1,0.3479591799467535,0.0510204081632653,0.0,98,86,6.353190042382778,0.3518076035420313,-5.176675839176421,-0.4762605102858155,0,,unproven,US politics and shutdown,0.010597022272327705,0.012990479514960402
S5 (240 largest markets of the year),v1: two models agree,polymarket:1559394,Trump out as President by June 30?,DJT,down_on_yes,0.45,1,1,0.2624999858150993,0.0526315789473684,0.0,76,37,-39.792097234243414,-2.4407326042189696,-0.6931534607434238,-0.0541718112944652,0,,contradicted,US politics and shutdown,0.00982247172760446,0.01355382772054778
"S4 (open markets, Oct 2026)",v1: two models agree,polymarket:562802,Will the Democratic Party control the House after the 2026 Midterm elections?,ICLN,up_on_yes,0.3,1,2,0.32446802930629,0.0691489361702127,0.9470899470899472,188,61,-19.03680184155839,-2.174046437021998,-0.6082815843490075,-0.254391951458422,0,,contradicted,Other,0.009169470691695658,0.00547861310372893
S5 (240 largest markets of the year),v1: two models agree,polymarket:570363,Fed increases interest rates by 25+ bps after December 2025 meeting?,IEF,down_on_yes,0.4,1,2,0.0540816326083957,0.0,0.0,49,11,-7.709853652317354,-0.6465977231806391,-2.282145169220151,-1.0476142901336856,0,,unproven,Fed rate decision,0.008770244164324455,0.009627343198905952
S5 (240 largest markets of the year),v1: two models agree,polymarket:516969,Will Microsoft have the top AI model on December 31?,MSFT,up_on_yes,0.3,1,1,0.0150793651488447,0.0,0.0,63,13,-437.613021878536,-2.641280364379294,-8.82812349363555,-0.1053861952725532,0,,contradicted,Single company,0.005759498996125563,0.00426525679620391
S5 (240 largest markets of the year),v1: two models agree,polymarket:1500755,Will Judy Shelton be confirmed as Fed Chair?,GLD,up_on_yes,0.35,1,1,0.1708333153752998,0.0,0.0,48,39,67.66201912446412,1.1357647790695429,-8.136085298880369,-1.0301723905254483,0,,unproven,Fed chair,0.004255312609192198,0.006351253491279771
