weekend,market,event,asset_class,label,question,sign,fee_rate,fee_exponent,p_start,p_entry,p_early,p_exit,settled,settled_early,entry_epoch,w,y,y_early,segment,x,x_questions
2026-03-09,1467763,237260,crude,↑ $120,Will Crude Oil (CL) hit (HIGH) $120 by end of March?,1,0.0,1.0,0.39500001072883606,0.550000011920929,0.7300000190734863,0.5699999928474426,False,False,1773006900.0,15.50000011920929,1.9999980926513672,18.000000715255737,IS,-0.6666660308837891,6
2026-03-16,1467763,237260,crude,↑ $120,Will Crude Oil (CL) hit (HIGH) $120 by end of March?,1,0.0,1.0,0.4300000071525574,0.48500001430511475,0.45500001311302185,0.32499998807907104,False,False,1773611700.0,5.500000715255737,-16.00000262260437,-3.0000001192092896,IS,1.9999995827674866,8
2026-03-23,1467763,237260,crude,↑ $120,Will Crude Oil (CL) hit (HIGH) $120 by end of March?,1,0.0,1.0,0.1599999964237213,0.23499999940395355,0.19499999284744263,0.09000000357627869,False,False,1774216500.0,7.500000298023224,-14.499999582767487,-4.0000006556510925,IS,-0.33333334657881,9
2026-03-09,1467765,237260,crude,↑ $110,Will Crude Oil (CL) hit (HIGH) $110 by end of March?,1,0.0,1.0,0.5450000166893005,0.7350000143051147,0.8849999904632568,0.7745000123977661,False,False,1773006900.0,18.99999976158142,3.9499998092651367,14.999997615814209,IS,-0.6666660308837891,6
2026-03-16,1467765,237260,crude,↑ $110,Will Crude Oil (CL) hit (HIGH) $110 by end of March?,1,0.0,1.0,0.6604999899864197,0.6779999732971191,0.684499979019165,0.5509999990463257,False,False,1773611700.0,1.7499983310699463,-12.699997425079346,0.6500005722045898,IS,1.9999995827674866,8
2026-03-23,1467765,237260,crude,↑ $110,Will Crude Oil (CL) hit (HIGH) $110 by end of March?,1,0.0,1.0,0.2630000114440918,0.4404999911785126,0.3544999957084656,0.17900000512599945,False,False,1774216500.0,17.749997973442078,-26.149998605251312,-8.5999995470047,IS,-0.33333334657881,9
2026-03-30,1467765,237260,crude,↑ $110,Will Crude Oil (CL) hit (HIGH) $110 by end of March?,1,0.0,1.0,0.2515000104904175,0.2619999945163727,0.22300000488758087,0.0989999994635582,False,False,1774821300.0,1.04999840259552,-16.29999950528145,-3.899998962879181,IS,3.09090871702541,11
2026-03-09,1467766,237260,crude,↑ $100,Will Crude Oil (CL) hit (HIGH) $100 by end of March?,1,0.0,1.0,0.7749999761581421,0.9049999713897705,0.9714999794960022,0.9070000052452087,False,False,1773006900.0,12.999999523162842,0.20000338554382324,6.650000810623169,IS,-0.6666660308837891,6
2026-03-23,1467766,237260,crude,↑ $100,Will Crude Oil (CL) hit (HIGH) $100 by end of March?,1,0.0,1.0,0.7014999985694885,0.843999981880188,0.7285000085830688,0.3619999885559082,False,False,1774216500.0,14.249998331069946,-48.19999933242798,-11.549997329711914,IS,-0.33333334657881,9
2026-03-30,1467766,237260,crude,↑ $100,Will Crude Oil (CL) hit (HIGH) $100 by end of March?,1,0.0,1.0,0.7839999794960022,0.8134999871253967,0.8765000104904175,0.8834999799728394,False,False,1774821300.0,2.950000762939453,6.999999284744263,6.300002336502075,IS,3.09090871702541,11
2026-03-09,1467771,237260,crude,↓ $65,Will Crude Oil (CL) hit (LOW) $65 by end of March?,-1,0.0,1.0,0.10999999940395355,0.05999999865889549,0.05999999865889549,0.054999999701976776,False,False,1773006900.0,-5.000000074505806,-0.49999989569187164,0.0,IS,-0.6666660308837891,6
2026-03-09,1477563,237260,crude,↑ $150,Will Crude Oil (CL) hit (HIGH) $150 by end of March?,1,0.0,1.0,0.12449999898672104,0.22699999809265137,0.2540000081062317,0.21299999952316284,False,False,1773006900.0,10.249999910593033,-1.3999998569488525,2.7000010013580322,IS,-0.6666660308837891,6
2026-03-16,1477563,237260,crude,↑ $150,Will Crude Oil (CL) hit (HIGH) $150 by end of March?,1,0.0,1.0,0.13650000095367432,0.13300000131130219,0.14300000667572021,0.0860000029206276,False,False,1773611700.0,-0.34999996423721313,-4.699999839067459,1.000000536441803,IS,1.9999995827674866,8
2026-03-09,1515775,237260,crude,↑ $105,Will Crude Oil (CL) hit (HIGH) $105 by end of March?,1,0.0,1.0,0.7099999785423279,0.8550000190734863,0.9449999928474426,0.8615000247955322,False,False,1773006900.0,14.500004053115845,0.6500005722045898,8.99999737739563,IS,-0.6666660308837891,6
2026-03-16,1515775,237260,crude,↑ $105,Will Crude Oil (CL) hit (HIGH) $105 by end of March?,1,0.0,1.0,0.7904999852180481,0.7929999828338623,0.8205000162124634,0.6779999732971191,False,False,1773611700.0,0.2499997615814209,-11.500000953674316,2.7500033378601074,IS,1.9999995827674866,8
2026-03-23,1515775,237260,crude,↑ $105,Will Crude Oil (CL) hit (HIGH) $105 by end of March?,1,0.0,1.0,0.44600000977516174,0.6535000205039978,0.5034999847412109,0.2849999964237213,False,False,1774216500.0,20.750001072883606,-36.85000240802765,-15.000003576278687,IS,-0.33333334657881,9
2026-03-30,1515775,237260,crude,↑ $105,Will Crude Oil (CL) hit (HIGH) $105 by end of March?,1,0.0,1.0,0.4620000123977661,0.5559999942779541,0.5569999814033508,0.3440000116825104,False,False,1774821300.0,9.399998188018799,-21.199998259544373,0.09999871253967285,IS,3.09090871702541,11
2026-03-09,1515806,237260,crude,↑ $130,Will Crude Oil (CL) hit (HIGH) $130 by end of March?,1,0.0,1.0,0.28999999165534973,0.4300000071525574,0.550000011920929,0.38999998569488525,False,False,1773006900.0,14.000001549720764,-4.000002145767212,12.000000476837158,IS,-0.6666660308837891,6
2026-03-16,1515806,237260,crude,↑ $130,Will Crude Oil (CL) hit (HIGH) $130 by end of March?,1,0.0,1.0,0.2849999964237213,0.3199999928474426,0.30000001192092896,0.2150000035762787,False,False,1773611700.0,3.4999996423721313,-10.499998927116394,-1.9999980926513672,IS,1.9999995827674866,8
2026-03-09,1515807,237260,crude,↑ $140,Will Crude Oil (CL) hit (HIGH) $140 by end of March?,1,0.0,1.0,0.2150000035762787,0.3149999976158142,0.35499998927116394,0.2849999964237213,False,False,1773006900.0,9.999999403953552,-3.0000001192092896,3.999999165534973,IS,-0.6666660308837891,6
2026-03-16,1515807,237260,crude,↑ $140,Will Crude Oil (CL) hit (HIGH) $140 by end of March?,1,0.0,1.0,0.17499999701976776,0.23499999940395355,0.20000000298023224,0.13500000536441803,False,False,1773611700.0,6.000000238418579,-9.999999403953552,-3.4999996423721313,IS,1.9999995827674866,8
2026-03-16,1538069,237260,crude,↓ $70,Will Crude Oil (CL) hit (LOW) $70 by end of March?,-1,0.0,1.0,0.11500000208616257,0.07999999821186066,0.07500000298023224,0.07500000298023224,False,False,1773611700.0,-3.500000387430191,-0.4999995231628418,-0.4999995231628418,IS,1.9999995827674866,8
2026-03-16,1538078,237260,crude,↓ $75,Will Crude Oil (CL) hit (LOW) $75 by end of March?,-1,0.0,1.0,0.1599999964237213,0.125,0.125,0.14499999582767487,False,False,1773611700.0,-3.4999996423721313,1.9999995827674866,0.0,IS,1.9999995827674866,8
2026-03-16,1538079,237260,crude,↓ $80,Will Crude Oil (CL) hit (LOW) $80 by end of March?,-1,0.0,1.0,0.28999999165534973,0.2150000035762787,0.23499999940395355,0.27000001072883606,False,False,1773611700.0,-7.4999988079071045,5.500000715255737,1.9999995827674866,IS,1.9999995827674866,8
2026-03-23,1652533,237260,crude,↓ $85,Will Crude Oil (CL) hit (LOW) $85 by end of March?,-1,0.0,1.0,0.17499999701976776,0.10000000149011612,0.11500000208616257,0.3050000071525574,False,False,1774216500.0,-7.499999552965164,20.500000566244125,1.5000000596046448,IS,-0.33333334657881,9
2026-04-20,1980675,305510,crude,↑ $105,Will WTI Crude Oil (WTI) hit (HIGH) $105 in April?,1,0.04,1.0,0.14000000059604645,0.3499999940395355,0.24500000476837158,0.23499999940395355,False,False,1776635700.0,20.999999344348907,-11.499999463558197,-10.499998927116394,IS,10.908333646754423,12
2026-04-27,1980675,305510,crude,↑ $105,Will WTI Crude Oil (WTI) hit (HIGH) $105 in April?,1,0.04,1.0,0.30000001192092896,0.26499998569488525,0.2800000011920929,0.26499998569488525,False,False,1777240500.0,-3.50000262260437,0.0,1.5000015497207642,IS,3.7499993418653808,12
2026-04-20,1980676,305510,crude,↑ $100,Will WTI Crude Oil (WTI) hit (HIGH) $100 in April?,1,0.04,1.0,0.33500000834465027,0.5450000166893005,0.375,0.3449999988079071,False,False,1776635700.0,21.000000834465027,-20.000001788139343,-17.000001668930054,IS,10.908333646754423,12
2026-04-27,1980676,305510,crude,↑ $100,Will WTI Crude Oil (WTI) hit (HIGH) $100 in April?,1,0.04,1.0,0.5799999833106995,0.5849999785423279,0.6299999952316284,0.574999988079071,False,False,1777240500.0,0.4999995231628418,-0.9999990463256836,4.500001668930054,IS,3.7499993418653808,12
2026-04-27,2034302,305510,crude,↓ $80,Will WTI Crude Oil (WTI) hit (LOW) $80 in April?,-1,0.04,1.0,0.17499999701976776,0.07000000029802322,0.06499999761581421,0.04500000178813934,False,False,1777240500.0,-10.499999672174454,-2.499999850988388,-0.5000002682209015,IS,3.7499993418653808,12
2026-04-27,2034303,305510,crude,↓ $85,Will WTI Crude Oil (WTI) hit (LOW) $85 in April?,-1,0.04,1.0,0.2800000011920929,0.1550000011920929,0.13500000536441803,0.125,False,False,1777240500.0,-12.5,-3.0000001192092896,-1.9999995827674866,IS,3.7499993418653808,12
2026-04-27,2060360,305510,crude,↓ $90,Will WTI Crude Oil (WTI) hit (LOW) $90 in April?,-1,0.04,1.0,0.5899999737739563,0.3449999988079071,0.36500000953674316,0.3449999988079071,False,False,1777240500.0,-24.49999749660492,0.0,2.000001072883606,IS,3.7499993418653808,12
2026-03-30,1712294,305510,crude,↑ $150,Will WTI Crude Oil (WTI) hit (HIGH) $150 in April?,1,0.04,1.0,0.18000000715255737,0.20000000298023224,0.2150000035762787,0.1550000011920929,False,False,1774821300.0,1.9999995827674866,-4.500000178813934,1.5000000596046448,IS,3.09090871702541,11
2026-04-06,1712294,305510,crude,↑ $150,Will WTI Crude Oil (WTI) hit (HIGH) $150 in April?,1,0.04,1.0,0.13500000536441803,0.20499999821186066,0.2150000035762787,0.16500000655651093,False,False,1775426100.0,6.999999284744263,-3.999999165534973,1.000000536441803,IS,2.8999996930360794,10
2026-03-30,1712295,305510,crude,↑ $140,Will WTI Crude Oil (WTI) hit (HIGH) $140 in April?,1,0.04,1.0,0.23499999940395355,0.3149999976158142,0.3050000071525574,0.25,False,False,1774821300.0,7.999999821186066,-6.499999761581421,-0.9999990463256836,IS,3.09090871702541,11
2026-04-06,1712295,305510,crude,↑ $140,Will WTI Crude Oil (WTI) hit (HIGH) $140 in April?,1,0.04,1.0,0.19499999284744263,0.4000000059604645,0.36500000953674316,0.26499998569488525,False,False,1775426100.0,20.500001311302185,-13.500002026557922,-3.4999996423721313,IS,2.8999996930360794,10
2026-03-30,1712296,305510,crude,↑ $130,Will WTI Crude Oil (WTI) hit (HIGH) $130 in April?,1,0.04,1.0,0.3449999988079071,0.41999998688697815,0.45500001311302185,0.35499998927116394,False,False,1774821300.0,7.4999988079071045,-6.499999761581421,3.50000262260437,IS,3.09090871702541,11
2026-04-06,1712296,305510,crude,↑ $130,Will WTI Crude Oil (WTI) hit (HIGH) $130 in April?,1,0.04,1.0,0.38499999046325684,0.49000000953674316,0.48500001430511475,0.4099999964237213,False,False,1775426100.0,10.500001907348633,-8.000001311302185,-0.4999995231628418,IS,2.8999996930360794,10
2026-04-13,1712296,305510,crude,↑ $130,Will WTI Crude Oil (WTI) hit (HIGH) $130 in April?,1,0.04,1.0,0.1550000011920929,0.26499998569488525,0.2549999952316284,0.2150000035762787,False,False,1776030900.0,10.999998450279236,-4.999998211860657,-0.9999990463256836,IS,10.038461421544735,13
2026-03-30,1712297,305510,crude,↑ $120,Will WTI Crude Oil (WTI) hit (HIGH) $120 in April?,1,0.04,1.0,0.5099999904632568,0.675000011920929,0.675000011920929,0.5350000262260437,False,False,1774821300.0,16.500002145767212,-13.999998569488525,0.0,IS,3.09090871702541,11
2026-04-06,1712297,305510,crude,↑ $120,Will WTI Crude Oil (WTI) hit (HIGH) $120 in April?,1,0.04,1.0,0.675000011920929,0.7900000214576721,0.7950000166893005,0.7250000238418579,False,False,1775426100.0,11.500000953674316,-6.499999761581421,0.4999995231628418,IS,2.8999996930360794,10
2026-04-13,1712297,305510,crude,↑ $120,Will WTI Crude Oil (WTI) hit (HIGH) $120 in April?,1,0.04,1.0,0.24500000476837158,0.42500001192092896,0.42500001192092896,0.375,False,False,1776030900.0,18.000000715255737,-5.0000011920928955,0.0,IS,10.038461421544735,13
2026-03-30,1712298,305510,crude,↑ $110,Will WTI Crude Oil (WTI) hit (HIGH) $110 in April?,1,0.04,1.0,0.675000011920929,0.7649999856948853,0.7649999856948853,0.7400000095367432,False,False,1774821300.0,8.99999737739563,-2.499997615814209,0.0,IS,3.09090871702541,11
2026-03-30,1712299,305510,crude,↑ $100,Will WTI Crude Oil (WTI) hit (HIGH) $100 in April?,1,0.04,1.0,0.7950000166893005,0.9150000214576721,0.9200000166893005,0.925000011920929,False,False,1774821300.0,12.000000476837158,0.9999990463256836,0.4999995231628418,IS,3.09090871702541,11
2026-03-30,1712301,305510,crude,↓ $80,Will WTI Crude Oil (WTI) hit (LOW) $80 in April?,-1,0.04,1.0,0.4699999988079071,0.3700000047683716,0.33000001311302185,0.2800000011920929,False,False,1774821300.0,-9.999999403953552,-9.000000357627869,-3.999999165534973,IS,3.09090871702541,11
2026-04-06,1712301,305510,crude,↓ $80,Will WTI Crude Oil (WTI) hit (LOW) $80 in April?,-1,0.04,1.0,0.20499999821186066,0.16500000655651093,0.16500000655651093,0.3050000071525574,False,False,1775426100.0,-3.999999165534973,14.000000059604645,0.0,IS,2.8999996930360794,10
2026-04-13,1712301,305510,crude,↓ $80,Will WTI Crude Oil (WTI) hit (LOW) $80 in April?,-1,0.04,1.0,0.39500001072883606,0.14499999582767487,0.1550000011920929,0.17499999701976776,False,False,1776030900.0,-25.00000149011612,3.0000001192092896,1.000000536441803,IS,10.038461421544735,13
2026-03-30,1712302,305510,crude,↓ $70,Will WTI Crude Oil (WTI) hit (LOW) $70 in April?,-1,0.04,1.0,0.18000000715255737,0.10000000149011612,0.10999999940395355,0.0949999988079071,False,False,1774821300.0,-8.000000566244125,-0.5000002682209015,0.9999997913837433,IS,3.09090871702541,11
2026-04-13,1712302,305510,crude,↓ $70,Will WTI Crude Oil (WTI) hit (LOW) $70 in April?,-1,0.04,1.0,0.10499999672174454,0.04500000178813934,0.054999999701976776,0.06499999761581421,False,False,1776030900.0,-5.999999493360519,1.9999995827674866,0.9999997913837433,IS,10.038461421544735,13
2026-04-20,1712302,305510,crude,↓ $70,Will WTI Crude Oil (WTI) hit (LOW) $70 in April?,-1,0.04,1.0,0.20999999344348907,0.125,0.125,0.11500000208616257,False,False,1776635700.0,-8.499999344348907,-0.9999997913837433,0.0,IS,10.908333646754423,12
2026-04-06,1807965,305510,crude,↑ $160,Will WTI Crude Oil (WTI) hit (HIGH) $160 in April?,1,0.04,1.0,0.10199999809265137,0.16500000655651093,0.12849999964237213,0.08349999785423279,False,False,1775426100.0,6.300000846385956,-8.150000870227814,-3.6500006914138794,IS,2.8999996930360794,10
2026-04-13,1894790,305510,crude,↓ $90,Will WTI Crude Oil (WTI) hit (LOW) $90 in April?,-1,0.04,1.0,0.8450000286102295,0.38999998569488525,0.48500001430511475,0.5550000071525574,False,False,1776030900.0,-45.500004291534424,16.500002145767212,9.50000286102295,IS,10.038461421544735,13
2026-04-13,1929111,305510,crude,↓ $75,Will WTI Crude Oil (WTI) hit (LOW) $75 in April?,-1,0.04,1.0,0.2150000035762787,0.10499999672174454,0.10499999672174454,0.0949999988079071,False,False,1776030900.0,-11.000000685453415,-0.9999997913837433,0.0,IS,10.038461421544735,13
2026-04-20,1929111,305510,crude,↓ $75,Will WTI Crude Oil (WTI) hit (LOW) $75 in April?,-1,0.04,1.0,0.38499999046325684,0.22499999403953552,0.22499999403953552,0.29499998688697815,False,False,1776635700.0,-15.999999642372131,6.999999284744263,0.0,IS,10.908333646754423,12
2026-04-13,1929133,305510,crude,↓ $85,Will WTI Crude Oil (WTI) hit (LOW) $85 in April?,-1,0.04,1.0,0.6100000143051147,0.2750000059604645,0.35499998927116394,0.41499999165534973,False,False,1776030900.0,-33.50000083446503,13.999998569488525,7.999998331069946,IS,10.038461421544735,13
2026-04-13,1929170,305510,crude,↑ $110,Will WTI Crude Oil (WTI) hit (HIGH) $110 in April?,1,0.04,1.0,0.4699999988079071,0.8450000286102295,0.7950000166893005,0.6949999928474426,False,False,1776030900.0,37.50000298023224,-15.000003576278687,-5.0000011920928955,IS,10.038461421544735,13
2026-04-20,1929170,305510,crude,↑ $110,Will WTI Crude Oil (WTI) hit (HIGH) $110 in April?,1,0.04,1.0,0.14499999582767487,0.26499998569488525,0.20499999821186066,0.14499999582767487,False,False,1776635700.0,11.999998986721039,-11.999998986721039,-5.99999874830246,IS,10.908333646754423,12
2026-04-27,1929170,305510,crude,↑ $110,Will WTI Crude Oil (WTI) hit (HIGH) $110 in April?,1,0.04,1.0,0.1899999976158142,0.19499999284744263,0.1899999976158142,0.13500000536441803,False,False,1777240500.0,0.4999995231628418,-5.99999874830246,-0.4999995231628418,IS,3.7499993418653808,12
2026-04-13,1929173,305510,crude,↑ $105,Will WTI Crude Oil (WTI) hit (HIGH) $105 in April?,1,0.04,1.0,0.5649999976158142,0.9200000166893005,0.9975000023841858,1.0,True,False,1776030900.0,35.50000190734863,7.999998331069946,7.749998569488525,IS,10.038461421544735,13
2026-04-13,1929187,305510,crude,↑ $115,Will WTI Crude Oil (WTI) hit (HIGH) $115 in April?,1,0.04,1.0,0.36000001430511475,0.6299999952316284,0.6549999713897705,0.5049999952316284,False,False,1776030900.0,26.999998092651367,-12.5,2.499997615814209,IS,10.038461421544735,13
2026-04-20,1929187,305510,crude,↑ $115,Will WTI Crude Oil (WTI) hit (HIGH) $115 in April?,1,0.04,1.0,0.10700000077486038,0.18150000274181366,0.15800000727176666,0.12950000166893005,False,False,1776635700.0,7.450000196695328,-5.200000107288361,-2.3499995470046997,IS,10.908333646754423,12
2026-04-13,1929195,305510,crude,↑ $125,Will WTI Crude Oil (WTI) hit (HIGH) $125 in April?,1,0.04,1.0,0.1599999964237213,0.35499998927116394,0.36500000953674316,0.2750000059604645,False,False,1776030900.0,19.499999284744263,-7.999998331069946,1.0000020265579224,IS,10.038461421544735,13
2026-05-04,2074234,415443,crude,↑ $140,Will WTI Crude Oil (WTI) hit (HIGH) $140 in May?,1,0.04,1.0,0.12449999898672104,0.10849999636411667,0.10700000077486038,0.125,False,False,1777845300.0,-1.600000262260437,1.6500003635883331,-0.14999955892562866,IS,0.24999994784593582,12
2026-05-04,2074235,415443,crude,↑ $130,Will WTI Crude Oil (WTI) hit (HIGH) $130 in May?,1,0.04,1.0,0.22499999403953552,0.2150000035762787,0.2150000035762787,0.23499999940395355,False,False,1777845300.0,-0.9999990463256836,1.9999995827674866,0.0,IS,0.24999994784593582,12
2026-05-18,2074235,415443,crude,↑ $130,Will WTI Crude Oil (WTI) hit (HIGH) $130 in May?,1,0.04,1.0,0.10499999672174454,0.10499999672174454,0.11999999731779099,0.11500000208616257,False,False,1779054900.0,0.0,1.000000536441803,1.5000000596046448,IS,4.000000123466764,14
2026-05-04,2074236,415443,crude,↑ $120,Will WTI Crude Oil (WTI) hit (HIGH) $120 in May?,1,0.04,1.0,0.4350000023841858,0.3050000071525574,0.3400000035762787,0.4050000011920929,False,False,1777845300.0,-12.999999523162842,9.999999403953552,3.4999996423721313,IS,0.24999994784593582,12
2026-05-11,2074236,415443,crude,↑ $120,Will WTI Crude Oil (WTI) hit (HIGH) $120 in May?,1,0.04,1.0,0.17000000178813934,0.22499999403953552,0.23499999940395355,0.19499999284744263,False,False,1778450100.0,5.499999225139618,-3.0000001192092896,1.000000536441803,IS,9.541666880249977,12
2026-05-18,2074236,415443,crude,↑ $120,Will WTI Crude Oil (WTI) hit (HIGH) $120 in May?,1,0.04,1.0,0.2150000035762787,0.2150000035762787,0.23499999940395355,0.1850000023841858,False,False,1779054900.0,0.0,-3.0000001192092896,1.9999995827674866,IS,4.000000123466764,14
2026-05-26,2074236,415443,crude,↑ $120,Will WTI Crude Oil (WTI) hit (HIGH) $120 in May?,1,0.04,1.0,0.13500000536441803,0.0364999994635582,0.0364999994635582,0.020500000566244125,False,False,1779659700.0,-9.850000590085983,-1.5999998897314072,0.0,IS,-14.083333189288775,12
2026-05-04,2074237,415443,crude,↑ $110,Will WTI Crude Oil (WTI) hit (HIGH) $110 in May?,1,0.04,1.0,0.7049999833106995,0.6449999809265137,0.6850000023841858,0.7799999713897705,False,False,1777845300.0,-6.000000238418579,13.499999046325684,4.000002145767212,IS,0.24999994784593582,12
2026-05-11,2074237,415443,crude,↑ $110,Will WTI Crude Oil (WTI) hit (HIGH) $110 in May?,1,0.04,1.0,0.39500001072883606,0.48500001430511475,0.48500001430511475,0.45500001311302185,False,False,1778450100.0,9.000000357627869,-3.0000001192092896,0.0,IS,9.541666880249977,12
2026-05-18,2074237,415443,crude,↑ $110,Will WTI Crude Oil (WTI) hit (HIGH) $110 in May?,1,0.04,1.0,0.625,0.5849999785423279,0.5849999785423279,0.49000000953674316,False,False,1779054900.0,-4.000002145767212,-9.499996900558472,0.0,IS,4.000000123466764,14
2026-05-26,2074237,415443,crude,↑ $110,Will WTI Crude Oil (WTI) hit (HIGH) $110 in May?,1,0.04,1.0,0.41999998688697815,0.13500000536441803,0.11500000208616257,0.04050000011920929,False,False,1779659700.0,-28.499998152256012,-9.450000524520874,-2.0000003278255463,IS,-14.083333189288775,12
2026-05-04,2074240,415443,crude,↓ $80,Will WTI Crude Oil (WTI) hit (LOW) $80 in May?,-1,0.04,1.0,0.29499998688697815,0.3100000023841858,0.30000001192092896,0.26499998569488525,False,False,1777845300.0,1.5000015497207642,-4.500001668930054,-0.9999990463256836,IS,0.24999994784593582,12
2026-05-11,2074240,415443,crude,↓ $80,Will WTI Crude Oil (WTI) hit (LOW) $80 in May?,-1,0.04,1.0,0.3700000047683716,0.2849999964237213,0.2750000059604645,0.2849999964237213,False,False,1778450100.0,-8.500000834465027,0.0,-0.9999990463256836,IS,9.541666880249977,12
2026-05-18,2074240,415443,crude,↓ $80,Will WTI Crude Oil (WTI) hit (LOW) $80 in May?,-1,0.04,1.0,0.125,0.08500000089406967,0.07999999821186066,0.07500000298023224,False,False,1779054900.0,-3.999999910593033,-0.9999997913837433,-0.5000002682209015,IS,4.000000123466764,14
2026-05-04,2132637,415443,crude,↓ $85,Will WTI Crude Oil (WTI) hit (LOW) $85 in May?,-1,0.04,1.0,0.41999998688697815,0.5149999856948853,0.5049999952316284,0.4449999928474426,False,False,1777845300.0,9.49999988079071,-6.999999284744263,-0.9999990463256836,IS,0.24999994784593582,12
2026-05-11,2132637,415443,crude,↓ $85,Will WTI Crude Oil (WTI) hit (LOW) $85 in May?,-1,0.04,1.0,0.6349999904632568,0.4699999988079071,0.45500001311302185,0.5450000166893005,False,False,1778450100.0,-16.499999165534973,7.500001788139343,-1.4999985694885254,IS,9.541666880249977,12
2026-05-18,2132637,415443,crude,↓ $85,Will WTI Crude Oil (WTI) hit (LOW) $85 in May?,-1,0.04,1.0,0.22499999403953552,0.1550000011920929,0.14499999582767487,0.14000000059604645,False,False,1779054900.0,-6.999999284744263,-1.5000000596046448,-1.000000536441803,IS,4.000000123466764,14
2026-05-26,2132637,415443,crude,↓ $85,Will WTI Crude Oil (WTI) hit (LOW) $85 in May?,-1,0.04,1.0,0.20499999821186066,0.4000000059604645,0.4699999988079071,0.27000001072883606,False,False,1779659700.0,19.500000774860382,-12.999999523162842,6.999999284744263,IS,-14.083333189288775,12
2026-05-04,2132638,415443,crude,↑ $115,Will WTI Crude Oil (WTI) hit (HIGH) $115 in May?,1,0.04,1.0,0.6050000190734863,0.5149999856948853,0.5249999761581421,0.6349999904632568,False,False,1777845300.0,-9.000003337860107,12.000000476837158,0.9999990463256836,IS,0.24999994784593582,12
2026-05-11,2132638,415443,crude,↑ $115,Will WTI Crude Oil (WTI) hit (HIGH) $115 in May?,1,0.04,1.0,0.2750000059604645,0.32499998807907104,0.32499998807907104,0.3050000071525574,False,False,1778450100.0,4.999998211860657,-1.9999980926513672,0.0,IS,9.541666880249977,12
2026-05-18,2132638,415443,crude,↑ $115,Will WTI Crude Oil (WTI) hit (HIGH) $115 in May?,1,0.04,1.0,0.38999998569488525,0.35499998927116394,0.38499999046325684,0.3199999928474426,False,False,1779054900.0,-3.4999996423721313,-3.4999996423721313,3.0000001192092896,IS,4.000000123466764,14
2026-05-26,2132638,415443,crude,↑ $115,Will WTI Crude Oil (WTI) hit (HIGH) $115 in May?,1,0.04,1.0,0.22499999403953552,0.054999999701976776,0.05249999836087227,0.030500000342726707,False,False,1779659700.0,-16.999999433755875,-2.449999935925007,-0.25000013411045074,IS,-14.083333189288775,12
2026-05-04,2132648,415443,crude,↓ $90,Will WTI Crude Oil (WTI) hit (LOW) $90 in May?,-1,0.04,1.0,0.699999988079071,0.7649999856948853,0.6949999928474426,0.6150000095367432,False,False,1777845300.0,6.499999761581421,-14.999997615814209,-6.999999284744263,IS,0.24999994784593582,12
2026-05-04,2132649,415443,crude,↓ $95,Will WTI Crude Oil (WTI) hit (LOW) $95 in May?,-1,0.04,1.0,0.7799999713897705,0.8700000047683716,0.8299999833106995,0.7900000214576721,False,False,1777845300.0,9.000003337860107,-7.999998331069946,-4.000002145767212,IS,0.24999994784593582,12
2026-05-11,2182198,415443,crude,↑ $100,Will WTI Crude Oil (WTI) hit (HIGH) $100 in May?,1,0.04,1.0,0.7599999904632568,0.8450000286102295,0.8650000095367432,1.0,True,False,1778450100.0,8.500003814697266,15.49999713897705,1.9999980926513672,IS,9.541666880249977,12
2026-05-11,2182203,415443,crude,↑ $105,Will WTI Crude Oil (WTI) hit (HIGH) $105 in May?,1,0.04,1.0,0.5849999785423279,0.625,0.6499999761581421,0.6700000166893005,False,False,1778450100.0,4.000002145767212,4.500001668930054,2.499997615814209,IS,9.541666880249977,12
2026-05-18,2182203,415443,crude,↑ $105,Will WTI Crude Oil (WTI) hit (HIGH) $105 in May?,1,0.04,1.0,0.7749999761581421,0.824999988079071,0.824999988079071,0.6700000166893005,False,False,1779054900.0,5.0000011920928955,-15.49999713897705,0.0,IS,4.000000123466764,14
2026-05-18,2230535,415443,crude,↓ $95,Will WTI Crude Oil (WTI) hit (LOW) $95 in May?,-1,0.04,1.0,0.5899999737739563,0.6000000238418579,0.6050000190734863,0.625,False,False,1779054900.0,1.0000050067901611,2.499997615814209,0.4999995231628418,IS,4.000000123466764,14
2026-05-18,2230536,415443,crude,↓ $90,Will WTI Crude Oil (WTI) hit (LOW) $90 in May?,-1,0.04,1.0,0.36500000953674316,0.36500000953674316,0.3700000047683716,0.3050000071525574,False,False,1779054900.0,0.0,-6.000000238418579,0.4999995231628418,IS,4.000000123466764,14
2026-05-26,2230536,415443,crude,↓ $90,Will WTI Crude Oil (WTI) hit (LOW) $90 in May?,-1,0.04,1.0,0.36000001430511475,0.675000011920929,0.8299999833106995,1.0,True,False,1779659700.0,31.49999976158142,32.499998807907104,15.49999713897705,IS,-14.083333189288775,12
2026-05-26,2322404,415443,crude,↑ $105,Will WTI Crude Oil (WTI) hit (HIGH) $105 in May?,1,0.04,1.0,0.675000011920929,0.24500000476837158,0.22499999403953552,0.1550000011920929,False,False,1779659700.0,-43.00000071525574,-9.000000357627869,-2.000001072883606,IS,-14.083333189288775,12
2026-05-18,2213806,125877,crude,↑ $110,Will Crude Oil (CL) hit (HIGH) $110 by end of June?,1,0.04,1.0,0.6349999904632568,0.6600000262260437,0.6600000262260437,0.6449999809265137,False,False,1779054900.0,2.5000035762786865,-1.500004529953003,0.0,IS,4.000000123466764,14
2026-05-26,2213806,125877,crude,↑ $110,Will Crude Oil (CL) hit (HIGH) $110 by end of June?,1,0.04,1.0,0.625,0.33000001311302185,0.36000001430511475,0.36500000953674316,False,False,1779659700.0,-29.499998688697815,3.4999996423721313,3.0000001192092896,IS,-14.083333189288775,12
2026-06-01,2213806,125877,crude,↑ $110,Will Crude Oil (CL) hit (HIGH) $110 by end of June?,1,0.04,1.0,0.20499999821186066,0.23499999940395355,0.23999999463558197,0.30000001192092896,False,False,1780264500.0,3.0000001192092896,6.50000125169754,0.4999995231628418,IS,8.95833297011753,12
2026-06-08,2213806,125877,crude,↑ $110,Will Crude Oil (CL) hit (HIGH) $110 by end of June?,1,0.04,1.0,0.18000000715255737,0.27000001072883606,0.24500000476837158,0.1850000023841858,False,False,1780869300.0,9.000000357627869,-8.500000834465027,-2.5000005960464478,IS,4.937499575316906,8
2026-05-18,2233174,125877,crude,↓ $90,Will Crude Oil (CL) hit (LOW) $90 by end of June?,-1,0.04,1.0,0.6200000047683716,0.6200000047683716,0.6200000047683716,0.6449999809265137,False,False,1779054900.0,0.0,2.499997615814209,0.0,IS,4.000000123466764,14
2026-05-26,2233174,125877,crude,↓ $90,Will Crude Oil (CL) hit (LOW) $90 by end of June?,-1,0.04,1.0,0.6399999856948853,0.8349999785423279,0.8600000143051147,0.8149999976158142,False,False,1779659700.0,19.499999284744263,-1.9999980926513672,2.5000035762786865,IS,-14.083333189288775,12
2026-05-18,2233175,125877,crude,↓ $85,Will Crude Oil (CL) hit (LOW) $85 by end of June?,-1,0.04,1.0,0.46000000834465027,0.4749999940395355,0.4749999940395355,0.6000000238418579,False,False,1779054900.0,1.4999985694885254,12.500002980232239,0.0,IS,4.000000123466764,14
2026-05-26,2233175,125877,crude,↓ $85,Will Crude Oil (CL) hit (LOW) $85 by end of June?,-1,0.04,1.0,0.47999998927116394,0.699999988079071,0.699999988079071,0.6600000262260437,False,False,1779659700.0,21.99999988079071,-3.9999961853027344,0.0,IS,-14.083333189288775,12
2026-06-01,2233175,125877,crude,↓ $85,Will Crude Oil (CL) hit (LOW) $85 by end of June?,-1,0.04,1.0,0.7850000262260437,0.675000011920929,0.6700000166893005,0.6349999904632568,False,False,1780264500.0,-11.000001430511475,-4.000002145767212,-0.4999995231628418,IS,8.95833297011753,12
2026-06-08,2233175,125877,crude,↓ $85,Will Crude Oil (CL) hit (LOW) $85 by end of June?,-1,0.04,1.0,0.5350000262260437,0.48500001430511475,0.5049999952316284,0.5350000262260437,False,False,1780869300.0,-5.0000011920928955,5.0000011920928955,1.9999980926513672,IS,4.937499575316906,8
2026-05-18,2235983,125877,crude,↑ $105,Will Crude Oil (CL) hit (HIGH) $105 by end of June?,1,0.04,1.0,0.8849999904632568,0.8700000047683716,0.8700000047683716,0.8500000238418579,False,False,1779054900.0,-1.4999985694885254,-1.9999980926513672,0.0,IS,4.000000123466764,14
2026-05-26,2235983,125877,crude,↑ $105,Will Crude Oil (CL) hit (HIGH) $105 by end of June?,1,0.04,1.0,0.7300000190734863,0.4399999976158142,0.4449999928474426,0.46000000834465027,False,False,1779659700.0,-29.000002145767212,2.000001072883606,0.4999995231628418,IS,-14.083333189288775,12
2026-06-01,2235983,125877,crude,↑ $105,Will Crude Oil (CL) hit (HIGH) $105 by end of June?,1,0.04,1.0,0.30000001192092896,0.29499998688697815,0.29499998688697815,0.38999998569488525,False,False,1780264500.0,-0.5000025033950806,9.49999988079071,0.0,IS,8.95833297011753,12
2026-06-08,2235983,125877,crude,↑ $105,Will Crude Oil (CL) hit (HIGH) $105 by end of June?,1,0.04,1.0,0.3799999952316284,0.38499999046325684,0.32499998807907104,0.26499998569488525,False,False,1780869300.0,0.4999995231628418,-12.000000476837158,-6.000000238418579,IS,4.937499575316906,8
2026-06-15,2235983,125877,crude,↑ $105,Will Crude Oil (CL) hit (HIGH) $105 by end of June?,1,0.04,1.0,0.125,0.07000000029802322,0.05999999865889549,0.029500000178813934,False,False,1781474100.0,-5.499999970197678,-4.050000011920929,-1.0000001639127731,IS,-27.335000038146973,10
2026-06-15,2487322,125877,crude,↑ $95,Will Crude Oil (CL) hit (HIGH) $95 by end of June?,1,0.04,1.0,0.28999999165534973,0.11999999731779099,0.14000000059604645,0.0949999988079071,False,False,1781474100.0,-16.999999433755875,-2.499999850988388,2.0000003278255463,IS,-27.335000038146973,10
2026-06-15,2487323,125877,crude,↑ $100,Will Crude Oil (CL) hit (HIGH) $100 by end of June?,1,0.04,1.0,0.1599999964237213,0.0949999988079071,0.050999999046325684,0.04699999839067459,False,False,1781474100.0,-6.499999761581421,-4.800000041723251,-4.399999976158142,IS,-27.335000038146973,10
2026-06-15,2501440,125877,crude,↓ $75,Will Crude Oil (CL) hit (LOW) $75 by end of June?,-1,0.04,1.0,0.3449999988079071,0.6600000262260437,0.5649999976158142,0.49000000953674316,False,False,1781474100.0,31.50000274181366,-17.000001668930054,-9.50000286102295,IS,-27.335000038146973,10
2026-06-22,2501440,125877,crude,↓ $75,Will Crude Oil (CL) hit (LOW) $75 by end of June?,-1,0.04,1.0,0.8324999809265137,0.4925000071525574,0.47350001335144043,0.9375,False,False,1782078900.0,-33.99999737739563,44.49999928474426,-1.8999993801116943,IS,22.337499912828207,4
2025-12-29,1032405,125877,crude,↑ $65,Will Crude Oil (CL) hit (HIGH) $65 by end of June?,1,0.04,1.0,0.5049999952316284,0.5049999952316284,0.5049999952316284,0.5049999952316284,False,False,1766962500.0,0.0,0.0,0.0,IS,0.3999999165534973,5
2026-01-05,1032405,125877,crude,↑ $65,Will Crude Oil (CL) hit (HIGH) $65 by end of June?,1,0.04,1.0,0.5049999952316284,0.49000000953674316,0.5099999904632568,0.5099999904632568,False,False,1767567300.0,-1.4999985694885254,1.9999980926513672,1.9999980926513672,IS,9.700000286102295,5
2026-01-12,1032405,125877,crude,↑ $65,Will Crude Oil (CL) hit (HIGH) $65 by end of June?,1,0.04,1.0,0.5149999856948853,0.5350000262260437,0.5350000262260437,0.5199999809265137,False,False,1768172100.0,2.0000040531158447,-1.500004529953003,0.0,IS,5.800000429153442,5
2026-01-20,1032405,125877,crude,↑ $65,Will Crude Oil (CL) hit (HIGH) $65 by end of June?,1,0.04,1.0,0.8899999856948853,0.8849999904632568,0.8799999952316284,0.7799999713897705,False,False,1768776900.0,-0.4999995231628418,-10.500001907348633,-0.4999995231628418,IS,2.4999991059303284,7
2026-01-26,1032405,125877,crude,↑ $65,Will Crude Oil (CL) hit (HIGH) $65 by end of June?,1,0.04,1.0,0.8299999833106995,0.8199999928474426,0.8199999928474426,0.8149999976158142,False,False,1769381700.0,-0.9999990463256836,-0.4999995231628418,0.0,IS,-1.0555570324261982,9
2025-12-29,1032408,125877,crude,↓ $55,Will Crude Oil (CL) hit (LOW) $55 by end of June?,-1,0.04,1.0,0.5,0.4950000047683716,0.4950000047683716,0.5,False,False,1766962500.0,-0.4999995231628418,0.4999995231628418,0.0,IS,0.3999999165534973,5
2026-01-05,1032408,125877,crude,↓ $55,Will Crude Oil (CL) hit (LOW) $55 by end of June?,-1,0.04,1.0,0.47999998927116394,0.5099999904632568,0.4749999940395355,0.5,False,False,1767567300.0,3.0000001192092896,-0.9999990463256836,-3.4999996423721313,IS,9.700000286102295,5
2026-01-12,1032408,125877,crude,↓ $55,Will Crude Oil (CL) hit (LOW) $55 by end of June?,-1,0.04,1.0,0.699999988079071,0.5,0.5,0.5,False,False,1768172100.0,-19.999998807907104,0.0,0.0,IS,5.800000429153442,5
2026-01-20,1032408,125877,crude,↓ $55,Will Crude Oil (CL) hit (LOW) $55 by end of June?,-1,0.04,1.0,0.15000000596046448,0.5600000023841858,0.5950000286102295,0.5600000023841858,False,False,1768776900.0,40.99999964237213,0.0,3.50000262260437,IS,2.4999991059303284,7
2026-01-26,1032408,125877,crude,↓ $55,Will Crude Oil (CL) hit (LOW) $55 by end of June?,-1,0.04,1.0,0.45500001311302185,0.47999998927116394,0.47999998927116394,0.48500001430511475,False,False,1769381700.0,2.499997615814209,0.5000025033950806,0.0,IS,-1.0555570324261982,9
2026-02-02,1032408,125877,crude,↓ $55,Will Crude Oil (CL) hit (LOW) $55 by end of June?,-1,0.04,1.0,0.5550000071525574,0.48500001430511475,0.5799999833106995,0.4749999940395355,False,False,1769986500.0,-6.999999284744263,-1.0000020265579224,9.499996900558472,IS,-10.214285552501678,7
2026-02-09,1032408,125877,crude,↓ $55,Will Crude Oil (CL) hit (LOW) $55 by end of June?,-1,0.04,1.0,0.41999998688697815,0.41999998688697815,0.41999998688697815,0.42500001192092896,False,False,1770591300.0,0.0,0.5000025033950806,0.0,IS,0.5833332737286886,6
2026-02-17,1032408,125877,crude,↓ $55,Will Crude Oil (CL) hit (LOW) $55 by end of June?,-1,0.04,1.0,0.41499999165534973,0.42500001192092896,0.42500001192092896,0.41499999165534973,False,False,1771196100.0,1.0000020265579224,-1.0000020265579224,0.0,IS,0.6428572748388562,7
2026-02-23,1032408,125877,crude,↓ $55,Will Crude Oil (CL) hit (LOW) $55 by end of June?,-1,0.04,1.0,0.375,0.4399999976158142,0.4399999976158142,0.4300000071525574,False,False,1771800900.0,6.499999761581421,-0.9999990463256836,0.0,IS,-2.071428511823927,7
2026-03-02,1032408,125877,crude,↓ $55,Will Crude Oil (CL) hit (LOW) $55 by end of June?,-1,0.04,1.0,0.4449999928474426,0.4399999976158142,0.4399999976158142,0.38999998569488525,False,False,1772405700.0,-0.4999995231628418,-5.0000011920928955,0.0,IS,-6.25,4
2026-03-09,1032408,125877,crude,↓ $55,Will Crude Oil (CL) hit (LOW) $55 by end of June?,-1,0.04,1.0,0.1899999976158142,0.14499999582767487,0.14499999582767487,0.1899999976158142,False,False,1773006900.0,-4.500000178813934,4.500000178813934,0.0,IS,-0.6666660308837891,6
2026-03-16,1032408,125877,crude,↓ $55,Will Crude Oil (CL) hit (LOW) $55 by end of June?,-1,0.04,1.0,0.19499999284744263,0.1599999964237213,0.16500000655651093,0.14499999582767487,False,False,1773611700.0,-3.4999996423721313,-1.5000000596046448,0.5000010132789612,IS,1.9999995827674866,8
2026-03-23,1032408,125877,crude,↓ $55,Will Crude Oil (CL) hit (LOW) $55 by end of June?,-1,0.04,1.0,0.15000000596046448,0.11999999731779099,0.11999999731779099,0.18000000715255737,False,False,1774216500.0,-3.0000008642673492,6.000000983476639,0.0,IS,-0.33333334657881,9
2026-03-30,1032408,125877,crude,↓ $55,Will Crude Oil (CL) hit (LOW) $55 by end of June?,-1,0.04,1.0,0.125,0.10999999940395355,0.11500000208616257,0.0949999988079071,False,False,1774821300.0,-1.5000000596046448,-1.5000000596046448,0.5000002682209015,IS,3.09090871702541,11
2026-04-20,1032408,125877,crude,↓ $55,Will Crude Oil (CL) hit (LOW) $55 by end of June?,-1,0.04,1.0,0.10499999672174454,0.06499999761581421,0.06499999761581421,0.0949999988079071,False,False,1776635700.0,-3.999999910593033,3.0000001192092896,0.0,IS,10.908333646754423,12
2025-12-29,1032409,125877,crude,↓ $52,Will Crude Oil (CL) hit (LOW) $52 by end of June?,-1,0.04,1.0,0.5,0.5,0.5,0.4950000047683716,False,False,1766962500.0,0.0,-0.4999995231628418,0.0,IS,0.3999999165534973,5
2026-01-05,1032409,125877,crude,↓ $52,Will Crude Oil (CL) hit (LOW) $52 by end of June?,-1,0.04,1.0,0.5249999761581421,0.5400000214576721,0.5049999952316284,0.5049999952316284,False,False,1767567300.0,1.500004529953003,-3.50000262260437,-3.50000262260437,IS,9.700000286102295,5
2026-01-12,1032409,125877,crude,↓ $52,Will Crude Oil (CL) hit (LOW) $52 by end of June?,-1,0.04,1.0,0.4950000047683716,0.5,0.5,0.5,False,False,1768172100.0,0.4999995231628418,0.0,0.0,IS,5.800000429153442,5
2026-01-20,1032409,125877,crude,↓ $52,Will Crude Oil (CL) hit (LOW) $52 by end of June?,-1,0.04,1.0,0.5,0.5049999952316284,0.5049999952316284,0.5350000262260437,False,False,1768776900.0,0.4999995231628418,3.0000030994415283,0.0,IS,2.4999991059303284,7
2026-01-26,1032409,125877,crude,↓ $52,Will Crude Oil (CL) hit (LOW) $52 by end of June?,-1,0.04,1.0,0.5099999904632568,0.5149999856948853,0.5149999856948853,0.5149999856948853,False,False,1769381700.0,0.4999995231628418,0.0,0.0,IS,-1.0555570324261982,9
2026-02-02,1032409,125877,crude,↓ $52,Will Crude Oil (CL) hit (LOW) $52 by end of June?,-1,0.04,1.0,0.4099999964237213,0.4050000011920929,0.4050000011920929,0.4650000035762787,False,False,1769986500.0,-0.4999995231628418,6.000000238418579,0.0,IS,-10.214285552501678,7
2026-02-09,1032409,125877,crude,↓ $52,Will Crude Oil (CL) hit (LOW) $52 by end of June?,-1,0.04,1.0,0.5,0.5,0.5,0.5,False,False,1770591300.0,0.0,0.0,0.0,IS,0.5833332737286886,6
2026-02-17,1032409,125877,crude,↓ $52,Will Crude Oil (CL) hit (LOW) $52 by end of June?,-1,0.04,1.0,0.5,0.5,0.5,0.4300000071525574,False,False,1771196100.0,0.0,-6.999999284744263,0.0,IS,0.6428572748388562,7
2026-02-23,1032409,125877,crude,↓ $52,Will Crude Oil (CL) hit (LOW) $52 by end of June?,-1,0.04,1.0,0.5,0.5099999904632568,0.5099999904632568,0.5099999904632568,False,False,1771800900.0,0.9999990463256836,0.0,0.0,IS,-2.071428511823927,7
2026-03-02,1032409,125877,crude,↓ $52,Will Crude Oil (CL) hit (LOW) $52 by end of June?,-1,0.04,1.0,0.5,0.5550000071525574,0.36000001430511475,0.30000001192092896,False,False,1772405700.0,5.500000715255737,-25.499999523162842,-19.499999284744263,IS,-6.25,4
2026-03-09,1032409,125877,crude,↓ $52,Will Crude Oil (CL) hit (LOW) $52 by end of June?,-1,0.04,1.0,0.1850000023841858,0.0949999988079071,0.0949999988079071,0.16500000655651093,False,False,1773006900.0,-9.000000357627869,7.000000774860382,0.0,IS,-0.6666660308837891,6
2026-03-16,1032409,125877,crude,↓ $52,Will Crude Oil (CL) hit (LOW) $52 by end of June?,-1,0.04,1.0,0.14000000059604645,0.07999999821186066,0.07999999821186066,0.11500000208616257,False,False,1773611700.0,-6.000000238418579,3.500000387430191,0.0,IS,1.9999995827674866,8
2026-03-23,1032409,125877,crude,↓ $52,Will Crude Oil (CL) hit (LOW) $52 by end of June?,-1,0.04,1.0,0.10000000149011612,0.08500000089406967,0.10999999940395355,0.18000000715255737,False,False,1774216500.0,-1.5000000596046448,9.50000062584877,2.499999850988388,IS,-0.33333334657881,9
2025-12-29,1032410,125877,crude,↓ $50,Will Crude Oil (CL) hit (LOW) $50 by end of June?,-1,0.04,1.0,0.5,0.4950000047683716,0.4950000047683716,0.5049999952316284,False,False,1766962500.0,-0.4999995231628418,0.9999990463256836,0.0,IS,0.3999999165534973,5
2026-01-05,1032410,125877,crude,↓ $50,Will Crude Oil (CL) hit (LOW) $50 by end of June?,-1,0.04,1.0,0.5049999952316284,0.5299999713897705,0.5149999856948853,0.5,False,False,1767567300.0,2.499997615814209,-2.999997138977051,-1.4999985694885254,IS,9.700000286102295,5
2026-01-12,1032410,125877,crude,↓ $50,Will Crude Oil (CL) hit (LOW) $50 by end of June?,-1,0.04,1.0,0.7049999833106995,0.7250000238418579,0.7250000238418579,0.7250000238418579,False,False,1768172100.0,2.0000040531158447,0.0,0.0,IS,5.800000429153442,5
2026-01-20,1032410,125877,crude,↓ $50,Will Crude Oil (CL) hit (LOW) $50 by end of June?,-1,0.04,1.0,0.7250000238418579,0.5,0.4950000047683716,0.8650000095367432,False,False,1768776900.0,-22.50000238418579,36.500000953674316,-0.4999995231628418,IS,2.4999991059303284,7
2026-01-26,1032410,125877,crude,↓ $50,Will Crude Oil (CL) hit (LOW) $50 by end of June?,-1,0.04,1.0,0.4449999928474426,0.5,0.5,0.49000000953674316,False,False,1769381700.0,5.500000715255737,-0.9999990463256836,0.0,IS,-1.0555570324261982,9
2026-02-02,1032410,125877,crude,↓ $50,Will Crude Oil (CL) hit (LOW) $50 by end of June?,-1,0.04,1.0,0.3499999940395355,0.35499998927116394,0.35499998927116394,0.35499998927116394,False,False,1769986500.0,0.4999995231628418,0.0,0.0,IS,-10.214285552501678,7
2026-02-09,1032410,125877,crude,↓ $50,Will Crude Oil (CL) hit (LOW) $50 by end of June?,-1,0.04,1.0,0.5049999952316284,0.5199999809265137,0.5199999809265137,0.5149999856948853,False,False,1770591300.0,1.4999985694885254,-0.4999995231628418,0.0,IS,0.5833332737286886,6
2026-02-17,1032410,125877,crude,↓ $50,Will Crude Oil (CL) hit (LOW) $50 by end of June?,-1,0.04,1.0,0.36000001430511475,0.3499999940395355,0.3499999940395355,0.35499998927116394,False,False,1771196100.0,-1.0000020265579224,0.4999995231628418,0.0,IS,0.6428572748388562,7
2026-02-23,1032410,125877,crude,↓ $50,Will Crude Oil (CL) hit (LOW) $50 by end of June?,-1,0.04,1.0,0.3499999940395355,0.3799999952316284,0.3799999952316284,0.38499999046325684,False,False,1771800900.0,3.0000001192092896,0.4999995231628418,0.0,IS,-2.071428511823927,7
2026-03-02,1032410,125877,crude,↓ $50,Will Crude Oil (CL) hit (LOW) $50 by end of June?,-1,0.04,1.0,0.38999998569488525,0.3799999952316284,0.3799999952316284,0.3799999952316284,False,False,1772405700.0,-0.9999990463256836,0.0,0.0,IS,-6.25,4
2026-03-09,1032410,125877,crude,↓ $50,Will Crude Oil (CL) hit (LOW) $50 by end of June?,-1,0.04,1.0,0.125,0.0949999988079071,0.0949999988079071,0.11500000208616257,False,False,1773006900.0,-3.0000001192092896,2.0000003278255463,0.0,IS,-0.6666660308837891,6
2026-03-16,1032410,125877,crude,↓ $50,Will Crude Oil (CL) hit (LOW) $50 by end of June?,-1,0.04,1.0,0.125,0.0949999988079071,0.10000000149011612,0.09000000357627869,False,False,1773611700.0,-3.0000001192092896,-0.4999995231628418,0.5000002682209015,IS,1.9999995827674866,8
2025-12-29,1032412,125877,crude,↓ $45,Will Crude Oil (CL) hit (LOW) $45 by end of June?,-1,0.04,1.0,0.5049999952316284,0.5049999952316284,0.5049999952316284,0.5049999952316284,False,False,1766962500.0,0.0,0.0,0.0,IS,0.3999999165534973,5
2026-01-05,1032412,125877,crude,↓ $45,Will Crude Oil (CL) hit (LOW) $45 by end of June?,-1,0.04,1.0,0.5149999856948853,0.5049999952316284,0.5049999952316284,0.5049999952316284,False,False,1767567300.0,-0.9999990463256836,0.0,0.0,IS,9.700000286102295,5
2026-01-12,1032412,125877,crude,↓ $45,Will Crude Oil (CL) hit (LOW) $45 by end of June?,-1,0.04,1.0,0.5049999952316284,0.5,0.5,0.5,False,False,1768172100.0,-0.4999995231628418,0.0,0.0,IS,5.800000429153442,5
2026-01-20,1032412,125877,crude,↓ $45,Will Crude Oil (CL) hit (LOW) $45 by end of June?,-1,0.04,1.0,0.5049999952316284,0.4749999940395355,0.4749999940395355,0.5,False,False,1768776900.0,-3.0000001192092896,2.5000005960464478,0.0,IS,2.4999991059303284,7
2026-01-26,1032412,125877,crude,↓ $45,Will Crude Oil (CL) hit (LOW) $45 by end of June?,-1,0.04,1.0,0.4950000047683716,0.5099999904632568,0.5099999904632568,0.5149999856948853,False,False,1769381700.0,1.4999985694885254,0.4999995231628418,0.0,IS,-1.0555570324261982,9
2026-02-02,1032412,125877,crude,↓ $45,Will Crude Oil (CL) hit (LOW) $45 by end of June?,-1,0.04,1.0,0.2800000011920929,0.2800000011920929,0.2800000011920929,0.3149999976158142,False,False,1769986500.0,0.0,3.4999996423721313,0.0,IS,-10.214285552501678,7
2026-02-09,1032412,125877,crude,↓ $45,Will Crude Oil (CL) hit (LOW) $45 by end of June?,-1,0.04,1.0,0.5049999952316284,0.5049999952316284,0.5049999952316284,0.1850000023841858,False,False,1770591300.0,0.0,-31.999999284744263,0.0,IS,0.5833332737286886,6
2026-02-17,1032412,125877,crude,↓ $45,Will Crude Oil (CL) hit (LOW) $45 by end of June?,-1,0.04,1.0,0.20000000298023224,0.23499999940395355,0.23499999940395355,0.22499999403953552,False,False,1771196100.0,3.4999996423721313,-1.000000536441803,0.0,IS,0.6428572748388562,7
2026-02-23,1032412,125877,crude,↓ $45,Will Crude Oil (CL) hit (LOW) $45 by end of June?,-1,0.04,1.0,0.10499999672174454,0.10499999672174454,0.10499999672174454,0.11999999731779099,False,False,1771800900.0,0.0,1.5000000596046448,0.0,IS,-2.071428511823927,7
2026-03-02,1032412,125877,crude,↓ $45,Will Crude Oil (CL) hit (LOW) $45 by end of June?,-1,0.04,1.0,0.1599999964237213,0.15000000596046448,0.15000000596046448,0.15000000596046448,False,False,1772405700.0,-0.9999990463256836,0.0,0.0,IS,-6.25,4
2025-12-29,1032413,125877,crude,↓ $40,Will Crude Oil (CL) hit (LOW) $40 by end of June?,-1,0.04,1.0,0.5,0.5,0.5,0.5049999952316284,False,False,1766962500.0,0.0,0.4999995231628418,0.0,IS,0.3999999165534973,5
2026-01-05,1032413,125877,crude,↓ $40,Will Crude Oil (CL) hit (LOW) $40 by end of June?,-1,0.04,1.0,0.49000000953674316,0.5,0.5,0.5,False,False,1767567300.0,0.9999990463256836,0.0,0.0,IS,9.700000286102295,5
2026-01-12,1032413,125877,crude,↓ $40,Will Crude Oil (CL) hit (LOW) $40 by end of June?,-1,0.04,1.0,0.5,0.5,0.5,0.5,False,False,1768172100.0,0.0,0.0,0.0,IS,5.800000429153442,5
2026-01-20,1032413,125877,crude,↓ $40,Will Crude Oil (CL) hit (LOW) $40 by end of June?,-1,0.04,1.0,0.5,0.4650000035762787,0.4650000035762787,0.45500001311302185,False,False,1768776900.0,-3.4999996423721313,-0.9999990463256836,0.0,IS,2.4999991059303284,7
2026-01-26,1032413,125877,crude,↓ $40,Will Crude Oil (CL) hit (LOW) $40 by end of June?,-1,0.04,1.0,0.49000000953674316,0.4950000047683716,0.4950000047683716,0.5,False,False,1769381700.0,0.4999995231628418,0.4999995231628418,0.0,IS,-1.0555570324261982,9
2026-02-02,1032413,125877,crude,↓ $40,Will Crude Oil (CL) hit (LOW) $40 by end of June?,-1,0.04,1.0,0.23000000417232513,0.23000000417232513,0.23000000417232513,0.48500001430511475,False,False,1769986500.0,0.0,25.50000101327896,0.0,IS,-10.214285552501678,7
2026-02-09,1032413,125877,crude,↓ $40,Will Crude Oil (CL) hit (LOW) $40 by end of June?,-1,0.04,1.0,0.4950000047683716,0.4950000047683716,0.4950000047683716,0.12999999523162842,False,False,1770591300.0,0.0,-36.500000953674316,0.0,IS,0.5833332737286886,6
2026-02-17,1032413,125877,crude,↓ $40,Will Crude Oil (CL) hit (LOW) $40 by end of June?,-1,0.04,1.0,0.125,0.10999999940395355,0.10999999940395355,0.11999999731779099,False,False,1771196100.0,-1.5000000596046448,0.9999997913837433,0.0,IS,0.6428572748388562,7
2026-02-23,1032413,125877,crude,↓ $40,Will Crude Oil (CL) hit (LOW) $40 by end of June?,-1,0.04,1.0,0.10000000149011612,0.08500000089406967,0.08500000089406967,0.0949999988079071,False,False,1771800900.0,-1.5000000596046448,0.9999997913837433,0.0,IS,-2.071428511823927,7
2026-03-02,1032413,125877,crude,↓ $40,Will Crude Oil (CL) hit (LOW) $40 by end of June?,-1,0.04,1.0,0.10999999940395355,0.07999999821186066,0.07999999821186066,0.07999999821186066,False,False,1772405700.0,-3.0000001192092896,0.0,0.0,IS,-6.25,4
2025-12-29,1032414,125877,crude,↓ $35,Will Crude Oil (CL) hit (LOW) $35 by end of June?,-1,0.04,1.0,0.5,0.5049999952316284,0.5049999952316284,0.5049999952316284,False,False,1766962500.0,0.4999995231628418,0.0,0.0,IS,0.3999999165534973,5
2026-01-05,1032414,125877,crude,↓ $35,Will Crude Oil (CL) hit (LOW) $35 by end of June?,-1,0.04,1.0,0.49000000953674316,0.5049999952316284,0.48500001430511475,0.5049999952316284,False,False,1767567300.0,1.4999985694885254,0.0,-1.9999980926513672,IS,9.700000286102295,5
2026-01-12,1032414,125877,crude,↓ $35,Will Crude Oil (CL) hit (LOW) $35 by end of June?,-1,0.04,1.0,0.5199999809265137,0.5,0.5,0.5,False,False,1768172100.0,-1.9999980926513672,0.0,0.0,IS,5.800000429153442,5
2026-01-20,1032414,125877,crude,↓ $35,Will Crude Oil (CL) hit (LOW) $35 by end of June?,-1,0.04,1.0,0.49000000953674316,0.33500000834465027,0.4050000011920929,0.49000000953674316,False,False,1768776900.0,-15.50000011920929,15.50000011920929,6.999999284744263,IS,2.4999991059303284,7
2026-01-26,1032414,125877,crude,↓ $35,Will Crude Oil (CL) hit (LOW) $35 by end of June?,-1,0.04,1.0,0.5,0.5049999952316284,0.5049999952316284,0.5049999952316284,False,False,1769381700.0,0.4999995231628418,0.0,0.0,IS,-1.0555570324261982,9
2026-02-02,1032414,125877,crude,↓ $35,Will Crude Oil (CL) hit (LOW) $35 by end of June?,-1,0.04,1.0,0.13500000536441803,0.13500000536441803,0.12999999523162842,0.49000000953674316,False,False,1769986500.0,0.0,35.50000041723251,-0.5000010132789612,IS,-10.214285552501678,7
2026-02-09,1032414,125877,crude,↓ $35,Will Crude Oil (CL) hit (LOW) $35 by end of June?,-1,0.04,1.0,0.48500001430511475,0.47999998927116394,0.47999998927116394,0.10999999940395355,False,False,1770591300.0,-0.5000025033950806,-36.99999898672104,0.0,IS,0.5833332737286886,6
2026-03-09,1494693,125877,crude,↑ $100,Will Crude Oil (CL) hit (HIGH) $100 by end of June?,1,0.04,1.0,0.875,0.9100000262260437,0.9524999856948853,0.9380000233650208,False,False,1773006900.0,3.50000262260437,2.799999713897705,4.249995946884155,IS,-0.6666660308837891,6
2026-03-23,1494693,125877,crude,↑ $100,Will Crude Oil (CL) hit (HIGH) $100 by end of June?,1,0.04,1.0,0.8299999833106995,0.8964999914169312,0.8709999918937683,0.7245000004768372,False,False,1774216500.0,6.650000810623169,-17.1999990940094,-2.549999952316284,IS,-0.33333334657881,9
2026-03-09,1494694,125877,crude,↑ $110,Will Crude Oil (CL) hit (HIGH) $110 by end of June?,1,0.04,1.0,0.7250000238418579,0.7099999785423279,0.8799999952316284,0.8100000023841858,False,False,1773006900.0,-1.500004529953003,10.000002384185791,17.000001668930054,IS,-0.6666660308837891,6
2026-03-16,1494694,125877,crude,↑ $110,Will Crude Oil (CL) hit (HIGH) $110 by end of June?,1,0.04,1.0,0.7649999856948853,0.7950000166893005,0.800000011920929,0.7099999785423279,False,False,1773611700.0,3.0000030994415283,-8.500003814697266,0.4999995231628418,IS,1.9999995827674866,8
2026-03-23,1494694,125877,crude,↑ $110,Will Crude Oil (CL) hit (HIGH) $110 by end of June?,1,0.04,1.0,0.6600000262260437,0.7099999785423279,0.6949999928474426,0.6100000143051147,False,False,1774216500.0,4.999995231628418,-9.999996423721313,-1.4999985694885254,IS,-0.33333334657881,9
2026-03-30,1494694,125877,crude,↑ $110,Will Crude Oil (CL) hit (HIGH) $110 by end of June?,1,0.04,1.0,0.7049999833106995,0.75,0.7549999952316284,0.75,False,False,1774821300.0,4.500001668930054,0.0,0.4999995231628418,IS,3.09090871702541,11
2026-03-09,1494702,125877,crude,↑ $150,Will Crude Oil (CL) hit (HIGH) $150 by end of June?,1,0.04,1.0,0.32499998807907104,0.38999998569488525,0.4099999964237213,0.3449999988079071,False,False,1773006900.0,6.499999761581421,-4.499998688697815,2.000001072883606,IS,-0.6666660308837891,6
2026-03-16,1494702,125877,crude,↑ $150,Will Crude Oil (CL) hit (HIGH) $150 by end of June?,1,0.04,1.0,0.36500000953674316,0.36500000953674316,0.3449999988079071,0.3100000023841858,False,False,1773611700.0,0.0,-5.500000715255737,-2.000001072883606,IS,1.9999995827674866,8
2026-03-23,1494702,125877,crude,↑ $150,Will Crude Oil (CL) hit (HIGH) $150 by end of June?,1,0.04,1.0,0.24500000476837158,0.30000001192092896,0.28999999165534973,0.2750000059604645,False,False,1774216500.0,5.500000715255737,-2.5000005960464478,-1.0000020265579224,IS,-0.33333334657881,9
2026-03-30,1494702,125877,crude,↑ $150,Will Crude Oil (CL) hit (HIGH) $150 by end of June?,1,0.04,1.0,0.26499998569488525,0.2750000059604645,0.2750000059604645,0.25,False,False,1774821300.0,1.0000020265579224,-2.5000005960464478,0.0,IS,3.09090871702541,11
2026-04-06,1494702,125877,crude,↑ $150,Will Crude Oil (CL) hit (HIGH) $150 by end of June?,1,0.04,1.0,0.22499999403953552,0.2849999964237213,0.2800000011920929,0.25,False,False,1775426100.0,6.000000238418579,-3.4999996423721313,-0.4999995231628418,IS,2.8999996930360794,10
2026-04-13,1494702,125877,crude,↑ $150,Will Crude Oil (CL) hit (HIGH) $150 by end of June?,1,0.04,1.0,0.17000000178813934,0.2549999952316284,0.24500000476837158,0.22499999403953552,False,False,1776030900.0,8.499999344348907,-3.0000001192092896,-0.9999990463256836,IS,10.038461421544735,13
2026-04-27,1494702,125877,crude,↑ $150,Will Crude Oil (CL) hit (HIGH) $150 by end of June?,1,0.04,1.0,0.11500000208616257,0.1550000011920929,0.1550000011920929,0.13500000536441803,False,False,1777240500.0,3.999999910593033,-1.9999995827674866,0.0,IS,3.7499993418653808,12
2026-05-04,1494702,125877,crude,↑ $150,Will Crude Oil (CL) hit (HIGH) $150 by end of June?,1,0.04,1.0,0.13500000536441803,0.14499999582767487,0.14499999582767487,0.1550000011920929,False,False,1777845300.0,0.9999990463256836,1.000000536441803,0.0,IS,0.24999994784593582,12
2026-05-11,1494702,125877,crude,↑ $150,Will Crude Oil (CL) hit (HIGH) $150 by end of June?,1,0.04,1.0,0.13500000536441803,0.13500000536441803,0.13500000536441803,0.13500000536441803,False,False,1778450100.0,0.0,0.0,0.0,IS,9.541666880249977,12
2026-05-18,1494702,125877,crude,↑ $150,Will Crude Oil (CL) hit (HIGH) $150 by end of June?,1,0.04,1.0,0.11500000208616257,0.11500000208616257,0.125,0.125,False,False,1779054900.0,0.0,0.9999997913837433,0.9999997913837433,IS,4.000000123466764,14
2026-03-09,1494703,125877,crude,↑ $200,Will Crude Oil (CL) hit (HIGH) $200 by end of June?,1,0.04,1.0,0.10499999672174454,0.1550000011920929,0.20499999821186066,0.15000000596046448,False,False,1773006900.0,5.000000447034836,-0.4999995231628418,4.999999701976776,IS,-0.6666660308837891,6
2026-03-16,1494703,125877,crude,↑ $200,Will Crude Oil (CL) hit (HIGH) $200 by end of June?,1,0.04,1.0,0.16500000655651093,0.14499999582767487,0.13500000536441803,0.125,False,False,1773611700.0,-2.000001072883606,-1.9999995827674866,-0.9999990463256836,IS,1.9999995827674866,8
2026-03-23,1494703,125877,crude,↑ $200,Will Crude Oil (CL) hit (HIGH) $200 by end of June?,1,0.04,1.0,0.11999999731779099,0.1550000011920929,0.1550000011920929,0.13500000536441803,False,False,1774216500.0,3.500000387430191,-1.9999995827674866,0.0,IS,-0.33333334657881,9
2026-03-30,1494703,125877,crude,↑ $200,Will Crude Oil (CL) hit (HIGH) $200 by end of June?,1,0.04,1.0,0.14000000059604645,0.13500000536441803,0.13500000536441803,0.13500000536441803,False,False,1774821300.0,-0.4999995231628418,0.0,0.0,IS,3.09090871702541,11
2026-03-23,1652672,125877,crude,↑ $115,Will Crude Oil (CL) hit (HIGH) $115 by end of June?,1,0.04,1.0,0.7099999785423279,0.625,0.5699999928474426,0.41999998688697815,False,False,1774216500.0,-8.499997854232788,-20.500001311302185,-5.500000715255737,IS,-0.33333334657881,9
2026-03-30,1652672,125877,crude,↑ $115,Will Crude Oil (CL) hit (HIGH) $115 by end of June?,1,0.04,1.0,0.6899999976158142,0.699999988079071,0.7200000286102295,0.6949999928474426,False,False,1774821300.0,0.9999990463256836,-0.4999995231628418,2.0000040531158447,IS,3.09090871702541,11
2026-04-06,1652672,125877,crude,↑ $115,Will Crude Oil (CL) hit (HIGH) $115 by end of June?,1,0.04,1.0,0.7900000214576721,0.8999999761581421,0.8999999761581421,0.8299999833106995,False,False,1775426100.0,10.999995470046997,-6.999999284744263,0.0,IS,2.8999996930360794,10
2026-04-13,1652672,125877,crude,↑ $115,Will Crude Oil (CL) hit (HIGH) $115 by end of June?,1,0.04,1.0,0.5590000152587891,0.7210000157356262,0.6984999775886536,0.6924999952316284,False,False,1776030900.0,16.200000047683716,-2.8500020503997803,-2.2500038146972656,IS,10.038461421544735,13
2026-04-20,1652672,125877,crude,↑ $115,Will Crude Oil (CL) hit (HIGH) $115 by end of June?,1,0.04,1.0,0.34049999713897705,0.44850000739097595,0.42800000309944153,0.35499998927116394,False,False,1776635700.0,10.80000102519989,-9.350001811981201,-2.0500004291534424,IS,10.908333646754423,12
2026-04-27,1652672,125877,crude,↑ $115,Will Crude Oil (CL) hit (HIGH) $115 by end of June?,1,0.04,1.0,0.45750001072883606,0.5249999761581421,0.5249999761581421,0.5095000267028809,False,False,1777240500.0,6.749996542930603,-1.549994945526123,0.0,IS,3.7499993418653808,12
2026-05-04,1652672,125877,crude,↑ $115,Will Crude Oil (CL) hit (HIGH) $115 by end of June?,1,0.04,1.0,0.6585000157356262,0.6315000057220459,0.6315000057220459,0.6790000200271606,False,False,1777845300.0,-2.7000010013580322,4.750001430511475,0.0,IS,0.24999994784593582,12
2026-05-11,1652672,125877,crude,↑ $115,Will Crude Oil (CL) hit (HIGH) $115 by end of June?,1,0.04,1.0,0.46700000762939453,0.5419999957084656,0.5414999723434448,0.4984999895095825,False,False,1778450100.0,7.4999988079071045,-4.350000619888306,-0.050002336502075195,IS,9.541666880249977,12
2026-05-18,1652672,125877,crude,↑ $115,Will Crude Oil (CL) hit (HIGH) $115 by end of June?,1,0.04,1.0,0.5989999771118164,0.5870000123977661,0.5839999914169312,0.5914999842643738,False,False,1779054900.0,-1.1999964714050293,0.4499971866607666,-0.3000020980834961,IS,4.000000123466764,14
2026-05-26,1652672,125877,crude,↑ $115,Will Crude Oil (CL) hit (HIGH) $115 by end of June?,1,0.04,1.0,0.5220000147819519,0.2824999988079071,0.31200000643730164,0.28349998593330383,False,False,1779659700.0,-23.95000159740448,0.09999871253967285,2.950000762939453,IS,-14.083333189288775,12
2026-06-01,1652672,125877,crude,↑ $115,Will Crude Oil (CL) hit (HIGH) $115 by end of June?,1,0.04,1.0,0.17149999737739563,0.15850000083446503,0.17149999737739563,0.24050000309944153,False,False,1780264500.0,-1.2999996542930603,8.20000022649765,1.2999996542930603,IS,8.95833297011753,12
2026-06-08,1652672,125877,crude,↑ $115,Will Crude Oil (CL) hit (HIGH) $115 by end of June?,1,0.04,1.0,0.12200000137090683,0.18050000071525574,0.17649999260902405,0.13500000536441803,False,False,1780869300.0,5.849999934434891,-4.549999535083771,-0.40000081062316895,IS,4.937499575316906,8
2026-03-23,1652674,125877,crude,↑ $105,Will Crude Oil (CL) hit (HIGH) $105 by end of June?,1,0.04,1.0,0.699999988079071,0.8100000023841858,0.8149999976158142,0.7149999737739563,False,False,1774216500.0,11.000001430511475,-9.50000286102295,0.4999995231628418,IS,-0.33333334657881,9
2026-03-30,1652674,125877,crude,↑ $105,Will Crude Oil (CL) hit (HIGH) $105 by end of June?,1,0.04,1.0,0.7350000143051147,0.8650000095367432,0.8650000095367432,0.8349999785423279,False,False,1774821300.0,12.999999523162842,-3.0000030994415283,0.0,IS,3.09090871702541,11
2026-03-23,1652677,125877,crude,↑ $120,Will Crude Oil (CL) hit (HIGH) $120 by end of June?,1,0.04,1.0,0.48500001430511475,0.5699999928474426,0.49000000953674316,0.375,False,False,1774216500.0,8.499997854232788,-19.499999284744263,-7.999998331069946,IS,-0.33333334657881,9
2026-03-30,1652677,125877,crude,↑ $120,Will Crude Oil (CL) hit (HIGH) $120 by end of June?,1,0.04,1.0,0.5649999976158142,0.675000011920929,0.6600000262260437,0.6000000238418579,False,False,1774821300.0,11.000001430511475,-7.4999988079071045,-1.4999985694885254,IS,3.09090871702541,11
2026-04-06,1652677,125877,crude,↑ $120,Will Crude Oil (CL) hit (HIGH) $120 by end of June?,1,0.04,1.0,0.6600000262260437,0.8199999928474426,0.8149999976158142,0.7300000190734863,False,False,1775426100.0,15.999996662139893,-8.99999737739563,-0.4999995231628418,IS,2.8999996930360794,10
2026-04-13,1652677,125877,crude,↑ $120,Will Crude Oil (CL) hit (HIGH) $120 by end of June?,1,0.04,1.0,0.4699999988079071,0.625,0.574999988079071,0.550000011920929,False,False,1776030900.0,15.50000011920929,-7.4999988079071045,-5.0000011920928955,IS,10.038461421544735,13
2026-04-20,1652677,125877,crude,↑ $120,Will Crude Oil (CL) hit (HIGH) $120 by end of June?,1,0.04,1.0,0.23999999463558197,0.38999998569488525,0.35499998927116394,0.2750000059604645,False,False,1776635700.0,14.999999105930328,-11.499997973442078,-3.4999996423721313,IS,10.908333646754423,12
2026-04-27,1652677,125877,crude,↑ $120,Will Crude Oil (CL) hit (HIGH) $120 by end of June?,1,0.04,1.0,0.36500000953674316,0.46000000834465027,0.4650000035762787,0.4000000059604645,False,False,1777240500.0,9.49999988079071,-6.000000238418579,0.4999995231628418,IS,3.7499993418653808,12
2026-05-04,1652677,125877,crude,↑ $120,Will Crude Oil (CL) hit (HIGH) $120 by end of June?,1,0.04,1.0,0.574999988079071,0.5299999713897705,0.5249999761581421,0.5299999713897705,False,False,1777845300.0,-4.500001668930054,0.0,-0.4999995231628418,IS,0.24999994784593582,12
2026-05-11,1652677,125877,crude,↑ $120,Will Crude Oil (CL) hit (HIGH) $120 by end of June?,1,0.04,1.0,0.32499998807907104,0.4399999976158142,0.4350000023841858,0.39500001072883606,False,False,1778450100.0,11.500000953674316,-4.499998688697815,-0.4999995231628418,IS,9.541666880249977,12
2026-05-18,1652677,125877,crude,↑ $120,Will Crude Oil (CL) hit (HIGH) $120 by end of June?,1,0.04,1.0,0.4699999988079071,0.4650000035762787,0.47999998927116394,0.5099999904632568,False,False,1779054900.0,-0.4999995231628418,4.499998688697815,1.4999985694885254,IS,4.000000123466764,14
2026-05-26,1652677,125877,crude,↑ $120,Will Crude Oil (CL) hit (HIGH) $120 by end of June?,1,0.04,1.0,0.3449999988079071,0.1850000023841858,0.22499999403953552,0.1850000023841858,False,False,1779659700.0,-15.999999642372131,0.0,3.999999165534973,IS,-14.083333189288775,12
2026-06-01,1652677,125877,crude,↑ $120,Will Crude Oil (CL) hit (HIGH) $120 by end of June?,1,0.04,1.0,0.10499999672174454,0.10000000149011612,0.10000000149011612,0.125,False,False,1780264500.0,-0.4999995231628418,2.499999850988388,0.0,IS,8.95833297011753,12
2026-03-23,1652685,125877,crude,↑ $130,Will Crude Oil (CL) hit (HIGH) $130 by end of June?,1,0.04,1.0,0.4650000035762787,0.5149999856948853,0.5049999952316284,0.39500001072883606,False,False,1774216500.0,4.999998211860657,-11.99999749660492,-0.9999990463256836,IS,-0.33333334657881,9
2026-03-30,1652685,125877,crude,↑ $130,Will Crude Oil (CL) hit (HIGH) $130 by end of June?,1,0.04,1.0,0.39500001072883606,0.5550000071525574,0.5799999833106995,0.4399999976158142,False,False,1774821300.0,15.999999642372131,-11.500000953674316,2.499997615814209,IS,3.09090871702541,11
2026-04-06,1652685,125877,crude,↑ $130,Will Crude Oil (CL) hit (HIGH) $130 by end of June?,1,0.04,1.0,0.41999998688697815,0.625,0.6150000095367432,0.4650000035762787,False,False,1775426100.0,20.500001311302185,-15.999999642372131,-0.9999990463256836,IS,2.8999996930360794,10
2026-04-13,1652685,125877,crude,↑ $130,Will Crude Oil (CL) hit (HIGH) $130 by end of June?,1,0.04,1.0,0.3400000035762787,0.5,0.4449999928474426,0.39500001072883606,False,False,1776030900.0,15.999999642372131,-10.499998927116394,-5.500000715255737,IS,10.038461421544735,13
2026-04-20,1652685,125877,crude,↑ $130,Will Crude Oil (CL) hit (HIGH) $130 by end of June?,1,0.04,1.0,0.1550000011920929,0.27000001072883606,0.23999999463558197,0.1899999976158142,False,False,1776635700.0,11.500000953674316,-8.000001311302185,-3.000001609325409,IS,10.908333646754423,12
2026-04-27,1652685,125877,crude,↑ $130,Will Crude Oil (CL) hit (HIGH) $130 by end of June?,1,0.04,1.0,0.26499998569488525,0.3050000071525574,0.30000001192092896,0.2750000059604645,False,False,1777240500.0,4.000002145767212,-3.0000001192092896,-0.4999995231628418,IS,3.7499993418653808,12
2026-05-04,1652685,125877,crude,↑ $130,Will Crude Oil (CL) hit (HIGH) $130 by end of June?,1,0.04,1.0,0.36500000953674316,0.3400000035762787,0.3149999976158142,0.38499999046325684,False,False,1777845300.0,-2.5000005960464478,4.499998688697815,-2.5000005960464478,IS,0.24999994784593582,12
2026-05-11,1652685,125877,crude,↑ $130,Will Crude Oil (CL) hit (HIGH) $130 by end of June?,1,0.04,1.0,0.2199999988079071,0.28999999165534973,0.28999999165534973,0.2750000059604645,False,False,1778450100.0,6.999999284744263,-1.4999985694885254,0.0,IS,9.541666880249977,12
2026-05-18,1652685,125877,crude,↑ $130,Will Crude Oil (CL) hit (HIGH) $130 by end of June?,1,0.04,1.0,0.2800000011920929,0.3199999928474426,0.3100000023841858,0.3149999976158142,False,False,1779054900.0,3.999999165534973,-0.4999995231628418,-0.9999990463256836,IS,4.000000123466764,14
2026-05-26,1652685,125877,crude,↑ $130,Will Crude Oil (CL) hit (HIGH) $130 by end of June?,1,0.04,1.0,0.19499999284744263,0.12999999523162842,0.10999999940395355,0.10499999672174454,False,False,1779659700.0,-6.499999761581421,-2.499999850988388,-1.9999995827674866,IS,-14.083333189288775,12
2026-03-23,1652690,125877,crude,↑ $140,Will Crude Oil (CL) hit (HIGH) $140 by end of June?,1,0.04,1.0,0.3449999988079071,0.4099999964237213,0.4099999964237213,0.3449999988079071,False,False,1774216500.0,6.499999761581421,-6.499999761581421,0.0,IS,-0.33333334657881,9
2026-03-30,1652690,125877,crude,↑ $140,Will Crude Oil (CL) hit (HIGH) $140 by end of June?,1,0.04,1.0,0.35499998927116394,0.39500001072883606,0.39500001072883606,0.32499998807907104,False,False,1774821300.0,4.000002145767212,-7.0000022649765015,0.0,IS,3.09090871702541,11
2026-04-06,1652690,125877,crude,↑ $140,Will Crude Oil (CL) hit (HIGH) $140 by end of June?,1,0.04,1.0,0.29499998688697815,0.4449999928474426,0.44999998807907104,0.35499998927116394,False,False,1775426100.0,15.000000596046448,-9.000000357627869,0.4999995231628418,IS,2.8999996930360794,10
2026-04-13,1652690,125877,crude,↑ $140,Will Crude Oil (CL) hit (HIGH) $140 by end of June?,1,0.04,1.0,0.22499999403953552,0.33500000834465027,0.32499998807907104,0.3149999976158142,False,False,1776030900.0,11.000001430511475,-2.000001072883606,-1.0000020265579224,IS,10.038461421544735,13
2026-04-20,1652690,125877,crude,↑ $140,Will Crude Oil (CL) hit (HIGH) $140 by end of June?,1,0.04,1.0,0.12999999523162842,0.19499999284744263,0.1899999976158142,0.16500000655651093,False,False,1776635700.0,6.499999761581421,-2.99999862909317,-0.4999995231628418,IS,10.908333646754423,12
2026-04-27,1652690,125877,crude,↑ $140,Will Crude Oil (CL) hit (HIGH) $140 by end of June?,1,0.04,1.0,0.16500000655651093,0.1899999976158142,0.1899999976158142,0.17000000178813934,False,False,1777240500.0,2.4999991059303284,-1.9999995827674866,0.0,IS,3.7499993418653808,12
2026-05-04,1652690,125877,crude,↑ $140,Will Crude Oil (CL) hit (HIGH) $140 by end of June?,1,0.04,1.0,0.20000000298023224,0.23000000417232513,0.2150000035762787,0.24500000476837158,False,False,1777845300.0,3.0000001192092896,1.5000000596046448,-1.5000000596046448,IS,0.24999994784593582,12
2026-05-11,1652690,125877,crude,↑ $140,Will Crude Oil (CL) hit (HIGH) $140 by end of June?,1,0.04,1.0,0.17499999701976776,0.1850000023841858,0.1850000023841858,0.17499999701976776,False,False,1778450100.0,1.000000536441803,-1.000000536441803,0.0,IS,9.541666880249977,12
2026-05-18,1652690,125877,crude,↑ $140,Will Crude Oil (CL) hit (HIGH) $140 by end of June?,1,0.04,1.0,0.17499999701976776,0.1850000023841858,0.19499999284744263,0.1899999976158142,False,False,1779054900.0,1.000000536441803,0.4999995231628418,0.9999990463256836,IS,4.000000123466764,14
2026-05-26,1652690,125877,crude,↑ $140,Will Crude Oil (CL) hit (HIGH) $140 by end of June?,1,0.04,1.0,0.125,0.08500000089406967,0.08500000089406967,0.07500000298023224,False,False,1779659700.0,-3.999999910593033,-0.9999997913837433,0.0,IS,-14.083333189288775,12
2026-03-23,1652691,125877,crude,↑ $175,Will Crude Oil (CL) hit (HIGH) $175 by end of June?,1,0.04,1.0,0.1599999964237213,0.2150000035762787,0.20499999821186066,0.16500000655651093,False,False,1774216500.0,5.500000715255737,-4.999999701976776,-1.000000536441803,IS,-0.33333334657881,9
2026-03-30,1652691,125877,crude,↑ $175,Will Crude Oil (CL) hit (HIGH) $175 by end of June?,1,0.04,1.0,0.1550000011920929,0.17000000178813934,0.16500000655651093,0.1599999964237213,False,False,1774821300.0,1.5000000596046448,-1.000000536441803,-0.4999995231628418,IS,3.09090871702541,11
2026-04-06,1652691,125877,crude,↑ $175,Will Crude Oil (CL) hit (HIGH) $175 by end of June?,1,0.04,1.0,0.12999999523162842,0.125,0.12999999523162842,0.125,False,False,1775426100.0,-0.4999995231628418,0.0,0.4999995231628418,IS,2.8999996930360794,10
2026-03-23,1652695,125877,crude,↓ $60,Will Crude Oil (CL) hit (LOW) $60 by end of June?,-1,0.04,1.0,0.24500000476837158,0.20000000298023224,0.2150000035762787,0.23499999940395355,False,False,1774216500.0,-4.500000178813934,3.4999996423721313,1.5000000596046448,IS,-0.33333334657881,9
2026-03-30,1652695,125877,crude,↓ $60,Will Crude Oil (CL) hit (LOW) $60 by end of June?,-1,0.04,1.0,0.20000000298023224,0.17499999701976776,0.17000000178813934,0.1599999964237213,False,False,1774821300.0,-2.5000005960464478,-1.5000000596046448,-0.4999995231628418,IS,3.09090871702541,11
2026-04-06,1652695,125877,crude,↓ $60,Will Crude Oil (CL) hit (LOW) $60 by end of June?,-1,0.04,1.0,0.10499999672174454,0.08500000089406967,0.08500000089406967,0.11500000208616257,False,False,1775426100.0,-1.9999995827674866,3.0000001192092896,0.0,IS,2.8999996930360794,10
2026-04-20,1652695,125877,crude,↓ $60,Will Crude Oil (CL) hit (LOW) $60 by end of June?,-1,0.04,1.0,0.13500000536441803,0.11999999731779099,0.11999999731779099,0.14499999582767487,False,False,1776635700.0,-1.5000008046627045,2.499999850988388,0.0,IS,10.908333646754423,12
2026-04-27,1652695,125877,crude,↓ $60,Will Crude Oil (CL) hit (LOW) $60 by end of June?,-1,0.04,1.0,0.12999999523162842,0.11500000208616257,0.11500000208616257,0.0949999988079071,False,False,1777240500.0,-1.499999314546585,-2.0000003278255463,0.0,IS,3.7499993418653808,12
2026-03-23,1652697,125877,crude,↓ $70,Will Crude Oil (CL) hit (LOW) $70 by end of June?,-1,0.04,1.0,0.36500000953674316,0.3499999940395355,0.28999999165534973,0.3400000035762787,False,False,1774216500.0,-1.5000015497207642,-0.9999990463256836,-6.000000238418579,IS,-0.33333334657881,9
2026-03-30,1652697,125877,crude,↓ $70,Will Crude Oil (CL) hit (LOW) $70 by end of June?,-1,0.04,1.0,0.4099999964237213,0.3149999976158142,0.29499998688697815,0.27000001072883606,False,False,1774821300.0,-9.49999988079071,-4.499998688697815,-2.000001072883606,IS,3.09090871702541,11
2026-04-06,1652697,125877,crude,↓ $70,Will Crude Oil (CL) hit (LOW) $70 by end of June?,-1,0.04,1.0,0.24500000476837158,0.22499999403953552,0.22499999403953552,0.2800000011920929,False,False,1775426100.0,-2.000001072883606,5.500000715255737,0.0,IS,2.8999996930360794,10
2026-04-13,1652697,125877,crude,↓ $70,Will Crude Oil (CL) hit (LOW) $70 by end of June?,-1,0.04,1.0,0.2750000059604645,0.26499998569488525,0.30000001192092896,0.2800000011920929,False,False,1776030900.0,-1.0000020265579224,1.5000015497207642,3.50000262260437,IS,10.038461421544735,13
2026-04-20,1652697,125877,crude,↓ $70,Will Crude Oil (CL) hit (LOW) $70 by end of June?,-1,0.04,1.0,0.4300000071525574,0.38499999046325684,0.38499999046325684,0.41499999165534973,False,False,1776635700.0,-4.500001668930054,3.0000001192092896,0.0,IS,10.908333646754423,12
2026-04-27,1652697,125877,crude,↓ $70,Will Crude Oil (CL) hit (LOW) $70 by end of June?,-1,0.04,1.0,0.36000001430511475,0.3050000071525574,0.3050000071525574,0.32499998807907104,False,False,1777240500.0,-5.500000715255737,1.9999980926513672,0.0,IS,3.7499993418653808,12
2026-05-04,1652697,125877,crude,↓ $70,Will Crude Oil (CL) hit (LOW) $70 by end of June?,-1,0.04,1.0,0.1899999976158142,0.17499999701976776,0.1850000023841858,0.19499999284744263,False,False,1777845300.0,-1.5000000596046448,1.9999995827674866,1.000000536441803,IS,0.24999994784593582,12
2026-05-11,1652697,125877,crude,↓ $70,Will Crude Oil (CL) hit (LOW) $70 by end of June?,-1,0.04,1.0,0.2549999952316284,0.2199999988079071,0.23000000417232513,0.1850000023841858,False,False,1778450100.0,-3.4999996423721313,-3.4999996423721313,1.000000536441803,IS,9.541666880249977,12
2026-05-18,1652697,125877,crude,↓ $70,Will Crude Oil (CL) hit (LOW) $70 by end of June?,-1,0.04,1.0,0.18000000715255737,0.0949999988079071,0.125,0.11999999731779099,False,False,1779054900.0,-8.500000834465027,2.499999850988388,3.0000001192092896,IS,4.000000123466764,14
2026-05-26,1652697,125877,crude,↓ $70,Will Crude Oil (CL) hit (LOW) $70 by end of June?,-1,0.04,1.0,0.1550000011920929,0.20499999821186066,0.19499999284744263,0.17499999701976776,False,False,1779659700.0,4.999999701976776,-3.0000001192092896,-1.000000536441803,IS,-14.083333189288775,12
2026-06-01,1652697,125877,crude,↓ $70,Will Crude Oil (CL) hit (LOW) $70 by end of June?,-1,0.04,1.0,0.1550000011920929,0.11500000208616257,0.10499999672174454,0.07500000298023224,False,False,1780264500.0,-3.999999910593033,-3.999999910593033,-1.000000536441803,IS,8.95833297011753,12
2026-06-22,1652697,125877,crude,↓ $70,Will Crude Oil (CL) hit (LOW) $70 by end of June?,-1,0.04,1.0,0.3465000092983246,0.11150000244379044,0.13050000369548798,0.3230000138282776,False,False,1782078900.0,-23.500000685453415,21.150001138448715,1.900000125169754,IS,22.337499912828207,4
2026-03-23,1652706,125877,crude,↓ $80,Will Crude Oil (CL) hit (LOW) $80 by end of June?,-1,0.04,1.0,0.5,0.45500001311302185,0.5350000262260437,0.5249999761581421,False,False,1774216500.0,-4.499998688697815,6.999996304512024,8.000001311302185,IS,-0.33333334657881,9
2026-03-30,1652706,125877,crude,↓ $80,Will Crude Oil (CL) hit (LOW) $80 by end of June?,-1,0.04,1.0,0.5950000286102295,0.550000011920929,0.550000011920929,0.45500001311302185,False,False,1774821300.0,-4.500001668930054,-9.49999988079071,0.0,IS,3.09090871702541,11
2026-04-06,1652706,125877,crude,↓ $80,Will Crude Oil (CL) hit (LOW) $80 by end of June?,-1,0.04,1.0,0.4749999940395355,0.41999998688697815,0.41999998688697815,0.5350000262260437,False,False,1775426100.0,-5.500000715255737,11.500003933906555,0.0,IS,2.8999996930360794,10
2026-04-13,1652706,125877,crude,↓ $80,Will Crude Oil (CL) hit (LOW) $80 by end of June?,-1,0.04,1.0,0.5400000214576721,0.4749999940395355,0.49000000953674316,0.5,False,False,1776030900.0,-6.50000274181366,2.5000005960464478,1.5000015497207642,IS,10.038461421544735,13
2026-04-20,1652706,125877,crude,↓ $80,Will Crude Oil (CL) hit (LOW) $80 by end of June?,-1,0.04,1.0,0.8149999976158142,0.7250000238418579,0.7300000190734863,0.7450000047683716,False,False,1776635700.0,-8.99999737739563,1.9999980926513672,0.4999995231628418,IS,10.908333646754423,12
2026-04-27,1652706,125877,crude,↓ $80,Will Crude Oil (CL) hit (LOW) $80 by end of June?,-1,0.04,1.0,0.6499999761581421,0.5899999737739563,0.5849999785423279,0.6200000047683716,False,False,1777240500.0,-6.000000238418579,3.0000030994415283,-0.4999995231628418,IS,3.7499993418653808,12
2026-05-04,1652706,125877,crude,↓ $80,Will Crude Oil (CL) hit (LOW) $80 by end of June?,-1,0.04,1.0,0.5249999761581421,0.5049999952316284,0.5049999952316284,0.5099999904632568,False,False,1777845300.0,-1.9999980926513672,0.4999995231628418,0.0,IS,0.24999994784593582,12
2026-05-11,1652706,125877,crude,↓ $80,Will Crude Oil (CL) hit (LOW) $80 by end of June?,-1,0.04,1.0,0.5600000023841858,0.49000000953674316,0.47999998927116394,0.5149999856948853,False,False,1778450100.0,-6.999999284744263,2.499997615814209,-1.0000020265579224,IS,9.541666880249977,12
2026-05-18,1652706,125877,crude,↓ $80,Will Crude Oil (CL) hit (LOW) $80 by end of June?,-1,0.04,1.0,0.4050000011920929,0.3700000047683716,0.3799999952316284,0.4350000023841858,False,False,1779054900.0,-3.4999996423721313,6.499999761581421,0.9999990463256836,IS,4.000000123466764,14
2026-05-26,1652706,125877,crude,↓ $80,Will Crude Oil (CL) hit (LOW) $80 by end of June?,-1,0.04,1.0,0.4350000023841858,0.5550000071525574,0.5550000071525574,0.5049999952316284,False,False,1779659700.0,12.000000476837158,-5.0000011920928955,0.0,IS,-14.083333189288775,12
2026-06-01,1652706,125877,crude,↓ $80,Will Crude Oil (CL) hit (LOW) $80 by end of June?,-1,0.04,1.0,0.5400000214576721,0.4350000023841858,0.4350000023841858,0.35499998927116394,False,False,1780264500.0,-10.500001907348633,-8.000001311302185,0.0,IS,8.95833297011753,12
2026-06-08,1652706,125877,crude,↓ $80,Will Crude Oil (CL) hit (LOW) $80 by end of June?,-1,0.04,1.0,0.3149999976158142,0.23499999940395355,0.23999999463558197,0.3050000071525574,False,False,1780869300.0,-7.999999821186066,7.000000774860382,0.4999995231628418,IS,4.937499575316906,8
2026-06-15,1652706,125877,crude,↓ $80,Will Crude Oil (CL) hit (LOW) $80 by end of June?,-1,0.04,1.0,0.6549999713897705,0.8050000071525574,0.8550000190734863,0.8949999809265137,False,False,1781474100.0,15.000003576278687,8.99999737739563,5.0000011920928955,IS,-27.335000038146973,10
2026-03-23,1652707,125877,crude,↓ $85,Will Crude Oil (CL) hit (LOW) $85 by end of June?,-1,0.04,1.0,0.5249999761581421,0.48500001430511475,0.5049999952316284,0.6100000143051147,False,False,1774216500.0,-3.9999961853027344,12.5,1.9999980926513672,IS,-0.33333334657881,9
2026-03-30,1652707,125877,crude,↓ $85,Will Crude Oil (CL) hit (LOW) $85 by end of June?,-1,0.04,1.0,0.675000011920929,0.6050000190734863,0.6050000190734863,0.5049999952316284,False,False,1774821300.0,-6.999999284744263,-10.000002384185791,0.0,IS,3.09090871702541,11
2026-04-06,1652707,125877,crude,↓ $85,Will Crude Oil (CL) hit (LOW) $85 by end of June?,-1,0.04,1.0,0.5849999785423279,0.5649999976158142,0.5600000023841858,0.6449999809265137,False,False,1775426100.0,-1.9999980926513672,7.999998331069946,-0.4999995231628418,IS,2.8999996930360794,10
2026-04-13,1652707,125877,crude,↓ $85,Will Crude Oil (CL) hit (LOW) $85 by end of June?,-1,0.04,1.0,0.7250000238418579,0.6150000095367432,0.6349999904632568,0.6650000214576721,False,False,1776030900.0,-11.000001430511475,5.0000011920928955,1.9999980926513672,IS,10.038461421544735,13
2026-06-29,2677859,631914,crude,↑ $130,Will WTI Crude Oil (WTI) hit (HIGH) $130 in July?,1,0.04,1.0,0.25999999046325684,0.03449999913573265,0.029999999329447746,0.026000000536441803,False,False,1782683700.0,-22.54999913275242,-0.8499998599290848,-0.44999998062849045,IS,7.000000774860382,2
2026-06-29,2677860,631914,crude,↑ $120,Will WTI Crude Oil (WTI) hit (HIGH) $120 in July?,1,0.04,1.0,0.2549999952316284,0.05999999865889549,0.03999999910593033,0.029999999329447746,False,False,1782683700.0,-19.499999657273293,-2.9999999329447746,-1.9999999552965164,IS,7.000000774860382,2
2026-06-29,2677861,631914,crude,↑ $110,Will WTI Crude Oil (WTI) hit (HIGH) $110 in July?,1,0.04,1.0,0.1899999976158142,0.13500000536441803,0.10499999672174454,0.04500000178813934,False,False,1782683700.0,-5.499999225139618,-9.000000357627869,-3.0000008642673492,IS,7.000000774860382,2
2026-06-29,2677862,631914,crude,↑ $100,Will WTI Crude Oil (WTI) hit (HIGH) $100 in July?,1,0.04,1.0,0.16500000655651093,0.16500000655651093,0.15000000596046448,0.07000000029802322,False,False,1782683700.0,0.0,-9.50000062584877,-1.5000000596046448,IS,7.000000774860382,2
2026-07-20,2677862,631914,crude,↑ $100,Will WTI Crude Oil (WTI) hit (HIGH) $100 in July?,1,0.04,1.0,0.11249999701976776,0.15150000154972076,0.1340000033378601,0.08950000256299973,False,False,1784498100.0,3.9000004529953003,-6.199999898672104,-1.7499998211860657,IS,2.749999985098839,2
2026-07-27,2677862,631914,crude,↑ $100,Will WTI Crude Oil (WTI) hit (HIGH) $100 in July?,1,0.04,1.0,0.23399999737739563,0.09650000184774399,0.06949999928474426,0.04149999842047691,False,False,1785102900.0,-13.749999552965164,-5.5000003427267075,-2.7000002562999725,IS,-22.00000174343586,2
2026-06-29,2677863,631914,crude,↑ $90,Will WTI Crude Oil (WTI) hit (HIGH) $90 in July?,1,0.04,1.0,0.19499999284744263,0.24500000476837158,0.24500000476837158,0.18000000715255737,False,False,1782683700.0,5.0000011920928955,-6.499999761581421,0.0,IS,7.000000774860382,2
2026-07-20,2677863,631914,crude,↑ $90,Will WTI Crude Oil (WTI) hit (HIGH) $90 in July?,1,0.04,1.0,0.3944999873638153,0.5149999856948853,0.5304999947547913,0.30250000953674316,False,False,1784498100.0,12.049999833106995,-21.24999761581421,1.5500009059906006,IS,2.749999985098839,2
2026-06-29,2677864,631914,crude,↑ $80,Will WTI Crude Oil (WTI) hit (HIGH) $80 in July?,1,0.04,1.0,0.41999998688697815,0.5950000286102295,0.5099999904632568,0.38499999046325684,False,False,1782683700.0,17.500004172325134,-21.000003814697266,-8.500003814697266,IS,7.000000774860382,2
2026-07-06,2677864,631914,crude,↑ $80,Will WTI Crude Oil (WTI) hit (HIGH) $80 in July?,1,0.04,1.0,0.13500000536441803,0.20000000298023224,0.15000000596046448,0.13500000536441803,False,False,1783288500.0,6.499999761581421,-6.499999761581421,-4.999999701976776,IS,9.24999937415123,2
2026-07-13,2677864,631914,crude,↑ $80,Will WTI Crude Oil (WTI) hit (HIGH) $80 in July?,1,0.04,1.0,0.3050000071525574,0.5149999856948853,0.5149999856948853,0.45500001311302185,False,False,1783893300.0,20.999997854232788,-5.99999725818634,0.0,IS,4.999999701976776,1
2026-06-29,2677866,631914,crude,↓ $60,Will WTI Crude Oil (WTI) hit (LOW) $60 in July?,-1,0.04,1.0,0.3100000023841858,0.29499998688697815,0.29499998688697815,0.2549999952316284,False,False,1782683700.0,-1.5000015497207642,-3.999999165534973,0.0,IS,7.000000774860382,2
2026-07-06,2677866,631914,crude,↓ $60,Will WTI Crude Oil (WTI) hit (LOW) $60 in July?,-1,0.04,1.0,0.26499998569488525,0.1599999964237213,0.2150000035762787,0.20499999821186066,False,False,1783288500.0,-10.499998927116394,4.500000178813934,5.500000715255737,IS,9.24999937415123,2
2026-06-29,2677867,631914,crude,↓ $50,Will WTI Crude Oil (WTI) hit (LOW) $50 in July?,-1,0.04,1.0,0.11500000208616257,0.03999999910593033,0.03999999910593033,0.02800000086426735,False,False,1782683700.0,-7.500000298023224,-1.199999824166298,0.0,IS,7.000000774860382,2
2026-07-27,2730116,631914,crude,↑ $105,Will WTI Crude Oil (WTI) hit (HIGH) $105 in July?,1,0.04,1.0,0.14499999582767487,0.03400000184774399,0.03200000151991844,0.019999999552965164,False,False,1785102900.0,-11.099999397993088,-1.4000002294778824,-0.20000003278255463,IS,-22.00000174343586,2
2026-07-20,2730117,631914,crude,↑ $95,Will WTI Crude Oil (WTI) hit (HIGH) $95 in July?,1,0.04,1.0,0.2370000034570694,0.28299999237060547,0.2824999988079071,0.16500000655651093,False,False,1784498100.0,4.599998891353607,-11.799998581409454,-0.049999356269836426,IS,2.749999985098839,2
2026-07-27,2730117,631914,crude,↑ $95,Will WTI Crude Oil (WTI) hit (HIGH) $95 in July?,1,0.04,1.0,0.5529999732971191,0.16750000417232513,0.1459999978542328,0.12700000405311584,False,False,1785102900.0,-38.5499969124794,-4.050000011920929,-2.1500006318092346,IS,-22.00000174343586,2
2026-07-13,2730118,631914,crude,↑ $85,Will WTI Crude Oil (WTI) hit (HIGH) $85 in July?,1,0.04,1.0,0.12999999523162842,0.23000000417232513,0.26499998569488525,0.20999999344348907,False,False,1783893300.0,10.000000894069672,-2.000001072883606,3.499998152256012,IS,4.999999701976776,1
2026-07-20,2730118,631914,crude,↑ $85,Will WTI Crude Oil (WTI) hit (HIGH) $85 in July?,1,0.04,1.0,0.7099999785423279,0.7900000214576721,0.9100000262260437,0.6150000095367432,False,False,1784498100.0,8.000004291534424,-17.500001192092896,12.000000476837158,IS,2.749999985098839,2
2026-07-06,2730119,631914,crude,↓ $65,Will WTI Crude Oil (WTI) hit (LOW) $65 in July?,-1,0.04,1.0,0.6650000214576721,0.625,0.6949999928474426,0.6600000262260437,False,False,1783288500.0,-4.000002145767212,3.50000262260437,6.999999284744263,IS,9.24999937415123,2
2026-07-13,2730119,631914,crude,↓ $65,Will WTI Crude Oil (WTI) hit (LOW) $65 in July?,-1,0.04,1.0,0.36500000953674316,0.19499999284744263,0.1850000023841858,0.19499999284744263,False,False,1783893300.0,-17.000001668930054,0.0,-0.9999990463256836,IS,4.999999701976776,1
2026-07-27,3002524,631914,crude,↓ $80,Will WTI Crude Oil (WTI) hit (LOW) $80 in July?,-1,0.04,1.0,0.19499999284744263,0.39500001072883606,0.4749999940395355,0.5049999952316284,False,False,1785102900.0,20.000001788139343,10.999998450279236,7.999998331069946,IS,-22.00000174343586,2
2026-07-27,3031051,631914,crude,↓ $85,Will WTI Crude Oil (WTI) hit (LOW) $85 in July?,-1,0.04,1.0,0.41999998688697815,0.6899999976158142,0.9994999766349792,1.0,True,False,1785102900.0,27.000001072883606,31.00000023841858,30.949997901916504,IS,-22.00000174343586,2
2026-08-03,3096411,746379,crude,↑ $110,Will WTI Crude Oil (WTI) hit (HIGH) $110 in August?,1,0.04,1.0,0.18000000715255737,0.08500000089406967,0.08500000089406967,0.05999999865889549,False,False,1785707700.0,-9.50000062584877,-2.500000223517418,0.0,OOS,nan,0
2026-08-03,3096412,746379,crude,↑ $100,Will WTI Crude Oil (WTI) hit (HIGH) $100 in August?,1,0.04,1.0,0.45500001311302185,0.2199999988079071,0.20999999344348907,0.1550000011920929,False,False,1785707700.0,-23.500001430511475,-6.499999761581421,-1.000000536441803,OOS,nan,0
2026-08-03,3096413,746379,crude,↑ $90,Will WTI Crude Oil (WTI) hit (HIGH) $90 in August?,1,0.04,1.0,0.8899999856948853,0.42500001192092896,0.4650000035762787,0.38499999046325684,False,False,1785707700.0,-46.49999737739563,-4.000002145767212,3.999999165534973,OOS,nan,0
2026-08-10,3096413,746379,crude,↑ $90,Will WTI Crude Oil (WTI) hit (HIGH) $90 in August?,1,0.04,1.0,0.2199999988079071,0.25,0.2849999964237213,0.29499998688697815,False,False,1786312500.0,3.0000001192092896,4.499998688697815,3.4999996423721313,OOS,4.499999433755875,2
2026-08-17,3096413,746379,crude,↑ $90,Will WTI Crude Oil (WTI) hit (HIGH) $90 in August?,1,0.04,1.0,0.32499998807907104,0.32499998807907104,0.3199999928474426,0.2849999964237213,False,False,1786917300.0,0.0,-3.999999165534973,-0.4999995231628418,OOS,1.000000536441803,1
2026-08-24,3096413,746379,crude,↑ $90,Will WTI Crude Oil (WTI) hit (HIGH) $90 in August?,1,0.04,1.0,0.5799999833106995,0.4650000035762787,0.5,0.4449999928474426,False,False,1787522100.0,-11.499997973442078,-2.000001072883606,3.4999996423721313,OOS,-0.9999990463256836,1
2026-08-03,3096415,746379,crude,↓ $70,Will WTI Crude Oil (WTI) hit (LOW) $70 in August?,-1,0.04,1.0,0.125,0.4399999976158142,0.41999998688697815,0.48500001430511475,False,False,1785707700.0,31.49999976158142,4.500001668930054,-2.000001072883606,OOS,nan,0
2026-08-10,3096415,746379,crude,↓ $70,Will WTI Crude Oil (WTI) hit (LOW) $70 in August?,-1,0.04,1.0,0.5099999904632568,0.4399999976158142,0.4350000023841858,0.38499999046325684,False,False,1786312500.0,-6.999999284744263,-5.500000715255737,-0.4999995231628418,OOS,4.499999433755875,2
2026-08-17,3096415,746379,crude,↓ $70,Will WTI Crude Oil (WTI) hit (LOW) $70 in August?,-1,0.04,1.0,0.1550000011920929,0.14000000059604645,0.1599999964237213,0.10499999672174454,False,False,1786917300.0,-1.5000000596046448,-3.500000387430191,1.9999995827674866,OOS,1.000000536441803,1
2026-08-03,3102462,746379,crude,↑ $95,Will WTI Crude Oil (WTI) hit (HIGH) $95 in August?,1,0.04,1.0,0.7149999737739563,0.3400000035762787,0.33500000834465027,0.22499999403953552,False,False,1785707700.0,-37.49999701976776,-11.500000953674316,-0.4999995231628418,OOS,nan,0
2026-08-10,3102462,746379,crude,↑ $95,Will WTI Crude Oil (WTI) hit (HIGH) $95 in August?,1,0.04,1.0,0.14000000059604645,0.16500000655651093,0.16500000655651093,0.14499999582767487,False,False,1786312500.0,2.5000005960464478,-2.000001072883606,0.0,OOS,4.499999433755875,2
2026-08-17,3102462,746379,crude,↑ $95,Will WTI Crude Oil (WTI) hit (HIGH) $95 in August?,1,0.04,1.0,0.14499999582767487,0.14499999582767487,0.14499999582767487,0.1550000011920929,False,False,1786917300.0,0.0,1.000000536441803,0.0,OOS,1.000000536441803,1
2026-08-24,3102462,746379,crude,↑ $95,Will WTI Crude Oil (WTI) hit (HIGH) $95 in August?,1,0.04,1.0,0.23999999463558197,0.1550000011920929,0.16500000655651093,0.125,False,False,1787522100.0,-8.499999344348907,-3.0000001192092896,1.000000536441803,OOS,-0.9999990463256836,1
2026-08-03,3102463,746379,crude,↓ $85,Will WTI Crude Oil (WTI) hit (LOW) $85 in August?,-1,0.04,1.0,0.8475000262260437,0.9984999895095825,0.9994999766349792,1.0,True,False,1785707700.0,15.099996328353882,0.15000104904174805,0.09999871253967285,OOS,nan,0
2026-08-03,3102464,746379,crude,↑ $105,Will WTI Crude Oil (WTI) hit (HIGH) $105 in August?,1,0.04,1.0,0.2750000059604645,0.13500000536441803,0.125,0.07000000029802322,False,False,1785707700.0,-14.000000059604645,-6.500000506639481,-1.000000536441803,OOS,nan,0
2026-08-03,3102465,746379,crude,↓ $75,Will WTI Crude Oil (WTI) hit (LOW) $75 in August?,-1,0.04,1.0,0.35499998927116394,0.7200000286102295,0.7300000190734863,0.7950000166893005,False,False,1785707700.0,36.500003933906555,7.4999988079071045,0.9999990463256836,OOS,nan,0
2026-08-03,3102466,746379,crude,↑ $115,Will WTI Crude Oil (WTI) hit (HIGH) $115 in August?,1,0.04,1.0,0.14000000059604645,0.054999999701976776,0.054999999701976776,0.04399999976158142,False,False,1785707700.0,-8.500000089406967,-1.0999999940395355,0.0,OOS,nan,0
2026-08-10,3102467,746379,crude,↓ $65,Will WTI Crude Oil (WTI) hit (LOW) $65 in August?,-1,0.04,1.0,0.25,0.13500000536441803,0.13500000536441803,0.125,False,False,1786312500.0,-11.499999463558197,-1.000000536441803,0.0,OOS,4.499999433755875,2
2026-08-10,3310013,746379,crude,↑ $85,Will WTI Crude Oil (WTI) hit (HIGH) $85 in August?,1,0.04,1.0,0.3449999988079071,0.4350000023841858,0.4699999988079071,0.5149999856948853,False,False,1786312500.0,9.000000357627869,7.999998331069946,3.4999996423721313,OOS,4.499999433755875,2
2026-08-17,3310013,746379,crude,↑ $85,Will WTI Crude Oil (WTI) hit (HIGH) $85 in August?,1,0.04,1.0,0.6499999761581421,0.7099999785423279,0.625,0.6700000166893005,False,False,1786917300.0,6.000000238418579,-3.9999961853027344,-8.499997854232788,OOS,1.000000536441803,1
2026-08-10,3340541,746379,crude,↑ $80,Will WTI Crude Oil (WTI) hit (HIGH) $80 in August?,1,0.04,1.0,0.6399999856948853,0.7850000262260437,0.8450000286102295,0.9649999737739563,False,False,1786312500.0,14.500004053115845,17.99999475479126,6.000000238418579,OOS,4.499999433755875,2
2026-08-17,3383654,746379,crude,↓ $75,Will WTI Crude Oil (WTI) hit (LOW) $75 in August?,-1,0.04,1.0,0.42500001192092896,0.375,0.38499999046325684,0.36500000953674316,False,False,1786917300.0,-5.0000011920928955,-0.9999990463256836,0.9999990463256836,OOS,1.000000536441803,1
2026-02-02,1273327,189792,gold,"↑ $6,000","Will Gold (GC) hit (HIGH) $6,000 by end of February?",1,0.0,1.0,0.14499999582767487,0.125,0.11999999731779099,0.10499999672174454,False,False,1769986500.0,-1.9999995827674866,-2.0000003278255463,-0.5000002682209015,IS,-10.214285552501678,7
2026-02-02,1273328,189792,gold,"↑ $5,500","Will Gold (GC) hit (HIGH) $5,500 by end of February?",1,0.0,1.0,0.40400001406669617,0.3499999940395355,0.39399999380111694,0.28600001335144043,False,False,1769986500.0,-5.4000020027160645,-6.399998068809509,4.399999976158142,IS,-10.214285552501678,7
2026-02-09,1273328,189792,gold,"↑ $5,500","Will Gold (GC) hit (HIGH) $5,500 by end of February?",1,0.0,1.0,0.289000004529953,0.3070000112056732,0.3370000123977661,0.31049999594688416,False,False,1770591300.0,1.8000006675720215,0.34999847412109375,3.0000001192092896,IS,0.5833332737286886,6
2026-02-17,1273328,189792,gold,"↑ $5,500","Will Gold (GC) hit (HIGH) $5,500 by end of February?",1,0.0,1.0,0.14350000023841858,0.1354999989271164,0.1354999989271164,0.05400000140070915,False,False,1771196100.0,-0.8000001311302185,-8.149999752640724,0.0,IS,0.6428572748388562,7
2026-02-02,1273334,189792,gold,"↓ $4,700","Will Gold (GC) hit (LOW) $4,700 by end of February?",-1,0.0,1.0,0.7049999833106995,0.7749999761581421,0.7799999713897705,0.8995000123977661,False,False,1769986500.0,6.999999284744263,12.450003623962402,0.4999995231628418,IS,-10.214285552501678,7
2026-02-02,1273335,189792,gold,"↓ $4,600","Will Gold (GC) hit (LOW) $4,600 by end of February?",-1,0.0,1.0,0.6054999828338623,0.6044999957084656,0.6159999966621399,0.8054999709129333,False,False,1769986500.0,-0.09999871253967285,20.099997520446777,1.1500000953674316,IS,-10.214285552501678,7
2026-02-09,1273335,189792,gold,"↓ $4,600","Will Gold (GC) hit (LOW) $4,600 by end of February?",-1,0.0,1.0,0.4584999978542328,0.2809999883174896,0.2800000011920929,0.2930000126361847,False,False,1770591300.0,-17.750000953674316,1.2000024318695068,-0.09999871253967285,IS,0.5833332737286886,6
2026-02-17,1273335,189792,gold,"↓ $4,600","Will Gold (GC) hit (LOW) $4,600 by end of February?",-1,0.0,1.0,0.18449999392032623,0.1420000046491623,0.15800000727176666,0.15049999952316284,False,False,1771196100.0,-4.249998927116394,0.8499994874000549,1.600000262260437,IS,0.6428572748388562,7
2026-02-02,1273336,189792,gold,"↓ $4,450","Will Gold (GC) hit (LOW) $4,450 by end of February?",-1,0.0,1.0,0.41999998688697815,0.4000000059604645,0.4950000047683716,0.46000000834465027,False,False,1769986500.0,-1.9999980926513672,6.000000238418579,9.49999988079071,IS,-10.214285552501678,7
2026-02-09,1273336,189792,gold,"↓ $4,450","Will Gold (GC) hit (LOW) $4,450 by end of February?",-1,0.0,1.0,0.23999999463558197,0.125,0.125,0.2150000035762787,False,False,1770591300.0,-11.499999463558197,9.000000357627869,0.0,IS,0.5833332737286886,6
2026-02-17,1273336,189792,gold,"↓ $4,450","Will Gold (GC) hit (LOW) $4,450 by end of February?",-1,0.0,1.0,0.10499999672174454,0.04600000008940697,0.05550000071525574,0.06199999898672104,False,False,1771196100.0,-5.899999663233757,1.5999998897314072,0.950000062584877,IS,0.6428572748388562,7
2026-02-02,1273338,189792,gold,"↓ $4,200","Will Gold (GC) hit (LOW) $4,200 by end of February?",-1,0.0,1.0,0.25,0.23499999940395355,0.25999999046325684,0.4399999976158142,False,False,1769986500.0,-1.5000000596046448,20.499999821186066,2.4999991059303284,IS,-10.214285552501678,7
2026-02-09,1273338,189792,gold,"↓ $4,200","Will Gold (GC) hit (LOW) $4,200 by end of February?",-1,0.0,1.0,0.15000000596046448,0.09000000357627869,0.08500000089406967,0.07000000029802322,False,False,1770591300.0,-6.000000238418579,-2.0000003278255463,-0.5000002682209015,IS,0.5833332737286886,6
2026-02-02,1273339,189792,gold,"↓ $4,000","Will Gold (GC) hit (LOW) $4,000 by end of February?",-1,0.0,1.0,0.15850000083446503,0.12449999898672104,0.14350000023841858,0.17900000512599945,False,False,1769986500.0,-3.400000184774399,5.450000613927841,1.900000125169754,IS,-10.214285552501678,7
2026-02-02,1278513,189792,gold,"↑ $5,800","Will Gold (GC) hit (HIGH) $5,800 by end of February?",1,0.0,1.0,0.2150000035762787,0.18000000715255737,0.18000000715255737,0.13500000536441803,False,False,1769986500.0,-3.4999996423721313,-4.500000178813934,0.0,IS,-10.214285552501678,7
2026-02-09,1278513,189792,gold,"↑ $5,800","Will Gold (GC) hit (HIGH) $5,800 by end of February?",1,0.0,1.0,0.11500000208616257,0.13500000536441803,0.13500000536441803,0.11500000208616257,False,False,1770591300.0,2.0000003278255463,-2.0000003278255463,0.0,IS,0.5833332737286886,6
2026-09-14,3866511,907966,crude,↑ $120,Will WTI Crude Oil (WTI) hit (HIGH) $120 in September?,1,0.04,1.0,0.125,0.17149999737739563,0.16500000655651093,0.16699999570846558,False,False,1789336500.0,4.649999737739563,-0.45000016689300537,-0.6499990820884705,OOS,nan,0
2026-09-14,3866512,907966,crude,↑ $110,Will WTI Crude Oil (WTI) hit (HIGH) $110 in September?,1,0.04,1.0,0.3449999988079071,0.375,0.4399999976158142,0.4699999988079071,False,False,1789336500.0,3.0000001192092896,9.49999988079071,6.499999761581421,OOS,nan,0
2026-09-21,3866512,907966,crude,↑ $110,Will WTI Crude Oil (WTI) hit (HIGH) $110 in September?,1,0.04,1.0,0.11500000208616257,0.14499999582767487,0.125,0.06499999761581421,False,False,1789941300.0,2.99999937415123,-7.999999821186066,-1.9999995827674866,OOS,nan,0
2026-08-31,3866513,907966,crude,↑ $100,Will WTI Crude Oil (WTI) hit (HIGH) $100 in September?,1,0.04,1.0,0.15000000596046448,0.2150000035762787,0.1850000023841858,0.17499999701976776,False,False,1788126900.0,6.499999761581421,-4.0000006556510925,-3.0000001192092896,OOS,2.0000003278255463,1
2026-09-08,3866513,907966,crude,↑ $100,Will WTI Crude Oil (WTI) hit (HIGH) $100 in September?,1,0.04,1.0,0.3149999976158142,0.3799999952316284,0.375,0.375,False,False,1788731700.0,6.499999761581421,-0.4999995231628418,-0.4999995231628418,OOS,nan,0
2026-08-31,3866514,907966,crude,↑ $90,Will WTI Crude Oil (WTI) hit (HIGH) $90 in September?,1,0.04,1.0,0.5299999713897705,0.6050000190734863,0.6100000143051147,0.6850000023841858,False,False,1788126900.0,7.500004768371582,7.999998331069946,0.4999995231628418,OOS,2.0000003278255463,1
2026-08-31,3866515,907966,crude,↓ $80,Will WTI Crude Oil (WTI) hit (LOW) $80 in September?,-1,0.04,1.0,0.7850000262260437,0.7200000286102295,0.7200000286102295,0.7149999737739563,False,False,1788126900.0,-6.499999761581421,-0.5000054836273193,0.0,OOS,2.0000003278255463,1
2026-09-08,3866515,907966,crude,↓ $80,Will WTI Crude Oil (WTI) hit (LOW) $80 in September?,-1,0.04,1.0,0.375,0.29499998688697815,0.2849999964237213,0.25999999046325684,False,False,1788731700.0,-8.000001311302185,-3.4999996423721313,-0.9999990463256836,OOS,nan,0
2026-09-14,3866515,907966,crude,↓ $80,Will WTI Crude Oil (WTI) hit (LOW) $80 in September?,-1,0.04,1.0,0.15000000596046448,0.125,0.125,0.10999999940395355,False,False,1789336500.0,-2.5000005960464478,-1.5000000596046448,0.0,OOS,nan,0
2026-08-31,3866516,907966,crude,↓ $70,Will WTI Crude Oil (WTI) hit (LOW) $70 in September?,-1,0.04,1.0,0.22499999403953552,0.1850000023841858,0.1899999976158142,0.17000000178813934,False,False,1788126900.0,-3.999999165534973,-1.5000000596046448,0.4999995231628418,OOS,2.0000003278255463,1
2026-08-31,3954342,907966,crude,↓ $75,Will WTI Crude Oil (WTI) hit (LOW) $75 in September?,-1,0.04,1.0,0.5400000214576721,0.49000000953674316,0.48500001430511475,0.36000001430511475,False,False,1788126900.0,-5.0000011920928955,-12.999999523162842,-0.4999995231628418,OOS,2.0000003278255463,1
2026-09-08,3954342,907966,crude,↓ $75,Will WTI Crude Oil (WTI) hit (LOW) $75 in September?,-1,0.04,1.0,0.18000000715255737,0.1550000011920929,0.1550000011920929,0.10999999940395355,False,False,1788731700.0,-2.5000005960464478,-4.500000178813934,0.0,OOS,nan,0
2026-08-31,3954343,907966,crude,↑ $95,Will WTI Crude Oil (WTI) hit (HIGH) $95 in September?,1,0.04,1.0,0.30000001192092896,0.33000001311302185,0.33000001311302185,0.33500000834465027,False,False,1788126900.0,3.0000001192092896,0.4999995231628418,0.0,OOS,2.0000003278255463,1
2026-09-08,3954343,907966,crude,↑ $95,Will WTI Crude Oil (WTI) hit (HIGH) $95 in September?,1,0.04,1.0,0.625,0.6949999928474426,0.6899999976158142,0.7400000095367432,False,False,1788731700.0,6.999999284744263,4.500001668930054,-0.4999995231628418,OOS,nan,0
2026-08-31,3954344,907966,crude,↓ $65,Will WTI Crude Oil (WTI) hit (LOW) $65 in September?,-1,0.04,1.0,0.47999998927116394,0.1550000011920929,0.10499999672174454,0.06499999761581421,False,False,1788126900.0,-32.499998807907104,-9.000000357627869,-5.000000447034836,OOS,2.0000003278255463,1
2026-08-31,3954346,907966,crude,↑ $105,Will WTI Crude Oil (WTI) hit (HIGH) $105 in September?,1,0.04,1.0,0.25999999046325684,0.08049999922513962,0.0925000011920929,0.10000000149011612,False,False,1788126900.0,-17.949999123811722,1.9500002264976501,1.2000001966953278,OOS,2.0000003278255463,1
2026-09-08,3954346,907966,crude,↑ $105,Will WTI Crude Oil (WTI) hit (HIGH) $105 in September?,1,0.04,1.0,0.13850000500679016,0.20250000059604645,0.18400000035762787,0.17299999296665192,False,False,1788731700.0,6.399999558925629,-2.950000762939453,-1.850000023841858,OOS,nan,0
2026-09-14,3954346,907966,crude,↑ $105,Will WTI Crude Oil (WTI) hit (HIGH) $105 in September?,1,0.04,1.0,0.534500002861023,0.6830000281333923,0.7509999871253967,0.875,False,False,1789336500.0,14.850002527236938,19.199997186660767,6.7999958992004395,OOS,nan,0
2026-09-14,4035901,907966,crude,↑ $115,Will WTI Crude Oil (WTI) hit (HIGH) $115 in September?,1,0.04,1.0,0.2199999988079071,0.2745000123977661,0.2944999933242798,0.28299999237060547,False,False,1789336500.0,5.450001358985901,0.8499979972839355,1.9999980926513672,OOS,nan,0
2026-09-08,4063373,907966,crude,↓ $85,Will WTI Crude Oil (WTI) hit (LOW) $85 in September?,-1,0.04,1.0,0.6549999713897705,0.6000000238418579,0.574999988079071,0.5049999952316284,False,False,1788731700.0,-5.49999475479126,-9.50000286102295,-2.5000035762786865,OOS,nan,0
2026-09-14,4063373,907966,crude,↓ $85,Will WTI Crude Oil (WTI) hit (LOW) $85 in September?,-1,0.04,1.0,0.32499998807907104,0.27000001072883606,0.23999999463558197,0.20499999821186066,False,False,1789336500.0,-5.4999977350234985,-6.50000125169754,-3.000001609325409,OOS,nan,0
2026-09-21,4063373,907966,crude,↓ $85,Will WTI Crude Oil (WTI) hit (LOW) $85 in September?,-1,0.04,1.0,0.20000000298023224,0.14000000059604645,0.14499999582767487,0.26499998569488525,False,False,1789941300.0,-6.000000238418579,12.49999850988388,0.4999995231628418,OOS,nan,0
2026-09-28,4063373,907966,crude,↓ $85,Will WTI Crude Oil (WTI) hit (LOW) $85 in September?,-1,0.04,1.0,0.20999999344348907,0.10999999940395355,0.09000000357627869,0.051500000059604645,False,False,1790546100.0,-9.999999403953552,-5.849999934434891,-1.9999995827674866,OOS,4.999999701976776,1
2026-09-14,4218286,907966,crude,↓ $90,Will WTI Crude Oil (WTI) hit (LOW) $90 in September?,-1,0.04,1.0,0.5759999752044678,0.5285000205039978,0.4519999921321869,0.40799999237060547,False,False,1789336500.0,-4.749995470046997,-12.050002813339233,-7.650002837181091,OOS,nan,0
2026-09-21,4218286,907966,crude,↓ $90,Will WTI Crude Oil (WTI) hit (LOW) $90 in September?,-1,0.04,1.0,0.4634999930858612,0.36399999260902405,0.4300000071525574,0.7095000147819519,False,False,1789941300.0,-9.950000047683716,34.550002217292786,6.6000014543533325,OOS,nan,0
2026-09-14,4413392,907966,crude,↓ $95,Will WTI Crude Oil (WTI) hit (LOW) $95 in September?,-1,0.04,1.0,0.8199999928474426,0.7549999952316284,0.75,0.6650000214576721,False,False,1789336500.0,-6.499999761581421,-8.99999737739563,-0.4999995231628418,OOS,nan,0
2026-09-21,4618778,907966,crude,↑ $105,Will WTI Crude Oil (WTI) hit (HIGH) $105 in September?,1,0.04,1.0,0.3400000035762787,0.3400000035762787,0.29499998688697815,0.0949999988079071,False,False,1789941300.0,0.0,-24.500000476837158,-4.500001668930054,OOS,nan,0
2026-09-21,4690431,907966,crude,↑ $100,Will WTI Crude Oil (WTI) hit (HIGH) $100 in September?,1,0.04,1.0,0.6150000095367432,0.75,0.6850000023841858,0.3050000071525574,False,False,1789941300.0,13.499999046325684,-44.49999928474426,-6.499999761581421,OOS,nan,0
2026-09-28,4690431,907966,crude,↑ $100,Will WTI Crude Oil (WTI) hit (HIGH) $100 in September?,1,0.04,1.0,0.20000000298023224,0.12999999523162842,0.14000000059604645,0.14499999582767487,False,False,1790546100.0,-7.000000774860382,1.5000000596046448,1.000000536441803,OOS,4.999999701976776,1
2026-09-28,4884203,907966,crude,↓ $90,Will WTI Crude Oil (WTI) hit (LOW) $90 in September?,-1,0.04,1.0,0.6449999809265137,0.42500001192092896,0.41999998688697815,0.3100000023841858,False,False,1790546100.0,-21.99999690055847,-11.500000953674316,-0.5000025033950806,OOS,4.999999701976776,1
2026-02-02,1272517,189698,silver,↑ $150,Will Silver (SI) hit (HIGH) $150 by end of February?,1,0.0,1.0,0.11500000208616257,0.07000000029802322,0.07500000298023224,0.057500001043081284,False,False,1769986500.0,-4.500000178813934,-1.249999925494194,0.5000002682209015,IS,-10.214285552501678,7
2026-02-02,1272518,189698,silver,↑ $140,Will Silver (SI) hit (HIGH) $140 by end of February?,1,0.0,1.0,0.1550000011920929,0.11999999731779099,0.11500000208616257,0.07999999821186066,False,False,1769986500.0,-3.500000387430191,-3.999999910593033,-0.4999995231628418,IS,-10.214285552501678,7
2026-02-02,1272519,189698,silver,↑ $130,Will Silver (SI) hit (HIGH) $130 by end of February?,1,0.0,1.0,0.25,0.14499999582767487,0.14499999582767487,0.11999999731779099,False,False,1769986500.0,-10.500000417232513,-2.499999850988388,0.0,IS,-10.214285552501678,7
2026-02-02,1272520,189698,silver,↑ $120,Will Silver (SI) hit (HIGH) $120 by end of February?,1,0.0,1.0,0.3244999945163727,0.2915000021457672,0.2084999978542328,0.164000004529953,False,False,1769986500.0,-3.299999237060547,-12.749999761581421,-8.300000429153442,IS,-10.214285552501678,7
2026-02-02,1272526,189698,silver,↓ $75,Will Silver (SI) hit (LOW) $75 by end of February?,-1,0.0,1.0,0.625,0.6949999928474426,0.7149999737739563,0.7450000047683716,False,False,1769986500.0,6.999999284744263,5.0000011920928955,1.9999980926513672,IS,-10.214285552501678,7
2026-02-09,1272526,189698,silver,↓ $75,Will Silver (SI) hit (LOW) $75 by end of February?,-1,0.0,1.0,0.8324999809265137,0.7925000190734863,0.762499988079071,0.7494999766349792,False,False,1770591300.0,-3.9999961853027344,-4.300004243850708,-3.0000030994415283,IS,0.5833332737286886,6
2026-02-17,1272526,189698,silver,↓ $75,Will Silver (SI) hit (LOW) $75 by end of February?,-1,0.0,1.0,0.6855000257492065,0.6924999952316284,0.7129999995231628,0.9225000143051147,False,False,1771196100.0,0.6999969482421875,23.000001907348633,2.0500004291534424,IS,0.6428572748388562,7
2026-02-02,1272527,189698,silver,↓ $70,Will Silver (SI) hit (LOW) $70 by end of February?,-1,0.0,1.0,0.574999988079071,0.5450000166893005,0.5350000262260437,0.5450000166893005,False,False,1769986500.0,-2.999997138977051,0.0,-0.9999990463256836,IS,-10.214285552501678,7
2026-02-09,1272527,189698,silver,↓ $70,Will Silver (SI) hit (LOW) $70 by end of February?,-1,0.0,1.0,0.6850000023841858,0.6850000023841858,0.6800000071525574,0.5249999761581421,False,False,1770591300.0,0.0,-16.00000262260437,-0.4999995231628418,IS,0.5833332737286886,6
2026-02-17,1272527,189698,silver,↓ $70,Will Silver (SI) hit (LOW) $70 by end of February?,-1,0.0,1.0,0.4050000011920929,0.375,0.38499999046325684,0.6200000047683716,False,False,1771196100.0,-3.0000001192092896,24.500000476837158,0.9999990463256836,IS,0.6428572748388562,7
2026-02-02,1272528,189698,silver,↓ $65,Will Silver (SI) hit (LOW) $65 by end of February?,-1,0.0,1.0,0.3149999976158142,0.3449999988079071,0.375,0.4050000011920929,False,False,1769986500.0,3.0000001192092896,6.000000238418579,3.0000001192092896,IS,-10.214285552501678,7
2026-02-09,1272528,189698,silver,↓ $65,Will Silver (SI) hit (LOW) $65 by end of February?,-1,0.0,1.0,0.47999998927116394,0.3799999952316284,0.375,0.3050000071525574,False,False,1770591300.0,-9.999999403953552,-7.4999988079071045,-0.4999995231628418,IS,0.5833332737286886,6
2026-02-17,1272528,189698,silver,↓ $65,Will Silver (SI) hit (LOW) $65 by end of February?,-1,0.0,1.0,0.22499999403953552,0.22499999403953552,0.23499999940395355,0.3149999976158142,False,False,1771196100.0,0.0,9.000000357627869,1.000000536441803,IS,0.6428572748388562,7
2026-02-23,1272528,189698,silver,↓ $65,Will Silver (SI) hit (LOW) $65 by end of February?,-1,0.0,1.0,0.10000000149011612,0.054999999701976776,0.05000000074505806,0.027499999850988388,False,False,1771800900.0,-4.500000178813934,-2.749999985098839,-0.49999989569187164,IS,-2.071428511823927,7
2026-02-02,1272529,189698,silver,↓ $55,Will Silver (SI) hit (LOW) $55 by end of February?,-1,0.0,1.0,0.13500000536441803,0.1550000011920929,0.1850000023841858,0.1899999976158142,False,False,1769986500.0,1.9999995827674866,3.4999996423721313,3.0000001192092896,IS,-10.214285552501678,7
2026-02-09,1272529,189698,silver,↓ $55,Will Silver (SI) hit (LOW) $55 by end of February?,-1,0.0,1.0,0.2150000035762787,0.1550000011920929,0.1550000011920929,0.10999999940395355,False,False,1770591300.0,-6.000000238418579,-4.500000178813934,0.0,IS,0.5833332737286886,6
2026-02-02,1278382,189698,silver,↑ $160,Will Silver (SI) hit (HIGH) $160 by end of February?,1,0.0,1.0,0.10000000149011612,0.07999999821186066,0.07999999821186066,0.052000001072883606,False,False,1769986500.0,-2.0000003278255463,-2.799999713897705,0.0,IS,-10.214285552501678,7
2026-06-01,2350569,522294,crude,↑ $140,Will WTI Crude Oil (WTI) hit (HIGH) $140 in June?,1,0.04,1.0,0.125,0.04149999842047691,0.04149999842047691,0.04149999842047691,False,False,1780264500.0,-8.350000157952309,0.0,0.0,IS,8.95833297011753,12
2026-06-01,2350570,522294,crude,↑ $130,Will WTI Crude Oil (WTI) hit (HIGH) $130 in June?,1,0.04,1.0,0.15000000596046448,0.06499999761581421,0.07500000298023224,0.07500000298023224,False,False,1780264500.0,-8.500000834465027,1.000000536441803,1.000000536441803,IS,8.95833297011753,12
2026-06-01,2350571,522294,crude,↑ $120,Will WTI Crude Oil (WTI) hit (HIGH) $120 in June?,1,0.04,1.0,0.1850000023841858,0.10499999672174454,0.10999999940395355,0.11999999731779099,False,False,1780264500.0,-8.000000566244125,1.5000000596046448,0.5000002682209015,IS,8.95833297011753,12
2026-06-01,2350572,522294,crude,↑ $110,Will WTI Crude Oil (WTI) hit (HIGH) $110 in June?,1,0.04,1.0,0.47999998927116394,0.22499999403953552,0.22499999403953552,0.2800000011920929,False,False,1780264500.0,-25.499999523162842,5.500000715255737,0.0,IS,8.95833297011753,12
2026-06-08,2350572,522294,crude,↑ $110,Will WTI Crude Oil (WTI) hit (HIGH) $110 in June?,1,0.04,1.0,0.2150000035762787,0.25999999046325684,0.23999999463558197,0.22499999403953552,False,False,1780869300.0,4.499998688697815,-3.4999996423721313,-1.9999995827674866,IS,4.937499575316906,8
2026-06-01,2350573,522294,crude,↑ $100,Will WTI Crude Oil (WTI) hit (HIGH) $100 in June?,1,0.04,1.0,0.6299999952316284,0.5350000262260437,0.5350000262260437,0.7049999833106995,False,False,1780264500.0,-9.499996900558472,16.999995708465576,0.0,IS,8.95833297011753,12
2026-06-08,2350573,522294,crude,↑ $100,Will WTI Crude Oil (WTI) hit (HIGH) $100 in June?,1,0.04,1.0,0.5249999761581421,0.625,0.5699999928474426,0.5350000262260437,False,False,1780869300.0,10.000002384185791,-8.99999737739563,-5.500000715255737,IS,4.937499575316906,8
2026-06-15,2350573,522294,crude,↑ $100,Will WTI Crude Oil (WTI) hit (HIGH) $100 in June?,1,0.04,1.0,0.17499999701976776,0.07999999821186066,0.07500000298023224,0.07500000298023224,False,False,1781474100.0,-9.49999988079071,-0.4999995231628418,-0.4999995231628418,IS,-27.335000038146973,10
2026-06-01,2350575,522294,crude,↓ $80,Will WTI Crude Oil (WTI) hit (LOW) $80 in June?,-1,0.04,1.0,0.6600000262260437,0.47999998927116394,0.48500001430511475,0.44999998807907104,False,False,1780264500.0,-18.000003695487976,-3.0000001192092896,0.5000025033950806,IS,8.95833297011753,12
2026-06-08,2350575,522294,crude,↓ $80,Will WTI Crude Oil (WTI) hit (LOW) $80 in June?,-1,0.04,1.0,0.4449999928474426,0.33000001311302185,0.33500000834465027,0.38499999046325684,False,False,1780869300.0,-11.499997973442078,5.4999977350234985,0.4999995231628418,IS,4.937499575316906,8
2026-06-15,2350575,522294,crude,↓ $80,Will WTI Crude Oil (WTI) hit (LOW) $80 in June?,-1,0.04,1.0,0.7649999856948853,0.9900000095367432,0.9194999933242798,1.0,True,False,1781474100.0,22.50000238418579,0.9999990463256836,-7.050001621246338,IS,-27.335000038146973,10
2026-06-01,2350576,522294,crude,↓ $70,Will WTI Crude Oil (WTI) hit (LOW) $70 in June?,-1,0.04,1.0,0.2800000011920929,0.11500000208616257,0.11500000208616257,0.10999999940395355,False,False,1780264500.0,-16.499999910593033,-0.5000002682209015,0.0,IS,8.95833297011753,12
2026-06-15,2350576,522294,crude,↓ $70,Will WTI Crude Oil (WTI) hit (LOW) $70 in June?,-1,0.04,1.0,0.14499999582767487,0.2549999952316284,0.17499999701976776,0.1850000023841858,False,False,1781474100.0,10.999999940395355,-6.999999284744263,-7.999999821186066,IS,-27.335000038146973,10
2026-06-22,2350576,522294,crude,↓ $70,Will WTI Crude Oil (WTI) hit (LOW) $70 in June?,-1,0.04,1.0,0.41499999165534973,0.1550000011920929,0.20999999344348907,0.41499999165534973,False,False,1782078900.0,-25.999999046325684,25.999999046325684,5.499999225139618,IS,22.337499912828207,4
2026-06-01,2386369,522294,crude,↑ $200,Will WTI Crude Oil (WTI) hit (HIGH) $200 in June?,1,0.04,1.0,0.47999998927116394,0.04100000113248825,0.014000000432133675,0.007000000216066837,False,False,1780264500.0,-43.89999881386757,-3.4000000916421413,-2.7000000700354576,IS,8.95833297011753,12
2026-06-08,2423566,522294,crude,↓ $85,Will WTI Crude Oil (WTI) hit (LOW) $85 in June?,-1,0.04,1.0,0.7250000238418579,0.5849999785423279,0.6299999952316284,0.6650000214576721,False,False,1780869300.0,-14.000004529953003,8.000004291534424,4.500001668930054,IS,4.937499575316906,8
2026-06-08,2423576,522294,crude,↓ $75,Will WTI Crude Oil (WTI) hit (LOW) $75 in June?,-1,0.04,1.0,0.2150000035762787,0.14499999582767487,0.15000000596046448,0.1850000023841858,False,False,1780869300.0,-7.000000774860382,4.0000006556510925,0.5000010132789612,IS,4.937499575316906,8
2026-06-15,2423576,522294,crude,↓ $75,Will WTI Crude Oil (WTI) hit (LOW) $75 in June?,-1,0.04,1.0,0.375,0.6700000166893005,0.48500001430511475,0.5849999785423279,False,False,1781474100.0,29.500001668930054,-8.500003814697266,-18.50000023841858,IS,-27.335000038146973,10
2026-06-22,2423577,522294,crude,↓ $65,Will WTI Crude Oil (WTI) hit (LOW) $65 in June?,-1,0.04,1.0,0.1274999976158142,0.03750000149011612,0.05050000175833702,0.1185000017285347,False,False,1782078900.0,-8.999999612569809,8.100000023841858,1.3000000268220901,IS,22.337499912828207,4
2026-06-08,2423578,522294,crude,↑ $105,Will WTI Crude Oil (WTI) hit (HIGH) $105 in June?,1,0.04,1.0,0.33500000834465027,0.41999998688697815,0.4000000059604645,0.35499998927116394,False,False,1780869300.0,8.499997854232788,-6.499999761581421,-1.9999980926513672,IS,4.937499575316906,8
2026-06-08,2423579,522294,crude,↑ $115,Will WTI Crude Oil (WTI) hit (HIGH) $115 in June?,1,0.04,1.0,0.13500000536441803,0.1599999964237213,0.14000000059604645,0.1550000011920929,False,False,1780869300.0,2.4999991059303284,-0.4999995231628418,-1.9999995827674866,IS,4.937499575316906,8
2026-06-15,2492328,522294,crude,↑ $95,Will WTI Crude Oil (WTI) hit (HIGH) $95 in June?,1,0.04,1.0,0.33500000834465027,0.22499999403953552,0.23499999940395355,0.10499999672174454,False,False,1781474100.0,-11.000001430511475,-11.999999731779099,1.000000536441803,IS,-27.335000038146973,10
2026-06-22,2569221,522294,crude,↑ $85,Will WTI Crude Oil (WTI) hit (HIGH) $85 in June?,1,0.04,1.0,0.20499999821186066,0.36500000953674316,0.3400000035762787,0.0949999988079071,False,False,1782078900.0,16.00000113248825,-27.000001072883606,-2.5000005960464478,IS,22.337499912828207,4
2026-06-22,2569222,522294,crude,↑ $80,Will WTI Crude Oil (WTI) hit (HIGH) $80 in June?,1,0.04,1.0,0.4749999940395355,0.7900000214576721,0.7350000143051147,0.33500000834465027,False,False,1782078900.0,31.50000274181366,-45.500001311302185,-5.500000715255737,IS,22.337499912828207,4
2026-04-20,2001179,125865,gold,"↓ $4,400","Will Gold (GC) hit (LOW) $4,400 by end of June?",-1,0.04,1.0,0.32499998807907104,0.3449999988079071,0.3449999988079071,0.3449999988079071,False,False,1776635700.0,2.000001072883606,0.0,0.0,IS,10.908333646754423,12
2026-04-27,2001179,125865,gold,"↓ $4,400","Will Gold (GC) hit (LOW) $4,400 by end of June?",-1,0.04,1.0,0.4699999988079071,0.46000000834465027,0.46000000834465027,0.42500001192092896,False,False,1777240500.0,-0.9999990463256836,-3.4999996423721313,0.0,IS,3.7499993418653808,12
2026-05-04,2001179,125865,gold,"↓ $4,400","Will Gold (GC) hit (LOW) $4,400 by end of June?",-1,0.04,1.0,0.47999998927116394,0.47999998927116394,0.47999998927116394,0.5400000214576721,False,False,1777845300.0,0.0,6.000003218650818,0.0,IS,0.24999994784593582,12
2026-05-11,2001179,125865,gold,"↓ $4,400","Will Gold (GC) hit (LOW) $4,400 by end of June?",-1,0.04,1.0,0.4050000011920929,0.4050000011920929,0.42500001192092896,0.41499999165534973,False,False,1778450100.0,0.0,0.9999990463256836,2.000001072883606,IS,9.541666880249977,12
2026-05-18,2001179,125865,gold,"↓ $4,400","Will Gold (GC) hit (LOW) $4,400 by end of June?",-1,0.04,1.0,0.5600000023841858,0.5849999785423279,0.5849999785423279,0.46000000834465027,False,False,1779054900.0,2.499997615814209,-12.499997019767761,0.0,IS,4.000000123466764,14
2026-05-26,2001179,125865,gold,"↓ $4,400","Will Gold (GC) hit (LOW) $4,400 by end of June?",-1,0.04,1.0,0.574999988079071,0.5299999713897705,0.48500001430511475,0.550000011920929,False,False,1779659700.0,-4.500001668930054,2.0000040531158447,-4.499995708465576,IS,-14.083333189288775,12
2026-06-01,2001179,125865,gold,"↓ $4,400","Will Gold (GC) hit (LOW) $4,400 by end of June?",-1,0.04,1.0,0.47999998927116394,0.5550000071525574,0.5450000166893005,0.6650000214576721,False,False,1780264500.0,7.500001788139343,11.000001430511475,-0.9999990463256836,IS,8.95833297011753,12
2026-04-20,2001188,125865,gold,"↓ $4,300","Will Gold (GC) hit (LOW) $4,300 by end of June?",-1,0.04,1.0,0.1899999976158142,0.2549999952316284,0.2549999952316284,0.2549999952316284,False,False,1776635700.0,6.499999761581421,0.0,0.0,IS,10.908333646754423,12
2026-04-27,2001188,125865,gold,"↓ $4,300","Will Gold (GC) hit (LOW) $4,300 by end of June?",-1,0.04,1.0,0.33000001311302185,0.33000001311302185,0.33000001311302185,0.3149999976158142,False,False,1777240500.0,0.0,-1.5000015497207642,0.0,IS,3.7499993418653808,12
2026-05-04,2001188,125865,gold,"↓ $4,300","Will Gold (GC) hit (LOW) $4,300 by end of June?",-1,0.04,1.0,0.3400000035762787,0.35499998927116394,0.35499998927116394,0.375,False,False,1777845300.0,1.4999985694885254,2.000001072883606,0.0,IS,0.24999994784593582,12
2026-05-11,2001188,125865,gold,"↓ $4,300","Will Gold (GC) hit (LOW) $4,300 by end of June?",-1,0.04,1.0,0.23999999463558197,0.25,0.24500000476837158,0.2549999952316284,False,False,1778450100.0,1.000000536441803,0.4999995231628418,-0.4999995231628418,IS,9.541666880249977,12
2026-05-18,2001188,125865,gold,"↓ $4,300","Will Gold (GC) hit (LOW) $4,300 by end of June?",-1,0.04,1.0,0.35499998927116394,0.5400000214576721,0.5799999833106995,0.48500001430511475,False,False,1779054900.0,18.500003218650818,-5.500000715255737,3.9999961853027344,IS,4.000000123466764,14
2026-05-26,2001188,125865,gold,"↓ $4,300","Will Gold (GC) hit (LOW) $4,300 by end of June?",-1,0.04,1.0,0.41499999165534973,0.3799999952316284,0.3449999988079071,0.42500001192092896,False,False,1779659700.0,-3.4999996423721313,4.500001668930054,-3.4999996423721313,IS,-14.083333189288775,12
2026-06-01,2001188,125865,gold,"↓ $4,300","Will Gold (GC) hit (LOW) $4,300 by end of June?",-1,0.04,1.0,0.3400000035762787,0.23999999463558197,0.23999999463558197,0.3400000035762787,False,False,1780264500.0,-10.000000894069672,10.000000894069672,0.0,IS,8.95833297011753,12
2026-06-08,2001188,125865,gold,"↓ $4,300","Will Gold (GC) hit (LOW) $4,300 by end of June?",-1,0.04,1.0,0.7749999761581421,0.8500000238418579,0.8500000238418579,0.7950000166893005,False,False,1780869300.0,7.500004768371582,-5.500000715255737,0.0,IS,4.937499575316906,8
2026-04-20,2001189,125865,gold,"↓ $4,500","Will Gold (GC) hit (LOW) $4,500 by end of June?",-1,0.04,1.0,0.4449999928474426,0.4650000035762787,0.4650000035762787,0.45500001311302185,False,False,1776635700.0,2.000001072883606,-0.9999990463256836,0.0,IS,10.908333646754423,12
2026-04-27,2001189,125865,gold,"↓ $4,500","Will Gold (GC) hit (LOW) $4,500 by end of June?",-1,0.04,1.0,0.5849999785423279,0.5849999785423279,0.5849999785423279,0.5649999976158142,False,False,1777240500.0,0.0,-1.9999980926513672,0.0,IS,3.7499993418653808,12
2026-05-04,2001189,125865,gold,"↓ $4,500","Will Gold (GC) hit (LOW) $4,500 by end of June?",-1,0.04,1.0,0.7049999833106995,0.6800000071525574,0.6800000071525574,0.7250000238418579,False,False,1777845300.0,-2.499997615814209,4.500001668930054,0.0,IS,0.24999994784593582,12
2026-05-11,2001189,125865,gold,"↓ $4,500","Will Gold (GC) hit (LOW) $4,500 by end of June?",-1,0.04,1.0,0.5450000166893005,0.5699999928474426,0.5699999928474426,0.5649999976158142,False,False,1778450100.0,2.499997615814209,-0.4999995231628418,0.0,IS,9.541666880249977,12
2026-05-18,2001189,125865,gold,"↓ $4,500","Will Gold (GC) hit (LOW) $4,500 by end of June?",-1,0.04,1.0,0.7549999952316284,0.824999988079071,0.824999988079071,0.8050000071525574,False,False,1779054900.0,6.999999284744263,-1.9999980926513672,0.0,IS,4.000000123466764,14
2026-04-20,2001191,125865,gold,"↓ $4,700","Will Gold (GC) hit (LOW) $4,700 by end of June?",-1,0.04,1.0,0.6949999928474426,0.7450000047683716,0.7450000047683716,0.7549999952316284,False,False,1776635700.0,5.0000011920928955,0.9999990463256836,0.0,IS,10.908333646754423,12
2026-04-27,2001191,125865,gold,"↓ $4,700","Will Gold (GC) hit (LOW) $4,700 by end of June?",-1,0.04,1.0,0.8349999785423279,0.824999988079071,0.8899999856948853,0.8849999904632568,False,False,1777240500.0,-0.9999990463256836,6.000000238418579,6.499999761581421,IS,3.7499993418653808,12
2026-04-27,2001214,125865,gold,"↑ $4,900","Will Gold (GC) hit (HIGH) $4,900 by end of June?",1,0.04,1.0,0.6600000262260437,0.6850000023841858,0.6899999976158142,0.6850000023841858,False,False,1777240500.0,2.499997615814209,0.0,0.4999995231628418,IS,3.7499993418653808,12
2026-05-04,2001214,125865,gold,"↑ $4,900","Will Gold (GC) hit (HIGH) $4,900 by end of June?",1,0.04,1.0,0.5350000262260437,0.5299999713897705,0.5299999713897705,0.4449999928474426,False,False,1777845300.0,-0.5000054836273193,-8.499997854232788,0.0,IS,0.24999994784593582,12
2026-05-11,2001214,125865,gold,"↑ $4,900","Will Gold (GC) hit (HIGH) $4,900 by end of June?",1,0.04,1.0,0.675000011920929,0.6299999952316284,0.6299999952316284,0.6650000214576721,False,False,1778450100.0,-4.500001668930054,3.50000262260437,0.0,IS,9.541666880249977,12
2026-05-18,2001214,125865,gold,"↑ $4,900","Will Gold (GC) hit (HIGH) $4,900 by end of June?",1,0.04,1.0,0.33500000834465027,0.46000000834465027,0.4050000011920929,0.5149999856948853,False,False,1779054900.0,12.5,5.4999977350234985,-5.500000715255737,IS,4.000000123466764,14
2026-05-26,2001214,125865,gold,"↑ $4,900","Will Gold (GC) hit (HIGH) $4,900 by end of June?",1,0.04,1.0,0.4000000059604645,0.20000000298023224,0.26499998569488525,0.18000000715255737,False,False,1779659700.0,-20.000000298023224,-1.9999995827674866,6.4999982714653015,IS,-14.083333189288775,12
2026-06-01,2001214,125865,gold,"↑ $4,900","Will Gold (GC) hit (HIGH) $4,900 by end of June?",1,0.04,1.0,0.3050000071525574,0.1899999976158142,0.19499999284744263,0.11999999731779099,False,False,1780264500.0,-11.500000953674316,-7.000000029802322,0.4999995231628418,IS,8.95833297011753,12
2026-04-20,2001237,125865,gold,"↑ $5,000","Will Gold (GC) hit (HIGH) $5,000 by end of June?",1,0.04,1.0,0.8299999833106995,0.7599999904632568,0.7599999904632568,0.7549999952316284,False,False,1776635700.0,-6.999999284744263,-0.4999995231628418,0.0,IS,10.908333646754423,12
2026-04-27,2001237,125865,gold,"↑ $5,000","Will Gold (GC) hit (HIGH) $5,000 by end of June?",1,0.04,1.0,0.5649999976158142,0.5849999785423279,0.5849999785423279,0.5649999976158142,False,False,1777240500.0,1.9999980926513672,-1.9999980926513672,0.0,IS,3.7499993418653808,12
2026-05-04,2001237,125865,gold,"↑ $5,000","Will Gold (GC) hit (HIGH) $5,000 by end of June?",1,0.04,1.0,0.4050000011920929,0.4399999976158142,0.4399999976158142,0.38499999046325684,False,False,1777845300.0,3.4999996423721313,-5.500000715255737,0.0,IS,0.24999994784593582,12
2026-05-11,2001237,125865,gold,"↑ $5,000","Will Gold (GC) hit (HIGH) $5,000 by end of June?",1,0.04,1.0,0.5099999904632568,0.5699999928474426,0.5699999928474426,0.48500001430511475,False,False,1778450100.0,6.000000238418579,-8.499997854232788,0.0,IS,9.541666880249977,12
2026-05-18,2001237,125865,gold,"↑ $5,000","Will Gold (GC) hit (HIGH) $5,000 by end of June?",1,0.04,1.0,0.36000001430511475,0.35499998927116394,0.3449999988079071,0.19499999284744263,False,False,1779054900.0,-0.5000025033950806,-15.999999642372131,-0.9999990463256836,IS,4.000000123466764,14
2026-05-26,2001237,125865,gold,"↑ $5,000","Will Gold (GC) hit (HIGH) $5,000 by end of June?",1,0.04,1.0,0.18000000715255737,0.17499999701976776,0.18000000715255737,0.14499999582767487,False,False,1779659700.0,-0.5000010132789612,-3.0000001192092896,0.5000010132789612,IS,-14.083333189288775,12
2026-06-01,2001237,125865,gold,"↑ $5,000","Will Gold (GC) hit (HIGH) $5,000 by end of June?",1,0.04,1.0,0.125,0.0949999988079071,0.10000000149011612,0.07999999821186066,False,False,1780264500.0,-3.0000001192092896,-1.5000000596046448,0.5000002682209015,IS,8.95833297011753,12
2026-04-20,2001245,125865,gold,"↑ $5,100","Will Gold (GC) hit (HIGH) $5,100 by end of June?",1,0.04,1.0,0.6449999809265137,0.6449999809265137,0.6449999809265137,0.625,False,False,1776635700.0,0.0,-1.9999980926513672,0.0,IS,10.908333646754423,12
2026-04-27,2001245,125865,gold,"↑ $5,100","Will Gold (GC) hit (HIGH) $5,100 by end of June?",1,0.04,1.0,0.44999998807907104,0.4449999928474426,0.4449999928474426,0.42500001192092896,False,False,1777240500.0,-0.4999995231628418,-1.9999980926513672,0.0,IS,3.7499993418653808,12
2026-05-04,2001245,125865,gold,"↑ $5,100","Will Gold (GC) hit (HIGH) $5,100 by end of June?",1,0.04,1.0,0.25,0.24500000476837158,0.24500000476837158,0.23000000417232513,False,False,1777845300.0,-0.4999995231628418,-1.5000000596046448,0.0,IS,0.24999994784593582,12
2026-05-11,2001245,125865,gold,"↑ $5,100","Will Gold (GC) hit (HIGH) $5,100 by end of June?",1,0.04,1.0,0.3499999940395355,0.33000001311302185,0.33000001311302185,0.35499998927116394,False,False,1778450100.0,-1.9999980926513672,2.499997615814209,0.0,IS,9.541666880249977,12
2026-05-18,2001245,125865,gold,"↑ $5,100","Will Gold (GC) hit (HIGH) $5,100 by end of June?",1,0.04,1.0,0.23999999463558197,0.20999999344348907,0.20999999344348907,0.14499999582767487,False,False,1779054900.0,-3.0000001192092896,-6.499999761581421,0.0,IS,4.000000123466764,14
2026-05-26,2001245,125865,gold,"↑ $5,100","Will Gold (GC) hit (HIGH) $5,100 by end of June?",1,0.04,1.0,0.11999999731779099,0.07999999821186066,0.08500000089406967,0.08500000089406967,False,False,1779659700.0,-3.999999910593033,0.5000002682209015,0.5000002682209015,IS,-14.083333189288775,12
2026-04-20,2001248,125865,gold,"↑ $5,300","Will Gold (GC) hit (HIGH) $5,300 by end of June?",1,0.04,1.0,0.36000001430511475,0.4350000023841858,0.4350000023841858,0.42500001192092896,False,False,1776635700.0,7.4999988079071045,-0.9999990463256836,0.0,IS,10.908333646754423,12
2026-04-27,2001248,125865,gold,"↑ $5,300","Will Gold (GC) hit (HIGH) $5,300 by end of June?",1,0.04,1.0,0.2549999952316284,0.22499999403953552,0.20999999344348907,0.20499999821186066,False,False,1777240500.0,-3.0000001192092896,-1.9999995827674866,-1.5000000596046448,IS,3.7499993418653808,12
2026-05-04,2001248,125865,gold,"↑ $5,300","Will Gold (GC) hit (HIGH) $5,300 by end of June?",1,0.04,1.0,0.15000000596046448,0.125,0.125,0.0949999988079071,False,False,1777845300.0,-2.5000005960464478,-3.0000001192092896,0.0,IS,0.24999994784593582,12
2026-05-11,2001248,125865,gold,"↑ $5,300","Will Gold (GC) hit (HIGH) $5,300 by end of June?",1,0.04,1.0,0.16500000655651093,0.14499999582767487,0.14499999582767487,0.13500000536441803,False,False,1778450100.0,-2.000001072883606,-0.9999990463256836,0.0,IS,9.541666880249977,12
2026-04-20,2001254,125865,gold,"↑ $5,400","Will Gold (GC) hit (HIGH) $5,400 by end of June?",1,0.04,1.0,0.3100000023841858,0.3149999976158142,0.3149999976158142,0.3050000071525574,False,False,1776635700.0,0.4999995231628418,-0.9999990463256836,0.0,IS,10.908333646754423,12
2026-04-27,2001254,125865,gold,"↑ $5,400","Will Gold (GC) hit (HIGH) $5,400 by end of June?",1,0.04,1.0,0.1850000023841858,0.1899999976158142,0.1850000023841858,0.1550000011920929,False,False,1777240500.0,0.4999995231628418,-3.4999996423721313,-0.4999995231628418,IS,3.7499993418653808,12
2026-05-04,2001254,125865,gold,"↑ $5,400","Will Gold (GC) hit (HIGH) $5,400 by end of June?",1,0.04,1.0,0.10000000149011612,0.07999999821186066,0.07999999821186066,0.06499999761581421,False,False,1777845300.0,-2.0000003278255463,-1.5000000596046448,0.0,IS,0.24999994784593582,12
2026-05-11,2001254,125865,gold,"↑ $5,400","Will Gold (GC) hit (HIGH) $5,400 by end of June?",1,0.04,1.0,0.14000000059604645,0.11999999731779099,0.11999999731779099,0.10499999672174454,False,False,1778450100.0,-2.0000003278255463,-1.5000000596046448,0.0,IS,9.541666880249977,12
2026-05-18,2251146,125865,gold,"↑ $4,800","Will Gold (GC) hit (HIGH) $4,800 by end of June?",1,0.04,1.0,0.48500001430511475,0.5649999976158142,0.47999998927116394,0.5099999904632568,False,False,1779054900.0,7.999998331069946,-5.500000715255737,-8.500000834465027,IS,4.000000123466764,14
2026-05-26,2251146,125865,gold,"↑ $4,800","Will Gold (GC) hit (HIGH) $4,800 by end of June?",1,0.04,1.0,0.625,0.45500001311302185,0.45500001311302185,0.3499999940395355,False,False,1779659700.0,-16.999998688697815,-10.500001907348633,0.0,IS,-14.083333189288775,12
2026-06-01,2251146,125865,gold,"↑ $4,800","Will Gold (GC) hit (HIGH) $4,800 by end of June?",1,0.04,1.0,0.3700000047683716,0.2800000011920929,0.2800000011920929,0.2549999952316284,False,False,1780264500.0,-9.000000357627869,-2.5000005960464478,0.0,IS,8.95833297011753,12
2025-12-29,1032267,125865,gold,"↑ $8,000","Will Gold (GC) hit (HIGH) $8,000 by end of June?",1,0.04,1.0,0.5,0.4950000047683716,0.4950000047683716,0.10999999940395355,False,False,1766962500.0,-0.4999995231628418,-38.5000005364418,0.0,IS,0.3999999165534973,5
2026-02-09,1032267,125865,gold,"↑ $8,000","Will Gold (GC) hit (HIGH) $8,000 by end of June?",1,0.04,1.0,0.11550000309944153,0.11649999767541885,0.11649999767541885,0.11249999701976776,False,False,1770591300.0,0.09999945759773254,-0.40000006556510925,0.0,IS,0.5833332737286886,6
2025-12-29,1032268,125865,gold,"↑ $7,000","Will Gold (GC) hit (HIGH) $7,000 by end of June?",1,0.04,1.0,0.5,0.4950000047683716,0.4950000047683716,0.1899999976158142,False,False,1766962500.0,-0.4999995231628418,-30.500000715255737,0.0,IS,0.3999999165534973,5
2026-01-05,1032268,125865,gold,"↑ $7,000","Will Gold (GC) hit (HIGH) $7,000 by end of June?",1,0.04,1.0,0.1550000011920929,0.07000000029802322,0.07000000029802322,0.07000000029802322,False,False,1767567300.0,-8.500000089406967,0.0,0.0,IS,9.700000286102295,5
2026-01-12,1032268,125865,gold,"↑ $7,000","Will Gold (GC) hit (HIGH) $7,000 by end of June?",1,0.04,1.0,0.15000000596046448,0.11999999731779099,0.11999999731779099,0.07999999821186066,False,False,1768172100.0,-3.0000008642673492,-3.999999910593033,0.0,IS,5.800000429153442,5
2026-02-02,1032268,125865,gold,"↑ $7,000","Will Gold (GC) hit (HIGH) $7,000 by end of June?",1,0.04,1.0,0.1445000022649765,0.15800000727176666,0.16599999368190765,0.18449999392032623,False,False,1769986500.0,1.3500005006790161,2.649998664855957,0.7999986410140991,IS,-10.214285552501678,7
2026-02-09,1032268,125865,gold,"↑ $7,000","Will Gold (GC) hit (HIGH) $7,000 by end of June?",1,0.04,1.0,0.18649999797344208,0.18950000405311584,0.18950000405311584,0.1889999955892563,False,False,1770591300.0,0.3000006079673767,-0.05000084638595581,0.0,IS,0.5833332737286886,6
2026-02-17,1032268,125865,gold,"↑ $7,000","Will Gold (GC) hit (HIGH) $7,000 by end of June?",1,0.04,1.0,0.17149999737739563,0.17100000381469727,0.17149999737739563,0.14499999582767487,False,False,1771196100.0,-0.049999356269836426,-2.60000079870224,0.049999356269836426,IS,0.6428572748388562,7
2026-02-23,1032268,125865,gold,"↑ $7,000","Will Gold (GC) hit (HIGH) $7,000 by end of June?",1,0.04,1.0,0.12399999797344208,0.13600000739097595,0.13699999451637268,0.13650000095367432,False,False,1771800900.0,1.2000009417533875,0.049999356269836426,0.09999871253967285,IS,-2.071428511823927,7
2026-03-02,1032268,125865,gold,"↑ $7,000","Will Gold (GC) hit (HIGH) $7,000 by end of June?",1,0.04,1.0,0.12950000166893005,0.17649999260902405,0.1770000010728836,0.15800000727176666,False,False,1772405700.0,4.699999094009399,-1.8499985337257385,0.05000084638595581,IS,-6.25,4
2025-12-29,1032269,125865,gold,"↑ $6,500","Will Gold (GC) hit (HIGH) $6,500 by end of June?",1,0.04,1.0,0.5,0.5,0.5,0.13500000536441803,False,False,1766962500.0,0.0,-36.4999994635582,0.0,IS,0.3999999165534973,5
2026-01-05,1032269,125865,gold,"↑ $6,500","Will Gold (GC) hit (HIGH) $6,500 by end of June?",1,0.04,1.0,0.125,0.10499999672174454,0.12999999523162842,0.10999999940395355,False,False,1767567300.0,-2.0000003278255463,0.5000002682209015,2.499999850988388,IS,9.700000286102295,5
2026-01-12,1032269,125865,gold,"↑ $6,500","Will Gold (GC) hit (HIGH) $6,500 by end of June?",1,0.04,1.0,0.14000000059604645,0.14000000059604645,0.14000000059604645,0.11999999731779099,False,False,1768172100.0,0.0,-2.0000003278255463,0.0,IS,5.800000429153442,5
2026-01-20,1032269,125865,gold,"↑ $6,500","Will Gold (GC) hit (HIGH) $6,500 by end of June?",1,0.04,1.0,0.22499999403953552,0.16500000655651093,0.16500000655651093,0.16500000655651093,False,False,1768776900.0,-5.99999874830246,0.0,0.0,IS,2.4999991059303284,7
2026-01-26,1032269,125865,gold,"↑ $6,500","Will Gold (GC) hit (HIGH) $6,500 by end of June?",1,0.04,1.0,0.4300000071525574,0.22499999403953552,0.22499999403953552,0.27000001072883606,False,False,1769381700.0,-20.500001311302185,4.500001668930054,0.0,IS,-1.0555570324261982,9
2026-02-02,1032269,125865,gold,"↑ $6,500","Will Gold (GC) hit (HIGH) $6,500 by end of June?",1,0.04,1.0,0.2150000035762787,0.2750000059604645,0.26499998569488525,0.25999999046325684,False,False,1769986500.0,6.000000238418579,-1.5000015497207642,-1.0000020265579224,IS,-10.214285552501678,7
2026-02-09,1032269,125865,gold,"↑ $6,500","Will Gold (GC) hit (HIGH) $6,500 by end of June?",1,0.04,1.0,0.23999999463558197,0.2750000059604645,0.2750000059604645,0.26499998569488525,False,False,1770591300.0,3.5000011324882507,-1.0000020265579224,0.0,IS,0.5833332737286886,6
2026-02-17,1032269,125865,gold,"↑ $6,500","Will Gold (GC) hit (HIGH) $6,500 by end of June?",1,0.04,1.0,0.2150000035762787,0.2199999988079071,0.2199999988079071,0.2199999988079071,False,False,1771196100.0,0.4999995231628418,0.0,0.0,IS,0.6428572748388562,7
2026-02-23,1032269,125865,gold,"↑ $6,500","Will Gold (GC) hit (HIGH) $6,500 by end of June?",1,0.04,1.0,0.19499999284744263,0.22499999403953552,0.23000000417232513,0.20999999344348907,False,False,1771800900.0,3.0000001192092896,-1.5000000596046448,0.5000010132789612,IS,-2.071428511823927,7
2026-03-02,1032269,125865,gold,"↑ $6,500","Will Gold (GC) hit (HIGH) $6,500 by end of June?",1,0.04,1.0,0.20499999821186066,0.29499998688697815,0.2849999964237213,0.2800000011920929,False,False,1772405700.0,8.99999886751175,-1.4999985694885254,-0.9999990463256836,IS,-6.25,4
2026-03-09,1032269,125865,gold,"↑ $6,500","Will Gold (GC) hit (HIGH) $6,500 by end of June?",1,0.04,1.0,0.20000000298023224,0.22499999403953552,0.23499999940395355,0.23499999940395355,False,False,1773006900.0,2.4999991059303284,1.000000536441803,1.000000536441803,IS,-0.6666660308837891,6
2025-12-29,1032270,125865,gold,"↑ $6,200","Will Gold (GC) hit (HIGH) $6,200 by end of June?",1,0.04,1.0,0.5,0.4950000047683716,0.4950000047683716,0.28999999165534973,False,False,1766962500.0,-0.4999995231628418,-20.500001311302185,0.0,IS,0.3999999165534973,5
2026-01-05,1032270,125865,gold,"↑ $6,200","Will Gold (GC) hit (HIGH) $6,200 by end of June?",1,0.04,1.0,0.19499999284744263,0.20000000298023224,0.1850000023841858,0.17499999701976776,False,False,1767567300.0,0.5000010132789612,-2.5000005960464478,-1.5000000596046448,IS,9.700000286102295,5
2026-01-12,1032270,125865,gold,"↑ $6,200","Will Gold (GC) hit (HIGH) $6,200 by end of June?",1,0.04,1.0,0.17000000178813934,0.23999999463558197,0.23999999463558197,0.1850000023841858,False,False,1768172100.0,6.999999284744263,-5.499999225139618,0.0,IS,5.800000429153442,5
2026-01-20,1032270,125865,gold,"↑ $6,200","Will Gold (GC) hit (HIGH) $6,200 by end of June?",1,0.04,1.0,0.2750000059604645,0.27000001072883606,0.27000001072883606,0.2549999952316284,False,False,1768776900.0,-0.4999995231628418,-1.5000015497207642,0.0,IS,2.4999991059303284,7
2026-01-26,1032270,125865,gold,"↑ $6,200","Will Gold (GC) hit (HIGH) $6,200 by end of June?",1,0.04,1.0,0.2800000011920929,0.375,0.375,0.3799999952316284,False,False,1769381700.0,9.49999988079071,0.4999995231628418,0.0,IS,-1.0555570324261982,9
2026-02-02,1032270,125865,gold,"↑ $6,200","Will Gold (GC) hit (HIGH) $6,200 by end of June?",1,0.04,1.0,0.36500000953674316,0.3799999952316284,0.3700000047683716,0.3400000035762787,False,False,1769986500.0,1.4999985694885254,-3.999999165534973,-0.9999990463256836,IS,-10.214285552501678,7
2026-02-09,1032270,125865,gold,"↑ $6,200","Will Gold (GC) hit (HIGH) $6,200 by end of June?",1,0.04,1.0,0.36500000953674316,0.375,0.375,0.375,False,False,1770591300.0,0.9999990463256836,0.0,0.0,IS,0.5833332737286886,6
2026-02-17,1032270,125865,gold,"↑ $6,200","Will Gold (GC) hit (HIGH) $6,200 by end of June?",1,0.04,1.0,0.33500000834465027,0.3149999976158142,0.3149999976158142,0.32499998807907104,False,False,1771196100.0,-2.000001072883606,0.9999990463256836,0.0,IS,0.6428572748388562,7
2026-02-23,1032270,125865,gold,"↑ $6,200","Will Gold (GC) hit (HIGH) $6,200 by end of June?",1,0.04,1.0,0.2549999952316284,0.25999999046325684,0.2549999952316284,0.25,False,False,1771800900.0,0.4999995231628418,-0.9999990463256836,-0.4999995231628418,IS,-2.071428511823927,7
2026-03-02,1032270,125865,gold,"↑ $6,200","Will Gold (GC) hit (HIGH) $6,200 by end of June?",1,0.04,1.0,0.28999999165534973,0.4350000023841858,0.42500001192092896,0.4099999964237213,False,False,1772405700.0,14.500001072883606,-2.5000005960464478,-0.9999990463256836,IS,-6.25,4
2026-03-09,1032270,125865,gold,"↑ $6,200","Will Gold (GC) hit (HIGH) $6,200 by end of June?",1,0.04,1.0,0.3400000035762787,0.33500000834465027,0.33500000834465027,0.2750000059604645,False,False,1773006900.0,-0.4999995231628418,-6.000000238418579,0.0,IS,-0.6666660308837891,6
2026-03-16,1032270,125865,gold,"↑ $6,200","Will Gold (GC) hit (HIGH) $6,200 by end of June?",1,0.04,1.0,0.2150000035762787,0.11500000208616257,0.1550000011920929,0.16500000655651093,False,False,1773611700.0,-10.000000149011612,5.000000447034836,3.999999910593033,IS,1.9999995827674866,8
2025-12-29,1032271,125865,gold,"↑ $6,000","Will Gold (GC) hit (HIGH) $6,000 by end of June?",1,0.04,1.0,0.5199999809265137,0.5049999952316284,0.5049999952316284,0.32499998807907104,False,False,1766962500.0,-1.4999985694885254,-18.000000715255737,0.0,IS,0.3999999165534973,5
2026-01-05,1032271,125865,gold,"↑ $6,000","Will Gold (GC) hit (HIGH) $6,000 by end of June?",1,0.04,1.0,0.2800000011920929,0.2150000035762787,0.20999999344348907,0.20499999821186066,False,False,1767567300.0,-6.499999761581421,-1.000000536441803,-0.5000010132789612,IS,9.700000286102295,5
2026-01-12,1032271,125865,gold,"↑ $6,000","Will Gold (GC) hit (HIGH) $6,000 by end of June?",1,0.04,1.0,0.25,0.25,0.25,0.2199999988079071,False,False,1768172100.0,0.0,-3.0000001192092896,0.0,IS,5.800000429153442,5
2026-01-20,1032271,125865,gold,"↑ $6,000","Will Gold (GC) hit (HIGH) $6,000 by end of June?",1,0.04,1.0,0.25,0.25,0.25,0.25999999046325684,False,False,1768776900.0,0.0,0.9999990463256836,0.0,IS,2.4999991059303284,7
2026-01-26,1032271,125865,gold,"↑ $6,000","Will Gold (GC) hit (HIGH) $6,000 by end of June?",1,0.04,1.0,0.6650000214576721,0.4749999940395355,0.4749999940395355,0.47999998927116394,False,False,1769381700.0,-19.00000274181366,0.4999995231628418,0.0,IS,-1.0555570324261982,9
2026-02-02,1032271,125865,gold,"↑ $6,000","Will Gold (GC) hit (HIGH) $6,000 by end of June?",1,0.04,1.0,0.45500001311302185,0.375,0.3799999952316284,0.4000000059604645,False,False,1769986500.0,-8.000001311302185,2.5000005960464478,0.4999995231628418,IS,-10.214285552501678,7
2026-02-09,1032271,125865,gold,"↑ $6,000","Will Gold (GC) hit (HIGH) $6,000 by end of June?",1,0.04,1.0,0.44999998807907104,0.4449999928474426,0.4449999928474426,0.44999998807907104,False,False,1770591300.0,-0.4999995231628418,0.4999995231628418,0.0,IS,0.5833332737286886,6
2026-02-17,1032271,125865,gold,"↑ $6,000","Will Gold (GC) hit (HIGH) $6,000 by end of June?",1,0.04,1.0,0.33500000834465027,0.375,0.36500000953674316,0.3700000047683716,False,False,1771196100.0,3.999999165534973,-0.4999995231628418,-0.9999990463256836,IS,0.6428572748388562,7
2026-02-23,1032271,125865,gold,"↑ $6,000","Will Gold (GC) hit (HIGH) $6,000 by end of June?",1,0.04,1.0,0.3799999952316284,0.38999998569488525,0.38999998569488525,0.3700000047683716,False,False,1771800900.0,0.9999990463256836,-1.9999980926513672,0.0,IS,-2.071428511823927,7
2026-03-02,1032271,125865,gold,"↑ $6,000","Will Gold (GC) hit (HIGH) $6,000 by end of June?",1,0.04,1.0,0.4099999964237213,0.5350000262260437,0.5350000262260437,0.5550000071525574,False,False,1772405700.0,12.500002980232239,1.9999980926513672,0.0,IS,-6.25,4
2026-03-09,1032271,125865,gold,"↑ $6,000","Will Gold (GC) hit (HIGH) $6,000 by end of June?",1,0.04,1.0,0.44999998807907104,0.4749999940395355,0.4749999940395355,0.4350000023841858,False,False,1773006900.0,2.5000005960464478,-3.999999165534973,0.0,IS,-0.6666660308837891,6
2026-03-16,1032271,125865,gold,"↑ $6,000","Will Gold (GC) hit (HIGH) $6,000 by end of June?",1,0.04,1.0,0.29499998688697815,0.1850000023841858,0.20499999821186066,0.22499999403953552,False,False,1773611700.0,-10.999998450279236,3.999999165534973,1.9999995827674866,IS,1.9999995827674866,8
2026-03-23,1032271,125865,gold,"↑ $6,000","Will Gold (GC) hit (HIGH) $6,000 by end of June?",1,0.04,1.0,0.11999999731779099,0.125,0.11999999731779099,0.11500000208616257,False,False,1774216500.0,0.5000002682209015,-0.9999997913837433,-0.5000002682209015,IS,-0.33333334657881,9
2026-03-30,1032271,125865,gold,"↑ $6,000","Will Gold (GC) hit (HIGH) $6,000 by end of June?",1,0.04,1.0,0.125,0.125,0.125,0.125,False,False,1774821300.0,0.0,0.0,0.0,IS,3.09090871702541,11
2026-04-06,1032271,125865,gold,"↑ $6,000","Will Gold (GC) hit (HIGH) $6,000 by end of June?",1,0.04,1.0,0.10999999940395355,0.08500000089406967,0.08500000089406967,0.07999999821186066,False,False,1775426100.0,-2.499999850988388,-0.5000002682209015,0.0,IS,2.8999996930360794,10
2025-12-29,1032272,125865,gold,"↑ $5,500","Will Gold (GC) hit (HIGH) $5,500 by end of June?",1,0.04,1.0,0.5,0.5,0.5,0.41999998688697815,False,False,1766962500.0,0.0,-8.000001311302185,0.0,IS,0.3999999165534973,5
2026-01-05,1032272,125865,gold,"↑ $5,500","Will Gold (GC) hit (HIGH) $5,500 by end of June?",1,0.04,1.0,0.2800000011920929,0.26499998569488525,0.2849999964237213,0.27000001072883606,False,False,1767567300.0,-1.5000015497207642,0.5000025033950806,2.000001072883606,IS,9.700000286102295,5
2026-01-12,1032272,125865,gold,"↑ $5,500","Will Gold (GC) hit (HIGH) $5,500 by end of June?",1,0.04,1.0,0.32499998807907104,0.32499998807907104,0.32499998807907104,0.32499998807907104,False,False,1768172100.0,0.0,0.0,0.0,IS,5.800000429153442,5
2026-01-20,1032272,125865,gold,"↑ $5,500","Will Gold (GC) hit (HIGH) $5,500 by end of June?",1,0.04,1.0,0.574999988079071,0.2750000059604645,0.2750000059604645,0.3400000035762787,False,False,1768776900.0,-29.999998211860657,6.499999761581421,0.0,IS,2.4999991059303284,7
2026-01-26,1032272,125865,gold,"↑ $5,500","Will Gold (GC) hit (HIGH) $5,500 by end of June?",1,0.04,1.0,0.824999988079071,0.7350000143051147,0.75,0.8050000071525574,False,False,1769381700.0,-8.99999737739563,6.999999284744263,1.4999985694885254,IS,-1.0555570324261982,9
2026-02-02,1032272,125865,gold,"↑ $5,500","Will Gold (GC) hit (HIGH) $5,500 by end of June?",1,0.04,1.0,0.7985000014305115,0.7329999804496765,0.7329999804496765,0.7039999961853027,False,False,1769986500.0,-6.550002098083496,-2.899998426437378,0.0,IS,-10.214285552501678,7
2026-02-09,1032272,125865,gold,"↑ $5,500","Will Gold (GC) hit (HIGH) $5,500 by end of June?",1,0.04,1.0,0.734499990940094,0.7754999995231628,0.7754999995231628,0.7799999713897705,False,False,1770591300.0,4.100000858306885,0.4499971866607666,0.0,IS,0.5833332737286886,6
2026-02-17,1032272,125865,gold,"↑ $5,500","Will Gold (GC) hit (HIGH) $5,500 by end of June?",1,0.04,1.0,0.7300000190734863,0.715499997138977,0.715499997138977,0.7210000157356262,False,False,1771196100.0,-1.4500021934509277,0.550001859664917,0.0,IS,0.6428572748388562,7
2026-02-23,1032272,125865,gold,"↑ $5,500","Will Gold (GC) hit (HIGH) $5,500 by end of June?",1,0.04,1.0,0.8144999742507935,0.8025000095367432,0.8034999966621399,0.7634999752044678,False,False,1771800900.0,-1.1999964714050293,-3.900003433227539,0.09999871253967285,IS,-2.071428511823927,7
2026-03-02,1032272,125865,gold,"↑ $5,500","Will Gold (GC) hit (HIGH) $5,500 by end of June?",1,0.04,1.0,0.7475000023841858,0.9254999756813049,0.9204999804496765,0.8355000019073486,False,False,1772405700.0,17.799997329711914,-8.99999737739563,-0.4999995231628418,IS,-6.25,4
2026-03-09,1032272,125865,gold,"↑ $5,500","Will Gold (GC) hit (HIGH) $5,500 by end of June?",1,0.04,1.0,0.7369999885559082,0.7429999709129333,0.7425000071525574,0.718500018119812,False,False,1773006900.0,0.5999982357025146,-2.449995279312134,-0.049996376037597656,IS,-0.6666660308837891,6
2026-03-16,1032272,125865,gold,"↑ $5,500","Will Gold (GC) hit (HIGH) $5,500 by end of June?",1,0.04,1.0,0.6320000290870667,0.590499997138977,0.593999981880188,0.5684999823570251,False,False,1773611700.0,-4.15000319480896,-2.2000014781951904,0.34999847412109375,IS,1.9999995827674866,8
2026-03-23,1032272,125865,gold,"↑ $5,500","Will Gold (GC) hit (HIGH) $5,500 by end of June?",1,0.04,1.0,0.3199999928474426,0.18400000035762787,0.21449999511241913,0.20149999856948853,False,False,1774216500.0,-13.599999248981476,1.7499998211860657,3.049999475479126,IS,-0.33333334657881,9
2026-03-30,1032272,125865,gold,"↑ $5,500","Will Gold (GC) hit (HIGH) $5,500 by end of June?",1,0.04,1.0,0.29750001430511475,0.28049999475479126,0.2800000011920929,0.27149999141693115,False,False,1774821300.0,-1.7000019550323486,-0.9000003337860107,-0.049999356269836426,IS,3.09090871702541,11
2026-04-06,1032272,125865,gold,"↑ $5,500","Will Gold (GC) hit (HIGH) $5,500 by end of June?",1,0.04,1.0,0.2919999957084656,0.2639999985694885,0.24300000071525574,0.28700000047683716,False,False,1775426100.0,-2.799999713897705,2.3000001907348633,-2.099999785423279,IS,2.8999996930360794,10
2026-04-13,1032272,125865,gold,"↑ $5,500","Will Gold (GC) hit (HIGH) $5,500 by end of June?",1,0.04,1.0,0.2849999964237213,0.2840000092983246,0.27900001406669617,0.26499998569488525,False,False,1776030900.0,-0.09999871253967285,-1.900002360343933,-0.4999995231628418,IS,10.038461421544735,13
2026-04-20,1032272,125865,gold,"↑ $5,500","Will Gold (GC) hit (HIGH) $5,500 by end of June?",1,0.04,1.0,0.2639999985694885,0.23999999463558197,0.2395000010728836,0.25200000405311584,False,False,1776635700.0,-2.4000003933906555,1.2000009417533875,-0.049999356269836426,IS,10.908333646754423,12
2026-04-27,1032272,125865,gold,"↑ $5,500","Will Gold (GC) hit (HIGH) $5,500 by end of June?",1,0.04,1.0,0.17000000178813934,0.14350000023841858,0.14749999344348907,0.11349999904632568,False,False,1777240500.0,-2.6500001549720764,-3.0000001192092896,0.39999932050704956,IS,3.7499993418653808,12
2026-05-11,1032272,125865,gold,"↑ $5,500","Will Gold (GC) hit (HIGH) $5,500 by end of June?",1,0.04,1.0,0.10000000149011612,0.10949999839067459,0.10450000315904617,0.09449999779462814,False,False,1778450100.0,0.9499996900558472,-1.5000000596046448,-0.4999995231628418,IS,9.541666880249977,12
2025-12-29,1032278,125865,gold,"↓ $4,200","Will Gold (GC) hit (LOW) $4,200 by end of June?",-1,0.04,1.0,0.5,0.4950000047683716,0.4950000047683716,0.49000000953674316,False,False,1766962500.0,-0.4999995231628418,-0.4999995231628418,0.0,IS,0.3999999165534973,5
2026-01-05,1032278,125865,gold,"↓ $4,200","Will Gold (GC) hit (LOW) $4,200 by end of June?",-1,0.04,1.0,0.699999988079071,0.6899999976158142,0.6899999976158142,0.6899999976158142,False,False,1767567300.0,-0.9999990463256836,0.0,0.0,IS,9.700000286102295,5
2026-01-12,1032278,125865,gold,"↓ $4,200","Will Gold (GC) hit (LOW) $4,200 by end of June?",-1,0.04,1.0,0.5950000286102295,0.6800000071525574,0.675000011920929,0.6100000143051147,False,False,1768172100.0,8.499997854232788,-6.999999284744263,-0.4999995231628418,IS,5.800000429153442,5
2026-01-20,1032278,125865,gold,"↓ $4,200","Will Gold (GC) hit (LOW) $4,200 by end of June?",-1,0.04,1.0,0.49000000953674316,0.4300000071525574,0.3799999952316284,0.3400000035762787,False,False,1768776900.0,-6.000000238418579,-9.000000357627869,-5.0000011920928955,IS,2.4999991059303284,7
2026-01-26,1032278,125865,gold,"↓ $4,200","Will Gold (GC) hit (LOW) $4,200 by end of June?",-1,0.04,1.0,0.3449999988079071,0.2800000011920929,0.2800000011920929,0.2750000059604645,False,False,1769381700.0,-6.499999761581421,-0.4999995231628418,0.0,IS,-1.0555570324261982,9
2026-02-02,1032278,125865,gold,"↓ $4,200","Will Gold (GC) hit (LOW) $4,200 by end of June?",-1,0.04,1.0,0.4699999988079071,0.3700000047683716,0.36500000953674316,0.42500001192092896,False,False,1769986500.0,-9.999999403953552,5.500000715255737,-0.4999995231628418,IS,-10.214285552501678,7
2026-02-09,1032278,125865,gold,"↓ $4,200","Will Gold (GC) hit (LOW) $4,200 by end of June?",-1,0.04,1.0,0.2849999964237213,0.27000001072883606,0.27000001072883606,0.25999999046325684,False,False,1770591300.0,-1.4999985694885254,-1.0000020265579224,0.0,IS,0.5833332737286886,6
2026-02-17,1032278,125865,gold,"↓ $4,200","Will Gold (GC) hit (LOW) $4,200 by end of June?",-1,0.04,1.0,0.3199999928474426,0.32499998807907104,0.32499998807907104,0.3199999928474426,False,False,1771196100.0,0.4999995231628418,-0.4999995231628418,0.0,IS,0.6428572748388562,7
2026-02-23,1032278,125865,gold,"↓ $4,200","Will Gold (GC) hit (LOW) $4,200 by end of June?",-1,0.04,1.0,0.375,0.23999999463558197,0.24500000476837158,0.23000000417232513,False,False,1771800900.0,-13.500000536441803,-0.9999990463256836,0.5000010132789612,IS,-2.071428511823927,7
2026-03-02,1032278,125865,gold,"↓ $4,200","Will Gold (GC) hit (LOW) $4,200 by end of June?",-1,0.04,1.0,0.20999999344348907,0.11500000208616257,0.125,0.1550000011920929,False,False,1772405700.0,-9.49999913573265,3.999999910593033,0.9999997913837433,IS,-6.25,4
2026-03-09,1032278,125865,gold,"↓ $4,200","Will Gold (GC) hit (LOW) $4,200 by end of June?",-1,0.04,1.0,0.2150000035762787,0.2150000035762787,0.2199999988079071,0.23499999940395355,False,False,1773006900.0,0.0,1.9999995827674866,0.4999995231628418,IS,-0.6666660308837891,6
2026-03-16,1032278,125865,gold,"↓ $4,200","Will Gold (GC) hit (LOW) $4,200 by end of June?",-1,0.04,1.0,0.18000000715255737,0.2199999988079071,0.2199999988079071,0.2150000035762787,False,False,1773611700.0,3.999999165534973,-0.4999995231628418,0.0,IS,1.9999995827674866,8
2026-03-23,1032278,125865,gold,"↓ $4,200","Will Gold (GC) hit (LOW) $4,200 by end of June?",-1,0.04,1.0,0.5450000166893005,0.5799999833106995,0.5350000262260437,0.6299999952316284,False,False,1774216500.0,3.4999966621398926,5.0000011920928955,-4.499995708465576,IS,-0.33333334657881,9
2026-03-30,1032278,125865,gold,"↓ $4,200","Will Gold (GC) hit (LOW) $4,200 by end of June?",-1,0.04,1.0,0.6850000023841858,0.6800000071525574,0.675000011920929,0.6449999809265137,False,False,1774821300.0,-0.4999995231628418,-3.50000262260437,-0.4999995231628418,IS,3.09090871702541,11
2026-04-06,1032278,125865,gold,"↓ $4,200","Will Gold (GC) hit (LOW) $4,200 by end of June?",-1,0.04,1.0,0.39500001072883606,0.4099999964237213,0.4099999964237213,0.4399999976158142,False,False,1775426100.0,1.4999985694885254,3.0000001192092896,0.0,IS,2.8999996930360794,10
2026-04-13,1032278,125865,gold,"↓ $4,200","Will Gold (GC) hit (LOW) $4,200 by end of June?",-1,0.04,1.0,0.39500001072883606,0.3449999988079071,0.36000001430511475,0.3400000035762787,False,False,1776030900.0,-5.0000011920928955,-0.4999995231628418,1.5000015497207642,IS,10.038461421544735,13
2026-04-20,1032278,125865,gold,"↓ $4,200","Will Gold (GC) hit (LOW) $4,200 by end of June?",-1,0.04,1.0,0.17499999701976776,0.20499999821186066,0.20499999821186066,0.20499999821186066,False,False,1776635700.0,3.0000001192092896,0.0,0.0,IS,10.908333646754423,12
2026-04-27,1032278,125865,gold,"↓ $4,200","Will Gold (GC) hit (LOW) $4,200 by end of June?",-1,0.04,1.0,0.2549999952316284,0.27000001072883606,0.27000001072883606,0.2549999952316284,False,False,1777240500.0,1.5000015497207642,-1.5000015497207642,0.0,IS,3.7499993418653808,12
2026-05-04,1032278,125865,gold,"↓ $4,200","Will Gold (GC) hit (LOW) $4,200 by end of June?",-1,0.04,1.0,0.27000001072883606,0.23999999463558197,0.25,0.27000001072883606,False,False,1777845300.0,-3.000001609325409,3.000001609325409,1.000000536441803,IS,0.24999994784593582,12
2026-05-11,1032278,125865,gold,"↓ $4,200","Will Gold (GC) hit (LOW) $4,200 by end of June?",-1,0.04,1.0,0.17000000178813934,0.15000000596046448,0.1550000011920929,0.17499999701976776,False,False,1778450100.0,-1.9999995827674866,2.4999991059303284,0.4999995231628418,IS,9.541666880249977,12
2026-05-18,1032278,125865,gold,"↓ $4,200","Will Gold (GC) hit (LOW) $4,200 by end of June?",-1,0.04,1.0,0.25999999046325684,0.27000001072883606,0.27000001072883606,0.24500000476837158,False,False,1779054900.0,1.0000020265579224,-2.5000005960464478,0.0,IS,4.000000123466764,14
2026-05-26,1032278,125865,gold,"↓ $4,200","Will Gold (GC) hit (LOW) $4,200 by end of June?",-1,0.04,1.0,0.23499999940395355,0.2199999988079071,0.1850000023841858,0.18000000715255737,False,False,1779659700.0,-1.5000000596046448,-3.999999165534973,-3.4999996423721313,IS,-14.083333189288775,12
2026-06-01,1032278,125865,gold,"↓ $4,200","Will Gold (GC) hit (LOW) $4,200 by end of June?",-1,0.04,1.0,0.15000000596046448,0.1550000011920929,0.1599999964237213,0.1850000023841858,False,False,1780264500.0,0.4999995231628418,3.0000001192092896,0.4999995231628418,IS,8.95833297011753,12
2026-06-08,1032278,125865,gold,"↓ $4,200","Will Gold (GC) hit (LOW) $4,200 by end of June?",-1,0.04,1.0,0.42500001192092896,0.4350000023841858,0.42500001192092896,0.41999998688697815,False,False,1780869300.0,0.9999990463256836,-1.5000015497207642,-0.9999990463256836,IS,4.937499575316906,8
2025-12-29,1032279,125865,gold,"↓ $3,800","Will Gold (GC) hit (LOW) $3,800 by end of June?",-1,0.04,1.0,0.5,0.5,0.5,0.5099999904632568,False,False,1766962500.0,0.0,0.9999990463256836,0.0,IS,0.3999999165534973,5
2026-01-05,1032279,125865,gold,"↓ $3,800","Will Gold (GC) hit (LOW) $3,800 by end of June?",-1,0.04,1.0,0.29499998688697815,0.2150000035762787,0.2150000035762787,0.2150000035762787,False,False,1767567300.0,-7.999998331069946,0.0,0.0,IS,9.700000286102295,5
2026-01-12,1032279,125865,gold,"↓ $3,800","Will Gold (GC) hit (LOW) $3,800 by end of June?",-1,0.04,1.0,0.2750000059604645,0.2750000059604645,0.2750000059604645,0.2750000059604645,False,False,1768172100.0,0.0,0.0,0.0,IS,5.800000429153442,5
2026-01-20,1032279,125865,gold,"↓ $3,800","Will Gold (GC) hit (LOW) $3,800 by end of June?",-1,0.04,1.0,0.2549999952316284,0.3199999928474426,0.3199999928474426,0.32499998807907104,False,False,1768776900.0,6.499999761581421,0.4999995231628418,0.0,IS,2.4999991059303284,7
2026-01-26,1032279,125865,gold,"↓ $3,800","Will Gold (GC) hit (LOW) $3,800 by end of June?",-1,0.04,1.0,0.1599999964237213,0.125,0.125,0.11999999731779099,False,False,1769381700.0,-3.4999996423721313,-0.5000002682209015,0.0,IS,-1.0555570324261982,9
2026-02-02,1032279,125865,gold,"↓ $3,800","Will Gold (GC) hit (LOW) $3,800 by end of June?",-1,0.04,1.0,0.2150000035762787,0.25,0.23999999463558197,0.33500000834465027,False,False,1769986500.0,3.4999996423721313,8.500000834465027,-1.000000536441803,IS,-10.214285552501678,7
2026-02-09,1032279,125865,gold,"↓ $3,800","Will Gold (GC) hit (LOW) $3,800 by end of June?",-1,0.04,1.0,0.11999999731779099,0.10999999940395355,0.10999999940395355,0.10999999940395355,False,False,1770591300.0,-0.9999997913837433,0.0,0.0,IS,0.5833332737286886,6
2026-02-17,1032279,125865,gold,"↓ $3,800","Will Gold (GC) hit (LOW) $3,800 by end of June?",-1,0.04,1.0,0.1899999976158142,0.16500000655651093,0.16500000655651093,0.14000000059604645,False,False,1771196100.0,-2.4999991059303284,-2.5000005960464478,0.0,IS,0.6428572748388562,7
2026-02-23,1032279,125865,gold,"↓ $3,800","Will Gold (GC) hit (LOW) $3,800 by end of June?",-1,0.04,1.0,0.18000000715255737,0.1550000011920929,0.1550000011920929,0.14499999582767487,False,False,1771800900.0,-2.5000005960464478,-1.000000536441803,0.0,IS,-2.071428511823927,7
2026-03-23,1032279,125865,gold,"↓ $3,800","Will Gold (GC) hit (LOW) $3,800 by end of June?",-1,0.04,1.0,0.15449999272823334,0.15700000524520874,0.15649999678134918,0.2809999883174896,False,False,1774216500.0,0.2500012516975403,12.399998307228088,-0.05000084638595581,IS,-0.33333334657881,9
2026-03-30,1032279,125865,gold,"↓ $3,800","Will Gold (GC) hit (LOW) $3,800 by end of June?",-1,0.04,1.0,0.21299999952316284,0.23399999737739563,0.23399999737739563,0.27649998664855957,False,False,1774821300.0,2.099999785423279,4.249998927116394,0.0,IS,3.09090871702541,11
2026-04-06,1032279,125865,gold,"↓ $3,800","Will Gold (GC) hit (LOW) $3,800 by end of June?",-1,0.04,1.0,0.13449999690055847,0.15649999678134918,0.16050000488758087,0.15549999475479126,False,False,1775426100.0,2.199999988079071,-0.10000020265579224,0.40000081062316895,IS,2.8999996930360794,10
2026-04-13,1032279,125865,gold,"↓ $3,800","Will Gold (GC) hit (LOW) $3,800 by end of June?",-1,0.04,1.0,0.16200000047683716,0.13600000739097595,0.13699999451637268,0.13500000536441803,False,False,1776030900.0,-2.5999993085861206,-0.10000020265579224,0.09999871253967285,IS,10.038461421544735,13
2025-12-29,1032280,125865,gold,"↓ $3,400","Will Gold (GC) hit (LOW) $3,400 by end of June?",-1,0.04,1.0,0.5,0.4950000047683716,0.4950000047683716,0.5,False,False,1766962500.0,-0.4999995231628418,0.4999995231628418,0.0,IS,0.3999999165534973,5
2026-01-05,1032280,125865,gold,"↓ $3,400","Will Gold (GC) hit (LOW) $3,400 by end of June?",-1,0.04,1.0,0.5249999761581421,0.11999999731779099,0.11999999731779099,0.08500000089406967,False,False,1767567300.0,-40.49999788403511,-3.4999996423721313,0.0,IS,9.700000286102295,5
2026-01-20,1032280,125865,gold,"↓ $3,400","Will Gold (GC) hit (LOW) $3,400 by end of June?",-1,0.04,1.0,0.10499999672174454,0.10499999672174454,0.10499999672174454,0.08500000089406967,False,False,1768776900.0,0.0,-1.9999995827674866,0.0,IS,2.4999991059303284,7
2026-02-02,1272712,125865,gold,"↑ $5,700","Will Gold (GC) hit (HIGH) $5,700 by end of June?",1,0.04,1.0,0.574999988079071,0.5350000262260437,0.5350000262260437,0.49000000953674316,False,False,1769986500.0,-3.9999961853027344,-4.500001668930054,0.0,IS,-10.214285552501678,7
2026-02-09,1272712,125865,gold,"↑ $5,700","Will Gold (GC) hit (HIGH) $5,700 by end of June?",1,0.04,1.0,0.6200000047683716,0.6299999952316284,0.6299999952316284,0.6050000190734863,False,False,1770591300.0,0.9999990463256836,-2.499997615814209,0.0,IS,0.5833332737286886,6
2026-02-17,1272712,125865,gold,"↑ $5,700","Will Gold (GC) hit (HIGH) $5,700 by end of June?",1,0.04,1.0,0.6000000238418579,0.5899999737739563,0.5899999737739563,0.5149999856948853,False,False,1771196100.0,-1.0000050067901611,-7.4999988079071045,0.0,IS,0.6428572748388562,7
2026-02-23,1272712,125865,gold,"↑ $5,700","Will Gold (GC) hit (HIGH) $5,700 by end of June?",1,0.04,1.0,0.5199999809265137,0.5199999809265137,0.5149999856948853,0.5600000023841858,False,False,1771800900.0,0.0,4.000002145767212,-0.4999995231628418,IS,-2.071428511823927,7
2026-03-02,1272712,125865,gold,"↑ $5,700","Will Gold (GC) hit (HIGH) $5,700 by end of June?",1,0.04,1.0,0.5649999976158142,0.8349999785423279,0.8399999737739563,0.675000011920929,False,False,1772405700.0,26.999998092651367,-15.999996662139893,0.4999995231628418,IS,-6.25,4
2026-03-09,1272712,125865,gold,"↑ $5,700","Will Gold (GC) hit (HIGH) $5,700 by end of June?",1,0.04,1.0,0.5550000071525574,0.5600000023841858,0.5600000023841858,0.5249999761581421,False,False,1773006900.0,0.4999995231628418,-3.50000262260437,0.0,IS,-0.6666660308837891,6
2026-03-16,1272712,125865,gold,"↑ $5,700","Will Gold (GC) hit (HIGH) $5,700 by end of June?",1,0.04,1.0,0.46000000834465027,0.42500001192092896,0.41999998688697815,0.41499999165534973,False,False,1773611700.0,-3.4999996423721313,-1.0000020265579224,-0.5000025033950806,IS,1.9999995827674866,8
2026-03-23,1272712,125865,gold,"↑ $5,700","Will Gold (GC) hit (HIGH) $5,700 by end of June?",1,0.04,1.0,0.23999999463558197,0.1550000011920929,0.16500000655651093,0.1550000011920929,False,False,1774216500.0,-8.499999344348907,0.0,1.000000536441803,IS,-0.33333334657881,9
2026-03-30,1272712,125865,gold,"↑ $5,700","Will Gold (GC) hit (HIGH) $5,700 by end of June?",1,0.04,1.0,0.20999999344348907,0.2150000035762787,0.20999999344348907,0.20999999344348907,False,False,1774821300.0,0.5000010132789612,-0.5000010132789612,-0.5000010132789612,IS,3.09090871702541,11
2026-04-06,1272712,125865,gold,"↑ $5,700","Will Gold (GC) hit (HIGH) $5,700 by end of June?",1,0.04,1.0,0.20499999821186066,0.1850000023841858,0.18000000715255737,0.1550000011920929,False,False,1775426100.0,-1.9999995827674866,-3.0000001192092896,-0.4999995231628418,IS,2.8999996930360794,10
2026-04-13,1272712,125865,gold,"↑ $5,700","Will Gold (GC) hit (HIGH) $5,700 by end of June?",1,0.04,1.0,0.18000000715255737,0.20000000298023224,0.20000000298023224,0.17499999701976776,False,False,1776030900.0,1.9999995827674866,-2.5000005960464478,0.0,IS,10.038461421544735,13
2026-04-20,1272712,125865,gold,"↑ $5,700","Will Gold (GC) hit (HIGH) $5,700 by end of June?",1,0.04,1.0,0.1550000011920929,0.16500000655651093,0.16500000655651093,0.14499999582767487,False,False,1776635700.0,1.000000536441803,-2.000001072883606,0.0,IS,10.908333646754423,12
2026-04-27,1272712,125865,gold,"↑ $5,700","Will Gold (GC) hit (HIGH) $5,700 by end of June?",1,0.04,1.0,0.10999999940395355,0.10499999672174454,0.10499999672174454,0.0949999988079071,False,False,1777240500.0,-0.5000002682209015,-0.9999997913837433,0.0,IS,3.7499993418653808,12
2026-05-18,2236171,125871,silver,↑ $85,Will Silver (SI) hit (HIGH) $85 by end of June?,1,0.04,1.0,0.7649999856948853,0.875,0.875,0.6399999856948853,False,False,1779054900.0,11.000001430511475,-23.500001430511475,0.0,IS,4.000000123466764,14
2026-05-26,2236171,125871,silver,↑ $85,Will Silver (SI) hit (HIGH) $85 by end of June?,1,0.04,1.0,0.4350000023841858,0.5249999761581421,0.5249999761581421,0.5600000023841858,False,False,1779659700.0,8.99999737739563,3.50000262260437,0.0,IS,-14.083333189288775,12
2026-06-01,2236171,125871,silver,↑ $85,Will Silver (SI) hit (HIGH) $85 by end of June?,1,0.04,1.0,0.3499999940395355,0.5350000262260437,0.5350000262260437,0.4950000047683716,False,False,1780264500.0,18.500003218650818,-4.000002145767212,0.0,IS,8.95833297011753,12
2026-06-08,2236171,125871,silver,↑ $85,Will Silver (SI) hit (HIGH) $85 by end of June?,1,0.04,1.0,0.14000000059604645,0.14000000059604645,0.14000000059604645,0.13500000536441803,False,False,1780869300.0,0.0,-0.4999995231628418,0.0,IS,4.937499575316906,8
2026-05-26,2322241,125871,silver,↑ $80,Will Silver (SI) hit (HIGH) $80 by end of June?,1,0.04,1.0,0.7149999737739563,0.6949999928474426,0.6949999928474426,0.7450000047683716,False,False,1779659700.0,-1.9999980926513672,5.0000011920928955,0.0,IS,-14.083333189288775,12
2026-06-01,2322241,125871,silver,↑ $80,Will Silver (SI) hit (HIGH) $80 by end of June?,1,0.04,1.0,0.6349999904632568,0.7950000166893005,0.7900000214576721,0.7400000095367432,False,False,1780264500.0,16.00000262260437,-5.500000715255737,-0.4999995231628418,IS,8.95833297011753,12
2026-06-08,2322241,125871,silver,↑ $80,Will Silver (SI) hit (HIGH) $80 by end of June?,1,0.04,1.0,0.2150000035762787,0.24500000476837158,0.25,0.20000000298023224,False,False,1780869300.0,3.0000001192092896,-4.500000178813934,0.4999995231628418,IS,4.937499575316906,8
2026-06-15,2322241,125871,silver,↑ $80,Will Silver (SI) hit (HIGH) $80 by end of June?,1,0.04,1.0,0.20999999344348907,0.1550000011920929,0.19499999284744263,0.1550000011920929,False,False,1781474100.0,-5.499999225139618,0.0,3.999999165534973,IS,-27.335000038146973,10
2025-12-29,1032334,125871,silver,↑ $200,Will Silver (SI) hit (HIGH) $200 by end of June?,1,0.04,1.0,0.5,0.0949999988079071,0.0949999988079071,0.08500000089406967,False,False,1766962500.0,-40.50000011920929,-0.9999997913837433,0.0,IS,0.3999999165534973,5
2026-01-20,1032334,125871,silver,↑ $200,Will Silver (SI) hit (HIGH) $200 by end of June?,1,0.04,1.0,0.14499999582767487,0.13500000536441803,0.14000000059604645,0.1550000011920929,False,False,1768776900.0,-0.9999990463256836,1.9999995827674866,0.4999995231628418,IS,2.4999991059303284,7
2026-01-26,1032334,125871,silver,↑ $200,Will Silver (SI) hit (HIGH) $200 by end of June?,1,0.04,1.0,0.16500000655651093,0.25,0.23499999940395355,0.19499999284744263,False,False,1769381700.0,8.499999344348907,-5.500000715255737,-1.5000000596046448,IS,-1.0555570324261982,9
2026-02-02,1032334,125871,silver,↑ $200,Will Silver (SI) hit (HIGH) $200 by end of June?,1,0.04,1.0,0.12999999523162842,0.06499999761581421,0.10499999672174454,0.07500000298023224,False,False,1769986500.0,-6.499999761581421,1.000000536441803,3.999999910593033,IS,-10.214285552501678,7
2026-02-09,1032334,125871,silver,↑ $200,Will Silver (SI) hit (HIGH) $200 by end of June?,1,0.04,1.0,0.11500000208616257,0.10499999672174454,0.10999999940395355,0.11500000208616257,False,False,1770591300.0,-1.000000536441803,1.000000536441803,0.5000002682209015,IS,0.5833332737286886,6
2026-03-02,1032334,125871,silver,↑ $200,Will Silver (SI) hit (HIGH) $200 by end of June?,1,0.04,1.0,0.10499999672174454,0.10999999940395355,0.10499999672174454,0.0949999988079071,False,False,1772405700.0,0.5000002682209015,-1.5000000596046448,-0.5000002682209015,IS,-6.25,4
2025-12-29,1032335,125871,silver,↑ $150,Will Silver (SI) hit (HIGH) $150 by end of June?,1,0.04,1.0,0.5,0.11500000208616257,0.125,0.10999999940395355,False,False,1766962500.0,-38.49999979138374,-0.5000002682209015,0.9999997913837433,IS,0.3999999165534973,5
2026-01-12,1032335,125871,silver,↑ $150,Will Silver (SI) hit (HIGH) $150 by end of June?,1,0.04,1.0,0.10999999940395355,0.10999999940395355,0.10999999940395355,0.25,False,False,1768172100.0,0.0,14.000000059604645,0.0,IS,5.800000429153442,5
2026-01-20,1032335,125871,silver,↑ $150,Will Silver (SI) hit (HIGH) $150 by end of June?,1,0.04,1.0,0.25999999046325684,0.2750000059604645,0.2750000059604645,0.25,False,False,1768776900.0,1.5000015497207642,-2.5000005960464478,0.0,IS,2.4999991059303284,7
2026-01-26,1032335,125871,silver,↑ $150,Will Silver (SI) hit (HIGH) $150 by end of June?,1,0.04,1.0,0.375,0.45500001311302185,0.46000000834465027,0.38499999046325684,False,False,1769381700.0,8.000001311302185,-7.0000022649765015,0.4999995231628418,IS,-1.0555570324261982,9
2026-02-02,1032335,125871,silver,↑ $150,Will Silver (SI) hit (HIGH) $150 by end of June?,1,0.04,1.0,0.32499998807907104,0.2549999952316284,0.2549999952316284,0.24500000476837158,False,False,1769986500.0,-6.999999284744263,-0.9999990463256836,0.0,IS,-10.214285552501678,7
2026-02-09,1032335,125871,silver,↑ $150,Will Silver (SI) hit (HIGH) $150 by end of June?,1,0.04,1.0,0.22499999403953552,0.20499999821186066,0.20000000298023224,0.2199999988079071,False,False,1770591300.0,-1.9999995827674866,1.5000000596046448,-0.4999995231628418,IS,0.5833332737286886,6
2026-02-17,1032335,125871,silver,↑ $150,Will Silver (SI) hit (HIGH) $150 by end of June?,1,0.04,1.0,0.17499999701976776,0.15000000596046448,0.15000000596046448,0.13500000536441803,False,False,1771196100.0,-2.4999991059303284,-1.5000000596046448,0.0,IS,0.6428572748388562,7
2026-02-23,1032335,125871,silver,↑ $150,Will Silver (SI) hit (HIGH) $150 by end of June?,1,0.04,1.0,0.14000000059604645,0.17000000178813934,0.17000000178813934,0.2199999988079071,False,False,1771800900.0,3.0000001192092896,4.999999701976776,0.0,IS,-2.071428511823927,7
2026-03-02,1032335,125871,silver,↑ $150,Will Silver (SI) hit (HIGH) $150 by end of June?,1,0.04,1.0,0.27000001072883606,0.5149999856948853,0.38999998569488525,0.26499998569488525,False,False,1772405700.0,24.49999749660492,-25.0,-12.5,IS,-6.25,4
2026-03-09,1032335,125871,silver,↑ $150,Will Silver (SI) hit (HIGH) $150 by end of June?,1,0.04,1.0,0.1550000011920929,0.1599999964237213,0.1550000011920929,0.14000000059604645,False,False,1773006900.0,0.4999995231628418,-1.9999995827674866,-0.4999995231628418,IS,-0.6666660308837891,6
2026-03-16,1032335,125871,silver,↑ $150,Will Silver (SI) hit (HIGH) $150 by end of June?,1,0.04,1.0,0.13500000536441803,0.12999999523162842,0.12999999523162842,0.12999999523162842,False,False,1773611700.0,-0.5000010132789612,0.0,0.0,IS,1.9999995827674866,8
2025-12-29,1032336,125871,silver,↑ $120,Will Silver (SI) hit (HIGH) $120 by end of June?,1,0.04,1.0,0.5,0.36000001430511475,0.3499999940395355,0.18000000715255737,False,False,1766962500.0,-13.999998569488525,-18.000000715255737,-1.0000020265579224,IS,0.3999999165534973,5
2026-01-05,1032336,125871,silver,↑ $120,Will Silver (SI) hit (HIGH) $120 by end of June?,1,0.04,1.0,0.18000000715255737,0.1850000023841858,0.1850000023841858,0.1850000023841858,False,False,1767567300.0,0.4999995231628418,0.0,0.0,IS,9.700000286102295,5
2026-01-12,1032336,125871,silver,↑ $120,Will Silver (SI) hit (HIGH) $120 by end of June?,1,0.04,1.0,0.20499999821186066,0.18000000715255737,0.18000000715255737,0.29499998688697815,False,False,1768172100.0,-2.4999991059303284,11.499997973442078,0.0,IS,5.800000429153442,5
2026-01-20,1032336,125871,silver,↑ $120,Will Silver (SI) hit (HIGH) $120 by end of June?,1,0.04,1.0,0.46000000834465027,0.5899999737739563,0.6100000143051147,0.5699999928474426,False,False,1768776900.0,12.999996542930603,-1.9999980926513672,2.0000040531158447,IS,2.4999991059303284,7
2026-01-26,1032336,125871,silver,↑ $120,Will Silver (SI) hit (HIGH) $120 by end of June?,1,0.04,1.0,0.6150000095367432,0.7350000143051147,0.7850000262260437,0.8299999833106995,False,False,1769381700.0,12.000000476837158,9.499996900558472,5.0000011920928955,IS,-1.0555570324261982,9
2026-02-02,1032336,125871,silver,↑ $120,Will Silver (SI) hit (HIGH) $120 by end of June?,1,0.04,1.0,0.5644999742507935,0.5584999918937683,0.5544999837875366,0.4690000116825104,False,False,1769986500.0,-0.5999982357025146,-8.949998021125793,-0.40000081062316895,IS,-10.214285552501678,7
2026-02-09,1032336,125871,silver,↑ $120,Will Silver (SI) hit (HIGH) $120 by end of June?,1,0.04,1.0,0.4020000100135803,0.414000004529953,0.41100001335144043,0.41600000858306885,False,False,1770591300.0,1.199999451637268,0.20000040531158447,-0.2999991178512573,IS,0.5833332737286886,6
2026-02-17,1032336,125871,silver,↑ $120,Will Silver (SI) hit (HIGH) $120 by end of June?,1,0.04,1.0,0.2815000116825104,0.28999999165534973,0.2904999852180481,0.3149999976158142,False,False,1771196100.0,0.8499979972839355,2.5000005960464478,0.049999356269836426,IS,0.6428572748388562,7
2026-02-23,1032336,125871,silver,↑ $120,Will Silver (SI) hit (HIGH) $120 by end of June?,1,0.04,1.0,0.30799999833106995,0.34200000762939453,0.34200000762939453,0.3619999885559082,False,False,1771800900.0,3.4000009298324585,1.9999980926513672,0.0,IS,-2.071428511823927,7
2026-03-02,1032336,125871,silver,↑ $120,Will Silver (SI) hit (HIGH) $120 by end of June?,1,0.04,1.0,0.5375000238418579,0.6959999799728394,0.6650000214576721,0.382999986410141,False,False,1772405700.0,15.849995613098145,-31.299999356269836,-3.0999958515167236,IS,-6.25,4
2026-03-09,1032336,125871,silver,↑ $120,Will Silver (SI) hit (HIGH) $120 by end of June?,1,0.04,1.0,0.25200000405311584,0.2955000102519989,0.2840000092983246,0.2784999907016754,False,False,1773006900.0,4.350000619888306,-1.7000019550323486,-1.1500000953674316,IS,-0.6666660308837891,6
2026-03-16,1032336,125871,silver,↑ $120,Will Silver (SI) hit (HIGH) $120 by end of June?,1,0.04,1.0,0.2800000011920929,0.2809999883174896,0.28049999475479126,0.2784999907016754,False,False,1773611700.0,0.09999871253967285,-0.2499997615814209,-0.049999356269836426,IS,1.9999995827674866,8
2026-03-23,1032336,125871,silver,↑ $120,Will Silver (SI) hit (HIGH) $120 by end of June?,1,0.04,1.0,0.13699999451637268,0.14100000262260437,0.1404999941587448,0.19249999523162842,False,False,1774216500.0,0.40000081062316895,5.149999260902405,-0.05000084638595581,IS,-0.33333334657881,9
2026-03-30,1032336,125871,silver,↑ $120,Will Silver (SI) hit (HIGH) $120 by end of June?,1,0.04,1.0,0.21250000596046448,0.17399999499320984,0.1704999953508377,0.1550000011920929,False,False,1774821300.0,-3.850001096725464,-1.8999993801116943,-0.34999996423721313,IS,3.09090871702541,11
2026-04-06,1032336,125871,silver,↑ $120,Will Silver (SI) hit (HIGH) $120 by end of June?,1,0.04,1.0,0.1354999989271164,0.12349999696016312,0.12349999696016312,0.10199999809265137,False,False,1775426100.0,-1.2000001966953278,-2.149999886751175,0.0,IS,2.8999996930360794,10
2026-04-13,1032336,125871,silver,↑ $120,Will Silver (SI) hit (HIGH) $120 by end of June?,1,0.04,1.0,0.1340000033378601,0.11900000274181366,0.11900000274181366,0.11649999767541885,False,False,1776030900.0,-1.5000000596046448,-0.2500005066394806,0.0,IS,10.038461421544735,13
2026-04-20,1032336,125871,silver,↑ $120,Will Silver (SI) hit (HIGH) $120 by end of June?,1,0.04,1.0,0.13950000703334808,0.1274999976158142,0.1274999976158142,0.11299999803304672,False,False,1776635700.0,-1.2000009417533875,-1.4499999582767487,0.0,IS,10.908333646754423,12
2026-04-27,1032336,125871,silver,↑ $120,Will Silver (SI) hit (HIGH) $120 by end of June?,1,0.04,1.0,0.10899999737739563,0.0949999988079071,0.08500000089406967,0.07400000095367432,False,False,1777240500.0,-1.3999998569488525,-2.099999785423279,-0.9999997913837433,IS,3.7499993418653808,12
2025-12-29,1032337,125871,silver,↑ $110,Will Silver (SI) hit (HIGH) $110 by end of June?,1,0.04,1.0,0.5,0.48500001430511475,0.47999998927116394,0.3199999928474426,False,False,1766962500.0,-1.4999985694885254,-16.500002145767212,-0.5000025033950806,IS,0.3999999165534973,5
2026-01-05,1032337,125871,silver,↑ $110,Will Silver (SI) hit (HIGH) $110 by end of June?,1,0.04,1.0,0.23000000417232513,0.20000000298023224,0.20999999344348907,0.22499999403953552,False,False,1767567300.0,-3.0000001192092896,2.4999991059303284,0.9999990463256836,IS,9.700000286102295,5
2026-01-12,1032337,125871,silver,↑ $110,Will Silver (SI) hit (HIGH) $110 by end of June?,1,0.04,1.0,0.23499999940395355,0.2750000059604645,0.2849999964237213,0.36500000953674316,False,False,1768172100.0,4.0000006556510925,9.000000357627869,0.9999990463256836,IS,5.800000429153442,5
2026-01-20,1032337,125871,silver,↑ $110,Will Silver (SI) hit (HIGH) $110 by end of June?,1,0.04,1.0,0.6050000190734863,0.6449999809265137,0.6449999809265137,0.6000000238418579,False,False,1768776900.0,3.9999961853027344,-4.499995708465576,0.0,IS,2.4999991059303284,7
2026-01-26,1032337,125871,silver,↑ $110,Will Silver (SI) hit (HIGH) $110 by end of June?,1,0.04,1.0,0.8450000286102295,0.9150000214576721,0.9399999976158142,0.9484999775886536,False,False,1769381700.0,6.999999284744263,3.3499956130981445,2.499997615814209,IS,-1.0555570324261982,9
2025-12-29,1032338,125871,silver,↑ $100,Will Silver (SI) hit (HIGH) $100 by end of June?,1,0.04,1.0,0.5,0.6349999904632568,0.6449999809265137,0.4399999976158142,False,False,1766962500.0,13.499999046325684,-19.499999284744263,0.9999990463256836,IS,0.3999999165534973,5
2026-01-05,1032338,125871,silver,↑ $100,Will Silver (SI) hit (HIGH) $100 by end of June?,1,0.04,1.0,0.38499999046325684,0.2549999952316284,0.26499998569488525,0.3199999928474426,False,False,1767567300.0,-12.999999523162842,6.499999761581421,0.9999990463256836,IS,9.700000286102295,5
2026-01-12,1032338,125871,silver,↑ $100,Will Silver (SI) hit (HIGH) $100 by end of June?,1,0.04,1.0,0.375,0.48500001430511475,0.5400000214576721,0.6850000023841858,False,False,1768172100.0,11.000001430511475,19.999998807907104,5.500000715255737,IS,5.800000429153442,5
2026-01-20,1032338,125871,silver,↑ $100,Will Silver (SI) hit (HIGH) $100 by end of June?,1,0.04,1.0,0.7699999809265137,0.7950000166893005,0.7950000166893005,0.8650000095367432,False,False,1768776900.0,2.5000035762786865,6.999999284744263,0.0,IS,2.4999991059303284,7
2025-12-29,1032339,125871,silver,↑ $90,Will Silver (SI) hit (HIGH) $90 by end of June?,1,0.04,1.0,0.5,0.7900000214576721,0.8149999976158142,0.8050000071525574,False,False,1766962500.0,29.000002145767212,1.4999985694885254,2.499997615814209,IS,0.3999999165534973,5
2026-01-05,1032339,125871,silver,↑ $90,Will Silver (SI) hit (HIGH) $90 by end of June?,1,0.04,1.0,0.5550000071525574,0.49000000953674316,0.4950000047683716,0.5199999809265137,False,False,1767567300.0,-6.499999761581421,2.999997138977051,0.4999995231628418,IS,9.700000286102295,5
2026-01-12,1032339,125871,silver,↑ $90,Will Silver (SI) hit (HIGH) $90 by end of June?,1,0.04,1.0,0.7300000190734863,0.7099999785423279,0.7300000190734863,0.8050000071525574,False,False,1768172100.0,-2.0000040531158447,9.50000286102295,2.0000040531158447,IS,5.800000429153442,5
2025-12-29,1032344,125871,silver,↓ $65,Will Silver (SI) hit (LOW) $65 by end of June?,-1,0.04,1.0,0.5,0.5049999952316284,0.4950000047683716,0.5099999904632568,False,False,1766962500.0,0.4999995231628418,0.4999995231628418,-0.9999990463256836,IS,0.3999999165534973,5
2026-01-05,1032344,125871,silver,↓ $65,Will Silver (SI) hit (LOW) $65 by end of June?,-1,0.04,1.0,0.6349999904632568,0.6349999904632568,0.6349999904632568,0.6449999809265137,False,False,1767567300.0,0.0,0.9999990463256836,0.0,IS,9.700000286102295,5
2026-01-12,1032344,125871,silver,↓ $65,Will Silver (SI) hit (LOW) $65 by end of June?,-1,0.04,1.0,0.6499999761581421,0.6549999713897705,0.6499999761581421,0.6050000190734863,False,False,1768172100.0,0.4999995231628418,-4.999995231628418,-0.4999995231628418,IS,5.800000429153442,5
2026-01-20,1032344,125871,silver,↓ $65,Will Silver (SI) hit (LOW) $65 by end of June?,-1,0.04,1.0,0.4749999940395355,0.4449999928474426,0.4449999928474426,0.38499999046325684,False,False,1768776900.0,-3.0000001192092896,-6.000000238418579,0.0,IS,2.4999991059303284,7
2026-01-26,1032344,125871,silver,↓ $65,Will Silver (SI) hit (LOW) $65 by end of June?,-1,0.04,1.0,0.3799999952316284,0.32499998807907104,0.32499998807907104,0.3199999928474426,False,False,1769381700.0,-5.500000715255737,-0.4999995231628418,0.0,IS,-1.0555570324261982,9
2026-02-02,1032344,125871,silver,↓ $65,Will Silver (SI) hit (LOW) $65 by end of June?,-1,0.04,1.0,0.45500001311302185,0.5950000286102295,0.5899999737739563,0.6700000166893005,False,False,1769986500.0,14.000001549720764,7.4999988079071045,-0.5000054836273193,IS,-10.214285552501678,7
2026-02-09,1032344,125871,silver,↓ $65,Will Silver (SI) hit (LOW) $65 by end of June?,-1,0.04,1.0,0.7450000047683716,0.75,0.7200000286102295,0.6949999928474426,False,False,1770591300.0,0.4999995231628418,-5.500000715255737,-2.999997138977051,IS,0.5833332737286886,6
2026-02-17,1032344,125871,silver,↓ $65,Will Silver (SI) hit (LOW) $65 by end of June?,-1,0.04,1.0,0.7300000190734863,0.5350000262260437,0.6000000238418579,0.6449999809265137,False,False,1771196100.0,-19.499999284744263,10.999995470046997,6.499999761581421,IS,0.6428572748388562,7
2026-02-23,1032344,125871,silver,↓ $65,Will Silver (SI) hit (LOW) $65 by end of June?,-1,0.04,1.0,0.5199999809265137,0.4449999928474426,0.4449999928474426,0.41499999165534973,False,False,1771800900.0,-7.4999988079071045,-3.0000001192092896,0.0,IS,-2.071428511823927,7
2026-03-02,1032344,125871,silver,↓ $65,Will Silver (SI) hit (LOW) $65 by end of June?,-1,0.04,1.0,0.4000000059604645,0.22499999403953552,0.22499999403953552,0.25999999046325684,False,False,1772405700.0,-17.500001192092896,3.4999996423721313,0.0,IS,-6.25,4
2026-03-09,1032344,125871,silver,↓ $65,Will Silver (SI) hit (LOW) $65 by end of June?,-1,0.04,1.0,0.36500000953674316,0.26499998569488525,0.2750000059604645,0.3449999988079071,False,False,1773006900.0,-10.000002384185791,8.000001311302185,1.0000020265579224,IS,-0.6666660308837891,6
2026-03-16,1032344,125871,silver,↓ $65,Will Silver (SI) hit (LOW) $65 by end of June?,-1,0.04,1.0,0.4749999940395355,0.4749999940395355,0.4749999940395355,0.48500001430511475,False,False,1773611700.0,0.0,1.0000020265579224,0.0,IS,1.9999995827674866,8
2026-03-23,1032344,125871,silver,↓ $65,Will Silver (SI) hit (LOW) $65 by end of June?,-1,0.04,1.0,0.7599999904632568,0.8500000238418579,0.8500000238418579,0.9300000071525574,False,False,1774216500.0,9.000003337860107,7.999998331069946,0.0,IS,-0.33333334657881,9
2026-03-30,1032344,125871,silver,↓ $65,Will Silver (SI) hit (LOW) $65 by end of June?,-1,0.04,1.0,0.7950000166893005,0.7749999761581421,0.7749999761581421,0.7400000095367432,False,False,1774821300.0,-2.0000040531158447,-3.4999966621398926,0.0,IS,3.09090871702541,11
2026-04-06,1032344,125871,silver,↓ $65,Will Silver (SI) hit (LOW) $65 by end of June?,-1,0.04,1.0,0.6000000238418579,0.6200000047683716,0.625,0.625,False,False,1775426100.0,1.9999980926513672,0.4999995231628418,0.4999995231628418,IS,2.8999996930360794,10
2026-04-13,1032344,125871,silver,↓ $65,Will Silver (SI) hit (LOW) $65 by end of June?,-1,0.04,1.0,0.4950000047683716,0.550000011920929,0.5649999976158142,0.5550000071525574,False,False,1776030900.0,5.500000715255737,0.4999995231628418,1.4999985694885254,IS,10.038461421544735,13
2026-04-20,1032344,125871,silver,↓ $65,Will Silver (SI) hit (LOW) $65 by end of June?,-1,0.04,1.0,0.36500000953674316,0.3449999988079071,0.3199999928474426,0.4650000035762787,False,False,1776635700.0,-2.000001072883606,12.000000476837158,-2.5000005960464478,IS,10.908333646754423,12
2026-04-27,1032344,125871,silver,↓ $65,Will Silver (SI) hit (LOW) $65 by end of June?,-1,0.04,1.0,0.47999998927116394,0.5350000262260437,0.5350000262260437,0.4699999988079071,False,False,1777240500.0,5.500003695487976,-6.50000274181366,0.0,IS,3.7499993418653808,12
2026-05-04,1032344,125871,silver,↓ $65,Will Silver (SI) hit (LOW) $65 by end of June?,-1,0.04,1.0,0.4749999940395355,0.3100000023841858,0.3100000023841858,0.3199999928474426,False,False,1777845300.0,-16.499999165534973,0.9999990463256836,0.0,IS,0.24999994784593582,12
2026-05-11,1032344,125871,silver,↓ $65,Will Silver (SI) hit (LOW) $65 by end of June?,-1,0.04,1.0,0.22499999403953552,0.2199999988079071,0.2199999988079071,0.23000000417232513,False,False,1778450100.0,-0.4999995231628418,1.000000536441803,0.0,IS,9.541666880249977,12
2026-05-18,1032344,125871,silver,↓ $65,Will Silver (SI) hit (LOW) $65 by end of June?,-1,0.04,1.0,0.23499999940395355,0.3100000023841858,0.3100000023841858,0.24500000476837158,False,False,1779054900.0,7.500000298023224,-6.499999761581421,0.0,IS,4.000000123466764,14
2026-05-26,1032344,125871,silver,↓ $65,Will Silver (SI) hit (LOW) $65 by end of June?,-1,0.04,1.0,0.2800000011920929,0.27000001072883606,0.27000001072883606,0.1899999976158142,False,False,1779659700.0,-0.9999990463256836,-8.000001311302185,0.0,IS,-14.083333189288775,12
2026-06-01,1032344,125871,silver,↓ $65,Will Silver (SI) hit (LOW) $65 by end of June?,-1,0.04,1.0,0.19499999284744263,0.2150000035762787,0.2150000035762787,0.20000000298023224,False,False,1780264500.0,2.000001072883606,-1.5000000596046448,0.0,IS,8.95833297011753,12
2026-06-08,1032344,125871,silver,↓ $65,Will Silver (SI) hit (LOW) $65 by end of June?,-1,0.04,1.0,0.4650000035762787,0.5400000214576721,0.5849999785423279,0.5049999952316284,False,False,1780869300.0,7.500001788139343,-3.50000262260437,4.499995708465576,IS,4.937499575316906,8
2025-12-29,1032345,125871,silver,↓ $60,Will Silver (SI) hit (LOW) $60 by end of June?,-1,0.04,1.0,0.5,0.36500000953674316,0.38499999046325684,0.4099999964237213,False,False,1766962500.0,-13.499999046325684,4.499998688697815,1.9999980926513672,IS,0.3999999165534973,5
2026-01-05,1032345,125871,silver,↓ $60,Will Silver (SI) hit (LOW) $60 by end of June?,-1,0.04,1.0,0.4650000035762787,0.4950000047683716,0.4950000047683716,0.5049999952316284,False,False,1767567300.0,3.0000001192092896,0.9999990463256836,0.0,IS,9.700000286102295,5
2026-01-12,1032345,125871,silver,↓ $60,Will Silver (SI) hit (LOW) $60 by end of June?,-1,0.04,1.0,0.550000011920929,0.5049999952316284,0.5199999809265137,0.4650000035762787,False,False,1768172100.0,-4.500001668930054,-3.999999165534973,1.4999985694885254,IS,5.800000429153442,5
2026-01-20,1032345,125871,silver,↓ $60,Will Silver (SI) hit (LOW) $60 by end of June?,-1,0.04,1.0,0.375,0.3449999988079071,0.375,0.33000001311302185,False,False,1768776900.0,-3.0000001192092896,-1.4999985694885254,3.0000001192092896,IS,2.4999991059303284,7
2026-01-26,1032345,125871,silver,↓ $60,Will Silver (SI) hit (LOW) $60 by end of June?,-1,0.04,1.0,0.3050000071525574,0.18000000715255737,0.14499999582767487,0.12999999523162842,False,False,1769381700.0,-12.5,-5.0000011920928955,-3.5000011324882507,IS,-1.0555570324261982,9
2026-02-02,1032345,125871,silver,↓ $60,Will Silver (SI) hit (LOW) $60 by end of June?,-1,0.04,1.0,0.36500000953674316,0.4300000071525574,0.4399999976158142,0.574999988079071,False,False,1769986500.0,6.499999761581421,14.499998092651367,0.9999990463256836,IS,-10.214285552501678,7
2026-02-09,1032345,125871,silver,↓ $60,Will Silver (SI) hit (LOW) $60 by end of June?,-1,0.04,1.0,0.5450000166893005,0.4749999940395355,0.4399999976158142,0.36500000953674316,False,False,1770591300.0,-7.0000022649765015,-10.999998450279236,-3.4999996423721313,IS,0.5833332737286886,6
2026-02-17,1032345,125871,silver,↓ $60,Will Silver (SI) hit (LOW) $60 by end of June?,-1,0.04,1.0,0.47999998927116394,0.33000001311302185,0.36000001430511475,0.4050000011920929,False,False,1771196100.0,-14.999997615814209,7.4999988079071045,3.0000001192092896,IS,0.6428572748388562,7
2026-02-23,1032345,125871,silver,↓ $60,Will Silver (SI) hit (LOW) $60 by end of June?,-1,0.04,1.0,0.2549999952316284,0.2549999952316284,0.2549999952316284,0.25,False,False,1771800900.0,0.0,-0.4999995231628418,0.0,IS,-2.071428511823927,7
2026-03-02,1032345,125871,silver,↓ $60,Will Silver (SI) hit (LOW) $60 by end of June?,-1,0.04,1.0,0.2199999988079071,0.19499999284744263,0.19499999284744263,0.2199999988079071,False,False,1772405700.0,-2.5000005960464478,2.5000005960464478,0.0,IS,-6.25,4
2026-03-09,1032345,125871,silver,↓ $60,Will Silver (SI) hit (LOW) $60 by end of June?,-1,0.04,1.0,0.25999999046325684,0.1850000023841858,0.1899999976158142,0.2849999964237213,False,False,1773006900.0,-7.4999988079071045,9.999999403953552,0.4999995231628418,IS,-0.6666660308837891,6
2026-03-16,1032345,125871,silver,↓ $60,Will Silver (SI) hit (LOW) $60 by end of June?,-1,0.04,1.0,0.3149999976158142,0.3199999928474426,0.3149999976158142,0.3449999988079071,False,False,1773611700.0,0.4999995231628418,2.5000005960464478,-0.4999995231628418,IS,1.9999995827674866,8
2026-03-23,1032345,125871,silver,↓ $60,Will Silver (SI) hit (LOW) $60 by end of June?,-1,0.04,1.0,0.41499999165534973,0.6100000143051147,0.6000000238418579,0.6449999809265137,False,False,1774216500.0,19.5000022649765,3.4999966621398926,-0.9999990463256836,IS,-0.33333334657881,9
2026-03-30,1032345,125871,silver,↓ $60,Will Silver (SI) hit (LOW) $60 by end of June?,-1,0.04,1.0,0.5799999833106995,0.5849999785423279,0.5849999785423279,0.5849999785423279,False,False,1774821300.0,0.4999995231628418,0.0,0.0,IS,3.09090871702541,11
2026-04-06,1032345,125871,silver,↓ $60,Will Silver (SI) hit (LOW) $60 by end of June?,-1,0.04,1.0,0.3449999988079071,0.39500001072883606,0.39500001072883606,0.3799999952316284,False,False,1775426100.0,5.0000011920928955,-1.5000015497207642,0.0,IS,2.8999996930360794,10
2026-04-13,1032345,125871,silver,↓ $60,Will Silver (SI) hit (LOW) $60 by end of June?,-1,0.04,1.0,0.39500001072883606,0.41999998688697815,0.41999998688697815,0.4099999964237213,False,False,1776030900.0,2.499997615814209,-0.9999990463256836,0.0,IS,10.038461421544735,13
2026-04-20,1032345,125871,silver,↓ $60,Will Silver (SI) hit (LOW) $60 by end of June?,-1,0.04,1.0,0.22499999403953552,0.2800000011920929,0.2750000059604645,0.25999999046325684,False,False,1776635700.0,5.500000715255737,-2.000001072883606,-0.4999995231628418,IS,10.908333646754423,12
2026-04-27,1032345,125871,silver,↓ $60,Will Silver (SI) hit (LOW) $60 by end of June?,-1,0.04,1.0,0.2800000011920929,0.2800000011920929,0.2800000011920929,0.2800000011920929,False,False,1777240500.0,0.0,0.0,0.0,IS,3.7499993418653808,12
2026-05-04,1032345,125871,silver,↓ $60,Will Silver (SI) hit (LOW) $60 by end of June?,-1,0.04,1.0,0.20999999344348907,0.1550000011920929,0.1550000011920929,0.1850000023841858,False,False,1777845300.0,-5.499999225139618,3.0000001192092896,0.0,IS,0.24999994784593582,12
2026-05-18,1032345,125871,silver,↓ $60,Will Silver (SI) hit (LOW) $60 by end of June?,-1,0.04,1.0,0.10000000149011612,0.10000000149011612,0.10499999672174454,0.11999999731779099,False,False,1779054900.0,0.0,1.9999995827674866,0.4999995231628418,IS,4.000000123466764,14
2026-05-26,1032345,125871,silver,↓ $60,Will Silver (SI) hit (LOW) $60 by end of June?,-1,0.04,1.0,0.125,0.13500000536441803,0.15000000596046448,0.07999999821186066,False,False,1779659700.0,1.000000536441803,-5.500000715255737,1.5000000596046448,IS,-14.083333189288775,12
2026-06-08,1032345,125871,silver,↓ $60,Will Silver (SI) hit (LOW) $60 by end of June?,-1,0.04,1.0,0.29499998688697815,0.26499998569488525,0.3149999976158142,0.1850000023841858,False,False,1780869300.0,-3.0000001192092896,-7.999998331069946,5.0000011920928955,IS,4.937499575316906,8
2026-06-15,1032345,125871,silver,↓ $60,Will Silver (SI) hit (LOW) $60 by end of June?,-1,0.04,1.0,0.16500000655651093,0.14000000059604645,0.15000000596046448,0.07999999821186066,False,False,1781474100.0,-2.5000005960464478,-6.000000238418579,1.000000536441803,IS,-27.335000038146973,10
2026-06-22,1032345,125871,silver,↓ $60,Will Silver (SI) hit (LOW) $60 by end of June?,-1,0.04,1.0,0.3100000023841858,0.3100000023841858,0.3199999928474426,0.20999999344348907,False,False,1782078900.0,0.0,-10.000000894069672,0.9999990463256836,IS,22.337499912828207,4
2025-12-29,1032346,125871,silver,↓ $55,Will Silver (SI) hit (LOW) $55 by end of June?,-1,0.04,1.0,0.5,0.25999999046325684,0.25999999046325684,0.28999999165534973,False,False,1766962500.0,-24.000000953674316,3.0000001192092896,0.0,IS,0.3999999165534973,5
2026-01-05,1032346,125871,silver,↓ $55,Will Silver (SI) hit (LOW) $55 by end of June?,-1,0.04,1.0,0.33500000834465027,0.3400000035762787,0.3400000035762787,0.32499998807907104,False,False,1767567300.0,0.4999995231628418,-1.5000015497207642,0.0,IS,9.700000286102295,5
2026-01-12,1032346,125871,silver,↓ $55,Will Silver (SI) hit (LOW) $55 by end of June?,-1,0.04,1.0,0.39500001072883606,0.36000001430511475,0.36000001430511475,0.33500000834465027,False,False,1768172100.0,-3.4999996423721313,-2.5000005960464478,0.0,IS,5.800000429153442,5
2026-01-20,1032346,125871,silver,↓ $55,Will Silver (SI) hit (LOW) $55 by end of June?,-1,0.04,1.0,0.29499998688697815,0.28999999165534973,0.28999999165534973,0.2750000059604645,False,False,1768776900.0,-0.4999995231628418,-1.4999985694885254,0.0,IS,2.4999991059303284,7
2026-01-26,1032346,125871,silver,↓ $55,Will Silver (SI) hit (LOW) $55 by end of June?,-1,0.04,1.0,0.23499999940395355,0.17499999701976776,0.17000000178813934,0.10499999672174454,False,False,1769381700.0,-6.000000238418579,-7.000000029802322,-0.4999995231628418,IS,-1.0555570324261982,9
2026-02-02,1032346,125871,silver,↓ $55,Will Silver (SI) hit (LOW) $55 by end of June?,-1,0.04,1.0,0.36500000953674316,0.3799999952316284,0.3700000047683716,0.42500001192092896,False,False,1769986500.0,1.4999985694885254,4.500001668930054,-0.9999990463256836,IS,-10.214285552501678,7
2026-02-09,1032346,125871,silver,↓ $55,Will Silver (SI) hit (LOW) $55 by end of June?,-1,0.04,1.0,0.3400000035762787,0.33000001311302185,0.33000001311302185,0.2849999964237213,False,False,1770591300.0,-0.9999990463256836,-4.500001668930054,0.0,IS,0.5833332737286886,6
2026-02-17,1032346,125871,silver,↓ $55,Will Silver (SI) hit (LOW) $55 by end of June?,-1,0.04,1.0,0.3400000035762787,0.26499998569488525,0.2800000011920929,0.3149999976158142,False,False,1771196100.0,-7.500001788139343,5.0000011920928955,1.5000015497207642,IS,0.6428572748388562,7
2026-02-23,1032346,125871,silver,↓ $55,Will Silver (SI) hit (LOW) $55 by end of June?,-1,0.04,1.0,0.25999999046325684,0.18000000715255737,0.17499999701976776,0.2800000011920929,False,False,1771800900.0,-7.999998331069946,9.999999403953552,-0.5000010132789612,IS,-2.071428511823927,7
2026-03-02,1032346,125871,silver,↓ $55,Will Silver (SI) hit (LOW) $55 by end of June?,-1,0.04,1.0,0.17499999701976776,0.20499999821186066,0.20499999821186066,0.1550000011920929,False,False,1772405700.0,3.0000001192092896,-4.999999701976776,0.0,IS,-6.25,4
2026-03-09,1032346,125871,silver,↓ $55,Will Silver (SI) hit (LOW) $55 by end of June?,-1,0.04,1.0,0.20999999344348907,0.0949999988079071,0.0949999988079071,0.20499999821186066,False,False,1773006900.0,-11.499999463558197,10.999999940395355,0.0,IS,-0.6666660308837891,6
2026-03-16,1032346,125871,silver,↓ $55,Will Silver (SI) hit (LOW) $55 by end of June?,-1,0.04,1.0,0.23499999940395355,0.19499999284744263,0.2150000035762787,0.25,False,False,1773611700.0,-4.0000006556510925,5.500000715255737,2.000001072883606,IS,1.9999995827674866,8
2026-03-23,1032346,125871,silver,↓ $55,Will Silver (SI) hit (LOW) $55 by end of June?,-1,0.04,1.0,0.3499999940395355,0.41999998688697815,0.41999998688697815,0.41499999165534973,False,False,1774216500.0,6.999999284744263,-0.4999995231628418,0.0,IS,-0.33333334657881,9
2026-03-30,1032346,125871,silver,↓ $55,Will Silver (SI) hit (LOW) $55 by end of June?,-1,0.04,1.0,0.375,0.4000000059604645,0.4099999964237213,0.41499999165534973,False,False,1774821300.0,2.5000005960464478,1.4999985694885254,0.9999990463256836,IS,3.09090871702541,11
2026-04-06,1032346,125871,silver,↓ $55,Will Silver (SI) hit (LOW) $55 by end of June?,-1,0.04,1.0,0.29499998688697815,0.3149999976158142,0.3149999976158142,0.29499998688697815,False,False,1775426100.0,2.000001072883606,-2.000001072883606,0.0,IS,2.8999996930360794,10
2026-04-13,1032346,125871,silver,↓ $55,Will Silver (SI) hit (LOW) $55 by end of June?,-1,0.04,1.0,0.2150000035762787,0.27000001072883606,0.27000001072883606,0.26499998569488525,False,False,1776030900.0,5.500000715255737,-0.5000025033950806,0.0,IS,10.038461421544735,13
2026-04-20,1032346,125871,silver,↓ $55,Will Silver (SI) hit (LOW) $55 by end of June?,-1,0.04,1.0,0.11500000208616257,0.17499999701976776,0.17499999701976776,0.1850000023841858,False,False,1776635700.0,5.999999493360519,1.000000536441803,0.0,IS,10.908333646754423,12
2026-04-27,1032346,125871,silver,↓ $55,Will Silver (SI) hit (LOW) $55 by end of June?,-1,0.04,1.0,0.23000000417232513,0.10499999672174454,0.10499999672174454,0.14000000059604645,False,False,1777240500.0,-12.50000074505806,3.500000387430191,0.0,IS,3.7499993418653808,12
2026-05-04,1032346,125871,silver,↓ $55,Will Silver (SI) hit (LOW) $55 by end of June?,-1,0.04,1.0,0.17000000178813934,0.11999999731779099,0.11999999731779099,0.11500000208616257,False,False,1777845300.0,-5.000000447034836,-0.4999995231628418,0.0,IS,0.24999994784593582,12
2026-06-08,1032346,125871,silver,↓ $55,Will Silver (SI) hit (LOW) $55 by end of June?,-1,0.04,1.0,0.11500000208616257,0.08299999684095383,0.08799999952316284,0.07699999958276749,False,False,1780869300.0,-3.200000524520874,-0.599999725818634,0.5000002682209015,IS,4.937499575316906,8
2026-06-29,1032346,125871,silver,↓ $55,Will Silver (SI) hit (LOW) $55 by end of June?,-1,0.04,1.0,0.11150000244379044,0.1120000034570694,0.1120000034570694,0.05299999937415123,False,False,1782683700.0,0.05000010132789612,-5.900000408291817,0.0,IS,7.000000774860382,2
2025-12-29,1032347,125871,silver,↓ $45,Will Silver (SI) hit (LOW) $45 by end of June?,-1,0.04,1.0,0.5,0.20000000298023224,0.1899999976158142,0.1850000023841858,False,False,1766962500.0,-29.999999701976776,-1.5000000596046448,-1.000000536441803,IS,0.3999999165534973,5
2026-01-05,1032347,125871,silver,↓ $45,Will Silver (SI) hit (LOW) $45 by end of June?,-1,0.04,1.0,0.1850000023841858,0.1550000011920929,0.1550000011920929,0.17000000178813934,False,False,1767567300.0,-3.0000001192092896,1.5000000596046448,0.0,IS,9.700000286102295,5
2026-01-12,1032347,125871,silver,↓ $45,Will Silver (SI) hit (LOW) $45 by end of June?,-1,0.04,1.0,0.20499999821186066,0.20000000298023224,0.20000000298023224,0.17000000178813934,False,False,1768172100.0,-0.4999995231628418,-3.0000001192092896,0.0,IS,5.800000429153442,5
2026-01-20,1032347,125871,silver,↓ $45,Will Silver (SI) hit (LOW) $45 by end of June?,-1,0.04,1.0,0.15000000596046448,0.15000000596046448,0.15000000596046448,0.13500000536441803,False,False,1768776900.0,0.0,-1.5000000596046448,0.0,IS,2.4999991059303284,7
2026-01-26,1032347,125871,silver,↓ $45,Will Silver (SI) hit (LOW) $45 by end of June?,-1,0.04,1.0,0.11500000208616257,0.05900000035762787,0.0625,0.06449999660253525,False,False,1769381700.0,-5.60000017285347,0.5499996244907379,0.34999996423721313,IS,-1.0555570324261982,9
2026-02-02,1032347,125871,silver,↓ $45,Will Silver (SI) hit (LOW) $45 by end of June?,-1,0.04,1.0,0.1940000057220459,0.17350000143051147,0.19099999964237213,0.17900000512599945,False,False,1769986500.0,-2.0500004291534424,0.5500003695487976,1.7499998211860657,IS,-10.214285552501678,7
2026-02-09,1032347,125871,silver,↓ $45,Will Silver (SI) hit (LOW) $45 by end of June?,-1,0.04,1.0,0.23999999463558197,0.23199999332427979,0.23199999332427979,0.18700000643730164,False,False,1770591300.0,-0.8000001311302185,-4.499998688697815,0.0,IS,0.5833332737286886,6
2026-02-17,1032347,125871,silver,↓ $45,Will Silver (SI) hit (LOW) $45 by end of June?,-1,0.04,1.0,0.15199999511241913,0.14499999582767487,0.17499999701976776,0.14650000631809235,False,False,1771196100.0,-0.6999999284744263,0.15000104904174805,3.0000001192092896,IS,0.6428572748388562,7
2026-02-23,1032347,125871,silver,↓ $45,Will Silver (SI) hit (LOW) $45 by end of June?,-1,0.04,1.0,0.1315000057220459,0.12250000238418579,0.12250000238418579,0.12250000238418579,False,False,1771800900.0,-0.9000003337860107,0.0,0.0,IS,-2.071428511823927,7
2026-03-09,1032347,125871,silver,↓ $45,Will Silver (SI) hit (LOW) $45 by end of June?,-1,0.04,1.0,0.10100000351667404,0.09600000083446503,0.09600000083446503,0.125,False,False,1773006900.0,-0.5000002682209015,2.8999999165534973,0.0,IS,-0.6666660308837891,6
2026-03-23,1032347,125871,silver,↓ $45,Will Silver (SI) hit (LOW) $45 by end of June?,-1,0.04,1.0,0.1704999953508377,0.210999995470047,0.21250000596046448,0.2515000104904175,False,False,1774216500.0,4.050000011920929,4.050001502037048,0.15000104904174805,IS,-0.33333334657881,9
2026-03-30,1032347,125871,silver,↓ $45,Will Silver (SI) hit (LOW) $45 by end of June?,-1,0.04,1.0,0.19900000095367432,0.2240000069141388,0.21649999916553497,0.20399999618530273,False,False,1774821300.0,2.5000005960464478,-2.000001072883606,-0.7500007748603821,IS,3.09090871702541,11
2026-04-06,1032347,125871,silver,↓ $45,Will Silver (SI) hit (LOW) $45 by end of June?,-1,0.04,1.0,0.14249999821186066,0.15649999678134918,0.12549999356269836,0.15850000083446503,False,False,1775426100.0,1.3999998569488525,0.20000040531158447,-3.100000321865082,IS,2.8999996930360794,10
2025-12-29,1032348,125871,silver,↓ $35,Will Silver (SI) hit (LOW) $35 by end of June?,-1,0.04,1.0,0.5,0.07500000298023224,0.07500000298023224,0.10499999672174454,False,False,1766962500.0,-42.499999701976776,2.99999937415123,0.0,IS,0.3999999165534973,5
2026-02-02,1032348,125871,silver,↓ $35,Will Silver (SI) hit (LOW) $35 by end of June?,-1,0.04,1.0,0.1899999976158142,0.16599999368190765,0.17350000143051147,0.1264999955892563,False,False,1769986500.0,-2.4000003933906555,-3.9499998092651367,0.7500007748603821,IS,-10.214285552501678,7
2026-02-09,1032348,125871,silver,↓ $35,Will Silver (SI) hit (LOW) $35 by end of June?,-1,0.04,1.0,0.13349999487400055,0.08550000190734863,0.08550000190734863,0.08550000190734863,False,False,1770591300.0,-4.799999296665192,0.0,0.0,IS,0.5833332737286886,6
2026-02-02,1272493,125871,silver,↑ $130,Will Silver (SI) hit (HIGH) $130 by end of June?,1,0.04,1.0,0.5450000166893005,0.5099999904632568,0.5,0.41499999165534973,False,False,1769986500.0,-3.50000262260437,-9.49999988079071,-0.9999990463256836,IS,-10.214285552501678,7
2026-02-09,1272493,125871,silver,↑ $130,Will Silver (SI) hit (HIGH) $130 by end of June?,1,0.04,1.0,0.33500000834465027,0.30000001192092896,0.30000001192092896,0.30000001192092896,False,False,1770591300.0,-3.4999996423721313,0.0,0.0,IS,0.5833332737286886,6
2026-02-17,1272493,125871,silver,↑ $130,Will Silver (SI) hit (HIGH) $130 by end of June?,1,0.04,1.0,0.2199999988079071,0.2150000035762787,0.2150000035762787,0.18000000715255737,False,False,1771196100.0,-0.4999995231628418,-3.4999996423721313,0.0,IS,0.6428572748388562,7
2026-02-23,1272493,125871,silver,↑ $130,Will Silver (SI) hit (HIGH) $130 by end of June?,1,0.04,1.0,0.20499999821186066,0.25999999046325684,0.2549999952316284,0.25999999046325684,False,False,1771800900.0,5.499999225139618,0.0,-0.4999995231628418,IS,-2.071428511823927,7
2026-03-02,1272493,125871,silver,↑ $130,Will Silver (SI) hit (HIGH) $130 by end of June?,1,0.04,1.0,0.4300000071525574,0.48500001430511475,0.48500001430511475,0.3050000071525574,False,False,1772405700.0,5.500000715255737,-18.000000715255737,0.0,IS,-6.25,4
2026-03-09,1272493,125871,silver,↑ $130,Will Silver (SI) hit (HIGH) $130 by end of June?,1,0.04,1.0,0.1550000011920929,0.17000000178813934,0.20999999344348907,0.22499999403953552,False,False,1773006900.0,1.5000000596046448,5.499999225139618,3.999999165534973,IS,-0.6666660308837891,6
2026-03-16,1272493,125871,silver,↑ $130,Will Silver (SI) hit (HIGH) $130 by end of June?,1,0.04,1.0,0.17000000178813934,0.20499999821186066,0.20499999821186066,0.20499999821186066,False,False,1773611700.0,3.4999996423721313,0.0,0.0,IS,1.9999995827674866,8
2026-03-23,1272493,125871,silver,↑ $130,Will Silver (SI) hit (HIGH) $130 by end of June?,1,0.04,1.0,0.11500000208616257,0.10499999672174454,0.10499999672174454,0.14000000059604645,False,False,1774216500.0,-1.000000536441803,3.500000387430191,0.0,IS,-0.33333334657881,9
2026-03-30,1272493,125871,silver,↑ $130,Will Silver (SI) hit (HIGH) $130 by end of June?,1,0.04,1.0,0.10999999940395355,0.10999999940395355,0.10999999940395355,0.11500000208616257,False,False,1774821300.0,0.0,0.5000002682209015,0.0,IS,3.09090871702541,11
2026-02-02,1272495,125871,silver,↑ $170,Will Silver (SI) hit (HIGH) $170 by end of June?,1,0.04,1.0,0.2849999964237213,0.19499999284744263,0.19499999284744263,0.17499999701976776,False,False,1769986500.0,-9.000000357627869,-1.9999995827674866,0.0,IS,-10.214285552501678,7
2026-02-09,1272495,125871,silver,↑ $170,Will Silver (SI) hit (HIGH) $170 by end of June?,1,0.04,1.0,0.13500000536441803,0.13500000536441803,0.13500000536441803,0.13500000536441803,False,False,1770591300.0,0.0,0.0,0.0,IS,0.5833332737286886,6
2026-02-17,1272495,125871,silver,↑ $170,Will Silver (SI) hit (HIGH) $170 by end of June?,1,0.04,1.0,0.11500000208616257,0.07999999821186066,0.07999999821186066,0.08500000089406967,False,False,1771196100.0,-3.500000387430191,0.5000002682209015,0.0,IS,0.6428572748388562,7
2026-02-23,1272495,125871,silver,↑ $170,Will Silver (SI) hit (HIGH) $170 by end of June?,1,0.04,1.0,0.10000000149011612,0.10499999672174454,0.10499999672174454,0.11500000208616257,False,False,1771800900.0,0.4999995231628418,1.000000536441803,0.0,IS,-2.071428511823927,7
2026-03-02,1272495,125871,silver,↑ $170,Will Silver (SI) hit (HIGH) $170 by end of June?,1,0.04,1.0,0.13500000536441803,0.23499999940395355,0.2199999988079071,0.1899999976158142,False,False,1772405700.0,9.999999403953552,-4.500000178813934,-1.5000000596046448,IS,-6.25,4
2026-03-09,1272495,125871,silver,↑ $170,Will Silver (SI) hit (HIGH) $170 by end of June?,1,0.04,1.0,0.10000000149011612,0.0949999988079071,0.0949999988079071,0.08500000089406967,False,False,1773006900.0,-0.5000002682209015,-0.9999997913837433,0.0,IS,-0.6666660308837891,6
2026-02-02,1272496,125871,silver,↑ $210,Will Silver (SI) hit (HIGH) $210 by end of June?,1,0.04,1.0,0.12999999523162842,0.11500000208616257,0.10499999672174454,0.05999999865889549,False,False,1769986500.0,-1.499999314546585,-5.5000003427267075,-1.000000536441803,IS,-10.214285552501678,7
2026-02-02,1293941,125871,silver,↑ $230,Will Silver (SI) hit (HIGH) $230 by end of June?,1,0.04,1.0,0.11999999731779099,0.07000000029802322,0.06499999761581421,0.07000000029802322,False,False,1769986500.0,-4.999999701976776,0.0,-0.5000002682209015,IS,-10.214285552501678,7
2026-03-09,1483732,241666,gold,"↑ $5,600","Will Gold (GC) hit (HIGH) $5,600 by end of March?",1,0.0,1.0,0.2150000035762787,0.33000001311302185,0.33000001311302185,0.20000000298023224,False,False,1773006900.0,11.500000953674316,-13.000001013278961,0.0,IS,-0.6666660308837891,6
2026-03-09,1483733,241666,gold,"↑ $5,500","Will Gold (GC) hit (HIGH) $5,500 by end of March?",1,0.0,1.0,0.36000001430511475,0.33500000834465027,0.33500000834465027,0.32499998807907104,False,False,1773006900.0,-2.5000005960464478,-1.0000020265579224,0.0,IS,-0.6666660308837891,6
2026-03-09,1483734,241666,gold,"↑ $5,400","Will Gold (GC) hit (HIGH) $5,400 by end of March?",1,0.0,1.0,0.49000000953674316,0.574999988079071,0.574999988079071,0.5199999809265137,False,False,1773006900.0,8.499997854232788,-5.500000715255737,0.0,IS,-0.6666660308837891,6
2026-03-16,1483734,241666,gold,"↑ $5,400","Will Gold (GC) hit (HIGH) $5,400 by end of March?",1,0.0,1.0,0.14000000059604645,0.1550000011920929,0.14000000059604645,0.11500000208616257,False,False,1773611700.0,1.5000000596046448,-3.999999910593033,-1.5000000596046448,IS,1.9999995827674866,8
2026-03-09,1483739,241666,gold,"↓ $4,700","Will Gold (GC) hit (LOW) $4,700 by end of March?",-1,0.0,1.0,0.4000000059604645,0.23000000417232513,0.23499999940395355,0.30000001192092896,False,False,1773006900.0,-17.000000178813934,7.000000774860382,0.4999995231628418,IS,-0.6666660308837891,6
2026-03-16,1483739,241666,gold,"↓ $4,700","Will Gold (GC) hit (LOW) $4,700 by end of March?",-1,0.0,1.0,0.14000000059604645,0.27000001072883606,0.27000001072883606,0.22499999403953552,False,False,1773611700.0,13.000001013278961,-4.500001668930054,0.0,IS,1.9999995827674866,8
2026-03-23,1483741,241666,gold,"↓ $4,300","Will Gold (GC) hit (LOW) $4,300 by end of March?",-1,0.0,1.0,0.27399998903274536,0.29249998927116394,0.17100000381469727,0.38449999690055847,False,False,1774216500.0,1.850000023841858,9.200000762939453,-12.149998545646667,IS,-0.33333334657881,9
2026-03-30,1483741,241666,gold,"↓ $4,300","Will Gold (GC) hit (LOW) $4,300 by end of March?",-1,0.0,1.0,0.12300000339746475,0.08900000154972076,0.08900000154972076,0.02199999988079071,False,False,1774821300.0,-3.400000184774399,-6.700000166893005,0.0,IS,3.09090871702541,11
2025-11-03,657164,69121,stock,↑ $800,Will Meta reach $800 in November?,1,0.0,1.0,0.10000000149011612,0.07500000298023224,0.07500000298023224,0.06499999761581421,False,False,1762124100.0,-2.499999850988388,-1.000000536441803,0.0,IS,-2.3333330949147544,3
2025-11-03,657165,69121,stock,↑ $780,Will Meta reach $780 in November?,1,0.0,1.0,0.125,0.11999999731779099,0.11999999731779099,0.03999999910593033,False,False,1762124100.0,-0.5000002682209015,-7.999999821186066,0.0,IS,-2.3333330949147544,3
2025-11-03,657171,69121,stock,↓ $640,Will Meta dip to $640 in November?,-1,0.0,1.0,0.4749999940395355,0.9150000214576721,0.9150000214576721,0.824999988079071,False,False,1762124100.0,44.00000274181366,-9.000003337860107,0.0,IS,-2.3333330949147544,3
2025-11-10,657173,69121,stock,↓ $550,Will Meta dip to $550 in November?,-1,0.0,1.0,0.11500000208616257,0.10000000149011612,0.10000000149011612,0.10999999940395355,False,False,1762728900.0,-1.5000000596046448,0.9999997913837433,0.0,IS,-1.0000012814998627,2
2025-11-17,657173,69121,stock,↓ $550,Will Meta dip to $550 in November?,-1,0.0,1.0,0.17499999701976776,0.10999999940395355,0.10999999940395355,0.10499999672174454,False,False,1763333700.0,-6.499999761581421,-0.5000002682209015,0.0,IS,-0.2500005066394806,2
2025-11-24,657173,69121,stock,↓ $550,Will Meta dip to $550 in November?,-1,0.0,1.0,0.1899999976158142,0.12999999523162842,0.12999999523162842,0.07000000029802322,False,False,1763938500.0,-6.000000238418579,-5.999999493360519,0.0,IS,4.333333671092987,3
2026-08-03,3224927,192787,gold,"↑ $5,000","Will Gold (GC) hit (HIGH) $5,000 by end of December?",1,0.04,1.0,0.24500000476837158,0.23499999940395355,0.23499999940395355,0.20999999344348907,False,False,1785707700.0,-1.000000536441803,-2.5000005960464478,0.0,OOS,nan,0
2026-08-10,3224927,192787,gold,"↑ $5,000","Will Gold (GC) hit (HIGH) $5,000 by end of December?",1,0.04,1.0,0.4449999928474426,0.4650000035762787,0.44999998807907104,0.4399999976158142,False,False,1786312500.0,2.000001072883606,-2.5000005960464478,-1.5000015497207642,OOS,4.499999433755875,2
2026-08-17,3224927,192787,gold,"↑ $5,000","Will Gold (GC) hit (HIGH) $5,000 by end of December?",1,0.04,1.0,0.42500001192092896,0.45500001311302185,0.45500001311302185,0.5450000166893005,False,False,1786917300.0,3.0000001192092896,9.000000357627869,0.0,OOS,1.000000536441803,1
2026-08-24,3224927,192787,gold,"↑ $5,000","Will Gold (GC) hit (HIGH) $5,000 by end of December?",1,0.04,1.0,0.6449999809265137,0.6299999952316284,0.6299999952316284,0.6299999952316284,False,False,1787522100.0,-1.4999985694885254,0.0,0.0,OOS,-0.9999990463256836,1
2026-08-31,3224927,192787,gold,"↑ $5,000","Will Gold (GC) hit (HIGH) $5,000 by end of December?",1,0.04,1.0,0.5950000286102295,0.6050000190734863,0.6050000190734863,0.5550000071525574,False,False,1788126900.0,0.9999990463256836,-5.0000011920928955,0.0,OOS,2.0000003278255463,1
2026-09-08,3224927,192787,gold,"↑ $5,000","Will Gold (GC) hit (HIGH) $5,000 by end of December?",1,0.04,1.0,0.5049999952316284,0.5049999952316284,0.5049999952316284,0.4749999940395355,False,False,1788731700.0,0.0,-3.0000001192092896,0.0,OOS,nan,0
2026-09-14,3224927,192787,gold,"↑ $5,000","Will Gold (GC) hit (HIGH) $5,000 by end of December?",1,0.04,1.0,0.44999998807907104,0.4350000023841858,0.4350000023841858,0.42500001192092896,False,False,1789336500.0,-1.4999985694885254,-0.9999990463256836,0.0,OOS,nan,0
2026-09-21,3224927,192787,gold,"↑ $5,000","Will Gold (GC) hit (HIGH) $5,000 by end of December?",1,0.04,1.0,0.38999998569488525,0.33500000834465027,0.33500000834465027,0.3199999928474426,False,False,1789941300.0,-5.4999977350234985,-1.5000015497207642,0.0,OOS,nan,0
2026-09-28,3224927,192787,gold,"↑ $5,000","Will Gold (GC) hit (HIGH) $5,000 by end of December?",1,0.04,1.0,0.3799999952316284,0.4300000071525574,0.42500001192092896,0.3050000071525574,False,False,1790546100.0,5.0000011920928955,-12.5,-0.4999995231628418,OOS,4.999999701976776,1
2026-02-02,1294365,192787,gold,"↑ $10,000","Will Gold (GC) hit (HIGH) $10,000 by end of December?",1,0.04,1.0,0.10499999672174454,0.10999999940395355,0.10999999940395355,0.12999999523162842,False,False,1769986500.0,0.5000002682209015,1.9999995827674866,0.0,IS,-10.214285552501678,7
2026-02-09,1294365,192787,gold,"↑ $10,000","Will Gold (GC) hit (HIGH) $10,000 by end of December?",1,0.04,1.0,0.11500000208616257,0.11999999731779099,0.11999999731779099,0.12999999523162842,False,False,1770591300.0,0.4999995231628418,0.9999997913837433,0.0,IS,0.5833332737286886,6
2026-02-17,1294365,192787,gold,"↑ $10,000","Will Gold (GC) hit (HIGH) $10,000 by end of December?",1,0.04,1.0,0.10999999940395355,0.09000000357627869,0.09000000357627869,0.07999999821186066,False,False,1771196100.0,-1.9999995827674866,-1.000000536441803,0.0,IS,0.6428572748388562,7
2026-03-09,1294365,192787,gold,"↑ $10,000","Will Gold (GC) hit (HIGH) $10,000 by end of December?",1,0.04,1.0,0.10000000149011612,0.10999999940395355,0.10999999940395355,0.11999999731779099,False,False,1773006900.0,0.9999997913837433,0.9999997913837433,0.0,IS,-0.6666660308837891,6
2026-03-16,1294365,192787,gold,"↑ $10,000","Will Gold (GC) hit (HIGH) $10,000 by end of December?",1,0.04,1.0,0.10499999672174454,0.0949999988079071,0.08500000089406967,0.09000000357627869,False,False,1773611700.0,-0.9999997913837433,-0.4999995231628418,-0.9999997913837433,IS,1.9999995827674866,8
2026-03-30,1294365,192787,gold,"↑ $10,000","Will Gold (GC) hit (HIGH) $10,000 by end of December?",1,0.04,1.0,0.11999999731779099,0.10000000149011612,0.10000000149011612,0.10000000149011612,False,False,1774821300.0,-1.9999995827674866,0.0,0.0,IS,3.09090871702541,11
2026-04-13,1294365,192787,gold,"↑ $10,000","Will Gold (GC) hit (HIGH) $10,000 by end of December?",1,0.04,1.0,0.11500000208616257,0.10499999672174454,0.10499999672174454,0.10499999672174454,False,False,1776030900.0,-1.000000536441803,0.0,0.0,IS,10.038461421544735,13
2026-02-02,1294366,192787,gold,"↑ $8,000","Will Gold (GC) hit (HIGH) $8,000 by end of December?",1,0.04,1.0,0.17000000178813934,0.2849999964237213,0.2800000011920929,0.2750000059604645,False,False,1769986500.0,11.499999463558197,-0.9999990463256836,-0.4999995231628418,IS,-10.214285552501678,7
2026-02-09,1294366,192787,gold,"↑ $8,000","Will Gold (GC) hit (HIGH) $8,000 by end of December?",1,0.04,1.0,0.2849999964237213,0.2750000059604645,0.2750000059604645,0.2750000059604645,False,False,1770591300.0,-0.9999990463256836,0.0,0.0,IS,0.5833332737286886,6
2026-02-17,1294366,192787,gold,"↑ $8,000","Will Gold (GC) hit (HIGH) $8,000 by end of December?",1,0.04,1.0,0.18000000715255737,0.1899999976158142,0.1899999976158142,0.17499999701976776,False,False,1771196100.0,0.9999990463256836,-1.5000000596046448,0.0,IS,0.6428572748388562,7
2026-02-23,1294366,192787,gold,"↑ $8,000","Will Gold (GC) hit (HIGH) $8,000 by end of December?",1,0.04,1.0,0.14499999582767487,0.15000000596046448,0.15000000596046448,0.1899999976158142,False,False,1771800900.0,0.5000010132789612,3.999999165534973,0.0,IS,-2.071428511823927,7
2026-03-02,1294366,192787,gold,"↑ $8,000","Will Gold (GC) hit (HIGH) $8,000 by end of December?",1,0.04,1.0,0.22499999403953552,0.20000000298023224,0.20000000298023224,0.20000000298023224,False,False,1772405700.0,-2.4999991059303284,0.0,0.0,IS,-6.25,4
2026-03-09,1294366,192787,gold,"↑ $8,000","Will Gold (GC) hit (HIGH) $8,000 by end of December?",1,0.04,1.0,0.17000000178813934,0.19499999284744263,0.19499999284744263,0.19499999284744263,False,False,1773006900.0,2.4999991059303284,0.0,0.0,IS,-0.6666660308837891,6
2026-03-16,1294366,192787,gold,"↑ $8,000","Will Gold (GC) hit (HIGH) $8,000 by end of December?",1,0.04,1.0,0.1599999964237213,0.15000000596046448,0.15000000596046448,0.14499999582767487,False,False,1773611700.0,-0.9999990463256836,-0.5000010132789612,0.0,IS,1.9999995827674866,8
2026-03-23,1294366,192787,gold,"↑ $8,000","Will Gold (GC) hit (HIGH) $8,000 by end of December?",1,0.04,1.0,0.14000000059604645,0.14499999582767487,0.14499999582767487,0.15000000596046448,False,False,1774216500.0,0.4999995231628418,0.5000010132789612,0.0,IS,-0.33333334657881,9
2026-03-30,1294366,192787,gold,"↑ $8,000","Will Gold (GC) hit (HIGH) $8,000 by end of December?",1,0.04,1.0,0.10999999940395355,0.1599999964237213,0.1599999964237213,0.1550000011920929,False,False,1774821300.0,4.999999701976776,-0.4999995231628418,0.0,IS,3.09090871702541,11
2026-04-06,1294366,192787,gold,"↑ $8,000","Will Gold (GC) hit (HIGH) $8,000 by end of December?",1,0.04,1.0,0.13500000536441803,0.11999999731779099,0.11999999731779099,0.11999999731779099,False,False,1775426100.0,-1.5000008046627045,0.0,0.0,IS,2.8999996930360794,10
2026-04-13,1294366,192787,gold,"↑ $8,000","Will Gold (GC) hit (HIGH) $8,000 by end of December?",1,0.04,1.0,0.14499999582767487,0.1550000011920929,0.1550000011920929,0.15000000596046448,False,False,1776030900.0,1.000000536441803,-0.4999995231628418,0.0,IS,10.038461421544735,13
2026-04-20,1294366,192787,gold,"↑ $8,000","Will Gold (GC) hit (HIGH) $8,000 by end of December?",1,0.04,1.0,0.125,0.125,0.125,0.125,False,False,1776635700.0,0.0,0.0,0.0,IS,10.908333646754423,12
2026-04-27,1294366,192787,gold,"↑ $8,000","Will Gold (GC) hit (HIGH) $8,000 by end of December?",1,0.04,1.0,0.125,0.11999999731779099,0.11999999731779099,0.11500000208616257,False,False,1777240500.0,-0.5000002682209015,-0.4999995231628418,0.0,IS,3.7499993418653808,12
2026-05-04,1294366,192787,gold,"↑ $8,000","Will Gold (GC) hit (HIGH) $8,000 by end of December?",1,0.04,1.0,0.11500000208616257,0.0949999988079071,0.0949999988079071,0.0949999988079071,False,False,1777845300.0,-2.0000003278255463,0.0,0.0,IS,0.24999994784593582,12
2026-02-02,1294367,192787,gold,"↑ $7,000","Will Gold (GC) hit (HIGH) $7,000 by end of December?",1,0.04,1.0,0.49000000953674316,0.4749999940395355,0.4749999940395355,0.39500001072883606,False,False,1769986500.0,-1.5000015497207642,-7.999998331069946,0.0,IS,-10.214285552501678,7
2026-02-09,1294367,192787,gold,"↑ $7,000","Will Gold (GC) hit (HIGH) $7,000 by end of December?",1,0.04,1.0,0.44999998807907104,0.44999998807907104,0.44999998807907104,0.4449999928474426,False,False,1770591300.0,0.0,-0.4999995231628418,0.0,IS,0.5833332737286886,6
2026-02-17,1294367,192787,gold,"↑ $7,000","Will Gold (GC) hit (HIGH) $7,000 by end of December?",1,0.04,1.0,0.42500001192092896,0.4050000011920929,0.4050000011920929,0.4050000011920929,False,False,1771196100.0,-2.000001072883606,0.0,0.0,IS,0.6428572748388562,7
2026-02-23,1294367,192787,gold,"↑ $7,000","Will Gold (GC) hit (HIGH) $7,000 by end of December?",1,0.04,1.0,0.36500000953674316,0.2750000059604645,0.2750000059604645,0.28999999165534973,False,False,1771800900.0,-9.000000357627869,1.4999985694885254,0.0,IS,-2.071428511823927,7
2026-03-02,1294367,192787,gold,"↑ $7,000","Will Gold (GC) hit (HIGH) $7,000 by end of December?",1,0.04,1.0,0.4099999964237213,0.41999998688697815,0.41999998688697815,0.4399999976158142,False,False,1772405700.0,0.9999990463256836,2.000001072883606,0.0,IS,-6.25,4
2026-03-09,1294367,192787,gold,"↑ $7,000","Will Gold (GC) hit (HIGH) $7,000 by end of December?",1,0.04,1.0,0.22499999403953552,0.3100000023841858,0.3100000023841858,0.3100000023841858,False,False,1773006900.0,8.500000834465027,0.0,0.0,IS,-0.6666660308837891,6
2026-03-16,1294367,192787,gold,"↑ $7,000","Will Gold (GC) hit (HIGH) $7,000 by end of December?",1,0.04,1.0,0.23499999940395355,0.26499998569488525,0.2199999988079071,0.3100000023841858,False,False,1773611700.0,2.99999862909317,4.500001668930054,-4.499998688697815,IS,1.9999995827674866,8
2026-03-23,1294367,192787,gold,"↑ $7,000","Will Gold (GC) hit (HIGH) $7,000 by end of December?",1,0.04,1.0,0.28999999165534973,0.20000000298023224,0.20000000298023224,0.25,False,False,1774216500.0,-8.99999886751175,4.999999701976776,0.0,IS,-0.33333334657881,9
2026-03-30,1294367,192787,gold,"↑ $7,000","Will Gold (GC) hit (HIGH) $7,000 by end of December?",1,0.04,1.0,0.19499999284744263,0.23999999463558197,0.2199999988079071,0.2150000035762787,False,False,1774821300.0,4.500000178813934,-2.4999991059303284,-1.9999995827674866,IS,3.09090871702541,11
2026-04-06,1294367,192787,gold,"↑ $7,000","Will Gold (GC) hit (HIGH) $7,000 by end of December?",1,0.04,1.0,0.23000000417232513,0.2199999988079071,0.2199999988079071,0.2150000035762787,False,False,1775426100.0,-1.000000536441803,-0.4999995231628418,0.0,IS,2.8999996930360794,10
2026-04-13,1294367,192787,gold,"↑ $7,000","Will Gold (GC) hit (HIGH) $7,000 by end of December?",1,0.04,1.0,0.27000001072883606,0.3149999976158142,0.33000001311302185,0.29499998688697815,False,False,1776030900.0,4.499998688697815,-2.000001072883606,1.5000015497207642,IS,10.038461421544735,13
2026-04-20,1294367,192787,gold,"↑ $7,000","Will Gold (GC) hit (HIGH) $7,000 by end of December?",1,0.04,1.0,0.17499999701976776,0.1599999964237213,0.17000000178813934,0.17000000178813934,False,False,1776635700.0,-1.5000000596046448,1.000000536441803,1.000000536441803,IS,10.908333646754423,12
2026-04-27,1294367,192787,gold,"↑ $7,000","Will Gold (GC) hit (HIGH) $7,000 by end of December?",1,0.04,1.0,0.1850000023841858,0.17000000178813934,0.17000000178813934,0.1599999964237213,False,False,1777240500.0,-1.5000000596046448,-1.000000536441803,0.0,IS,3.7499993418653808,12
2026-05-04,1294367,192787,gold,"↑ $7,000","Will Gold (GC) hit (HIGH) $7,000 by end of December?",1,0.04,1.0,0.1550000011920929,0.11500000208616257,0.11500000208616257,0.13500000536441803,False,False,1777845300.0,-3.999999910593033,2.0000003278255463,0.0,IS,0.24999994784593582,12
2026-05-11,1294367,192787,gold,"↑ $7,000","Will Gold (GC) hit (HIGH) $7,000 by end of December?",1,0.04,1.0,0.12999999523162842,0.13500000536441803,0.13500000536441803,0.125,False,False,1778450100.0,0.5000010132789612,-1.000000536441803,0.0,IS,9.541666880249977,12
2026-05-18,1294367,192787,gold,"↑ $7,000","Will Gold (GC) hit (HIGH) $7,000 by end of December?",1,0.04,1.0,0.12999999523162842,0.11500000208616257,0.11500000208616257,0.11500000208616257,False,False,1779054900.0,-1.499999314546585,0.0,0.0,IS,4.000000123466764,14
2026-05-26,1294367,192787,gold,"↑ $7,000","Will Gold (GC) hit (HIGH) $7,000 by end of December?",1,0.04,1.0,0.10999999940395355,0.10499999672174454,0.10499999672174454,0.11500000208616257,False,False,1779659700.0,-0.5000002682209015,1.000000536441803,0.0,IS,-14.083333189288775,12
2026-06-01,1294367,192787,gold,"↑ $7,000","Will Gold (GC) hit (HIGH) $7,000 by end of December?",1,0.04,1.0,0.10999999940395355,0.09000000357627869,0.09000000357627869,0.09000000357627869,False,False,1780264500.0,-1.9999995827674866,0.0,0.0,IS,8.95833297011753,12
2026-02-02,1294368,192787,gold,"↑ $6,000","Will Gold (GC) hit (HIGH) $6,000 by end of December?",1,0.04,1.0,0.7450000047683716,0.675000011920929,0.6850000023841858,0.5450000166893005,False,False,1769986500.0,-6.999999284744263,-12.999999523162842,0.9999990463256836,IS,-10.214285552501678,7
2026-02-09,1294368,192787,gold,"↑ $6,000","Will Gold (GC) hit (HIGH) $6,000 by end of December?",1,0.04,1.0,0.7250000238418579,0.7250000238418579,0.7250000238418579,0.7250000238418579,False,False,1770591300.0,0.0,0.0,0.0,IS,0.5833332737286886,6
2026-02-17,1294368,192787,gold,"↑ $6,000","Will Gold (GC) hit (HIGH) $6,000 by end of December?",1,0.04,1.0,0.6700000166893005,0.675000011920929,0.675000011920929,0.6600000262260437,False,False,1771196100.0,0.4999995231628418,-1.4999985694885254,0.0,IS,0.6428572748388562,7
2026-02-23,1294368,192787,gold,"↑ $6,000","Will Gold (GC) hit (HIGH) $6,000 by end of December?",1,0.04,1.0,0.6000000238418579,0.625,0.625,0.6000000238418579,False,False,1771800900.0,2.499997615814209,-2.499997615814209,0.0,IS,-2.071428511823927,7
2026-03-02,1294368,192787,gold,"↑ $6,000","Will Gold (GC) hit (HIGH) $6,000 by end of December?",1,0.04,1.0,0.7049999833106995,0.7149999737739563,0.7200000286102295,0.675000011920929,False,False,1772405700.0,0.9999990463256836,-3.9999961853027344,0.5000054836273193,IS,-6.25,4
2026-03-09,1294368,192787,gold,"↑ $6,000","Will Gold (GC) hit (HIGH) $6,000 by end of December?",1,0.04,1.0,0.6349999904632568,0.6150000095367432,0.6150000095367432,0.6150000095367432,False,False,1773006900.0,-1.9999980926513672,0.0,0.0,IS,-0.6666660308837891,6
2026-03-16,1294368,192787,gold,"↑ $6,000","Will Gold (GC) hit (HIGH) $6,000 by end of December?",1,0.04,1.0,0.625,0.6050000190734863,0.6050000190734863,0.6150000095367432,False,False,1773611700.0,-1.9999980926513672,0.9999990463256836,0.0,IS,1.9999995827674866,8
2026-03-23,1294368,192787,gold,"↑ $6,000","Will Gold (GC) hit (HIGH) $6,000 by end of December?",1,0.04,1.0,0.46000000834465027,0.4699999988079071,0.4699999988079071,0.41999998688697815,False,False,1774216500.0,0.9999990463256836,-5.0000011920928955,0.0,IS,-0.33333334657881,9
2026-03-30,1294368,192787,gold,"↑ $6,000","Will Gold (GC) hit (HIGH) $6,000 by end of December?",1,0.04,1.0,0.4749999940395355,0.4350000023841858,0.42500001192092896,0.4350000023841858,False,False,1774821300.0,-3.999999165534973,0.0,-0.9999990463256836,IS,3.09090871702541,11
2026-04-06,1294368,192787,gold,"↑ $6,000","Will Gold (GC) hit (HIGH) $6,000 by end of December?",1,0.04,1.0,0.4300000071525574,0.4650000035762787,0.4650000035762787,0.4699999988079071,False,False,1775426100.0,3.4999996423721313,0.4999995231628418,0.0,IS,2.8999996930360794,10
2026-04-13,1294368,192787,gold,"↑ $6,000","Will Gold (GC) hit (HIGH) $6,000 by end of December?",1,0.04,1.0,0.4449999928474426,0.48500001430511475,0.4950000047683716,0.4749999940395355,False,False,1776030900.0,4.000002145767212,-1.0000020265579224,0.9999990463256836,IS,10.038461421544735,13
2026-04-20,1294368,192787,gold,"↑ $6,000","Will Gold (GC) hit (HIGH) $6,000 by end of December?",1,0.04,1.0,0.35499998927116394,0.3700000047683716,0.3700000047683716,0.3700000047683716,False,False,1776635700.0,1.5000015497207642,0.0,0.0,IS,10.908333646754423,12
2026-04-27,1294368,192787,gold,"↑ $6,000","Will Gold (GC) hit (HIGH) $6,000 by end of December?",1,0.04,1.0,0.36000001430511475,0.35499998927116394,0.35499998927116394,0.3499999940395355,False,False,1777240500.0,-0.5000025033950806,-0.4999995231628418,0.0,IS,3.7499993418653808,12
2026-05-04,1294368,192787,gold,"↑ $6,000","Will Gold (GC) hit (HIGH) $6,000 by end of December?",1,0.04,1.0,0.3050000071525574,0.30000001192092896,0.30000001192092896,0.3149999976158142,False,False,1777845300.0,-0.4999995231628418,1.4999985694885254,0.0,IS,0.24999994784593582,12
2026-05-11,1294368,192787,gold,"↑ $6,000","Will Gold (GC) hit (HIGH) $6,000 by end of December?",1,0.04,1.0,0.3149999976158142,0.3149999976158142,0.3149999976158142,0.3149999976158142,False,False,1778450100.0,0.0,0.0,0.0,IS,9.541666880249977,12
2026-05-18,1294368,192787,gold,"↑ $6,000","Will Gold (GC) hit (HIGH) $6,000 by end of December?",1,0.04,1.0,0.33500000834465027,0.3050000071525574,0.3050000071525574,0.28999999165534973,False,False,1779054900.0,-3.0000001192092896,-1.5000015497207642,0.0,IS,4.000000123466764,14
2026-05-26,1294368,192787,gold,"↑ $6,000","Will Gold (GC) hit (HIGH) $6,000 by end of December?",1,0.04,1.0,0.25999999046325684,0.2549999952316284,0.2549999952316284,0.23000000417232513,False,False,1779659700.0,-0.4999995231628418,-2.4999991059303284,0.0,IS,-14.083333189288775,12
2026-06-01,1294368,192787,gold,"↑ $6,000","Will Gold (GC) hit (HIGH) $6,000 by end of December?",1,0.04,1.0,0.22499999403953552,0.20999999344348907,0.20999999344348907,0.19499999284744263,False,False,1780264500.0,-1.5000000596046448,-1.5000000596046448,0.0,IS,8.95833297011753,12
2026-06-08,1294368,192787,gold,"↑ $6,000","Will Gold (GC) hit (HIGH) $6,000 by end of December?",1,0.04,1.0,0.16500000655651093,0.17499999701976776,0.17499999701976776,0.22499999403953552,False,False,1780869300.0,0.9999990463256836,4.999999701976776,0.0,IS,4.937499575316906,8
2026-06-15,1294368,192787,gold,"↑ $6,000","Will Gold (GC) hit (HIGH) $6,000 by end of December?",1,0.04,1.0,0.1599999964237213,0.14499999582767487,0.14499999582767487,0.15000000596046448,False,False,1781474100.0,-1.5000000596046448,0.5000010132789612,0.0,IS,-27.335000038146973,10
2026-06-22,1294368,192787,gold,"↑ $6,000","Will Gold (GC) hit (HIGH) $6,000 by end of December?",1,0.04,1.0,0.13500000536441803,0.10499999672174454,0.10499999672174454,0.10499999672174454,False,False,1782078900.0,-3.0000008642673492,0.0,0.0,IS,22.337499912828207,4
2026-08-10,1294368,192787,gold,"↑ $6,000","Will Gold (GC) hit (HIGH) $6,000 by end of December?",1,0.04,1.0,0.10499999672174454,0.0949999988079071,0.0949999988079071,0.0949999988079071,False,False,1786312500.0,-0.9999997913837433,0.0,0.0,OOS,4.499999433755875,2
2026-08-17,1294368,192787,gold,"↑ $6,000","Will Gold (GC) hit (HIGH) $6,000 by end of December?",1,0.04,1.0,0.10499999672174454,0.10499999672174454,0.10499999672174454,0.11500000208616257,False,False,1786917300.0,0.0,1.000000536441803,0.0,OOS,1.000000536441803,1
2026-08-24,1294368,192787,gold,"↑ $6,000","Will Gold (GC) hit (HIGH) $6,000 by end of December?",1,0.04,1.0,0.125,0.12999999523162842,0.12999999523162842,0.13500000536441803,False,False,1787522100.0,0.4999995231628418,0.5000010132789612,0.0,OOS,-0.9999990463256836,1
2026-08-31,1294368,192787,gold,"↑ $6,000","Will Gold (GC) hit (HIGH) $6,000 by end of December?",1,0.04,1.0,0.125,0.11500000208616257,0.11500000208616257,0.11999999731779099,False,False,1788126900.0,-0.9999997913837433,0.4999995231628418,0.0,OOS,2.0000003278255463,1
2026-09-08,1294368,192787,gold,"↑ $6,000","Will Gold (GC) hit (HIGH) $6,000 by end of December?",1,0.04,1.0,0.10000000149011612,0.10499999672174454,0.10499999672174454,0.0949999988079071,False,False,1788731700.0,0.4999995231628418,-0.9999997913837433,0.0,OOS,nan,0
2025-11-03,657175,69122,stock,↑ $578,Will Tesla reach $578 in November?,1,0.0,1.0,0.19499999284744263,0.054999999701976776,0.054999999701976776,0.03999999910593033,False,False,1762124100.0,-13.999999314546585,-1.5000000596046448,0.0,IS,-2.3333330949147544,3
2025-11-03,657177,69122,stock,↑ $518,Will Tesla reach $518 in November?,1,0.0,1.0,0.4300000071525574,0.39500001072883606,0.39500001072883606,0.2800000011920929,False,False,1762124100.0,-3.4999996423721313,-11.500000953674316,0.0,IS,-2.3333330949147544,3
2025-11-10,657177,69122,stock,↑ $518,Will Tesla reach $518 in November?,1,0.0,1.0,0.15150000154972076,0.13950000703334808,0.13950000703334808,0.12800000607967377,False,False,1762728900.0,-1.199999451637268,-1.1500000953674316,0.0,IS,-1.0000012814998627,2
2025-11-03,657178,69122,stock,↑ $495,Will Tesla reach $495 in November?,1,0.0,1.0,0.6100000143051147,0.574999988079071,0.574999988079071,0.48500001430511475,False,False,1762124100.0,-3.50000262260437,-8.99999737739563,0.0,IS,-2.3333330949147544,3
2025-11-10,657178,69122,stock,↑ $495,Will Tesla reach $495 in November?,1,0.0,1.0,0.36500000953674316,0.2549999952316284,0.26499998569488525,0.3499999940395355,False,False,1762728900.0,-11.000001430511475,9.49999988079071,0.9999990463256836,IS,-1.0000012814998627,2
2025-11-03,657186,69122,stock,↓ $345,Will Tesla dip to $345 in November?,-1,0.0,1.0,0.2549999952316284,0.054999999701976776,0.054999999701976776,0.054999999701976776,False,False,1762124100.0,-19.999999552965164,0.0,0.0,IS,-2.3333330949147544,3
2025-11-17,657186,69122,stock,↓ $345,Will Tesla dip to $345 in November?,-1,0.0,1.0,0.11500000208616257,0.0949999988079071,0.0949999988079071,0.10999999940395355,False,False,1763333700.0,-2.0000003278255463,1.5000000596046448,0.0,IS,-0.2500005066394806,2
2025-11-24,657186,69122,stock,↓ $345,Will Tesla dip to $345 in November?,-1,0.0,1.0,0.10499999672174454,0.08500000089406967,0.08500000089406967,0.05000000074505806,False,False,1763938500.0,-1.9999995827674866,-3.500000014901161,0.0,IS,4.333333671092987,3
2026-03-09,1486039,242027,silver,↑ $95,Will Silver (SI) hit (HIGH) $95 by end of March?,1,0.0,1.0,0.48500001430511475,0.48500001430511475,0.4950000047683716,0.375,False,False,1773006900.0,0.0,-11.000001430511475,0.9999990463256836,IS,-0.6666660308837891,6
2026-03-16,1486039,242027,silver,↑ $95,Will Silver (SI) hit (HIGH) $95 by end of March?,1,0.0,1.0,0.3199999928474426,0.22499999403953552,0.22499999403953552,0.1599999964237213,False,False,1773611700.0,-9.49999988079071,-6.499999761581421,0.0,IS,1.9999995827674866,8
2026-03-09,1487354,242350,crude,$75-$80,Will Crude Oil (CL) settle at $75-$80 in March?,0,0.0,1.0,0.10000000149011612,0.054999999701976776,0.05999999865889549,0.0494999997317791,False,False,1773006900.0,-4.500000178813934,-0.5499999970197678,0.49999989569187164,IS,-0.6666660308837891,6
2026-03-09,1487355,242350,crude,$80-$85,Will Crude Oil (CL) settle at $80-$85 in March?,0,0.0,1.0,0.10000000149011612,0.07000000029802322,0.05999999865889549,0.07999999821186066,False,False,1773006900.0,-3.0000001192092896,0.9999997913837433,-1.0000001639127731,IS,-0.6666660308837891,6
2026-03-09,1487356,242350,crude,$85-$90,Will Crude Oil (CL) settle at $85-$90 in March?,0,0.0,1.0,0.10999999940395355,0.0949999988079071,0.06499999761581421,0.10999999940395355,False,False,1773006900.0,-1.5000000596046448,1.5000000596046448,-3.0000001192092896,IS,-0.6666660308837891,6
2026-03-16,1487356,242350,crude,$85-$90,Will Crude Oil (CL) settle at $85-$90 in March?,0,0.0,1.0,0.10999999940395355,0.10999999940395355,0.11500000208616257,0.1599999964237213,False,False,1773611700.0,0.0,4.999999701976776,0.5000002682209015,IS,1.9999995827674866,8
2026-03-09,1487357,242350,crude,$90+,Will Crude Oil (CL) settle at $90+ in March?,0,0.0,1.0,0.5699999928474426,0.7099999785423279,0.7799999713897705,0.7099999785423279,False,False,1773006900.0,13.999998569488525,0.0,6.999999284744263,IS,-0.6666660308837891,6
2026-03-16,1487357,242350,crude,$90+,Will Crude Oil (CL) settle at $90+ in March?,0,0.0,1.0,0.6600000262260437,0.75,0.75,0.675000011920929,False,False,1773611700.0,8.99999737739563,-7.4999988079071045,0.0,IS,1.9999995827674866,8
2026-03-23,1487357,242350,crude,$90+,Will Crude Oil (CL) settle at $90+ in March?,0,0.0,1.0,0.75,0.8050000071525574,0.7900000214576721,0.625,False,False,1774216500.0,5.500000715255737,-18.000000715255737,-1.4999985694885254,IS,-0.33333334657881,9
2026-03-30,1487357,242350,crude,$90+,Will Crude Oil (CL) settle at $90+ in March?,0,0.0,1.0,0.875,0.8675000071525574,0.9194999933242798,0.9574999809265137,False,False,1774821300.0,-0.7499992847442627,8.99999737739563,5.199998617172241,IS,3.09090871702541,11
2025-11-03,657191,69123,stock,↑ $236,Will NVIDIA reach $236 in November?,1,0.0,1.0,0.5099999904632568,0.29499998688697815,0.29499998688697815,0.2549999952316284,False,False,1762124100.0,-21.50000035762787,-3.999999165534973,0.0,IS,-2.3333330949147544,3
2025-11-03,657193,69123,stock,↑ $216,Will NVIDIA reach $216 in November?,1,0.0,1.0,0.6499999761581421,0.6549999713897705,0.6549999713897705,0.7799999713897705,False,False,1762124100.0,0.4999995231628418,12.5,0.0,IS,-2.3333330949147544,3
2025-11-10,657193,69123,stock,↑ $216,Will NVIDIA reach $216 in November?,1,0.0,1.0,0.23000000417232513,0.19499999284744263,0.2150000035762787,0.38999998569488525,False,False,1762728900.0,-3.5000011324882507,19.499999284744263,2.000001072883606,IS,-1.0000012814998627,2
2025-11-17,657193,69123,stock,↑ $216,Will NVIDIA reach $216 in November?,1,0.0,1.0,0.23499999940395355,0.2150000035762787,0.2150000035762787,0.22499999403953552,False,False,1763333700.0,-1.9999995827674866,0.9999990463256836,0.0,IS,-0.2500005066394806,2
2025-11-03,657198,69123,stock,↓ $172,Will NVIDIA dip to $172 in November?,-1,0.0,1.0,0.47999998927116394,0.23499999940395355,0.23499999940395355,0.23499999940395355,False,False,1762124100.0,-24.49999898672104,0.0,0.0,IS,-2.3333330949147544,3
2025-11-10,657198,69123,stock,↓ $172,Will NVIDIA dip to $172 in November?,-1,0.0,1.0,0.550000011920929,0.41999998688697815,0.41999998688697815,0.3199999928474426,False,False,1762728900.0,-13.00000250339508,-9.999999403953552,0.0,IS,-1.0000012814998627,2
2025-11-17,657198,69123,stock,↓ $172,Will NVIDIA dip to $172 in November?,-1,0.0,1.0,0.35499998927116394,0.32499998807907104,0.32499998807907104,0.4699999988079071,False,False,1763333700.0,-3.0000001192092896,14.500001072883606,0.0,IS,-0.2500005066394806,2
2025-11-24,657198,69123,stock,↓ $172,Will NVIDIA dip to $172 in November?,-1,0.0,1.0,0.5350000262260437,0.5550000071525574,0.5600000023841858,0.5049999952316284,False,False,1763938500.0,1.9999980926513672,-5.0000011920928955,0.4999995231628418,IS,4.333333671092987,3
2025-12-29,1032255,125860,gold,"<$3,800","Will Gold (GC) settle at <$3,800 in June?",0,0.04,1.0,0.4749999940395355,0.48500001430511475,0.4699999988079071,0.44999998807907104,False,False,1766962500.0,1.0000020265579224,-3.50000262260437,-1.5000015497207642,IS,0.3999999165534973,5
2026-01-20,1032255,125860,gold,"<$3,800","Will Gold (GC) settle at <$3,800 in June?",0,0.04,1.0,0.10999999940395355,0.0949999988079071,0.0949999988079071,0.07500000298023224,False,False,1768776900.0,-1.5000000596046448,-1.9999995827674866,0.0,IS,2.4999991059303284,7
2026-02-02,1032255,125860,gold,"<$3,800","Will Gold (GC) settle at <$3,800 in June?",0,0.04,1.0,0.13300000131130219,0.12950000166893005,0.15449999272823334,0.13600000739097595,False,False,1769986500.0,-0.34999996423721313,0.6500005722045898,2.4999991059303284,IS,-10.214285552501678,7
2026-02-09,1032255,125860,gold,"<$3,800","Will Gold (GC) settle at <$3,800 in June?",0,0.04,1.0,0.14300000667572021,0.11550000309944153,0.11500000208616257,0.11249999701976776,False,False,1770591300.0,-2.7500003576278687,-0.3000006079673767,-0.05000010132789612,IS,0.5833332737286886,6
2026-03-30,1032255,125860,gold,"<$3,800","Will Gold (GC) settle at <$3,800 in June?",0,0.04,1.0,0.16349999606609344,0.09300000220537186,0.09300000220537186,0.1080000028014183,False,False,1774821300.0,-7.049999386072159,1.5000000596046448,0.0,IS,3.09090871702541,11
2025-12-29,1032256,125860,gold,"$3,800-$4,200","Will Gold (GC) settle at $3,800-$4,200 in June?",0,0.04,1.0,0.5,0.47999998927116394,0.4699999988079071,0.4749999940395355,False,False,1766962500.0,-2.000001072883606,-0.4999995231628418,-0.9999990463256836,IS,0.3999999165534973,5
2026-01-05,1032256,125860,gold,"$3,800-$4,200","Will Gold (GC) settle at $3,800-$4,200 in June?",0,0.04,1.0,0.1899999976158142,0.20999999344348907,0.19499999284744263,0.15000000596046448,False,False,1767567300.0,1.9999995827674866,-5.99999874830246,-1.5000000596046448,IS,9.700000286102295,5
2026-01-12,1032256,125860,gold,"$3,800-$4,200","Will Gold (GC) settle at $3,800-$4,200 in June?",0,0.04,1.0,0.15000000596046448,0.14499999582767487,0.14499999582767487,0.10999999940395355,False,False,1768172100.0,-0.5000010132789612,-3.4999996423721313,0.0,IS,5.800000429153442,5
2026-01-20,1032256,125860,gold,"$3,800-$4,200","Will Gold (GC) settle at $3,800-$4,200 in June?",0,0.04,1.0,0.11500000208616257,0.11500000208616257,0.11500000208616257,0.10999999940395355,False,False,1768776900.0,0.0,-0.5000002682209015,0.0,IS,2.4999991059303284,7
2026-03-23,1032256,125860,gold,"$3,800-$4,200","Will Gold (GC) settle at $3,800-$4,200 in June?",0,0.04,1.0,0.148499995470047,0.12999999523162842,0.14550000429153442,0.13050000369548798,False,False,1774216500.0,-1.850000023841858,0.05000084638595581,1.5500009059906006,IS,-0.33333334657881,9
2026-03-30,1032256,125860,gold,"$3,800-$4,200","Will Gold (GC) settle at $3,800-$4,200 in June?",0,0.04,1.0,0.15950000286102295,0.15950000286102295,0.15950000286102295,0.15950000286102295,False,False,1774821300.0,0.0,0.0,0.0,IS,3.09090871702541,11
2026-04-06,1032256,125860,gold,"$3,800-$4,200","Will Gold (GC) settle at $3,800-$4,200 in June?",0,0.04,1.0,0.12999999523162842,0.1354999989271164,0.09650000184774399,0.1315000057220459,False,False,1775426100.0,0.5500003695487976,-0.39999932050704956,-3.8999997079372406,IS,2.8999996930360794,10
2026-04-13,1032256,125860,gold,"$3,800-$4,200","Will Gold (GC) settle at $3,800-$4,200 in June?",0,0.04,1.0,0.13050000369548798,0.13099999725818634,0.13050000369548798,0.12300000339746475,False,False,1776030900.0,0.049999356269836426,-0.7999993860721588,-0.049999356269836426,IS,10.038461421544735,13
2026-04-20,1032256,125860,gold,"$3,800-$4,200","Will Gold (GC) settle at $3,800-$4,200 in June?",0,0.04,1.0,0.12300000339746475,0.11050000041723251,0.11050000041723251,0.11400000005960464,False,False,1776635700.0,-1.2500002980232239,0.34999996423721313,0.0,IS,10.908333646754423,12
2026-04-27,1032256,125860,gold,"$3,800-$4,200","Will Gold (GC) settle at $3,800-$4,200 in June?",0,0.04,1.0,0.11900000274181366,0.11550000309944153,0.11550000309944153,0.11749999970197678,False,False,1777240500.0,-0.34999996423721313,0.19999966025352478,0.0,IS,3.7499993418653808,12
2026-05-04,1032256,125860,gold,"$3,800-$4,200","Will Gold (GC) settle at $3,800-$4,200 in June?",0,0.04,1.0,0.1264999955892563,0.12449999898672104,0.12449999898672104,0.14350000023841858,False,False,1777845300.0,-0.19999966025352478,1.900000125169754,0.0,IS,0.24999994784593582,12
2026-05-18,1032256,125860,gold,"$3,800-$4,200","Will Gold (GC) settle at $3,800-$4,200 in June?",0,0.04,1.0,0.1525000035762787,0.14399999380111694,0.14100000262260437,0.14249999821186066,False,False,1779054900.0,-0.8500009775161743,-0.14999955892562866,-0.2999991178512573,IS,4.000000123466764,14
2026-05-26,1032256,125860,gold,"$3,800-$4,200","Will Gold (GC) settle at $3,800-$4,200 in June?",0,0.04,1.0,0.148499995470047,0.148499995470047,0.148499995470047,0.17499999701976776,False,False,1779659700.0,0.0,2.6500001549720764,0.0,IS,-14.083333189288775,12
2026-06-01,1032256,125860,gold,"$3,800-$4,200","Will Gold (GC) settle at $3,800-$4,200 in June?",0,0.04,1.0,0.16050000488758087,0.13050000369548798,0.12999999523162842,0.1420000046491623,False,False,1780264500.0,-3.0000001192092896,1.1500000953674316,-0.05000084638595581,IS,8.95833297011753,12
2026-06-08,1032256,125860,gold,"$3,800-$4,200","Will Gold (GC) settle at $3,800-$4,200 in June?",0,0.04,1.0,0.23999999463558197,0.2644999921321869,0.2644999921321869,0.30300000309944153,False,False,1780869300.0,2.449999749660492,3.850001096725464,0.0,IS,4.937499575316906,8
2026-06-15,1032256,125860,gold,"$3,800-$4,200","Will Gold (GC) settle at $3,800-$4,200 in June?",0,0.04,1.0,0.42800000309944153,0.4189999997615814,0.4090000092983246,0.3005000054836273,False,False,1781474100.0,-0.9000003337860107,-11.84999942779541,-0.9999990463256836,IS,-27.335000038146973,10
2026-06-22,1032256,125860,gold,"$3,800-$4,200","Will Gold (GC) settle at $3,800-$4,200 in June?",0,0.04,1.0,0.4690000116825104,0.5329999923706055,0.5245000123977661,0.5770000219345093,False,False,1782078900.0,6.399998068809509,4.400002956390381,-0.8499979972839355,IS,22.337499912828207,4
2026-06-29,1032256,125860,gold,"$3,800-$4,200","Will Gold (GC) settle at $3,800-$4,200 in June?",0,0.04,1.0,0.8884999752044678,0.890500009059906,0.925000011920929,0.9564999938011169,False,False,1782683700.0,0.20000338554382324,6.599998474121094,3.450000286102295,IS,7.000000774860382,2
2025-12-29,1032257,125860,gold,"$4,200-$4,600","Will Gold (GC) settle at $4,200-$4,600 in June?",0,0.04,1.0,0.5,0.48500001430511475,0.45500001311302185,0.4950000047683716,False,False,1766962500.0,-1.4999985694885254,0.9999990463256836,-3.0000001192092896,IS,0.3999999165534973,5
2026-01-05,1032257,125860,gold,"$4,200-$4,600","Will Gold (GC) settle at $4,200-$4,600 in June?",0,0.04,1.0,0.2800000011920929,0.25999999046325684,0.26499998569488525,0.25999999046325684,False,False,1767567300.0,-2.000001072883606,0.0,0.4999995231628418,IS,9.700000286102295,5
2026-01-12,1032257,125860,gold,"$4,200-$4,600","Will Gold (GC) settle at $4,200-$4,600 in June?",0,0.04,1.0,0.23499999940395355,0.23999999463558197,0.23999999463558197,0.20499999821186066,False,False,1768172100.0,0.4999995231628418,-3.4999996423721313,0.0,IS,5.800000429153442,5
2026-01-20,1032257,125860,gold,"$4,200-$4,600","Will Gold (GC) settle at $4,200-$4,600 in June?",0,0.04,1.0,0.20000000298023224,0.20000000298023224,0.20000000298023224,0.19499999284744263,False,False,1768776900.0,0.0,-0.5000010132789612,0.0,IS,2.4999991059303284,7
2026-01-26,1032257,125860,gold,"$4,200-$4,600","Will Gold (GC) settle at $4,200-$4,600 in June?",0,0.04,1.0,0.1014999970793724,0.09799999743700027,0.0989999994635582,0.0949999988079071,False,False,1769381700.0,-0.34999996423721313,-0.299999862909317,0.10000020265579224,IS,-1.0555570324261982,9
2026-02-09,1032257,125860,gold,"$4,200-$4,600","Will Gold (GC) settle at $4,200-$4,600 in June?",0,0.04,1.0,0.10000000149011612,0.0989999994635582,0.0989999994635582,0.09600000083446503,False,False,1770591300.0,-0.10000020265579224,-0.299999862909317,0.0,IS,0.5833332737286886,6
2026-02-17,1032257,125860,gold,"$4,200-$4,600","Will Gold (GC) settle at $4,200-$4,600 in June?",0,0.04,1.0,0.12399999797344208,0.1289999932050705,0.12800000607967377,0.11649999767541885,False,False,1771196100.0,0.4999995231628418,-1.2499995529651642,-0.09999871253967285,IS,0.6428572748388562,7
2026-02-23,1032257,125860,gold,"$4,200-$4,600","Will Gold (GC) settle at $4,200-$4,600 in June?",0,0.04,1.0,0.11299999803304672,0.11999999731779099,0.10750000178813934,0.10350000113248825,False,False,1771800900.0,0.6999999284744263,-1.6499996185302734,-1.2499995529651642,IS,-2.071428511823927,7
2026-03-16,1032257,125860,gold,"$4,200-$4,600","Will Gold (GC) settle at $4,200-$4,600 in June?",0,0.04,1.0,0.11050000041723251,0.12250000238418579,0.12250000238418579,0.1315000057220459,False,False,1773611700.0,1.2000001966953278,0.9000003337860107,0.0,IS,1.9999995827674866,8
2026-03-23,1032257,125860,gold,"$4,200-$4,600","Will Gold (GC) settle at $4,200-$4,600 in June?",0,0.04,1.0,0.17399999499320984,0.1860000044107437,0.1875,0.1899999976158142,False,False,1774216500.0,1.2000009417533875,0.39999932050704956,0.14999955892562866,IS,-0.33333334657881,9
2026-03-30,1032257,125860,gold,"$4,200-$4,600","Will Gold (GC) settle at $4,200-$4,600 in June?",0,0.04,1.0,0.17949999868869781,0.16500000655651093,0.16500000655651093,0.18150000274181366,False,False,1774821300.0,-1.449999213218689,1.6499996185302734,0.0,IS,3.09090871702541,11
2026-04-06,1032257,125860,gold,"$4,200-$4,600","Will Gold (GC) settle at $4,200-$4,600 in June?",0,0.04,1.0,0.17649999260902405,0.18250000476837158,0.18299999833106995,0.19750000536441803,False,False,1775426100.0,0.6000012159347534,1.5000000596046448,0.049999356269836426,IS,2.8999996930360794,10
2026-04-13,1032257,125860,gold,"$4,200-$4,600","Will Gold (GC) settle at $4,200-$4,600 in June?",0,0.04,1.0,0.18299999833106995,0.18649999797344208,0.1860000044107437,0.18050000071525574,False,False,1776030900.0,0.34999996423721313,-0.599999725818634,-0.049999356269836426,IS,10.038461421544735,13
2026-04-20,1032257,125860,gold,"$4,200-$4,600","Will Gold (GC) settle at $4,200-$4,600 in June?",0,0.04,1.0,0.1899999976158142,0.18449999392032623,0.18449999392032623,0.18549999594688416,False,False,1776635700.0,-0.5500003695487976,0.10000020265579224,0.0,IS,10.908333646754423,12
2026-04-27,1032257,125860,gold,"$4,200-$4,600","Will Gold (GC) settle at $4,200-$4,600 in June?",0,0.04,1.0,0.20600000023841858,0.22699999809265137,0.22849999368190765,0.22849999368190765,False,False,1777240500.0,2.099999785423279,0.14999955892562866,0.14999955892562866,IS,3.7499993418653808,12
2026-05-04,1032257,125860,gold,"$4,200-$4,600","Will Gold (GC) settle at $4,200-$4,600 in June?",0,0.04,1.0,0.25699999928474426,0.2565000057220459,0.2565000057220459,0.26600000262260437,False,False,1777845300.0,-0.049999356269836426,0.9499996900558472,0.0,IS,0.24999994784593582,12
2026-05-11,1032257,125860,gold,"$4,200-$4,600","Will Gold (GC) settle at $4,200-$4,600 in June?",0,0.04,1.0,0.2524999976158142,0.26249998807907104,0.26249998807907104,0.2574999928474426,False,False,1778450100.0,0.9999990463256836,-0.4999995231628418,0.0,IS,9.541666880249977,12
2026-05-18,1032257,125860,gold,"$4,200-$4,600","Will Gold (GC) settle at $4,200-$4,600 in June?",0,0.04,1.0,0.30000001192092896,0.29750001430511475,0.296999990940094,0.29750001430511475,False,False,1779054900.0,-0.2499997615814209,0.0,-0.050002336502075195,IS,4.000000123466764,14
2026-05-26,1032257,125860,gold,"$4,200-$4,600","Will Gold (GC) settle at $4,200-$4,600 in June?",0,0.04,1.0,0.390500009059906,0.3720000088214874,0.37049999833106995,0.3569999933242798,False,False,1779659700.0,-1.850000023841858,-1.5000015497207642,-0.15000104904174805,IS,-14.083333189288775,12
2026-06-01,1032257,125860,gold,"$4,200-$4,600","Will Gold (GC) settle at $4,200-$4,600 in June?",0,0.04,1.0,0.3544999957084656,0.4025000035762787,0.4025000035762787,0.4099999964237213,False,False,1780264500.0,4.800000786781311,0.7499992847442627,0.0,IS,8.95833297011753,12
2026-06-08,1032257,125860,gold,"$4,200-$4,600","Will Gold (GC) settle at $4,200-$4,600 in June?",0,0.04,1.0,0.46050000190734863,0.42649999260902405,0.45750001072883606,0.4909999966621399,False,False,1780869300.0,-3.4000009298324585,6.4500004053115845,3.100001811981201,IS,4.937499575316906,8
2026-06-15,1032257,125860,gold,"$4,200-$4,600","Will Gold (GC) settle at $4,200-$4,600 in June?",0,0.04,1.0,0.4194999933242798,0.46700000762939453,0.49549999833106995,0.5065000057220459,False,False,1781474100.0,4.750001430511475,3.9499998092651367,2.8499990701675415,IS,-27.335000038146973,10
2026-06-22,1032257,125860,gold,"$4,200-$4,600","Will Gold (GC) settle at $4,200-$4,600 in June?",0,0.04,1.0,0.4934999942779541,0.4104999899864197,0.43050000071525574,0.4034999907016754,False,False,1782078900.0,-8.300000429153442,-0.6999999284744263,2.000001072883606,IS,22.337499912828207,4
2026-06-29,1032257,125860,gold,"$4,200-$4,600","Will Gold (GC) settle at $4,200-$4,600 in June?",0,0.04,1.0,0.10949999839067459,0.10999999940395355,0.09000000357627869,0.026499999687075615,False,False,1782683700.0,0.05000010132789612,-8.349999971687794,-1.9999995827674866,IS,7.000000774860382,2
2025-12-29,1032259,125860,gold,"$4,600-$5,000","Will Gold (GC) settle at $4,600-$5,000 in June?",0,0.04,1.0,0.5,0.48500001430511475,0.48500001430511475,0.5,False,False,1766962500.0,-1.4999985694885254,1.4999985694885254,0.0,IS,0.3999999165534973,5
2026-01-05,1032259,125860,gold,"$4,600-$5,000","Will Gold (GC) settle at $4,600-$5,000 in June?",0,0.04,1.0,0.20000000298023224,0.20499999821186066,0.20499999821186066,0.23499999940395355,False,False,1767567300.0,0.4999995231628418,3.0000001192092896,0.0,IS,9.700000286102295,5
2026-01-12,1032259,125860,gold,"$4,600-$5,000","Will Gold (GC) settle at $4,600-$5,000 in June?",0,0.04,1.0,0.27000001072883606,0.2800000011920929,0.2800000011920929,0.2849999964237213,False,False,1768172100.0,0.9999990463256836,0.4999995231628418,0.0,IS,5.800000429153442,5
2026-01-20,1032259,125860,gold,"$4,600-$5,000","Will Gold (GC) settle at $4,600-$5,000 in June?",0,0.04,1.0,0.23000000417232513,0.24500000476837158,0.24500000476837158,0.25999999046325684,False,False,1768776900.0,1.5000000596046448,1.4999985694885254,0.0,IS,2.4999991059303284,7
2026-01-26,1032259,125860,gold,"$4,600-$5,000","Will Gold (GC) settle at $4,600-$5,000 in June?",0,0.04,1.0,0.24500000476837158,0.11500000208616257,0.11500000208616257,0.10499999672174454,False,False,1769381700.0,-13.000000268220901,-1.000000536441803,0.0,IS,-1.0555570324261982,9
2026-02-02,1032259,125860,gold,"$4,600-$5,000","Will Gold (GC) settle at $4,600-$5,000 in June?",0,0.04,1.0,0.10999999940395355,0.14499999582767487,0.14499999582767487,0.12999999523162842,False,False,1769986500.0,3.4999996423721313,-1.5000000596046448,0.0,IS,-10.214285552501678,7
2026-02-09,1032259,125860,gold,"$4,600-$5,000","Will Gold (GC) settle at $4,600-$5,000 in June?",0,0.04,1.0,0.11999999731779099,0.11500000208616257,0.11500000208616257,0.11500000208616257,False,False,1770591300.0,-0.4999995231628418,0.0,0.0,IS,0.5833332737286886,6
2026-02-17,1032259,125860,gold,"$4,600-$5,000","Will Gold (GC) settle at $4,600-$5,000 in June?",0,0.04,1.0,0.14000000059604645,0.1550000011920929,0.1550000011920929,0.16500000655651093,False,False,1771196100.0,1.5000000596046448,1.000000536441803,0.0,IS,0.6428572748388562,7
2026-02-23,1032259,125860,gold,"$4,600-$5,000","Will Gold (GC) settle at $4,600-$5,000 in June?",0,0.04,1.0,0.1599999964237213,0.1550000011920929,0.1550000011920929,0.1550000011920929,False,False,1771800900.0,-0.4999995231628418,0.0,0.0,IS,-2.071428511823927,7
2026-03-02,1032259,125860,gold,"$4,600-$5,000","Will Gold (GC) settle at $4,600-$5,000 in June?",0,0.04,1.0,0.1599999964237213,0.14000000059604645,0.14000000059604645,0.1599999964237213,False,False,1772405700.0,-1.9999995827674866,1.9999995827674866,0.0,IS,-6.25,4
2026-03-09,1032259,125860,gold,"$4,600-$5,000","Will Gold (GC) settle at $4,600-$5,000 in June?",0,0.04,1.0,0.16500000655651093,0.14499999582767487,0.1550000011920929,0.17000000178813934,False,False,1773006900.0,-2.000001072883606,2.5000005960464478,1.000000536441803,IS,-0.6666660308837891,6
2026-03-16,1032259,125860,gold,"$4,600-$5,000","Will Gold (GC) settle at $4,600-$5,000 in June?",0,0.04,1.0,0.1550000011920929,0.17499999701976776,0.17499999701976776,0.18000000715255737,False,False,1773611700.0,1.9999995827674866,0.5000010132789612,0.0,IS,1.9999995827674866,8
2026-03-23,1032259,125860,gold,"$4,600-$5,000","Will Gold (GC) settle at $4,600-$5,000 in June?",0,0.04,1.0,0.1850000023841858,0.1850000023841858,0.1899999976158142,0.17499999701976776,False,False,1774216500.0,0.0,-1.000000536441803,0.4999995231628418,IS,-0.33333334657881,9
2026-03-30,1032259,125860,gold,"$4,600-$5,000","Will Gold (GC) settle at $4,600-$5,000 in June?",0,0.04,1.0,0.17000000178813934,0.16500000655651093,0.16500000655651093,0.17000000178813934,False,False,1774821300.0,-0.4999995231628418,0.4999995231628418,0.0,IS,3.09090871702541,11
2026-04-06,1032259,125860,gold,"$4,600-$5,000","Will Gold (GC) settle at $4,600-$5,000 in June?",0,0.04,1.0,0.17499999701976776,0.17499999701976776,0.17499999701976776,0.17499999701976776,False,False,1775426100.0,0.0,0.0,0.0,IS,2.8999996930360794,10
2026-04-13,1032259,125860,gold,"$4,600-$5,000","Will Gold (GC) settle at $4,600-$5,000 in June?",0,0.04,1.0,0.23499999940395355,0.20499999821186066,0.20499999821186066,0.20499999821186066,False,False,1776030900.0,-3.0000001192092896,0.0,0.0,IS,10.038461421544735,13
2026-04-20,1032259,125860,gold,"$4,600-$5,000","Will Gold (GC) settle at $4,600-$5,000 in June?",0,0.04,1.0,0.17000000178813934,0.20000000298023224,0.20000000298023224,0.20000000298023224,False,False,1776635700.0,3.0000001192092896,0.0,0.0,IS,10.908333646754423,12
2026-04-27,1032259,125860,gold,"$4,600-$5,000","Will Gold (GC) settle at $4,600-$5,000 in June?",0,0.04,1.0,0.25,0.26499998569488525,0.26499998569488525,0.2549999952316284,False,False,1777240500.0,1.4999985694885254,-0.9999990463256836,0.0,IS,3.7499993418653808,12
2026-05-04,1032259,125860,gold,"$4,600-$5,000","Will Gold (GC) settle at $4,600-$5,000 in June?",0,0.04,1.0,0.2750000059604645,0.2849999964237213,0.2849999964237213,0.2549999952316284,False,False,1777845300.0,0.9999990463256836,-3.0000001192092896,0.0,IS,0.24999994784593582,12
2026-05-11,1032259,125860,gold,"$4,600-$5,000","Will Gold (GC) settle at $4,600-$5,000 in June?",0,0.04,1.0,0.3149999976158142,0.3149999976158142,0.3149999976158142,0.3149999976158142,False,False,1778450100.0,0.0,0.0,0.0,IS,9.541666880249977,12
2026-05-18,1032259,125860,gold,"$4,600-$5,000","Will Gold (GC) settle at $4,600-$5,000 in June?",0,0.04,1.0,0.28999999165534973,0.30000001192092896,0.3149999976158142,0.3100000023841858,False,False,1779054900.0,1.0000020265579224,0.9999990463256836,1.4999985694885254,IS,4.000000123466764,14
2026-05-26,1032259,125860,gold,"$4,600-$5,000","Will Gold (GC) settle at $4,600-$5,000 in June?",0,0.04,1.0,0.28999999165534973,0.3199999928474426,0.3199999928474426,0.3050000071525574,False,False,1779659700.0,3.0000001192092896,-1.4999985694885254,0.0,IS,-14.083333189288775,12
2026-06-01,1032259,125860,gold,"$4,600-$5,000","Will Gold (GC) settle at $4,600-$5,000 in June?",0,0.04,1.0,0.33000001311302185,0.3400000035762787,0.33500000834465027,0.28999999165534973,False,False,1780264500.0,0.9999990463256836,-5.0000011920928955,-0.4999995231628418,IS,8.95833297011753,12
2026-06-08,1032259,125860,gold,"$4,600-$5,000","Will Gold (GC) settle at $4,600-$5,000 in June?",0,0.04,1.0,0.14000000059604645,0.125,0.125,0.11500000208616257,False,False,1780869300.0,-1.5000000596046448,-0.9999997913837433,0.0,IS,4.937499575316906,8
2025-12-29,1032260,125860,gold,"$5,000-$5,400","Will Gold (GC) settle at $5,000-$5,400 in June?",0,0.04,1.0,0.5,0.4749999940395355,0.46000000834465027,0.4950000047683716,False,False,1766962500.0,-2.5000005960464478,2.000001072883606,-1.4999985694885254,IS,0.3999999165534973,5
2026-01-12,1032260,125860,gold,"$5,000-$5,400","Will Gold (GC) settle at $5,000-$5,400 in June?",0,0.04,1.0,0.15000000596046448,0.14499999582767487,0.14499999582767487,0.1550000011920929,False,False,1768172100.0,-0.5000010132789612,1.000000536441803,0.0,IS,5.800000429153442,5
2026-01-20,1032260,125860,gold,"$5,000-$5,400","Will Gold (GC) settle at $5,000-$5,400 in June?",0,0.04,1.0,0.17499999701976776,0.18000000715255737,0.18000000715255737,0.17499999701976776,False,False,1768776900.0,0.5000010132789612,-0.5000010132789612,0.0,IS,2.4999991059303284,7
2026-01-26,1032260,125860,gold,"$5,000-$5,400","Will Gold (GC) settle at $5,000-$5,400 in June?",0,0.04,1.0,0.20999999344348907,0.20499999821186066,0.2150000035762787,0.20999999344348907,False,False,1769381700.0,-0.4999995231628418,0.4999995231628418,1.000000536441803,IS,-1.0555570324261982,9
2026-02-02,1032260,125860,gold,"$5,000-$5,400","Will Gold (GC) settle at $5,000-$5,400 in June?",0,0.04,1.0,0.1120000034570694,0.12950000166893005,0.13050000369548798,0.1340000033378601,False,False,1769986500.0,1.7499998211860657,0.45000016689300537,0.10000020265579224,IS,-10.214285552501678,7
2026-02-09,1032260,125860,gold,"$5,000-$5,400","Will Gold (GC) settle at $5,000-$5,400 in June?",0,0.04,1.0,0.15600000321865082,0.17399999499320984,0.17399999499320984,0.1665000021457672,False,False,1770591300.0,1.799999177455902,-0.7499992847442627,0.0,IS,0.5833332737286886,6
2026-02-17,1032260,125860,gold,"$5,000-$5,400","Will Gold (GC) settle at $5,000-$5,400 in June?",0,0.04,1.0,0.19200000166893005,0.19750000536441803,0.19750000536441803,0.20999999344348907,False,False,1771196100.0,0.5500003695487976,1.2499988079071045,0.0,IS,0.6428572748388562,7
2026-02-23,1032260,125860,gold,"$5,000-$5,400","Will Gold (GC) settle at $5,000-$5,400 in June?",0,0.04,1.0,0.20999999344348907,0.21250000596046448,0.21250000596046448,0.21449999511241913,False,False,1771800900.0,0.2500012516975403,0.1999989151954651,0.0,IS,-2.071428511823927,7
2026-03-02,1032260,125860,gold,"$5,000-$5,400","Will Gold (GC) settle at $5,000-$5,400 in June?",0,0.04,1.0,0.19249999523162842,0.1655000001192093,0.1655000001192093,0.16349999606609344,False,False,1772405700.0,-2.699999511241913,-0.20000040531158447,0.0,IS,-6.25,4
2026-03-09,1032260,125860,gold,"$5,000-$5,400","Will Gold (GC) settle at $5,000-$5,400 in June?",0,0.04,1.0,0.17599999904632568,0.1704999953508377,0.16899999976158142,0.17299999296665192,False,False,1773006900.0,-0.5500003695487976,0.2499997615814209,-0.14999955892562866,IS,-0.6666660308837891,6
2026-03-16,1032260,125860,gold,"$5,000-$5,400","Will Gold (GC) settle at $5,000-$5,400 in June?",0,0.04,1.0,0.1875,0.17550000548362732,0.17550000548362732,0.16500000655651093,False,False,1773611700.0,-1.199999451637268,-1.0499998927116394,0.0,IS,1.9999995827674866,8
2026-03-23,1032260,125860,gold,"$5,000-$5,400","Will Gold (GC) settle at $5,000-$5,400 in June?",0,0.04,1.0,0.14650000631809235,0.1445000022649765,0.1445000022649765,0.15950000286102295,False,False,1774216500.0,-0.20000040531158447,1.5000000596046448,0.0,IS,-0.33333334657881,9
2026-03-30,1032260,125860,gold,"$5,000-$5,400","Will Gold (GC) settle at $5,000-$5,400 in June?",0,0.04,1.0,0.1315000057220459,0.16850000619888306,0.16699999570846558,0.14100000262260437,False,False,1774821300.0,3.700000047683716,-2.7500003576278687,-0.15000104904174805,IS,3.09090871702541,11
2026-04-06,1032260,125860,gold,"$5,000-$5,400","Will Gold (GC) settle at $5,000-$5,400 in June?",0,0.04,1.0,0.16300000250339508,0.15950000286102295,0.15449999272823334,0.15700000524520874,False,False,1775426100.0,-0.34999996423721313,-0.2499997615814209,-0.5000010132789612,IS,2.8999996930360794,10
2026-04-13,1032260,125860,gold,"$5,000-$5,400","Will Gold (GC) settle at $5,000-$5,400 in June?",0,0.04,1.0,0.1589999943971634,0.15850000083446503,0.15850000083446503,0.1589999943971634,False,False,1776030900.0,-0.049999356269836426,0.049999356269836426,0.0,IS,10.038461421544735,13
2026-04-20,1032260,125860,gold,"$5,000-$5,400","Will Gold (GC) settle at $5,000-$5,400 in June?",0,0.04,1.0,0.1704999953508377,0.17299999296665192,0.17299999296665192,0.1770000010728836,False,False,1776635700.0,0.2499997615814209,0.40000081062316895,0.0,IS,10.908333646754423,12
2026-04-27,1032260,125860,gold,"$5,000-$5,400","Will Gold (GC) settle at $5,000-$5,400 in June?",0,0.04,1.0,0.18000000715255737,0.1745000034570694,0.1745000034570694,0.17749999463558197,False,False,1777240500.0,-0.5500003695487976,0.2999991178512573,0.0,IS,3.7499993418653808,12
2026-05-04,1032260,125860,gold,"$5,000-$5,400","Will Gold (GC) settle at $5,000-$5,400 in June?",0,0.04,1.0,0.15150000154972076,0.1550000011920929,0.1550000011920929,0.15299999713897705,False,False,1777845300.0,0.34999996423721313,-0.20000040531158447,0.0,IS,0.24999994784593582,12
2026-05-11,1032260,125860,gold,"$5,000-$5,400","Will Gold (GC) settle at $5,000-$5,400 in June?",0,0.04,1.0,0.17000000178813934,0.17749999463558197,0.17749999463558197,0.16699999570846558,False,False,1778450100.0,0.7499992847442627,-1.0499998927116394,0.0,IS,9.541666880249977,12
2026-05-18,1032260,125860,gold,"$5,000-$5,400","Will Gold (GC) settle at $5,000-$5,400 in June?",0,0.04,1.0,0.1379999965429306,0.11400000005960464,0.11400000005960464,0.11599999666213989,False,False,1779054900.0,-2.399999648332596,0.19999966025352478,0.0,IS,4.000000123466764,14
2025-12-29,1032261,125860,gold,"$5,400-$5,800","Will Gold (GC) settle at $5,400-$5,800 in June?",0,0.04,1.0,0.48500001430511475,0.48500001430511475,0.44999998807907104,0.45500001311302185,False,False,1766962500.0,0.0,-3.0000001192092896,-3.50000262260437,IS,0.3999999165534973,5
2026-01-26,1032261,125860,gold,"$5,400-$5,800","Will Gold (GC) settle at $5,400-$5,800 in June?",0,0.04,1.0,0.13500000536441803,0.125,0.11500000208616257,0.15000000596046448,False,False,1769381700.0,-1.000000536441803,2.5000005960464478,-0.9999997913837433,IS,-1.0555570324261982,9
2026-02-02,1032261,125860,gold,"$5,400-$5,800","Will Gold (GC) settle at $5,400-$5,800 in June?",0,0.04,1.0,0.10000000149011612,0.10999999940395355,0.10999999940395355,0.125,False,False,1769986500.0,0.9999997913837433,1.5000000596046448,0.0,IS,-10.214285552501678,7
2026-02-09,1032261,125860,gold,"$5,400-$5,800","Will Gold (GC) settle at $5,400-$5,800 in June?",0,0.04,1.0,0.12999999523162842,0.12999999523162842,0.13500000536441803,0.13500000536441803,False,False,1770591300.0,0.0,0.5000010132789612,0.5000010132789612,IS,0.5833332737286886,6
2026-02-17,1032261,125860,gold,"$5,400-$5,800","Will Gold (GC) settle at $5,400-$5,800 in June?",0,0.04,1.0,0.1599999964237213,0.16500000655651093,0.16500000655651093,0.14499999582767487,False,False,1771196100.0,0.5000010132789612,-2.000001072883606,0.0,IS,0.6428572748388562,7
2026-02-23,1032261,125860,gold,"$5,400-$5,800","Will Gold (GC) settle at $5,400-$5,800 in June?",0,0.04,1.0,0.1550000011920929,0.1599999964237213,0.1599999964237213,0.16500000655651093,False,False,1771800900.0,0.4999995231628418,0.5000010132789612,0.0,IS,-2.071428511823927,7
2026-03-02,1032261,125860,gold,"$5,400-$5,800","Will Gold (GC) settle at $5,400-$5,800 in June?",0,0.04,1.0,0.18000000715255737,0.17499999701976776,0.17499999701976776,0.18000000715255737,False,False,1772405700.0,-0.5000010132789612,0.5000010132789612,0.0,IS,-6.25,4
2026-03-09,1032261,125860,gold,"$5,400-$5,800","Will Gold (GC) settle at $5,400-$5,800 in June?",0,0.04,1.0,0.1550000011920929,0.16500000655651093,0.16500000655651093,0.1599999964237213,False,False,1773006900.0,1.000000536441803,-0.5000010132789612,0.0,IS,-0.6666660308837891,6
2026-03-16,1032261,125860,gold,"$5,400-$5,800","Will Gold (GC) settle at $5,400-$5,800 in June?",0,0.04,1.0,0.14499999582767487,0.14499999582767487,0.14499999582767487,0.14499999582767487,False,False,1773611700.0,0.0,0.0,0.0,IS,1.9999995827674866,8
2026-03-23,1032261,125860,gold,"$5,400-$5,800","Will Gold (GC) settle at $5,400-$5,800 in June?",0,0.04,1.0,0.10499999672174454,0.10000000149011612,0.10000000149011612,0.09000000357627869,False,False,1774216500.0,-0.4999995231628418,-0.9999997913837433,0.0,IS,-0.33333334657881,9
2026-03-30,1032261,125860,gold,"$5,400-$5,800","Will Gold (GC) settle at $5,400-$5,800 in June?",0,0.04,1.0,0.10000000149011612,0.10999999940395355,0.10999999940395355,0.10000000149011612,False,False,1774821300.0,0.9999997913837433,-0.9999997913837433,0.0,IS,3.09090871702541,11
2026-04-06,1032261,125860,gold,"$5,400-$5,800","Will Gold (GC) settle at $5,400-$5,800 in June?",0,0.04,1.0,0.10999999940395355,0.11500000208616257,0.11500000208616257,0.11500000208616257,False,False,1775426100.0,0.5000002682209015,0.0,0.0,IS,2.8999996930360794,10
2026-04-13,1032261,125860,gold,"$5,400-$5,800","Will Gold (GC) settle at $5,400-$5,800 in June?",0,0.04,1.0,0.11500000208616257,0.11500000208616257,0.11500000208616257,0.11500000208616257,False,False,1776030900.0,0.0,0.0,0.0,IS,10.038461421544735,13
2026-04-20,1032261,125860,gold,"$5,400-$5,800","Will Gold (GC) settle at $5,400-$5,800 in June?",0,0.04,1.0,0.12999999523162842,0.12999999523162842,0.12999999523162842,0.12999999523162842,False,False,1776635700.0,0.0,0.0,0.0,IS,10.908333646754423,12
2026-04-27,1032261,125860,gold,"$5,400-$5,800","Will Gold (GC) settle at $5,400-$5,800 in June?",0,0.04,1.0,0.10999999940395355,0.10499999672174454,0.10499999672174454,0.10499999672174454,False,False,1777240500.0,-0.5000002682209015,0.0,0.0,IS,3.7499993418653808,12
2025-12-29,1032262,125860,gold,"$5,800-$6,200","Will Gold (GC) settle at $5,800-$6,200 in June?",0,0.04,1.0,0.47999998927116394,0.47999998927116394,0.45500001311302185,0.44999998807907104,False,False,1766962500.0,0.0,-3.0000001192092896,-2.499997615814209,IS,0.3999999165534973,5
2026-02-02,1032262,125860,gold,"$5,800-$6,200","Will Gold (GC) settle at $5,800-$6,200 in June?",0,0.04,1.0,0.10050000250339508,0.10750000178813934,0.10700000077486038,0.10949999839067459,False,False,1769986500.0,0.6999999284744263,0.19999966025352478,-0.05000010132789612,IS,-10.214285552501678,7
2026-02-17,1032262,125860,gold,"$5,800-$6,200","Will Gold (GC) settle at $5,800-$6,200 in June?",0,0.04,1.0,0.10350000113248825,0.10350000113248825,0.09849999845027924,0.09749999642372131,False,False,1771196100.0,0.0,-0.6000004708766937,-0.5000002682209015,IS,0.6428572748388562,7
2026-02-23,1032262,125860,gold,"$5,800-$6,200","Will Gold (GC) settle at $5,800-$6,200 in June?",0,0.04,1.0,0.1080000028014183,0.11150000244379044,0.11150000244379044,0.11699999868869781,False,False,1771800900.0,0.34999996423721313,0.5499996244907379,0.0,IS,-2.071428511823927,7
2026-03-02,1032262,125860,gold,"$5,800-$6,200","Will Gold (GC) settle at $5,800-$6,200 in June?",0,0.04,1.0,0.12300000339746475,0.10450000315904617,0.10450000315904617,0.10499999672174454,False,False,1772405700.0,-1.850000023841858,0.049999356269836426,0.0,IS,-6.25,4
2026-03-09,1032262,125860,gold,"$5,800-$6,200","Will Gold (GC) settle at $5,800-$6,200 in June?",0,0.04,1.0,0.15000000596046448,0.1289999932050705,0.125,0.15649999678134918,False,False,1773006900.0,-2.100001275539398,2.7500003576278687,-0.39999932050704956,IS,-0.6666660308837891,6
2026-03-16,1032262,125860,gold,"$5,800-$6,200","Will Gold (GC) settle at $5,800-$6,200 in June?",0,0.04,1.0,0.12950000166893005,0.13099999725818634,0.13099999725818634,0.12700000405311584,False,False,1773611700.0,0.14999955892562866,-0.39999932050704956,0.0,IS,1.9999995827674866,8
2025-12-29,1032263,125860,gold,">$6,200","Will Gold (GC) settle at >$6,200 in June?",0,0.04,1.0,0.4650000035762787,0.4749999940395355,0.4699999988079071,0.47999998927116394,False,False,1766962500.0,0.9999990463256836,0.4999995231628418,-0.4999995231628418,IS,0.3999999165534973,5
2026-01-26,1032263,125860,gold,">$6,200","Will Gold (GC) settle at >$6,200 in June?",0,0.04,1.0,0.18700000643730164,0.3244999945163727,0.31150001287460327,0.30149999260902405,False,False,1769381700.0,13.749998807907104,-2.3000001907348633,-1.299998164176941,IS,-1.0555570324261982,9
2026-02-02,1032263,125860,gold,">$6,200","Will Gold (GC) settle at >$6,200 in June?",0,0.04,1.0,0.22849999368190765,0.14800000190734863,0.14800000190734863,0.18449999392032623,False,False,1769986500.0,-8.049999177455902,3.64999920129776,0.0,IS,-10.214285552501678,7
2026-02-09,1032263,125860,gold,">$6,200","Will Gold (GC) settle at >$6,200 in June?",0,0.04,1.0,0.19449999928474426,0.16899999976158142,0.16949999332427979,0.17550000548362732,False,False,1770591300.0,-2.549999952316284,0.6500005722045898,0.049999356269836426,IS,0.5833332737286886,6
2026-02-17,1032263,125860,gold,">$6,200","Will Gold (GC) settle at >$6,200 in June?",0,0.04,1.0,0.18000000715255737,0.14749999344348907,0.14499999582767487,0.14900000393390656,False,False,1771196100.0,-3.25000137090683,0.15000104904174805,-0.2499997615814209,IS,0.6428572748388562,7
2026-02-23,1032263,125860,gold,">$6,200","Will Gold (GC) settle at >$6,200 in June?",0,0.04,1.0,0.13950000703334808,0.15000000596046448,0.15150000154972076,0.16300000250339508,False,False,1771800900.0,1.0499998927116394,1.2999996542930603,0.14999955892562866,IS,-2.071428511823927,7
2026-03-02,1032263,125860,gold,">$6,200","Will Gold (GC) settle at >$6,200 in June?",0,0.04,1.0,0.15700000524520874,0.2750000059604645,0.27399998903274536,0.22550000250339508,False,False,1772405700.0,11.800000071525574,-4.95000034570694,-0.10000169277191162,IS,-6.25,4
2026-03-09,1032263,125860,gold,">$6,200","Will Gold (GC) settle at >$6,200 in June?",0,0.04,1.0,0.17499999701976776,0.17749999463558197,0.17800000309944153,0.16050000488758087,False,False,1773006900.0,0.2499997615814209,-1.6999989748001099,0.05000084638595581,IS,-0.6666660308837891,6
2026-03-16,1032263,125860,gold,">$6,200","Will Gold (GC) settle at >$6,200 in June?",0,0.04,1.0,0.1354999989271164,0.12849999964237213,0.12800000607967377,0.1274999976158142,False,False,1773611700.0,-0.6999999284744263,-0.10000020265579224,-0.049999356269836426,IS,1.9999995827674866,8
2026-05-04,2074171,415432,sp500,↑ $770,Will S&P 500 (SPY) hit (HIGH) $770 in May?,1,0.04,1.0,0.13500000536441803,0.03500000014901161,0.03500000014901161,0.035999998450279236,False,False,1777845300.0,-10.000000521540642,0.09999983012676239,0.0,IS,0.24999994784593582,12
2026-05-11,2074171,415432,sp500,↑ $770,Will S&P 500 (SPY) hit (HIGH) $770 in May?,1,0.04,1.0,0.10249999910593033,0.17949999868869781,0.19949999451637268,0.19599999487400055,False,False,1778450100.0,7.699999958276749,1.6499996185302734,1.9999995827674866,IS,9.541666880249977,12
2026-05-18,2074171,415432,sp500,↑ $770,Will S&P 500 (SPY) hit (HIGH) $770 in May?,1,0.04,1.0,0.11649999767541885,0.08749999850988388,0.08749999850988388,0.05000000074505806,False,False,1779054900.0,-2.8999999165534973,-3.749999776482582,0.0,IS,4.000000123466764,14
2026-05-04,2074172,415432,sp500,↑ $760,Will S&P 500 (SPY) hit (HIGH) $760 in May?,1,0.04,1.0,0.23000000417232513,0.054499998688697815,0.05550000071525574,0.05950000137090683,False,False,1777845300.0,-17.550000548362732,0.5000002682209015,0.10000020265579224,IS,0.24999994784593582,12
2026-05-11,2074172,415432,sp500,↑ $760,Will S&P 500 (SPY) hit (HIGH) $760 in May?,1,0.04,1.0,0.2094999998807907,0.2750000059604645,0.26499998569488525,0.27649998664855957,False,False,1778450100.0,6.550000607967377,0.14999806880950928,-1.0000020265579224,IS,9.541666880249977,12
2026-05-18,2074172,415432,sp500,↑ $760,Will S&P 500 (SPY) hit (HIGH) $760 in May?,1,0.04,1.0,0.3264999985694885,0.3174999952316284,0.31700000166893005,0.21449999511241913,False,False,1779054900.0,-0.9000003337860107,-10.300000011920929,-0.049999356269836426,IS,4.000000123466764,14
2026-05-26,2074172,415432,sp500,↑ $760,Will S&P 500 (SPY) hit (HIGH) $760 in May?,1,0.04,1.0,0.2304999977350235,0.2955000102519989,0.3050000071525574,0.3154999911785126,False,False,1779659700.0,6.50000125169754,1.9999980926513672,0.9499996900558472,IS,-14.083333189288775,12
2026-05-04,2074173,415432,sp500,↑ $750,Will S&P 500 (SPY) hit (HIGH) $750 in May?,1,0.04,1.0,0.5649999976158142,0.26499998569488525,0.26499998569488525,0.23499999940395355,False,False,1777845300.0,-30.000001192092896,-2.99999862909317,0.0,IS,0.24999994784593582,12
2026-05-11,2074173,415432,sp500,↑ $750,Will S&P 500 (SPY) hit (HIGH) $750 in May?,1,0.04,1.0,0.5950000286102295,0.5849999785423279,0.5849999785423279,0.5849999785423279,False,False,1778450100.0,-1.0000050067901611,0.0,0.0,IS,9.541666880249977,12
2026-05-18,2074173,415432,sp500,↑ $750,Will S&P 500 (SPY) hit (HIGH) $750 in May?,1,0.04,1.0,0.5849999785423279,0.4749999940395355,0.4749999940395355,0.574999988079071,False,False,1779054900.0,-10.999998450279236,9.999999403953552,0.0,IS,4.000000123466764,14
2026-05-26,2074173,415432,sp500,↑ $750,Will S&P 500 (SPY) hit (HIGH) $750 in May?,1,0.04,1.0,0.6449999809265137,0.7749999761581421,0.8600000143051147,0.9994999766349792,False,False,1779659700.0,12.999999523162842,22.450000047683716,8.500003814697266,IS,-14.083333189288775,12
2026-05-04,2074174,415432,sp500,↑ $740,Will S&P 500 (SPY) hit (HIGH) $740 in May?,1,0.04,1.0,0.5249999761581421,0.4950000047683716,0.4950000047683716,0.4950000047683716,False,False,1777845300.0,-2.999997138977051,0.0,0.0,IS,0.24999994784593582,12
2026-05-11,2074174,415432,sp500,↑ $740,Will S&P 500 (SPY) hit (HIGH) $740 in May?,1,0.04,1.0,0.8949999809265137,0.8799999952316284,0.8799999952316284,0.8600000143051147,False,False,1778450100.0,-1.4999985694885254,-1.9999980926513672,0.0,IS,9.541666880249977,12
2026-05-04,2074177,415432,sp500,↓ $710,Will S&P 500 (SPY) hit (LOW) $710 in May?,-1,0.04,1.0,0.5099999904632568,0.7799999713897705,0.800000011920929,0.8199999928474426,False,False,1777845300.0,26.999998092651367,4.000002145767212,2.0000040531158447,IS,0.24999994784593582,12
2026-05-11,2074177,415432,sp500,↓ $710,Will S&P 500 (SPY) hit (LOW) $710 in May?,-1,0.04,1.0,0.32499998807907104,0.36500000953674316,0.36500000953674316,0.36500000953674316,False,False,1778450100.0,4.000002145767212,0.0,0.0,IS,9.541666880249977,12
2026-05-18,2074177,415432,sp500,↓ $710,Will S&P 500 (SPY) hit (LOW) $710 in May?,-1,0.04,1.0,0.23499999940395355,0.2549999952316284,0.2549999952316284,0.26499998569488525,False,False,1779054900.0,1.9999995827674866,0.9999990463256836,0.0,IS,4.000000123466764,14
2026-05-26,2074177,415432,sp500,↓ $710,Will S&P 500 (SPY) hit (LOW) $710 in May?,-1,0.04,1.0,0.12999999523162842,0.027499999850988388,0.027499999850988388,0.027000000700354576,False,False,1779659700.0,-10.249999538064003,-0.049999915063381195,0.0,IS,-14.083333189288775,12
2026-05-04,2074178,415432,sp500,↓ $700,Will S&P 500 (SPY) hit (LOW) $700 in May?,-1,0.04,1.0,0.5249999761581421,0.6100000143051147,0.6100000143051147,0.6150000095367432,False,False,1777845300.0,8.500003814697266,0.4999995231628418,0.0,IS,0.24999994784593582,12
2026-05-11,2074178,415432,sp500,↓ $700,Will S&P 500 (SPY) hit (LOW) $700 in May?,-1,0.04,1.0,0.25999999046325684,0.23999999463558197,0.2549999952316284,0.26499998569488525,False,False,1778450100.0,-1.9999995827674866,2.4999991059303284,1.5000000596046448,IS,9.541666880249977,12
2026-05-18,2074178,415432,sp500,↓ $700,Will S&P 500 (SPY) hit (LOW) $700 in May?,-1,0.04,1.0,0.1899999976158142,0.19499999284744263,0.19499999284744263,0.17499999701976776,False,False,1779054900.0,0.4999995231628418,-1.9999995827674866,0.0,IS,4.000000123466764,14
2026-05-18,2236283,415432,sp500,↓ $730,Will S&P 500 (SPY) hit (LOW) $730 in May?,-1,0.04,1.0,0.625,0.7300000190734863,0.7350000143051147,0.6700000166893005,False,False,1779054900.0,10.500001907348633,-6.000000238418579,0.4999995231628418,IS,4.000000123466764,14
2026-05-26,2236283,415432,sp500,↓ $730,Will S&P 500 (SPY) hit (LOW) $730 in May?,-1,0.04,1.0,0.4050000011920929,0.16500000655651093,0.20999999344348907,0.10499999672174454,False,False,1779659700.0,-23.999999463558197,-6.000000983476639,4.499998688697815,IS,-14.083333189288775,12
2026-05-18,2236284,415432,sp500,↓ $720,Will S&P 500 (SPY) hit (LOW) $720 in May?,-1,0.04,1.0,0.38499999046325684,0.5,0.48500001430511475,0.42500001192092896,False,False,1779054900.0,11.500000953674316,-7.4999988079071045,-1.4999985694885254,IS,4.000000123466764,14
2026-05-26,2236284,415432,sp500,↓ $720,Will S&P 500 (SPY) hit (LOW) $720 in May?,-1,0.04,1.0,0.2549999952316284,0.045499999076128006,0.045499999076128006,0.04050000011920929,False,False,1779659700.0,-20.94999961555004,-0.49999989569187164,0.0,IS,-14.083333189288775,12
2025-11-03,657154,69120,stock,↓ $260,Will Google dip to $260 in November?,-1,0.0,1.0,0.4950000047683716,0.38999998569488525,0.38999998569488525,0.5849999785423279,False,False,1762124100.0,-10.500001907348633,19.499999284744263,0.0,IS,-2.3333330949147544,3
2025-11-10,657154,69120,stock,↓ $260,Will Google dip to $260 in November?,-1,0.0,1.0,0.5,0.38999998569488525,0.38999998569488525,0.4300000071525574,False,False,1762728900.0,-11.000001430511475,4.000002145767212,0.0,IS,-1.0000012814998627,2
2025-11-17,657154,69120,stock,↓ $260,Will Google dip to $260 in November?,-1,0.0,1.0,0.36000001430511475,0.125,0.125,0.09000000357627869,False,False,1763333700.0,-23.500001430511475,-3.4999996423721313,0.0,IS,-0.2500005066394806,2
2025-11-03,657155,69120,stock,↓ $250,Will Google dip to $250 in November?,-1,0.0,1.0,0.45500001311302185,0.19499999284744263,0.19499999284744263,0.19499999284744263,False,False,1762124100.0,-26.000002026557922,0.0,0.0,IS,-2.3333330949147544,3
2025-11-10,657155,69120,stock,↓ $250,Will Google dip to $250 in November?,-1,0.0,1.0,0.11999999731779099,0.11500000208616257,0.12999999523162842,0.125,False,False,1762728900.0,-0.4999995231628418,0.9999997913837433,1.499999314546585,IS,-1.0000012814998627,2
2025-11-17,657155,69120,stock,↓ $250,Will Google dip to $250 in November?,-1,0.0,1.0,0.10999999940395355,0.07500000298023224,0.07500000298023224,0.027499999850988388,False,False,1763333700.0,-3.4999996423721313,-4.750000312924385,0.0,IS,-0.2500005066394806,2
2025-11-03,657156,69120,stock,↓ $235,Will Google dip to $235 in November?,-1,0.0,1.0,0.10000000149011612,0.11999999731779099,0.11999999731779099,0.11999999731779099,False,False,1762124100.0,1.9999995827674866,0.0,0.0,IS,-2.3333330949147544,3
2025-11-10,657156,69120,stock,↓ $235,Will Google dip to $235 in November?,-1,0.0,1.0,0.10999999940395355,0.10000000149011612,0.10000000149011612,0.07500000298023224,False,False,1762728900.0,-0.9999997913837433,-2.499999850988388,0.0,IS,-1.0000012814998627,2
2025-11-03,657157,69120,stock,↓ $220,Will Google dip to $220 in November?,-1,0.0,1.0,0.10000000149011612,0.10499999672174454,0.10499999672174454,0.06499999761581421,False,False,1762124100.0,0.4999995231628418,-3.999999910593033,0.0,IS,-2.3333330949147544,3
2026-06-29,2677831,631912,gold,"↑ $4,600","Will Gold (XAUUSD) hit (HIGH) $4,600 in July?",1,0.04,1.0,0.20499999821186066,0.22499999403953552,0.22499999403953552,0.22499999403953552,False,False,1782683700.0,1.9999995827674866,0.0,0.0,IS,7.000000774860382,2
2026-06-29,2677832,631912,gold,"↑ $4,500","Will Gold (XAUUSD) hit (HIGH) $4,500 in July?",1,0.04,1.0,0.2199999988079071,0.22499999403953552,0.22499999403953552,0.22499999403953552,False,False,1782683700.0,0.4999995231628418,0.0,0.0,IS,7.000000774860382,2
2026-07-06,2677832,631912,gold,"↑ $4,500","Will Gold (XAUUSD) hit (HIGH) $4,500 in July?",1,0.04,1.0,0.125,0.20499999821186066,0.20499999821186066,0.19499999284744263,False,False,1783288500.0,7.999999821186066,-1.000000536441803,0.0,IS,9.24999937415123,2
2026-06-29,2677833,631912,gold,"↑ $4,400","Will Gold (XAUUSD) hit (HIGH) $4,400 in July?",1,0.04,1.0,0.24500000476837158,0.23000000417232513,0.23000000417232513,0.2199999988079071,False,False,1782683700.0,-1.5000000596046448,-1.000000536441803,0.0,IS,7.000000774860382,2
2026-07-06,2677833,631912,gold,"↑ $4,400","Will Gold (XAUUSD) hit (HIGH) $4,400 in July?",1,0.04,1.0,0.25,0.375,0.3700000047683716,0.30000001192092896,False,False,1783288500.0,12.5,-7.4999988079071045,-0.4999995231628418,IS,9.24999937415123,2
2026-07-13,2677833,631912,gold,"↑ $4,400","Will Gold (XAUUSD) hit (HIGH) $4,400 in July?",1,0.04,1.0,0.17499999701976776,0.2199999988079071,0.1599999964237213,0.11999999731779099,False,False,1783893300.0,4.500000178813934,-10.000000149011612,-6.000000238418579,IS,4.999999701976776,1
2026-06-29,2677834,631912,gold,"↑ $4,300","Will Gold (XAUUSD) hit (HIGH) $4,300 in July?",1,0.04,1.0,0.38999998569488525,0.6100000143051147,0.6100000143051147,0.6000000238418579,False,False,1782683700.0,22.00000286102295,-0.9999990463256836,0.0,IS,7.000000774860382,2
2026-07-06,2677834,631912,gold,"↑ $4,300","Will Gold (XAUUSD) hit (HIGH) $4,300 in July?",1,0.04,1.0,0.46000000834465027,0.6549999713897705,0.6549999713897705,0.5550000071525574,False,False,1783288500.0,19.499996304512024,-9.999996423721313,0.0,IS,9.24999937415123,2
2026-07-13,2677834,631912,gold,"↑ $4,300","Will Gold (XAUUSD) hit (HIGH) $4,300 in July?",1,0.04,1.0,0.38999998569488525,0.3799999952316284,0.3700000047683716,0.2750000059604645,False,False,1783893300.0,-0.9999990463256836,-10.499998927116394,-0.9999990463256836,IS,4.999999701976776,1
2026-06-29,2677838,631912,gold,"↓ $3,900","Will Gold (XAUUSD) hit (LOW) $3,900 in July?",-1,0.04,1.0,0.6399999856948853,0.550000011920929,0.5450000166893005,0.6050000190734863,False,False,1782683700.0,-8.99999737739563,5.500000715255737,-0.4999995231628418,IS,7.000000774860382,2
2026-07-06,2677838,631912,gold,"↓ $3,900","Will Gold (XAUUSD) hit (LOW) $3,900 in July?",-1,0.04,1.0,0.41499999165534973,0.25,0.26499998569488525,0.33500000834465027,False,False,1783288500.0,-16.499999165534973,8.500000834465027,1.4999985694885254,IS,9.24999937415123,2
2026-07-13,2677838,631912,gold,"↓ $3,900","Will Gold (XAUUSD) hit (LOW) $3,900 in July?",-1,0.04,1.0,0.2849999964237213,0.29499998688697815,0.3449999988079071,0.4000000059604645,False,False,1783893300.0,0.9999990463256836,10.500001907348633,5.0000011920928955,IS,4.999999701976776,1
2026-07-20,2677838,631912,gold,"↓ $3,900","Will Gold (XAUUSD) hit (LOW) $3,900 in July?",-1,0.04,1.0,0.35499998927116394,0.3799999952316284,0.4099999964237213,0.33500000834465027,False,False,1784498100.0,2.5000005960464478,-4.499998688697815,3.0000001192092896,IS,2.749999985098839,2
2026-07-27,2677838,631912,gold,"↓ $3,900","Will Gold (XAUUSD) hit (LOW) $3,900 in July?",-1,0.04,1.0,0.18649999797344208,0.08950000256299973,0.08649999648332596,0.0625,False,False,1785102900.0,-9.699999541044235,-2.7000002562999725,-0.3000006079673767,IS,-22.00000174343586,2
2026-06-29,2677839,631912,gold,"↓ $3,800","Will Gold (XAUUSD) hit (LOW) $3,800 in July?",-1,0.04,1.0,0.5950000286102295,0.5450000166893005,0.550000011920929,0.5899999737739563,False,False,1782683700.0,-5.0000011920928955,4.499995708465576,0.4999995231628418,IS,7.000000774860382,2
2026-07-06,2677839,631912,gold,"↓ $3,800","Will Gold (XAUUSD) hit (LOW) $3,800 in July?",-1,0.04,1.0,0.22499999403953552,0.14499999582767487,0.14499999582767487,0.14499999582767487,False,False,1783288500.0,-7.999999821186066,0.0,0.0,IS,9.24999937415123,2
2026-07-13,2677839,631912,gold,"↓ $3,800","Will Gold (XAUUSD) hit (LOW) $3,800 in July?",-1,0.04,1.0,0.12999999523162842,0.12999999523162842,0.13500000536441803,0.14499999582767487,False,False,1783893300.0,0.0,1.5000000596046448,0.5000010132789612,IS,4.999999701976776,1
2026-07-20,2677839,631912,gold,"↓ $3,800","Will Gold (XAUUSD) hit (LOW) $3,800 in July?",-1,0.04,1.0,0.15000000596046448,0.125,0.12999999523162842,0.10999999940395355,False,False,1784498100.0,-2.5000005960464478,-1.5000000596046448,0.4999995231628418,IS,2.749999985098839,2
2026-06-29,2677840,631912,gold,"↓ $3,700","Will Gold (XAUUSD) hit (LOW) $3,700 in July?",-1,0.04,1.0,0.5049999952316284,0.5049999952316284,0.5049999952316284,0.5350000262260437,False,False,1782683700.0,0.0,3.0000030994415283,0.0,IS,7.000000774860382,2
2026-07-06,2677840,631912,gold,"↓ $3,700","Will Gold (XAUUSD) hit (LOW) $3,700 in July?",-1,0.04,1.0,0.11999999731779099,0.08500000089406967,0.08500000089406967,0.08500000089406967,False,False,1783288500.0,-3.4999996423721313,0.0,0.0,IS,9.24999937415123,2
2026-06-29,2677841,631912,gold,"↓ $3,600","Will Gold (XAUUSD) hit (LOW) $3,600 in July?",-1,0.04,1.0,0.5,0.5,0.5049999952316284,0.5299999713897705,False,False,1782683700.0,0.0,2.999997138977051,0.4999995231628418,IS,7.000000774860382,2
2026-06-29,2677842,631912,gold,"↓ $3,500","Will Gold (XAUUSD) hit (LOW) $3,500 in July?",-1,0.04,1.0,0.5049999952316284,0.47999998927116394,0.49000000953674316,0.5099999904632568,False,False,1782683700.0,-2.5000005960464478,3.0000001192092896,1.0000020265579224,IS,7.000000774860382,2
2025-11-03,657134,69119,stock,↑ $276,Will Amazon reach $276 in November?,1,0.0,1.0,0.13500000536441803,0.14499999582767487,0.14499999582767487,0.13500000536441803,False,False,1762124100.0,0.9999990463256836,-0.9999990463256836,0.0,IS,-2.3333330949147544,3
2025-11-10,657134,69119,stock,↑ $276,Will Amazon reach $276 in November?,1,0.0,1.0,0.17000000178813934,0.18000000715255737,0.18000000715255737,0.17499999701976776,False,False,1762728900.0,1.000000536441803,-0.5000010132789612,0.0,IS,-1.0000012814998627,2
2025-11-17,657134,69119,stock,↑ $276,Will Amazon reach $276 in November?,1,0.0,1.0,0.10499999672174454,0.07000000029802322,0.07000000029802322,0.07000000029802322,False,False,1763333700.0,-3.4999996423721313,0.0,0.0,IS,-0.2500005066394806,2
2025-11-03,657142,69119,stock,↓ $196,Will Amazon dip to $196 in November?,-1,0.0,1.0,0.1550000011920929,0.06949999928474426,0.0689999982714653,0.07400000095367432,False,False,1762124100.0,-8.550000190734863,0.45000016689300537,-0.05000010132789612,IS,-2.3333330949147544,3
2026-08-10,3096357,746375,gold,"↑ $4,700","Will Gold (XAUUSD) hit (HIGH) $4,700 in August?",1,0.04,1.0,0.14350000023841858,0.11949999630451202,0.11949999630451202,0.11800000071525574,False,False,1786312500.0,-2.4000003933906555,-0.14999955892562866,0.0,OOS,4.499999433755875,2
2026-08-24,3096357,746375,gold,"↑ $4,700","Will Gold (XAUUSD) hit (HIGH) $4,700 in August?",1,0.04,1.0,0.5795000195503235,0.5755000114440918,0.5799999833106995,0.8865000009536743,False,False,1787522100.0,-0.40000081062316895,31.099998950958252,0.4499971866607666,OOS,-0.9999990463256836,1
2026-08-10,3096358,746375,gold,"↑ $4,600","Will Gold (XAUUSD) hit (HIGH) $4,600 in August?",1,0.04,1.0,0.2980000078678131,0.29350000619888306,0.29350000619888306,0.2619999945163727,False,False,1786312500.0,-0.45000016689300537,-3.1500011682510376,0.0,OOS,4.499999433755875,2
2026-08-17,3096358,746375,gold,"↑ $4,600","Will Gold (XAUUSD) hit (HIGH) $4,600 in August?",1,0.04,1.0,0.19750000536441803,0.22550000250339508,0.226500004529953,0.25450000166893005,False,False,1786917300.0,2.799999713897705,2.8999999165534973,0.10000020265579224,OOS,1.000000536441803,1
2026-08-10,3096359,746375,gold,"↑ $4,500","Will Gold (XAUUSD) hit (HIGH) $4,500 in August?",1,0.04,1.0,0.5260000228881836,0.5354999899864197,0.5379999876022339,0.4790000021457672,False,False,1786312500.0,0.9499967098236084,-5.649998784065247,0.2499997615814209,OOS,4.499999433755875,2
2026-08-17,3096359,746375,gold,"↑ $4,500","Will Gold (XAUUSD) hit (HIGH) $4,500 in August?",1,0.04,1.0,0.4675000011920929,0.5554999709129333,0.5534999966621399,0.5755000114440918,False,False,1786917300.0,8.799996972084045,2.0000040531158447,-0.1999974250793457,OOS,1.000000536441803,1
2026-08-03,3096360,746375,gold,"↑ $4,400","Will Gold (XAUUSD) hit (HIGH) $4,400 in August?",1,0.04,1.0,0.20999999344348907,0.125,0.14499999582767487,0.07500000298023224,False,False,1785707700.0,-8.499999344348907,-4.999999701976776,1.9999995827674866,OOS,nan,0
2026-08-10,3096360,746375,gold,"↑ $4,400","Will Gold (XAUUSD) hit (HIGH) $4,400 in August?",1,0.04,1.0,0.7979999780654907,0.8450000286102295,0.8450000286102295,0.8065000176429749,False,False,1786312500.0,4.700005054473877,-3.850001096725464,0.0,OOS,4.499999433755875,2
2026-08-03,3096364,746375,gold,"↓ $4,000","Will Gold (XAUUSD) hit (LOW) $4,000 in August?",-1,0.04,1.0,0.8650000095367432,0.7149999737739563,0.7300000190734863,0.8050000071525574,False,False,1785707700.0,-15.000003576278687,9.000003337860107,1.500004529953003,OOS,nan,0
2026-08-10,3096364,746375,gold,"↓ $4,000","Will Gold (XAUUSD) hit (LOW) $4,000 in August?",-1,0.04,1.0,0.11999999731779099,0.125,0.14000000059604645,0.10000000149011612,False,False,1786312500.0,0.5000002682209015,-2.499999850988388,1.5000000596046448,OOS,4.499999433755875,2
2026-08-03,3096365,746375,gold,"↓ $3,900","Will Gold (XAUUSD) hit (LOW) $3,900 in August?",-1,0.04,1.0,0.5400000214576721,0.42500001192092896,0.4399999976158142,0.5149999856948853,False,False,1785707700.0,-11.500000953674316,8.99999737739563,1.4999985694885254,OOS,nan,0
2026-08-03,3096366,746375,gold,"↓ $3,800","Will Gold (XAUUSD) hit (LOW) $3,800 in August?",-1,0.04,1.0,0.32499998807907104,0.2150000035762787,0.24500000476837158,0.2549999952316284,False,False,1785707700.0,-10.999998450279236,3.999999165534973,3.0000001192092896,OOS,nan,0
