pair,t_entry,date,edge,print_size,size,fill_rich,fill_cheap,fee_rich,fee_cheap,t_print_rich,t_print_cheap,capital_per,payoff,settled,result_rich,result_cheap,lock_end,lock_days,pnl_points,pnl_usd,capital_usd,pnl_usd_uncapped,universe,kind,event,rich,cheap
628683>628682,1760884587,2025-10-19,0.047015936300000005,150.24,100,0.1780159363,0.131,0.0,0.0,1760884573,1760884587,0.9529840637,1.0,True,0.0,0.0,1764087079.0,37.06587962962963,4.7015936300000005,4.7015936300000005,95.29840637,7.063674269712001,s11,strike,Monad FDV one day after launch?,628683,628682
641250>638732,1761145160,2025-10-22,0.9272561242,172.413793,100,0.9572561242000001,0.030000000000000002,0.0,0.0,1761145160,1761145132,0.07274387579999994,0.0,True,1.0,0.0,1763041486.0,21.94821759259259,-7.274387579999994,-7.274387579999994,7.274387579999994,-12.5420475441989,s11,date,Will the Government shutdown end by...?,641250,638732
641250>638732,1761188891,2025-10-22,0.963,10.0,10.0,0.983,0.020000000000000018,0.0,0.0,1761188891,1761188861,0.03700000000000003,0.0,True,1.0,0.0,1763041486.0,21.44207175925926,-3.7000000000000033,-0.37000000000000033,0.37000000000000033,-0.37000000000000033,s11,date,Will the Government shutdown end by...?,641250,638732
641250>638732,1761207457,2025-10-23,0.9603782037,40.6144,40.6144,0.974378191,0.013999987299999999,0.0,0.0,1761207417,1761207457,0.0396217963,0.0,True,1.0,0.0,1763041486.0,21.2271875,-3.9621796299999996,-1.60921548364672,1.60921548364672,-1.60921548364672,s11,date,Will the Government shutdown end by...?,641250,638732
641250>638732,1761296289,2025-10-24,0.9636167815,35.0,35.0,0.969,0.0053832185,0.0,0.0,1761296275,1761296289,0.03638321850000003,0.0,True,1.0,0.0,1763041486.0,20.19903935185185,-3.6383218500000027,-1.273412647500001,1.273412647500001,-1.273412647500001,s11,date,Will the Government shutdown end by...?,641250,638732
560552>641872,1761747645,2025-10-29,0.10593877070000002,77.0,77.0,0.969,0.8630612293,0.0,0.0,1761747645,1761747645,0.8940612293,1.0,True,1.0,1.0,1761761665.0,1.0,10.593877070000001,8.157285343900002,68.8427146561,8.157285343900002,s11,date,Will Russia capture Kupiansk by...?,560552,641872
666496>666495,1762397347,2025-11-05,0.24909100880000007,72.96,72.96,0.5700910088000001,0.321,0.0,0.0,1762397339,1762397347,0.7509089912,1.0,True,0.0,0.0,1775082939.0,146.82398148148147,24.90910088,18.173680002048,54.78631999795199,18.173680002048,s11,strike,edgeX FDV above ___ one day after launch?,666496,666495
676385>676390,1763488949,2025-11-18,0.040195833300000094,5.0,5.0,0.24119583330000005,0.20099999999999996,0.0,0.0,1763488949,1763488949,0.9598041666999999,1.0,True,0.0,0.0,1775004521.0,133.28208333333333,4.0195833300000094,0.20097916650000047,4.799020833499999,0.20097916650000047,s11,strike,Based FDV above ___ one day after launch?,676385,676390
690625>690624,1763539891,2025-11-19,0.008000000000000007,20.0,20.0,0.719,0.711,0.0,0.0,1763539891,1763539891,0.992,1.0,True,1.0,1.0,1776904604.0,154.68417824074075,0.8000000000000007,0.16000000000000014,19.84,0.16000000000000014,s11,strike,USD.AI FDV above ___ one day after launch?,690625,690624
690624>690623,1763557473,2025-11-19,0.06800000000000006,20.0,20.0,0.919,0.851,0.0,0.0,1763557473,1763557473,0.9319999999999999,1.0,True,1.0,1.0,1776904604.0,154.48068287037037,6.800000000000006,1.3600000000000012,18.64,1.3600000000000012,s11,strike,USD.AI FDV above ___ one day after launch?,690624,690623
690624>690623,1763563417,2025-11-19,0.04800000000000004,20.0,20.0,0.899,0.851,0.0,0.0,1763563417,1763563415,0.952,1.0,True,1.0,1.0,1776904604.0,154.41188657407406,4.800000000000004,0.9600000000000009,19.04,0.9600000000000009,s11,strike,USD.AI FDV above ___ one day after launch?,690624,690623
556033>686122,1763860813,2025-11-22,0.008000000000000007,5.0,5.0,0.549,0.541,0.0,0.0,1763860813,1763860813,0.992,1.0,True,1.0,1.0,1767429007.0,41.298541666666665,0.8000000000000007,0.040000000000000036,4.96,0.040000000000000036,s11,strike,Lighter market cap (FDV) one day after launch?,556033,686122
699278>699279,1763942403,2025-11-23,0.007999999999999993,18.91,18.91,0.079,0.07100000000000001,0.0,0.0,1763942369,1763942403,0.992,1.0,True,0.0,0.0,1764140887.0,2.2972685185185187,0.8000000000000007,0.15128000000000014,18.75872,0.15128000000000014,s11,date,US x Venezuela military engagement by...?,699278,699279
556033>686122,1763995619,2025-11-24,0.008000000000000007,797.0,100,0.489,0.481,0.0,0.0,1763995563,1763995619,0.992,1.0,True,1.0,1.0,1767429007.0,39.73828703703704,0.8000000000000007,0.8000000000000007,99.2,6.376000000000006,s11,strike,Lighter market cap (FDV) one day after launch?,556033,686122
556033>686122,1764029103,2025-11-24,0.00800000149999991,19.23,19.23,0.5290000014999999,0.521,0.0,0.0,1764029083,1764029103,0.9919999985000001,1.0,True,1.0,1.0,1767429007.0,39.35074074074074,0.8000001499999909,0.15384002884499826,19.076159971155,0.15384002884499826,s11,strike,Lighter market cap (FDV) one day after launch?,556033,686122
666497>666496,1764114867,2025-11-25,0.012999999999999956,10.0,10.0,0.21399999999999997,0.201,0.0,0.0,1764114867,1764114867,0.9870000000000001,1.0,True,0.0,0.0,1775082939.0,126.94527777777778,1.29999999999999,0.129999999999999,9.870000000000001,0.129999999999999,s11,strike,edgeX FDV above ___ one day after launch?,666497,666496
666498>666497,1764125365,2025-11-25,0.00799999999999998,90.0,90.0,0.09899999999999998,0.091,0.0,0.0,1764125365,1764125365,0.992,1.0,True,0.0,0.0,1775082939.0,126.82377314814815,0.8000000000000007,0.7200000000000006,89.28,0.7200000000000006,s11,strike,edgeX FDV above ___ one day after launch?,666498,666497
675030>676385,1764126111,2025-11-25,0.007999999999999952,7.59,7.59,0.07899999999999996,0.07100000000000001,0.0,0.0,1764126111,1764126111,0.992,1.0,True,0.0,0.0,1775004581.0,125.90821759259259,0.8000000000000007,0.06072000000000005,7.52928,0.06072000000000005,s11,strike,Based FDV above ___ one day after launch?,675030,676385
657162>657163,1764253105,2025-11-27,0.0017213445999999999,138.63,100,0.0047213446,0.003,0.0,0.0,1764253047,1764253105,0.9982786554,1.0,True,0.0,0.0,1764377115.0,1.435300925925926,0.17213445999999522,0.17213445999999522,99.82786554,0.23863000189799335,s11,strike,What will Meta (META) hit in November 2025?,657162,657163
657162>657163,1764259495,2025-11-27,0.001,406.0,100,0.004,0.003,0.0,0.0,1764259495,1764259457,0.999,1.0,True,0.0,0.0,1764377115.0,1.3613425925925926,0.10000000000000009,0.10000000000000009,99.9,0.40600000000000036,s11,strike,What will Meta (META) hit in November 2025?,657162,657163
657155>657154,1764262115,2025-11-27,0.001,300.0,100,0.007,0.006,0.0,0.0,1764262115,1764262075,0.999,1.0,True,0.0,0.0,1764387449.0,1.450625,0.10000000000000009,0.10000000000000009,99.9,0.30000000000000027,s11,strike,What will Google (GOOGL) hit in November 2025?,657155,657154
657156>657155,1764282921,2025-11-27,0.001,685.0,100,0.005,0.004,0.0,0.0,1764282917,1764282921,0.999,1.0,True,0.0,0.0,1764387449.0,1.209814814814815,0.10000000000000009,0.10000000000000009,99.9,0.6850000000000006,s11,strike,What will Google (GOOGL) hit in November 2025?,657156,657155
657143>657142,1764284687,2025-11-27,0.001,70.0,70.0,0.008,0.007,0.0,0.0,1764284665,1764284687,0.999,1.0,True,0.0,0.0,1764387447.0,1.1893518518518518,0.10000000000000009,0.07000000000000006,69.93,0.07000000000000006,s11,strike,What will Amazon (AMZN) hit in November 2025?,657143,657142
657132>657133,1764286313,2025-11-27,0.004,67.23,67.23,0.012,0.008,0.0,0.0,1764286313,1764286263,0.996,1.0,True,0.0,0.0,1764387447.0,1.1705324074074075,0.40000000000000036,0.26892000000000027,66.96108000000001,0.26892000000000027,s11,strike,What will Amazon (AMZN) hit in November 2025?,657132,657133
657132>657133,1764291629,2025-11-27,0.0019999999999999983,7.97,7.97,0.009999999999999998,0.008,0.0,0.0,1764291629,1764291605,0.998,1.0,True,0.0,0.0,1764387447.0,1.1090046296296296,0.20000000000000018,0.015940000000000013,7.95406,0.015940000000000013,s11,strike,What will Amazon (AMZN) hit in November 2025?,657132,657133
657132>657133,1764297371,2025-11-27,0.009000000500000053,22.119642,22.119642,0.013000000500000053,0.004,0.0,0.0,1764297371,1764297349,0.9909999995,1.0,True,0.0,0.0,1764387447.0,1.0425462962962964,0.9000000500000049,0.1990767890598221,21.920565210940175,0.1990767890598221,s11,strike,What will Amazon (AMZN) hit in November 2025?,657132,657133
666498>666497,1764619420,2025-12-01,0.016568571400000037,35.0,35.0,0.16756857140000003,0.151,0.0,0.0,1764619420,1764619420,0.9834314286,1.0,True,0.0,0.0,1775082939.0,121.10554398148147,1.656857140000001,0.5798999990000003,34.420100001,0.5798999990000003,s11,strike,edgeX FDV above ___ one day after launch?,666498,666497
556033>686122,1765132799,2025-12-07,0.3380000000000001,100.0,100.0,0.5890000000000001,0.251,0.0,0.0,1765132793,1765132799,0.6619999999999999,1.0,True,1.0,1.0,1767429007.0,26.57648148148148,33.80000000000001,33.80000000000001,66.19999999999999,33.80000000000001,s11,strike,Lighter market cap (FDV) one day after launch?,556033,686122
666646>556033,1765132859,2025-12-07,0.28800000010000004,5.0,5.0,0.5090000001,0.221,0.0,0.0,1765132805,1765132859,0.7119999999,2.0,True,0.0,1.0,1767429007.0,26.57578703703704,128.80000001,6.4400000005,3.5599999994999996,6.4400000005,s11,strike,Lighter market cap (FDV) one day after launch?,666646,556033
601577>666646,1765132943,2025-12-07,0.03431191880000001,7.04,7.04,0.359,0.3246880812,0.0,0.0,1765132901,1765132943,0.9656880811999999,1.0,True,0.0,0.0,1767171515.0,23.594583333333333,3.4311918800000063,0.24155590835200044,6.798444091647999,0.24155590835200044,s11,strike,Lighter market cap (FDV) one day after launch?,601577,666646
716635>716634,1765329504,2025-12-09,0.03860000000000008,25.0,25.0,0.30900000000000005,0.2704,0.0,0.0,1765329504,1765329488,0.9613999999999999,1.0,True,0.0,0.0,1768607610.0,37.94104166666666,3.860000000000008,0.965000000000002,24.034999999999997,0.965000000000002,s11,strike,Fogo FDV above ___ one day after launch?,716635,716634
716634>716633,1765407828,2025-12-10,0.5656215272,1500.0,100,0.879,0.3133784728,0.0,0.0,1765407828,1765407772,0.43437847279999997,1.0,True,0.0,0.0,1768607554.0,37.033865740740744,56.56215272,56.56215272,43.43784728,848.4322908,s11,strike,Fogo FDV above ___ one day after launch?,716634,716633
716633>716632,1765408072,2025-12-10,0.15408295659999993,2515.16,100,0.969,0.8149170434,0.0,0.0,1765408072,1765408016,0.8459170434000001,1.0,True,0.0,0.0,1768607550.0,37.03099537037037,15.408295659999993,15.408295659999993,84.59170434,387.5432891220558,s11,strike,Fogo FDV above ___ one day after launch?,716633,716632
822859>689649,1765417259,2025-12-10,0.02544031829999993,377.0,100,0.97,0.9445596817,0.0,0.0,1765417249,1765417259,0.9745596817000001,1.0,True,1.0,1.0,1765995038.0,6.687256944444444,2.544031829999993,2.544031829999993,97.45596817,9.590999999099974,s11,date,Gemini 3.0 Flash released by...?,822859,689649
822859>689649,1765688129,2025-12-13,0.007000000000000006,22.0,22.0,0.911,0.904,0.0,0.0,1765688129,1765688107,0.993,1.0,True,1.0,1.0,1765995038.0,3.5521875,0.7000000000000006,0.15400000000000014,21.846,0.15400000000000014,s11,date,Gemini 3.0 Flash released by...?,822859,689649
822859>689649,1765889275,2025-12-16,0.008000000200000024,82.142857,82.142857,0.985,0.9769999998,0.0,0.0,1765889275,1765889239,0.9919999998,1.0,True,1.0,1.0,1765995038.0,1.2241087962962962,0.8000000200000024,0.6571428724285734,81.48571412757143,0.6571428724285734,s11,date,Gemini 3.0 Flash released by...?,822859,689649
822859>689649,1765903469,2025-12-16,0.0030000000000000027,63.85,63.85,0.983,0.98,0.0,0.0,1765903469,1765903457,0.997,1.0,True,1.0,1.0,1765995038.0,1.0598263888888888,0.30000000000000027,0.19155000000000016,63.65845,0.19155000000000016,s11,date,Gemini 3.0 Flash released by...?,822859,689649
556033>686122,1765908581,2025-12-16,0.0036137050000000226,2.028168,2.028168,0.7146135669,0.7109998619,0.0,0.0,1765908581,1765908577,0.996386295,1.0,True,1.0,1.0,1767429007.0,17.59752314814815,0.36137050000000226,0.007329200842440046,2.02083879915756,0.007329200842440046,s11,strike,Lighter market cap (FDV) one day after launch?,556033,686122
941427>896328,1765934593,2025-12-16,0.0010000000000000009,11.36,11.36,0.97,0.969,0.0,0.0,1765934563,1765934593,0.999,1.0,True,1.0,1.0,1765995094.0,1.0,0.10000000000000009,0.011360000000000009,11.34864,0.011360000000000009,s11,date,Gemini 3.0 Flash released by...?,941427,896328
822859>689649,1765934863,2025-12-16,0.0044999999999999485,50.0,50.0,0.979,0.9745,0.0,0.0,1765934863,1765934853,0.9955,1.0,True,1.0,1.0,1765995038.0,1.0,0.44999999999999485,0.22499999999999742,49.775000000000006,0.22499999999999742,s11,date,Gemini 3.0 Flash released by...?,822859,689649
896328>822859,1765953023,2025-12-17,0.0008244535999999414,14.64,14.64,0.989,0.9881755464,0.0,0.0,1765953021,1765953023,0.9991755464000001,1.0,True,1.0,1.0,1765995094.0,1.0,0.08244535999999414,0.012070000703999143,14.627929999296,0.012070000703999143,s11,date,Gemini 3.0 Flash released by...?,896328,822859
556033>686122,1767002557,2025-12-29,0.038000000000000034,37.84,37.84,0.679,0.641,0.0,0.0,1767002541,1767002557,0.962,1.0,True,1.0,1.0,1767429007.0,4.935763888888889,3.8000000000000034,1.4379200000000014,36.402080000000005,1.4379200000000014,s11,strike,Lighter market cap (FDV) one day after launch?,556033,686122
556033>686122,1767027505,2025-12-29,0.00800007920000001,5.555554,5.555554,0.6390000792,0.631,0.0,0.0,1767027495,1767027505,0.9919999208,1.0,True,1.0,1.0,1767429007.0,4.647013888888889,0.800007920000001,0.04444487199987685,5.511109128000123,0.04444487199987685,s11,strike,Lighter market cap (FDV) one day after launch?,556033,686122
556033>686122,1767042705,2025-12-29,0.18800000000000006,1000.0,100,0.869,0.6809999999999999,0.0,0.0,1767042705,1767042645,0.8119999999999999,1.0,True,1.0,1.0,1767429007.0,4.471087962962963,18.800000000000004,18.800000000000004,81.19999999999999,188.00000000000006,s11,strike,Lighter market cap (FDV) one day after launch?,556033,686122
556033>686122,1767048579,2025-12-29,0.001836462300000008,300.1,100,0.899,0.8971635377,0.0,0.0,1767048579,1767048541,0.9981635377,1.0,True,1.0,1.0,1767429007.0,4.403101851851852,0.1836462300000008,0.1836462300000008,99.81635377,0.5511223362300024,s11,strike,Lighter market cap (FDV) one day after launch?,556033,686122
556033>686122,1767168243,2025-12-31,3.3000000509986194e-09,7.28,7.28,0.998,0.9979999967,0.0,0.0,1767168213,1767168243,0.9999999967,1.0,True,1.0,1.0,1767429007.0,3.018101851851852,3.3000000509986194e-07,2.402400037126995e-08,7.279999975976,2.402400037126995e-08,s11,strike,Lighter market cap (FDV) one day after launch?,556033,686122
916438>916439,1767420587,2026-01-03,0.04799999999999993,18.23,18.23,0.32899999999999996,0.281,0.0,0.0,1767420587,1767420529,0.9520000000000001,1.0,True,1.0,1.0,1767436313.0,1.0,4.799999999999994,0.8750399999999988,17.354960000000002,0.8750399999999988,s11,date,US x Venezuela military engagement by...?,916438,916439
956631>956632,1767423287,2026-01-03,0.018000000000000016,50.0,50.0,0.899,0.881,0.0,0.0,1767423287,1767423279,0.982,1.0,True,1.0,1.0,1767455485.0,1.0,1.8000000000000016,0.9000000000000008,49.1,0.9000000000000008,s11,date,US forces in Venezuela by...?,956631,956632
956631>956632,1767431359,2026-01-03,0.0037627358000000832,28.57,28.57,0.8250000000000001,0.8212372642,0.0,0.0,1767431359,1767431321,0.9962372641999999,1.0,True,1.0,1.0,1767455485.0,1.0,0.3762735800000083,0.10750136180600238,28.462498638194,0.10750136180600238,s11,date,US forces in Venezuela by...?,956631,956632
1107306>1107284,1767576743,2026-01-04,0.08166197180000001,35.98,35.98,0.139,0.0573380282,0.0,0.0,1767576743,1767576691,0.9183380282,1.0,True,0.0,0.0,1775198943.0,88.2199074074074,8.166197180000001,2.938197745364,33.041802254635996,2.938197745364,s11,date,US strike on Colombia by...?,1107306,1107284
1107306>1107284,1767592149,2026-01-05,0.09488385270000002,100.0,100.0,0.14900000000000002,0.0541161473,0.0,0.0,1767592099,1767592149,0.9051161473,1.0,True,0.0,0.0,1775198943.0,88.04159722222222,9.488385269999998,9.488385269999998,90.51161473,9.488385269999998,s11,date,US strike on Colombia by...?,1107306,1107284
1107306>1107284,1767596343,2026-01-05,0.09000001120000001,20.0,20.0,0.139,0.0489999888,0.0,0.0,1767596311,1767596343,0.9099999888,1.0,True,0.0,0.0,1775198943.0,87.99305555555556,9.00000112,1.8000002240000001,18.199999776,1.8000002240000001,s11,date,US strike on Colombia by...?,1107306,1107284
1107306>1107284,1767610411,2026-01-05,0.087,9.0,9.0,0.129,0.042,0.0,0.0,1767610411,1767610393,0.913,1.0,True,0.0,0.0,1775198943.0,87.83023148148148,8.699999999999996,0.7829999999999997,8.217,0.7829999999999997,s11,date,US strike on Colombia by...?,1107306,1107284
1107306>1107284,1767616843,2026-01-05,0.07400003079999995,22.988504,22.988504,0.12900002089999996,0.0549999901,0.0,0.0,1767616843,1767616833,0.9259999692,1.0,True,0.0,0.0,1775198943.0,87.75578703703704,7.400003079999995,1.701150004045922,21.287353995954078,1.701150004045922,s11,date,US strike on Colombia by...?,1107306,1107284
1107306>1107284,1767621301,2026-01-05,0.08300078830000002,2.290692,2.290692,0.13900005240000002,0.0559992641,0.0,0.0,1767621301,1767621293,0.9169992117,1.0,True,0.0,0.0,1775198943.0,87.70418981481481,8.300078830000002,0.19012924175250365,2.1005627582474964,0.19012924175250365,s11,date,US strike on Colombia by...?,1107306,1107284
1107306>1107284,1767628475,2026-01-05,0.09600001580000002,12.0,12.0,0.14900000000000002,0.0529999842,0.0,0.0,1767628449,1767628475,0.9039999841999999,1.0,True,0.0,0.0,1775198943.0,87.62115740740741,9.600001580000006,1.1520001896000007,10.8479998104,1.1520001896000007,s11,date,US strike on Colombia by...?,1107306,1107284
1107306>1107284,1767633957,2026-01-05,0.08281328500000001,54.360891,54.360891,0.139,0.056186715,0.0,0.0,1767633957,1767633955,0.9171867149999999,1.0,True,0.0,0.0,1775198943.0,87.55770833333334,8.281328500000008,4.5018039592369385,49.859087040763065,4.5018039592369385,s11,date,US strike on Colombia by...?,1107306,1107284
1107306>1107284,1767638815,2026-01-05,0.0650000097,15.63,15.63,0.119,0.0539999903,0.0,0.0,1767638809,1767638815,0.9349999903,1.0,True,0.0,0.0,1775198943.0,87.50148148148148,6.500000969999997,1.0159501516109997,14.614049848389001,1.0159501516109997,s11,date,US strike on Colombia by...?,1107306,1107284
1107306>1107284,1767642501,2026-01-05,0.09000000000000001,21.0,21.0,0.139,0.049,0.0,0.0,1767642443,1767642501,0.91,1.0,True,0.0,0.0,1775198943.0,87.45881944444444,8.999999999999996,1.8899999999999992,19.11,1.8899999999999992,s11,date,US strike on Colombia by...?,1107306,1107284
1107306>1107284,1767681017,2026-01-06,0.0640000913,6.136362,6.136362,0.1190000913,0.055,0.0,0.0,1767681017,1767680965,0.9359999087,1.0,True,0.0,0.0,1775198943.0,87.01303240740741,6.4000091299999955,0.3927277282498503,5.74363427175015,0.3927277282498503,s11,date,US strike on Colombia by...?,1107306,1107284
1107306>1107284,1767713895,2026-01-06,0.018000006300000017,3.191483,3.191483,0.05900000630000002,0.041,0.0,0.0,1767713859,1767713895,0.9819999937,1.0,True,0.0,0.0,1775198943.0,86.6325,1.8000006299999982,0.05744671410634284,3.134036285893657,0.05744671410634284,s11,date,US strike on Colombia by...?,1107306,1107284
1107306>1107284,1767780517,2026-01-07,0.03237124969999995,2.127658,2.127658,0.05900024439999996,0.026628994700000002,0.0,0.0,1767780473,1767780517,0.9676287503000001,1.0,True,0.0,0.0,1775198943.0,85.86141203703704,3.2371249699999938,0.06887494839420247,2.0587830516057974,0.06887494839420247,s11,date,US strike on Colombia by...?,1107306,1107284
1107306>1107284,1767796211,2026-01-07,0.0409999996,0.28,0.28,0.069,0.028000000400000002,0.0,0.0,1767796211,1767796203,0.9590000004000001,1.0,True,0.0,0.0,1775198943.0,85.67976851851851,4.099999959999989,0.011479999887999972,0.26852000011200006,0.011479999887999972,s11,date,US strike on Colombia by...?,1107306,1107284
1139922>1139923,1767947778,2026-01-09,0.012994748699999947,66.65,66.65,0.1839947487,0.17100000000000004,0.0,0.0,1767947778,1767947766,0.9870052513,1.0,True,0.0,0.0,1768287725.0,3.934571759259259,1.2994748699999947,0.8661000008549966,65.783899999145,0.8661000008549966,s11,date,US/Israel strikes Iran by...?,1139922,1139923
1107306>1107284,1767996850,2026-01-09,0.03399999999999992,6.02,6.02,0.06399999999999995,0.030000000000000027,0.0,0.0,1767996850,1767996826,0.9660000000000001,1.0,True,0.0,0.0,1775198943.0,83.35755787037037,3.399999999999992,0.2046799999999995,5.81532,0.2046799999999995,s11,date,US strike on Colombia by...?,1107306,1107284
1107306>1107284,1768032932,2026-01-10,0.0997945828,850.0,100,0.1420279059,0.0422333231,0.0,0.0,1768032908,1768032932,0.9002054172,1.0,True,0.0,0.0,1775198943.0,82.93994212962963,9.979458279999998,9.979458279999998,90.02054172,84.82539537999997,s11,date,US strike on Colombia by...?,1107306,1107284
716635>716634,1768067580,2026-01-10,0.0010000000000000078,149.55,100,0.009000000000000008,0.008,0.0,0.0,1768067580,1768067578,0.999,1.0,True,0.0,0.0,1768607610.0,6.2503472222222225,0.10000000000000009,0.10000000000000009,99.9,0.14955000000000016,s11,strike,Fogo FDV above ___ one day after launch?,716635,716634
1107306>1107284,1768085098,2026-01-10,0.07700001829999997,52.631577,52.631577,0.09699999999999998,0.019999981700000002,0.0,0.0,1768085072,1768085098,0.9229999817000001,1.0,True,0.0,0.0,1775198943.0,82.33616898148148,7.700001829999992,4.052632392157855,48.578944607842146,4.052632392157855,s11,date,US strike on Colombia by...?,1107306,1107284
984441>984442,1768093674,2026-01-10,0.007999999999999896,19.0,19.0,0.689,0.681,0.0,0.0,1768093614,1768093674,0.9920000000000001,1.0,True,1.0,1.0,1772271305.0,48.35221064814815,0.7999999999999896,0.15199999999999803,18.848000000000003,0.15199999999999803,s11,date,US strikes Iran by...?,984441,984442
1107306>1107284,1768123766,2026-01-11,0.07945139999999998,17.0,17.0,0.09599999999999997,0.0165486,0.0,0.0,1768123754,1768123766,0.9205486,1.0,True,0.0,0.0,1775198943.0,81.88862268518518,7.945139999999995,1.3506737999999991,15.6493262,1.3506737999999991,s11,date,US strike on Colombia by...?,1107306,1107284
1092481>1092482,1768176472,2026-01-11,0.002048069829978648,5.307844,5.307844,0.05700000900000002,0.050870588,0.0021500403189599975,0.0019313108510613704,1768176472,1768176428,0.9979519301700214,1.0,True,0.0,0.0,1778825102.0,123.24803240740741,0.2048069829978627,0.010870835158633076,5.296973164841367,0.010870835158633076,s11,date,Jerome Powell out as Fed Chair by...?,1092481,1092482
1107306>1107284,1768262111,2026-01-12,0.0720000471,19.298244,19.298244,0.13,0.0579999529,0.0,0.0,1768262111,1768262107,0.9279999529,1.0,True,0.0,0.0,1775198943.0,80.28740740740741,7.200004709999996,1.3894744769472918,17.908769523052708,1.3894744769472918,s11,date,US strike on Colombia by...?,1107306,1107284
1107306>1107284,1768271323,2026-01-12,0.09000007130000004,4.89964,4.89964,0.15200001630000004,0.061999945,0.0,0.0,1768271323,1768271265,0.9099999287,1.0,True,0.0,0.0,1775198943.0,80.18078703703704,9.000007129999998,0.4409679493443319,4.458672050655668,0.4409679493443319,s11,date,US strike on Colombia by...?,1107306,1107284
1107306>1107284,1768280327,2026-01-12,0.12800001779999995,6.180717,6.180717,0.16900001779999996,0.041,0.0,0.0,1768280327,1768280323,0.8719999822000001,1.0,True,0.0,0.0,1775198943.0,80.07657407407407,12.800001779999992,0.7911318860167621,5.389585113983237,0.7911318860167621,s11,date,US strike on Colombia by...?,1107306,1107284
1107306>1107284,1768333760,2026-01-13,0.12079447570000001,465.67,100,0.16000922,0.0392147443,0.0,0.0,1768333734,1768333760,0.8792055243,1.0,True,0.0,0.0,1775198943.0,79.45813657407408,12.079447570000001,12.079447570000001,87.92055243,56.250363499219006,s11,date,US strike on Colombia by...?,1107306,1107284
1175547>1175548,1768396444,2026-01-14,0.008000007300000056,51.063828,51.063828,0.5290000031000001,0.5209999958,0.0,0.0,1768396442,1768396444,0.9919999926999999,1.0,True,0.0,0.0,1768806370.0,4.744513888888889,0.8000007300000056,0.40851099676594727,50.65531700323405,0.40851099676594727,s11,date,US strikes Iran by...?,1175547,1175548
1175548>1168862,1768409906,2026-01-14,0.17800000000000005,5.0,5.0,0.899,0.721,0.0,0.0,1768409906,1768409854,0.822,1.0,True,0.0,0.0,1769241338.0,9.623055555555556,17.800000000000004,0.8900000000000002,4.109999999999999,0.8900000000000002,s11,date,US strikes Iran by...?,1175548,1168862
1169204>1169205,1768416626,2026-01-14,0.005917716199999923,14.879129,14.879129,0.6789999999999999,0.6730822838,0.0,0.0,1768416626,1768416570,0.9940822838000001,2.0,True,0.0,1.0,1772322727.0,45.20950231481481,100.59177161999999,14.96717946272519,14.791078537274812,14.96717946272519,s11,date,Iran Strike on Israel by...?,1169204,1169205
984441>984442,1768419712,2026-01-14,0.008000001400000012,333.4,100,0.889,0.8809999986,0.0,0.0,1768419712,1768419710,0.9919999986,1.0,True,1.0,1.0,1772271305.0,44.57862268518519,0.8000001400000012,0.8000001400000012,99.19999986,2.6672004667600038,s11,date,US strikes Iran by...?,984441,984442
1175548>1168862,1768420964,2026-01-14,0.008000000000000007,9.79,9.79,0.779,0.771,0.0,0.0,1768420922,1768420964,0.992,1.0,True,0.0,0.0,1769241338.0,9.495069444444445,0.8000000000000007,0.07832000000000006,9.71168,0.07832000000000006,s11,date,US strikes Iran by...?,1175548,1168862
1175547>1175548,1768420970,2026-01-14,0.018000000000000016,10.0,10.0,0.719,0.701,0.0,0.0,1768420950,1768420970,0.982,1.0,True,0.0,0.0,1768806370.0,4.460648148148148,1.8000000000000016,0.18000000000000016,9.82,0.18000000000000016,s11,date,US strikes Iran by...?,1175547,1175548
1175524>1157513,1768420976,2026-01-14,0.09800000000000003,7.0,7.0,0.559,0.461,0.0,0.0,1768420940,1768420976,0.9019999999999999,1.0,True,0.0,0.0,1768636038.0,2.4891435185185187,9.800000000000008,0.6860000000000006,6.313999999999999,0.6860000000000006,s11,date,US strikes Iran by...?,1175524,1157513
984441>984442,1768423710,2026-01-14,0.0006674919999999362,25.0,25.0,0.6689999999999999,0.668332508,0.0,0.0,1768423710,1768423666,0.9993325080000001,1.0,True,1.0,1.0,1772271305.0,44.532349537037035,0.06674919999999362,0.016687299999998406,24.983312700000003,0.016687299999998406,s11,date,US strikes Iran by...?,984441,984442
1175524>1157513,1768427488,2026-01-14,0.007999999999999952,30.0,30.0,0.43899999999999995,0.431,0.0,0.0,1768427488,1768427452,0.992,1.0,True,0.0,0.0,1768636038.0,2.4137731481481484,0.8000000000000007,0.2400000000000002,29.759999999999998,0.2400000000000002,s11,date,US strikes Iran by...?,1175524,1157513
1175504>1175524,1768427726,2026-01-14,0.05800000379999998,42.0,42.0,0.499,0.4409999962,0.0,0.0,1768427726,1768427700,0.9419999962000001,1.0,True,0.0,0.0,1768547318.0,1.3841666666666668,5.800000379999992,2.4360001595999967,39.5639998404,2.4360001595999967,s11,date,US strikes Iran by...?,1175504,1175524
1175548>1168862,1768461388,2026-01-15,0.028000000000000025,10.0,10.0,0.29900000000000004,0.271,0.0,0.0,1768461332,1768461388,0.972,1.0,True,0.0,0.0,1769241338.0,9.027199074074074,2.8000000000000025,0.28000000000000025,9.719999999999999,0.28000000000000025,s11,date,US strikes Iran by...?,1175548,1168862
1175547>1175548,1768462028,2026-01-15,0.008000000000000007,1.61,1.61,0.20899999999999996,0.20099999999999996,0.0,0.0,1768462026,1768462028,0.992,1.0,True,0.0,0.0,1768806370.0,3.9854398148148147,0.8000000000000007,0.012880000000000013,1.59712,0.012880000000000013,s11,date,US strikes Iran by...?,1175547,1175548
1175524>1157513,1768504118,2026-01-15,2.899999948513532e-09,40.31,40.31,0.06299999999999994,0.0629999971,0.0,0.0,1768504114,1768504118,0.9999999971000001,1.0,True,0.0,0.0,1768636038.0,1.526851851851852,2.8999999068801685e-07,1.1689899624633959e-07,40.30999988310101,1.1689899624633959e-07,s11,date,US strikes Iran by...?,1175524,1157513
1107306>1107284,1768550384,2026-01-16,0.10900001910000004,3.464201,3.464201,0.13300001910000003,0.024,0.0,0.0,1768550384,1768550362,0.8909999809,1.0,True,0.0,0.0,1775198943.0,76.95091435185185,10.90000191,0.37759797516623916,3.086603024833761,0.37759797516623916,s11,date,US strike on Colombia by...?,1107306,1107284
1107306>1107284,1768635384,2026-01-17,0.11199999999999996,71.0,71.0,0.149,0.03700000000000003,0.0,0.0,1768635364,1768635384,0.888,1.0,True,0.0,0.0,1775198943.0,75.96711805555556,11.2,7.951999999999999,63.048,7.951999999999999,s11,date,US strike on Colombia by...?,1107306,1107284
1107306>1107284,1768764376,2026-01-18,0.11117051570000003,1.1481,1.1481,0.1280000871,0.016829571399999965,0.0,0.0,1768764376,1768764352,0.8888294843,1.0,True,0.0,0.0,1775198943.0,74.4741550925926,11.117051570000003,0.12763486907517002,1.0204651309248298,0.12763486907517002,s11,date,US strike on Colombia by...?,1107306,1107284
1032267>1032268,1768822952,2026-01-19,0.0011498400000000339,29.95,29.95,0.039000000000000035,0.035,0.0014991600000000013,0.001351,1768822952,1768822936,0.99885016,1.0,True,0.0,0.0,1782889841.0,162.8112152777778,0.11498399999999576,0.03443770799999873,29.915562292,0.03443770799999873,s11,strike,What will Gold (GC) hit__ by end of June?,1032267,1032268
1107306>1107284,1768866456,2026-01-19,0.11399999999999999,1.01,1.01,0.129,0.015000000000000013,0.0,0.0,1768866456,1768866396,0.886,1.0,True,0.0,0.0,1775198943.0,73.29267361111111,11.399999999999999,0.11513999999999999,0.89486,0.11513999999999999,s11,date,US strike on Colombia by...?,1107306,1107284
675031>675030,1768935464,2026-01-20,0.0013333889000000237,59.81,59.81,0.019333388900000026,0.018000000000000002,0.0,0.0,1768935464,1768935462,0.9986666111,1.0,True,0.0,0.0,1775004581.0,70.24440972222222,0.133338890000001,0.07974999010900059,59.730250009891,0.07974999010900059,s11,strike,Based FDV above ___ one day after launch?,675031,675030
940839>565930,1769106228,2026-01-22,0.027999999999999914,20.0,20.0,0.829,0.801,0.0,0.0,1769106228,1769106182,0.9720000000000001,1.0,True,1.0,1.0,1769993868.0,10.27361111111111,2.7999999999999914,0.5599999999999983,19.44,0.5599999999999983,s11,date,Tesla launches unsupervised full self driving (FSD) by...?,940839,565930
940839>565930,1769110820,2026-01-22,0.06800000000000006,20.0,20.0,0.899,0.831,0.0,0.0,1769110820,1769110764,0.9319999999999999,1.0,True,1.0,1.0,1769993868.0,10.220462962962962,6.800000000000006,1.3600000000000012,18.64,1.3600000000000012,s11,date,Tesla launches unsupervised full self driving (FSD) by...?,940839,565930
940839>565930,1769124844,2026-01-22,0.008000000000000007,162.65,100,0.709,0.701,0.0,0.0,1769124844,1769124812,0.992,1.0,True,1.0,1.0,1769993868.0,10.058148148148149,0.8000000000000007,0.8000000000000007,99.2,1.3012000000000012,s11,date,Tesla launches unsupervised full self driving (FSD) by...?,940839,565930
675032>675031,1769160316,2026-01-23,0.0010000000000000113,148.46,100,0.013000000000000012,0.012,0.0,0.0,1769160316,1769160316,0.999,1.0,True,0.0,0.0,1775004583.0,67.64197916666667,0.10000000000000009,0.10000000000000009,99.9,0.14846000000000015,s11,strike,Based FDV above ___ one day after launch?,675032,675031
1032346>1032345,1769398826,2026-01-25,0.09036008000000002,50.0,50.0,0.15900000000000003,0.061,0.005348760000000001,0.00229116,1769398826,1769398826,0.9096399199999998,2.0,True,0.0,1.0,1782889855.0,156.14616898148148,109.03600800000002,54.51800400000001,45.48199599999999,54.51800400000001,s11,strike,Will Silver (SI) hit__ by end of June?,1032346,1032345
1107306>1107284,1769451727,2026-01-26,0.06400000049999999,8.0,8.0,0.07000000049999999,0.0060000000000000045,0.0,0.0,1769451705,1769451727,0.9359999995,1.0,True,0.0,0.0,1775198943.0,66.51870370370371,6.400000049999999,0.5120000039999999,7.487999996,0.5120000039999999,s11,date,US strike on Colombia by...?,1107306,1107284
675030>676385,1769501929,2026-01-27,0.01000000000000005,201.53,100,0.05500000000000005,0.045,0.0,0.0,1769501929,1769501927,0.99,1.0,True,0.0,0.0,1775004581.0,63.688101851851854,1.0000000000000009,1.0000000000000009,99.0,2.0153000000000016,s11,strike,Based FDV above ___ one day after launch?,675030,676385
675030>676385,1769527087,2026-01-27,4.163336342344337e-17,24.95,24.95,0.04500000000000004,0.045,0.0,0.0,1769527085,1769527087,1.0,1.0,True,0.0,0.0,1775004581.0,63.3969212962963,0.0,0.0,24.95,0.0,s11,strike,Based FDV above ___ one day after launch?,675030,676385
1273336>1273335,1769602481,2026-01-28,0.04799999999999996,55.0,55.0,0.07899999999999996,0.031,0.0,0.0,1769602481,1769602481,0.9520000000000001,1.0,True,0.0,0.0,1772270029.0,30.87439814814815,4.799999999999994,2.639999999999996,52.36000000000001,2.639999999999996,s11,strike,What will Gold (GC) hit__ by end of February?,1273336,1273335
1278514>1273327,1769641968,2026-01-28,0.05699999999999994,5.0,5.0,0.5479999999999999,0.491,0.0,0.0,1769641968,1769641912,0.9430000000000001,1.0,True,0.0,0.0,1772269917.0,30.41607638888889,5.699999999999994,0.2849999999999997,4.715,0.2849999999999997,s11,strike,What will Gold (GC) hit__ by end of February?,1278514,1273327
1272528>1272527,1769644706,2026-01-28,0.027999999999999983,18.0,18.0,0.10899999999999999,0.081,0.0,0.0,1769644706,1769644706,0.972,1.0,True,0.0,0.0,1772270645.0,30.3928125,2.8000000000000025,0.5040000000000004,17.496,0.5040000000000004,s11,strike,Will Silver (SI) hit__ by end of February?,1272528,1272527
1107306>1107284,1769689892,2026-01-29,0.05599999999999994,5.02,5.02,0.06399999999999995,0.008000000000000007,0.0,0.0,1769689836,1769689892,0.9440000000000001,1.0,True,0.0,0.0,1775198943.0,63.76216435185185,5.599999999999994,0.28111999999999965,4.73888,0.28111999999999965,s11,date,US strike on Colombia by...?,1107306,1107284
675030>676385,1769694482,2026-01-29,3.469446951953614e-17,48.78,48.78,0.03700000000000003,0.037,0.0,0.0,1769694482,1769694482,1.0,1.0,True,0.0,0.0,1775004581.0,61.45947916666667,0.0,0.0,48.78,0.0,s11,strike,Based FDV above ___ one day after launch?,675030,676385
1273327>1278513,1769701426,2026-01-29,0.008000000000000007,7.57,7.57,0.549,0.541,0.0,0.0,1769701402,1769701426,0.992,1.0,True,0.0,0.0,1772269917.0,29.727905092592593,0.8000000000000007,0.06056000000000006,7.509440000000001,0.06056000000000006,s11,strike,What will Gold (GC) hit__ by end of February?,1273327,1278513
1272487>1272486,1769703412,2026-01-29,0.006000000000000026,77.0,77.0,0.031000000000000028,0.025,0.0,0.0,1769703412,1769703352,0.994,1.0,True,0.0,0.0,1769869500.0,1.9223148148148148,0.6000000000000005,0.4620000000000004,76.538,0.4620000000000004,s11,strike,Will Silver (SI) hit__ by end of January?,1272487,1272486
1293937>1278412,1769708496,2026-01-29,0.008000000000000007,20.0,20.0,0.14900000000000002,0.14100000000000001,0.0,0.0,1769708496,1769708488,0.992,1.0,True,0.0,0.0,1772267629.0,29.619594907407407,0.8000000000000007,0.16000000000000014,19.84,0.16000000000000014,s11,strike,Will Silver (SI) hit__ by end of February?,1293937,1278412
1272517>1272518,1769759478,2026-01-30,0.04800008379999998,5.966665,5.966665,0.349,0.3009999162,0.0,0.0,1769759476,1769759478,0.9519999162,1.0,True,0.0,0.0,1772267687.0,29.03019675925926,4.800008379999998,0.2864004200065269,5.680264579993473,0.2864004200065269,s11,strike,Will Silver (SI) hit__ by end of February?,1272517,1272518
1294628>1273609,1769782706,2026-01-30,0.008000000000000007,2.6,2.6,0.239,0.23099999999999998,0.0,0.0,1769782706,1769782704,0.992,1.0,True,0.0,0.0,1770449211.0,7.714178240740741,0.8000000000000007,0.02080000000000002,2.5792,0.02080000000000002,s11,date,US strikes Iran by...?,1294628,1273609
984441>984442,1769785574,2026-01-30,0.01800005679999994,1.408448,1.408448,0.729,0.7109999432,0.0,0.0,1769785554,1769785574,0.9819999432000001,1.0,True,1.0,1.0,1772271305.0,28.77003472222222,1.8000056799999942,0.025352143999846317,1.3830958560001536,0.025352143999846317,s11,date,US strikes Iran by...?,984441,984442
1272517>1272518,1769786348,2026-01-30,0.00799999999999998,30.0,30.0,0.21899999999999997,0.211,0.0,0.0,1769786344,1769786348,0.992,1.0,True,0.0,0.0,1772267687.0,28.719201388888887,0.8000000000000007,0.2400000000000002,29.759999999999998,0.2400000000000002,s11,strike,Will Silver (SI) hit__ by end of February?,1272517,1272518
1272525>1272524,1769797316,2026-01-30,0.198000002,59.984124,59.984124,0.829,0.630999998,0.0,0.0,1769797316,1769797316,0.801999998,1.0,True,1.0,1.0,1769868954.0,1.0,19.8000002,11.876856671968248,48.10726732803175,11.876856671968248,s11,strike,Will Silver (SI) hit__ by end of February?,1272525,1272524
1032267>1032268,1769797818,2026-01-30,0.0034509110910905805,36.95,36.95,0.132,0.1197496617,0.004583040000000001,0.004216387208909422,1769797818,1769797810,0.9965490889089094,1.0,True,0.0,0.0,1782889841.0,151.5280439814815,0.3450911091090636,0.12751116481579902,36.8224888351842,0.12751116481579902,s11,strike,What will Gold (GC) hit__ by end of June?,1032267,1032268
1295944>1272717,1769797896,2026-01-30,0.0024512799999999446,18.82,18.82,0.07899999999999996,0.07100000000000001,0.0029103599999999986,0.00263836,1769797896,1769797890,0.9975487199999999,1.0,True,0.0,0.0,1782889918.0,151.5280324074074,0.24512800000000556,0.04613308960000105,18.7738669104,0.04613308960000105,s11,strike,What will Gold (GC) hit__ by end of June?,1295944,1272717
1272493>1032336,1769800264,2026-01-30,0.0020148080019201098,16.995966,16.995966,0.519,0.496999992,0.009985560000000001,0.009999639998079998,1769800264,1769800264,0.9979851919980799,1.0,True,0.0,0.0,1782889855.0,151.49989583333334,0.20148080019201098,0.034243608297162116,16.961722391702835,0.034243608297162116,s11,strike,Will Silver (SI) hit__ by end of June?,1272493,1032336
1278516>1278514,1769800908,2026-01-30,0.002999999999999947,50.0,50.0,0.06299999999999994,0.06,0.0,0.0,1769800908,1769800890,0.9970000000000001,1.0,True,0.0,0.0,1772269915.0,28.576469907407407,0.29999999999998916,0.14999999999999458,49.85000000000001,0.14999999999999458,s11,strike,What will Gold (GC) hit__ by end of February?,1278516,1278514
1032346>1032345,1769801796,2026-01-30,0.02190088442763999,21.985713,21.985713,0.29900000449999997,0.261,0.00838396007236,0.0077151599999999996,1769801796,1769801796,0.9780991155723601,2.0,True,0.0,1.0,1782889855.0,151.48216435185185,102.19008844276401,22.467219559472262,21.50420644052774,22.467219559472262,s11,strike,Will Silver (SI) hit__ by end of June?,1032346,1032345
1293937>1278412,1769867542,2026-01-31,0.008375444400000008,90.0,90.0,0.03726433330000001,0.0288888889,0.0,0.0,1769867536,1769867542,0.9916245556,1.0,True,0.0,0.0,1772267629.0,27.778784722222223,0.8375444400000043,0.7537899960000038,89.24621000399999,0.7537899960000038,s11,strike,Will Silver (SI) hit__ by end of February?,1293937,1278412
1294628>1273609,1769919612,2026-01-31,0.06721344040000002,56.51,56.51,0.10821344040000003,0.041,0.0,0.0,1769919608,1769919612,0.9327865596,1.0,True,0.0,0.0,1770449211.0,6.1296180555555555,6.721344039999999,3.7982315170039995,52.711768482996,3.7982315170039995,s11,date,US strikes Iran by...?,1294628,1273609
1293937>1278412,1769925542,2026-02-01,0.004364828100000051,59.0,59.0,0.025000000000000022,0.02063517189999997,0.0,0.0,1769925482,1769925542,0.9956351719,1.0,True,0.0,0.0,1772267629.0,27.107488425925926,0.4364828100000051,0.257524857900003,58.7424751421,0.257524857900003,s11,strike,Will Silver (SI) hit__ by end of February?,1293937,1278412
1294628>1273609,1769933052,2026-02-01,0.007999999999999952,10.0,10.0,0.07899999999999996,0.07100000000000001,0.0,0.0,1769933024,1769933052,0.992,1.0,True,0.0,0.0,1770449211.0,5.9740625,0.8000000000000007,0.08000000000000007,9.92,0.08000000000000007,s11,date,US strikes Iran by...?,1294628,1273609
1272496>1032334,1769983474,2026-02-01,0.021793679999999968,19.0,19.0,0.09899999999999998,0.07100000000000001,0.0035679599999999994,0.00263836,1769983474,1769983474,0.97820632,1.0,True,0.0,0.0,1782889858.0,149.37944444444443,2.1793680000000037,0.4140799200000007,18.58592008,0.4140799200000007,s11,strike,Will Silver (SI) hit__ by end of June?,1272496,1032334
1278382>1272517,1770015004,2026-02-02,0.028000000000000053,104.0,100,0.05900000000000005,0.031,0.0,0.0,1770015004,1770015004,0.972,1.0,True,0.0,0.0,1772267687.0,26.072719907407407,2.8000000000000025,2.8000000000000025,97.2,2.9120000000000026,s11,strike,Will Silver (SI) hit__ by end of February?,1278382,1272517
1242318>1235499,1770049920,2026-02-02,0.012714940000000022,30.0,30.0,0.139,0.111,0.008377530000000001,0.006907530000000001,1770049920,1770049920,0.9872850599999999,1.0,True,0.0,0.0,1772360767.0,26.74591435185185,1.2714940000000063,0.3814482000000019,29.6185518,0.3814482000000019,s11,date,MegaETH airdrop by...?,1242318,1235499
675033>675032,1770081954,2026-02-02,0.003000000000000013,12.02,12.02,0.013000000000000012,0.009999999999999998,0.0,0.0,1770081954,1770081954,0.997,1.0,True,0.0,0.0,1775004639.0,56.975520833333334,0.30000000000000027,0.03606000000000003,11.983939999999999,0.03606000000000003,s11,strike,Based FDV above ___ one day after launch?,675033,675032
1294626>1294627,1770139676,2026-02-03,0.0010324188000000144,5.0,5.0,0.015000000000000013,0.013967581199999999,0.0,0.0,1770139676,1770139624,0.9989675812,1.0,True,0.0,0.0,1770276217.0,1.580335648148148,0.10324188000000456,0.005162094000000228,4.994837906,0.005162094000000228,s11,date,US strikes Iran by...?,1294626,1294627
1294627>1294628,1770145008,2026-02-03,0.00910520380000003,169.67,100,0.02410520380000003,0.015,0.0,0.0,1770145006,1770145008,0.9908947962,1.0,True,0.0,0.0,1770361603.0,2.5068865740740742,0.9105203800000017,0.9105203800000017,99.08947961999999,1.5448799287460027,s11,date,US strikes Iran by...?,1294627,1294628
1294627>1294628,1770226153,2026-02-04,1.0408340855860843e-17,2.834,2.834,0.01100000000000001,0.011,0.0,0.0,1770226153,1770226121,1.0,1.0,True,0.0,0.0,1770361603.0,1.5677083333333333,0.0,0.0,2.834,0.0,s11,date,US strikes Iran by...?,1294627,1294628
1294628>1273609,1770234793,2026-02-04,0.002000000000000019,5.38,5.38,0.02200000000000002,0.02,0.0,0.0,1770234759,1770234793,0.998,1.0,True,0.0,0.0,1770449211.0,2.481689814814815,0.20000000000000018,0.01076000000000001,5.36924,0.01076000000000001,s11,date,US strikes Iran by...?,1294628,1273609
1294089>1293941,1770242147,2026-02-04,0.0031392799999999527,6.25,6.25,0.06899999999999995,0.061,0.0025695599999999985,0.00229116,1770242147,1770242137,0.9968607199999999,1.0,True,0.0,0.0,1782889855.0,146.38550925925927,0.31392800000000776,0.019620500000000485,6.2303795,0.019620500000000485,s11,strike,Will Silver (SI) hit__ by end of June?,1294089,1293941
1335518>1335519,1770257433,2026-02-04,0.0005000000000000004,40.0,40.0,0.0615,0.061,0.0,0.0,1770257433,1770257409,0.9995,1.0,True,0.0,0.0,1770628789.0,4.298101851851852,0.04999999999999449,0.019999999999997797,39.980000000000004,0.019999999999997797,s11,date,US strikes Iran by...?,1335518,1335519
690627>690626,1770318139,2026-02-05,0.008934817200000035,25.0,25.0,0.04993481720000004,0.041,0.0,0.0,1770318139,1770318139,0.9910651828,1.0,True,0.0,0.0,1776903956.0,76.22473379629629,0.89348172,0.22337043,24.77662957,0.22337043,s11,strike,USD.AI FDV above ___ one day after launch?,690627,690626
1032335>1272493,1770346931,2026-02-05,0.007254480000000063,25.0,25.0,0.16900000000000004,0.151,0.0056175600000000015,0.005127959999999999,1770346929,1770346931,0.99274552,1.0,True,0.0,0.0,1782889855.0,145.1727314814815,0.7254479999999952,0.1813619999999988,24.818638,0.1813619999999988,s11,strike,Will Silver (SI) hit__ by end of June?,1032335,1272493
1145512>1145511,1770359057,2026-02-06,0.004000000000000014,186.36,100,0.015000000000000013,0.011,0.0,0.0,1770359057,1770359057,0.996,1.0,True,0.0,0.0,1771975934.0,18.713854166666668,0.40000000000000036,0.40000000000000036,99.6,0.7454400000000008,s11,strike,Flying Tulip FDV above ___ one day after launch?,1145512,1145511
556063>636111,1770381449,2026-02-06,0.023976316654687975,124.994719,100,0.05200000709999997,0.023,0.0034507204453119947,0.00157297,1770381449,1770381449,0.9760236833453121,1.0,True,0.0,0.0,1777640176.0,84.01304398148149,2.3976316654687913,2.3976316654687913,97.6023683345312,2.996912962907736,s11,strike,MegaETH market cap (FDV) one day after launch? ,556063,636111
1145512>1145511,1770381889,2026-02-06,0.0010494654999999575,55.19,55.19,0.012049465499999967,0.01100000000000001,0.0,0.0,1770381889,1770381847,0.9989505345,1.0,True,0.0,0.0,1771975934.0,18.44959490740741,0.10494654999999575,0.057920000944997656,55.132079999055,0.057920000944997656,s11,strike,Flying Tulip FDV above ___ one day after launch?,1145512,1145511
1295945>1295944,1770421425,2026-02-06,0.004787550740555188,138.68,100,0.049000000000000044,0.0407836746,0.0018639600000000015,0.0015648146594448525,1770421425,1770421417,0.9952124492594447,1.0,True,0.0,0.0,1782889918.0,144.31126157407408,0.47875507405552575,0.47875507405552575,99.52124492594447,0.6639375367002032,s11,strike,What will Gold (GC) hit__ by end of June?,1295945,1295944
1278412>1278409,1770607423,2026-02-08,0.002000002399999992,226.866733,100,0.01600000239999999,0.013999999999999999,0.0,0.0,1770607413,1770607423,0.9979999976,1.0,True,0.0,0.0,1772267685.0,19.215995370370372,0.20000023999999783,0.20000023999999783,99.79999976,0.4537340104801543,s11,strike,Will Silver (SI) hit__ by end of February?,1278412,1278409
1278412>1278409,1770612665,2026-02-08,0.0010489124000000148,90.57,90.57,0.016000000000000014,0.0149510876,0.0,0.0,1770612665,1770612655,0.9989510876,1.0,True,0.0,0.0,1772267685.0,19.155324074074073,0.1048912400000046,0.09499999606800416,90.475000003932,0.09499999606800416,s11,strike,Will Silver (SI) hit__ by end of February?,1278412,1278409
1278412>1278409,1770639189,2026-02-09,6.50139000000112e-05,173.04,100,0.01200000000000001,0.0119349861,0.0,0.0,1770639189,1770639179,0.9999349861,1.0,True,0.0,0.0,1772267685.0,18.848333333333333,0.006501390000002161,0.006501390000002161,99.99349861,0.011250005256003738,s11,strike,Will Silver (SI) hit__ by end of February?,1278412,1278409
690627>690626,1770678339,2026-02-09,0.004000000000000014,303.75,100,0.017000000000000015,0.013000000000000001,0.0,0.0,1770678339,1770678339,0.996,1.0,True,0.0,0.0,1776903956.0,72.05575231481481,0.40000000000000036,0.40000000000000036,99.6,1.2150000000000012,s11,strike,USD.AI FDV above ___ one day after launch?,690627,690626
690625>690624,1771057491,2026-02-14,0.001481407300000015,344.49,100,0.019000000000000017,0.017518592700000002,0.0,0.0,1771057491,1771057489,0.9985185927,1.0,True,1.0,1.0,1776904604.0,67.67491898148148,0.1481407300000015,0.1481407300000015,99.85185927,0.5103300007770052,s11,strike,USD.AI FDV above ___ one day after launch?,690625,690624
909468>909466,1771188621,2026-02-15,0.03214087999999993,30.0,30.0,0.939,0.901,0.0022911600000000017,0.0035679599999999994,1771188569,1771188621,0.9678591200000001,1.0,True,1.0,1.0,1781302534.0,117.05917824074074,3.2140879999999927,0.9642263999999978,29.035773600000002,0.9642263999999978,s11,strike,SpaceX IPO closing market cap above ___ ?,909468,909466
1302781>1005346,1771313677,2026-02-17,0.006309075271250297,51.95,51.95,0.041000000000000036,0.029907670600000002,0.0027523300000000025,0.002030924128749733,1771313677,1771313677,0.9936909247287496,1.0,False,,,1798779600.0,317.89262731481483,0.6309075271250353,0.32775646034145584,51.62224353965855,0.32775646034145584,s11,strike,Puffpaw FDV above ___ one day after launch?,1302781,1005346
1386656>1386657,1771402608,2026-02-18,0.18800000000000006,1.28,1.28,0.30900000000000005,0.121,0.0,0.0,1771402608,1771402578,0.8119999999999999,1.0,True,0.0,0.0,1771916588.0,5.948842592592593,18.800000000000004,0.24064000000000008,1.0393599999999998,0.24064000000000008,s11,date,US strikes Iran by...?,1386656,1386657
1386662>1386664,1771419328,2026-02-18,0.008000000000000007,20.0,20.0,0.259,0.251,0.0,0.0,1771419328,1771419290,0.992,1.0,True,0.0,0.0,1772262683.0,9.761053240740742,0.8000000000000007,0.16000000000000014,19.84,0.16000000000000014,s11,date,US strikes Iran by...?,1386662,1386664
1386657>1386659,1771423872,2026-02-18,0.14800000000000002,20.0,20.0,0.389,0.241,0.0,0.0,1771423872,1771423858,0.852,1.0,True,0.0,0.0,1772005300.0,6.729490740740741,14.800000000000002,2.9600000000000004,17.04,2.9600000000000004,s11,date,US strikes Iran by...?,1386657,1386659
1386659>1386661,1771430428,2026-02-18,0.008000003300000003,40.0,40.0,0.279,0.2709999967,0.0,0.0,1771430428,1771430384,0.9919999966999999,1.0,True,0.0,0.0,1772091398.0,7.65011574074074,0.8000003300000058,0.3200001320000023,39.679999867999996,0.3200001320000023,s11,date,US strikes Iran by...?,1386659,1386661
1386657>1386659,1771449644,2026-02-18,0.00799999999999998,40.0,40.0,0.22899999999999998,0.221,0.0,0.0,1771449622,1771449644,0.992,1.0,True,0.0,0.0,1772005300.0,6.431203703703703,0.8000000000000007,0.3200000000000003,39.68,0.3200000000000003,s11,date,US strikes Iran by...?,1386657,1386659
1386661>1386662,1771450616,2026-02-18,0.00799999999999998,15.56,15.56,0.22899999999999998,0.221,0.0,0.0,1771450594,1771450616,0.992,1.0,True,0.0,0.0,1772177553.0,8.413622685185185,0.8000000000000007,0.12448000000000012,15.43552,0.12448000000000012,s11,date,US strikes Iran by...?,1386661,1386662
1386657>1386659,1771455866,2026-02-18,0.008000010900000007,36.81818,36.81818,0.11900001090000001,0.111,0.0,0.0,1771455852,1771455866,0.9919999891,1.0,True,0.0,0.0,1772005300.0,6.3591898148148145,0.8000010900000021,0.29454584131816275,36.52363415868184,0.29454584131816275,s11,date,US strikes Iran by...?,1386657,1386659
1386656>1386657,1771470320,2026-02-18,0.007999999999999952,40.0,40.0,0.20899999999999996,0.201,0.0,0.0,1771470320,1771470310,0.992,1.0,True,0.0,0.0,1771916588.0,5.1651388888888885,0.8000000000000007,0.3200000000000003,39.68,0.3200000000000003,s11,date,US strikes Iran by...?,1386656,1386657
690626>690625,1771490188,2026-02-19,0.0010000000000000044,558.32,100,0.004000000000000004,0.003,0.0,0.0,1771490188,1771490188,0.999,2.0,True,0.0,1.0,1776903956.0,62.65935185185185,100.1,100.1,99.9,558.87832,s11,strike,USD.AI FDV above ___ one day after launch?,690626,690625
1386664>1198423,1771492450,2026-02-19,0.008000000000000007,1.35135,1.35135,0.259,0.251,0.0,0.0,1771492438,1771492450,0.992,2.0,True,0.0,1.0,1772271077.0,9.011886574074074,100.8,1.3621608,1.3405392,1.3621608,s11,date,US strikes Iran by...?,1386664,1198423
690626>690625,1771495816,2026-02-19,3.469446951953614e-18,1862.26,100,0.0030000000000000035,0.003,0.0,0.0,1771495816,1771495816,1.0,2.0,True,0.0,1.0,1776903956.0,62.59421296296296,100.0,100.0,100.0,1862.26,s11,strike,USD.AI FDV above ___ one day after launch?,690626,690625
1386659>1386661,1771497556,2026-02-19,0.006019803400000023,124.691357,100,0.19701980340000003,0.191,0.0,0.0,1771497516,1771497556,0.9939801965999999,1.0,True,0.0,0.0,1772091398.0,6.873171296296296,0.6019803400000079,0.6019803400000079,99.39801965999999,0.7506174548192236,s11,date,US strikes Iran by...?,1386659,1386661
1272496>1032334,1771507170,2026-02-19,0.011454479999999975,30.0,30.0,0.09899999999999998,0.081,0.0035679599999999994,0.00297756,1771507170,1771507170,0.9885455200000001,1.0,True,0.0,0.0,1782889858.0,131.74407407407406,1.1454479999999934,0.343634399999998,29.6563656,0.343634399999998,s11,strike,Will Silver (SI) hit__ by end of June?,1272496,1032334
690627>690626,1771518828,2026-02-19,0.004000000000000007,36.46,36.46,0.007000000000000007,0.003,0.0,0.0,1771518828,1771518828,0.996,1.0,True,0.0,0.0,1776903956.0,62.32787037037037,0.40000000000000036,0.14584000000000014,36.31416,0.14584000000000014,s11,strike,USD.AI FDV above ___ one day after launch?,690627,690626
690627>690626,1771557082,2026-02-19,0.0020000000000000035,15.6,15.6,0.007000000000000007,0.005000000000000004,0.0,0.0,1771557082,1771557052,0.998,1.0,True,0.0,0.0,1776903956.0,61.885115740740744,0.20000000000000018,0.031200000000000026,15.5688,0.031200000000000026,s11,strike,USD.AI FDV above ___ one day after launch?,690627,690626
1032346>1032345,1771604080,2026-02-20,0.015369730000000026,20.0,20.0,0.269,0.2385,0.00786556,0.00726471,1771604076,1771604080,0.98463027,2.0,True,0.0,1.0,1782889855.0,130.62239583333334,101.536973,20.3073946,19.6926054,20.3073946,s11,strike,Will Silver (SI) hit__ by end of June?,1032346,1032345
1399067>1399072,1771609670,2026-02-20,0.008000000000000007,20.0,20.0,0.399,0.391,0.0,0.0,1771609660,1771609670,0.992,1.0,True,1.0,1.0,1772271555.0,7.6607060185185185,0.8000000000000007,0.16000000000000014,19.84,0.16000000000000014,s11,date,US strikes Iran by...?,1399067,1399072
1272528>1272527,1771656888,2026-02-21,0.017999999999999988,53.0,53.0,0.119,0.101,0.0,0.0,1771656888,1771656888,0.982,1.0,True,0.0,0.0,1772270645.0,7.103668981481482,1.8000000000000016,0.9540000000000008,52.046,0.9540000000000008,s11,strike,Will Silver (SI) hit__ by end of February?,1272528,1272527
1295944>1272717,1771687888,2026-02-21,0.009899879999999903,10.0,10.0,0.07599999999999996,0.061000000000000054,0.002808959999999999,0.0022911600000000017,1771687866,1771687888,0.99010012,1.0,True,0.0,0.0,1782889918.0,129.653125,0.9899879999999972,0.09899879999999972,9.9010012,0.09899879999999972,s11,strike,What will Gold (GC) hit__ by end of June?,1295944,1272717
1399067>1399072,1771732040,2026-02-21,0.007999999999999952,114.0,100,0.349,0.341,0.0,0.0,1771732040,1771731988,0.992,1.0,True,1.0,1.0,1772271555.0,6.244386574074074,0.8000000000000007,0.8000000000000007,99.2,0.9120000000000008,s11,date,US strikes Iran by...?,1399067,1399072
1272529>1272528,1771745056,2026-02-22,0.110000001,81.992839,81.992839,0.161000001,0.051000000000000004,0.0,0.0,1771745056,1771745056,0.889999999,1.0,True,0.0,0.0,1772269741.0,6.072743055555556,11.000000099999996,9.019212371992836,72.97362662800717,9.019212371992836,s11,strike,Will Silver (SI) hit__ by end of February?,1272529,1272528
1272530>1272529,1771745554,2026-02-22,0.012999999999999956,30.0,30.0,0.066,0.05300000000000005,0.0,0.0,1771745554,1771745546,0.987,1.0,True,0.0,0.0,1772269743.0,6.067002314814815,1.3000000000000012,0.39000000000000035,29.61,0.39000000000000035,s11,strike,Will Silver (SI) hit__ by end of February?,1272530,1272529
1032346>1032345,1771813106,2026-02-22,0.08108008,5.0,5.0,0.359,0.261,0.00920476,0.0077151599999999996,1771813106,1771813090,0.9189199200000001,2.0,True,0.0,1.0,1782889855.0,128.20311342592592,108.108008,5.4054003999999996,4.5945996000000004,5.4054003999999996,s11,strike,Will Silver (SI) hit__ by end of June?,1032346,1032345
1032335>1272493,1771904248,2026-02-23,0.06676603594839636,5.0,5.0,0.349,0.26534845789999995,0.009087959999999999,0.0077975461516036765,1771904248,1771904238,0.9332339640516036,1.0,True,0.0,0.0,1782889855.0,127.14822916666667,6.676603594839636,0.3338301797419818,4.666169820258018,0.3338301797419818,s11,strike,Will Silver (SI) hit__ by end of June?,1032335,1272493
1145512>1145511,1771928194,2026-02-24,0.00900001159999999,1.037333,1.037333,0.03500001159999999,0.026000000000000002,0.0,0.0,1771928180,1771928194,0.9909999884,1.0,True,0.0,0.0,1771975934.0,1.0,0.9000011599999969,0.009336009033062769,1.0279969909669373,0.009336009033062769,s11,strike,Flying Tulip FDV above ___ one day after launch?,1145512,1145511
1145512>1145511,1771942388,2026-02-24,0.02400002589999997,25.0,25.0,0.09899999999999998,0.0749999741,0.0,0.0,1771942388,1771942360,0.9759999741000001,1.0,True,0.0,0.0,1771975934.0,1.0,2.4000025899999944,0.6000006474999986,24.3999993525,0.6000006474999986,s11,strike,Flying Tulip FDV above ___ one day after launch?,1145512,1145511
1145511>1145510,1771946668,2026-02-24,0.003400000000000035,25.0,25.0,0.04300000000000004,0.0396,0.0,0.0,1771946634,1771946668,0.9965999999999999,1.0,True,0.0,0.0,1771975908.0,1.0,0.34000000000000696,0.08500000000000174,24.915,0.08500000000000174,s11,strike,Flying Tulip FDV above ___ one day after launch?,1145511,1145510
1032334>1272495,1771947758,2026-02-24,0.00048327999999997484,300.0,100,0.10899999999999999,0.101,0.0038847599999999993,0.00363196,1771947758,1771947750,0.99951672,1.0,True,0.0,0.0,1782889858.0,126.64467592592592,0.048327999999997484,0.048327999999997484,99.951672,0.14498399999999245,s11,strike,Will Silver (SI) hit__ by end of June?,1032334,1272495
1145512>1145511,1771965638,2026-02-24,0.022000006800000034,64.948452,64.948452,0.029000006800000033,0.007,0.0,0.0,1771965612,1771965638,0.9779999932,1.0,True,0.0,0.0,1771975934.0,1.0,2.2000006800000027,1.4288663856494754,63.519585614350525,1.4288663856494754,s11,strike,Flying Tulip FDV above ___ one day after launch?,1145512,1145511
1007260>1320800,1772047246,2026-02-25,0.19800000000000006,5.0,5.0,0.889,0.691,0.0,0.0,1772047246,1772047188,0.8019999999999999,1.0,True,1.0,1.0,1772219913.0,1.9984606481481482,19.800000000000008,0.9900000000000003,4.01,0.9900000000000003,s11,date,Will Russia capture all of Pokrovsk by...?,1007260,1320800
1437693>1437723,1772069552,2026-02-25,0.007999999999999952,29.35,29.35,0.32899999999999996,0.321,0.0,0.0,1772069552,1772069534,0.992,1.0,True,1.0,1.0,1772271307.0,2.3351273148148146,0.8000000000000007,0.23480000000000023,29.1152,0.23480000000000023,s11,date,US strikes Iran by...?,1437693,1437723
1437737>1367195,1772095234,2026-02-26,0.005381671700000035,49.65,49.65,0.39638167170000005,0.391,0.0,0.0,1772095216,1772095234,0.9946183283,1.0,True,1.0,1.0,1772272993.0,2.0573958333333335,0.5381671700000035,0.2671999999050017,49.382800000094996,0.2671999999050017,s11,date,US strikes Iran by...?,1437737,1367195
1437691>1437693,1772097544,2026-02-26,0.0005000000000000004,5.0,5.0,0.269,0.2685,0.0,0.0,1772097544,1772097538,0.9995,1.0,True,1.0,1.0,1772271495.0,2.0133217592592594,0.04999999999999449,0.0024999999999997247,4.9975000000000005,0.0024999999999997247,s11,date,US strikes Iran by...?,1437691,1437693
1437693>1437723,1772129736,2026-02-26,0.018000000000000016,7.36,7.36,0.379,0.361,0.0,0.0,1772129736,1772129676,0.982,1.0,True,1.0,1.0,1772271307.0,1.6385532407407408,1.8000000000000016,0.13248000000000013,7.22752,0.13248000000000013,s11,date,US strikes Iran by...?,1437693,1437723
1437691>1437693,1772130392,2026-02-26,0.018000000000000016,5.0,5.0,0.40900000000000003,0.391,0.0,0.0,1772130388,1772130392,0.982,1.0,True,1.0,1.0,1772271495.0,1.633136574074074,1.8000000000000016,0.09000000000000008,4.91,0.09000000000000008,s11,date,US strikes Iran by...?,1437691,1437693
1399066>1399067,1772188423,2026-02-27,0.01800009729999999,2.103895,2.103895,0.2290000713,0.210999974,0.0,0.0,1772188423,1772188363,0.9819999027,1.0,True,1.0,1.0,1772271555.0,1.0,1.8000097299999962,0.03787031470898342,2.0660246852910165,0.03787031470898342,s11,date,US strikes Iran by...?,1399066,1399067
1399065>1399066,1772188483,2026-02-27,0.017999999999999988,10.0,10.0,0.249,0.231,0.0,0.0,1772188483,1772188463,0.982,1.0,True,1.0,1.0,1772271495.0,1.0,1.8000000000000016,0.18000000000000016,9.82,0.18000000000000016,s11,date,US strikes Iran by...?,1399065,1399066
1399067>1399072,1772188489,2026-02-27,0.017999999999999988,41.0,41.0,0.249,0.231,0.0,0.0,1772188489,1772188437,0.982,1.0,True,1.0,1.0,1772271555.0,1.0,1.8000000000000016,0.7380000000000007,40.262,0.7380000000000007,s11,date,US strikes Iran by...?,1399067,1399072
1437693>1437723,1772188805,2026-02-27,0.018000000000000016,2.08,2.08,0.349,0.33099999999999996,0.0,0.0,1772188805,1772188747,0.982,1.0,True,1.0,1.0,1772271307.0,1.0,1.8000000000000016,0.037440000000000036,2.04256,0.037440000000000036,s11,date,US strikes Iran by...?,1437693,1437723
1437691>1437693,1772188809,2026-02-27,0.01799999999999996,22.0,22.0,0.359,0.341,0.0,0.0,1772188809,1772188773,0.982,1.0,True,1.0,1.0,1772271495.0,1.0,1.8000000000000016,0.39600000000000035,21.604,0.39600000000000035,s11,date,US strikes Iran by...?,1437691,1437693
1437737>1367195,1772193795,2026-02-27,0.008000001199999995,40.0,40.0,0.499,0.4909999988,0.0,0.0,1772193769,1772193795,0.9919999988,1.0,True,1.0,1.0,1772272993.0,1.0,0.8000001199999995,0.3200000479999998,39.679999952,0.3200000479999998,s11,date,US strikes Iran by...?,1437737,1367195
1399067>1399072,1772196019,2026-02-27,0.008000071599999992,3.631577,3.631577,0.389,0.3809999284,0.0,0.0,1772196019,1772195987,0.9919999284000001,1.0,True,1.0,1.0,1772271555.0,1.0,0.8000071599999936,0.029052876020912968,3.6025241239790873,0.029052876020912968,s11,date,US strikes Iran by...?,1399067,1399072
1399066>1399067,1772196311,2026-02-27,0.0046445611,12.04,12.04,0.3890000428,0.3843554817,0.0,0.0,1772196311,1772196279,0.9953554389,1.0,True,1.0,1.0,1772271555.0,1.0,0.46445611,0.055920515643999996,11.984079484355998,0.055920515643999996,s11,date,US strikes Iran by...?,1399066,1399067
1437691>1437693,1772196593,2026-02-27,0.018000000000000016,9.58,9.58,0.489,0.471,0.0,0.0,1772196593,1772196565,0.982,1.0,True,1.0,1.0,1772271495.0,1.0,1.8000000000000016,0.17244000000000015,9.40756,0.17244000000000015,s11,date,US strikes Iran by...?,1437691,1437693
1399066>1399067,1772201441,2026-02-27,0.008000023000000023,12.585364,12.585364,0.41900000390000003,0.4109999809,0.0,0.0,1772201441,1772201433,0.991999977,1.0,True,1.0,1.0,1772271555.0,1.0,0.8000023000000023,0.10068320146337228,12.484680798536628,0.10068320146337228,s11,date,US strikes Iran by...?,1399066,1399067
1399042>1399064,1772258997,2026-02-28,0.008000004999999921,19.984614,19.984614,0.34900000499999995,0.341,0.0,0.0,1772258997,1772258985,0.991999995,1.0,True,1.0,1.0,1772271371.0,1.0,0.8000004999999977,0.15987701192306955,19.824736988076932,0.15987701192306955,s11,date,US strikes Iran by...?,1399042,1399064
1399066>1399067,1772259027,2026-02-28,0.028000006999999938,49.982455,49.982455,0.42900000699999996,0.401,0.0,0.0,1772259027,1772259025,0.9719999930000001,1.0,True,1.0,1.0,1772271555.0,1.0,2.800000699999994,1.399509089877182,48.58294591012282,1.399509089877182,s11,date,US strikes Iran by...?,1399066,1399067
1399064>1399065,1772259165,2026-02-28,0.128,100.0,100.0,0.499,0.371,0.0,0.0,1772259165,1772259105,0.872,1.0,True,1.0,1.0,1772271433.0,1.0,12.8,12.8,87.2,12.8,s11,date,US strikes Iran by...?,1399064,1399065
1399065>1399066,1772259175,2026-02-28,0.03799999999999998,10.0,10.0,0.479,0.441,0.0,0.0,1772259175,1772259171,0.962,1.0,True,1.0,1.0,1772271495.0,1.0,3.8000000000000034,0.38000000000000034,9.62,0.38000000000000034,s11,date,US strikes Iran by...?,1399065,1399066
1367195>984441,1772259183,2026-02-28,0.028000019000000043,3.63,3.63,0.759,0.730999981,0.0,0.0,1772259183,1772259149,0.971999981,1.0,True,1.0,1.0,1772271499.0,1.0,2.8000019000000043,0.10164006897000015,3.52835993103,0.10164006897000015,s11,date,US strikes Iran by...?,1367195,984441
1437737>1367195,1772259187,2026-02-28,0.07825940440000001,120.0,100,0.739,0.6607405956,0.0,0.0,1772259187,1772259183,0.9217405956,1.0,True,1.0,1.0,1772272993.0,1.0,7.825940440000001,7.825940440000001,92.17405956,9.391128528000001,s11,date,US strikes Iran by...?,1437737,1367195
1437724>1437725,1772259189,2026-02-28,0.0039999999999998925,20.0,20.0,0.565,0.561,0.0,0.0,1772259189,1772259165,0.9960000000000001,1.0,True,1.0,1.0,1772271495.0,1.0,0.39999999999998925,0.07999999999999785,19.92,0.07999999999999785,s11,date,US strikes Iran by...?,1437724,1437725
1437725>1437734,1772259195,2026-02-28,0.15069929700000007,7.08,7.08,0.789,0.638300703,0.0,0.0,1772259195,1772259189,0.8493007029999999,1.0,True,1.0,1.0,1772271371.0,1.0,15.069929700000007,1.0669510227600005,6.0130489772399995,1.0669510227600005,s11,date,US strikes Iran by...?,1437725,1437734
1437734>1437737,1772259213,2026-02-28,0.2879999999999999,50.0,50.0,0.869,0.5810000000000001,0.0,0.0,1772259213,1772259173,0.7120000000000001,1.0,True,1.0,1.0,1772272993.0,1.0,28.799999999999994,14.399999999999997,35.6,14.399999999999997,s11,date,US strikes Iran by...?,1437734,1437737
1437693>1437723,1772259235,2026-02-28,0.29799999999999993,30.0,30.0,0.839,0.541,0.0,0.0,1772259235,1772259181,0.7020000000000001,1.0,True,1.0,1.0,1772271307.0,1.0,29.799999999999994,8.939999999999998,21.060000000000002,8.939999999999998,s11,date,US strikes Iran by...?,1437693,1437723
1467763>1467765,1772355635,2026-03-01,0.008000000000000007,5.333332,5.333332,0.249,0.241,0.0,0.0,1772355635,1772355595,0.992,1.0,True,0.0,0.0,1775027675.0,30.926388888888887,0.8000000000000007,0.04266665600000004,5.290665344000001,0.04266665600000004,s11,strike,Will Crude Oil (CL) hit__ by end of March?,1467763,1467765
1272493>1032336,1772356137,2026-03-01,0.06557677705869641,3.698112,3.698112,0.46900009730000003,0.384,0.00996156024130362,0.00946176,1772356137,1772356101,0.9344232229413035,1.0,True,0.0,0.0,1782889855.0,121.91803240740741,6.557677705869647,0.24251026616209012,3.45560173383791,0.24251026616209012,s11,strike,Will Silver (SI) hit__ by end of June?,1272493,1032336
1032346>1032345,1772370351,2026-03-01,0.0038384799999999775,25.0,25.0,0.239,0.221,0.007275159999999999,0.00688636,1772370349,1772370351,0.9961615199999999,2.0,True,0.0,1.0,1782889855.0,121.75351851851852,100.38384800000001,25.095962000000004,24.904037999999996,25.095962000000004,s11,strike,Will Silver (SI) hit__ by end of June?,1032346,1032345
1032346>1032345,1772388581,2026-03-01,0.023436879999999993,55.0,55.0,0.259,0.221,0.00767676,0.00688636,1772388581,1772388581,0.9765631199999999,2.0,True,0.0,1.0,1782889855.0,121.54252314814815,102.34368800000001,56.289028400000014,53.71097159999999,56.289028400000014,s11,strike,Will Silver (SI) hit__ by end of June?,1032346,1032345
915770>915771,1772399181,2026-03-01,0.018228880000000003,10.0,10.0,0.469,0.431,0.009961560000000001,0.00980956,1772399181,1772399181,0.98177112,1.0,True,1.0,1.0,1781302833.0,103.05152777777778,1.8228880000000003,0.18228880000000003,9.8177112,0.18228880000000003,s11,strike,SpaceX IPO closing market cap above ___ ?,915770,915771
1326777>915770,1772557071,2026-03-03,0.04867047999999996,6.0,6.0,0.619,0.551,0.00943356,0.00989596,1772557071,1772557063,0.95132952,2.0,True,0.0,1.0,1781302833.0,101.22409722222223,104.867048,6.292022879999999,5.707977120000001,6.292022879999999,s11,strike,SpaceX IPO closing market cap above ___ ?,1326777,915770
1326777>915770,1772609101,2026-03-04,0.04867047999999996,7.0,7.0,0.619,0.551,0.00943356,0.00989596,1772609101,1772609099,0.95132952,2.0,True,0.0,1.0,1781302833.0,100.62189814814815,104.867048,7.3406933599999995,6.6593066400000005,7.3406933599999995,s11,strike,SpaceX IPO closing market cap above ___ ?,1326777,915770
1294089>1293941,1772609231,2026-03-04,0.0012983199999999986,250.0,100,0.03700000000000003,0.03300000000000003,0.0014252400000000012,0.0012764400000000013,1772609231,1772609207,0.99870168,1.0,True,0.0,0.0,1782889855.0,118.9887037037037,0.1298319999999964,0.1298319999999964,99.870168,0.324579999999991,s11,strike,Will Silver (SI) hit__ by end of June?,1294089,1293941
1032280>1032279,1772616665,2026-03-04,0.0015015209721354755,22.23,22.23,0.05300000000000005,0.0476747638,0.0020076400000000015,0.0018160752278645685,1772616657,1772616665,0.9984984790278645,1.0,True,0.0,0.0,1782889990.0,118.90422453703704,0.15015209721355172,0.03337881121057255,22.19662118878943,0.03337881121057255,s11,strike,What will Gold (GC) hit__ by end of June?,1032280,1032279
1326778>1326777,1772723135,2026-03-05,0.05145447999999997,20.0,20.0,0.32899999999999996,0.261,0.008830359999999999,0.0077151599999999996,1772723135,1772723127,0.9485455200000001,1.0,True,0.0,0.0,1781302698.0,99.30049768518519,5.145447999999986,1.0290895999999972,18.9709104,1.0290895999999972,s11,strike,SpaceX IPO closing market cap above ___ ?,1326778,1326777
1516204>1516203,1772866743,2026-03-07,0.006999999999999965,8.73,8.73,0.08299999999999996,0.076,0.0,0.0,1772866743,1772866729,0.993,1.0,True,0.0,0.0,1775027615.0,25.010092592592592,0.7000000000000006,0.06111000000000006,8.668890000000001,0.06111000000000006,s11,strike,Will Crude Oil (CL) hit__ by end of March?,1516204,1516203
1467772>1467771,1772939425,2026-03-07,0.010000013699999977,68.833332,68.833332,0.07100000029999998,0.0609999866,0.0,0.0,1772939425,1772939425,0.9899999863,1.0,True,0.0,0.0,1775027677.0,24.169583333333332,1.0000013700000032,0.6883342630166506,68.14499773698334,0.6883342630166506,s11,strike,Will Crude Oil (CL) hit__ by end of March?,1467772,1467771
1467765>1515775,1773008677,2026-03-08,0.00800000089999997,50.0,50.0,0.939,0.9309999991,0.0,0.0,1773008677,1773008623,0.9919999991,1.0,True,0.0,0.0,1775027565.0,23.366759259259258,0.800000089999997,0.4000000449999985,49.599999955,0.4000000449999985,s11,strike,Will Crude Oil (CL) hit__ by end of March?,1467765,1515775
1516204>1516203,1773037451,2026-03-09,0.006877477699999954,205.81,100,0.07999999999999996,0.0731225223,0.0,0.0,1773037451,1773037447,0.9931225223000001,1.0,True,0.0,0.0,1775027615.0,23.034305555555555,0.6877477699999912,0.6877477699999912,99.31225223000001,1.415453685436982,s11,strike,Will Crude Oil (CL) hit__ by end of March?,1516204,1516203
1477563>1515807,1773084685,2026-03-09,0.018000000000000002,11.22,11.22,0.129,0.111,0.0,0.0,1773084631,1773084685,0.982,1.0,True,0.0,0.0,1775027615.0,22.48761574074074,1.8000000000000016,0.2019600000000002,11.018040000000001,0.2019600000000002,s11,strike,Will Crude Oil (CL) hit__ by end of March?,1477563,1515807
1467763>1467765,1773084779,2026-03-09,0.10300000000000001,6.49,6.49,0.269,0.166,0.0,0.0,1773084729,1773084779,0.897,1.0,True,0.0,0.0,1775027675.0,22.487222222222222,10.299999999999997,0.6684699999999999,5.82153,0.6684699999999999,s11,strike,Will Crude Oil (CL) hit__ by end of March?,1467763,1467765
1515806>1467763,1773085467,2026-03-09,0.018305104700000047,264.71176,100,0.16930510470000004,0.151,0.0,0.0,1773085461,1773085467,0.9816948953,1.0,True,0.0,0.0,1775027675.0,22.47925925925926,1.8305104700000019,1.8305104700000019,98.16948952999999,4.8455764821212775,s11,strike,Will Crude Oil (CL) hit__ by end of March?,1515806,1467763
1467763>1467765,1773144173,2026-03-10,0.02200000000000002,5.0,5.0,0.379,0.357,0.0,0.0,1773144167,1773144173,0.978,1.0,True,0.0,0.0,1775027675.0,21.799791666666668,2.200000000000002,0.1100000000000001,4.89,0.1100000000000001,s11,strike,Will Crude Oil (CL) hit__ by end of March?,1467763,1467765
1516203>1477563,1773144187,2026-03-10,2.5999999375692084e-09,5.059197,5.059197,0.07000000259999994,0.07,0.0,0.0,1773144187,1773144179,0.9999999974,1.0,True,0.0,0.0,1775027615.0,21.798935185185186,2.5999999930803597e-07,1.3153912164992176e-08,5.059196986846088,1.3153912164992176e-08,s11,strike,Will Crude Oil (CL) hit__ by end of March?,1516203,1477563
1486032>1486033,1773163603,2026-03-10,0.010000011099999949,86.969695,86.969695,0.04400000029999995,0.033999989200000004,0.0,0.0,1773163603,1773163603,0.9899999889000001,1.0,True,0.0,0.0,1775027909.0,21.57761574074074,1.0000011099999928,0.8696979153636083,86.0999970846364,0.8696979153636083,s11,strike,Will Silver (SI) hit __ by end of March?,1486032,1486033
1467775>1467773,1773164541,2026-03-10,2.5000000021535573e-08,10.0,10.0,0.027000000000000024,0.026999975000000002,0.0,0.0,1773164541,1773164513,0.9999999749999999,1.0,True,0.0,0.0,1775027613.0,21.563333333333333,2.500000007010783e-06,2.500000007010783e-07,9.999999749999999,2.500000007010783e-07,s11,strike,Will Crude Oil (CL) hit__ by end of March?,1467775,1467773
1486032>1486033,1773167579,2026-03-10,0.0006994999999999918,40.0,40.0,0.034699499999999994,0.034,0.0,0.0,1773167571,1773167579,0.9993005,1.0,True,0.0,0.0,1775027909.0,21.53159722222222,0.0699499999999964,0.02797999999999856,39.97202,0.02797999999999856,s11,strike,Will Silver (SI) hit __ by end of March?,1486032,1486033
1571571>1466150,1773366613,2026-03-12,0.6780025522,41.149998,41.149998,0.8884946401,0.21049208789999996,0.0,0.0,1773366565,1773366613,0.32199744779999995,0.0,True,1.0,0.0,1776795752.0,39.689108796296296,-32.199744779999996,-13.2501943329751,13.2501943329751,-13.2501943329751,s11,date,Iran x Israel/US conflict ends by...?,1571571,1466150
1571571>1466150,1773395285,2026-03-13,0.6489974682999999,35.555074,35.555074,0.839,0.1900025317,0.0,0.0,1773395285,1773395241,0.35100253170000006,0.0,True,1.0,0.0,1776795752.0,39.357256944444444,-35.10025317000001,-12.479920988780847,12.479920988780847,-12.479920988780847,s11,date,Iran x Israel/US conflict ends by...?,1571571,1466150
1486032>1486033,1773420187,2026-03-13,0.0010275000000000145,40.0,40.0,0.019000000000000017,0.017972500000000002,0.0,0.0,1773420179,1773420187,0.9989725,1.0,True,0.0,0.0,1775027909.0,18.60789351851852,0.1027499999999959,0.04109999999999836,39.9589,0.04109999999999836,s11,strike,Will Silver (SI) hit __ by end of March?,1486032,1486033
1467775>1467773,1773457341,2026-03-13,0.0011459539999999595,100.440333,100,0.012145953999999959,0.011,0.0,0.0,1773457341,1773457341,0.998854046,1.0,True,0.0,0.0,1775027613.0,18.174444444444443,0.1145953999999949,0.1145953999999949,99.8854046,0.11510000136267688,s11,strike,Will Crude Oil (CL) hit__ by end of March?,1467775,1467773
1571571>1466150,1773485493,2026-03-14,0.6780002263999999,5.882351,5.882351,0.8290001139,0.1509998875,0.0,0.0,1773485493,1773485481,0.3219997736000001,0.0,True,1.0,0.0,1776795752.0,38.31318287037037,-32.19997736000001,-1.8941156902357341,1.8941156902357341,-1.8941156902357341,s11,date,Iran x Israel/US conflict ends by...?,1571571,1466150
1571571>1466150,1773497965,2026-03-14,0.6779999999999999,25.4,25.4,0.839,0.16100000000000003,0.0,0.0,1773497939,1773497965,0.32200000000000006,0.0,True,1.0,0.0,1776795752.0,38.16883101851852,-32.2,-8.1788,8.1788,-8.1788,s11,date,Iran x Israel/US conflict ends by...?,1571571,1466150
1571571>1466150,1773501975,2026-03-14,0.6779999999999999,6.25,6.25,0.839,0.161,0.0,0.0,1773501923,1773501975,0.32200000000000006,0.0,True,1.0,0.0,1776795752.0,38.12241898148148,-32.2,-2.0125,2.0125,-2.0125,s11,date,Iran x Israel/US conflict ends by...?,1571571,1466150
1483732>1483733,1773532963,2026-03-14,0.002416163799999954,12.0,12.0,0.10341616379999996,0.101,0.0,0.0,1773532963,1773532963,0.9975838362,1.0,True,0.0,0.0,1775027789.0,17.30122685185185,0.2416163799999982,0.028993965599999783,11.9710060344,0.028993965599999783,s11,strike,Will Gold (GC) hit __ by end of March?,1483732,1483733
1571571>1466150,1773578293,2026-03-15,0.6779999999999999,0.44,0.44,0.839,0.16100000000000003,0.0,0.0,1773578293,1773578265,0.32200000000000006,0.0,True,1.0,0.0,1776795752.0,37.23910879629629,-32.2,-0.14168000000000003,0.14168000000000003,-0.14168000000000003,s11,date,Iran x Israel/US conflict ends by...?,1571571,1466150
1571571>1466150,1773585361,2026-03-15,0.698,38.82,38.82,0.839,0.14100000000000001,0.0,0.0,1773585361,1773585313,0.30200000000000005,0.0,True,1.0,0.0,1776795752.0,37.15730324074074,-30.200000000000003,-11.723640000000001,11.723640000000001,-11.723640000000001,s11,date,Iran x Israel/US conflict ends by...?,1571571,1466150
1571571>1466150,1773629321,2026-03-15,0.6976403414,6.0,6.0,0.829,0.1313596586,0.0,0.0,1773629315,1773629321,0.3023596586,0.0,True,1.0,0.0,1776795752.0,36.64850694444444,-30.235965860000004,-1.8141579516000002,1.8141579516000002,-1.8141579516000002,s11,date,Iran x Israel/US conflict ends by...?,1571571,1466150
1571571>1466150,1773653323,2026-03-16,0.718,1.29,1.29,0.839,0.121,0.0,0.0,1773653323,1773653269,0.28200000000000003,0.0,True,1.0,0.0,1776795752.0,36.37070601851852,-28.200000000000003,-0.36378000000000005,0.36378000000000005,-0.36378000000000005,s11,date,Iran x Israel/US conflict ends by...?,1571571,1466150
1486032>1486033,1773657111,2026-03-16,0.0020116998999999726,202.39725,100,0.017811011499999974,0.0157993116,0.0,0.0,1773657111,1773657111,0.9979883001000001,1.0,True,0.0,0.0,1775027909.0,15.865717592592592,0.20116998999999414,0.20116998999999414,99.79883001,0.40716252758526317,s11,strike,Will Silver (SI) hit __ by end of March?,1486032,1486033
1571571>1466150,1773663925,2026-03-16,0.738,6.96,6.96,0.829,0.091,0.0,0.0,1773663923,1773663925,0.262,0.0,True,1.0,0.0,1776795752.0,36.24799768518518,-26.200000000000003,-1.82352,1.82352,-1.82352,s11,date,Iran x Israel/US conflict ends by...?,1571571,1466150
1571571>1466150,1773668409,2026-03-16,0.7480000092,20.0,20.0,0.8290000091999999,0.081,0.0,0.0,1773668409,1773668397,0.2519999908000001,0.0,True,1.0,0.0,1776795752.0,36.196099537037036,-25.19999908000001,-5.039999816000002,5.039999816000002,-5.039999816000002,s11,date,Iran x Israel/US conflict ends by...?,1571571,1466150
1571571>1466150,1773672667,2026-03-16,0.748,17.44,17.44,0.829,0.081,0.0,0.0,1773672667,1773672629,0.25200000000000006,0.0,True,1.0,0.0,1776795752.0,36.14681712962963,-25.200000000000006,-4.3948800000000015,4.3948800000000015,-4.3948800000000015,s11,date,Iran x Israel/US conflict ends by...?,1571571,1466150
1607575>1609728,1773692603,2026-03-16,0.11995740650000003,20.0,20.0,0.28900000000000003,0.1690425935,0.0,0.0,1773692603,1773692603,0.8800425935,1.0,True,0.0,0.0,1777999808.0,49.851909722222224,11.995740649999998,2.3991481299999995,17.60085187,2.3991481299999995,s11,date,Bab el-Mandeb Strait effectively closed by...?,1607575,1609728
1571571>1466150,1773695623,2026-03-16,0.728,26.0,26.0,0.829,0.10099999999999998,0.0,0.0,1773695589,1773695623,0.272,0.0,True,1.0,0.0,1776795752.0,35.88112268518518,-27.200000000000003,-7.072000000000001,7.072000000000001,-7.072000000000001,s11,date,Iran x Israel/US conflict ends by...?,1571571,1466150
1571571>1466150,1773710275,2026-03-16,0.7236302275,400.0,100,0.829,0.1053697725,0.0,0.0,1773710261,1773710275,0.27636977250000005,0.0,True,1.0,0.0,1776795752.0,35.711539351851854,-27.636977250000005,-27.636977250000005,27.636977250000005,-110.54790900000002,s11,date,Iran x Israel/US conflict ends by...?,1571571,1466150
1571571>1466150,1773715091,2026-03-16,0.718,5.43,5.43,0.829,0.11099999999999999,0.0,0.0,1773715077,1773715091,0.28200000000000003,0.0,True,1.0,0.0,1776795752.0,35.65579861111111,-28.200000000000003,-1.53126,1.53126,-1.53126,s11,date,Iran x Israel/US conflict ends by...?,1571571,1466150
1571571>1466150,1773729629,2026-03-17,0.7280000059,50.0,50.0,0.8290000059,0.101,0.0,0.0,1773729575,1773729629,0.2719999941,0.0,True,1.0,0.0,1776795752.0,35.48753472222222,-27.199999409999997,-13.599999704999998,13.599999704999998,-13.599999704999998,s11,date,Iran x Israel/US conflict ends by...?,1571571,1466150
1516204>1516203,1773748043,2026-03-17,1.734723475976807e-17,120.16,100,0.019000000000000017,0.019,0.0,0.0,1773748043,1773748013,1.0,1.0,True,0.0,0.0,1775027615.0,14.809861111111111,0.0,0.0,100.0,0.0,s11,strike,Will Crude Oil (CL) hit__ by end of March?,1516204,1516203
1571571>1466150,1773769893,2026-03-17,0.7480001139,0.04,0.04,0.8290001139,0.08099999999999996,0.0,0.0,1773769881,1773769893,0.2519998861,0.0,True,1.0,0.0,1776795752.0,35.021516203703705,-25.199988610000002,-0.010079995444000001,0.010079995444000001,-0.010079995444000001,s11,date,Iran x Israel/US conflict ends by...?,1571571,1466150
1571571>1466150,1773777857,2026-03-17,0.758,441.0,100,0.839,0.08099999999999996,0.0,0.0,1773777857,1773777803,0.242,0.0,True,1.0,0.0,1776795752.0,34.929340277777776,-24.2,-24.2,24.2,-106.722,s11,date,Iran x Israel/US conflict ends by...?,1571571,1466150
1571571>1466150,1773792887,2026-03-17,0.7480000241000001,29.411763,29.411763,0.8290000241000001,0.08099999999999996,0.0,0.0,1773792855,1773792887,0.2519999758999999,0.0,True,1.0,0.0,1776795752.0,34.755381944444444,-25.199997589999988,-7.411763567176509,7.411763567176509,-7.411763567176509,s11,date,Iran x Israel/US conflict ends by...?,1571571,1466150
1607575>1609728,1773793039,2026-03-17,0.2597669585,162.5,100,0.46361538459999996,0.2038484261,0.0,0.0,1773793039,1773793039,0.7402330415,1.0,True,0.0,0.0,1777999808.0,48.68945601851852,25.97669585,25.97669585,74.02330415,42.21213075625,s11,date,Bab el-Mandeb Strait effectively closed by...?,1607575,1609728
1483742>1483741,1773886685,2026-03-18,0.005091095699999965,75.0,75.0,0.03859999999999997,0.0335089043,0.0,0.0,1773886685,1773886685,0.9949089043,1.0,True,0.0,0.0,1775027739.0,13.206643518518518,0.5091095699999992,0.3818321774999994,74.6181678225,0.3818321774999994,s11,strike,Will Gold (GC) hit __ by end of March?,1483742,1483741
666497>666496,1773929243,2026-03-19,0.005485863899999957,49.06,49.06,0.021485863899999957,0.016,0.0,0.0,1773929193,1773929243,0.9945141361000001,1.0,True,0.0,0.0,1775082939.0,13.352962962962962,0.5485863899999943,0.2691364829339972,48.79086351706601,0.2691364829339972,s11,strike,edgeX FDV above ___ one day after launch?,666497,666496
1571571>1466150,1773931849,2026-03-19,0.7680001296,5.555554,5.555554,0.8190001296,0.051000000000000045,0.0,0.0,1773931845,1773931849,0.23199987040000003,0.0,True,1.0,0.0,1776795752.0,33.147025462962965,-23.199987040000003,-1.2888878080002018,1.2888878080002018,-1.2888878080002018,s11,date,Iran x Israel/US conflict ends by...?,1571571,1466150
1571571>1466150,1773943363,2026-03-19,0.7680001296,2.51,2.51,0.8190001296,0.051000000000000045,0.0,0.0,1773943363,1773943329,0.23199987040000003,0.0,True,1.0,0.0,1776795752.0,33.013761574074074,-23.199987040000003,-0.582319674704,0.582319674704,-0.582319674704,s11,date,Iran x Israel/US conflict ends by...?,1571571,1466150
1571571>1466150,1774017011,2026-03-20,0.7700000041999999,2.16,2.16,0.8190000042,0.049000000000000044,0.0,0.0,1774017005,1774017011,0.22999999580000008,0.0,True,1.0,0.0,1776795752.0,32.16135416666667,-22.999999580000008,-0.4967999909280002,0.4967999909280002,-0.4967999909280002,s11,date,Iran x Israel/US conflict ends by...?,1571571,1466150
1571571>1466150,1774041425,2026-03-20,0.6839874662,20.0,20.0,0.729,0.045012533800000004,0.0,0.0,1774041397,1774041425,0.31601253380000005,0.0,True,1.0,0.0,1776795752.0,31.87878472222222,-31.601253380000006,-6.320250676000001,6.320250676000001,-6.320250676000001,s11,date,Iran x Israel/US conflict ends by...?,1571571,1466150
1032346>1032345,1774067043,2026-03-21,0.018036914179112018,9.978722,9.978722,0.5290000341,0.491,0.009966359920887954,0.00999676,1774067043,1774067043,0.981963085820888,2.0,True,0.0,1.0,1782889855.0,102.11587962962963,101.8036914179112,10.158707352331215,9.798736647668782,10.158707352331215,s11,strike,Will Silver (SI) hit__ by end of June?,1032346,1032345
1571571>1466150,1774108349,2026-03-21,0.7160000836,9.090908,9.090908,0.7790000836000001,0.063,0.0,0.0,1774108343,1774108349,0.28399991639999994,0.0,True,1.0,0.0,1776795752.0,31.10420138888889,-28.399991639999993,-2.581817112000091,2.581817112000091,-2.581817112000091,s11,date,Iran x Israel/US conflict ends by...?,1571571,1466150
1571571>1466150,1774120305,2026-03-21,0.7140000114,33.39,33.39,0.7790000114,0.065,0.0,0.0,1774120305,1774120281,0.28599998860000003,0.0,True,1.0,0.0,1776795752.0,30.96582175925926,-28.599998860000003,-9.549539619354002,9.549539619354002,-9.549539619354002,s11,date,Iran x Israel/US conflict ends by...?,1571571,1466150
1571571>1466150,1774129525,2026-03-21,0.7153339772,4.545453,4.545453,0.7790001452,0.06366616800000002,0.0,0.0,1774129469,1774129525,0.2846660228,0.0,True,1.0,0.0,1776795752.0,30.859108796296297,-28.466602279999996,-1.2939360273343283,1.2939360273343283,-1.2939360273343283,s11,date,Iran x Israel/US conflict ends by...?,1571571,1466150
716831>716829,1774154921,2026-03-22,0.005523870373679952,54.994838,54.994838,0.03000000039999995,0.021,0.0020370000263199967,0.0014391300000000003,1774154921,1774154921,0.99447612962632,1.0,False,,,1798779600.0,285.0078587962963,0.5523870373679962,0.303784356333529,54.69105364366647,0.303784356333529,s11,strike,Extended FDV above ___ one day after launch?,716831,716829
1571571>1466150,1774188979,2026-03-22,0.7520000000000001,5.56,5.56,0.8190000000000001,0.06699999999999995,0.0,0.0,1774188965,1774188979,0.2479999999999999,0.0,True,1.0,0.0,1776795752.0,30.170983796296298,-24.79999999999999,-1.3788799999999992,1.3788799999999992,-1.3788799999999992,s11,date,Iran x Israel/US conflict ends by...?,1571571,1466150
1571571>1466150,1774233421,2026-03-22,0.7330000000000001,554.9,100,0.8190000000000001,0.08599999999999997,0.0,0.0,1774233421,1774233397,0.2669999999999999,0.0,True,1.0,0.0,1776795752.0,29.656608796296297,-26.69999999999999,-26.69999999999999,26.69999999999999,-148.15829999999994,s11,date,Iran x Israel/US conflict ends by...?,1571571,1466150
1571571>1466150,1774237785,2026-03-22,0.7510001296,5.555554,5.555554,0.8190001296,0.068,0.0,0.0,1774237775,1774237785,0.2489998704,0.0,True,1.0,0.0,1776795752.0,29.606099537037036,-24.89998704,-1.3833322260002014,1.3833322260002014,-1.3833322260002014,s11,date,Iran x Israel/US conflict ends by...?,1571571,1466150
1571571>1466150,1774243897,2026-03-23,0.7510000130000001,10.0,10.0,0.819000013,0.06799999999999995,0.0,0.0,1774243879,1774243897,0.24899998699999992,0.0,True,1.0,0.0,1776795752.0,29.535358796296297,-24.89999869999999,-2.4899998699999992,2.4899998699999992,-2.4899998699999992,s11,date,Iran x Israel/US conflict ends by...?,1571571,1466150
1571571>1466150,1774252245,2026-03-23,0.7630000241000001,6.0,6.0,0.8290000241000001,0.06599999999999995,0.0,0.0,1774252245,1774252225,0.23699997589999988,0.0,True,1.0,0.0,1776795752.0,29.438738425925926,-23.699997589999988,-1.4219998553999993,1.4219998553999993,-1.4219998553999993,s11,date,Iran x Israel/US conflict ends by...?,1571571,1466150
1571571>1466150,1774256939,2026-03-23,0.7530000091000001,8.46,8.46,0.8190000091,0.06599999999999995,0.0,0.0,1774256923,1774256939,0.2469999908999999,0.0,True,1.0,0.0,1776795752.0,29.384409722222223,-24.69999908999999,-2.0896199230139993,2.0896199230139993,-2.0896199230139993,s11,date,Iran x Israel/US conflict ends by...?,1571571,1466150
1467763>1467765,1774264409,2026-03-23,0.006000016599999991,49.0,49.0,0.10899999999999999,0.1029999834,0.0,0.0,1774264409,1774264409,0.9939999834,1.0,True,0.0,0.0,1775027675.0,8.834097222222223,0.6000016600000047,0.2940008134000023,48.705999186599996,0.2940008134000023,s11,strike,Will Crude Oil (CL) hit__ by end of March?,1467763,1467765
1571571>1466150,1774264847,2026-03-23,0.6334961221000001,118.62,100,0.799,0.16550387789999998,0.0,0.0,1774264799,1774264847,0.36650387789999994,0.0,True,1.0,0.0,1776795752.0,29.292881944444446,-36.650387789999996,-36.650387789999996,36.650387789999996,-43.47468999649799,s11,date,Iran x Israel/US conflict ends by...?,1571571,1466150
1477563>1515807,1774271359,2026-03-23,0.0017494300000000206,200.153363,100,0.021749425400000022,0.0199999954,0.0,0.0,1774271359,1774271339,0.99825057,1.0,True,0.0,0.0,1775027615.0,8.752962962962963,0.17494300000000518,0.17494300000000518,99.825057,0.35015429783310037,s11,strike,Will Crude Oil (CL) hit__ by end of March?,1477563,1515807
1571571>1466150,1774271519,2026-03-23,0.6068877452,4.545453,4.545453,0.7790001452,0.17211240000000005,0.0,0.0,1774271463,1774271519,0.3931122548,0.0,True,1.0,0.0,1776795752.0,29.215659722222224,-39.31122548,-1.7868732779174246,1.7868732779174246,-1.7868732779174246,s11,date,Iran x Israel/US conflict ends by...?,1571571,1466150
1571571>1466150,1774278831,2026-03-23,0.6839999999999999,100.0,100.0,0.829,0.145,0.0,0.0,1774278831,1774278825,0.31600000000000006,0.0,True,1.0,0.0,1776795752.0,29.131030092592592,-31.600000000000005,-31.600000000000005,31.600000000000005,-31.600000000000005,s11,date,Iran x Israel/US conflict ends by...?,1571571,1466150
1571571>1466150,1774285323,2026-03-23,0.7123142199,159.126983,100,0.839,0.1266857801,0.0,0.0,1774285277,1774285323,0.2876857801,0.0,True,1.0,0.0,1776795752.0,29.055891203703705,-28.768578010000002,-28.768578010000002,28.768578010000002,-45.77857023931444,s11,date,Iran x Israel/US conflict ends by...?,1571571,1466150
1571571>1466150,1774295243,2026-03-23,0.7330000213,8.0,8.0,0.8590000213,0.126,0.0,0.0,1774295243,1774295243,0.26699997870000003,0.0,True,1.0,0.0,1776795752.0,28.941076388888888,-26.699997870000004,-2.1359998296000002,2.1359998296000002,-2.1359998296000002,s11,date,Iran x Israel/US conflict ends by...?,1571571,1466150
1571571>1466150,1774326033,2026-03-24,0.7360182533999999,27.94,27.94,0.849,0.11298174660000004,0.0,0.0,1774326033,1774326017,0.26398174660000007,0.0,True,1.0,0.0,1776795752.0,28.58471064814815,-26.398174660000006,-7.375650000004002,7.375650000004002,-7.375650000004002,s11,date,Iran x Israel/US conflict ends by...?,1571571,1466150
1571571>1466150,1774343999,2026-03-24,0.7488142139,224.0,100,0.839,0.0901857861,0.0,0.0,1774343999,1774343951,0.25118578610000003,0.0,True,1.0,0.0,1776795752.0,28.37677083333333,-25.118578610000004,-25.118578610000004,25.118578610000004,-56.26561608640001,s11,date,Iran x Israel/US conflict ends by...?,1571571,1466150
666497>666496,1774346831,2026-03-24,0.008000001099999987,8.28,8.28,0.018000001099999996,0.010000000000000009,0.0,0.0,1774346805,1774346831,0.9919999989,1.0,True,0.0,0.0,1775082939.0,8.519768518518518,0.8000001099999987,0.06624000910799989,8.213759990892,0.06624000910799989,s11,strike,edgeX FDV above ___ one day after launch?,666497,666496
1571571>1466150,1774349509,2026-03-24,0.7013298396000001,16.25,16.25,0.799,0.09767016039999998,0.0,0.0,1774349509,1774349465,0.29867016039999994,0.0,True,1.0,0.0,1776795752.0,28.312997685185184,-29.867016039999996,-4.853390106499999,4.853390106499999,-4.853390106499999,s11,date,Iran x Israel/US conflict ends by...?,1571571,1466150
1571571>1466150,1774361635,2026-03-24,0.7050000000000001,42.0,42.0,0.799,0.094,0.0,0.0,1774361635,1774361611,0.29499999999999993,0.0,True,1.0,0.0,1776795752.0,28.172650462962963,-29.499999999999993,-12.389999999999997,12.389999999999997,-12.389999999999997,s11,date,Iran x Israel/US conflict ends by...?,1571571,1466150
1571571>1466150,1774367197,2026-03-24,0.7060000000000001,3.83,3.83,0.799,0.09299999999999997,0.0,0.0,1774367197,1774367139,0.29399999999999993,0.0,True,1.0,0.0,1776795752.0,28.10827546296296,-29.39999999999999,-1.1260199999999998,1.1260199999999998,-1.1260199999999998,s11,date,Iran x Israel/US conflict ends by...?,1571571,1466150
1571571>1466150,1774385213,2026-03-24,0.6631215437,284.0,100,0.799,0.1358784563,0.0,0.0,1774385213,1774385187,0.33687845629999996,0.0,True,1.0,0.0,1776795752.0,27.899756944444444,-33.68784563,-33.68784563,33.68784563,-95.6734815892,s11,date,Iran x Israel/US conflict ends by...?,1571571,1466150
1571571>1466150,1774391829,2026-03-24,0.683,56.95,56.95,0.809,0.126,0.0,0.0,1774391829,1774391811,0.31699999999999995,0.0,True,1.0,0.0,1776795752.0,27.82318287037037,-31.699999999999996,-18.05315,18.05315,-18.05315,s11,date,Iran x Israel/US conflict ends by...?,1571571,1466150
1571571>1466150,1774438327,2026-03-25,0.708,0.01,0.01,0.829,0.121,0.0,0.0,1774438327,1774438325,0.29200000000000004,0.0,True,1.0,0.0,1776795752.0,27.285011574074073,-29.200000000000003,-0.0029200000000000003,0.0029200000000000003,-0.0029200000000000003,s11,date,Iran x Israel/US conflict ends by...?,1571571,1466150
909467>909468,1774441101,2026-03-25,0.008958479999999991,41.0,41.0,0.879,0.861,0.0042543599999999996,0.00478716,1774441101,1774441101,0.99104152,1.0,True,1.0,1.0,1781302698.0,79.41663194444445,0.8958479999999991,0.3672976799999996,40.63270232,0.3672976799999996,s11,strike,SpaceX IPO closing market cap above ___ ?,909467,909468
1571571>1466150,1774448477,2026-03-25,0.7290000130000001,55.555554,55.555554,0.819000013,0.09,0.0,0.0,1774448467,1774448477,0.27099998699999994,0.0,True,1.0,0.0,1776795752.0,27.16753472222222,-27.099998699999993,-15.055554411777795,15.055554411777795,-15.055554411777795,s11,date,Iran x Israel/US conflict ends by...?,1571571,1466150
1611527>1611577,1774460531,2026-03-25,0.10290235578945295,11.571427,11.571427,0.8590000674,0.7436271205,0.004844758064271818,0.007625833046275139,1774460531,1774460515,0.897097644210547,1.0,True,1.0,1.0,1778689097.0,48.94173611111111,10.290235578945294,1.1907270981456821,10.380699901854317,1.1907270981456821,s11,date,Will Trump visit China by...?,1611527,1611577
1571571>1466150,1774462947,2026-03-25,0.7020000000000001,6.0,6.0,0.8190000000000001,0.117,0.0,0.0,1774462907,1774462947,0.29799999999999993,0.0,True,1.0,0.0,1776795752.0,27.00005787037037,-29.799999999999994,-1.7879999999999996,1.7879999999999996,-1.7879999999999996,s11,date,Iran x Israel/US conflict ends by...?,1571571,1466150
1571571>1466150,1774472517,2026-03-25,0.720000072,11.0,11.0,0.819000072,0.09899999999999998,0.0,0.0,1774472487,1774472517,0.27999992799999995,0.0,True,1.0,0.0,1776795752.0,26.889293981481483,-27.999992799999994,-3.0799992079999994,3.0799992079999994,-3.0799992079999994,s11,date,Iran x Israel/US conflict ends by...?,1571571,1466150
1571571>1466150,1774484147,2026-03-25,0.7290000048,14.0,14.0,0.8190000048,0.08999999999999997,0.0,0.0,1774484107,1774484147,0.27099999519999995,0.0,True,1.0,0.0,1776795752.0,26.7546875,-27.099999519999997,-3.7939999327999994,3.7939999327999994,-3.7939999327999994,s11,date,Iran x Israel/US conflict ends by...?,1571571,1466150
1571571>1466150,1774495847,2026-03-25,0.7290000000000001,11.11,11.11,0.8190000000000001,0.09,0.0,0.0,1774495803,1774495847,0.2709999999999999,0.0,True,1.0,0.0,1776795752.0,26.619270833333335,-27.09999999999999,-3.010809999999999,3.010809999999999,-3.010809999999999,s11,date,Iran x Israel/US conflict ends by...?,1571571,1466150
1571571>1466150,1774517815,2026-03-26,0.7320000628,9.34,9.34,0.819,0.0869999372,0.0,0.0,1774517809,1774517815,0.26799993720000004,0.0,True,1.0,0.0,1776795752.0,26.365011574074074,-26.799993720000003,-2.503119413448,2.503119413448,-2.503119413448,s11,date,Iran x Israel/US conflict ends by...?,1571571,1466150
1571571>1466150,1774537621,2026-03-26,0.7550001139,0.19,0.19,0.8290001139,0.07399999999999995,0.0,0.0,1774537609,1774537621,0.2449998861,0.0,True,1.0,0.0,1776795752.0,26.135775462962965,-24.499988610000003,-0.046549978359,0.046549978359,-0.046549978359,s11,date,Iran x Israel/US conflict ends by...?,1571571,1466150
1571571>1466150,1774542341,2026-03-26,0.774,0.16,0.16,0.849,0.07499999999999996,0.0,0.0,1774542299,1774542341,0.22599999999999998,0.0,True,1.0,0.0,1776795752.0,26.081145833333334,-22.599999999999998,-0.03616,0.03616,-0.03616,s11,date,Iran x Israel/US conflict ends by...?,1571571,1466150
1571571>1466150,1774556845,2026-03-26,0.7958179452999999,13.333332,13.333332,0.84900006,0.0531821147,0.0,0.0,1774556795,1774556845,0.20418205470000006,0.0,True,1.0,0.0,1776795752.0,25.913275462962964,-20.418205470000007,-2.7224271237572615,2.7224271237572615,-2.7224271237572615,s11,date,Iran x Israel/US conflict ends by...?,1571571,1466150
1571571>1466150,1774570451,2026-03-26,0.7919999999999999,10.37,10.37,0.839,0.04700000000000004,0.0,0.0,1774570451,1774570437,0.20800000000000007,0.0,True,1.0,0.0,1776795752.0,25.75579861111111,-20.800000000000008,-2.1569600000000007,2.1569600000000007,-2.1569600000000007,s11,date,Iran x Israel/US conflict ends by...?,1571571,1466150
1571571>1466150,1774611161,2026-03-27,0.7710000627,10.526314,10.526314,0.8090000627,0.038000000000000034,0.0,0.0,1774611161,1774611155,0.2289999373,0.0,True,1.0,0.0,1776795752.0,25.284618055555555,-22.899993730000002,-2.410525246000112,2.410525246000112,-2.410525246000112,s11,date,Iran x Israel/US conflict ends by...?,1571571,1466150
1571571>1466150,1774617819,2026-03-27,0.7740001216,3.68,3.68,0.8090001216,0.03500000000000003,0.0,0.0,1774617761,1774617819,0.22599987840000002,0.0,True,1.0,0.0,1776795752.0,25.20755787037037,-22.59998784,-0.8316795525120001,0.8316795525120001,-0.8316795525120001,s11,date,Iran x Israel/US conflict ends by...?,1571571,1466150
1515807>1515806,1774618247,2026-03-27,0.0002773999999999936,150.0,100,0.013277399999999995,0.013000000000000001,0.0,0.0,1774618245,1774618247,0.9997226,1.0,True,0.0,0.0,1775027617.0,4.738078703703704,0.02773999999999832,0.02773999999999832,99.97226,0.04160999999999748,s11,strike,Will Crude Oil (CL) hit__ by end of March?,1515807,1515806
1571571>1466150,1774622667,2026-03-27,0.7659303153000001,130.02,100,0.809,0.0430696847,0.0,0.0,1774622623,1774622667,0.23406968469999995,0.0,True,1.0,0.0,1776795752.0,25.151446759259258,-23.406968469999995,-23.406968469999995,23.406968469999995,-30.433740404693996,s11,date,Iran x Israel/US conflict ends by...?,1571571,1466150
1571571>1466150,1774665193,2026-03-27,0.7930001296,4.47,4.47,0.8190001296,0.026000000000000023,0.0,0.0,1774665193,1774665177,0.2069998704,0.0,True,1.0,0.0,1776795752.0,24.659247685185186,-20.69998704,-0.925289420688,0.925289420688,-0.925289420688,s11,date,Iran x Israel/US conflict ends by...?,1571571,1466150
1748641>1748840,1774700025,2026-03-28,0.28042408602832,38.0,38.0,0.559000006,0.261,0.009860759971679999,0.0077151599999999996,1774700025,1774700025,0.7195759139716801,2.0,True,0.0,1.0,1781032096.0,73.28785879629629,128.042408602832,48.65611526907616,27.343884730923843,48.65611526907616,s11,date,Claude 5 released by…?,1748641,1748840
1571571>1466150,1774717773,2026-03-28,0.8059999999999999,10.73,10.73,0.829,0.02300000000000002,0.0,0.0,1774717773,1774717747,0.19400000000000006,0.0,True,1.0,0.0,1776795752.0,24.05068287037037,-19.400000000000006,-2.081620000000001,2.081620000000001,-2.081620000000001,s11,date,Iran x Israel/US conflict ends by...?,1571571,1466150
1571571>1466150,1774748178,2026-03-28,0.8050000245,27.777776,27.777776,0.8190000245,0.014000000000000012,0.0,0.0,1774748178,1774748136,0.19499997550000003,0.0,True,1.0,0.0,1776795752.0,23.69877314814815,-19.499997550000003,-5.4166656394444885,5.4166656394444885,-5.4166656394444885,s11,date,Iran x Israel/US conflict ends by...?,1571571,1466150
1571571>1466150,1774777244,2026-03-29,0.7970135707,1.12,1.12,0.8090135707,0.01200000000000001,0.0,0.0,1774777244,1774777188,0.2029864293,0.0,True,1.0,0.0,1776795752.0,23.36236111111111,-20.29864293,-0.227344800816,0.227344800816,-0.227344800816,s11,date,Iran x Israel/US conflict ends by...?,1571571,1466150
1571571>1466150,1774792382,2026-03-29,0.7862287494000001,8.01,8.01,0.799,0.01277125059999995,0.0,0.0,1774792382,1774792372,0.2137712505999999,0.0,True,1.0,0.0,1776795752.0,23.18715277777778,-21.37712505999999,-1.7123077173059993,1.7123077173059993,-1.7123077173059993,s11,date,Iran x Israel/US conflict ends by...?,1571571,1466150
1571571>1466150,1774796526,2026-03-29,0.786,0.65,0.65,0.799,0.013000000000000012,0.0,0.0,1774796526,1774796526,0.21399999999999997,0.0,True,1.0,0.0,1776795752.0,23.139189814814817,-21.4,-0.13909999999999997,0.13909999999999997,-0.13909999999999997,s11,date,Iran x Israel/US conflict ends by...?,1571571,1466150
1571571>1466150,1774898673,2026-03-30,0.722,5.0,5.0,0.729,0.007000000000000005,0.0,0.0,1774898613,1774898673,0.278,0.0,True,1.0,0.0,1776795752.0,21.95693287037037,-27.800000000000004,-1.3900000000000001,1.3900000000000001,-1.3900000000000001,s11,date,Iran x Israel/US conflict ends by...?,1571571,1466150
1571571>1466150,1774920467,2026-03-30,0.772,1.65,1.65,0.779,0.007000000000000005,0.0,0.0,1774920467,1774920439,0.22799999999999998,0.0,True,1.0,0.0,1776795752.0,21.7046875,-22.799999999999997,-0.3761999999999999,0.3761999999999999,-0.3761999999999999,s11,date,Iran x Israel/US conflict ends by...?,1571571,1466150
1571571>1466150,1774932691,2026-03-31,0.7802,50.38,50.38,0.789,0.00880000000000003,0.0,0.0,1774932691,1774932665,0.2198,0.0,True,1.0,0.0,1776795752.0,21.563206018518517,-21.98,-11.073524,11.073524,-11.073524,s11,date,Iran x Israel/US conflict ends by...?,1571571,1466150
1571571>1466150,1774956155,2026-03-31,0.784,100.0,100.0,0.789,0.005000000000000004,0.0,0.0,1774956121,1774956155,0.21599999999999997,0.0,True,1.0,0.0,1776795752.0,21.291631944444443,-21.599999999999998,-21.599999999999998,21.599999999999998,-21.599999999999998,s11,date,Iran x Israel/US conflict ends by...?,1571571,1466150
1611527>1611577,1774956407,2026-03-31,0.015447758129836897,9.012344,9.012344,0.8380088496,0.810999929,0.005430000703683383,0.006131161766479799,1774956407,1774956407,0.9845522418701631,1.0,True,1.0,1.0,1778689097.0,43.20243055555556,1.5447758129836897,0.1392205102948868,8.873123489705113,0.1392205102948868,s11,date,Will Trump visit China by...?,1611527,1611577
1571571>1466150,1774984093,2026-03-31,0.785,0.21,0.21,0.789,0.004000000000000003,0.0,0.0,1774984093,1774984067,0.21499999999999997,0.0,True,1.0,0.0,1776795752.0,20.968275462962964,-21.499999999999996,-0.04514999999999999,0.04514999999999999,-0.04514999999999999,s11,date,Iran x Israel/US conflict ends by...?,1571571,1466150
1571571>1466150,1775015129,2026-03-31,0.897,20.0,20.0,0.899,0.002000000000000001,0.0,0.0,1775015087,1775015129,0.10299999999999998,0.0,True,1.0,0.0,1776795752.0,20.6090625,-10.299999999999997,-2.0599999999999996,2.0599999999999996,-2.0599999999999996,s11,date,Iran x Israel/US conflict ends by...?,1571571,1466150
1571571>1466150,1775021065,2026-04-01,0.887,100.0,100.0,0.889,0.002000000000000001,0.0,0.0,1775021027,1775021065,0.11299999999999999,0.0,True,1.0,0.0,1776795752.0,20.540358796296296,-11.299999999999999,-11.299999999999999,11.299999999999999,-11.299999999999999,s11,date,Iran x Israel/US conflict ends by...?,1571571,1466150
1571571>1466150,1775026247,2026-04-01,0.887,5.0,5.0,0.889,0.002000000000000001,0.0,0.0,1775026189,1775026247,0.11299999999999999,0.0,True,1.0,0.0,1776795752.0,20.480381944444446,-11.299999999999999,-0.565,0.565,-0.565,s11,date,Iran x Israel/US conflict ends by...?,1571571,1466150
1571571>1466150,1775033191,2026-04-01,0.877,10.68,10.68,0.879,0.002000000000000001,0.0,0.0,1775033191,1775033141,0.123,0.0,True,1.0,0.0,1776795752.0,20.400011574074075,-12.3,-1.31364,1.31364,-1.31364,s11,date,Iran x Israel/US conflict ends by...?,1571571,1466150
1571571>1466150,1775038483,2026-04-01,0.857,2.0,2.0,0.859,0.002000000000000001,0.0,0.0,1775038431,1775038483,0.14300000000000002,0.0,True,1.0,0.0,1776795752.0,20.338761574074073,-14.3,-0.28600000000000003,0.28600000000000003,-0.28600000000000003,s11,date,Iran x Israel/US conflict ends by...?,1571571,1466150
1571571>1466150,1775059389,2026-04-01,0.876,1955.05,100,0.879,0.003000000000000002,0.0,0.0,1775059389,1775059383,0.124,0.0,True,1.0,0.0,1776795752.0,20.096793981481483,-12.4,-12.4,12.4,-242.4262,s11,date,Iran x Israel/US conflict ends by...?,1571571,1466150
1571571>1466150,1775069639,2026-04-01,0.8670000098,76.923075,76.923075,0.8690000098,0.002000000000000001,0.0,0.0,1775069581,1775069639,0.13299999019999997,0.0,True,1.0,0.0,1776795752.0,19.978159722222223,-13.299999019999998,-10.230768221153863,10.230768221153863,-10.230768221153863,s11,date,Iran x Israel/US conflict ends by...?,1571571,1466150
1571571>1466150,1775079715,2026-04-01,0.8460001125,6.666665,6.666665,0.8490001125,0.003000000000000002,0.0,0.0,1775079715,1775079711,0.15399988750000004,0.0,True,1.0,0.0,1776795752.0,19.861539351851853,-15.399988750000004,-1.0266656600001878,1.0266656600001878,-1.0266656600001878,s11,date,Iran x Israel/US conflict ends by...?,1571571,1466150
1571571>1466150,1775101317,2026-04-01,0.8660000011,2.9,2.9,0.8690000011,0.003000000000000002,0.0,0.0,1775101317,1775101287,0.13399999890000003,0.0,True,1.0,0.0,1776795752.0,19.611516203703705,-13.399999890000004,-0.38859999681000007,0.38859999681000007,-0.38859999681000007,s11,date,Iran x Israel/US conflict ends by...?,1571571,1466150
1571571>1466150,1775119087,2026-04-02,0.866,86.27,86.27,0.869,0.003000000000000002,0.0,0.0,1775119081,1775119087,0.134,0.0,True,1.0,0.0,1776795752.0,19.405844907407406,-13.4,-11.56018,11.56018,-11.56018,s11,date,Iran x Israel/US conflict ends by...?,1571571,1466150
1571571>1466150,1775131615,2026-04-02,0.862868319,14.910713,14.910713,0.864868319,0.002000000000000001,0.0,0.0,1775131599,1775131615,0.13713168099999995,0.0,True,1.0,0.0,1776795752.0,19.260844907407407,-13.713168099999995,-2.0447311385985523,2.0447311385985523,-2.0447311385985523,s11,date,Iran x Israel/US conflict ends by...?,1571571,1466150
1571571>1466150,1775147879,2026-04-02,0.847,111.44,100,0.849,0.002000000000000001,0.0,0.0,1775147879,1775147827,0.15300000000000002,0.0,True,1.0,0.0,1776795752.0,19.072604166666668,-15.300000000000002,-15.300000000000002,15.300000000000002,-17.050320000000003,s11,date,Iran x Israel/US conflict ends by...?,1571571,1466150
1571571>1466150,1775159733,2026-04-02,0.837,187.5,100,0.839,0.002000000000000001,0.0,0.0,1775159733,1775159725,0.16300000000000003,0.0,True,1.0,0.0,1776795752.0,18.935405092592593,-16.300000000000004,-16.300000000000004,16.300000000000004,-30.562500000000007,s11,date,Iran x Israel/US conflict ends by...?,1571571,1466150
1571571>1466150,1775182045,2026-04-02,0.837,200.0,100,0.839,0.002000000000000001,0.0,0.0,1775182003,1775182045,0.16300000000000003,0.0,True,1.0,0.0,1776795752.0,18.67716435185185,-16.300000000000004,-16.300000000000004,16.300000000000004,-32.60000000000001,s11,date,Iran x Israel/US conflict ends by...?,1571571,1466150
1571571>1466150,1775203945,2026-04-03,0.837,61.42,61.42,0.839,0.002000000000000001,0.0,0.0,1775203933,1775203945,0.16300000000000003,0.0,True,1.0,0.0,1776795752.0,18.42369212962963,-16.300000000000004,-10.011460000000003,10.011460000000003,-10.011460000000003,s11,date,Iran x Israel/US conflict ends by...?,1571571,1466150
1383663>1383664,1775420229,2026-04-05,0.009515844888147829,14.0,14.0,0.899,0.8754981451,0.006355929999999999,0.007630080011852154,1775420229,1775420229,0.9904841551118522,1.0,True,1.0,1.0,1777556952.0,24.73059027777778,0.9515844888147829,0.1332218284340696,13.86677817156593,0.1332218284340696,s11,date,Will MegaETH launch a token by ___?,1383663,1383664
1706482>1662802,1775601225,2026-04-07,0.00920836260000002,1.686745,1.686745,0.3350004031,0.3257920405,0.0,0.0,1775601221,1775601225,0.9907916374,1.0,True,0.0,0.0,1776321590.0,8.33755787037037,0.920836260000002,0.015532159573737032,1.671212840426263,0.015532159573737032,s11,date,Trump announces end of military operations against Iran by ...?,1706482,1662802
1567747>1484914,1775601247,2026-04-07,0.01593495239999998,8.0,8.0,0.539,0.5230650476,0.0,0.0,1775601247,1775601191,0.9840650476,1.0,True,1.0,1.0,1777077014.0,17.080636574074074,1.593495239999998,0.12747961919999984,7.8725203808,0.12747961919999984,s11,date,Iran x Israel/US conflict ends by...?,1567747,1484914
1706766>1567746,1775602469,2026-04-07,0.031126980000000026,58.05,58.05,0.599,0.56787302,0.0,0.0,1775602469,1775602417,0.96887302,1.0,True,1.0,1.0,1777077780.0,17.075358796296296,3.1126980000000026,1.8069211890000014,56.243078811,1.8069211890000014,s11,date,Iran x Israel/US conflict ends by...?,1706766,1567746
1706766>1567746,1775664055,2026-04-08,0.022000001699999994,5.62,5.62,0.3350000017,0.313,0.0,0.0,1775664035,1775664055,0.9779999983000001,1.0,True,1.0,1.0,1777077780.0,16.36255787037037,2.200000169999994,0.12364000955399966,5.496359990446001,0.12364000955399966,s11,date,Iran x Israel/US conflict ends by...?,1706766,1567746
1567747>1484914,1775678663,2026-04-08,0.002439839999999971,12.5,12.5,0.57343984,0.5710000000000001,0.0,0.0,1775678651,1775678663,0.99756016,1.0,True,1.0,1.0,1777077014.0,16.184618055555557,0.2439839999999971,0.030497999999999637,12.469502,0.030497999999999637,s11,date,Iran x Israel/US conflict ends by...?,1567747,1484914
1706766>1567746,1775938855,2026-04-11,1.0804500000016759e-05,68.0,68.0,0.711,0.7109891955,0.0,0.0,1775938855,1775938811,0.9999891955,1.0,True,1.0,1.0,1777077780.0,13.182002314814815,0.001080450000001676,0.0007347060000011396,67.999265294,0.0007347060000011396,s11,date,Iran x Israel/US conflict ends by...?,1706766,1567746
1706766>1567746,1775957629,2026-04-11,0.014503580199999977,10.964911,10.964911,0.6995035689,0.6849999887,0.0,0.0,1775957595,1775957629,0.9854964198,1.0,True,1.0,1.0,1777077780.0,12.964710648148149,1.4503580199999977,0.15903046607436197,10.805880533925638,0.15903046607436197,s11,date,Iran x Israel/US conflict ends by...?,1706766,1567746
1706766>1567746,1775961715,2026-04-11,0.028000051099999923,5.872726,5.872726,0.44900005109999996,0.42100000000000004,0.0,0.0,1775961671,1775961715,0.9719999489000001,1.0,True,1.0,1.0,1777077780.0,12.91741898148148,2.8000051099999923,0.16443662809629814,5.708289371903702,0.16443662809629814,s11,date,Iran x Israel/US conflict ends by...?,1706766,1567746
1706766>1567746,1775968005,2026-04-12,0.0050000000000000044,12.3,12.3,0.479,0.474,0.0,0.0,1775968005,1775967967,0.995,1.0,True,1.0,1.0,1777077780.0,12.844618055555555,0.5000000000000004,0.06150000000000006,12.2385,0.06150000000000006,s11,date,Iran x Israel/US conflict ends by...?,1706766,1567746
1706766>1567746,1775971851,2026-04-12,0.0029999999999998916,10.0,10.0,0.5459999999999999,0.543,0.0,0.0,1775971851,1775971805,0.9970000000000001,1.0,True,1.0,1.0,1777077780.0,12.800104166666667,0.29999999999998916,0.029999999999998916,9.97,0.029999999999998916,s11,date,Iran x Israel/US conflict ends by...?,1706766,1567746
1706766>1567746,1775984689,2026-04-12,7.33999999669166e-08,10.424027,10.424027,0.5670000463,0.5669999729,0.0,0.0,1775984689,1775984677,0.9999999266,1.0,True,1.0,1.0,1777077780.0,12.651516203703704,7.33999999669166e-06,7.651235814551378e-07,10.424026234876418,7.651235814551378e-07,s11,date,Iran x Israel/US conflict ends by...?,1706766,1567746
1706766>1567746,1775993993,2026-04-12,0.008675513500000065,10.0,10.0,0.529,0.5203244865,0.0,0.0,1775993943,1775993993,0.9913244864999999,1.0,True,1.0,1.0,1777077780.0,12.54383101851852,0.8675513500000065,0.08675513500000065,9.913244865,0.08675513500000065,s11,date,Iran x Israel/US conflict ends by...?,1706766,1567746
1706766>1567746,1775999733,2026-04-12,0.007535889500000004,6.294025,6.294025,0.3460000516,0.3384641621,0.0,0.0,1775999733,1775999689,0.9924641105,1.0,True,1.0,1.0,1777077780.0,12.477395833333333,0.7535889499999948,0.04743107691023718,6.246593923089764,0.04743107691023718,s11,date,Iran x Israel/US conflict ends by...?,1706766,1567746
1706766>1567746,1776004107,2026-04-12,0.013067089799999987,100.0,100.0,0.4430670898,0.43,0.0,0.0,1776004107,1776004047,0.9869329102,1.0,True,1.0,1.0,1777077780.0,12.426770833333334,1.3067089800000042,1.3067089800000042,98.69329101999999,1.3067089800000042,s11,date,Iran x Israel/US conflict ends by...?,1706766,1567746
1706766>1567746,1776009483,2026-04-12,0.002317121900000052,2.066114,2.066114,0.48731703670000004,0.4849999148,0.0,0.0,1776009483,1776009473,0.9976828781,1.0,True,1.0,1.0,1777077780.0,12.364548611111111,0.23171218999999965,0.004787437997296592,2.0613265620027033,0.004787437997296592,s11,date,Iran x Israel/US conflict ends by...?,1706766,1567746
1706766>1567746,1776016757,2026-04-12,4.141609999996909e-05,560.0,100,0.484,0.4839585839,0.0,0.0,1776016757,1776016743,0.9999585839,1.0,True,1.0,1.0,1777077780.0,12.280358796296296,0.004141609999996909,0.004141609999996909,99.99585839000001,0.02319301599998269,s11,date,Iran x Israel/US conflict ends by...?,1706766,1567746
1706766>1567746,1776025651,2026-04-12,0.0030000000000000027,2.0,2.0,0.494,0.491,0.0,0.0,1776025611,1776025651,0.997,1.0,True,1.0,1.0,1777077780.0,12.177418981481482,0.30000000000000027,0.006000000000000005,1.994,0.006000000000000005,s11,date,Iran x Israel/US conflict ends by...?,1706766,1567746
1706766>1567746,1776030851,2026-04-12,0.004000012900000072,18.656715,18.656715,0.46300001290000004,0.45899999999999996,0.0,0.0,1776030797,1776030851,0.9959999870999999,1.0,True,1.0,1.0,1777077780.0,12.117233796296297,0.40000129000000717,0.07462710067162483,18.582087899328375,0.07462710067162483,s11,date,Iran x Israel/US conflict ends by...?,1706766,1567746
1706766>1567746,1776086169,2026-04-13,2.7310000000335677e-07,2.016128,2.016128,0.4970000311,0.496999758,0.0,0.0,1776086161,1776086169,0.9999997269,1.0,True,1.0,1.0,1777077780.0,11.476979166666666,2.7309999994784562e-05,5.506045566948501e-07,2.0161274493954435,5.506045566948501e-07,s11,date,Iran x Israel/US conflict ends by...?,1706766,1567746
1706766>1567746,1776091373,2026-04-13,0.0020000000000000018,10.0,10.0,0.555,0.553,0.0,0.0,1776091373,1776091321,0.998,1.0,True,1.0,1.0,1777077780.0,11.416747685185186,0.20000000000000018,0.020000000000000018,9.98,0.020000000000000018,s11,date,Iran x Israel/US conflict ends by...?,1706766,1567746
1706766>1567746,1776097691,2026-04-13,0.007000111600000025,0.7,0.7,0.605,0.5979998884,0.0,0.0,1776097691,1776097689,0.9929998884,1.0,True,1.0,1.0,1777077780.0,11.343622685185185,0.7000111600000025,0.004900078120000017,0.6950999218799999,0.004900078120000017,s11,date,Iran x Israel/US conflict ends by...?,1706766,1567746
1706766>1567746,1776106959,2026-04-13,0.0020000000000000018,100.0,100.0,0.6689999999999999,0.6669999999999999,0.0,0.0,1776106947,1776106959,0.998,1.0,True,1.0,1.0,1777077780.0,11.236354166666667,0.20000000000000018,0.20000000000000018,99.8,0.20000000000000018,s11,date,Iran x Israel/US conflict ends by...?,1706766,1567746
1706766>1567746,1776110659,2026-04-13,0.0039999999999998925,62.53125,62.53125,0.6789999999999999,0.675,0.0,0.0,1776110647,1776110659,0.9960000000000001,1.0,True,1.0,1.0,1777077780.0,11.193530092592592,0.39999999999998925,0.25012499999999327,62.28112500000001,0.25012499999999327,s11,date,Iran x Israel/US conflict ends by...?,1706766,1567746
1706766>1567746,1776127991,2026-04-13,0.0010000498999999108,3.550211,3.550211,0.709,0.7079999501,0.0,0.0,1776127991,1776127965,0.9989999501000001,1.0,True,1.0,1.0,1777077780.0,10.99292824074074,0.10000498999999108,0.0035503881555285833,3.5466606118444712,0.0035503881555285833,s11,date,Iran x Israel/US conflict ends by...?,1706766,1567746
1706766>1567746,1776139673,2026-04-14,0.0020000000000000018,4.99,4.99,0.715,0.713,0.0,0.0,1776139673,1776139663,0.998,1.0,True,1.0,1.0,1777077780.0,10.857719907407407,0.20000000000000018,0.00998000000000001,4.980020000000001,0.00998000000000001,s11,date,Iran x Israel/US conflict ends by...?,1706766,1567746
1032345>1032344,1776149991,2026-04-14,0.0005984799999999568,16.0,16.0,0.32899999999999996,0.311,0.008830359999999999,0.008571160000000001,1776149991,1776149991,0.99940152,1.0,True,1.0,1.0,1782401227.0,72.35226851851851,0.05984799999999568,0.00957567999999931,15.99042432,0.00957567999999931,s11,strike,Will Silver (SI) hit__ by end of June?,1032345,1032344
1706766>1567746,1776169745,2026-04-14,2.6799999996995894e-08,6.522325,6.522325,0.74,0.7399999732,0.0,0.0,1776169745,1776169695,0.9999999732,1.0,True,1.0,1.0,1777077780.0,10.509664351851852,2.6799999996995894e-06,1.7479830998040626e-07,6.52232482520169,1.7479830998040626e-07,s11,date,Iran x Israel/US conflict ends by...?,1706766,1567746
1706766>1567746,1776173927,2026-04-14,0.00026868999999996035,15.0,15.0,0.74526869,0.745,0.0,0.0,1776173927,1776173871,0.99973131,1.0,True,1.0,1.0,1777077780.0,10.461261574074074,0.026868999999996035,0.004030349999999405,14.995969650000001,0.004030349999999405,s11,date,Iran x Israel/US conflict ends by...?,1706766,1567746
1706766>1567746,1776179225,2026-04-14,0.013000000000000012,3.72,3.72,0.77,0.757,0.0,0.0,1776179225,1776179183,0.987,1.0,True,1.0,1.0,1777077780.0,10.399942129629629,1.3000000000000012,0.04836000000000005,3.67164,0.04836000000000005,s11,date,Iran x Israel/US conflict ends by...?,1706766,1567746
1706766>1567746,1776185252,2026-04-14,0.0010000000000000009,5.0,5.0,0.757,0.756,0.0,0.0,1776185252,1776185194,0.999,1.0,True,1.0,1.0,1777077780.0,10.330185185185185,0.10000000000000009,0.0050000000000000044,4.995,0.0050000000000000044,s11,date,Iran x Israel/US conflict ends by...?,1706766,1567746
1706766>1567746,1776189860,2026-04-14,0.0010000000000000009,26.09,26.09,0.762,0.761,0.0,0.0,1776189860,1776189850,0.999,1.0,True,1.0,1.0,1777077780.0,10.276851851851852,0.10000000000000009,0.026090000000000023,26.06391,0.026090000000000023,s11,date,Iran x Israel/US conflict ends by...?,1706766,1567746
1706766>1567746,1776193842,2026-04-14,0.001600010000000096,5.184694,5.184694,0.7606,0.75899999,0.0,0.0,1776193836,1776193842,0.9983999899999999,1.0,True,1.0,1.0,1777077780.0,10.23076388888889,0.1600010000000096,0.008295562246940499,5.17639843775306,0.008295562246940499,s11,date,Iran x Israel/US conflict ends by...?,1706766,1567746
1706766>1567746,1776197716,2026-04-14,0.0040000000000000036,4.55,4.55,0.769,0.765,0.0,0.0,1776197672,1776197716,0.996,1.0,True,1.0,1.0,1777077780.0,10.185925925925925,0.40000000000000036,0.018200000000000015,4.5318,0.018200000000000015,s11,date,Iran x Israel/US conflict ends by...?,1706766,1567746
1706766>1567746,1776207930,2026-04-14,0.002000032700000043,16.44,16.44,0.7750000327000001,0.773,0.0,0.0,1776207930,1776207876,0.9979999673,1.0,True,1.0,1.0,1777077780.0,10.067708333333334,0.20000327000000429,0.032880537588000705,16.407119462412002,0.032880537588000705,s11,date,Iran x Israel/US conflict ends by...?,1706766,1567746
1706766>1567746,1776228056,2026-04-15,7.924530000003038e-05,9.8,9.8,0.8040792453,0.8039999999999999,0.0,0.0,1776228056,1776228024,0.9999207547,1.0,True,1.0,1.0,1777077780.0,9.83476851851852,0.007924530000003038,0.0007766039400002978,9.79922339606,0.0007766039400002978,s11,date,Iran x Israel/US conflict ends by...?,1706766,1567746
1706766>1567746,1776235970,2026-04-15,0.02100003370000003,35.087718,35.087718,0.8280000222,0.8069999885,0.0,0.0,1776235970,1776235956,0.9789999663,1.0,True,1.0,1.0,1777077780.0,9.743171296296296,2.100003370000003,0.7368432604560977,34.350874739543904,0.7368432604560977,s11,date,Iran x Israel/US conflict ends by...?,1706766,1567746
1706766>1567746,1776245420,2026-04-15,0.0010000659000000134,1.453415,1.453415,0.8070000143,0.8059999484,0.0,0.0,1776245370,1776245420,0.9989999341,1.0,True,1.0,1.0,1777077780.0,9.633796296296296,0.10000659000000134,0.0014535107800485194,1.4519614892199513,0.0014535107800485194,s11,date,Iran x Israel/US conflict ends by...?,1706766,1567746
1706766>1567746,1776250034,2026-04-15,0.0019999999999998908,10.21,10.21,0.8019999999999999,0.8,0.0,0.0,1776250032,1776250034,0.9980000000000001,1.0,True,1.0,1.0,1777077780.0,9.580393518518518,0.19999999999998908,0.020419999999998887,10.189580000000001,0.020419999999998887,s11,date,Iran x Israel/US conflict ends by...?,1706766,1567746
690625>690624,1776253158,2026-04-15,0.0261179655,290.0,100,0.04,0.013882034500000001,0.0,0.0,1776253114,1776253158,0.9738820345,1.0,True,1.0,1.0,1776904604.0,7.539884259259259,2.6117965500000007,2.6117965500000007,97.38820345,7.574209995000002,s11,strike,USD.AI FDV above ___ one day after launch?,690625,690624
1961412>1961413,1776253692,2026-04-15,0.4160000113000001,0.01,0.01,0.5370000113000001,0.121,0.0,0.0,1776253692,1776253640,0.5839999886999999,1.0,True,0.0,0.0,1776493006.0,2.769837962962963,41.60000113000001,0.0041600001130000005,0.005839999887,0.0041600001130000005,s11,date,Trump announces US blockade of Hormuz lifted by...?,1961412,1961413
1706766>1567746,1776254480,2026-04-15,0.006000000000000005,13.05,13.05,0.839,0.833,0.0,0.0,1776254480,1776254446,0.994,1.0,True,1.0,1.0,1777077780.0,9.528935185185185,0.6000000000000005,0.07830000000000008,12.9717,0.07830000000000008,s11,date,Iran x Israel/US conflict ends by...?,1706766,1567746
1706766>1567746,1776258780,2026-04-15,6.199999957878788e-09,96.77,96.77,0.8270000062,0.8270000000000001,0.0,0.0,1776258780,1776258760,0.9999999938,1.0,True,1.0,1.0,1777077780.0,9.479166666666666,6.199999957878788e-07,5.999739959239303e-07,96.769999400026,5.999739959239303e-07,s11,date,Iran x Israel/US conflict ends by...?,1706766,1567746
1706766>1567746,1776263450,2026-04-15,0.00018922720000003057,9.838708,9.838708,0.8750000805,0.8748108533,0.0,0.0,1776263450,1776263438,0.9998107728,1.0,True,1.0,1.0,1777077780.0,9.425115740740742,0.018922720000003057,0.0018617511664579009,9.836846248833542,0.0018617511664579009,s11,date,Iran x Israel/US conflict ends by...?,1706766,1567746
1706766>1567746,1776267072,2026-04-15,0.0020000000000000018,30.0,30.0,0.885,0.883,0.0,0.0,1776267072,1776267026,0.998,1.0,True,1.0,1.0,1777077780.0,9.383194444444445,0.20000000000000018,0.06000000000000005,29.94,0.06000000000000005,s11,date,Iran x Israel/US conflict ends by...?,1706766,1567746
1706766>1567746,1776317196,2026-04-16,0.0026233855999999722,267.84,100,0.85910875,0.8564853644,0.0,0.0,1776317196,1776317156,0.9973766144,1.0,True,1.0,1.0,1777077780.0,8.803055555555556,0.2623385599999972,0.2623385599999972,99.73766144,0.7026475991039925,s11,date,Iran x Israel/US conflict ends by...?,1706766,1567746
1706766>1567746,1776322070,2026-04-16,0.004247619000000036,525.0,100,0.869,0.864752381,0.0,0.0,1776322070,1776322052,0.995752381,1.0,True,1.0,1.0,1777077780.0,8.74664351851852,0.4247619000000036,0.4247619000000036,99.57523809999999,2.229999975000019,s11,date,Iran x Israel/US conflict ends by...?,1706766,1567746
1706766>1567746,1776326366,2026-04-16,0.0010278049999999928,0.88,0.88,0.865,0.863972195,0.0,0.0,1776326366,1776326348,0.998972195,1.0,True,1.0,1.0,1777077780.0,8.696921296296296,0.10278049999999928,0.0009044683999999936,0.8790955316,0.0009044683999999936,s11,date,Iran x Israel/US conflict ends by...?,1706766,1567746
1706766>1567746,1776331968,2026-04-16,0.0031218959000000046,116.160461,100,0.8650000048,0.8618781089,0.0,0.0,1776331952,1776331968,0.9968781041,1.0,True,1.0,1.0,1777077780.0,8.632083333333334,0.31218959000000046,0.31218959000000046,99.68781041,0.36264086693801045,s11,date,Iran x Israel/US conflict ends by...?,1706766,1567746
1706766>1567746,1776347842,2026-04-16,0.0040000000000000036,59.0,59.0,0.863,0.859,0.0,0.0,1776347798,1776347842,0.996,1.0,True,1.0,1.0,1777077780.0,8.44835648148148,0.40000000000000036,0.2360000000000002,58.764,0.2360000000000002,s11,date,Iran x Israel/US conflict ends by...?,1706766,1567746
1706766>1567746,1776351654,2026-04-16,0.00437476130000003,186.91,100,0.8711500542,0.8667752929,0.0,0.0,1776351600,1776351654,0.9956252387,1.0,True,1.0,1.0,1777077780.0,8.40423611111111,0.43747613000000296,0.43747613000000296,99.56252386999999,0.8176866345830055,s11,date,Iran x Israel/US conflict ends by...?,1706766,1567746
1706766>1567746,1776356634,2026-04-16,0.0010000000000000009,14.4,14.4,0.877,0.876,0.0,0.0,1776356634,1776356624,0.999,1.0,True,1.0,1.0,1777077780.0,8.346597222222222,0.10000000000000009,0.014400000000000013,14.3856,0.014400000000000013,s11,date,Iran x Israel/US conflict ends by...?,1706766,1567746
1706766>1567746,1776365184,2026-04-16,0.0034001600999999937,199.92,100,0.8744001601,0.871,0.0,0.0,1776365172,1776365184,0.9965998399,1.0,True,1.0,1.0,1777077780.0,8.247638888888888,0.34001600999999937,0.34001600999999937,99.65998399,0.6797600071919987,s11,date,Iran x Israel/US conflict ends by...?,1706766,1567746
1706766>1567746,1776372690,2026-04-16,0.0010000075999999636,0.44,0.44,0.879,0.8779999924,0.0,0.0,1776372630,1776372690,0.9989999924,1.0,True,1.0,1.0,1777077780.0,8.160763888888889,0.10000075999999636,0.000440003343999984,0.43955999665600004,0.000440003343999984,s11,date,Iran x Israel/US conflict ends by...?,1706766,1567746
1706766>1567746,1776377724,2026-04-16,0.0010000000000000009,142.0,100,0.878,0.877,0.0,0.0,1776377718,1776377724,0.999,1.0,True,1.0,1.0,1777077780.0,8.1025,0.10000000000000009,0.10000000000000009,99.9,0.14200000000000013,s11,date,Iran x Israel/US conflict ends by...?,1706766,1567746
1706766>1567746,1776398582,2026-04-17,0.0020000000000000018,13.62,13.62,0.877,0.875,0.0,0.0,1776398582,1776398544,0.998,1.0,True,1.0,1.0,1777077780.0,7.861087962962963,0.20000000000000018,0.02724000000000002,13.592759999999998,0.02724000000000002,s11,date,Iran x Israel/US conflict ends by...?,1706766,1567746
1706766>1567746,1776402602,2026-04-17,0.006000000000000005,189.0,100,0.872,0.866,0.0,0.0,1776402544,1776402602,0.994,1.0,True,1.0,1.0,1777077780.0,7.814560185185186,0.6000000000000005,0.6000000000000005,99.4,1.134000000000001,s11,date,Iran x Israel/US conflict ends by...?,1706766,1567746
1706766>1567746,1776407534,2026-04-17,0.0020000000000000018,5.0,5.0,0.879,0.877,0.0,0.0,1776407496,1776407534,0.998,1.0,True,1.0,1.0,1777077780.0,7.757476851851852,0.20000000000000018,0.010000000000000009,4.99,0.010000000000000009,s11,date,Iran x Israel/US conflict ends by...?,1706766,1567746
1706766>1567746,1776411490,2026-04-17,0.0010000000000000009,81.97,81.97,0.875,0.874,0.0,0.0,1776411490,1776411438,0.999,1.0,True,1.0,1.0,1777077780.0,7.7116898148148145,0.10000000000000009,0.08197000000000007,81.88803,0.08197000000000007,s11,date,Iran x Israel/US conflict ends by...?,1706766,1567746
1706766>1567746,1776416720,2026-04-17,0.0050000000000000044,28.9,28.9,0.874,0.869,0.0,0.0,1776416662,1776416720,0.995,1.0,True,1.0,1.0,1777077780.0,7.651157407407408,0.5000000000000004,0.14450000000000013,28.755499999999998,0.14450000000000013,s11,date,Iran x Israel/US conflict ends by...?,1706766,1567746
1706766>1567746,1776422314,2026-04-17,0.0020000000000000018,258.0,100,0.878,0.876,0.0,0.0,1776422302,1776422314,0.998,1.0,True,1.0,1.0,1777077780.0,7.586412037037037,0.20000000000000018,0.20000000000000018,99.8,0.5160000000000005,s11,date,Iran x Israel/US conflict ends by...?,1706766,1567746
2002608>2002609,1776423646,2026-04-17,0.01799999999999996,47.5,47.5,0.19899999999999995,0.181,0.0,0.0,1776423646,1776423646,0.982,1.0,True,0.0,0.0,1782886672.0,74.80354166666666,1.8000000000000016,0.8550000000000008,46.644999999999996,0.8550000000000008,s11,date,Israel withdraws from Lebanon by...?,2002608,2002609
2002697>2002698,1776429118,2026-04-17,0.017084870300000055,28.0,28.0,0.5880848703,0.571,0.0,0.0,1776429118,1776429118,0.9829151297,1.0,True,0.0,0.0,1776838450.0,4.737638888888889,1.7084870300000055,0.47837636840000153,27.521623631599997,0.47837636840000153,s11,date,US x Iran diplomatic meeting by...?,2002697,2002698
2002696>2002697,1776429122,2026-04-17,0.008000022900000014,2.727271,2.727271,0.5590000046,0.5509999817,0.0,0.0,1776429122,1776429080,0.9919999771,1.0,True,0.0,0.0,1776752198.0,3.7393055555555557,0.8000022900000014,0.02181823045450594,2.705452769545494,0.02181823045450594,s11,date,US x Iran diplomatic meeting by...?,2002696,2002697
1706766>1567746,1776431954,2026-04-17,0.004062475699999957,200.0,100,0.9090624757,0.905,0.0,0.0,1776431952,1776431954,0.9959375243,1.0,True,1.0,1.0,1777077780.0,7.474837962962963,0.4062475699999957,0.4062475699999957,99.59375243000001,0.8124951399999913,s11,date,Iran x Israel/US conflict ends by...?,1706766,1567746
1706766>1567746,1776509062,2026-04-18,0.0022330666,200.0,100,0.8929330666,0.8907,0.0,0.0,1776509062,1776509026,0.9977669334,1.0,True,1.0,1.0,1777077780.0,6.58238425925926,0.22330666,0.22330666,99.77669334,0.44661332,s11,date,Iran x Israel/US conflict ends by...?,1706766,1567746
1706766>1567746,1776512770,2026-04-18,0.0020000000000000018,73.06,73.06,0.849,0.847,0.0,0.0,1776512736,1776512770,0.998,1.0,True,1.0,1.0,1777077780.0,6.539467592592593,0.20000000000000018,0.14612000000000014,72.91388,0.14612000000000014,s11,date,Iran x Israel/US conflict ends by...?,1706766,1567746
1706766>1567746,1776516826,2026-04-18,0.0020000000000000018,8.33,8.33,0.849,0.847,0.0,0.0,1776516826,1776516814,0.998,1.0,True,1.0,1.0,1777077780.0,6.492523148148148,0.20000000000000018,0.016660000000000015,8.31334,0.016660000000000015,s11,date,Iran x Israel/US conflict ends by...?,1706766,1567746
1706766>1567746,1776520812,2026-04-18,7.722009999999724e-05,168.0,100,0.8520772201,0.852,0.0,0.0,1776520812,1776520800,0.9999227799,1.0,True,1.0,1.0,1777077780.0,6.4463888888888885,0.007722009999999724,0.007722009999999724,99.99227799,0.012972976799999536,s11,date,Iran x Israel/US conflict ends by...?,1706766,1567746
2002698>1959319,1776523102,2026-04-18,0.016967184800000035,42.06729,42.06729,0.5197678222000001,0.5028006374,0.0,0.0,1776523102,1776523102,0.9830328152,1.0,True,0.0,0.0,1776929552.0,4.704282407407407,1.6967184800000035,0.7137634834651935,41.35352651653481,0.7137634834651935,s11,date,US x Iran diplomatic meeting by...?,2002698,1959319
1706766>1567746,1776526778,2026-04-18,1.1102230246251565e-16,193.0,100,0.8270000000000001,0.827,0.0,0.0,1776526778,1776526774,0.9999999999999999,1.0,True,1.0,1.0,1777077780.0,6.377337962962963,1.1102230246251565e-14,1.1102230246251565e-14,99.99999999999999,2.142730437526552e-14,s11,date,Iran x Israel/US conflict ends by...?,1706766,1567746
2002698>1959319,1776527018,2026-04-18,0.0080002668000001,3.448274,3.448274,0.5890000000000001,0.5809997332,0.0,0.0,1776527018,1776526968,0.9919997331999999,1.0,True,0.0,0.0,1776929552.0,4.6589583333333335,0.80002668000001,0.027587111999503543,3.4206868880004966,0.027587111999503543,s11,date,US x Iran diplomatic meeting by...?,2002698,1959319
1706766>1567746,1776533206,2026-04-18,0.013852291799999916,40.0,40.0,0.8148522918,0.801,0.0,0.0,1776533202,1776533206,0.9861477082000001,1.0,True,1.0,1.0,1777077780.0,6.302939814814815,1.3852291799999916,0.5540916719999966,39.445908328,0.5540916719999966,s11,date,Iran x Israel/US conflict ends by...?,1706766,1567746
1706766>1567746,1776538662,2026-04-18,0.0010000000000000009,76.0,76.0,0.795,0.794,0.0,0.0,1776538662,1776538618,0.999,1.0,True,1.0,1.0,1777077780.0,6.239791666666667,0.10000000000000009,0.07600000000000007,75.924,0.07600000000000007,s11,date,Iran x Israel/US conflict ends by...?,1706766,1567746
1706766>1567746,1776543150,2026-04-18,0.008000000799999962,14.692596,14.692596,0.8059999999999999,0.7979999992,0.0,0.0,1776543150,1776543126,0.9919999992,1.0,True,1.0,1.0,1777077780.0,6.1878472222222225,0.8000000799999962,0.11754077975407624,14.575055220245924,0.11754077975407624,s11,date,Iran x Israel/US conflict ends by...?,1706766,1567746
1706766>1567746,1776573422,2026-04-19,0.00367387990000001,135.574036,100,0.799,0.7953261201,0.0,0.0,1776573374,1776573422,0.9963261201,1.0,True,1.0,1.0,1777077780.0,5.837476851851852,0.367387990000001,0.367387990000001,99.63261201,0.49808272582227775,s11,date,Iran x Israel/US conflict ends by...?,1706766,1567746
1706766>1567746,1776579762,2026-04-19,0.0010000000000000009,1.4,1.4,0.752,0.751,0.0,0.0,1776579732,1776579762,0.999,1.0,True,1.0,1.0,1777077780.0,5.764097222222222,0.10000000000000009,0.001400000000000001,1.3985999999999998,0.001400000000000001,s11,date,Iran x Israel/US conflict ends by...?,1706766,1567746
1706766>1567746,1776586168,2026-04-19,0.003000001299999999,47.52,47.52,0.8140000013,0.811,0.0,0.0,1776586168,1776586154,0.9969999987,1.0,True,1.0,1.0,1777077780.0,5.689953703703703,0.3000001299999999,0.14256006177599997,47.377439938224,0.14256006177599997,s11,date,Iran x Israel/US conflict ends by...?,1706766,1567746
1706766>1567746,1776590160,2026-04-19,0.0010843669999999195,59.266662,59.266662,0.827,0.825915633,0.0,0.0,1776590160,1776590132,0.9989156330000001,1.0,True,1.0,1.0,1777077780.0,5.64375,0.10843669999999195,0.06426681247294923,59.202395187527046,0.06426681247294923,s11,date,Iran x Israel/US conflict ends by...?,1706766,1567746
1706766>1567746,1776594604,2026-04-19,0.005892438499999875,67.752246,67.752246,0.8218841151999999,0.8159916767000001,0.0,0.0,1776594604,1776594558,0.9941075615000001,1.0,True,1.0,1.0,1777077780.0,5.592314814814815,0.5892438499999875,0.3992259427918625,67.35302005720814,0.3992259427918625,s11,date,Iran x Israel/US conflict ends by...?,1706766,1567746
1706766>1567746,1776602782,2026-04-19,0.013272727300000065,210.0,100,0.889,0.8757272727,0.0,0.0,1776602724,1776602782,0.9867272726999999,1.0,True,1.0,1.0,1777077780.0,5.497662037037037,1.3272727300000065,1.3272727300000065,98.67272727,2.7872727330000133,s11,date,Iran x Israel/US conflict ends by...?,1706766,1567746
1706766>1567746,1776609120,2026-04-19,0.0010000000000000009,44.0,44.0,0.871,0.87,0.0,0.0,1776609118,1776609120,0.999,1.0,True,1.0,1.0,1777077780.0,5.424305555555556,0.10000000000000009,0.04400000000000004,43.956,0.04400000000000004,s11,date,Iran x Israel/US conflict ends by...?,1706766,1567746
2002698>1959319,1776614010,2026-04-19,0.03100192820000003,74.2,74.2,0.849,0.8179980718,0.0,0.0,1776614010,1776613986,0.9689980718,1.0,True,0.0,0.0,1776929552.0,3.6521064814814816,3.100192820000003,2.3003430724400022,71.89965692756,2.3003430724400022,s11,date,US x Iran diplomatic meeting by...?,2002698,1959319
1706766>1567746,1776616854,2026-04-19,0.001039192300000047,122.0,100,0.876,0.8749608077,0.0,0.0,1776616854,1776616802,0.9989608077,1.0,True,1.0,1.0,1777077780.0,5.334791666666667,0.10391923000000469,0.10391923000000469,99.89608077,0.12678146060000572,s11,date,Iran x Israel/US conflict ends by...?,1706766,1567746
2002698>1959319,1776617702,2026-04-19,0.008000000000000007,49.48,49.48,0.749,0.741,0.0,0.0,1776617702,1776617702,0.992,1.0,True,0.0,0.0,1776929552.0,3.609375,0.8000000000000007,0.3958400000000003,49.08416,0.3958400000000003,s11,date,US x Iran diplomatic meeting by...?,2002698,1959319
1706766>1567746,1776662322,2026-04-20,0.009999999999999898,104.0,100,0.818,0.808,0.0,0.0,1776662322,1776662286,0.9900000000000001,1.0,True,1.0,1.0,1777077780.0,4.808541666666667,0.9999999999999898,0.9999999999999898,99.00000000000001,1.0399999999999894,s11,date,Iran x Israel/US conflict ends by...?,1706766,1567746
1706766>1567746,1776678574,2026-04-20,0.0019914905999999233,126.0,100,0.834,0.8320085094,0.0,0.0,1776678528,1776678574,0.9980085094000001,1.0,True,1.0,1.0,1777077780.0,4.620439814814815,0.19914905999999233,0.19914905999999233,99.80085094,0.25092781559999033,s11,date,Iran x Israel/US conflict ends by...?,1706766,1567746
1706766>1567746,1776684552,2026-04-20,0.0025354440999999506,41.0,41.0,0.859,0.8564645559,0.0,0.0,1776684552,1776684500,0.9974645559,1.0,True,1.0,1.0,1777077780.0,4.55125,0.25354440999999506,0.10395320809999797,40.896046791900005,0.10395320809999797,s11,date,Iran x Israel/US conflict ends by...?,1706766,1567746
1706766>1567746,1776688214,2026-04-20,9.104640000001663e-05,195.96,100,0.9092490378,0.9091579914,0.0,0.0,1776688190,1776688214,0.9999089536,1.0,True,1.0,1.0,1777077780.0,4.508865740740741,0.009104640000001663,0.009104640000001663,99.99089536,0.01784145254400326,s11,date,Iran x Israel/US conflict ends by...?,1706766,1567746
1706766>1567746,1776692112,2026-04-20,0.0020000000000000018,10.0,10.0,0.898,0.896,0.0,0.0,1776692112,1776692072,0.998,1.0,True,1.0,1.0,1777077780.0,4.46375,0.20000000000000018,0.020000000000000018,9.98,0.020000000000000018,s11,date,Iran x Israel/US conflict ends by...?,1706766,1567746
1706766>1567746,1776695930,2026-04-20,0.0020000000000000018,220.0,100,0.906,0.904,0.0,0.0,1776695870,1776695930,0.998,1.0,True,1.0,1.0,1777077780.0,4.419560185185185,0.20000000000000018,0.20000000000000018,99.8,0.4400000000000004,s11,date,Iran x Israel/US conflict ends by...?,1706766,1567746
1706766>1567746,1776704122,2026-04-20,0.0030000000000000027,5.0,5.0,0.93,0.927,0.0,0.0,1776704086,1776704122,0.997,1.0,True,1.0,1.0,1777077780.0,4.32474537037037,0.30000000000000027,0.015000000000000013,4.985,0.015000000000000013,s11,date,Iran x Israel/US conflict ends by...?,1706766,1567746
1895335>1383662,1776714554,2026-04-20,0.0077073399999999515,45.0,45.0,0.9289999999999999,0.911,0.004617130000000005,0.005675529999999998,1776714554,1776714554,0.99229266,1.0,True,1.0,1.0,1777556952.0,9.749976851851851,0.7707339999999951,0.3468302999999978,44.6531697,0.3468302999999978,s11,date,Will MegaETH launch a token by ___?,1895335,1383662
2034715>2034746,1776717386,2026-04-20,0.008000044799999939,20.11111,20.11111,0.9090000448,0.901,0.0,0.0,1776717386,1776717386,0.9919999552000001,1.0,True,0.0,0.0,1777098698.0,4.413333333333333,0.8000044799999939,0.16088978097772677,19.950220219022274,0.16088978097772677,s11,date,US x Iran diplomatic meeting by...?,2034715,2034746
2034715>2034746,1776721358,2026-04-20,0.008000098699999958,9.521738,9.521738,0.7690000777,0.760999979,0.0,0.0,1776721358,1776721358,0.9919999013,1.0,True,0.0,0.0,1777098698.0,4.367361111111111,0.8000098699999958,0.0761748437955402,9.445563156204459,0.0761748437955402,s11,date,US x Iran diplomatic meeting by...?,2034715,2034746
690622>1861161,1776780006,2026-04-21,0.013475600000000032,200.0,100,0.9594756,0.946,0.0,0.0,1776780006,1776779988,0.9865244,1.0,True,1.0,1.0,1776903956.0,1.4346064814814814,1.3475600000000032,1.3475600000000032,98.65244,2.6951200000000064,s11,strike,USD.AI FDV above ___ one day after launch?,690622,1861161
1567747>1484914,1776785530,2026-04-21,2.7000000013543968e-09,48.0,48.0,0.9770000027,0.977,0.0,0.0,1776785530,1776785510,0.9999999973,1.0,True,1.0,1.0,1777077014.0,3.3736574074074075,2.700000001354397e-07,1.2960000006501105e-07,47.9999998704,1.2960000006501105e-07,s11,date,Iran x Israel/US conflict ends by...?,1567747,1484914
2034715>2034746,1776786530,2026-04-21,0.012655693000000023,60.4,60.4,0.663655693,0.651,0.0,0.0,1776786472,1776786530,0.987344307,1.0,True,0.0,0.0,1777098698.0,3.6130555555555555,1.2655693000000023,0.7644038572000014,59.6355961428,0.7644038572000014,s11,date,US x Iran diplomatic meeting by...?,2034715,2034746
2034715>2034746,1776793192,2026-04-21,0.018000000000000016,41.0,41.0,0.5790000000000001,0.561,0.0,0.0,1776793192,1776793182,0.982,1.0,True,0.0,0.0,1777098698.0,3.535949074074074,1.8000000000000016,0.7380000000000007,40.262,0.7380000000000007,s11,date,US x Iran diplomatic meeting by...?,2034715,2034746
2034715>2034746,1776800548,2026-04-21,0.028000000000000025,16.74,16.74,0.329,0.301,0.0,0.0,1776800524,1776800548,0.972,1.0,True,0.0,0.0,1777098698.0,3.450810185185185,2.8000000000000025,0.46872000000000036,16.271279999999997,0.46872000000000036,s11,date,US x Iran diplomatic meeting by...?,2034715,2034746
2001254>2001248,1776802190,2026-04-21,0.003006480000000006,133.0,100,0.259,0.241,0.00767676,0.00731676,1776802190,1776802188,0.99699352,1.0,True,0.0,0.0,1782889990.0,70.46064814814815,0.30064800000000336,0.30064800000000336,99.69935199999999,0.39986184000000446,s11,strike,What will Gold (GC) hit__ by end of June?,2001254,2001248
2034746>2047408,1776810634,2026-04-21,0.098,18.0,18.0,0.319,0.221,0.0,0.0,1776810610,1776810634,0.902,1.0,True,0.0,0.0,1777188146.0,4.369351851851852,9.799999999999997,1.7639999999999996,16.236,1.7639999999999996,s11,date,US x Iran diplomatic meeting by...?,2034746,2047408
2047410>2047411,1776865786,2026-04-22,0.008000000000000007,9.26,9.26,0.499,0.491,0.0,0.0,1776865786,1776865782,0.992,1.0,True,0.0,0.0,1777445082.0,6.704814814814815,0.8000000000000007,0.07408000000000006,9.18592,0.07408000000000006,s11,date,US x Iran diplomatic meeting by...?,2047410,2047411
2047412>1959320,1776877364,2026-04-22,0.021418918499999995,20.0,20.0,0.57492,0.5535010815,0.0,0.0,1776877364,1776877348,0.9785810815,1.0,True,0.0,0.0,1777617472.0,8.566064814814816,2.1418918499999995,0.4283783699999999,19.57162163,0.4283783699999999,s11,date,US x Iran diplomatic meeting by...?,2047412,1959320
1959320>2047423,1776903130,2026-04-22,9.40000000000385e-05,5.54,5.54,0.471094,0.471,0.0,0.0,1776903130,1776903130,0.999906,1.0,True,0.0,0.0,1778048876.0,13.260949074074073,0.00940000000000385,0.0005207600000002133,5.5394792399999995,0.0005207600000002133,s11,date,US x Iran diplomatic meeting by...?,1959320,2047423
2047408>2047409,1777029702,2026-04-24,0.006055832899999988,57.0,57.0,0.10899999999999999,0.1029441671,0.0,0.0,1777029702,1777029690,0.9939441671,1.0,True,0.0,0.0,1777287676.0,2.9858101851851853,0.6055832900000002,0.3451824753000001,56.6548175247,0.3451824753000001,s11,date,US x Iran diplomatic meeting by...?,2047408,2047409
1959320>2047423,1777029728,2026-04-24,0.018000000000000016,5.0,5.0,0.429,0.411,0.0,0.0,1777029728,1777029690,0.982,1.0,True,0.0,0.0,1778048876.0,11.795694444444445,1.8000000000000016,0.09000000000000008,4.91,0.09000000000000008,s11,date,US x Iran diplomatic meeting by...?,1959320,2047423
2047412>1959320,1777030298,2026-04-24,0.010746320400000009,6.521738,6.521738,0.4717462468,0.4609999264,0.0,0.0,1777030278,1777030298,0.9892536796,1.0,True,0.0,0.0,1777617472.0,6.79599537037037,1.074632040000001,0.07008468611285526,6.451653313887145,0.07008468611285526,s11,date,US x Iran diplomatic meeting by...?,2047412,1959320
2047411>2047412,1777032014,2026-04-24,0.008000000000000007,7.57,7.57,0.489,0.481,0.0,0.0,1777032014,1777031994,0.992,1.0,True,0.0,0.0,1777529278.0,5.75537037037037,0.8000000000000007,0.06056000000000006,7.509440000000001,0.06056000000000006,s11,date,US x Iran diplomatic meeting by...?,2047411,2047412
2047411>2047412,1777038228,2026-04-24,0.008000004800000016,36.5,36.5,0.28900000000000003,0.2809999952,0.0,0.0,1777038228,1777038226,0.9919999952,1.0,True,0.0,0.0,1777529278.0,5.683449074074074,0.800000479999996,0.29200017519999855,36.2079998248,0.29200017519999855,s11,date,US x Iran diplomatic meeting by...?,2047411,2047412
2047410>2047411,1777045530,2026-04-24,0.03823903170000004,1.774644,1.774644,0.2890001352,0.25076110349999997,0.0,0.0,1777045530,1777045510,0.9617609682999999,1.0,True,0.0,0.0,1777445082.0,4.624444444444444,3.8239031700000092,0.06786066817221496,1.7067833318277852,0.06786066817221496,s11,date,US x Iran diplomatic meeting by...?,2047410,2047411
2047411>2047412,1777045536,2026-04-24,0.08800000409999997,41.904759,41.904759,0.3690000041,0.281,0.0,0.0,1777045536,1777045524,0.9119999959,1.0,True,0.0,0.0,1777529278.0,5.598865740740741,8.800000409999997,3.6876189638095105,38.217140036190486,3.6876189638095105,s11,date,US x Iran diplomatic meeting by...?,2047411,2047412
2047412>1959320,1777045538,2026-04-24,0.02799999999999997,13.0,13.0,0.359,0.331,0.0,0.0,1777045538,1777045490,0.972,1.0,True,0.0,0.0,1777617472.0,6.6196064814814815,2.8000000000000025,0.3640000000000003,12.636,0.3640000000000003,s11,date,US x Iran diplomatic meeting by...?,2047412,1959320
1959320>2047423,1777045616,2026-04-24,0.006241902800000032,19.0,19.0,0.5226842105,0.5164423077,0.0,0.0,1777045616,1777045600,0.9937580972,1.0,True,0.0,0.0,1778048876.0,11.611805555555556,0.6241902800000032,0.11859615320000061,18.881403846799998,0.11859615320000061,s11,date,US x Iran diplomatic meeting by...?,1959320,2047423
2047423>2047424,1777045730,2026-04-24,0.018000017099999988,23.58,23.58,0.709,0.6909999829,0.0,0.0,1777045730,1777045676,0.9819999829,1.0,True,0.0,0.0,1778913891.0,21.622233796296296,1.8000017099999988,0.4244404032179997,23.155559596782,0.4244404032179997,s11,date,US x Iran diplomatic meeting by...?,2047423,2047424
2047411>2047412,1777091224,2026-04-25,0.0006409131999999262,13.1,13.1,0.689,0.6883590868,0.0,0.0,1777091224,1777091166,0.9993590868000001,1.0,True,0.0,0.0,1777529278.0,5.070069444444444,0.06409131999999262,0.008395962919999033,13.09160403708,0.008395962919999033,s11,date,US x Iran diplomatic meeting by...?,2047411,2047412
2047412>1959320,1777091574,2026-04-25,0.05800000000000005,95.0,95.0,0.749,0.691,0.0,0.0,1777091574,1777091520,0.942,1.0,True,0.0,0.0,1777617472.0,6.086782407407408,5.800000000000005,5.510000000000005,89.49,5.510000000000005,s11,date,US x Iran diplomatic meeting by...?,2047412,1959320
2047410>2047411,1777092368,2026-04-25,0.014205372299999963,91.0,91.0,0.759,0.7447946277,0.0,0.0,1777092368,1777092368,0.9857946277,1.0,True,0.0,0.0,1777445082.0,4.082337962962963,1.4205372299999963,1.2926888792999967,89.7073111207,1.2926888792999967,s11,date,US x Iran diplomatic meeting by...?,2047410,2047411
2047411>2047412,1777106662,2026-04-25,0.06799999999999995,31.0,31.0,0.699,0.631,0.0,0.0,1777106662,1777106634,0.932,1.0,True,0.0,0.0,1777529278.0,4.891388888888889,6.799999999999995,2.1079999999999983,28.892000000000003,2.1079999999999983,s11,date,US x Iran diplomatic meeting by...?,2047411,2047412
2047410>2047411,1777106756,2026-04-25,0.029466299999999945,3.0,3.0,0.699,0.6695337,0.0,0.0,1777106756,1777106756,0.9705337,1.0,True,0.0,0.0,1777445082.0,3.915810185185185,2.9466299999999945,0.08839889999999984,2.9116011000000004,0.08839889999999984,s11,date,US x Iran diplomatic meeting by...?,2047410,2047411
2047423>2047424,1777121434,2026-04-25,0.008000000000000007,100.0,100.0,0.729,0.721,0.0,0.0,1777121376,1777121434,0.992,1.0,True,0.0,0.0,1778913891.0,20.746030092592594,0.8000000000000007,0.8000000000000007,99.2,0.8000000000000007,s11,date,US x Iran diplomatic meeting by...?,2047423,2047424
2047411>2047412,1777122212,2026-04-25,0.059506147099999906,21.0,21.0,0.6689999999999999,0.6094938529,0.0,0.0,1777122212,1777122212,0.9404938529000001,1.0,True,0.0,0.0,1777529278.0,4.711412037037037,5.950614709999991,1.2496290890999981,19.750370910900003,1.2496290890999981,s11,date,US x Iran diplomatic meeting by...?,2047411,2047412
2047412>1959320,1777127704,2026-04-25,0.05004273980000001,39.163264,39.163264,0.5110427398,0.461,0.0,0.0,1777127704,1777127652,0.9499572601999999,1.0,True,0.0,0.0,1777617472.0,5.668611111111111,5.004273980000007,1.9598370300707098,37.20342696992929,1.9598370300707098,s11,date,US x Iran diplomatic meeting by...?,2047412,1959320
2047411>2047412,1777127840,2026-04-25,0.04799999999999993,101.5,100,0.599,0.551,0.0,0.0,1777127840,1777127790,0.9520000000000001,1.0,True,0.0,0.0,1777529278.0,4.646273148148148,4.799999999999994,4.799999999999994,95.2,4.871999999999993,s11,date,US x Iran diplomatic meeting by...?,2047411,2047412
2047410>2047411,1777130344,2026-04-25,0.008000000399999985,65.22,65.22,0.2090000004,0.201,0.0,0.0,1777130292,1777130344,0.9919999996,1.0,True,0.0,0.0,1777445082.0,3.642800925925926,0.800000040000004,0.5217600260880026,64.698239973912,0.5217600260880026,s11,date,US x Iran diplomatic meeting by...?,2047410,2047411
2098553>1484987,1777316460,2026-04-27,0.007999999999999952,95.0,95.0,0.06899999999999995,0.061,0.0,0.0,1777316460,1777316460,0.992,1.0,True,0.0,0.0,1782886018.0,64.46247685185185,0.8000000000000007,0.7600000000000007,94.24,0.7600000000000007,s11,date,Netanyahu out by...?,2098553,1484987
909467>909468,1777389684,2026-04-28,0.009558480000000036,31.0,31.0,0.889,0.871,0.00394716,0.00449436,1777389684,1777389684,0.99044152,1.0,True,1.0,1.0,1781302698.0,45.28951388888889,0.9558480000000036,0.2963128800000011,30.703687119999998,0.2963128800000011,s11,strike,SpaceX IPO closing market cap above ___ ?,909467,909468
1032270>1032271,1777448070,2026-04-29,0.004466525221990855,57.232048,57.232048,0.038000002199999994,0.0308743904,0.0014622400813119995,0.0011968464966971356,1777448070,1777448044,0.9955334747780091,1.0,True,0.0,0.0,1782889855.0,62.98362268518518,0.4466525221990869,0.2556283858981921,56.97641961410181,0.2556283858981921,s11,strike,What will Gold (GC) hit__ by end of June?,1032270,1032271
2126542>1731345,1777571650,2026-04-30,0.178,20.0,20.0,0.379,0.201,0.0,0.0,1777571650,1777571650,0.8220000000000001,1.0,True,0.0,0.0,1782907115.0,61.75306712962963,17.799999999999994,3.5599999999999987,16.44,3.5599999999999987,s11,date,Iran agrees to surrender enriched uranium stockpile by...?,2126542,1731345
2074173>2074174,1777606846,2026-04-30,0.22586087999999993,200.0,100,0.909,0.671,0.003308759999999999,0.008830359999999999,1777606846,1777606846,0.7741391200000001,1.0,True,1.0,1.0,1779809683.0,25.495798611111113,22.586087999999993,22.586087999999993,77.41391200000001,45.172175999999986,s11,strike,What will S&P 500 (SPY) hit in May 2026?,2074173,2074174
2074173>2074174,1777630088,2026-05-01,0.29234747759204077,6.058822,6.058822,0.4790000724,0.1709998779,0.00998236012163179,0.005670356786327404,1777630088,1777630088,0.7076525224079593,1.0,True,1.0,1.0,1779809683.0,25.22679398148148,29.234747759204073,1.7712813288791633,4.287540671120837,1.7712813288791633,s11,strike,What will S&P 500 (SPY) hit in May 2026?,2074173,2074174
1608448>1609209,1777635100,2026-05-01,0.008374480000000073,8.0,8.0,0.869,0.851,0.004553560000000001,0.005071960000000001,1777635100,1777635058,0.9916255199999999,1.0,True,1.0,1.0,1777942902.0,3.562523148148148,0.8374480000000073,0.06699584000000058,7.933004159999999,0.06699584000000058,s11,date,U.S. anti-cartel operation outside of the U.S. by...? ,1608448,1609209
1895140>1517836,1777660672,2026-05-01,0.008000007199999937,1.08,1.08,0.709,0.7009999928,0.0,0.0,1777660672,1777660616,0.9919999928000001,1.0,True,1.0,1.0,1777676966.0,1.0,0.8000007199999937,0.008640007775999933,1.0713599922240002,0.008640007775999933,s11,date,Trump announces end of military operations against Iran by ...?,1895140,1517836
1895140>1517836,1777666056,2026-05-01,0.0020000425000000766,10.0,10.0,0.9540000425,0.952,0.0,0.0,1777666048,1777666056,0.9979999574999999,1.0,True,1.0,1.0,1777676966.0,1.0,0.20000425000000766,0.020000425000000766,9.979999574999999,0.020000425000000766,s11,date,Trump announces end of military operations against Iran by ...?,1895140,1517836
1895140>1517836,1777669728,2026-05-01,0.005000035299999928,1.076422,1.076422,0.9349999999999999,0.9299999647,0.0,0.0,1777669728,1777669676,0.9949999647000001,1.0,True,1.0,1.0,1777676966.0,1.0,0.5000035299999928,0.005382147997696522,1.0710398520023034,0.005382147997696522,s11,date,Trump announces end of military operations against Iran by ...?,1895140,1517836
692258>824952,1778020154,2026-05-05,0.04037420682723572,5.0,5.0,0.239,0.1853117802,0.007275159999999999,0.006038852972764276,1778020114,1778020154,0.9596257931727643,1.0,True,1.0,1.0,1780323316.0,26.656967592592594,4.037420682723569,0.20187103413617846,4.798128965863821,0.20187103413617846,s11,date,MicroStrategy sells any Bitcoin by ___ ?,692258,824952
2074173>2074174,1778249705,2026-05-08,0.16151352913260852,101.0,100,0.989,0.8211775106,0.0004351600000000004,0.0058738002673914755,1778249705,1778249705,0.8384864708673915,1.0,True,1.0,1.0,1779809683.0,18.055300925925927,16.15135291326085,16.15135291326085,83.84864708673915,16.31286644239346,s11,strike,What will S&P 500 (SPY) hit in May 2026?,2074173,2074174
2182250>2099029,1778443999,2026-05-10,0.004000000000000059,11.39,11.39,0.069,0.06499999999999995,0.0,0.0,1778443967,1778443999,0.996,1.0,True,0.0,0.0,1778914145.0,5.441504629629629,0.40000000000000036,0.045560000000000045,11.34444,0.045560000000000045,s11,date,US x Iran permanent peace deal by...?,2182250,2099029
1611527>1611577,1778461574,2026-05-10,0.0006956440432154265,47.53,47.53,0.9784750684,0.976,0.0008424643567846137,0.0009369600000000009,1778461574,1778461525,0.9993043559567846,1.0,True,1.0,1.0,1778689097.0,2.6333680555555556,0.06956440432154265,0.03306396137402922,47.496936038625975,0.03306396137402922,s11,date,Will Trump visit China by...?,1611527,1611577
2074178>2074177,1778511008,2026-05-11,0.03649618906231242,7.05,7.05,0.19899999999999995,0.1509998939,0.00637596,0.005127957037687549,1778511008,1778511008,0.9635038109376876,1.0,True,0.0,0.0,1780107345.0,18.476122685185185,3.6496189062312445,0.25729813288930276,6.792701867110697,0.25729813288930276,s11,strike,What will S&P 500 (SPY) hit in May 2026?,2074178,2074177
2126460>2126461,1778584870,2026-05-12,0.001406361063909345,23.734692,23.734692,0.5213880597,0.4999999966,0.00998170203609077,0.01,1778584870,1778584844,0.9985936389360907,1.0,False,0.0,,1798779540.0,233.73460648148148,0.1406361063909345,0.03337954669268062,23.701312453307317,0.03337954669268062,s11,date,Crude Oil all time high by...?,2126460,2126461
2243896>2243897,1778650413,2026-05-13,0.1289999999999999,5.0,5.0,0.719,0.5900000000000001,0.0,0.0,1778650413,1778650375,0.8710000000000001,1.0,False,,,1798779540.0,232.97600694444444,12.89999999999999,0.6449999999999995,4.355,0.6449999999999995,s11,date,Russia x Ukraine ceasefire agreement by...?,2243896,2243897
2243894>2243895,1778670762,2026-05-13,0.05013044370000008,2.626372,2.626372,0.9611302457,0.910999802,0.0,0.0,1778670762,1778670752,0.9498695562999999,1.0,True,0.0,0.0,1782886180.0,48.78956018518519,5.013044370000008,0.13166119368125662,2.4947108063187433,0.13166119368125662,s11,date,Russia x Ukraine ceasefire agreement by...?,2243894,2243895
2243896>2243897,1778673076,2026-05-13,0.149000028,3.636362,3.636362,0.7090000005,0.5599999725,0.0,0.0,1778673027,1778673076,0.850999972,1.0,False,,,1798779540.0,232.71370370370371,14.900002800000001,0.541818039818136,3.094543960181864,0.541818039818136,s11,date,Russia x Ukraine ceasefire agreement by...?,2243896,2243897
2251595>2231205,1778689748,2026-05-13,0.45239847999999994,8.0,8.0,0.719,0.251,0.008081560000000002,0.00751996,1778689748,1778689695,0.5476015200000001,1.0,True,0.0,0.0,1780294331.0,18.5715625,45.239847999999995,3.6191878399999995,4.3808121600000005,3.6191878399999995,s11,date,Starmer out by...?,2251595,2231205
2251595>2231205,1778693509,2026-05-13,0.61622568,80.0,80.0,0.879,0.251,0.0042543599999999996,0.00751996,1778693509,1778693489,0.38377432,1.0,True,0.0,0.0,1780294331.0,18.52803240740741,61.622568,49.2980544,30.701945600000002,49.2980544,s11,date,Starmer out by...?,2251595,2231205
2251595>2231205,1778697315,2026-05-13,0.5650561474475327,31.75,31.75,0.841519685,0.2633687395,0.005334572190300032,0.007760225862167246,1778697315,1778697306,0.4349438525524673,1.0,True,0.0,0.0,1780294331.0,18.483981481481482,56.50561474475326,17.94053268145916,13.809467318540838,17.94053268145916,s11,date,Starmer out by...?,2251595,2231205
2241871>2241872,1778698461,2026-05-13,0.018000002099999968,56.928568,56.928568,0.15900000209999998,0.14100000000000001,0.0,0.0,1778698461,1778698447,0.9819999979,1.0,True,0.0,0.0,1779430486.0,8.472511574074074,1.8000002099999968,1.024714343549991,55.90385365645001,1.024714343549991,s11,date,Iran closes its airspace by...?,2241871,2241872
2251595>2231205,1778710062,2026-05-13,0.6058386269836809,4.166665,4.166665,0.859,0.240999856,0.00484476,0.007316757016319171,1778710013,1778710062,0.3941613730163192,1.0,True,0.0,0.0,1780294331.0,18.33644675925926,60.58386269836809,2.5243266027009588,1.6423383972990417,2.5243266027009588,s11,date,Starmer out by...?,2251595,2231205
2251595>2231205,1778721299,2026-05-13,0.616049739048528,5.0,5.0,0.8590000574,0.231,0.004844758351471869,0.007105560000000001,1778721299,1778721274,0.3839502609514719,1.0,True,0.0,0.0,1780294331.0,18.20638888888889,61.60497390485281,3.0802486952426404,1.9197513047573596,3.0802486952426404,s11,date,Starmer out by...?,2251595,2231205
2251595>2231205,1778725633,2026-05-13,0.6160497114628161,21.739129,21.739129,0.859,0.2309999692,0.00484476,0.007105559337183962,1778725633,1778725584,0.383950288537184,1.0,True,0.0,0.0,1780294331.0,18.15622685185185,61.604971146281606,13.392384147902936,8.346744852097064,13.392384147902936,s11,date,Starmer out by...?,2251595,2231205
2251595>2231205,1778735957,2026-05-14,0.6160496799999999,10.0,10.0,0.859,0.23099999999999998,0.00484476,0.0071055599999999995,1778735902,1778735957,0.38395032,1.0,True,0.0,0.0,1780294331.0,18.03673611111111,61.60496799999999,6.160496799999999,3.8395032000000002,6.160496799999999,s11,date,Starmer out by...?,2251595,2231205
2251595>2231205,1778740447,2026-05-14,0.616049708084056,28.571427,28.571427,0.8590000273,0.231,0.00484475921594397,0.007105560000000001,1778740391,1778740447,0.38395029191594393,1.0,True,0.0,0.0,1780294331.0,17.984768518518518,61.60497080840561,17.601419262894918,10.970007737105082,17.601419262894918,s11,date,Starmer out by...?,2251595,2231205
2251595>2231205,1778745426,2026-05-14,0.60583848,7.34,7.34,0.859,0.241,0.00484476,0.00731676,1778745408,1778745426,0.39416152,1.0,True,0.0,0.0,1780294331.0,17.927141203703705,60.583848,4.4468544432,2.8931455568,4.4468544432,s11,date,Starmer out by...?,2251595,2231205
2251595>2231205,1778750011,2026-05-14,0.616129690089296,7.04,7.04,0.8690000098,0.241,0.004553559710703995,0.00731676,1778749981,1778750011,0.3838703099107039,1.0,True,0.0,0.0,1780294331.0,17.874074074074073,61.61296900892961,4.337553018228644,2.7024469817713554,4.337553018228644,s11,date,Starmer out by...?,2251595,2231205
2251595>2231205,1778753812,2026-05-14,0.626428884945536,166.666665,100,0.8790000048,0.241,0.0042543598544640005,0.00731676,1778753812,1778753777,0.373571115054464,1.0,True,0.0,0.0,1780294331.0,17.83008101851852,62.642888494553596,62.642888494553596,37.3571115054464,104.40481311354118,s11,date,Starmer out by...?,2251595,2231205
2251595>2231205,1778758511,2026-05-14,0.5650737883982482,10.714284,10.714284,0.8590000574,0.2809999515,0.004844758351471869,0.008081559150279905,1778758491,1778758511,0.4349262116017518,1.0,True,0.0,0.0,1780294331.0,17.775694444444444,56.50737883982482,6.0543610498547356,4.659922950145264,6.0543610498547356,s11,date,Starmer out by...?,2251595,2231205
2243894>2243895,1778758514,2026-05-14,0.0650002637,0.82,0.82,0.966,0.9009997363,0.0,0.0,1778758514,1778758456,0.9349997363,1.0,True,0.0,0.0,1782886180.0,47.773912037037036,6.5000263700000005,0.053300216234000004,0.7666997837659999,0.053300216234000004,s11,date,Russia x Ukraine ceasefire agreement by...?,2243894,2243895
2251595>2231205,1778762618,2026-05-14,0.53434408050836,500.0,100,0.839,0.2909999995,0.0054031600000000015,0.00825275999164,1778762571,1778762618,0.46565591949164004,1.0,True,0.0,0.0,1780294331.0,17.728159722222223,53.43440805083599,53.43440805083599,46.565591949164,267.17204025417993,s11,date,Starmer out by...?,2251595,2231205
2243896>2243897,1778766611,2026-05-14,0.11137882509999997,35.714284,35.714284,0.6813788239999999,0.5699999989,0.0,0.0,1778766610,1778766611,0.8886211749,1.0,False,,,1798779540.0,231.63112268518518,11.137882509999997,3.977814991207727,31.736469008792273,3.977814991207727,s11,date,Russia x Ukraine ceasefire agreement by...?,2243896,2243897
2251595>2231205,1778767558,2026-05-14,0.5549024894554959,10.0,10.0,0.859,0.2909999907,0.00484476,0.008252759844503996,1778767518,1778767558,0.445097510544504,1.0,True,0.0,0.0,1780294331.0,17.670983796296298,55.490248945549595,5.549024894554959,4.45097510544504,5.549024894554959,s11,date,Starmer out by...?,2251595,2231205
2241871>2241872,1778827590,2026-05-15,0.03799999999999995,100.0,100.0,0.19899999999999995,0.161,0.0,0.0,1778827590,1778827588,0.9620000000000001,1.0,True,0.0,0.0,1779430486.0,6.977962962962963,3.7999999999999923,3.7999999999999923,96.2,3.7999999999999923,s11,date,Iran closes its airspace by...?,2241871,2241872
2099881>1999844,1778889668,2026-05-15,0.4869201999999999,8.21,8.21,0.998,0.501,7.984000000000006e-05,0.00999996,1778889668,1778889622,0.5130798000000001,1.0,True,1.0,1.0,1778900033.0,1.0,48.69201999999999,3.9976148419999995,4.212385158000001,3.9976148419999995,s11,date,Jerome Powell out as Fed Chair by...?,2099881,1999844
2001188>2001179,1778922666,2026-05-16,0.00969767999999982,5.0,5.0,0.6589999999999999,0.631,0.008988760000000002,0.00931356,1778922664,1778922666,0.9903023200000002,1.0,True,1.0,1.0,1781076184.0,24.924976851851852,0.969767999999982,0.0484883999999991,4.951511600000001,0.0484883999999991,s11,strike,What will Gold (GC) hit__ by end of June?,2001188,2001179
2264327>2264328,1779037156,2026-05-17,0.009000085500000032,9.476922,9.476922,0.34900003170000005,0.3399999462,0.0,0.0,1779037156,1779037156,0.9909999144999999,1.0,False,,,1798754340.0,228.20814814814815,0.9000085500000088,0.08529310827683183,9.391628891723169,0.08529310827683183,s11,date,Russia x Ukraine Ceasefire by...?,2264327,2264328
1796310>1796338,1779225824,2026-05-19,0.05582608719999997,190.0,100,0.10682608719999998,0.051000000000000004,0.0,0.0,1779225824,1779225824,0.9441739128000001,1.0,True,0.0,0.0,1790834552.0,134.36027777777778,5.5826087199999925,5.5826087199999925,94.41739128,10.606956567999987,s11,date,Russia nuclear test by...?,1796310,1796338
2308024>1326778,1779243028,2026-05-19,0.038075280000000045,47.5,47.5,0.519,0.461,0.009985560000000001,0.009939159999999999,1779243028,1779243028,0.9619247199999998,1.0,True,0.0,0.0,1781302698.0,23.83877314814815,3.8075280000000156,1.8085758000000074,45.69142419999999,1.8085758000000074,s11,strike,SpaceX IPO closing market cap above ___ ?,2308024,1326778
2308024>1326778,1779247919,2026-05-19,0.04811048741892793,47.479165,47.479165,0.5190000041999999,0.4509999968,0.009985559993615998,0.009903959987456,1779247919,1779247919,0.951889512581072,1.0,True,0.0,0.0,1781302698.0,23.78216435185185,4.811048741892798,2.284245770393706,45.1949192296063,2.284245770393706,s11,strike,SpaceX IPO closing market cap above ___ ?,2308024,1326778
1796338>1796381,1779252473,2026-05-20,0.003717005999999981,61.577846,61.577846,0.042000010099999985,0.038283004100000004,0.0,0.0,1779252473,1779252473,0.996282994,1.0,False,0.0,,1798779540.0,226.00771990740742,0.37170060000000227,0.2288852230490774,61.348960776950925,0.2288852230490774,s11,date,Russia nuclear test by...?,1796338,1796381
1796338>1796381,1779257472,2026-05-20,0.005620940600000034,74.158828,74.158828,0.04200000530000003,0.0363790647,0.0,0.0,1779257472,1779257472,0.9943790593999999,1.0,False,0.0,,1798779540.0,225.94986111111112,0.5620940600000068,0.4168423671536219,73.74198563284638,0.4168423671536219,s11,date,Russia nuclear test by...?,1796338,1796381
2308024>1326778,1779259751,2026-05-20,0.11841289015495204,47.466665,47.466665,0.5490000053,0.4109999952,0.009903959979224,0.009683159965823999,1779259751,1779259751,0.881587109845048,1.0,True,0.0,0.0,1781302698.0,23.64521990740741,11.841289015495205,5.620664988666906,41.84600001133309,5.620664988666906,s11,strike,SpaceX IPO closing market cap above ___ ?,2308024,1326778
2074178>2074177,1779323332,2026-05-20,0.009558497950919995,44.425286,44.425286,0.12900001849999998,0.111,0.004494360549079986,0.00394716,1779323325,1779323332,0.99044150204908,1.0,True,0.0,0.0,1780107345.0,9.074224537037036,0.9558497950920009,0.42463900520003534,44.000646994799965,0.42463900520003534,s11,strike,What will S&P 500 (SPY) hit in May 2026?,2074178,2074177
2241873>2296135,1779485119,2026-05-22,0.006000000000000005,10.0,10.0,0.307,0.301,0.0,0.0,1779485119,1779485067,0.994,1.0,True,0.0,0.0,1780203710.0,8.317025462962963,0.6000000000000005,0.06000000000000005,9.94,0.06000000000000005,s11,date,Iran closes its airspace by...?,2241873,2296135
2296135>2133405,1779485391,2026-05-22,0.07800002610000001,9.563635,9.563635,0.629,0.5509999739,0.0,0.0,1779485391,1779485338,0.9219999739,1.0,True,0.0,0.0,1780317714.0,9.633368055555556,7.800002610000001,0.7459637796108736,8.817671220389126,0.7459637796108736,s11,date,Iran closes its airspace by...?,2296135,2133405
2296151>2159726,1779487760,2026-05-22,0.007999999999999952,5.0,5.0,0.299,0.29100000000000004,0.0,0.0,1779487704,1779487760,0.9920000000000001,1.0,True,0.0,0.0,1780298286.0,9.381087962962964,0.7999999999999896,0.03999999999999948,4.960000000000001,0.03999999999999948,s11,date,Israel closes its airspace by...?,2296151,2159726
2334107>2270330,1779488591,2026-05-22,0.05800000129999994,18.0,18.0,0.31900000129999995,0.261,0.0,0.0,1779488591,1779488590,0.9419999987000001,2.0,True,0.0,1.0,1781742739.0,26.089675925925928,105.80000013,19.0440000234,16.9559999766,19.0440000234,s11,date,US x Iran permanent peace deal by...?,2334107,2270330
2296135>2133405,1779495488,2026-05-22,0.0050000000000000044,20.25,20.25,0.96,0.955,0.0,0.0,1779495488,1779495469,0.995,1.0,True,0.0,0.0,1780317714.0,9.51650462962963,0.5000000000000004,0.10125000000000009,20.14875,0.10125000000000009,s11,date,Iran closes its airspace by...?,2296135,2133405
2241873>2296135,1779495810,2026-05-22,0.0010000098999999318,38.86,38.86,0.95,0.9489999901,0.0,0.0,1779495759,1779495810,0.9989999901000001,1.0,True,0.0,0.0,1780203710.0,8.193287037037036,0.10000098999999318,0.03886038471399735,38.821139615286,0.03886038471399735,s11,date,Iran closes its airspace by...?,2241873,2296135
2296135>2133405,1779500938,2026-05-22,0.0010000000000000009,32.4,32.4,0.991,0.99,0.0,0.0,1779500938,1779500929,0.999,1.0,True,0.0,0.0,1780317714.0,9.453425925925925,0.10000000000000009,0.032400000000000026,32.367599999999996,0.032400000000000026,s11,date,Iran closes its airspace by...?,2296135,2133405
2296152>2241674,1779511128,2026-05-23,0.008000000000000007,8.0,8.0,0.5690000000000001,0.561,0.0,0.0,1779511126,1779511128,0.992,1.0,True,0.0,0.0,1782925265.0,39.515474537037036,0.8000000000000007,0.06400000000000006,7.936,0.06400000000000006,s11,date,Israel closes its airspace by...?,2296152,2241674
2296152>2241674,1779516814,2026-05-23,0.00800006310000001,11.553845,11.553845,0.6590000415,0.6509999784,0.0,0.0,1779516814,1779516814,0.9919999369,1.0,True,0.0,0.0,1782925265.0,39.44966435185185,0.800006310000001,0.09243148904761962,11.461413510952381,0.09243148904761962,s11,date,Israel closes its airspace by...?,2296152,2241674
2296135>2133405,1779522099,2026-05-23,0.0020000005999999404,62.004088,62.004088,0.9809999996,0.978999999,0.0,0.0,1779522099,1779522099,0.9979999994000001,1.0,True,0.0,0.0,1780317714.0,9.208506944444444,0.20000005999999404,0.1240082132024491,61.88007978679755,0.1240082132024491,s11,date,Iran closes its airspace by...?,2296135,2133405
2241873>2296135,1779525527,2026-05-23,0.0001109917999999599,10.604438,10.604438,0.9441109886,0.9439999968,0.0,0.0,1779525471,1779525527,0.9998890082,1.0,True,0.0,0.0,1780203710.0,7.849340277777777,0.01109917999999599,0.0011770056616079746,10.603260994338392,0.0011770056616079746,s11,date,Iran closes its airspace by...?,2241873,2296135
2296135>2133405,1779525700,2026-05-23,0.05800000000000005,5.62,5.62,0.889,0.831,0.0,0.0,1779525663,1779525700,0.942,1.0,True,0.0,0.0,1780317714.0,9.166828703703704,5.800000000000005,0.3259600000000003,5.29404,0.3259600000000003,s11,date,Iran closes its airspace by...?,2296135,2133405
2296152>2241674,1779546907,2026-05-23,0.008000086300000042,6.480768,6.480768,0.5290000308,0.5209999445,0.0,0.0,1779546907,1779546907,0.9919999137,1.0,True,0.0,0.0,1782925265.0,39.10136574074074,0.8000086300000042,0.05184670329027868,6.428921296709722,0.05184670329027868,s11,date,Israel closes its airspace by...?,2296152,2241674
2296152>2241674,1779553369,2026-05-23,0.007999999999999952,8.0,8.0,0.43899999999999995,0.431,0.0,0.0,1779553369,1779553369,0.992,1.0,True,0.0,0.0,1782925265.0,39.02657407407408,0.8000000000000007,0.06400000000000006,7.936,0.06400000000000006,s11,date,Israel closes its airspace by...?,2296152,2241674
2334107>2270330,1779561405,2026-05-23,0.008000000000000007,19.0,19.0,0.549,0.541,0.0,0.0,1779561405,1779561405,0.992,2.0,True,0.0,1.0,1781742739.0,25.246921296296296,100.8,19.152,18.848,19.152,s11,date,US x Iran permanent peace deal by...?,2334107,2270330
2296152>2241674,1779561663,2026-05-23,0.008000035200000005,17.041665,17.041665,0.249,0.2409999648,0.0,0.0,1779561663,1779561663,0.9919999648,1.0,True,0.0,0.0,1782925265.0,38.9305787037037,0.8000035200000033,0.13633391986660856,16.90533108013339,0.13633391986660856,s11,date,Israel closes its airspace by...?,2296152,2241674
2296151>2159726,1779562119,2026-05-23,0.0007431991000000082,35.11,35.11,0.03174319910000001,0.031,0.0,0.0,1779562076,1779562119,0.9992568009,1.0,True,0.0,0.0,1780298286.0,8.520451388888889,0.07431990999999805,0.026093720400999314,35.083906279599,0.026093720400999314,s11,date,Israel closes its airspace by...?,2296151,2159726
2334107>2270330,1779595747,2026-05-24,0.007999999999999952,16.0,16.0,0.45899999999999996,0.451,0.0,0.0,1779595747,1779595747,0.992,2.0,True,0.0,1.0,1781742739.0,24.849444444444444,100.8,16.128,15.872,16.128,s11,date,US x Iran permanent peace deal by...?,2334107,2270330
2270330>1962237,1779601843,2026-05-24,0.008000027899999984,18.960783,18.960783,0.4890000174,0.4809999895,0.0,0.0,1779601843,1779601843,0.9919999721,1.0,True,1.0,1.0,1781742787.0,24.779444444444444,0.8000027899999984,0.1516867930058454,18.809096206994155,0.1516867930058454,s11,date,US x Iran permanent peace deal by...?,2270330,1962237
2308005>2308006,1779607576,2026-05-24,0.014358554112314202,20.0,20.0,0.02200000000000002,0.0065216415,0.0008606400000000007,0.0002591643876858191,1779607534,1779607576,0.9856414458876858,1.0,True,0.0,0.0,1781302833.0,19.621030092592594,1.4358554112314237,0.28717108224628474,19.712828917753715,0.28717108224628474,s11,strike,SpaceX IPO closing market cap above ___ ?,2308005,2308006
2334107>2270330,1779612910,2026-05-24,0.018000000000000016,35.0,35.0,0.399,0.381,0.0,0.0,1779612864,1779612910,0.982,2.0,True,0.0,1.0,1781742739.0,24.65079861111111,101.8,35.63,34.37,35.63,s11,date,US x Iran permanent peace deal by...?,2334107,2270330
2334107>2270330,1779631922,2026-05-24,0.03800000589999997,37.023254,37.023254,0.469,0.4309999941,0.0,0.0,1779631878,1779631922,0.9619999941,2.0,True,0.0,1.0,1781742739.0,24.430752314814814,103.80000058999998,38.43013787043719,35.6163701295628,38.43013787043719,s11,date,US x Iran permanent peace deal by...?,2334107,2270330
2296135>2133405,1779645267,2026-05-24,0.0030000000000000027,3.9,3.9,0.225,0.222,0.0,0.0,1779645267,1779645225,0.997,1.0,True,0.0,0.0,1780317714.0,7.782951388888889,0.30000000000000027,0.01170000000000001,3.8883,0.01170000000000001,s11,date,Iran closes its airspace by...?,2296135,2133405
1919425>2334107,1779660590,2026-05-24,0.00800001650000004,16.343281,16.343281,0.3290000165,0.32099999999999995,0.0,0.0,1779660590,1779660566,0.9919999835,1.0,True,0.0,0.0,1780898647.0,14.329363425925926,0.800001650000004,0.13074651766413717,16.212534482335865,0.13074651766413717,s11,date,US x Iran permanent peace deal by...?,1919425,2334107
2334107>2270330,1779660637,2026-05-24,0.018000017000000035,5.0,5.0,0.42900000000000005,0.410999983,0.0,0.0,1779660637,1779660578,0.9819999829999999,2.0,True,0.0,1.0,1781742739.0,24.09840277777778,101.80000170000001,5.090000085000001,4.909999914999999,5.090000085000001,s11,date,US x Iran permanent peace deal by...?,2334107,2270330
1302781>1005346,1779699619,2026-05-25,0.0062984190670428986,21.811763,21.811763,0.1499169616,0.1269397865,0.008920930635723691,0.00775782539723341,1779699617,1779699619,0.9937015809329572,1.0,False,,,1798779600.0,220.83311342592592,0.629841906704276,0.1373796239650178,21.67438337603498,0.1373796239650178,s11,strike,Puffpaw FDV above ___ one day after launch?,1302781,1005346
2324252>1919425,1779737930,2026-05-25,0.03999289220000002,10.0,10.0,0.44099289220000004,0.401,0.0,0.0,1779737930,1779737930,0.9600071078,1.0,True,0.0,0.0,1780316220.0,6.693171296296296,3.999289220000002,0.3999289220000002,9.600071078,0.3999289220000002,s11,date,US x Iran permanent peace deal by...?,2324252,1919425
2296135>2133405,1779752292,2026-05-25,0.025542763200000013,26.67,26.67,0.259,0.2334572368,0.0,0.0,1779752292,1779752246,0.9744572368,1.0,True,0.0,0.0,1780317714.0,6.544236111111111,2.554276320000004,0.6812254945440012,25.988774505456,0.6812254945440012,s11,date,Iran closes its airspace by...?,2296135,2133405
2296152>2241674,1779761233,2026-05-25,0.01429921990000002,12.341771,12.341771,0.2090000073,0.1947007874,0.0,0.0,1779761233,1779761233,0.9857007801,1.0,True,0.0,0.0,1782925265.0,36.62074074074074,1.4299219900000049,0.1764776974844435,12.165293302515556,0.1764776974844435,s11,date,Israel closes its airspace by...?,2296152,2241674
909468>909466,1779783342,2026-05-26,0.0061502695034383326,284.833325,100,0.9698201891,0.961,0.0011707595965616093,0.0014991600000000013,1779783342,1779783342,0.9938497304965617,1.0,True,1.0,1.0,1781302534.0,17.58324074074074,0.6150269503438333,0.6150269503438333,99.38497304965617,1.7518017123104392,s11,strike,SpaceX IPO closing market cap above ___ ?,909468,909466
909468>909466,1779789444,2026-05-26,0.003224399999999905,14.99,14.99,0.967,0.961,0.0012764400000000013,0.0014991600000000013,1779789436,1779789444,0.9967756000000001,1.0,True,1.0,1.0,1781302534.0,17.512615740740742,0.3224399999999905,0.048333755999998576,14.941666244000002,0.048333755999998576,s11,strike,SpaceX IPO closing market cap above ___ ?,909468,909466
2296152>2241674,1779923808,2026-05-27,0.017999999999999988,20.0,20.0,0.249,0.231,0.0,0.0,1779923808,1779923756,0.982,1.0,True,0.0,0.0,1782925265.0,34.73908564814815,1.8000000000000016,0.3600000000000003,19.64,0.3600000000000003,s11,date,Israel closes its airspace by...?,2296152,2241674
2296152>2241674,1779938974,2026-05-27,0.008000000000000063,8.0,8.0,0.329,0.32099999999999995,0.0,0.0,1779938974,1779938974,0.992,1.0,True,0.0,0.0,1782925265.0,34.56355324074074,0.8000000000000007,0.06400000000000006,7.936,0.06400000000000006,s11,date,Israel closes its airspace by...?,2296152,2241674
1919425>2334107,1779977659,2026-05-28,0.01800000549999997,29.076922,29.076922,0.21900000549999998,0.201,0.0,0.0,1779977659,1779977600,0.9819999945,1.0,True,0.0,0.0,1780898647.0,10.659583333333334,1.8000005500000027,0.5233847559230718,28.553537244076928,0.5233847559230718,s11,date,US x Iran permanent peace deal by...?,1919425,2334107
2001188>2001179,1780014294,2026-05-28,0.0005984799999998458,5.0,5.0,0.689,0.671,0.008571160000000001,0.008830359999999999,1780014292,1780014294,0.9994015200000002,1.0,True,1.0,1.0,1781076184.0,12.290393518518519,0.05984799999998458,0.002992399999999229,4.997007600000001,0.002992399999999229,s11,strike,What will Gold (GC) hit__ by end of June?,2001188,2001179
1295945>1295944,1780048650,2026-05-29,0.002247407275520011,1.53,1.53,0.01100000000000001,0.007999993,0.0004351600000000004,0.00031743972447999806,1780048650,1780048622,0.9977525927244799,1.0,True,0.0,0.0,1782889918.0,32.885046296296295,0.22474072755200858,0.0034385331315457315,1.5265614668684544,0.0034385331315457315,s11,strike,What will Gold (GC) hit__ by end of June?,1295945,1295944
1972137>2354023,1780066293,2026-05-29,0.10799999999999998,31.5,31.5,0.499,0.391,0.0,0.0,1780066293,1780066288,0.892,1.0,True,0.0,0.0,1780914285.0,9.814722222222223,10.799999999999999,3.4019999999999997,28.098,3.4019999999999997,s11,date,Trump announces US blockade of Hormuz lifted by...?,1972137,2354023
1972137>2354023,1780070535,2026-05-29,0.008000000000000007,101.8,100,0.729,0.721,0.0,0.0,1780070535,1780070490,0.992,1.0,True,0.0,0.0,1780914285.0,9.765625,0.8000000000000007,0.8000000000000007,99.2,0.8144000000000007,s11,date,Trump announces US blockade of Hormuz lifted by...?,1972137,2354023
1294364>1294365,1780214865,2026-05-31,0.004563280000000038,70.73684,70.73684,0.049000000000000044,0.041,0.0018639600000000015,0.00157276,1780214865,1780214865,0.9954367199999999,1.0,False,,,1798675200.0,213.66128472222223,0.45632800000000584,0.3227920072352041,70.4140479927648,0.3227920072352041,s11,strike,What will Gold (GC) hit__ by end of December?,1294364,1294365
1731345>2355354,1780239874,2026-05-31,0.02800006179999992,4.85507,4.85507,0.30900006179999995,0.281,0.0,0.0,1780239874,1780239822,0.9719999382000001,1.0,True,0.0,0.0,1785564170.0,61.6237962962963,2.800006179999992,0.13594226004332563,4.719127739956675,0.13594226004332563,s11,date,Iran agrees to surrender enriched uranium stockpile by...?,1731345,2355354
2126542>1731345,1780239988,2026-05-31,0.35603143020000005,13.82,13.82,0.5870314302,0.231,0.0,0.0,1780239988,1780239944,0.6439685698,1.0,True,0.0,0.0,1782907115.0,30.86952546296296,35.603143020000005,4.920354365364001,8.899645634636,4.920354365364001,s11,date,Iran agrees to surrender enriched uranium stockpile by...?,2126542,1731345
692258>824952,1780315226,2026-06-01,0.004741200000000001,16.22,16.22,0.987,0.981,0.0005132400000000004,0.0007455600000000007,1780315226,1780315177,0.9952588,1.0,True,1.0,1.0,1780323316.0,1.0,0.4741200000000001,0.07690226400000001,16.143097735999998,0.07690226400000001,s11,date,MicroStrategy sells any Bitcoin by ___ ?,692258,824952
2354011>2354012,1780335022,2026-06-01,0.04799999999999999,96.5,96.5,0.219,0.171,0.0,0.0,1780335022,1780335008,0.9520000000000001,1.0,True,0.0,0.0,1782893375.0,29.61056712962963,4.799999999999994,4.6319999999999935,91.86800000000001,4.6319999999999935,s11,date,Israel x Hezbollah permanent peace deal by...?,2354011,2354012
2423580>2350571,1780453808,2026-06-02,0.27239687999999995,50.0,50.0,0.45899999999999996,0.171,0.009932759999999999,0.00567036,1780453808,1780453808,0.72760312,1.0,True,0.0,0.0,1782861524.0,27.867083333333333,27.239687999999994,13.619843999999997,36.380156,13.619843999999997,s11,strike,What will WTI Crude Oil (WTI) hit in June 2026?,2423580,2350571
2423579>2350572,1780453808,2026-06-02,0.09907847999999997,44.5,44.5,0.45899999999999996,0.341,0.009932759999999999,0.008988760000000002,1780453808,1780453808,0.9009215200000001,1.0,True,0.0,0.0,1782860528.0,27.855555555555554,9.907847999999985,4.408992359999994,40.09100764000001,4.408992359999994,s11,strike,What will WTI Crude Oil (WTI) hit in June 2026?,2423579,2350572
2308008>1326787,1780486339,2026-06-03,0.01685871226945085,57.0,57.0,0.14900000000000002,0.1227616778,0.005071960000000001,0.00430764993054916,1780486339,1780486300,0.9831412877305491,1.0,True,0.0,0.0,1781302833.0,9.450162037037037,1.6858712269450904,0.9609465993587015,56.0390534006413,0.9609465993587015,s11,strike,SpaceX IPO closing market cap above ___ ?,2308008,1326787
2413534>2413535,1780694916,2026-06-05,0.008000000000000063,10.0,10.0,0.29900000000000004,0.291,0.0,0.0,1780694916,1780694856,0.992,1.0,True,1.0,1.0,1780879107.0,2.1318402777777776,0.8000000000000007,0.08000000000000007,9.92,0.08000000000000007,s11,date,Iran closes its airspace by...?,2413534,2413535
2296150>2429035,1780848376,2026-06-07,0.007999999999999952,3.075,3.075,0.19899999999999995,0.191,0.0,0.0,1780848376,1780848358,0.992,1.0,True,1.0,1.0,1781224293.0,4.3508912037037035,0.8000000000000007,0.024600000000000025,3.0504000000000002,0.024600000000000025,s11,date,Iran closes its airspace by...?,2296150,2429035
2429035>2241742,1780856992,2026-06-07,0.00934117720000005,45.51,45.51,0.30900000000000005,0.2996588228,0.0,0.0,1780856992,1780856932,0.9906588228,1.0,True,1.0,1.0,1781224293.0,4.251168981481482,0.934117720000005,0.4251169743720023,45.084883025627995,0.4251169743720023,s11,date,Iran closes its airspace by...?,2429035,2241742
2296150>2429035,1780857082,2026-06-07,0.04799999999999993,46.54,46.54,0.359,0.31100000000000005,0.0,0.0,1780857082,1780857058,0.9520000000000001,1.0,True,1.0,1.0,1781224293.0,4.250127314814815,4.799999999999994,2.233919999999997,44.30608,2.233919999999997,s11,date,Iran closes its airspace by...?,2296150,2429035
2429034>2296150,1780857129,2026-06-07,0.0070001679000000205,3.048779,3.048779,0.336,0.3289998321,0.0,0.0,1780857129,1780857079,0.9929998321,1.0,True,1.0,1.0,1781224293.0,4.249583333333334,0.700016790000002,0.021341964889994163,3.027437035110006,0.021341964889994163,s11,date,Iran closes its airspace by...?,2429034,2296150
2413534>2413535,1780857145,2026-06-07,0.038000000000000034,5.0,5.0,0.539,0.501,0.0,0.0,1780857145,1780857090,0.962,1.0,True,1.0,1.0,1780879107.0,1.0,3.8000000000000034,0.19000000000000017,4.81,0.19000000000000017,s11,date,Iran closes its airspace by...?,2413534,2413535
2241742>2413534,1780857744,2026-06-07,0.09899999999999998,5.0,5.0,0.53,0.43100000000000005,0.0,0.0,1780857744,1780857691,0.901,1.0,True,1.0,1.0,1781224293.0,4.242465277777778,9.899999999999999,0.4949999999999999,4.505,0.4949999999999999,s11,date,Iran closes its airspace by...?,2241742,2413534
2296152>2241674,1780858657,2026-06-07,0.07810085859999999,37.63,37.63,0.4669723625,0.3888715039,0.0,0.0,1780858657,1780858603,0.9218991414000001,1.0,True,0.0,0.0,1782925265.0,23.919074074074075,7.810085859999994,2.9389353091179977,34.69106469088201,2.9389353091179977,s11,date,Israel closes its airspace by...?,2296152,2241674
2296150>2429035,1780860684,2026-06-07,0.028000000000000025,4.68,4.68,0.699,0.6709999999999999,0.0,0.0,1780860684,1780860624,0.972,1.0,True,1.0,1.0,1781224293.0,4.2084375,2.8000000000000025,0.1310400000000001,4.548959999999999,0.1310400000000001,s11,date,Iran closes its airspace by...?,2296150,2429035
2429035>2241742,1780861525,2026-06-07,0.008000000000000007,2.8169,2.8169,0.719,0.711,0.0,0.0,1780861465,1780861525,0.992,1.0,True,1.0,1.0,1781224293.0,4.198703703703703,0.8000000000000007,0.02253520000000002,2.7943648,0.02253520000000002,s11,date,Iran closes its airspace by...?,2429035,2241742
2241742>2413534,1780861896,2026-06-07,0.04200000000000004,5.0,5.0,0.5730000000000001,0.531,0.0,0.0,1780861839,1780861896,0.958,1.0,True,1.0,1.0,1781224293.0,4.194409722222222,4.200000000000004,0.2100000000000002,4.79,0.2100000000000002,s11,date,Iran closes its airspace by...?,2241742,2413534
2466411>2466412,1780891323,2026-06-08,0.03799999999999998,285.0,100,0.369,0.331,0.0,0.0,1780891323,1780891323,0.962,1.0,True,0.0,0.0,1781078743.0,2.169212962962963,3.8000000000000034,3.8000000000000034,96.2,10.830000000000009,s11,date,Israel closes its airspace by...?,2466411,2466412
2296152>2241674,1780891408,2026-06-08,0.008000000000000007,2.18,2.18,0.659,0.651,0.0,0.0,1780891408,1780891350,0.992,1.0,True,0.0,0.0,1782925265.0,23.540011574074075,0.8000000000000007,0.017440000000000018,2.16256,0.017440000000000018,s11,date,Israel closes its airspace by...?,2296152,2241674
2466411>2466412,1780900422,2026-06-08,0.0055842986999999344,15.822221,15.822221,0.44899999999999995,0.4434157013,0.0,0.0,1780900422,1780900407,0.9944157013000001,1.0,True,0.0,0.0,1781078743.0,2.063900462962963,0.5584298699999879,0.08835600816141079,15.73386499183859,0.08835600816141079,s11,date,Israel closes its airspace by...?,2466411,2466412
2466416>2466417,1780957249,2026-06-08,0.008000000000000035,19.0,19.0,0.15900000000000003,0.151,0.0,0.0,1780957249,1780957249,0.992,1.0,True,0.0,0.0,1781512108.0,6.421979166666667,0.8000000000000007,0.15200000000000014,18.848,0.15200000000000014,s11,date,Israel closes its airspace by...?,2466416,2466417
2466417>2296152,1780959523,2026-06-08,0.008000000000000007,95.0,95.0,0.129,0.121,0.0,0.0,1780959523,1780959523,0.992,1.0,True,0.0,0.0,1781589822.0,7.295127314814815,0.8000000000000007,0.7600000000000007,94.24,0.7600000000000007,s11,date,Israel closes its airspace by...?,2466417,2296152
2466417>2296152,1781023132,2026-06-09,0.013958625000000002,57.0,57.0,0.129,0.115041375,0.0,0.0,1781023131,1781023132,0.986041375,1.0,True,0.0,0.0,1781589822.0,6.558912037037037,1.3958625000000002,0.7956416250000001,56.204358375,0.7956416250000001,s11,date,Israel closes its airspace by...?,2466417,2296152
2421095>2413329,1781028481,2026-06-09,0.04052808844178395,1.149423,1.149423,0.12900000869999995,0.081,0.004494360258215996,0.00297756,1781028444,1781028481,0.9594719115582161,1.0,True,0.0,0.0,1790835417.0,113.5062037037037,4.05280884417839,0.04658391700102058,1.1028390829989796,0.04658391700102058,s11,date,Anthropic IPO by __?,2421095,2413329
2466415>2466416,1781030409,2026-06-09,0.018000049599999984,28.461537,28.461537,0.1490000211,0.1309999715,0.0,0.0,1781030409,1781030409,0.9819999504,1.0,True,0.0,0.0,1781417187.0,4.476597222222222,1.8000049600000012,0.5123090776922355,27.949227922307763,0.5123090776922355,s11,date,Israel closes its airspace by...?,2466415,2466416
2466417>2296152,1781034475,2026-06-09,0.007999999999999952,8.0,8.0,0.20899999999999996,0.201,0.0,0.0,1781034474,1781034475,0.992,1.0,True,0.0,0.0,1781589822.0,6.427627314814814,0.8000000000000007,0.06400000000000006,7.936,0.06400000000000006,s11,date,Israel closes its airspace by...?,2466417,2296152
2466416>2466417,1781040298,2026-06-09,0.00800000250000002,23.6875,23.6875,0.16900000250000002,0.161,0.0,0.0,1781040297,1781040298,0.9919999975,1.0,True,0.0,0.0,1781512108.0,5.460763888888889,0.8000002499999992,0.1895000592187498,23.49799994078125,0.1895000592187498,s11,date,Israel closes its airspace by...?,2466416,2466417
2466414>2466415,1781040315,2026-06-09,0.0034222478,32.733332,32.733332,0.1544222234,0.1509999756,0.0,0.0,1781040315,1781040315,0.9965777522,1.0,True,0.0,0.0,1781341617.0,3.4872916666666667,0.34222478,0.1120215734236696,32.62131042657633,0.1120215734236696,s11,date,Israel closes its airspace by...?,2466414,2466415
2466415>2466416,1781042011,2026-06-09,0.01594291770000003,21.666665,21.666665,0.19694288540000005,0.18099996770000001,0.0,0.0,1781042011,1781042011,0.9840570823,1.0,True,0.0,0.0,1781417187.0,4.342314814814815,1.5942917700000003,0.34542985692847056,21.32123514307153,0.34542985692847056,s11,date,Israel closes its airspace by...?,2466415,2466416
2466416>2466417,1781045008,2026-06-09,0.008000014100000008,30.0,30.0,0.14900000000000002,0.1409999859,0.0,0.0,1781045008,1781044990,0.9919999858999999,1.0,True,0.0,0.0,1781512108.0,5.40625,0.8000014100000064,0.2400004230000019,29.759999577,0.2400004230000019,s11,date,Israel closes its airspace by...?,2466416,2466417
1796338>1796381,1781105752,2026-06-10,0.5290000281,5.0,5.0,0.639,0.10999997190000001,0.0,0.0,1781105752,1781105748,0.4709999719,1.0,False,0.0,,1798779540.0,204.55773148148148,52.900002810000004,2.6450001405,2.3549998595,2.6450001405,s11,date,Russia nuclear test by...?,1796338,1796381
2466414>2466415,1781124736,2026-06-10,0.0020000702999999898,14.113924,14.113924,0.161,0.15899992970000001,0.0,0.0,1781124736,1781124726,0.9979999297,1.0,True,0.0,0.0,1781341617.0,2.510196759259259,0.20000703000000453,0.02822884020885784,14.085695159791143,0.02822884020885784,s11,date,Israel closes its airspace by...?,2466414,2466415
2466416>2466417,1781128206,2026-06-10,0.012828739199999939,6.873237,6.873237,0.28900003929999996,0.2761713001,0.0,0.0,1781128206,1781128171,0.9871712608000001,1.0,True,0.0,0.0,1781512108.0,4.443310185185185,1.282873919999994,0.08817496493278998,6.7850620350672095,0.08817496493278998,s11,date,Israel closes its airspace by...?,2466416,2466417
2466417>2296152,1781133771,2026-06-10,0.018000039600000017,15.166665,15.166665,0.259,0.2409999604,0.0,0.0,1781133763,1781133771,0.9819999604,1.0,True,0.0,0.0,1781589822.0,5.278368055555555,1.8000039599999962,0.27300057059993343,14.893664429400067,0.27300057059993343,s11,date,Israel closes its airspace by...?,2466417,2296152
2466417>2296152,1781199234,2026-06-11,0.01800000179999997,90.024388,90.024388,0.17900000179999997,0.161,0.0,0.0,1781199201,1781199234,0.9819999982000001,1.0,True,0.0,0.0,1781589822.0,4.520694444444445,1.8000001799999943,1.6204391460438934,88.40394885395611,1.6204391460438934,s11,date,Israel closes its airspace by...?,2466417,2296152
2308008>1326787,1781210847,2026-06-11,0.006725636589059586,232.6,100,0.06198739490000005,0.051000000000000004,0.00232579831094046,0.0019359600000000002,1781210847,1781210847,0.9932743634109404,1.0,True,0.0,0.0,1781302833.0,1.0646527777777777,0.6725636589059558,0.6725636589059558,99.32743634109404,1.5643830706152533,s11,strike,SpaceX IPO closing market cap above ___ ?,2308008,1326787
1962237>2270338,1781231541,2026-06-11,0.01799999999999996,172.39,100,0.45899999999999996,0.441,0.0,0.0,1781231541,1781231532,0.982,1.0,True,1.0,1.0,1781742787.0,5.917199074074074,1.8000000000000016,1.8000000000000016,98.2,3.1030200000000026,s11,date,US x Iran permanent peace deal by...?,1962237,2270338
2308007>2308008,1781277607,2026-06-12,0.0016080762427410217,158.75,100,0.020062932700000036,0.017,0.0007864164572590123,0.0006684400000000001,1781277607,1781277606,0.9983919237572589,1.0,True,0.0,0.0,1781302833.0,1.0,0.16080762427410633,0.16080762427410633,99.8391923757259,0.2552821035351438,s11,strike,SpaceX IPO closing market cap above ___ ?,2308007,2308008
2511144>2413560,1781301958,2026-06-12,0.10542574570000002,66.5,66.5,0.4064257457,0.301,0.0,0.0,1781301958,1781301958,0.8945742542999999,2.0,True,0.0,1.0,1782048766.0,8.643611111111111,110.54257457000001,73.51081208905,59.489187910949994,73.51081208905,s11,date,US x Iran diplomatic meeting by...?,2511144,2413560
2511143>2511144,1781312217,2026-06-12,0.148,19.0,19.0,0.379,0.231,0.0,0.0,1781312217,1781312217,0.852,1.0,True,0.0,0.0,1781935516.0,7.214108796296296,14.800000000000002,2.8120000000000003,16.188,2.8120000000000003,s11,date,US x Iran diplomatic meeting by...?,2511143,2511144
1962237>2270338,1781369188,2026-06-13,0.008000000000000007,5.0,5.0,0.659,0.651,0.0,0.0,1781369188,1781369167,0.992,1.0,True,1.0,1.0,1781742787.0,4.3240625,0.8000000000000007,0.040000000000000036,4.96,0.040000000000000036,s11,date,US x Iran permanent peace deal by...?,1962237,2270338
2535422>2155023,1781392147,2026-06-13,0.018000000000000016,5.0,5.0,0.739,0.721,0.0,0.0,1781392147,1781392122,0.982,1.0,True,1.0,1.0,1781483040.0,1.0520023148148148,1.8000000000000016,0.09000000000000008,4.91,0.09000000000000008,s11,date,Trump announces US blockade of Hormuz lifted by...?,2535422,2155023
2354024>2535421,1781392276,2026-06-13,0.04300000000000004,4.166665,4.166665,0.399,0.356,0.0,0.0,1781392260,1781392276,0.957,1.0,True,1.0,1.0,1781483040.0,1.0505092592592593,4.300000000000004,0.17916659500000015,3.9874984049999997,0.17916659500000015,s11,date,Trump announces US blockade of Hormuz lifted by...?,2354024,2535421
2535422>2155023,1781421636,2026-06-14,0.008000000000000007,25.69,25.69,0.739,0.731,0.0,0.0,1781421615,1781421636,0.992,1.0,True,1.0,1.0,1781483040.0,1.0,0.8000000000000007,0.2055200000000002,25.48448,0.2055200000000002,s11,date,Trump announces US blockade of Hormuz lifted by...?,2535422,2155023
2466417>2296152,1781449867,2026-06-14,0.010999999999999996,9.04,9.04,0.074,0.063,0.0,0.0,1781449821,1781449867,0.9890000000000001,1.0,True,0.0,0.0,1781589822.0,1.619849537037037,1.0999999999999899,0.09943999999999907,8.94056,0.09943999999999907,s11,date,Israel closes its airspace by...?,2466417,2296152
2535421>2535422,1781469319,2026-06-14,0.008000000000000007,0.05,0.05,0.599,0.591,0.0,0.0,1781469319,1781469319,0.992,1.0,True,1.0,1.0,1781483040.0,1.0,0.8000000000000007,0.0004000000000000004,0.049600000000000005,0.0004000000000000004,s11,date,Trump announces US blockade of Hormuz lifted by...?,2535421,2535422
1962237>2270338,1781471793,2026-06-14,0.07800000000000007,8.25,8.25,0.739,0.6609999999999999,0.0,0.0,1781471793,1781471751,0.9219999999999999,1.0,True,1.0,1.0,1781742787.0,3.1365046296296297,7.800000000000007,0.6435000000000006,7.6065,0.6435000000000006,s11,date,US x Iran permanent peace deal by...?,1962237,2270338
2270330>1962237,1781471793,2026-06-14,0.016999999999999904,1107.89,100,0.5479999999999999,0.531,0.0,0.0,1781471793,1781471751,0.9830000000000001,1.0,True,1.0,1.0,1781742787.0,3.1365046296296297,1.6999999999999904,1.6999999999999904,98.30000000000001,18.834129999999895,s11,date,US x Iran permanent peace deal by...?,2270330,1962237
2270338>2413571,1781471805,2026-06-14,0.01800003419999996,19.307691,19.307691,0.7390000341999999,0.721,0.0,0.0,1781471805,1781471752,0.9819999658,1.0,True,1.0,1.0,1781743105.0,3.1400462962962963,1.800003419999996,0.34753909832303137,18.960151901676966,0.34753909832303137,s11,date,US x Iran permanent peace deal by...?,2270338,2413571
2109450>2297891,1781471815,2026-06-14,0.03799999999999992,8.0,8.0,0.709,0.671,0.0,0.0,1781471815,1781471787,0.9620000000000001,1.0,True,1.0,1.0,1782049162.0,6.682256944444444,3.7999999999999923,0.3039999999999994,7.696000000000001,0.3039999999999994,s11,date,US x Iran diplomatic meeting by...?,2109450,2297891
2535422>2155023,1781471859,2026-06-14,0.06597800000000009,50.0,50.0,0.809,0.743022,0.0,0.0,1781471859,1781471815,0.9340219999999999,1.0,True,1.0,1.0,1781483040.0,1.0,6.597800000000009,3.2989000000000046,46.7011,3.2989000000000046,s11,date,Trump announces US blockade of Hormuz lifted by...?,2535422,2155023
2354011>2354012,1781471860,2026-06-14,0.0020000014000000343,44.0,44.0,0.16500000140000004,0.163,0.0,0.0,1781471860,1781471845,0.9979999986,1.0,True,0.0,0.0,1782893375.0,16.452719907407406,0.20000014000000066,0.08800006160000029,43.9119999384,0.08800006160000029,s11,date,Israel x Hezbollah permanent peace deal by...?,2354011,2354012
2511144>2413560,1781472039,2026-06-14,0.008000000000000007,5.0,5.0,0.519,0.511,0.0,0.0,1781472039,1781472012,0.992,2.0,True,0.0,1.0,1782048766.0,6.675081018518519,100.8,5.04,4.96,5.04,s11,date,US x Iran diplomatic meeting by...?,2511144,2413560
2413572>2155052,1781501914,2026-06-15,0.0001523500000000233,200.0,100,0.97,0.96984765,0.0,0.0,1781501880,1781501914,0.99984765,1.0,True,1.0,1.0,1781743100.0,2.7915046296296295,0.01523500000000233,0.01523500000000233,99.984765,0.03047000000000466,s11,date,US x Iran permanent peace deal by...?,2413572,2155052
1962237>2270338,1781513262,2026-06-15,0.008000063699999949,14.285713,14.285713,0.9290000637,0.921,0.0,0.0,1781513227,1781513262,0.9919999363,1.0,True,1.0,1.0,1781742787.0,2.6565393518518516,0.8000063699999949,0.11428661399991737,14.171426386000082,0.11428661399991737,s11,date,US x Iran permanent peace deal by...?,1962237,2270338
2270338>2413571,1781551513,2026-06-15,0.008000000000000007,32.19,32.19,0.989,0.981,0.0,0.0,1781551513,1781551477,0.992,1.0,True,1.0,1.0,1781743105.0,2.2175,0.8000000000000007,0.2575200000000002,31.932479999999998,0.2575200000000002,s11,date,US x Iran permanent peace deal by...?,2270338,2413571
2297890>2518450,1781587056,2026-06-16,0.014071687199999947,17.0,17.0,0.12907168719999995,0.115,0.0,0.0,1781587018,1781587056,0.9859283128,1.0,True,0.0,0.0,1781915837.0,3.805335648148148,1.407168719999996,0.23921868239999933,16.7607813176,0.23921868239999933,s11,date,US x Iran diplomatic meeting by...?,2297890,2518450
2518450>2511143,1781589180,2026-06-16,0.028000000000000025,5.0,5.0,0.499,0.471,0.0,0.0,1781589180,1781589180,0.972,1.0,True,0.0,0.0,1781849162.0,3.009050925925926,2.8000000000000025,0.14000000000000012,4.859999999999999,0.14000000000000012,s11,date,US x Iran diplomatic meeting by...?,2518450,2511143
1005344>1005343,1781589949,2026-06-16,0.02917200000000003,19.0,19.0,0.36,0.3,0.016128,0.014700000000000001,1781589949,1781589949,0.970828,1.0,False,,,1798779600.0,198.95429398148147,2.9171999999999976,0.5542679999999995,18.445732,0.5542679999999995,s11,strike,Puffpaw FDV above ___ one day after launch?,1005344,1005343
2297890>2518450,1781590693,2026-06-16,0.0026364000000000942,50.0,50.0,0.546,0.5433636,0.0,0.0,1781590651,1781590693,0.9973635999999999,1.0,True,0.0,0.0,1781915837.0,3.763240740740741,0.2636400000000094,0.1318200000000047,49.868179999999995,0.1318200000000047,s11,date,US x Iran diplomatic meeting by...?,2297890,2518450
2511144>2413560,1781591455,2026-06-16,0.028000000000000025,10.0,10.0,0.969,0.941,0.0,0.0,1781591395,1781591455,0.972,2.0,True,0.0,1.0,1782048766.0,5.292951388888889,102.8,10.280000000000001,9.719999999999999,10.280000000000001,s11,date,US x Iran diplomatic meeting by...?,2511144,2413560
1962237>2270338,1781594223,2026-06-16,0.0031837095000000204,141.37,100,0.984,0.9808162905,0.0,0.0,1781594220,1781594223,0.9968162905,1.0,True,1.0,1.0,1781742787.0,1.7194907407407407,0.31837095000000204,0.31837095000000204,99.68162905,0.4500810120150029,s11,date,US x Iran permanent peace deal by...?,1962237,2270338
2511144>2413560,1781613565,2026-06-16,0.0010000262999999565,36.959822,36.959822,0.9230000246,0.9219999983,0.0,0.0,1781613565,1781613565,0.9989999737,2.0,True,0.0,1.0,1782048766.0,5.0370486111111115,100.10000262999998,36.99678279404331,36.922861205956686,36.99678279404331,s11,date,US x Iran diplomatic meeting by...?,2511144,2413560
716829>716827,1781628233,2026-06-16,0.007254712631216298,30.0,30.0,0.05900000000000005,0.0448596491,0.003886330000000004,0.0029993082687837414,1781628232,1781628233,0.9927452873687836,1.0,False,,,1798779600.0,198.51119212962962,0.7254712631216353,0.2176413789364906,29.78235862106351,0.2176413789364906,s11,strike,Extended FDV above ___ one day after launch?,716829,716827
2554360>2364516,1781650943,2026-06-16,0.09746299999999997,71.28,71.28,0.23846299999999998,0.14100000000000001,0.0,0.0,1781650943,1781650916,0.902537,1.0,True,0.0,0.0,1782937493.0,14.890625,9.746299999999996,6.9471626399999975,64.33283736,6.9471626399999975,s11,date,Mojtaba Khamenei public appearance by...?,2554360,2364516
2554360>2364516,1781654711,2026-06-16,0.018000097699999967,8.642856,8.642856,0.15900000049999996,0.1409999028,0.0,0.0,1781654711,1781654711,0.9819999023,1.0,True,0.0,0.0,1782937493.0,14.847013888888888,1.8000097699999995,0.15557225240703115,8.487283747592969,0.15557225240703115,s11,date,Mojtaba Khamenei public appearance by...?,2554360,2364516
2511144>2413560,1781705569,2026-06-17,0.010139622999999931,82.857141,82.857141,0.90800001,0.897860387,0.0,0.0,1781705569,1781705569,0.9898603770000001,2.0,True,0.0,1.0,1782048766.0,3.9721875,101.01396229999999,83.69728117259784,82.01700082740216,83.69728117259784,s11,date,US x Iran diplomatic meeting by...?,2511144,2413560
2413560>2109450,1781706031,2026-06-17,0.041834208699999986,94.0,94.0,0.8828342087,0.841,0.0,0.0,1781705983,1781706031,0.9581657913,1.0,True,1.0,1.0,1782049096.0,3.9706597222222224,4.183420869999999,3.9324156177999985,90.0675843822,3.9324156177999985,s11,date,US x Iran diplomatic meeting by...?,2413560,2109450
2511144>2413560,1781709527,2026-06-17,0.0040000000000000036,23.92,23.92,0.828,0.824,0.0,0.0,1781709527,1781709490,0.996,2.0,True,0.0,1.0,1782048766.0,3.9263773148148147,100.4,24.015680000000003,23.82432,24.015680000000003,s11,date,US x Iran diplomatic meeting by...?,2511144,2413560
2554360>2364516,1781716637,2026-06-17,0.028000003600000017,224.416665,100,0.14900000000000002,0.1209999964,0.0,0.0,1781716637,1781716637,0.9719999964,1.0,True,0.0,0.0,1782937493.0,14.130277777777778,2.800000359999999,2.800000359999999,97.19999964,6.283667427899991,s11,date,Mojtaba Khamenei public appearance by...?,2554360,2364516
2511144>2413560,1781717824,2026-06-17,0.008042162900000038,210.0,100,0.8830421629,0.875,0.0,0.0,1781717824,1781717815,0.9919578371,2.0,True,0.0,1.0,1782048766.0,3.830347222222222,100.80421629,100.80421629,99.19578371,211.688854209,s11,date,US x Iran diplomatic meeting by...?,2511144,2413560
2511144>2413560,1781731501,2026-06-17,0.008193472300000004,24.97,24.97,0.8701934723,0.862,0.0,0.0,1781731450,1781731501,0.9918065277,2.0,True,0.0,1.0,1782048766.0,3.6720486111111112,100.81934722999999,25.174591003330995,24.765408996669,25.174591003330995,s11,date,US x Iran diplomatic meeting by...?,2511144,2413560
2109450>2297891,1781733356,2026-06-17,0.0025684999999999736,80.0,80.0,0.9035685,0.901,0.0,0.0,1781733304,1781733356,0.9974315,1.0,True,1.0,1.0,1782049162.0,3.6551620370370372,0.25684999999999736,0.2054799999999979,79.79452,0.2054799999999979,s11,date,US x Iran diplomatic meeting by...?,2109450,2297891
2511144>2413560,1781740046,2026-06-17,0.022086249499999933,61.1,61.1,0.839,0.8169137505,0.0,0.0,1781740046,1781740019,0.9779137505000001,2.0,True,0.0,1.0,1782048766.0,3.573148148148148,102.20862495,62.44946984445001,59.75053015555,62.44946984445001,s11,date,US x Iran diplomatic meeting by...?,2511144,2413560
2511144>2413560,1781744647,2026-06-17,0.01815277779999991,34.0,34.0,0.5991527778,0.5810000000000001,0.0,0.0,1781744587,1781744647,0.9818472222000001,2.0,True,0.0,1.0,1782048766.0,3.5198958333333334,101.81527777999999,34.6171944452,33.3828055548,34.6171944452,s11,date,US x Iran diplomatic meeting by...?,2511144,2413560
1005344>1005343,1781773831,2026-06-18,0.3390397889715069,83.829182,83.829182,0.5049660532,0.13999999100000002,0.017498273682093037,0.008427999546399997,1781773831,1781773831,0.660960211028493,1.0,False,,,1798779600.0,196.8260300925926,33.9039788971507,28.421428174934054,55.407753825065946,28.421428174934054,s11,strike,Puffpaw FDV above ___ one day after launch?,1005344,1005343
1272495>1032335,1781779754,2026-06-18,0.0009872270696412635,4.5151,4.5151,0.009000000000000008,0.0073636364,0.00035676000000000035,0.0002923765303587438,1781779754,1781779753,0.9990127729303587,1.0,True,0.0,0.0,1782889855.0,12.848391203703704,0.09872270696412722,0.0044574289421373085,4.510642571057863,0.0044574289421373085,s11,strike,Will Silver (SI) hit__ by end of June?,1272495,1032335
1293941>1272496,1781784710,2026-06-18,0.007116011603186273,50.658538,50.658538,0.012000000100000019,0.0042408345,0.0004742400039040008,0.00016891399290974441,1781784710,1781784709,0.9928839883968137,1.0,True,0.0,0.0,1782889841.0,12.790868055555556,0.7116011603186312,0.3604867442084547,50.29805125579155,0.3604867442084547,s11,strike,Will Silver (SI) hit__ by end of June?,1293941,1272496
2554352>2554360,1781800501,2026-06-18,0.0036829368000000223,13.16469,13.16469,0.07000000080000002,0.066317064,0.0,0.0,1781800501,1781800459,0.9963170632,1.0,True,0.0,0.0,1782543784.0,8.6028125,0.36829367999999807,0.04848472126159175,13.11620527873841,0.04848472126159175,s11,date,Mojtaba Khamenei public appearance by...?,2554352,2554360
2554360>2364516,1781804017,2026-06-18,0.0024189128999999587,22.63,22.63,0.07899999999999996,0.0765810871,0.0,0.0,1781804017,1781804017,0.9975810871,1.0,True,0.0,0.0,1782937493.0,13.118935185185185,0.24189128999999587,0.054739998926999066,22.575260001073,0.054739998926999066,s11,date,Mojtaba Khamenei public appearance by...?,2554360,2364516
2511144>2413560,1781815337,2026-06-18,0.010999999999999899,7.8,7.8,0.5519999999999999,0.541,0.0,0.0,1781815337,1781815298,0.9890000000000001,2.0,True,0.0,1.0,1782048766.0,2.701724537037037,101.1,7.885799999999999,7.714200000000001,7.885799999999999,s11,date,US x Iran diplomatic meeting by...?,2511144,2413560
2602052>2243896,1781843569,2026-06-19,0.17800002189999997,23.714284,23.714284,0.45899999999999996,0.2809999781,0.0,0.0,1781843569,1781843569,0.8219999781,1.0,False,0.0,,1793505540.0,134.9765162037037,17.800002189999997,4.221143071342818,19.49314092865718,4.221143071342818,s11,date,Russia x Ukraine ceasefire agreement by...?,2602052,2243896
2109450>2297891,1781964484,2026-06-20,0.0030295522000000075,30.0,30.0,0.951,0.9479704478,0.0,0.0,1781964484,1781964484,0.9969704478,1.0,True,1.0,1.0,1782049162.0,1.0,0.30295522000000075,0.09088656600000022,29.909113433999998,0.09088656600000022,s11,date,US x Iran diplomatic meeting by...?,2109450,2297891
2109450>2297891,1781993125,2026-06-20,0.0020000000000000018,1.42,1.42,0.989,0.987,0.0,0.0,1781993125,1781993125,0.998,1.0,True,1.0,1.0,1782049162.0,1.0,0.20000000000000018,0.0028400000000000022,1.41716,0.0028400000000000022,s11,date,US x Iran diplomatic meeting by...?,2109450,2297891
2109450>2297891,1782000994,2026-06-20,0.00486773330000001,30.0,30.0,0.9908677333,0.986,0.0,0.0,1782000940,1782000994,0.9951322667,1.0,True,1.0,1.0,1782049162.0,1.0,0.486773330000001,0.1460319990000003,29.853968001,0.1460319990000003,s11,date,US x Iran diplomatic meeting by...?,2109450,2297891
2633429>2633430,1782080555,2026-06-21,0.2080000158,47.453125,47.453125,0.359,0.1509999842,0.0,0.0,1782080555,1782080555,0.7919999842000001,1.0,True,0.0,0.0,1788244350.0,71.3402199074074,20.800001579999993,9.870250749759371,37.58287425024063,9.870250749759371,s11,date,US-Iran Final Nuclear Deal by…?,2633429,2633430
2633429>2633430,1782092263,2026-06-21,0.028000061099999973,11.947367,11.947367,0.21899999999999997,0.1909999389,0.0,0.0,1782092263,1782092263,0.9719999389,1.0,True,0.0,0.0,1788244350.0,71.20471064814815,2.8000061099999973,0.3345270059841234,11.612839994015877,0.3345270059841234,s11,date,US-Iran Final Nuclear Deal by…?,2633429,2633430
2624122>2608700,1782115778,2026-06-22,0.0024512799999999446,20.0,20.0,0.9289999999999999,0.921,0.0026383600000000024,0.0029103599999999986,1782115778,1782115735,0.99754872,1.0,True,1.0,1.0,1782124682.0,1.0,0.24512799999999446,0.04902559999999889,19.9509744,0.04902559999999889,s11,date,Starmer out by...?,2624122,2608700
2643398>2643399,1782162076,2026-06-22,0.008000013400000006,69.574707,69.574707,0.1290000013,0.1209999879,0.0,0.0,1782162076,1782162076,0.9919999866,1.0,True,0.0,0.0,1782899735.0,8.537719907407407,0.8000013400000006,0.5565985883010742,69.01810841169893,0.5565985883010742,s11,date,Iran announces withdrawal from MOU negotiations by...?,2643398,2643399
2641011>2641019,1782190841,2026-06-23,0.008000014499999958,47.476189,47.476189,0.21899999999999997,0.21099998550000001,0.0,0.0,1782190841,1782190841,0.9919999855,1.0,False,0.0,,1798779540.0,191.99883101851853,0.8000014499999986,0.3798102004047398,47.09637879959526,0.3798102004047398,s11,date,Israel withdraws from Lebanon by...?,2641011,2641019
2646848>2646849,1782478691,2026-06-26,0.05339724469999996,6.41,6.41,0.45899999999999996,0.4056027553,0.0,0.0,1782478691,1782478691,0.9466027553,1.0,True,0.0,0.0,1783749770.0,14.7115625,5.339724469999996,0.34227633852699973,6.067723661473001,0.34227633852699973,s11,date,Next round of US-Iran peace talks by...?,2646848,2646849
2633430>2696746,1782525746,2026-06-26,0.018000004799999997,279.946665,100,0.2490000027,0.2309999979,0.0,0.0,1782525746,1782525746,0.9819999952,1.0,True,0.0,0.0,1790834552.0,96.1667361111111,1.800000479999997,1.800000479999997,98.19999952,5.039041313743983,s11,date,US-Iran Final Nuclear Deal by…?,2633430,2696746
2646849>2685911,1782678167,2026-06-28,0.0891314547,292.953657,100,0.489,0.3998685453,0.0,0.0,1782678167,1782678167,0.9108685453,1.0,True,0.0,0.0,1784354748.713194,19.404880939744135,8.913145469999995,8.913145469999995,91.08685453000001,26.111385608094825,s11,date,Next round of US-Iran peace talks by...?,2646849,2685911
2646848>2646849,1782678542,2026-06-28,0.007999999999999952,17.0,17.0,0.44899999999999995,0.441,0.0,0.0,1782678542,1782678506,0.992,1.0,True,0.0,0.0,1783749770.0,12.398472222222223,0.8000000000000007,0.13600000000000012,16.864,0.13600000000000012,s11,date,Next round of US-Iran peace talks by...?,2646848,2646849
1302781>1005346,1782704348,2026-06-28,0.0013512875647099798,57.93253,57.93253,0.08000000119999995,0.0689999845,0.005152000070559997,0.004496729064729983,1782704348,1782704348,0.9986487124352901,1.0,False,,,1798779600.0,186.0561574074074,0.13512875647099243,0.07828350738118463,57.85424649261881,0.07828350738118463,s11,strike,Puffpaw FDV above ___ one day after launch?,1302781,1005346
2646848>2646849,1782732728,2026-06-29,0.03799999999999992,19.28,19.28,0.31899999999999995,0.281,0.0,0.0,1782732728,1782732688,0.9620000000000001,1.0,True,0.0,0.0,1783749770.0,11.771319444444444,3.7999999999999923,0.7326399999999985,18.54736,0.7326399999999985,s11,date,Next round of US-Iran peace talks by...?,2646848,2646849
2646849>2685911,1782732746,2026-06-29,0.02799999999999997,5.0,5.0,0.419,0.391,0.0,0.0,1782732746,1782732689,0.972,1.0,True,0.0,0.0,1784354748.713194,18.773179550855247,2.8000000000000025,0.14000000000000012,4.859999999999999,0.14000000000000012,s11,date,Next round of US-Iran peace talks by...?,2646849,2685911
2646848>2646849,1782743809,2026-06-29,0.019935789100000045,0.31,0.31,0.7209357891,0.701,0.0,0.0,1782743788,1782743809,0.9800642109,1.0,True,0.0,0.0,1783749770.0,11.64306712962963,1.9935789100000045,0.006180094621000014,0.303819905379,0.006180094621000014,s11,date,Next round of US-Iran peace talks by...?,2646848,2646849
2646849>2685911,1782743996,2026-06-29,0.04800000000000004,10.0,10.0,0.619,0.571,0.0,0.0,1782743963,1782743996,0.952,1.0,True,0.0,0.0,1784354748.713194,18.642971217521914,4.800000000000004,0.4800000000000004,9.52,0.4800000000000004,s11,date,Next round of US-Iran peace talks by...?,2646849,2685911
665532>665531,1782751610,2026-06-29,0.021058854872311975,63.660713,63.660713,0.15000001129999996,0.1129999866,0.008925000553699991,0.007016169273987989,1782751610,1782751610,0.978941145127688,1.0,False,,,1798779600.0,185.50914351851853,2.105885487231196,1.3406217161349034,62.320091283865096,1.3406217161349034,s11,strike,Metamask FDV above ___ one day after launch?,665532,665531
2646848>2646849,1783097614,2026-07-03,0.008297968099999997,51.59,51.59,0.078,0.0697020319,0.0,0.0,1783097614,1783097554,0.9917020319000001,1.0,True,0.0,0.0,1783749770.0,7.548101851851852,0.8297968099999942,0.42809217427899704,51.16190782572101,0.42809217427899704,s11,date,Next round of US-Iran peace talks by...?,2646848,2646849
2646848>2646849,1783101250,2026-07-03,0.014999999999999958,5.02,5.02,0.346,0.331,0.0,0.0,1783101250,1783101223,0.9850000000000001,1.0,True,0.0,0.0,1783749770.0,7.506018518518519,1.4999999999999902,0.0752999999999995,4.9447,0.0752999999999995,s11,date,Next round of US-Iran peace talks by...?,2646848,2646849
2646848>2646849,1783105141,2026-07-03,0.0037216139000000314,60.531133,60.531133,0.12672161390000003,0.123,0.0,0.0,1783105141,1783105141,0.9962783861,1.0,True,0.0,0.0,1783749770.0,7.460983796296296,0.37216139000000314,0.2252735059555506,60.30585949404445,0.2252735059555506,s11,date,Next round of US-Iran peace talks by...?,2646848,2646849
2646848>2646849,1783118050,2026-07-03,0.007999999999999965,59.0,59.0,0.08899999999999997,0.081,0.0,0.0,1783118050,1783118050,0.992,1.0,True,0.0,0.0,1783749770.0,7.311574074074074,0.8000000000000007,0.4720000000000004,58.528,0.4720000000000004,s11,date,Next round of US-Iran peace talks by...?,2646848,2646849
2744616>2744060,1783299520,2026-07-05,0.004229896215808299,8.912765,8.912765,0.20800001290000003,0.1909999184,0.006589440301343994,0.006180757982847733,1783299520,1783299520,0.9957701037841917,1.0,True,0.0,0.0,1790834552.0,87.21101851851851,0.4229896215808271,0.037700070945888405,8.875064929054112,0.037700070945888405,s11,date,Will Samuel Alito announce his retirement by...?,2744616,2744060
2744616>2744060,1783546519,2026-07-08,0.10940200500330399,20.244564,20.244564,0.2630000051,0.14100000000000001,0.007753240096695999,0.00484476,1783546519,1783546459,0.890597994996696,1.0,True,0.0,0.0,1790834552.0,84.35223379629629,10.940200500330398,2.2147958920177078,18.029768107982292,2.2147958920177078,s11,date,Will Samuel Alito announce his retirement by...?,2744616,2744060
2608935>2853652,1783589591,2026-07-09,0.008000001099999932,18.984847,18.984847,0.33900000109999995,0.331,0.0,0.0,1783589591,1783589591,0.9919999989000001,2.0,True,0.0,1.0,1787174997.0,41.49775462962963,100.80000010999998,19.13672579688333,18.832968203116668,19.13672579688333,s11,date,Will Russia capture Kostyantynivka by...?,2608935,2853652
2658294>2554361,1783640201,2026-07-09,0.012000000000000038,171.72,100,0.093,0.08099999999999996,0.0,0.0,1783640201,1783640141,0.988,1.0,True,0.0,0.0,1785564311.0,22.269791666666666,1.200000000000001,1.200000000000001,98.8,2.060640000000002,s11,date,Mojtaba Khamenei public appearance by...?,2658294,2554361
2658302>2658303,1783640317,2026-07-09,0.0012679738999999968,10.0,10.0,0.2522679739,0.251,0.0,0.0,1783640317,1783640266,0.9987320261,1.0,True,0.0,0.0,1790834564.0,83.26674768518518,0.12679738999999968,0.012679738999999968,9.987320261,0.012679738999999968,s11,date,Mojtaba Khamenei public appearance by...?,2658302,2658303
2608935>2853652,1783843042,2026-07-12,0.03800000699999995,14.285713,14.285713,0.739,0.700999993,0.0,0.0,1783843042,1783843036,0.961999993,2.0,True,0.0,1.0,1787174997.0,38.564293981481484,103.8000007,14.82857019399999,13.742855806000009,14.82857019399999,s11,date,Will Russia capture Kostyantynivka by...?,2608935,2853652
2658302>2658303,1783879888,2026-07-12,0.008000012300000026,12.986484,12.986484,0.2590000123,0.251,0.0,0.0,1783879888,1783879865,0.9919999877,1.0,True,0.0,0.0,1790834564.0,80.49393518518518,0.8000012300000026,0.10389203173375354,12.882591968266247,0.10389203173375354,s11,date,Mojtaba Khamenei public appearance by...?,2658302,2658303
2744060>1388704,1783916294,2026-07-13,0.01333033092829522,30.0,30.0,0.22899999999999998,0.2021557568,0.00706236,0.00645155227170477,1783916294,1783916288,0.9866696690717048,1.0,False,0.0,,1798779540.0,172.02831018518518,1.3330330928295164,0.39990992784885493,29.600090072151144,0.39990992784885493,s11,date,Will Samuel Alito announce his retirement by...?,2744060,1388704
2853044>2853059,1783955338,2026-07-13,0.0020000171999999816,7.575755,7.575755,0.2730000172,0.271,0.0,0.0,1783955338,1783955305,0.9979999828,1.0,True,0.0,0.0,1784959680.0,11.624328703703704,0.20000171999999816,0.015151640302985861,7.560603359697014,0.015151640302985861,s11,date,Iran announces withdrawal from MOU negotiations by...?,2853044,2853059
2853059>2643400,1783955554,2026-07-13,0.008000000000000063,20.75,20.75,0.30900000000000005,0.301,0.0,0.0,1783955554,1783955521,0.992,1.0,True,0.0,0.0,1785564389.0,18.620775462962964,0.8000000000000007,0.16600000000000015,20.584,0.16600000000000015,s11,date,Iran announces withdrawal from MOU negotiations by...?,2853059,2643400
2853044>2853059,1784042789,2026-07-14,0.0075939001999999756,15.624582,15.624582,0.239,0.23140609980000001,0.0,0.0,1784042789,1784042789,0.9924060998,1.0,True,0.0,0.0,1784959680.0,10.612164351851852,0.7593900199999948,0.11865151637471559,15.505930483625285,0.11865151637471559,s11,date,Iran announces withdrawal from MOU negotiations by...?,2853044,2853059
2853044>2853059,1784060191,2026-07-14,0.020314274600000015,28.857811,28.857811,0.337,0.3166857254,0.0,0.0,1784060191,1784060191,0.9796857254,1.0,True,0.0,0.0,1784959680.0,10.410752314814815,2.0314274600000015,0.586225497008901,28.2715855029911,0.586225497008901,s11,date,Iran announces withdrawal from MOU negotiations by...?,2853044,2853059
2853059>2643400,1784123791,2026-07-15,0.007999999999999952,30.0,30.0,0.19899999999999995,0.191,0.0,0.0,1784123731,1784123791,0.992,1.0,True,0.0,0.0,1785564389.0,16.673587962962962,0.8000000000000007,0.2400000000000002,29.759999999999998,0.2400000000000002,s11,date,Iran announces withdrawal from MOU negotiations by...?,2853059,2643400
665533>667004,1784372782,2026-07-18,0.0018585108340560125,32.918843,32.918843,0.05000000019999995,0.0419999712,0.003325000012599997,0.002816518153343942,1784372782,1784372782,0.9981414891659439,1.0,False,,,1798779600.0,166.7455787037037,0.1858510834056082,0.06118002636009122,32.85766297363991,0.06118002636009122,s11,strike,Metamask FDV above ___ one day after launch?,665533,667004
2977247>2730712,1784405851,2026-07-18,0.018000011000000038,6.34,6.34,0.389,0.370999989,0.0,0.0,1784405851,1784405836,0.981999989,1.0,True,0.0,0.0,1788253011.0,44.527314814814815,1.8000011000000038,0.11412006974000023,6.22587993026,0.11412006974000023,s11,date,Israel closes its airspace by...?,2977247,2730712
2977247>2730712,1784483572,2026-07-19,0.07800004230000002,8.959182,8.959182,0.5090000201,0.4309999778,0.0,0.0,1784483568,1784483572,0.9219999577,1.0,True,0.0,0.0,1788253011.0,43.6277662037037,7.800004230000002,0.6988165749733988,8.2603654250266,0.6988165749733988,s11,date,Israel closes its airspace by...?,2977247,2730712
1601453>2100453,1784557236,2026-07-20,0.012675083097060363,10.916665,10.916665,0.1600000063,0.1299999267,0.009408000299879997,0.007916996203059624,1784557236,1784557236,0.9873249169029397,1.0,False,,,1798779600.0,164.61069444444445,1.2675083097060336,0.13836963601777016,10.77829536398223,0.13836963601777016,s11,strike,Metamask FDV above ___ one day after launch?,1601453,2100453
3017705>2686770,1784648766,2026-07-21,0.01800001509999999,52.230768,52.230768,0.2790000021,0.260999987,0.0,0.0,1784648766,1784648766,0.9819999849000001,1.0,True,0.0,0.0,1785564180.0,10.595069444444444,1.8000015099999933,0.9401546126845932,51.2906133873154,0.9401546126845932,s11,date,Iran full airspace closure by...?,3017705,2686770
665533>667004,1784770818,2026-07-22,0.0027955640832220408,94.873416,94.873416,0.051000003900000035,0.041999990200000004,0.003387930245154001,0.0028165193716239937,1784770816,1784770818,0.997204435916778,1.0,False,,,1798779600.0,162.13868055555557,0.2795564083222013,0.2652247142221807,94.60819128577782,0.2652247142221807,s11,strike,Metamask FDV above ___ one day after launch?,665533,667004
2937524>2937525,1785085095,2026-07-26,0.01386743179999994,18.201922,18.201922,0.528000001,0.5141325692000001,0.0,0.0,1785085095,1785085078,0.9861325682000001,2.0,True,0.0,1.0,1786557868.0,17.045983796296298,101.38674318000001,18.45433591196392,17.94950808803608,18.45433591196392,s11,date,US x Iran Effective Ceasefire by...? (2 week pause),2937524,2937525
665533>667004,1785093037,2026-07-26,0.0025223957522117965,28.771928,28.771928,0.06883356829999998,0.057999968900000004,0.004486685572256246,0.003824518075531933,1785093037,1785093037,0.9974776042477883,1.0,False,,,1798779600.0,158.40929398148148,0.25223957522116924,0.07257418897014065,28.69935381102986,0.07257418897014065,s11,strike,Metamask FDV above ___ one day after launch?,665533,667004
2937524>2937525,1785187135,2026-07-27,0.011660107199999992,30.0,30.0,0.48266010719999997,0.471,0.0,0.0,1785187102,1785187135,0.9883398928,2.0,True,0.0,1.0,1786557868.0,15.864965277777777,101.16601072,30.349803215999998,29.650196784000002,30.349803215999998,s11,date,US x Iran Effective Ceasefire by...? (2 week pause),2937524,2937525
3091787>3091050,1785191856,2026-07-27,0.1280000040999999,70.446807,70.446807,0.5290000040999999,0.401,0.0,0.0,1785191856,1785191856,0.8719999959000001,1.0,True,0.0,0.0,1786864137.0,19.355104166666667,12.80000040999999,9.017191584831902,61.42961541516811,9.017191584831902,s11,date,Next round of US-Iran peace talks by...?,3091787,3091050
2937524>2937525,1785275204,2026-07-28,0.020000000000000018,7.81,7.81,0.511,0.491,0.0,0.0,1785275152,1785275204,0.98,2.0,True,0.0,1.0,1786557868.0,14.845648148148149,102.0,7.9662,7.6537999999999995,7.9662,s11,date,US x Iran Effective Ceasefire by...? (2 week pause),2937524,2937525
3120761>3120760,1785389280,2026-07-30,0.004000079200000034,9.466665,9.466665,0.16400000000000003,0.1599999208,0.0,0.0,1785389280,1785389279,0.9959999208,1.0,False,0.0,,1793505540.0,93.93819444444445,0.4000079200000006,0.03786740975986806,9.428797590240134,0.03786740975986806,s11,date,NATO x Russia military clash by...?,3120761,3120760
3120761>3120760,1785399720,2026-07-30,0.12021324850000004,151.51,100,0.29900000000000004,0.1787867515,0.0,0.0,1785399720,1785399687,0.8797867515,1.0,False,0.0,,1793505540.0,93.81736111111111,12.021324850000003,12.021324850000003,87.97867515,18.213509280235005,s11,date,NATO x Russia military clash by...?,3120761,3120760
1302781>1005346,1785611649,2026-08-01,0.02592505651553209,40.995144,40.995144,0.17500001600000004,0.1309999798,0.010106250727999984,0.007968728956467972,1785611649,1785611648,0.9740749434844679,1.0,False,,,1798779600.0,152.40684027777777,2.592505651553212,1.0628014250623776,39.93234257493763,1.0628014250623776,s11,strike,Puffpaw FDV above ___ one day after launch?,1302781,1005346
1302781>1005346,1785710649,2026-08-02,0.005156271917025432,29.890108,29.890108,0.10984848849999995,0.0919999723,0.006844725865198574,0.005847518417775947,1785710649,1785710649,0.9948437280829746,1.0,False,,,1798779600.0,151.26100694444443,0.515627191702539,0.15412152447725597,29.735986475522747,0.15412152447725597,s11,strike,Puffpaw FDV above ___ one day after launch?,1302781,1005346
1302781>1005346,1785719601,2026-08-02,0.006202232540072045,28.428087,28.428087,0.10200000139999998,0.0839999705,0.0064117200780079995,0.00538607828191994,1785719601,1785719601,0.993797767459928,1.0,False,,,1798779600.0,151.15739583333334,0.6202232540072017,0.1763176062433983,28.251769393756604,0.1763176062433983,s11,strike,Puffpaw FDV above ___ one day after launch?,1302781,1005346
665533>667004,1785761825,2026-08-03,0.005793739567121772,140.010294,100,0.050069852000000026,0.0383642422,0.0033294003344488685,0.002582469898429382,1785761825,1785761825,0.9942062604328782,1.0,False,,,1798779600.0,150.66869212962962,0.5793739567121814,0.5793739567121814,99.42062604328783,0.8111831801521578,s11,strike,Metamask FDV above ___ one day after launch?,665533,667004
1302781>1005346,1785925280,2026-08-05,0.0039918725164259095,63.917524,63.917524,0.11532113050000004,0.097999987,0.00714155171521414,0.006187719268359988,1785925278,1785925280,0.9960081274835741,1.0,False,,,1798779600.0,148.77685185185186,0.3991872516425854,0.2551506073735899,63.662373392626414,0.2551506073735899,s11,strike,Puffpaw FDV above ___ one day after launch?,1302781,1005346
1302781>1005346,1786106980,2026-08-07,0.01504577410056003,39.124578,39.124578,0.10800002549999999,0.081,0.006743521399439954,0.005210730000000001,1786106980,1786106980,0.9849542258994399,1.0,False,,,1798779600.0,146.6738425925926,1.5045774100560072,0.5886595623677424,38.535918437632255,0.5886595623677424,s11,strike,Puffpaw FDV above ___ one day after launch?,1302781,1005346
665533>667004,1786255491,2026-08-09,0.011472520862571955,202.883635,100,0.03823333630000003,0.0226380193,0.0025740083806759795,0.001548787756752098,1786255491,1786255491,0.988527479137428,1.0,False,,,1798779600.0,144.95496527777777,1.1472520862572,1.1472520862572,98.8527479137428,2.3275867352119426,s11,strike,Metamask FDV above ___ one day after launch?,665533,667004
2658302>2658303,1786376989,2026-08-10,0.06100000159999999,80.4,80.4,0.2220000016,0.161,0.0,0.0,1786376989,1786376929,0.9389999984,1.0,True,0.0,0.0,1790834564.0,51.59230324074074,6.100000159999997,4.904400128639997,75.49559987136001,4.904400128639997,s11,date,Mojtaba Khamenei public appearance by...?,2658302,2658303
2937525>2937526,1786493478,2026-08-11,0.0030000000000000027,50.0,50.0,0.966,0.963,0.0,0.0,1786493478,1786493461,0.997,1.0,True,1.0,1.0,1786557868.0,1.0,0.30000000000000027,0.15000000000000013,49.85,0.15000000000000013,s11,date,US x Iran Effective Ceasefire by...? (2 week pause),2937525,2937526
2937525>2937526,1786510257,2026-08-12,0.0040000000000000036,200.0,100,0.977,0.973,0.0,0.0,1786510252,1786510257,0.996,1.0,True,1.0,1.0,1786557868.0,1.0,0.40000000000000036,0.40000000000000036,99.6,0.8000000000000007,s11,date,US x Iran Effective Ceasefire by...? (2 week pause),2937525,2937526
2937526>2937527,1786521330,2026-08-12,0.0030000000000000027,11.23,11.23,0.985,0.982,0.0,0.0,1786521328,1786521330,0.997,1.0,True,1.0,1.0,1786557868.0,1.0,0.30000000000000027,0.03369000000000003,11.19631,0.03369000000000003,s11,date,US x Iran Effective Ceasefire by...? (2 week pause),2937526,2937527
2937525>2937526,1786521345,2026-08-12,0.0040000000000000036,17.0,17.0,0.986,0.982,0.0,0.0,1786521289,1786521345,0.996,1.0,True,1.0,1.0,1786557868.0,1.0,0.40000000000000036,0.06800000000000006,16.932,0.06800000000000006,s11,date,US x Iran Effective Ceasefire by...? (2 week pause),2937525,2937526
2937525>2937526,1786546977,2026-08-12,0.0020000000000000018,12.0,12.0,0.986,0.984,0.0,0.0,1786546960,1786546977,0.998,1.0,True,1.0,1.0,1786557868.0,1.0,0.20000000000000018,0.02400000000000002,11.975999999999999,0.02400000000000002,s11,date,US x Iran Effective Ceasefire by...? (2 week pause),2937525,2937526
665532>665531,1786768267,2026-08-15,0.006530044624963982,62.638887,62.638887,0.08999999999999998,0.0729999862,0.005732999999999999,0.004736969175035988,1786768267,1786768267,0.993469955375036,1.0,False,,,1798779600.0,139.02005787037038,0.6530044624963982,0.4090347273680762,62.22985227263192,0.4090347273680762,s11,strike,Metamask FDV above ___ one day after launch?,665532,665531
665532>665531,1786972900,2026-08-17,0.03285303423426056,62.620688,62.620688,0.12000000889999997,0.0749044123,0.007392000473479994,0.004850561892259413,1786972900,1786972900,0.9671469657657394,1.0,False,,,1798779600.0,136.65162037037038,3.285303423426056,2.0572796066369494,60.563408393363055,2.0572796066369494,s11,strike,Metamask FDV above ___ one day after launch?,665532,665531
665532>665531,1786977291,2026-08-17,0.0012328799999999779,50.0,50.0,0.08999999999999998,0.078,0.005732999999999999,0.005034120000000001,1786977291,1786977282,0.99876712,1.0,False,,,1798779600.0,136.60079861111112,0.12328799999999918,0.06164399999999959,49.938356,0.06164399999999959,s11,strike,Metamask FDV above ___ one day after launch?,665532,665531
2853652>2159718,1787076282,2026-08-18,0.012005988299999992,14.285713,14.285713,0.6490000385,0.6369940502,0.0,0.0,1787076282,1787076280,0.9879940117,1.0,True,1.0,1.0,1787174997.0,1.1425347222222222,1.2005988299999992,0.17151410313515777,14.114198896864842,0.17151410313515777,s11,date,Will Russia capture Kostyantynivka by...?,2853652,2159718
665533>667004,1787218857,2026-08-20,0.017372574594552062,33.995608,33.995608,0.08800002610000002,0.061,0.005617921505447954,0.004009530000000001,1787218857,1787218857,0.9826274254054479,1.0,False,,,1798779600.0,133.80489583333335,1.7372574594552104,0.5905912358671522,33.405016764132846,0.5905912358671522,s11,strike,Metamask FDV above ___ one day after launch?,665533,667004
3120761>3120760,1787243445,2026-08-20,0.01300000029999998,10.0,10.0,0.3330000003,0.32,0.0,0.0,1787243424,1787243445,0.9869999997000001,1.0,False,0.0,,1793505540.0,72.47795138888888,1.3000000299999925,0.13000000299999925,9.869999997,0.13000000299999925,s11,date,NATO x Russia military clash by...?,3120761,3120760
3120761>3120760,1787268706,2026-08-20,0.12396309999999999,43.63,43.63,0.3939631,0.27,0.0,0.0,1787268669,1787268706,0.8760369,1.0,False,0.0,,1793505540.0,72.1855787037037,12.39631,5.408510053,38.221489947,5.408510053,s11,date,NATO x Russia military clash by...?,3120761,3120760
665533>667004,1787311924,2026-08-21,0.008811310571413836,151.993622,100,0.08365790449999999,0.0652132142,0.005366148166026821,0.004267231562559344,1787311924,1787311924,0.9911886894285863,1.0,False,,,1798779600.0,132.72773148148147,0.8811310571413711,0.8811310571413711,99.11886894285863,1.3392630083160595,s11,strike,Metamask FDV above ___ one day after launch?,665533,667004
665533>667004,1787397771,2026-08-22,0.04957272408930004,28.857476,28.857476,0.15000000430000004,0.08600000000000001,0.008925000210700001,0.005502280000000001,1787397769,1787397771,0.9504272759106999,1.0,False,,,1798779600.0,131.73413194444444,4.957272408930013,1.4305436956616004,27.426932304338397,1.4305436956616004,s11,strike,Metamask FDV above ___ one day after launch?,665533,667004
3702025>3702042,1787692266,2026-08-25,0.008000000000000007,10.0,10.0,0.249,0.241,0.0,0.0,1787692266,1787692264,0.992,1.0,True,0.0,0.0,1789452099.0,20.3684375,0.8000000000000007,0.08000000000000007,9.92,0.08000000000000007,s11,date,US announces end of Iranian blockade by...?,3702025,3702042
2243896>2243897,1788553983,2026-09-04,0.009000004499999992,9.5,9.5,0.259,0.24999999550000002,0.0,0.0,1788553983,1788553983,0.9909999955,1.0,False,,,1798779540.0,118.35135416666667,0.9000004500000047,0.08550004275000045,9.41449995725,0.08550004275000045,s11,date,Russia x Ukraine ceasefire agreement by...?,2243896,2243897
2243896>2243897,1788563353,2026-09-04,0.02899999999999997,5.0,5.0,0.369,0.34,0.0,0.0,1788563353,1788563298,0.9710000000000001,1.0,False,,,1798779540.0,118.2429050925926,2.8999999999999915,0.14499999999999957,4.855,0.14499999999999957,s11,date,Russia x Ukraine ceasefire agreement by...?,2243896,2243897
1302781>1005346,1788843819,2026-09-08,0.0046420330226528694,64.957472,64.957472,0.10446157899999997,0.0876720922,0.006548455025897872,0.005598998751449229,1788843819,1788843819,0.995357966977347,1.0,False,,,1798779600.0,114.99746527777778,0.46420330226529805,0.30153473009205634,64.65593726990794,0.30153473009205634,s11,strike,Puffpaw FDV above ___ one day after launch?,1302781,1005346
665532>665531,1789205992,2026-09-12,0.00340173109144018,30.327174,30.327174,0.07992509490000001,0.06699999870000001,0.00514759518736582,0.004375769921194,1789205992,1789205992,0.9965982689085598,1.0,False,,,1798779600.0,110.80564814814815,0.3401731091440152,0.1031648907113154,30.224009109288684,0.1031648907113154,s11,strike,Metamask FDV above ___ one day after launch?,665532,665531
667005>665533,1789313100,2026-09-13,0.00400660874137837,44.228444,44.228444,0.07154263790000004,0.058999999000000004,0.004649700220361666,0.0038863299382600005,1789313100,1789313100,0.9959933912586216,1.0,False,,,1798779600.0,109.56597222222223,0.400660874137837,0.17720607034796373,44.05123792965204,0.17720607034796373,s11,strike,Metamask FDV above ___ one day after launch?,667005,665533
1005344>1005343,1789452991,2026-09-15,0.011230008079219922,19.279412,19.279412,0.31000000829999996,0.27,0.014973000220779997,0.013797000000000002,1789452991,1789452991,0.98876999192078,1.0,False,,,1798779600.0,107.94686342592593,1.1230008079220033,0.21650795252261165,19.06290404747739,0.21650795252261165,s11,strike,Puffpaw FDV above ___ one day after launch?,1005344,1005343
665533>667004,1789821162,2026-09-19,0.024599533323254572,61.59,61.59,0.05948704699999996,0.029,0.0039163836767453835,0.00197113,1789821162,1789821162,0.9754004666767455,1.0,False,,,1798779600.0,103.685625,2.4599533323254485,1.515085257379244,60.07491474262076,1.515085257379244,s11,strike,Metamask FDV above ___ one day after launch?,665533,667004
665533>667004,1789830188,2026-09-19,0.015746200000000043,101.8,100,0.05800000000000005,0.036000000000000004,0.0038245200000000036,0.0024292800000000007,1789830188,1789830188,0.9842538,1.0,False,,,1798779600.0,103.5811574074074,1.5746200000000043,1.5746200000000043,98.42537999999999,1.6029631600000043,s11,strike,Metamask FDV above ___ one day after launch?,665533,667004
665533>667004,1789857523,2026-09-19,0.010784813459271639,151.785715,100,0.04474814579999997,0.0289999999,0.002992202447322335,0.001971129993406,1789857523,1789857523,0.9892151865407284,1.0,False,,,1798779600.0,103.26478009259259,1.0784813459271625,1.0784813459271625,98.92151865407284,1.636980622057167,s11,strike,Metamask FDV above ___ one day after launch?,665533,667004
665533>667004,1790060595,2026-09-22,0.011245342927978241,31.815385,31.815385,0.05700000839999997,0.0393462278,0.003762570520967994,0.002645867151053736,1790060595,1790060595,0.9887546570720217,1.0,False,,,1798779600.0,100.91440972222222,1.1245342927978297,0.35777491471065676,31.457610085289343,0.35777491471065676,s11,strike,Metamask FDV above ___ one day after launch?,665533,667004
665533>667004,1790069169,2026-09-22,0.011613904940776,56.842106,56.842106,0.057000004699999995,0.0389999995,0.0037625702914939984,0.0026235299677300006,1790069169,1790069169,0.9883860950592239,1.0,False,,,1798779600.0,100.8151736111111,1.1613904940776076,0.6601588157175174,56.181947184282485,0.6601588157175174,s11,strike,Metamask FDV above ___ one day after launch?,665533,667004
3247642>4117193,1790099613,2026-09-22,0.04799999999999999,9.99,9.99,0.479,0.431,0.0,0.0,1790099613,1790099574,0.952,1.0,True,1.0,1.0,1790112055.789128,1.0,4.800000000000004,0.47952000000000045,9.51048,0.47952000000000045,s11,date,Next round of US-Iran peace talks by...?,3247642,4117193
3247642>4117193,1790103523,2026-09-22,0.0007116511000000436,2.072917,2.072917,0.9617114967,0.9609998456,0.0,0.0,1790103523,1790103468,0.9992883489,1.0,True,1.0,1.0,1790112055.789128,1.0,0.07116511000000436,0.0014751936632587904,2.071441806336741,0.0014751936632587904,s11,date,Next round of US-Iran peace talks by...?,3247642,4117193
665533>667004,1790152247,2026-09-23,0.003353500000000051,30.0,30.0,0.05500000000000005,0.045,0.0036382500000000035,0.00300825,1790152247,1790152247,0.9966465,1.0,False,,,1798779600.0,99.85362268518519,0.3353500000000009,0.10060500000000028,29.899395,0.10060500000000028,s11,strike,Metamask FDV above ___ one day after launch?,665533,667004
665533>667004,1790497292,2026-09-27,0.007604244831655248,48.809524,48.809524,0.057263736699999956,0.0429999998,0.0037789220811407127,0.0028805699872040003,1790497292,1790497292,0.9923957551683448,1.0,False,,,1798779600.0,95.86004629629629,0.7604244831655227,0.3711595706125518,48.43836442938745,0.3711595706125518,s11,strike,Metamask FDV above ___ one day after launch?,665533,667004
3399473>2757806,1790713998,2026-09-29,0.03899999999999998,1.0,1.0,0.22899999999999998,0.19,0.0,0.0,1790713998,1790713998,0.9610000000000001,1.0,False,0.0,,1793505540.0,32.30951388888889,3.8999999999999924,0.038999999999999924,0.9610000000000001,0.038999999999999924,s11,date,Iran charges Hormuz fees by...?,3399473,2757806
665532>665531,1791022418,2026-10-03,0.008245720000000047,56.0,56.0,0.05000000000000005,0.036000000000000004,0.0033250000000000037,0.0024292800000000007,1791022403,1791022418,0.99175428,1.0,False,,,1798779600.0,89.78219907407407,0.8245720000000012,0.46176032000000067,55.53823968,0.46176032000000067,s11,strike,Metamask FDV above ___ one day after launch?,665532,665531
