market,closure,open_day,kind,x_pp,gap_bp,source,rate,rate_se,se_eff,resid_sd,train_n,train_n_nonzero,pred_bp,band_lo,band_hi,mean_past_bp,set,etf
election,2024-06-14,2024-06-17,weekend,0.0,-11.976489230371978,own,0.3841775408814837,4.032608976428075,4.032608976428075,49.52981656201999,53,20,0.0,-63.47741290588482,63.47741290588482,10.623262478951428,A_placebo,SPY
election,2024-06-17,2024-06-18,overnight,0.0,2.0107851201900395,own,0.3841775408814837,4.032608976428075,4.032608976428075,49.08790309134647,54,20,0.0,-62.91105660186964,62.91105660186964,10.204748558408403,A_placebo,SPY
election,2024-06-18,2024-06-20,holiday,0.0,17.320279312293962,own,0.3841775408814837,4.032608976428075,4.032608976428075,48.63203132858222,55,20,0.0,-62.32681135071098,62.32681135071098,10.05576740498625,A_placebo,SPY
election,2024-06-20,2024-06-21,overnight,0.0,-46.622177529940245,own,0.3841775408814837,4.032608976428074,4.032608976428074,48.24445583168417,56,20,0.0,-61.830094593886436,61.830094593886436,10.18549083190246,A_placebo,SPY
election,2024-06-21,2024-06-24,weekend,1.0,3.85944276997785,own,0.3841775408814837,4.032608976428074,4.032608976428074,48.215965226941634,57,20,0.3841775408814837,-61.62515129106268,62.39350637282564,9.188865071168378,A_placebo,SPY
election,2024-06-24,2024-06-25,overnight,0.0,24.693633096839473,own,0.450689794069931,3.9563430908055643,3.9563430908055643,47.793320988923895,58,21,0.0,-61.25192017940487,61.25192017940487,9.09697847976854,A_placebo,SPY
election,2024-06-25,2024-06-26,overnight,0.0,-20.008076654794984,own,0.450689794069931,3.9563430908055643,3.9563430908055643,47.49033709174683,59,21,0.0,-60.86361601678274,60.86361601678274,9.36132855802398,A_placebo,SPY
election,2024-06-26,2024-06-27,overnight,0.0,-2.7496700395945872,own,0.450689794069931,3.9563430908055643,3.9563430908055643,47.15815185969717,60,21,0.0,-60.4378874233879,60.4378874233879,8.871838471143663,A_placebo,SPY
election,2024-06-27,2024-06-28,overnight,6.0,14.825661206185892,own,0.450689794069931,3.9563430908055643,3.9563430908055643,46.76486334272772,61,21,2.704138764419586,-64.50900474789654,69.9172822767357,8.681321938180742,A_placebo,SPY
election,2024-06-28,2024-07-01,weekend,1.0,28.304140859047862,own,1.274815965748094,2.467141386895499,2.467141386895499,46.39533256818065,62,22,1.274815965748094,-58.269451984900016,60.81908391639621,8.78042418443889,A_placebo,SPY
election,2024-07-01,2024-07-02,overnight,4.0,-30.621412985678553,own,1.5776655443845062,2.4101169183955182,2.4101169183955182,46.146075658012336,63,23,6.310662177538025,-54.10694302673323,66.72826738180927,9.090324449115222,A_placebo,SPY
election,2024-07-02,2024-07-03,overnight,-3.0,-5.100460863070033,own,0.17407123889408893,2.6625344909709088,2.6625344909709088,45.97845701369202,64,24,-0.5222137166822668,-60.33079786009699,59.28637042673246,8.469828551696569,A_placebo,SPY
election,2024-07-03,2024-07-05,holiday,-0.5,5.621441265004634,own,0.29428779416028855,2.413616898411211,2.413616898411211,45.621142866634735,65,25,-0.14714389708014428,-58.63565359748224,58.341365803321956,8.261054868392469,A_placebo,SPY
election,2024-07-05,2024-07-08,weekend,0.0,13.34054443843602,own,0.26909746594157774,2.410036543978223,2.410036543978223,45.27449259993481,66,26,0.0,-58.02378971607646,58.02378971607646,8.221060722886591,A_placebo,SPY
election,2024-07-08,2024-07-09,overnight,2.0,16.566427773976322,own,0.26909746594157774,2.410036543978223,2.410036543978223,44.96019271933022,67,26,0.5381949318831555,-57.41297435256956,58.48936421633587,8.297470927596285,A_placebo,SPY
election,2024-07-09,2024-07-10,overnight,0.0,21.948367365296484,own,0.5396161636984246,2.314531051986141,2.314531051986141,44.66490186258201,68,27,0.0,-57.24253822708511,57.24253822708511,8.419073234160697,A_placebo,SPY
election,2024-07-10,2024-07-11,overnight,-1.0,3.2070698072206305,own,0.5396161636984246,2.314531051986141,2.314531051986141,44.41508960305203,69,27,-0.5396161636984246,-57.539231651274996,56.459999323878144,8.615149960698897,A_placebo,SPY
election,2024-07-11,2024-07-12,overnight,-2.0,21.746162970419647,own,0.5082631430212776,2.295028784488179,2.295028784488179,44.09435415702703,70,28,-1.0165262860425552,-57.83320486455284,55.80015229246773,8.537891672792064,A_placebo,SPY
election,2024-07-15,2024-07-16,overnight,0.0,24.48841475360286,own,0.13963659635792192,2.2700661376450446,2.2700661376450446,43.85998679033203,71,29,0.0,-56.21095907048953,56.21095907048953,8.723923662899495,A_placebo,SPY
election,2024-07-16,2024-07-17,overnight,-1.0,-107.020510051431,own,0.13963659635792192,2.2700661376450446,2.2700661376450446,43.64688223454152,72,29,-0.13963659635792192,-56.153086282987125,55.87381309027128,8.942874928048152,A_placebo,SPY
election,2024-07-17,2024-07-18,overnight,-3.0,28.00969566388201,own,0.9981175076436499,2.3725424682694327,2.3725424682694327,45.121801097047324,73,30,-2.99435252293095,-61.53749198329902,55.548786937437114,7.354335407781315,A_placebo,SPY
election,2024-07-18,2024-07-19,overnight,-2.5,-4.34263380740485,own,0.3013973236703247,2.3282305540082335,2.3282305540082335,44.94849210917851,74,31,-0.7534933091758117,-58.84046416201543,57.33347754366381,7.633461897728622,A_placebo,SPY
election,2024-07-22,2024-07-23,overnight,2.0,-1.983232669251489,own,0.365603772654744,2.2145212814506205,2.2145212814506205,44.64561548120704,75,32,0.731207545309488,-56.76747900959792,58.229894100216896,7.473780621660175,A_placebo,SPY
election,2024-07-23,2024-07-24,overnight,-1.0,-87.76999205374558,own,0.3278376479304173,2.149272237029218,2.149272237029218,44.34805607214996,76,33,-0.3278376479304173,-57.23101401300062,56.575338717139786,7.349346236253443,A_placebo,SPY
election,2024-07-24,2024-07-25,overnight,-1.0,2.586796252841417,own,0.9319285246545291,2.215017566583677,2.215017566583677,45.17503432014606,77,34,-0.9319285246545291,-58.89780578238677,57.03394873307771,6.114030154565144,A_placebo,SPY
election,2024-07-25,2024-07-26,overnight,-2.0,73.18794813686358,own,0.9077863306408348,2.1986665296396515,2.1986665296396515,44.882510352554,78,35,-1.8155726612816696,-59.6124116814178,55.981266358854455,6.068809207107147,A_placebo,SPY
election,2024-07-26,2024-07-29,weekend,1.0,30.126014916052046,own,-0.093930140786815,2.3760518290138415,2.3760518290138415,45.37410354342943,79,36,-0.093930140786815,-58.32505748407802,58.13719720250439,6.918418560648369,A_placebo,SPY
election,2024-07-29,2024-07-30,overnight,-1.5,27.535061311403375,own,0.10653383968972827,2.3621995735125094,2.3621995735125094,45.213181442159765,80,37,-0.15980075953459238,-58.28268153223401,57.96308001316483,7.208513515090914,A_placebo,SPY
election,2024-07-30,2024-07-31,overnight,1.0,130.46446826963987,own,-0.16498441590770285,2.3488209802191755,2.3488209802191755,45.034713861612026,81,38,-0.16498441590770285,-57.959921341569355,57.62995250975395,7.459458549613291,A_placebo,SPY
election,2024-07-31,2024-08-01,overnight,-2.999999999999986,38.696315674733306,own,0.6832587833490998,2.4736656263053654,2.4736656263053654,47.036009920932145,82,39,-2.04977635004729,-63.07678310700546,58.977230406910884,8.959519643759956,A_placebo,SPY
election,2024-08-01,2024-08-02,overnight,1.0,-134.24425456688203,own,-0.06666929072661376,2.4537161529425435,2.4537161529425435,46.952474501945794,83,40,-0.06666929072661376,-60.32307446775928,60.189735886306046,9.317794294735538,A_placebo,SPY
election,2024-08-02,2024-08-05,weekend,0.0,-400.39025854628704,own,-0.8848252985080499,2.590929841132351,2.590929841132351,48.92405041714652,84,41,-0.0,-62.70106301461498,62.70106301461498,7.608722284478187,A_placebo,SPY
election,2024-08-05,2024-08-06,overnight,-1.0,34.981929224406905,own,-0.8848252985080499,2.590929841132351,2.590929841132351,65.37238240266122,85,41,0.8848252985080499,-82.96219622947346,84.73184682648956,2.8087342747044786,A_placebo,SPY
election,2024-08-06,2024-08-07,overnight,-0.5,120.26273961584845,own,-1.0914744132104675,2.591540655443439,2.591540655443439,65.09121476492669,86,42,0.5457372066052337,-82.89169136453349,83.98316577774396,3.182841192724274,A_placebo,SPY
election,2024-08-07,2024-08-08,overnight,-2.0,101.41714065361909,own,-1.4537043751143806,2.6322990609205164,2.6322990609205164,65.98485630413201,87,43,2.907408750228761,-81.92751496304555,87.74233246350309,4.5285871516107585,A_placebo,SPY
election,2024-08-08,2024-08-09,overnight,-0.5500000000000043,-15.453329061682064,own,-2.6177780165133813,2.9043896646443335,2.9043896646443335,66.42937054712895,88,44,1.4397779090823708,-83.7207146947028,86.60027051286754,5.629593441406306,A_placebo,SPY
election,2024-08-09,2024-08-12,weekend,-3.1499999999999986,24.394363025652677,own,-2.562979598124266,2.894738998513559,2.894738998513559,66.075352862678,89,45,8.073385734091435,-77.41133236933824,93.5581038375211,5.392706671708685,A_placebo,SPY
election,2024-08-12,2024-08-13,overnight,-0.0499999999999971,61.50961087669992,own,-2.849432187445441,2.761166301052888,2.761166301052888,65.72460811742397,90,46,0.1424716093722638,-84.09037198534284,84.37531520408737,5.603836186752507,A_placebo,SPY
election,2024-08-13,2024-08-14,overnight,-0.0500000000000042,15.682656826567776,own,-2.86652824106423,2.7625142168359713,2.7625142168359713,65.67777565169355,91,47,0.14332641205322355,-84.02949700869895,84.31614983280541,6.218185359169511,A_placebo,SPY
election,2024-08-14,2024-08-15,overnight,-0.3999999999999986,105.18959873478283,own,-2.8708572276963102,2.762816135045918,2.762816135045918,65.33622144159528,92,48,1.14834289107852,-82.59853587607795,84.89522165823497,6.321060049032535,A_placebo,SPY
election,2024-08-15,2024-08-16,overnight,-0.2000000000000028,-29.79381551412086,own,-3.1025233507061167,2.7888543002641573,2.7888543002641573,65.8784889778074,93,49,0.620504670141232,-83.81239290004113,85.05340224032359,7.384162615545979,A_placebo,SPY
election,2024-08-16,2024-08-19,weekend,2.25,9.382724959852151,own,-3.068669476948033,2.7855143266287428,2.7855143266287428,65.59918645113122,94,50,-6.904506323133074,-91.35925916481976,77.5502465185536,6.988652209911225,A_placebo,SPY
election,2024-08-19,2024-08-20,overnight,1.3500000000000014,-7.327185645864542,own,-2.8703054275997952,2.695398270488692,2.695398270488692,65.27035087088181,95,51,-3.8749123272597275,-87.65528616040746,79.90546150588801,7.013852975700077,A_placebo,SPY
election,2024-08-20,2024-08-21,overnight,1.7000000000000028,20.58644516845121,own,-2.8952863671121185,2.66923577945609,2.66923577945609,64.92687058932077,96,52,-4.9219868240906095,-88.33523816089688,78.49126451271566,6.864467156725447,A_placebo,SPY
election,2024-08-21,2024-08-22,overnight,0.5,33.17281968967079,own,-2.6663964756480705,2.6195611798704963,2.6195611798704963,64.6394740621133,97,53,-1.3331982378240352,-84.19215321859193,81.52575674294386,7.0059308475679805,A_placebo,SPY
election,2024-08-22,2024-08-23,overnight,-0.2000000000000028,59.68968555042142,own,-2.5754499588786266,2.6114034823234302,2.6114034823234302,64.40066357206787,98,54,0.5150899917757324,-82.02351458670923,83.0536945702607,7.272939917385356,A_placebo,SPY
election,2024-08-23,2024-08-26,weekend,-1.0500000000000045,19.39191232720683,own,-2.637822717642912,2.6156932910587862,2.6156932910587862,64.34942121345671,99,55,2.7697138535250696,-79.77558578813027,85.31501349518042,7.802401994486731,A_placebo,SPY
election,2024-08-26,2024-08-27,overnight,0.4999999999999929,-22.114029925276448,own,-2.729274313274848,2.6074373702525775,2.6074373702525775,64.04526543023293,100,56,-1.3646371566374047,-83.46205361289464,80.73277929961984,7.918297097813931,A_placebo,SPY
election,2024-08-27,2024-08-28,overnight,-0.29999999999999,-5.7307529155059544,own,-2.7835643818750095,2.6081588505839868,2.6081588505839868,63.757962674175744,101,57,0.835069314562475,-80.88328858338703,82.55342721251198,7.620947325308086,A_placebo,SPY
election,2024-08-28,2024-08-29,overnight,0.0499999999999971,35.46289828595839,own,-2.773261685992588,2.606146142877613,2.606146142877613,63.444906338001395,102,58,-0.13866308429962135,-81.4498265465689,81.17250037796966,7.4900483033393215,A_placebo,SPY
election,2024-08-29,2024-08-30,overnight,-0.3999999999999915,43.9715930970852,own,-2.7639511673016894,2.605474169132252,2.605474169132252,63.23147056823227,103,59,1.1055804669206521,-79.94287881513411,82.15403974897542,7.76162937113174,A_placebo,SPY
election,2024-08-30,2024-09-03,holiday,1.499999999999993,-55.00647656901614,own,-2.8535587191807883,2.611069878833283,2.611069878833283,63.06525233423335,104,60,-4.2803380787711625,-85.26048164237747,76.69980548483514,8.109802099265908,A_placebo,SPY
election,2024-09-03,2024-09-04,overnight,0.5,-35.49695740365011,own,-3.2465814864089246,2.638400405156905,2.638400405156905,62.955839199542915,105,61,-1.6232907432044623,-82.32520596099079,79.07862447458186,7.508694683377506,A_placebo,SPY
election,2024-09-04,2024-09-05,overnight,0.5,0.9077045966154884,own,-3.3339523057549285,2.643282833044601,2.643282833044601,62.74236551524952,106,62,-1.6669761528774643,-82.09542957405617,78.76147726830123,7.102980984443284,A_placebo,SPY
election,2024-09-05,2024-09-06,overnight,0.1999999999999957,6.73253634659865,own,-3.327319949367775,2.6391045264251085,2.6391045264251085,62.44620973134842,107,63,-0.6654639898735407,-80.69938516882657,79.36845718907948,7.045081205117791,A_placebo,SPY
election,2024-09-06,2024-09-09,weekend,1.1000000000000014,78.08596858057459,own,-3.319698644807693,2.637911310899923,2.637911310899923,62.15783382877203,108,64,-3.651668509288467,-83.39990363361136,76.09656661503442,7.0421872712426135,A_placebo,SPY
election,2024-09-09,2024-09-10,overnight,0.9500000000000028,35.50382489660109,own,-2.8594406422540732,2.6268919207662553,2.6268919207662553,62.36425730602128,109,65,-2.7164686101413777,-82.70646609973652,77.27352887945376,7.693965081419971,A_placebo,SPY
election,2024-09-10,2024-09-11,overnight,-2.6999999999999957,-2.186509238001344,own,-2.674427565572729,2.6086980631808316,2.6086980631808316,62.184878010165505,110,66,7.220954427046357,-72.98478192058096,87.42669077467366,7.946781988830708,A_placebo,SPY
election,2024-09-11,2024-09-12,overnight,-0.8000000000000043,11.725232700772192,own,-2.5496371562202413,2.5060609522174393,2.5060609522174393,61.90783967607344,111,67,2.0397097249762037,-77.3429711803572,81.42239063030961,7.855491076877266,A_placebo,SPY
election,2024-09-12,2024-09-13,overnight,0.1000000000000014,12.343028871955042,own,-2.587585650242191,2.500241986150187,2.500241986150187,61.635179405886205,112,68,-0.25875856502422273,-79.25105440597845,78.73353727593,7.890042341376328,A_placebo,SPY
election,2024-09-16,2024-09-17,overnight,-1.0,39.79675230074919,own,-2.58141412707803,2.49976518579103,2.49976518579103,61.37095782829001,113,69,2.58141412707803,-76.13682500746887,81.29965326162494,7.929449301823928,A_placebo,SPY
election,2024-09-17,2024-09-18,overnight,-0.1000000000000014,11.365654413071358,own,-2.7627820531653438,2.5043092064786103,2.5043092064786103,61.198531691854186,114,70,0.27627820531653824,-78.15641669367523,78.70897310430831,8.208987047428534,A_placebo,SPY
election,2024-09-18,2024-09-19,overnight,-0.4999999999999929,172.44757985498626,own,-2.7681861667642305,2.50451931092336,2.50451931092336,60.93837698797427,115,71,1.3840930833820955,-76.73101911410983,79.49920528087402,8.236436328868908,A_placebo,SPY
election,2024-09-19,2024-09-20,overnight,0.3500000000000014,-53.94801373222013,own,-3.18449525711748,2.5633319908399645,2.5633319908399645,62.732315291868744,116,72,-1.1145733399911224,-81.52053018855182,79.29138350856957,9.652049635128542,A_placebo,SPY
election,2024-09-20,2024-09-23,weekend,-0.3000000000000042,21.827143108608116,own,-3.274446389975465,2.5698372051506806,2.5698372051506806,62.65354917362148,117,73,0.9823339169926533,-79.32053345165924,81.28520128564456,9.108459349937528,A_placebo,SPY
election,2024-09-23,2024-09-24,overnight,0.1000000000000014,15.449438202246313,own,-3.3048523548089794,2.5710827961141347,2.5710827961141347,62.41496875019242,118,74,-0.33048523548090253,-80.32218786412868,79.66121739316687,9.216244805519482,A_placebo,SPY
election,2024-09-24,2024-09-25,overnight,0.5,-1.7505776906379111,own,-3.297180093504627,2.5703899133853647,2.5703899133853647,62.16690954464387,119,75,-1.6485900467523136,-81.33872505435049,78.04154496084585,9.268624581962564,A_placebo,SPY
election,2024-09-25,2024-09-26,overnight,0.1000000000000014,76.84210526315738,own,-3.2974277264872307,2.567100641271075,2.567100641271075,61.905153678563416,120,76,-0.32974277264872764,-79.66806987668235,79.0085843313849,9.176797896357558,A_placebo,SPY
election,2024-09-26,2024-09-27,overnight,-0.2999999999999971,19.221024305859924,own,-3.259953840049371,2.5644763363854883,2.5644763363854883,62.04787957163769,121,77,0.9779861520148018,-78.54868880554297,80.50466110957258,9.736015312612102,A_placebo,SPY
election,2024-09-27,2024-09-30,weekend,0.5499999999999972,-17.325563080800023,own,-3.286518147517656,2.5653825169265425,2.5653825169265425,61.813194061975366,122,78,-1.8075849811347013,-81.04800996255207,77.43284000028268,9.813761287966592,A_placebo,SPY
election,2024-09-30,2024-10-01,overnight,-0.3999999999999986,-10.80101738615391,own,-3.3278838789631293,2.56480514935668,2.56480514935668,61.57534640583147,123,79,1.331153551585247,-77.5947629267785,80.25707002994899,9.593116374399383,A_placebo,SPY
election,2024-10-01,2024-10-02,overnight,1.1000000000000014,-17.232587174031977,own,-3.304381883079138,2.5610567557314567,2.5610567557314567,61.33427776022673,124,80,-3.6348200713870567,-82.32370365655557,75.05406351378146,9.42864755374976,A_placebo,SPY
election,2024-10-02,2024-10-03,overnight,0.1999999999999957,-26.193196800562426,own,-3.3763978862226973,2.551627767959792,2.551627767959792,61.098594195920185,125,81,-0.675279577244525,-78.98196925494139,77.63141010045234,9.215357675927505,A_placebo,SPY
election,2024-10-03,2024-10-04,overnight,0.0,80.48892176547362,own,-3.4009653497026346,2.553078657919937,2.553078657919937,60.896487721005066,126,82,-0.0,-78.0449386632401,78.0449386632401,8.93433740230457,A_placebo,SPY
election,2024-10-04,2024-10-07,weekend,1.499999999999993,-28.10214518859877,own,-3.4009653497026346,2.553078657919937,2.553078657919937,61.07673053518279,127,82,-5.101448024553928,-83.53110624107056,73.3282101919627,9.497759326424012,A_placebo,SPY
election,2024-10-07,2024-10-08,overnight,-1.1000000000000014,45.96608020288606,own,-3.5652658235216332,2.541998962124309,2.541998962124309,60.869655962178356,128,83,3.9217924058738016,-74.17102627518813,82.01461108693573,9.204010072400397,A_placebo,SPY
election,2024-10-08,2024-10-09,overnight,0.3999999999999986,0.5234414530730369,own,-3.7842490812624385,2.5534433864877153,2.5534433864877153,60.744547182937026,129,84,-1.51369963250497,-79.37491546378676,76.34751619877683,9.488987360233617,A_placebo,SPY
election,2024-10-09,2024-10-10,overnight,1.0,-23.04626581181801,own,-3.7803937345904197,2.5510776027692534,2.5510776027692534,60.5089107665007,130,85,-3.7803937345904197,-81.3975040048828,73.83671653570197,9.420021622486228,A_placebo,SPY
election,2024-10-10,2024-10-11,overnight,-1.0,-0.8679048776261133,own,-3.8711175003026157,2.5473775611018508,2.5473775611018508,60.29930311828258,131,86,3.8711175003026157,-73.47739857125525,81.21963357186048,9.172187367262532,A_placebo,SPY
election,2024-10-11,2024-10-14,weekend,0.3499999999999943,28.815460270901205,own,-3.848905849069691,2.532961229354507,2.532961229354507,60.070132512123514,132,87,-1.3471170471743699,-78.34138253052139,75.64714843617266,9.09612606237701,A_placebo,SPY
election,2024-10-14,2024-10-15,overnight,1.6999999999999955,5.305675361129136,own,-3.7994543685500806,2.527883413851795,2.527883413851795,59.899688017044724,133,88,-6.45907242653512,-83.42382395472295,70.50567910165272,9.244391733117796,A_placebo,SPY
election,2024-10-15,2024-10-16,overnight,1.3999999999999986,-0.1724762413979341,own,-3.7070197831684237,2.4865683547169115,2.4865683547169115,59.68267887863979,134,89,-5.189827696435788,-81.80915457470932,71.42949918183776,9.214998327356685,A_placebo,SPY
election,2024-10-16,2024-10-17,overnight,3.200000000000003,63.032426490794435,own,-3.6748469620396143,2.460692536637157,2.460692536637157,59.46113084202936,135,90,-11.759510278526776,-88.63018767889926,65.11116712184571,9.145461478699245,A_placebo,SPY
election,2024-10-17,2024-10-18,overnight,0.4000000000000057,30.741224153330027,own,-2.627753302933746,2.5112370119663434,2.5112370119663434,59.57361604308855,136,91,-1.0511013211735132,-77.4115002237461,75.30929758139906,9.541689162611709,A_placebo,SPY
election,2024-10-18,2024-10-21,weekend,1.3999999999999986,-12.31674564209584,own,-2.5721553044648013,2.506607940836761,2.506607940836761,59.41672176643246,137,92,-3.6010174262507184,-79.8821860702295,72.68015121772805,9.69643029393082,A_placebo,SPY
election,2024-10-21,2024-10-22,overnight,1.1999999999999886,-44.888378707146344,own,-2.625048882436032,2.488141233313273,2.488141233313273,59.20411844360319,138,93,-3.1500586589232085,-79.12248576538539,72.82236844753896,9.536914526278453,A_placebo,SPY
election,2024-10-22,2024-10-23,overnight,-1.6000000000000014,-35.31509291641033,own,-2.8408158408553117,2.4949252145143617,2.4949252145143617,59.0954623943906,139,94,4.545305345368503,-71.36403450396507,80.45464519470208,9.14536565409554,A_placebo,SPY
election,2024-10-23,2024-10-24,overnight,-1.1999999999999886,35.47142387486435,own,-2.569067418601078,2.465071446002952,2.465071446002952,58.97843084477711,140,95,3.082880902321264,-72.59888795396145,78.76464975860398,8.8277909500205,A_placebo,SPY
election,2024-10-24,2024-10-25,overnight,1.5499999999999972,40.229289685418394,own,-2.7336642574908896,2.4647403527436715,2.4647403527436715,58.83074438205434,141,96,-4.237179599110871,-79.793467553112,71.31910835489025,9.016752885657692,A_placebo,SPY
election,2024-10-25,2024-10-28,weekend,1.0,61.57008022244837,own,-2.4447181918980654,2.4395407023751363,2.4395407023751363,58.740036709998336,142,97,-2.4447181918980654,-77.79084514182516,72.90140875802904,9.236559482839104,A_placebo,SPY
election,2024-10-28,2024-10-29,overnight,0.3999999999999915,-15.841038621140502,own,-2.1774692865747944,2.4298679016216296,2.4298679016216296,58.77781308805255,143,98,-0.8709877146298992,-76.21093124850584,74.46895581924603,9.602528159339867,A_placebo,SPY
election,2024-10-29,2024-10-30,overnight,0.5,-7.048306687297279,own,-2.2024513797258276,2.4295446891107226,2.4295446891107226,58.585303239003366,144,99,-1.1012256898629138,-76.2002893328114,73.99783795308556,9.42583672336431,A_placebo,SPY
election,2024-10-30,2024-10-31,overnight,-0.9000000000000057,-76.0384157801275,own,-2.214844100893262,2.427564398336396,2.427564398336396,58.38362891100521,145,100,1.9933596908039484,-72.88347194548092,76.8701913270888,9.312221941221816,A_placebo,SPY
election,2024-10-31,2024-11-01,overnight,0.2999999999999971,48.72042916190367,own,-1.9231395581622879,2.42317466517515,2.42317466517515,58.54051364334632,146,101,-0.5769418674486808,-75.60824859090934,74.45436485601198,8.727628532171478,A_placebo,SPY
election,2024-11-01,2024-11-04,weekend,-1.6000000000000014,2.802003432453848,own,-1.861733405557139,2.4203927923110076,2.4203927923110076,58.48212023905827,147,102,2.9787734488914253,-72.13605990828582,78.09360680606868,8.999688400400949,A_placebo,SPY
election,2024-11-04,2024-11-05,overnight,4.200000000000003,17.024413359776336,own,-1.8605714124539456,2.3940148287960015,2.3940148287960015,58.282863814327435,148,103,-7.814399932306577,-83.61313075731556,67.98433089270242,8.957812150617523,A_placebo,SPY
recession,2025-01-10,2025-01-13,weekend,-0.0,-81.6523401836322,pooled,-1.4609314464455427,2.2494178315330933,2.682200826193391,58.119078048572526,149,104,0.0,-74.48541042705055,74.48541042705055,9.01195041376624,A_placebo,SPY
recession,2025-01-13,2025-01-14,overnight,-0.0,48.49193520652051,pooled,-1.4609314464455427,2.2494178315330933,2.682200826193391,58.308686493755985,150,104,0.0,-74.72841261039767,74.72841261039767,8.407521809783583,A_placebo,SPY
recession,2025-01-14,2025-01-15,overnight,-1.0,139.73101564781263,pooled,-1.4609314464455427,2.2494178315330933,2.682200826193391,58.248719754372544,151,104,1.4609314464455427,-73.26973001038502,76.1915929032761,8.672981501152702,A_placebo,SPY
recession,2025-01-15,2025-01-16,overnight,-1.5,23.533182630992577,pooled,-1.9885942652683186,2.3263039306222097,3.0604243381410994,59.13183492583796,152,105,2.982891397902478,-73.02849933000319,78.99428212580814,9.535205410012308,A_placebo,SPY
recession,2025-01-16,2025-01-17,overnight,-0.0,88.89640020280476,pooled,-2.1052280586965666,2.3148093856728704,3.1289499310667352,58.9603668364511,153,106,0.0,-75.56360613759574,75.56360613759574,9.626695457208257,A_placebo,SPY
recession,2025-01-17,2025-01-21,holiday,-1.0,51.8767675753451,pooled,-2.1052280586965666,2.3148093856728704,3.1289499310667352,59.20519034763911,154,106,2.1052280586965666,-73.87803439475248,78.08849051214561,10.14143379971213,A_placebo,SPY
recession,2025-01-21,2025-01-22,overnight,-0.0,49.757845153586274,pooled,-2.292838109929257,2.323458742092665,3.2642866180148453,59.14827377859561,155,107,0.0,-75.80442767464814,75.80442767464814,10.41069401761944,A_placebo,SPY
recession,2025-01-22,2025-01-23,overnight,-0.0,-8.905894382691404,pooled,-2.292838109929257,2.323458742092665,3.2642866180148453,59.09247318297163,156,107,0.0,-75.73291363129644,75.73291363129644,10.662919345414098,A_placebo,SPY
recession,2025-01-23,2025-01-24,overnight,-0.0,1.640123993371656,pooled,-2.292838109929257,2.323458742092665,3.2642866180148453,58.90708540602962,157,107,0.0,-75.49532065636757,75.49532065636757,10.538277219757376,A_placebo,SPY
recession,2025-01-27,2025-01-28,overnight,1.0,20.186516741462768,pooled,-2.292838109929257,2.323458742092665,3.2642866180148453,58.71932943437208,158,107,-2.292838109929257,-77.66372448155035,73.07804826169182,10.481959794273921,A_placebo,SPY
recession,2025-01-28,2025-01-29,overnight,-1.0,-12.738010554351751,pooled,-2.20842208299875,2.311436648884277,3.1968527458239167,58.560424744290685,159,108,2.20842208299875,-72.95436642020142,77.37121058619893,10.542994743627311,A_placebo,SPY
recession,2025-01-29,2025-01-30,overnight,-0.0,35.89232303090828,pooled,-2.1525041929069952,2.300259900989354,3.1503126690190206,58.38796985488503,160,109,0.0,-74.83002216602065,74.83002216602065,10.397488460514941,A_placebo,SPY
recession,2025-01-30,2025-01-31,overnight,-0.0,41.65426956262985,pooled,-2.1525041929069952,2.300259900989354,3.1503126690190206,58.27434617998591,161,109,0.0,-74.68440206426995,74.68440206426995,10.555841470268938,A_placebo,SPY
recession,2025-02-03,2025-02-04,overnight,0.5,3.0117962017905953,pooled,-2.1525041929069952,2.300259900989354,3.1503126690190206,58.18576941802452,162,109,-1.0762520964534976,-75.67445373020654,73.52194953729953,10.747807075777338,A_placebo,SPY
recession,2025-02-04,2025-02-05,overnight,-0.0,-18.612071257644303,pooled,-2.1448641949660248,2.2976590462774378,3.1431957476090795,58.00679410654628,163,110,0.0,-74.34150732694972,74.34150732694972,10.700346886366376,A_placebo,SPY
recession,2025-02-05,2025-02-06,overnight,-0.0,30.12397172981185,pooled,-2.1448641949660248,2.2976590462774378,3.1431957476090795,57.8469575703946,164,110,0.0,-74.13666082221772,74.13666082221772,10.5216126293907,A_placebo,SPY
recession,2025-02-06,2025-02-07,overnight,-0.0,9.07081835273882,pooled,-2.1448641949660248,2.2976590462774378,3.1431957476090795,57.71827843792455,165,110,0.0,-73.97174564604411,73.97174564604411,10.64041480575689,A_placebo,SPY
recession,2025-02-07,2025-02-10,weekend,0.5,54.09634142281794,pooled,-2.1448641949660248,2.2976590462774378,3.1431957476090795,57.54744155874774,166,110,-1.0724320974830124,-74.85273102739255,72.70786683242652,10.630959405437505,A_placebo,SPY
recession,2025-02-10,2025-02-11,overnight,-0.0,-37.037649432034584,pooled,-2.0418576254760263,2.2925413208884056,3.0700046043443243,57.533257911521595,167,111,0.0,-73.73462333940608,73.73462333940608,10.891231154044572,A_placebo,SPY
recession,2025-02-11,2025-02-12,overnight,-1.0,-99.30437368847134,pooled,-2.0418576254760255,2.2925413208884056,3.070004604344324,57.432301444433705,168,111,2.0418576254760255,-71.66846338274553,75.75217863369758,10.605940198175054,A_placebo,SPY
recession,2025-02-12,2025-02-13,overnight,0.5,18.562715460090917,pooled,-1.6648149947703794,2.2976539010295913,2.8373971198492463,57.79052955085122,169,112,-0.8324074973851897,-74.91906433616114,73.25424934139076,9.955583311271822,A_placebo,SPY
recession,2025-02-13,2025-02-14,overnight,-0.5,4.100444488182031,pooled,-1.6287702751489885,2.2942407794407345,2.813615709946499,57.63859205077376,170,113,0.8143851375744943,-73.07723399715562,74.7060042723046,10.006213500382522,A_placebo,SPY
recession,2025-02-14,2025-02-18,holiday,-0.5,19.35378054781056,pooled,-1.6348715578631516,2.292311390208878,2.8155810271400905,57.46936886310982,171,114,0.8174357789315758,-72.85740250870508,74.49227406656824,9.971676839492462,A_placebo,SPY
recession,2025-02-18,2025-02-19,overnight,-0.0,-20.773697554592463,pooled,-1.6692563854300082,2.291815885033505,2.8352842769624993,57.31859756428791,172,115,0.0,-73.4595146383914,73.4595146383914,10.026223954075705,A_placebo,SPY
recession,2025-02-19,2025-02-20,overnight,-0.0,-22.189590471528575,pooled,-1.6692563854300082,2.291815885033505,2.8352842769624993,57.173676893715545,173,115,0.0,-73.27378430698585,73.27378430698585,9.848189725701902,A_placebo,SPY
recession,2025-02-20,2025-02-21,overnight,-0.0,-3.768082701224307,pooled,-1.6692563854300082,2.291815885033505,2.8352842769624993,57.03315244223555,174,115,0.0,-73.09368816996908,73.09368816996908,9.664064552154601,A_placebo,SPY
recession,2025-02-21,2025-02-24,weekend,-0.0,33.666666666667396,pooled,-1.6692563854300082,2.291815885033505,2.8352842769624993,56.86974535810327,175,115,0.0,-72.88426565094515,72.88426565094515,9.587309424992435,A_placebo,SPY
recession,2025-02-24,2025-02-25,overnight,-0.0,-0.8372404554601864,pooled,-1.6692563854300086,2.2918158850335044,2.8352842769624993,56.76410664188937,176,115,0.0,-72.74887907224542,72.74887907224542,9.724123954774678,A_placebo,SPY
recession,2025-02-25,2025-02-26,overnight,-1.0,28.945995523466102,pooled,-1.6692563854300086,2.2918158850335044,2.8352842769624993,56.60265043940097,177,115,1.6692563854300086,-70.96365127295613,74.30216404381613,9.664455229293125,A_placebo,SPY
recession,2025-02-26,2025-02-27,overnight,-0.0,40.71126961963767,pooled,-1.7700787668970095,2.289638041201194,2.8940665508476613,56.47961668531446,178,116,0.0,-72.38427674389902,72.38427674389902,9.772778489372747,A_placebo,SPY
recession,2025-02-27,2025-02-28,overnight,-0.0,8.888281143168975,pooled,-1.7700787668970095,2.289638041201194,2.8940665508476613,56.403345004843004,179,116,0.0,-72.28652695820679,72.28652695820679,9.94561922194406,A_placebo,SPY
recession,2025-02-28,2025-03-03,weekend,4.5,35.51769993434873,pooled,-1.7700787668970095,2.289638041201194,2.8940665508476613,56.249496379052594,180,116,-7.965354451036543,-81.96165971323586,66.03095081116277,9.939745121506421,A_placebo,SPY
recession,2025-03-03,2025-03-04,overnight,-13.0,-72.94895285716696,pooled,-1.0971805843983762,2.208396636518469,2.4659320629260755,56.18007522393505,181,117,14.26334759717889,-68.63407910122504,97.16077429558283,10.081059788980689,A_placebo,SPY
recession,2025-03-04,2025-03-05,overnight,-0.0,-3.120287066409322,pooled,1.368627156933848,2.810784978104372,3.126284134213335,56.26135268065881,182,118,-0.0,-72.10454959553233,72.10454959553233,9.62485092828757,A_placebo,SPY
recession,2025-03-05,2025-03-06,overnight,6.5,-129.83449103850296,pooled,1.368627156933848,2.810784978104372,3.126284134213335,56.10705235584406,183,118,8.896076520070011,-67.58160499516696,85.37375803530698,9.555205365475018,A_placebo,SPY
recession,2025-03-06,2025-03-07,overnight,-2.5,-33.17039106145225,pooled,-0.42753290746453454,3.7654706038475694,3.7896640029698223,56.807734714011474,184,119,1.0688322686613363,-72.7415196266821,74.87918416400478,8.797652667627313,A_placebo,SPY
recession,2025-03-07,2025-03-10,weekend,-1.0,-143.44013197881367,pooled,-0.2591297570633698,3.6454383574653186,3.6546366507595747,56.70866795001268,185,120,0.2591297570633698,-72.56946780265017,73.08772731677689,8.570798377199855,A_placebo,SPY
recession,2025-03-10,2025-03-11,overnight,-0.5,-24.074899687918094,pooled,0.023024921703502076,3.547054524150422,3.54712925396234,57.53163962442046,186,121,-0.011512460851751038,-73.77908910197306,73.75606418026956,7.753535310769675,A_placebo,SPY
recession,2025-03-11,2025-03-12,overnight,6.0,108.78946989858252,pooled,0.046637659823547374,3.536626730900447,3.536934224018507,57.403885574826866,187,122,0.27982595894128426,-78.15537785522751,78.71502977311009,7.583329776017334,A_placebo,SPY
recession,2025-03-12,2025-03-13,overnight,-3.5,-7.514626684080872,pooled,1.240051305209283,3.1338615225502418,3.370284154499761,57.761527645440395,188,123,-4.34017956823249,-79.89525039528598,71.21489125882101,8.12166030858417,A_placebo,SPY
recession,2025-03-13,2025-03-14,overnight,2.0,83.40737248644592,own,3.6534695187032136,5.184797356103465,5.184797356103465,55.554202470416215,40,20,7.306939037406427,-65.12101456169388,79.73489263650673,8.0389286313743,A_placebo,SPY
recession,2025-03-14,2025-03-17,weekend,0.5,0.0,own,4.159540564083359,4.862331498640567,4.862331498640567,56.142398994019835,41,21,2.0797702820416797,-69.93975889913203,74.09929946321539,8.435604651664152,A_placebo,SPY
recession,2025-03-17,2025-03-18,overnight,-0.0,-39.15205812846101,own,4.156085796172992,4.858455049987818,4.858455049987818,55.454459550159875,42,22,-0.0,-71.0704353594849,71.0704353594849,8.391439182283712,A_placebo,SPY
recession,2025-03-18,2025-03-19,overnight,0.5,31.726227608948054,own,4.156085796172992,4.858455049987818,4.858455049987818,55.122366927657595,43,22,2.078042898086496,-68.63535037296852,72.7914361691415,8.143816800456918,A_placebo,SPY
recession,2025-03-19,2025-03-20,overnight,3.5,-64.9018535828283,own,4.205294401502222,4.8333169845160535,4.8333169845160535,54.664781716203315,44,23,14.718530405257777,-58.61777552640093,88.0548363369165,8.266005457495732,A_placebo,SPY
recession,2025-03-20,2025-03-21,overnight,-0.0,-113.13816999010018,own,3.316390593022793,5.081462997208757,5.081462997208757,55.30616088706458,45,24,-0.0,-70.88037579286197,70.88037579286197,7.888851544916741,A_placebo,SPY
recession,2025-03-21,2025-03-24,weekend,1.0,117.15911306474646,own,3.316390593022793,5.081462997208757,5.081462997208757,57.22978799339596,46,24,3.316390593022793,-70.31785794083115,76.95063912687672,7.2682001524294755,A_placebo,SPY
recession,2025-03-24,2025-03-25,overnight,0.5,22.298874603672303,own,3.6783706326785115,4.887964377412126,4.887964377412126,59.032994677292685,47,25,1.8391853163392557,-73.88231003021107,77.56068066288958,7.828868075451501,A_placebo,SPY
recession,2025-03-25,2025-03-26,overnight,-2.5,-2.9546718576189956,own,3.7108721247950056,4.867883538162859,4.867883538162859,58.47774837522633,48,26,-9.277180311987514,-85.82796331790217,67.27360269392713,7.902319885239424,A_placebo,SPY
recession,2025-03-26,2025-03-27,overnight,-4.0,-27.429053697648477,own,3.6616314047454064,4.763138744801596,4.763138744801596,57.87245447744134,49,27,-14.646525618981626,-92.73184678502463,63.438795547061375,7.847486593608825,A_placebo,SPY
recession,2025-03-27,2025-03-28,overnight,4.5,-25.92592592592591,own,3.8133528062726096,4.415597647504373,4.415597647504373,57.30659449880452,50,28,17.160087628226744,-60.57368242421997,94.89385768067346,7.670217546919091,A_placebo,SPY
recession,2025-03-28,2025-03-31,weekend,-2.5,-107.94667434287474,own,3.2706318517766353,4.322619112926119,4.322619112926119,57.038481899968545,51,29,-8.176579629441589,-82.57751507559443,66.22435581671125,7.502236829554866,A_placebo,SPY
recession,2025-03-31,2025-04-01,overnight,-0.0,-30.403290709111182,own,3.9568085692005224,4.0778206520184765,4.0778206520184765,58.149965501913556,52,30,-0.0,-74.52499578725242,74.52499578725242,6.927864137154718,A_placebo,SPY
recession,2025-04-01,2025-04-02,overnight,-0.5,-106.58966543678594,own,3.9568085692005224,4.0778206520184765,4.0778206520184765,57.742249391235866,53,30,-1.9784042846002612,-76.02699115186917,72.07018258266865,6.743056439895975,A_placebo,SPY
recession,2025-04-03,2025-04-04,overnight,-9.999999999999991,-259.83929767130485,own,4.100604117176036,4.044322724440879,4.044322724440879,58.97116302162826,54,31,-41.00604117176032,-132.649427149637,50.63734480611635,6.184767169567493,A_placebo,SPY
recession,2025-04-07,2025-04-08,overnight,1.0,343.07799028837627,own,8.819380537651387,6.02348178380247,6.02348178380247,64.099812164294,55,32,8.819380537651387,-73.69285270991305,91.33161378521582,4.880727636033805,A_placebo,SPY
recession,2025-04-08,2025-04-09,overnight,-3.0,-66.43314409952916,own,9.538602936254346,6.072086992007852,6.072086992007852,77.85334132682466,56,33,-28.61580880876304,-131.08752246535965,73.85590484783359,6.530470380679377,A_placebo,SPY
recession,2025-04-09,2025-04-10,overnight,-2.0,-206.12105931501645,own,9.778079465800095,5.947274456086307,5.947274456086307,77.31727691353596,57,34,-19.55615893160019,-119.81170252483723,80.69938466163684,6.176278077377395,A_placebo,SPY
recession,2025-04-10,2025-04-11,overnight,-4.500000000000007,-32.208881265486376,own,10.559094224077086,6.007324375052888,6.007324375052888,80.48982451719331,58,35,-47.515924008346964,-156.3342001720804,61.30235215538645,5.150687075481772,A_placebo,SPY
recession,2025-04-14,2025-04-15,overnight,-2.0,13.080505408462615,own,10.420777572786177,5.691151149070299,5.691151149070299,79.81721074112467,59,36,-20.841555145572354,-124.17018406586693,82.48707377472222,4.9710737661501945,A_placebo,SPY
recession,2025-04-15,2025-04-16,overnight,-0.0,-112.32611768206668,own,10.285629921176476,5.624355584957311,5.624355584957311,79.26005157741221,60,37,-0.0,-101.5796821016115,101.5796821016115,5.009874874486618,A_placebo,SPY
recession,2025-04-16,2025-04-17,overnight,-1.4999999999999858,36.33043577501604,own,10.285629921176476,5.624355584957311,5.624355584957311,79.92333279469707,61,37,-15.428444881764568,-118.42726674996376,87.57037698643464,4.451132052788745,A_placebo,SPY
recession,2025-04-17,2025-04-21,holiday,-0.0,-99.35599080529656,own,10.131662006481047,5.582957431161721,5.582957431161721,79.54083139682375,62,38,-0.0,-101.93952951816932,101.93952951816932,4.602218800287453,A_placebo,SPY
recession,2025-04-21,2025-04-22,overnight,1.0,119.84902136269903,own,10.131662006481047,5.582957431161721,5.582957431161721,79.89943157838874,63,38,10.131662006481047,-92.5171263706673,112.7804503836294,4.111849887053566,A_placebo,SPY
recession,2025-04-22,2025-04-23,overnight,3.000000000000007,256.0063764375431,own,10.348816601941152,5.591647046354276,5.591647046354276,80.45673801938847,64,39,31.04644980582353,-74.28427196627528,136.37717157792235,4.655216889286643,A_placebo,SPY
recession,2025-04-23,2025-04-24,overnight,-0.5,24.373844343588136,own,11.661173976554979,5.783056233145958,5.783056233145958,84.55197613519096,65,40,-5.8305869882774894,-114.25574669130867,102.5945727147537,5.829755018016813,A_placebo,SPY
recession,2025-04-24,2025-04-25,overnight,-2.000000000000007,2.0126614703408485,own,11.63182078769991,5.7752794255969855,5.7752794255969855,83.98261827025789,66,41,-23.2636415753999,-131.90897577681017,85.38169262601038,5.916006596275285,A_placebo,SPY
recession,2025-04-25,2025-04-28,weekend,-0.0,15.803240572549448,own,11.534322993887988,5.70708112940789,5.70708112940789,83.40156363237035,67,42,-0.0,-106.88744395124586,106.88744395124586,5.897935554025588,A_placebo,SPY
recession,2025-04-28,2025-04-29,overnight,-0.5,-36.84611754456224,own,11.534322993887988,5.70708112940789,5.70708112940789,82.79933631304411,68,42,-5.767161496943994,-111.94579008911252,100.41146709522452,5.943582120931228,A_placebo,SPY
recession,2025-04-29,2025-04-30,overnight,-2.5,-118.56209622117086,own,11.56427861417485,5.708010454057538,5.708010454057538,82.27458977182532,69,43,-28.910696535437125,-135.9280704203556,78.10667734948133,5.747299094942726,A_placebo,SPY
recession,2025-04-30,2025-05-01,overnight,4.5,108.59565256606808,own,11.991190041249773,5.704332174214927,5.704332174214927,82.37780082568582,70,44,53.96035518562398,-56.62193495678849,164.54264532803646,5.179676285280107,A_placebo,SPY
recession,2025-05-01,2025-05-02,overnight,-0.5,112.27303656483834,own,12.442100335998967,5.534734665312837,5.534734665312837,82.0379004912724,71,45,-6.221050167999484,-111.42062576584688,98.97852542984792,5.649748904738234,A_placebo,SPY
recession,2025-05-02,2025-05-05,weekend,4.000000000000007,-71.47647453319638,own,12.333489807371251,5.515100659725371,5.515100659725371,82.66252552252114,72,46,49.33395922948509,-60.31405128578396,158.98196974475414,6.132207219942306,A_placebo,SPY
recession,2025-05-05,2025-05-06,overnight,-0.0,-99.37359146806824,own,11.472863386978148,5.280471687337163,5.280471687337163,83.27738807329806,73,47,-0.0,-106.7283005547388,106.7283005547388,5.782618563396636,A_placebo,SPY
recession,2025-05-06,2025-05-07,overnight,1.0,24.15891195418851,own,11.472863386978148,5.280471687337163,5.280471687337163,83.518843162325,74,47,11.472863386978148,-95.7786084419702,118.7243352159265,5.311066052044776,A_placebo,SPY
recession,2025-05-07,2025-05-08,overnight,-0.0,71.4502075797796,own,11.495416362208744,5.271899328603284,5.271899328603284,82.9656915930316,75,48,-0.0,-106.3288303456293,106.3288303456293,5.395208221250775,A_placebo,SPY
recession,2025-05-08,2025-05-09,overnight,-0.0,27.614529490902484,own,11.495416362208744,5.271899328603284,5.271899328603284,82.82268407426685,76,48,-0.0,-106.14555190958039,106.14555190958039,5.688785996177571,A_placebo,SPY
recession,2025-05-12,2025-05-13,overnight,-1.5,9.779699402923114,own,11.495416362208744,5.271899328603284,5.271899328603284,82.33694708762123,77,48,-17.243124543313115,-123.25171986692649,88.76547078030026,5.785802560313521,A_placebo,SPY
recession,2025-05-13,2025-05-14,overnight,-0.0,17.04129104820984,own,11.42364259342724,5.239052889876418,5.239052889876418,81.85826051764862,78,49,-0.0,-104.90954667941847,104.90954667941847,5.803396819532066,A_placebo,SPY
recession,2025-05-14,2025-05-15,overnight,-0.5,-34.03907686023611,own,11.42364259342724,5.239052889876418,5.239052889876418,81.35472078667581,79,49,-5.71182129671362,-110.03006616342883,98.60642357000158,5.852685829306968,A_placebo,SPY
recession,2025-05-15,2025-05-16,overnight,0.5,14.227401297404183,own,11.44871096118257,5.239178264477745,5.239178264477745,80.90095090289469,80,50,5.724355480591285,-98.0126434230903,109.46135438427287,5.678485992234728,A_placebo,SPY
recession,2025-05-16,2025-05-19,weekend,-1.5,-104.1579027074313,own,11.456232452396026,5.237268917955463,5.237268917955463,80.39934814045324,81,51,-17.18434867859404,-120.71486825472647,86.3461708975384,5.7156551892137255,A_placebo,SPY
recession,2025-05-19,2025-05-20,overnight,-1.5,-31.095572662790396,own,11.686118498287227,5.2446799953676875,5.2446799953676875,80.48148491956734,82,52,-17.52917774743084,-121.16585044769212,86.10749495283045,5.240012081436041,A_placebo,SPY
recession,2025-05-20,2025-05-21,overnight,-0.0,-74.05158308452675,own,11.721835202759433,5.224406713483288,5.224406713483288,80.0032120433043,83,53,-0.0,-102.5321165546988,102.5321165546988,5.083393181676445,A_placebo,SPY
recession,2025-05-21,2025-05-22,overnight,-1.0,-5.146150679292694,own,11.721835202759433,5.224406713483288,5.224406713483288,79.93414305942392,84,53,-11.721835202759433,-114.38400824387249,90.94033783835361,4.743758090405186,A_placebo,SPY
recession,2025-05-22,2025-05-23,overnight,-2.0,-120.92002126820157,own,11.710314073502373,5.21204892694605,5.21204892694605,79.46015351218571,85,54,-23.420628147004745,-126.12931720545149,79.28806091144199,4.701493523013315,A_placebo,SPY
recession,2025-05-27,2025-05-28,overnight,-0.0,8.459378066525414,own,12.049589908634855,5.223332030586338,5.223332030586338,79.69123628561894,86,55,-0.0,-102.13228842364924,102.13228842364924,4.16693388560389,A_placebo,SPY
recession,2025-05-28,2025-05-29,overnight,2.0,91.03129094281128,own,12.049589908634855,5.223332030586338,5.223332030586338,79.23181164912089,87,55,24.09917981726971,-78.32313597928905,126.52149561382848,4.185122208404405,A_placebo,SPY
recession,2025-05-29,2025-05-30,overnight,-0.0,-18.13559322033975,own,12.280888780774953,5.217184635344928,5.217184635344928,79.09905203781523,88,56,-0.0,-101.373345091664,101.373345091664,4.551561738929328,A_placebo,SPY
recession,2025-05-30,2025-06-02,weekend,5.0,-29.00910987836625,own,12.280888780774953,5.217184635344928,5.217184635344928,78.67209874456046,89,56,61.404443903874764,-44.819822336567896,167.62871014431744,4.456237558428197,A_placebo,SPY
recession,2025-06-02,2025-06-03,overnight,-1.0,-5.2307432717446645,own,11.532122289824716,4.929599818646853,4.929599818646853,78.7896103448024,90,57,-11.532122289824716,-112.70633479113934,89.64209021148991,4.316215184215668,A_placebo,SPY
recession,2025-06-03,2025-06-04,overnight,1.4999999999999964,14.25911325090956,own,11.52170248160962,4.918925969215573,4.918925969215573,78.35347839302804,91,58,17.282553722414388,-83.57951446626792,118.1446219110967,4.276436190649167,A_placebo,SPY
recession,2025-06-04,2025-06-05,overnight,0.5,29.031716730996138,own,11.514231047166032,4.896759092596669,4.896759092596669,77.92241768410122,92,59,5.757115523583016,-94.15753948760317,105.6717705347692,4.31785808716477,A_placebo,SPY
recession,2025-06-05,2025-06-06,overnight,-0.0,95.44688026981385,own,11.533394983936237,4.8964747342232275,4.8964747342232275,77.53573322211733,93,60,-0.0,-99.36979569746558,99.36979569746558,4.419981469990519,A_placebo,SPY
recession,2025-06-06,2025-06-09,weekend,-0.0,11.518621771864357,own,11.533394983936237,4.8964747342232275,4.8964747342232275,77.75027436054656,94,60,-0.0,-99.64475162047647,99.64475162047647,4.794577761347817,A_placebo,SPY
recession,2025-06-09,2025-06-10,overnight,0.5,11.008072586564666,own,11.533394983936237,4.8964747342232275,4.8964747342232275,77.34472838350915,95,60,5.766697491968118,-93.40795306982754,104.94134805376378,4.822135318767967,A_placebo,SPY
recession,2025-06-10,2025-06-11,overnight,-0.0,18.73777070275029,own,11.537708872902982,4.894575561026739,4.894575561026739,76.93845247148049,96,61,-0.0,-98.6043206874494,98.6043206874494,4.847384042309994,A_placebo,SPY
recession,2025-06-11,2025-06-12,overnight,-1.0,-23.112736947122904,own,11.537708872902982,4.894575561026739,4.894575561026739,76.56057130754405,97,61,-11.537708872902982,-109.85804784666024,86.78263010085428,4.903849028734548,A_placebo,SPY
recession,2025-06-13,2025-06-16,weekend,-0.0,57.793785074125026,own,11.556731104742294,4.887221972801482,4.887221972801482,76.17395885017258,98,62,-0.0,-97.62454566238118,97.62454566238118,4.790421555148081,A_placebo,SPY
recession,2025-06-16,2025-06-17,overnight,-3.999999999999997,-41.47931841184005,own,11.556731104742294,4.887221972801482,4.887221972801482,76.00885463074717,99,62,-46.22692441896914,-146.8101143311656,54.35626549322732,5.004144795143955,A_placebo,SPY
recession,2025-06-17,2025-06-18,overnight,1.499999999999993,14.894151117061938,own,11.526322099092146,4.738164816411304,4.738164816411304,75.62546392185189,100,63,17.289483148638137,-80.05918382559824,114.63815012287452,4.8174642200155064,A_placebo,SPY
recession,2025-06-18,2025-06-20,holiday,-0.9999999999999928,15.39852040303824,own,11.520589353902894,4.717779494120663,4.717779494120663,75.24676641317791,101,64,-11.52058935390281,-108.14620323634355,85.10502452853794,4.857770967603692,A_placebo,SPY
recession,2025-06-24,2025-06-25,overnight,0.5,18.78800863589047,own,11.477707458630984,4.70494855987623,4.70494855987623,74.92115127143731,102,65,5.738853729315492,-90.32741549305258,101.80512295168357,4.899765985274746,A_placebo,SPY
recession,2025-06-25,2025-06-26,overnight,-0.5000000000000036,31.46208078012691,own,11.488096913174438,4.703810095577486,4.703810095577486,74.56417701291585,103,66,-5.74404845658726,-101.35302290649275,89.86492599331822,4.954878059285126,A_placebo,SPY
recession,2025-06-26,2025-06-27,overnight,-2.0,16.179378646488107,own,11.458485986603236,4.698805028521379,4.698805028521379,74.29180380170071,104,67,-22.916971973206472,-118.88808158203025,73.05413763561731,5.059649611541418,A_placebo,SPY
recession,2025-06-27,2025-06-30,weekend,3.5,40.98493966106176,own,11.334812279621204,4.6542076569983255,4.6542076569983255,74.03246960455459,105,68,39.67184297867421,-57.477847746694756,136.8215337040432,5.103428072308924,A_placebo,SPY
recession,2025-06-30,2025-07-01,overnight,1.0,-24.60024600245969,own,11.341943138253255,4.552571885411283,4.552571885411283,73.67919996260176,106,69,11.341943138253255,-83.26540443231134,105.94929070881786,5.244139882460896,A_placebo,SPY
recession,2025-07-01,2025-07-02,overnight,-2.0,-5.181682751472794,own,11.286261977694444,4.539844593538615,4.539844593538615,73.41375461749304,107,70,-22.57252395538889,-117.37645410568942,72.23140619491164,5.127560250097925,A_placebo,SPY
recession,2025-07-02,2025-07-03,overnight,6.0,33.36664624907337,own,11.232710503625418,4.503335062798978,4.503335062798978,73.08911419344933,108,71,67.3962630217525,-32.47072254924831,167.2632485927533,5.087446464099595,A_placebo,SPY
recession,2025-07-03,2025-07-07,holiday,-1.0,-31.66277545015528,own,10.934858278043981,4.22217891852368,4.22217891852368,72.8197414020183,109,72,-10.934858278043981,-104.41737967023742,82.54766311414947,5.197055765591742,A_placebo,SPY
recession,2025-07-07,2025-07-08,overnight,1.0,9.18199684268206,own,10.96505189373533,4.217423205606064,4.217423205606064,72.51208139692555,110,73,10.96505189373533,-82.12348225455587,104.05358604202654,5.054739814951791,A_placebo,SPY
recession,2025-07-08,2025-07-09,overnight,2.5,39.65759055955864,own,10.962458359115615,4.210256773242772,4.210256773242772,72.18192842640204,111,74,27.406145897789038,-66.08057814293454,120.89286993851263,5.070613880443062,A_placebo,SPY
recession,2025-07-09,2025-07-10,overnight,1.0,2.884522931958511,own,11.006607709248119,4.1704989571711515,4.1704989571711515,71.86537292906732,112,75,11.006607709248119,-81.2510121173665,103.26422753586273,5.203131032470325,A_placebo,SPY
recession,2025-07-10,2025-07-11,overnight,-0.5,-49.53342707401332,own,10.994917051058424,4.162861384249759,4.162861384249759,71.54793635467276,113,76,-5.497458525529212,-97.23208712170279,86.23717007064437,5.19428138323173,A_placebo,SPY
recession,2025-07-14,2025-07-15,overnight,0.5,44.49851138073502,own,11.026597603971004,4.163540844098822,4.163540844098822,71.3509632436276,114,77,5.513298801985502,-85.96900880039125,96.99560640436225,4.986191237006464,A_placebo,SPY
recession,2025-07-15,2025-07-16,overnight,-0.0,26.039992284447862,own,11.054634434304516,4.1639620314903105,4.1639620314903105,71.13107343375624,115,78,-0.0,-91.16158371270201,91.16158371270201,5.13585911633877,A_placebo,SPY
recession,2025-07-16,2025-07-17,overnight,0.5,3.5246243070918837,own,11.054634434304516,4.1639620314903105,4.1639620314903105,70.86274893683436,116,78,5.527317217152258,-85.32957083512834,96.38420526943285,5.21474263772786,A_placebo,SPY
recession,2025-07-17,2025-07-18,overnight,-0.0,21.01977769992658,own,11.053194683829993,4.16215588888974,4.16215588888974,70.55688985082921,117,79,-0.0,-90.42571003282272,90.42571003282272,5.208388809417199,A_placebo,SPY
recession,2025-07-18,2025-07-21,weekend,-0.0,18.961725995090273,own,11.053194683829993,4.16215588888974,4.16215588888974,70.28158850484995,118,79,-0.0,-90.0728838278157,90.0728838278157,5.26760749440038,A_placebo,SPY
recession,2025-07-21,2025-07-22,overnight,-1.5,5.56660039761514,own,11.053194683829993,4.16215588888974,4.16215588888974,70.00491774107091,119,79,-16.57979202574499,-106.65417836696857,73.49459431547858,5.318704951492506,A_placebo,SPY
recession,2025-07-22,2025-07-23,overnight,-0.0,43.25493376588163,own,11.00558509782492,4.143772792645162,4.143772792645162,69.73961927287442,120,80,-0.0,-89.37829606011586,89.37829606011586,5.319626495901884,A_placebo,SPY
recession,2025-07-23,2025-07-24,overnight,1.0,6.938312097894972,own,11.00558509782492,4.143772792645162,4.143772792645162,69.56059195393506,121,80,11.00558509782492,-78.30130929636661,100.31247949201645,5.460127633938846,A_placebo,SPY
recession,2025-07-24,2025-07-25,overnight,-0.0,10.40303894834782,own,10.999764313567416,4.136632455651689,4.136632455651689,69.27354052211486,122,81,-0.0,-88.78096953314241,88.78096953314241,5.465582189156397,A_placebo,SPY
recession,2025-07-25,2025-07-28,weekend,1.0,7.06403152127999,own,10.999764313567416,4.136632455651689,4.136632455651689,68.99547719865296,123,81,10.999764313567416,-77.5836229924575,99.58315161959233,5.4837346037122465,A_placebo,SPY
recession,2025-07-28,2025-07-29,overnight,-1.0,22.451799284055607,own,10.994139829405519,4.129530806871229,4.129530806871229,68.71535043875468,124,82,-10.994139829405519,-99.21861636779306,77.23033670898204,5.489523237109931,A_placebo,SPY
recession,2025-07-29,2025-07-30,overnight,-0.0,10.704615578362995,own,10.946411054359553,4.119824615347294,4.119824615347294,68.5034940819329,125,83,-0.0,-87.7940780154052,87.7940780154052,5.551429354069587,A_placebo,SPY
recession,2025-07-30,2025-07-31,overnight,2.0,78.2518242998309,own,10.946411054359553,4.119824615347294,4.119824615347294,68.23564744456809,126,83,21.892822108719106,-66.19324741770771,109.97889163514591,5.570168213067017,A_placebo,SPY
recession,2025-07-31,2025-08-01,overnight,-2.0,-89.71944870800996,own,11.1063514649764,4.107679764510725,4.107679764510725,68.14848731487392,127,84,-22.2127029299528,-110.18414348478863,65.75873762488304,5.833507546714712,A_placebo,SPY
recession,2025-08-01,2025-08-04,weekend,0.5,63.69529201717627,own,11.296846691157867,4.100171757701599,4.100171757701599,68.14197187486945,128,85,5.648423345578934,-81.7218420529362,93.01868874409406,5.488551025939533,A_placebo,SPY
recession,2025-08-04,2025-08-05,overnight,-0.0,11.09192032831885,own,11.33778242364842,4.101960931869064,4.101960931869064,68.06883859967276,129,86,-0.0,-87.23702354934062,87.23702354934062,5.6979277920950615,A_placebo,SPY
recession,2025-08-05,2025-08-06,overnight,-0.0,16.719745222928406,own,11.33778242364842,4.101960931869064,4.101960931869064,67.8115251460687,130,86,-0.0,-86.90725062720165,86.90725062720165,5.7172610986765084,A_placebo,SPY
recession,2025-08-06,2025-08-07,overnight,0.9999999999999982,56.427521456683394,own,11.33778242364842,4.101960931869064,4.101960931869064,67.56612313876464,131,86,11.3377824236484,-75.4143935143127,98.08995836160952,5.75655568483455,A_placebo,SPY
recession,2025-08-07,2025-08-08,overnight,-0.0,27.834888502293875,own,11.401289098342833,4.100997976228595,4.100997976228595,67.42277179742435,132,87,-0.0,-86.40902433557905,86.40902433557905,5.936879406442554,A_placebo,SPY
recession,2025-08-08,2025-08-11,weekend,-0.0,5.02244404683605,own,11.401289098342833,4.100997976228595,4.100997976228595,67.2105765692044,133,87,-0.0,-86.13707493109237,86.13707493109237,6.014531920966848,A_placebo,SPY
recession,2025-08-11,2025-08-12,overnight,-0.5,38.689586839248946,own,11.401289098342833,4.100997976228595,4.100997976228595,66.95884475591245,134,87,-5.700644549171416,-91.55532830747136,80.15403920912853,6.011026310104195,A_placebo,SPY
recession,2025-08-12,2025-08-13,overnight,1.0,35.323042449892924,own,11.370039375436518,4.0969526701836445,4.0969526701836445,66.81862035819186,135,88,11.370039375436518,-74.42552419026883,97.16560294114187,6.1260916640800565,A_placebo,SPY
recession,2025-08-13,2025-08-14,overnight,-0.0,-32.40913038084603,own,11.403716708405879,4.0932702968093295,4.0932702968093295,66.60255223914558,136,89,-0.0,-85.35783094968897,85.35783094968897,6.228537105433786,A_placebo,SPY
recession,2025-08-14,2025-08-15,overnight,-1.0,16.28058424039347,own,11.403716708405879,4.0932702968093295,4.0932702968093295,66.41540655422342,137,89,-11.403716708405879,-96.68320552901272,73.87577211220096,6.0934403659712695,A_placebo,SPY
recession,2025-08-15,2025-08-18,weekend,-0.0,-9.014049484024069,own,11.364847911004967,4.083807673297478,4.083807673297478,66.21476842782832,138,90,-0.0,-84.86084721710478,84.86084721710478,6.128935640795041,A_placebo,SPY
recession,2025-08-18,2025-08-19,overnight,-0.5,-2.3318357765789166,own,11.364847911004967,4.083807673297478,4.083807673297478,65.9788857600704,139,90,-5.682423955502483,-90.28144801357784,78.91660010257287,6.0763558313338635,A_placebo,SPY
recession,2025-08-19,2025-08-20,overnight,-0.0,-5.783328383638375,own,11.362496621054845,4.081995267933816,4.081995267933816,65.74173728914069,140,91,-0.0,-84.25461050976271,84.25461050976271,6.047261742725168,A_placebo,SPY
recession,2025-08-20,2025-08-21,overnight,-0.0,-27.897062972134236,own,11.362496621054845,4.081995267933816,4.081995267933816,65.50834810032194,141,91,-0.0,-83.9554989253726,83.9554989253726,6.006466604358398,A_placebo,SPY
recession,2025-08-21,2025-08-22,overnight,1.0,34.29938009377187,own,11.362496621054845,4.081995267933816,4.081995267933816,65.31790019116949,142,91,11.362496621054845,-72.51223391984067,95.23722716195036,5.8899596298687324,A_placebo,SPY
recession,2025-08-22,2025-08-25,weekend,-0.0,-19.061788088707843,own,11.394643619615065,4.078203901367097,4.078203901367097,65.1159163225483,143,92,-0.0,-83.45255835897791,83.45255835897791,5.987252165704017,A_placebo,SPY
recession,2025-08-25,2025-08-26,overnight,-0.0,-4.202530857471132,own,11.394643619615064,4.078203901367098,4.078203901367098,64.90741523876109,144,92,-0.0,-83.18534336999622,83.18534336999622,5.901760560740154,A_placebo,SPY
recession,2025-08-26,2025-08-27,overnight,0.5,-8.68042100041766,own,11.394643619615064,4.078203901367098,4.078203901367098,64.68259771232654,145,92,5.697321809807532,-77.241077194003,88.63572081361806,5.867392222582973,A_placebo,SPY
recession,2025-08-27,2025-08-28,overnight,-0.5,9.588320806657167,own,11.384571645667446,4.075787042017443,4.075787042017443,64.47022212503809,146,93,-5.692285822833723,-88.35859092091347,76.97401927524602,5.8180776014880555,A_placebo,SPY
recession,2025-08-28,2025-08-29,overnight,-1.5,-21.883524172047196,own,11.373870940744833,4.073327193174865,4.073327193174865,64.26149481982459,147,94,-17.060806411117248,-99.78976611331984,65.66815329108533,5.830814909613627,A_placebo,SPY
recession,2025-08-29,2025-09-02,holiday,1.5,-116.89197569142996,own,11.383970873228456,4.0596358520236775,4.0596358520236775,64.04377670269973,148,95,17.075956309842685,-65.3727373072653,99.52464992695066,5.7375006366114025,A_placebo,SPY
recession,2025-09-02,2025-09-03,overnight,-0.0,36.54365717676633,own,11.1042883429544,4.034052715020741,4.034052715020741,64.76710815507604,149,96,-0.0,-83.00552581154547,83.00552581154547,5.32599232678576,A_placebo,SPY
recession,2025-09-03,2025-09-04,overnight,1.0,12.118575601267612,own,11.1042883429544,4.034052715020741,4.034052715020741,64.61879062106404,150,96,11.1042883429544,-71.87237571055883,94.08095239646764,5.430399232638537,A_placebo,SPY
recession,2025-09-04,2025-09-05,overnight,-0.0,38.36730920353082,own,11.105698054223772,4.02781641647292,4.02781641647292,64.40308763026808,151,97,-0.0,-82.53899710695157,82.53899710695157,5.452693153867301,A_placebo,SPY
recession,2025-09-05,2025-09-08,weekend,-0.0,21.785819131348028,own,11.105698054223772,4.02781641647292,4.02781641647292,64.26536999461801,152,97,-0.0,-82.36249818510245,82.36249818510245,5.5620440377532265,A_placebo,SPY
recession,2025-09-08,2025-09-09,overnight,-1.0,2.6202219482129863,own,11.105698054223772,4.02781641647292,4.02781641647292,64.07799147880269,153,97,-11.105698054223772,-93.39013012922993,71.1787340207824,5.615765147334666,A_placebo,SPY
recession,2025-09-09,2025-09-10,overnight,-0.0,50.58970061353474,own,11.086647505989996,4.020221924972371,4.020221924972371,63.877868873637325,154,98,-0.0,-81.8658767484536,81.8658767484536,5.605878866149447,A_placebo,SPY
recession,2025-09-10,2025-09-11,overnight,-3.0,29.97431867836964,own,11.086647505989996,4.020221924972371,4.020221924972371,63.800510113750725,155,98,-33.25994251796999,-116.47482117802633,49.95493614208635,5.753851964002688,A_placebo,SPY
recession,2025-09-11,2025-09-12,overnight,-0.5,-0.1520658140841124,own,10.826602566183253,3.956316478089943,3.956316478089943,63.794378583344,156,99,-5.413301283091626,-87.21147373032063,76.38487116413738,5.833263330279301,A_placebo,SPY
recession,2025-09-12,2025-09-15,weekend,1.0,33.76836725381027,own,10.82299774571802,3.954577655646711,3.954577655646711,63.59097539358543,157,100,10.82299774571802,-70.8326337344545,92.47862922589056,5.813703431114715,A_placebo,SPY
recession,2025-09-15,2025-09-16,overnight,-0.0,9.381856699703928,own,10.854397498722594,3.9505092319246513,3.9505092319246513,63.41454278435255,158,101,-0.0,-81.27207803242624,81.27207803242624,5.904760967996459,A_placebo,SPY
recession,2025-09-16,2025-09-17,overnight,0.9999999999999992,1.2122497840683089,own,10.854397498722594,3.9505092319246513,3.9505092319246513,63.2179515230237,159,101,10.854397498722586,-70.32376839458006,92.03256339202524,5.916050239852652,A_placebo,SPY
recession,2025-09-17,2025-09-18,overnight,-1.5,41.111684213721574,own,10.841220665494502,3.943664501121537,3.943664501121537,63.0234721340318,160,102,-16.261830998241752,-97.38772994640505,64.86406794992155,5.900827584655938,A_placebo,SPY
recession,2025-09-18,2025-09-19,overnight,0.5000000000000009,0.7549676873841449,own,10.723972337404659,3.92503085759459,3.92503085759459,62.989233115544174,161,103,5.361986168702339,-75.40418710399528,86.12815944139997,6.014410993136796,A_placebo,SPY
recession,2025-09-19,2025-09-22,weekend,1.5000000000000009,-21.69851124103395,own,10.720835109974411,3.923355739993517,3.923355739993517,62.79435902337273,162,104,16.081252664961625,-64.74865222121,96.91115755113324,5.99749959987071,A_placebo,SPY
recession,2025-09-22,2025-09-23,overnight,-0.0,-0.599916011757573,own,10.643890580634299,3.9064707880484937,3.9064707880484937,62.67036660136012,163,105,-0.0,-80.31834183630313,80.31834183630313,5.90873033435499,A_placebo,SPY
recession,2025-09-23,2025-09-24,overnight,-1.0,19.2994888650988,own,10.643890580634299,3.9064707880484937,3.9064707880484937,62.477848127899506,164,105,-10.643890580634299,-90.87186653683614,69.58408537556755,5.887935937083065,A_placebo,SPY
recession,2025-09-24,2025-09-25,overnight,-0.0,-46.89580055669662,own,10.603289388165507,3.8986111980233065,3.8986111980233065,62.33088710060137,165,106,-0.0,-79.88326490813073,79.88326490813073,5.930647889083115,A_placebo,SPY
recession,2025-09-25,2025-09-26,overnight,-0.0,23.710008359296708,own,10.603289388165507,3.8986111980233065,3.8986111980233065,62.24886962276657,166,106,-0.0,-79.77815130853764,79.77815130853764,5.762944878144132,A_placebo,SPY
recession,2025-09-26,2025-09-29,weekend,-0.0,39.440876463920915,own,10.603289388165507,3.8986111980233065,3.8986111980233065,62.08836767219967,167,106,-0.0,-79.5724520086911,79.5724520086911,5.819739382831323,A_placebo,SPY
recession,2025-09-29,2025-09-30,overnight,-0.0,-10.246982414371386,own,10.603289388165507,3.8986111980233065,3.8986111980233065,61.97738814867441,168,106,-0.0,-79.43022065134113,79.43022065134113,5.9257997521723,A_placebo,SPY
recession,2025-10-01,2025-10-02,overnight,-0.0,29.019760362598568,own,10.603289388165507,3.8986111980233065,3.8986111980233065,61.79771338704671,169,106,-0.0,-79.19994947683907,79.19994947683907,5.874941946617131,A_placebo,SPY
recession,2025-10-02,2025-10-03,overnight,-0.0,12.253986281514084,own,10.603289388165507,3.8986111980233065,3.8986111980233065,61.65503316239433,170,106,-0.0,-79.01709050092458,79.01709050092458,5.947496236322403,A_placebo,SPY
recession,2025-10-03,2025-10-06,weekend,1.0,36.462536238381915,own,10.603289388165507,3.8986111980233065,3.8986111980233065,61.48061131432089,171,106,10.603289388165507,-68.34852101155037,89.55509978788139,5.967204017713626,A_placebo,SPY
recession,2025-10-06,2025-10-07,overnight,1.0,14.145535222380712,own,10.638305294530053,3.894681895067183,3.894681895067183,61.332424747834246,172,107,10.638305294530053,-68.1236515086093,89.40026209766941,6.062205052668979,A_placebo,SPY
recession,2025-10-07,2025-10-08,overnight,0.5,16.738152526414307,own,10.643047998962574,3.8890315496228043,3.8890315496228043,61.15445683808603,173,108,5.321523999481287,-73.09363813580876,83.73668613477133,6.0873085625128045,A_placebo,SPY
recession,2025-10-08,2025-10-09,overnight,-0.5,6.8343560105188494,own,10.650764544097374,3.8879747152106714,3.8879747152106714,60.983629047323305,174,109,-5.325382272048687,-83.52170083111113,72.87093628701376,6.12028331162705,A_placebo,SPY
recession,2025-10-09,2025-10-10,overnight,1.0,14.30338066361836,own,10.64254850471726,3.8860761924732277,3.8860761924732277,60.81512073399188,175,110,10.64254850471726,-67.45707134399736,88.74216835343186,6.12248723971005,A_placebo,SPY
recession,2025-10-10,2025-10-13,weekend,1.0,115.44762750532068,own,10.647488898993778,3.8804628732181534,3.8804628732181534,60.64174488287765,176,111,10.647488898993778,-67.22992626566761,88.52490406365519,6.147659219475921,A_placebo,SPY
recession,2025-10-13,2025-10-14,overnight,-0.0,-88.6810949400496,own,10.788728977978046,3.8849394607081496,3.8849394607081496,60.982345666177615,177,112,-0.0,-78.15497420577323,78.15497420577323,6.482935195812868,A_placebo,SPY
recession,2025-10-14,2025-10-15,overnight,-0.0,69.76744186046434,own,10.788728977978046,3.8849394607081496,3.8849394607081496,61.17407401070147,178,112,-0.0,-78.400693252115,78.400693252115,6.191913696926439,A_placebo,SPY
recession,2025-10-15,2025-10-16,overnight,-0.0,26.162266193541228,own,10.788728977978046,3.8849394607081496,3.8849394607081496,61.225720413293764,179,112,-0.0,-78.4668832816773,78.4668832816773,6.385741526693323,A_placebo,SPY
recession,2025-10-16,2025-10-17,overnight,-0.5,-17.407099069097764,own,10.788728977978046,3.8849394607081496,3.8849394607081496,61.08576614255741,180,112,-5.394364488989023,-83.72145376237428,72.93272478439623,6.445852543917785,A_placebo,SPY
recession,2025-10-17,2025-10-20,weekend,-0.0,45.158959537572315,own,10.79682108614922,3.8839442447660604,3.8839442447660604,60.922424940013,181,113,-0.0,-78.07817980312066,78.07817980312066,6.373570872363193,A_placebo,SPY
recession,2025-10-20,2025-10-21,overnight,-0.0,2.532512997752701,own,10.79682108614922,3.8839442447660604,3.8839442447660604,60.84655396977406,182,113,-0.0,-77.98094356766244,77.98094356766244,6.490747273164429,A_placebo,SPY
recession,2025-10-21,2025-10-22,overnight,0.5,10.874908755047484,own,10.79682108614922,3.8839442447660604,3.8839442447660604,60.67945323409164,183,113,5.39841054307461,-72.40819254166846,83.20501362781766,6.47882488076861,A_placebo,SPY
recession,2025-10-22,2025-10-23,overnight,-0.0,4.9416732805229735,own,10.80050896373304,3.882691496129585,3.882691496129585,60.51478896541759,184,114,-0.0,-77.55575353807919,77.55575353807919,6.492026333844522,A_placebo,SPY
recession,2025-10-23,2025-10-24,overnight,-0.5,71.91459583401726,own,10.80050896373304,3.882691496129585,3.882691496129585,60.351222125725045,185,114,-5.40025448186652,-82.78638719838901,71.98587823465596,6.4873845582357745,A_placebo,SPY
recession,2025-10-24,2025-10-27,weekend,-0.5,82.99980800756224,own,10.74846261548943,3.8786277825610824,3.8786277825610824,60.45562394522425,186,115,-5.374231307744715,-82.89401281043862,72.14555019494918,6.682689666521691,A_placebo,SPY
recession,2025-10-27,2025-10-28,overnight,-0.0,27.292098426690004,own,10.688991525775226,3.874361839636879,3.874361839636879,60.63998287517454,187,116,-0.0,-77.71620205282369,77.71620205282369,6.909823947298597,A_placebo,SPY
recession,2025-10-28,2025-10-29,overnight,-0.0,25.328248275058307,own,10.688991525775226,3.874361839636879,3.874361839636879,60.51054877467941,188,116,-0.0,-77.55031930962913,77.55031930962913,6.970305473943675,A_placebo,SPY
recession,2025-10-29,2025-10-30,overnight,-0.0,-49.46893641786687,own,10.688991525775226,3.874361839636879,3.874361839636879,60.377666810142905,189,116,-0.0,-77.38001778387915,77.38001778387915,7.024618914183659,A_placebo,SPY
recession,2025-10-30,2025-10-31,overnight,1.1999999999999995,74.85844547393094,own,10.688991525775226,3.874361839636879,3.874361839636879,60.32513992267201,190,116,12.826789830930265,-64.71517755008232,90.36875721194285,6.857971258336903,A_placebo,SPY
recession,2025-10-31,2025-11-03,weekend,-0.1,53.95973547999144,own,10.788983448256019,3.8727870420304935,3.8727870420304935,60.333923287894436,191,117,-1.078898344825602,-78.40444738628253,76.24665069663132,7.057972653088649,A_placebo,SPY
recession,2025-11-03,2025-11-04,overnight,-0.1499999999999999,-105.9486353991368,own,10.781590254109359,3.8723166191169054,3.8723166191169054,60.30740828616022,192,118,-1.617238538116403,-78.91079780652403,75.67632073029124,7.195514479560505,A_placebo,SPY
recession,2025-11-04,2025-11-05,overnight,-0.1500000000000003,-5.478640704820181,own,10.802611459767261,3.873438895349566,3.873438895349566,60.619568433068004,193,119,-1.6203917189650925,-79.3139990399987,76.07321560206852,6.864683631961975,A_placebo,SPY
recession,2025-11-05,2025-11-06,overnight,0.1499999999999994,-15.35032693244287,own,10.803388815354444,3.8733522839255925,3.8733522839255925,60.46295677586847,194,120,1.6205083223031602,-75.8723945813916,79.11341122599794,6.828697263633164,A_placebo,SPY
recession,2025-11-06,2025-11-07,overnight,0.3500000000000005,-35.06102109629094,own,10.799969654235715,3.8730269821067393,3.8730269821067393,60.319230019443886,195,121,3.7799893789825054,-73.54465443012539,81.1046331880904,6.764223356086431,A_placebo,SPY
recession,2025-11-10,2025-11-11,overnight,-0.0,-20.25450222359226,own,10.781713377825174,3.871318080753886,3.871318080753886,60.228616627976166,196,122,-0.0,-77.18899507041426,77.18899507041426,6.642990763470844,A_placebo,SPY
recession,2025-11-11,2025-11-12,overnight,0.5000000000000009,27.676087274857153,own,10.781713377825174,3.871318080753886,3.871318080753886,60.092193868903806,197,122,5.390856688912597,-71.66324278960063,82.44495616742581,6.565252344433089,A_placebo,SPY
recession,2025-11-12,2025-11-13,overnight,0.3000000000000007,-41.41483616993291,own,10.79667211709268,3.87074027240485,3.87074027240485,59.960500135165724,198,123,3.2390016351278117,-73.62078477840242,80.09878804865804,6.626090485442957,A_placebo,SPY
recession,2025-11-13,2025-11-14,overnight,0.6499999999999995,-99.39588727196912,own,10.778690223160602,3.869238350333159,3.869238350333159,59.89301298624714,199,124,7.0061486450543855,-69.82038133088706,83.83267862099582,6.48804184562866,A_placebo,SPY
recession,2025-11-14,2025-11-17,weekend,-0.6000000000000005,-33.484634273382994,own,10.685906360286431,3.862803319332869,3.862803319332869,60.21632823761252,200,125,-6.411543816171864,-83.64193205053456,70.81884441819082,6.184649498586832,A_placebo,SPY
recession,2025-11-17,2025-11-18,overnight,-0.2999999999999998,-54.00411602998423,own,10.707687898342215,3.861946869728124,3.861946869728124,60.096082630581364,201,126,-3.2123063695026626,-80.24575756444413,73.82114482543882,6.0713086878097755,A_placebo,SPY
recession,2025-11-18,2025-11-19,overnight,0.1999999999999993,9.69491320023108,own,10.72811759844799,3.8625897654373054,3.8625897654373054,60.05334801369668,202,127,2.1456235196895905,-74.82511502223942,79.1163620616186,5.900153631633724,A_placebo,SPY
recession,2025-11-19,2025-11-20,overnight,0.2000000000000001,154.8328680298794,own,10.730141828395482,3.8624690961060932,3.8624690961060932,59.906871407758274,203,128,2.1460283656790975,-74.6370009275258,78.929057658884,5.910934198589967,A_placebo,SPY
recession,2025-11-20,2025-11-21,overnight,-0.2500000000000004,38.61891407291651,own,10.771080342179022,3.864721925001601,3.864721925001601,60.71236942767447,204,129,-2.6927700855447596,-80.51159496959576,75.12605479850623,6.332809365250842,A_placebo,SPY
recession,2025-11-21,2025-11-24,weekend,0.7999999999999998,55.078445058114326,own,10.7572358512111,3.863611255377969,3.863611255377969,60.632404458772776,205,130,8.605788680968878,-69.201603542552,86.41318090448976,6.424013050865717,A_placebo,SPY
recession,2025-11-24,2025-11-25,overnight,0.1499999999999999,-2.541866028707984,own,10.807030094853197,3.8630274921412258,3.8630274921412258,60.571292584829095,206,131,1.6210545142279784,-76.01066615151042,79.25277517996638,6.561067788914304,A_placebo,SPY
recession,2025-11-25,2025-11-26,overnight,0.2999999999999998,38.81423978904009,own,10.806193783584053,3.8628494474818837,3.8628494474818837,60.4247921330985,207,132,3.241858135075214,-74.21279597070848,80.69651224085892,6.535497750100759,A_placebo,SPY
recession,2025-11-26,2025-11-28,holiday,1.1,18.098082780335645,own,10.820484711235219,3.8631729126226575,3.8631729126226575,60.32934071661672,208,133,11.902533182358741,-65.60712093716859,89.41218730188606,6.625914394467536,A_placebo,SPY
recession,2025-11-28,2025-12-01,weekend,0.8,-67.0188325846155,own,10.82959633129087,3.8567077158754337,3.8567077158754337,60.18567418580663,209,134,8.663677065032697,-68.57157091390617,85.89892504397157,6.657959557556553,A_placebo,SPY
recession,2025-12-01,2025-12-02,overnight,-0.1500000000000001,24.255075190733333,own,10.748717076792001,3.849313091174453,3.849313091174453,60.269115128050956,210,135,-1.6123075615188014,-78.8567501053965,75.63213498235889,6.452731724291451,A_placebo,SPY
recession,2025-12-02,2025-12-03,overnight,0.4499999999999999,-13.353289898455634,own,10.743534063497087,3.848902463794722,3.848902463794722,60.15193640505443,211,136,4.834590328573688,-72.28808216841192,81.95726282555928,6.5021826783649,A_placebo,SPY
recession,2025-12-03,2025-12-04,overnight,-0.7,21.789678419443792,own,10.732604175436615,3.847155905726901,3.847155905726901,60.022284752549304,212,137,-7.51282292280563,-84.51476992352488,69.48912407791363,6.447181369287835,A_placebo,SPY
recession,2025-12-04,2025-12-05,overnight,0.6000000000000003,15.634132086499442,own,10.70523008126419,3.8429607725338566,3.8429607725338566,59.914342544310955,213,138,6.423138048758518,-70.4199248381778,83.26620093569484,6.489563957824178,A_placebo,SPY
recession,2025-12-05,2025-12-08,weekend,0.2000000000000001,13.709618610078245,own,10.712602095607313,3.841298466700187,3.841298466700187,59.77686331050145,214,139,2.1425204191214635,-74.47383444971777,78.7588752879607,6.514755605561575,A_placebo,SPY
recession,2025-12-08,2025-12-09,overnight,-0.2499999999999997,-7.021341953981075,own,10.715687837992816,3.841236336524555,3.841236336524555,59.64227559266843,215,140,-2.6789219594982008,-79.12636981677875,73.76852589778235,6.53452171271684,A_placebo,SPY
recession,2025-12-09,2025-12-10,overnight,0.4499999999999997,-7.173706170851002,own,10.71713574569662,3.8409563158256126,3.8409563158256126,59.50414787746999,216,141,4.822711085563475,-71.46997012239699,81.11539229352393,6.497382360205339,A_placebo,SPY
recession,2025-12-10,2025-12-11,overnight,0.5000000000000002,-33.74741803159553,own,10.709937679400785,3.839416084887263,3.839416084887263,59.37185673212665,217,142,5.354968839700395,-70.7757675457315,81.48570522513228,6.4600296593008135,A_placebo,SPY
recession,2025-12-11,2025-12-12,overnight,-0.0,-14.147965957818087,own,10.683877326460312,3.8366878141431666,3.8366878141431666,59.294323267160635,218,143,-0.0,-75.99160469919308,75.99160469919308,6.3504725811239835,A_placebo,SPY
recession,2025-12-12,2025-12-15,weekend,0.4,58.96849146276972,own,10.683877326460312,3.8366878141431666,3.8366878141431666,59.16593073418089,219,143,4.273550930584125,-71.57901003811874,80.12611189928698,6.294770302485555,A_placebo,SPY
recession,2025-12-15,2025-12-16,overnight,-0.0,-21.595416483032317,own,10.713032897699003,3.8374345896029283,3.8374345896029283,59.14625873742187,220,144,-0.0,-75.80184519787987,75.80184519787987,6.437517514302043,A_placebo,SPY
recession,2025-12-16,2025-12-17,overnight,0.7000000000000001,15.17249506525653,own,10.713032897699003,3.8374345896029283,3.8374345896029283,59.029640669672084,221,144,7.499123028389303,-68.23155435697187,83.22980041375048,6.3617528278227615,A_placebo,SPY
recession,2025-12-17,2025-12-18,overnight,0.05,93.84775808133573,own,10.720186342070166,3.8350243954717698,3.8350243954717698,58.89819836394529,222,145,0.5360093171035083,-74.94832173893842,76.02034037314543,6.3855014591905075,A_placebo,SPY
recession,2025-12-18,2025-12-19,overnight,-0.0,1.6260643330179292,own,10.726399834822951,3.8353501941952963,3.8353501941952963,59.098160851265945,223,146,-0.0,-75.74020294698244,75.74020294698244,6.62061505226079,A_placebo,SPY
recession,2025-12-19,2025-12-22,weekend,0.2999999999999999,49.22199856007392,own,10.72639983482295,3.835350194195296,3.835350194195296,58.96560542036774,224,146,3.2179199504468836,-72.36678578762731,78.80262568852108,6.6072248358553125,A_placebo,SPY
recession,2025-12-22,2025-12-23,overnight,-0.05,-12.70462477547918,own,10.744777697564322,3.8358779849493505,3.8358779849493505,58.91406902253492,225,147,-0.5372388848782161,-76.04190984725356,74.96743207749712,6.721168081107235,A_placebo,SPY
recession,2025-12-23,2025-12-24,overnight,0.0499999999999999,0.581471413412249,own,10.745587806182854,3.8359080189431007,3.8359080189431007,58.78859947060694,226,148,0.5372793903091416,-74.80659065450949,75.88114943512777,6.669365966823004,A_placebo,SPY
recession,2025-12-24,2025-12-26,holiday,0.05,3.766041889974314,own,10.745590748492724,3.8358938932959408,3.8358938932959408,58.65839207660613,227,149,0.5372795374246362,-74.63971759831936,75.71427667316864,6.653174757904358,A_placebo,SPY
recession,2025-12-26,2025-12-29,weekend,0.2499999999999999,-39.26113726910541,own,10.74580571913782,3.8358913545810838,3.8358913545810838,58.52943828229599,228,150,2.6864514297844537,-72.33494440411825,77.70784726368716,6.645516580535843,A_placebo,SPY
recession,2025-12-29,2025-12-30,overnight,-0.0,-5.742614561525805,own,10.73184255183019,3.8348001372386524,3.8348001372386524,58.46697417705595,229,151,-0.0,-74.93127410531491,74.93127410531491,6.524070406330443,A_placebo,SPY
recession,2025-12-30,2025-12-31,overnight,0.0499999999999999,2.911462427577227,own,10.73184255183019,3.8348001372386524,3.8348001372386524,58.34041156909924,230,151,0.5365921275915084,-74.23288314959782,75.30606740478083,6.4917044829324055,A_placebo,SPY
election,2024-06-14,2024-06-17,weekend,0.0,6.035426198758298,own,0.8452229546387567,4.993960412444538,4.993960412444538,64.2769965485427,53,20,0.0,-82.37739877661232,82.37739877661232,13.700136726783306,A_placebo,QQQ
election,2024-06-17,2024-06-18,overnight,0.0,-0.8246572518300077,own,0.8452229546387567,4.993960412444538,4.993960412444538,63.6731194142768,54,20,0.0,-81.60346984133714,81.60346984133714,13.55819764293099,A_placebo,QQQ
election,2024-06-18,2024-06-20,holiday,0.0,24.524452321579293,own,0.8452229546387567,4.993960412444538,4.993960412444538,63.080898274542974,55,20,0.0,-80.84447922865428,80.84447922865428,13.296691190298972,A_placebo,QQQ
election,2024-06-20,2024-06-21,overnight,0.0,-3.946985749303522,own,0.8452229546387569,4.993960412444538,4.993960412444538,62.592220548611074,56,20,0.0,-80.21818985509995,80.21818985509995,13.49718692478612,A_placebo,QQQ
election,2024-06-21,2024-06-24,weekend,1.0,-39.16177144523636,own,0.8452229546387569,4.993960412444538,4.993960412444538,62.033086321913956,57,20,0.8452229546387569,-78.91359017432761,80.60403608360512,13.191148807696829,A_placebo,QQQ
election,2024-06-24,2024-06-25,overnight,0.0,45.57827435589079,own,0.07953885129186385,4.94501971989689,4.94501971989689,61.710094656613954,58,21,0.0,-79.08765731191644,79.08765731191644,12.288512251611774,A_placebo,QQQ
election,2024-06-25,2024-06-26,overnight,0.0,-16.89753004005312,own,0.07953885129186385,4.94501971989689,4.94501971989689,61.46783833806651,59,21,0.0,-78.77718161406604,78.77718161406604,12.852745507616504,A_placebo,QQQ
election,2024-06-26,2024-06-27,overnight,0.0,-5.620433397863778,own,0.07953885129186385,4.94501971989689,4.94501971989689,60.984388835791535,60,21,0.0,-78.15759273195043,78.15759273195043,12.35690758182201,A_placebo,QQQ
election,2024-06-27,2024-06-28,overnight,6.0,17.442947027432876,own,0.07953885129186385,4.94501971989689,4.94501971989689,60.47840309984021,61,21,0.4772331077511831,-85.85689418213461,86.81136039763699,12.062197073958309,A_placebo,QQQ
election,2024-06-28,2024-07-01,weekend,1.0,22.13036034907523,own,1.2330151517801382,3.1050569787229283,3.1050569787229283,60.00391416818079,62,22,1.2330151517801382,-75.77089561838311,78.23692592194338,12.14898336353048,A_placebo,QQQ
election,2024-07-01,2024-07-02,overnight,4.0,-31.746690459393268,own,1.467159075559355,3.024107862627205,3.024107862627205,59.57652421067253,63,23,5.86863630223742,-72.04258724066861,83.77985984514345,12.307417918856586,A_placebo,QQQ
election,2024-07-02,2024-07-03,overnight,-3.0,-16.221432824786717,own,0.037597963478378287,3.172473702480051,3.172473702480051,59.2627024585485,64,24,-0.11279389043513485,-77.03708222029333,76.81149443942307,11.61907247544643,A_placebo,QQQ
election,2024-07-03,2024-07-05,holiday,-0.5,17.310198761810724,own,0.4605819179908927,2.867325066352512,2.867325066352512,58.829643493738146,65,25,-0.23029095899544635,-75.64874698806983,75.18816507007895,11.190757009288998,A_placebo,QQQ
election,2024-07-05,2024-07-08,weekend,0.0,6.045583701106416,own,0.3839858930092063,2.870145695685153,2.870145695685153,58.41579370791537,66,26,0.0,-74.86568121606435,74.86568121606435,11.283475823721146,A_placebo,QQQ
election,2024-07-08,2024-07-09,overnight,2.0,29.352043585773036,own,0.3839858930092063,2.870145695685153,2.870145695685153,57.97633675154175,67,26,0.7679717860184126,-73.89781288752913,75.43375645956594,11.205298329353761,A_placebo,QQQ
election,2024-07-09,2024-07-10,overnight,0.0,38.973823251702285,own,0.8664174845662466,2.7608000619134296,2.7608000619134296,57.6443471188231,68,27,0.0,-73.8769952674837,73.8769952674837,11.472162230183457,A_placebo,QQQ
election,2024-07-10,2024-07-11,overnight,-1.0,2.187052648321419,own,0.8664174845662466,2.7608000619134296,2.7608000619134296,57.41378440085118,69,27,-0.8664174845662466,-74.53294441583023,72.80010944669775,11.870737027596771,A_placebo,QQQ
election,2024-07-11,2024-07-12,overnight,-2.0,12.197353174361323,own,0.8408654332450108,2.7374618259769736,2.7374618259769736,56.99739952431743,70,28,-1.6817308664900217,-75.06581943250825,71.70235769952819,11.732398679321411,A_placebo,QQQ
election,2024-07-15,2024-07-16,overnight,0.0,28.819605393095586,own,0.6161029386563249,2.66770056604605,2.66770056604605,56.6123327179311,71,29,0.0,-72.55436561130051,72.55436561130051,11.738947334181127,A_placebo,QQQ
election,2024-07-16,2024-07-17,overnight,-1.0,-163.18143357911373,own,0.6161029386563249,2.66770056604605,2.66770056604605,56.31619794987752,72,29,-0.6161029386563249,-72.8718741640309,71.63966828671825,11.976178696110496,A_placebo,QQQ
election,2024-07-17,2024-07-18,overnight,-3.0,77.41801577417995,own,1.9218485662905216,2.912445074375909,2.912445074375909,59.0894710628589,73,30,-5.7655456988715645,-82.31802104169037,70.78692964394725,9.576759349874548,A_placebo,QQQ
election,2024-07-18,2024-07-19,overnight,-2.5,-7.924426000458507,own,0.05255505004217204,3.3567280793242213,3.3567280793242213,59.431754799978556,74,31,-0.13138762510543012,-77.05468219429294,76.79190694408207,10.493533085338134,A_placebo,QQQ
election,2024-07-22,2024-07-23,overnight,2.0,-19.074077913461274,own,0.19196539664956166,3.193049429538703,3.193049429538703,59.03546338108248,75,32,0.38393079329912333,-75.71730233281708,76.48516391941534,10.247960297527513,A_placebo,QQQ
election,2024-07-23,2024-07-24,overnight,-1.0,-141.48391660771532,own,-0.0787547244879744,3.1202561124557118,3.1202561124557118,58.68240372987455,76,33,0.0787547244879744,-75.23485399141018,75.39236344038613,9.862144005277662,A_placebo,QQQ
election,2024-07-24,2024-07-25,overnight,-1.0,8.417326743359599,own,0.8992257337655893,3.230303541420107,3.230303541420107,60.49938912830225,77,34,-0.8992257337655893,-78.54568858242034,76.74723711488916,7.896610750563466,A_placebo,QQQ
election,2024-07-25,2024-07-26,overnight,-2.0,96.0174577195838,own,0.8353042759465487,3.207465096921154,3.207465096921154,60.11456433449048,78,35,-1.6706085518930973,-79.15085108875797,75.80963398497178,7.903286596624955,A_placebo,QQQ
election,2024-07-26,2024-07-29,weekend,1.0,58.531317494598945,own,-0.4693777443736776,3.412739340007302,3.412739340007302,60.71662211044518,79,36,-0.4693777443736776,-78.4066233092093,77.46786782046195,9.018655851345954,A_placebo,QQQ
election,2024-07-29,2024-07-30,overnight,-1.5,43.33390824422301,own,-0.07799668142858575,3.3983488831276194,3.3983488831276194,60.6927966784068,80,37,0.11699502214287863,-77.94076033741439,78.17475038170014,9.637564121886616,A_placebo,QQQ
election,2024-07-30,2024-07-31,overnight,1.0,229.3497748043194,own,-0.5016919090960382,3.3861578995695885,3.3861578995695885,60.502671977327005,81,38,-0.5016919090960382,-78.16326153483315,77.15987771664108,10.053568370310522,A_placebo,QQQ
election,2024-07-31,2024-08-01,overnight,-2.999999999999986,15.285326086955653,own,0.9908500825495172,3.66575114527106,3.66575114527106,65.29463130862582,82,39,-2.9725502476485377,-87.83274812351387,81.88764762821678,12.72791235121307,A_placebo,QQQ
election,2024-08-01,2024-08-02,overnight,1.0,-191.21997911590748,own,0.6548155487837972,3.4690481726797717,3.4690481726797717,64.92485743980183,83,40,0.6548155487837972,-82.67157403871747,83.98120513628507,12.758724564896713,A_placebo,QQQ
election,2024-08-02,2024-08-05,weekend,0.0,-534.8666176372263,own,-0.5151527113667604,3.651071012194383,3.651071012194383,67.86244882479978,84,41,-0.0,-86.97251441386341,86.97251441386341,10.33040666393476,A_placebo,QQQ
election,2024-08-05,2024-08-06,overnight,-1.0,33.96442914515241,own,-0.5151527113667604,3.651071012194383,3.651071012194383,89.19769318125864,85,41,0.5151527113667604,-113.89633636981144,114.92664179254497,3.9163240250975697,A_placebo,QQQ
election,2024-08-06,2024-08-07,overnight,-0.5,156.73339399453923,own,-0.7178755988442493,3.6393968565082044,3.6393968565082044,88.74519138881035,86,42,0.35893779942212467,-113.40080680315572,114.11868240199996,4.265720596260998,A_placebo,QQQ
election,2024-08-07,2024-08-08,overnight,-2.0,143.27438309224226,own,-1.1910207007961926,3.682249264341253,3.682249264341253,89.82225608534156,87,43,2.382041401592385,-113.12043723744047,117.88452004062525,6.018222589344656,A_placebo,QQQ
election,2024-08-08,2024-08-09,overnight,-0.5500000000000043,-32.574743418116725,own,-2.855922818263253,4.058868466419472,4.058868466419472,90.5432359553058,88,44,1.5707575500448012,-114.50471799675562,117.64623309684522,7.5779516859684914,A_placebo,QQQ
election,2024-08-09,2024-08-12,weekend,-3.1499999999999986,19.08862894812735,own,-2.7451605143603968,4.044988462049579,4.044988462049579,90.10073808716282,89,45,8.647255620235246,-107.9747831021301,125.26929434260059,7.1267978083945005,A_placebo,QQQ
election,2024-08-12,2024-08-13,overnight,-0.0499999999999971,96.1282891822446,own,-2.928419051665649,3.8257472990289467,3.8257472990289467,89.5995823615163,90,46,0.14642095258327395,-114.68466549281875,114.97750739798529,7.259707043280422,A_placebo,QQQ
election,2024-08-13,2024-08-14,overnight,-0.0500000000000042,19.671422395157737,own,-2.955158299824793,3.8274962701735795,3.8274962701735795,89.67298428100858,91,47,0.14775791499125207,-114.77740045535192,115.07291628533441,8.236284868983326,A_placebo,QQQ
election,2024-08-14,2024-08-15,overnight,-0.3999999999999986,128.56247704241542,own,-2.960597252488089,3.827794190527798,3.827794190527798,89.2023959943385,92,48,1.1842389009952314,-113.15439138084646,115.52286918283691,8.360579842093916,A_placebo,QQQ
election,2024-08-15,2024-08-16,overnight,-0.2000000000000028,-39.41073573731857,own,-3.244227263936363,3.8538674347443136,3.8538674347443136,89.70385469205686,93,49,0.6488454527872817,-114.31985854017442,115.61754944574899,9.653073360376943,A_placebo,QQQ
election,2024-08-16,2024-08-19,weekend,2.25,3.1577617784517287,own,-3.199637347206503,3.850084111723899,3.850084111723899,89.3169007765737,94,50,-7.1991840312146325,-122.20485058166459,107.80648251923533,9.131117944444014,A_placebo,QQQ
election,2024-08-19,2024-08-20,overnight,1.3500000000000014,-18.90869800107997,own,-3.0734989217129143,3.732740073537493,3.732740073537493,88.8467867203247,95,51,-4.149223544312439,-118.19826703654141,109.89981994791654,9.068240511117779,A_placebo,QQQ
election,2024-08-20,2024-08-21,overnight,1.7000000000000028,17.700957934194683,own,-3.180299717771319,3.7028558554159297,3.7028558554159297,88.3907804217562,96,52,-5.406509520211252,-118.97503821946685,108.16201917904436,8.776814068282386,A_placebo,QQQ
election,2024-08-21,2024-08-22,overnight,0.5,47.87267112925653,own,-2.9729539381799106,3.636488425491132,3.636488425491132,87.96034653408705,97,53,-1.4864769690899553,-114.24053914603161,111.26758520785171,8.86881555143612,A_placebo,QQQ
election,2024-08-22,2024-08-23,overnight,-0.2000000000000028,92.87534486026594,own,-2.842859454380468,3.6261310075041977,3.6261310075041977,87.64897661228994,98,54,0.5685718908761016,-111.76620170231399,112.9033454840662,9.26681407774041,A_placebo,QQQ
election,2024-08-23,2024-08-26,weekend,-1.0500000000000045,-11.874505228948172,own,-2.9401550595024912,3.632325075183834,3.632325075183834,87.69764994303135,99,55,3.087162812477629,-109.4123827360261,115.58670836098136,10.111344691705314,A_placebo,QQQ
election,2024-08-26,2024-08-27,overnight,0.4999999999999929,-34.50234573874944,own,-2.857839328651958,3.606467578012142,3.606467578012142,87.26648976143005,100,56,-1.4289196643259587,-113.29352735641355,110.43568802776163,9.89148619249878,A_placebo,QQQ
election,2024-08-27,2024-08-28,overnight,-0.29999999999999,-11.324790805946616,own,-2.9443748041930378,3.607592493272106,3.607592493272106,86.89194460897221,101,57,0.8833124412578819,-110.48604157870813,112.2526664612239,9.451943302090381,A_placebo,QQQ
election,2024-08-28,2024-08-29,overnight,0.0499999999999971,42.4376167034457,own,-2.925218578110468,3.60473539667151,3.60473539667151,86.46924545810003,102,58,-0.14626092890551493,-110.96548664739498,110.67296478958394,9.24824983044296,A_placebo,QQQ
election,2024-08-29,2024-08-30,overnight,-0.3999999999999915,92.6319367723294,own,-2.914082044392086,3.604051917123419,3.604051917123419,86.14757825177016,103,59,1.1656328177568096,-109.25656139087182,111.58782702638545,9.570476693287647,A_placebo,QQQ
election,2024-08-30,2024-09-03,holiday,1.499999999999993,-66.96194294590563,own,-3.1052841430690044,3.617497220253871,3.617497220253871,86.20040004419012,104,60,-4.657926214603484,-115.35102556345322,106.03517313424626,10.369144578663045,A_placebo,QQQ
election,2024-09-03,2024-09-04,overnight,0.5,-68.6384895201797,own,-3.5880115454292985,3.6376335820470995,3.6376335820470995,85.9997260951475,105,61,-1.7940057727146492,-112.03590120986458,108.44788966443527,9.63265803081001,A_placebo,QQQ
election,2024-09-04,2024-09-05,overnight,0.5,-35.821284355868066,own,-3.7604244516647,3.6490278581541795,3.6490278581541795,85.8371394244113,106,62,-1.88021222583235,-111.91393817796742,108.15351372630272,8.894250978442182,A_placebo,QQQ
election,2024-09-05,2024-09-06,overnight,0.1999999999999957,-17.565164592098228,own,-3.8478563736895217,3.6515488602917237,3.6515488602917237,85.49478829918395,107,63,-0.7695712747378878,-110.34368946533118,108.80454691585541,8.476348779056105,A_placebo,QQQ
election,2024-09-06,2024-09-09,weekend,1.1000000000000014,93.3455120636273,own,-3.8651589319643334,3.6520858461074353,3.6520858461074353,85.1098284090049,108,64,-4.251674825160772,-113.44987277614499,104.94652312582343,8.23522365524912,A_placebo,QQQ
election,2024-09-09,2024-09-10,overnight,0.9500000000000028,38.06296891157635,own,-3.3155970912800896,3.632496375012134,3.632496375012134,85.23063921858143,109,65,-3.1498172367160944,-112.47090104523149,106.17126657179931,9.016051989270938,A_placebo,QQQ
election,2024-09-10,2024-09-11,overnight,-2.6999999999999957,27.034687247913247,own,-3.116098247490186,3.608478534338217,3.608478534338217,84.93013664170851,110,66,8.41346526822349,-101.14686047651487,117.97379101296185,9.280114870382807,A_placebo,QQQ
election,2024-09-11,2024-09-12,overnight,-0.8000000000000043,4.269399082079683,own,-3.363109556406812,3.4964558487406263,3.4964558487406263,84.56118252130919,111,67,2.690487645125464,-105.74239849368875,111.12337378393967,9.44006597288308,A_placebo,QQQ
election,2024-09-12,2024-09-13,overnight,0.1000000000000014,-16.059504691066095,own,-3.3692958316731216,3.4853515232735663,3.4853515232735663,84.17954749254444,112,68,-0.33692958316731686,-108.22236236317582,107.54850319684118,9.393899304215196,A_placebo,QQQ
election,2024-09-16,2024-09-17,overnight,-1.0,64.87468830564947,own,-3.3769957105168107,3.4856222013910045,3.4856222013910045,83.81607027355295,113,69,3.3769957105168107,-104.13452701801796,110.88851843905158,9.168647941425096,A_placebo,QQQ
election,2024-09-17,2024-09-18,overnight,-0.1000000000000014,25.131465016579035,own,-3.6767030224075117,3.4986632779620286,3.4986632779620286,83.64370825323033,114,70,0.3676703022407563,-106.83104395491405,107.56638455939556,9.657297418304257,A_placebo,QQQ
election,2024-09-18,2024-09-19,overnight,-0.4999999999999929,239.3227674877485,own,-3.6887710014595894,3.4992573802416085,3.4992573802416085,83.30833227284742,115,71,1.8443855007297685,-104.94711701628508,108.63588801774462,9.79185539741969,A_placebo,QQQ
election,2024-09-19,2024-09-20,overnight,0.3500000000000014,-19.03146397468025,own,-4.266710870740848,3.580996909931207,3.580996909931207,85.84713793675108,116,72,-1.4933488047593029,-111.52676591061086,108.54006830109225,11.770570156819076,A_placebo,QQQ
election,2024-09-20,2024-09-23,weekend,-0.3000000000000042,10.98627751751513,own,-4.296570242305836,3.581044287622752,3.581044287622752,85.49180631079959,117,73,1.288971072691769,-108.28597842608393,110.86392057146746,11.507304907831902,A_placebo,QQQ
election,2024-09-23,2024-09-24,overnight,0.1000000000000014,29.81243012711632,own,-4.310715536514607,3.580455850893208,3.580455850893208,85.13039141001263,118,74,-0.4310715536514667,-109.53514615202748,108.67300304472455,11.502889421473286,A_placebo,QQQ
election,2024-09-24,2024-09-25,overnight,0.5,-12.56824971670012,own,-4.296011026155658,3.5792314098691644,3.5792314098691644,84.81460835617278,119,75,-2.148005513077829,-110.87060244021586,106.5745914140602,11.656751108075328,A_placebo,QQQ
election,2024-09-25,2024-09-26,overnight,0.1000000000000014,153.10847241372105,own,-4.321312092572126,3.5765963250511263,3.5765963250511263,84.46288772604684,120,76,-0.4321312092572186,-108.68073861659663,107.81647619808219,11.4548761012022,A_placebo,QQQ
election,2024-09-26,2024-09-27,overnight,-0.2999999999999971,21.65740438051733,own,-4.246754293449597,3.5717961296388454,3.5717961296388454,85.27001823402296,121,77,1.274026288034867,-108.01665737274503,110.56470994881475,12.625566979818059,A_placebo,QQQ
election,2024-09-27,2024-09-30,weekend,0.5499999999999972,-20.54316118164312,own,-4.2764352225977325,3.572413794685561,3.572413794685561,84.93713872739731,122,78,-2.3520393724287407,-111.23659799561669,106.53251925075922,12.699598433922151,A_placebo,QQQ
election,2024-09-30,2024-10-01,overnight,-0.3999999999999986,-7.171396373323313,own,-4.3249266597307745,3.570752918614792,3.570752918614792,84.60432755998532,123,79,1.7299706638923036,-106.71438589568346,110.17432722346807,12.429332095584222,A_placebo,QQQ
election,2024-10-01,2024-10-02,overnight,1.1000000000000014,-16.833967204937792,own,-4.307683258484277,3.566633511140295,3.566633511140295,84.26352519590455,124,80,-4.738451584332711,-112.8475758264135,103.37067265774809,12.271261704705935,A_placebo,QQQ
election,2024-10-02,2024-10-03,overnight,0.1999999999999957,-45.6488359546825,own,-4.371743091571655,3.5500227788423016,3.5500227788423016,83.93005323299452,125,81,-0.8743486183143122,-108.44295358998103,106.6942563533524,12.038419873428786,A_placebo,QQQ
election,2024-10-03,2024-10-04,overnight,0.0,120.8396486929808,own,-4.414849884843324,3.552726364243098,3.552726364243098,83.68951400625001,126,82,-0.0,-107.25648115041001,107.25648115041001,11.580584509713617,A_placebo,QQQ
election,2024-10-04,2024-10-07,weekend,1.499999999999993,-43.077806724241,own,-4.414849884843324,3.552726364243098,3.552726364243098,84.04902504658816,127,82,-6.622274827264955,-114.55580707774556,101.31125742321564,12.440892101707847,A_placebo,QQQ
election,2024-10-07,2024-10-08,overnight,-1.1000000000000014,53.935194789029865,own,-4.675262041973934,3.5418248853332455,3.5418248853332455,83.77927649681459,128,83,5.1427882461713335,-102.34476799988784,112.6303444922305,12.00715226713012,A_placebo,QQQ
election,2024-10-08,2024-10-09,overnight,0.3999999999999986,-6.743915149285407,own,-4.9293921675537575,3.549375578722024,3.549375578722024,83.56209751145002,129,84,-1.971756867021496,-109.08039734442963,105.13688361038663,12.332175852571204,A_placebo,QQQ
election,2024-10-09,2024-10-10,overnight,1.0,-47.04260194253518,own,-4.938423611022314,3.5472734502704677,3.5472734502704677,83.23864292672823,130,85,-4.938423611022314,-111.71389389801115,101.83704667596652,12.185436691018461,A_placebo,QQQ
election,2024-10-10,2024-10-11,overnight,-1.0,-37.758830694275545,own,-5.136693878526465,3.551222611310957,3.551222611310957,82.99967840840503,131,86,5.136693878526465,-101.3330142306956,111.60640198774851,11.733314258701256,A_placebo,QQQ
election,2024-10-11,2024-10-14,weekend,0.3499999999999943,49.25609113390461,own,-4.935643882286342,3.5233664571382954,3.5233664571382954,82.76677717659179,132,87,-1.7274753588001919,-107.81315017627556,104.35819945867517,11.358373766633253,A_placebo,QQQ
election,2024-10-14,2024-10-15,overnight,1.6999999999999955,6.633165829146304,own,-4.8520564348793425,3.5157591531645105,3.5157591531645105,82.57192890312402,133,88,-8.24849593929486,-114.34953887458713,97.85254699599741,11.643319009996196,A_placebo,QQQ
election,2024-10-15,2024-10-16,overnight,1.3999999999999986,8.150291372917007,own,-4.735132531351359,3.4596846919251925,3.4596846919251925,82.27090772348373,134,89,-6.629185543891896,-112.25015091376788,98.9917798259841,11.60592980715403,A_placebo,QQQ
election,2024-10-16,2024-10-17,overnight,3.200000000000003,112.23596032020832,own,-4.6403619195090435,3.421576724867538,3.421576724867538,81.97320604659699,135,90,-14.849158142428953,-120.83901316382025,91.14069687896236,11.580332485418941,A_placebo,QQQ
election,2024-10-17,2024-10-18,overnight,0.4000000000000057,55.15416709066745,own,-2.861159141014753,3.6339049168318853,3.6339049168318853,82.3656862655181,136,91,-1.1444636564059174,-106.72076367918605,104.43183636637421,12.320447395968863,A_placebo,QQQ
election,2024-10-18,2024-10-21,weekend,1.3999999999999986,-25.479767851004365,own,-2.7627048398787863,3.6272683482957992,3.6272683482957992,82.2040889957139,137,92,-3.867786775830297,-109.4213782469976,101.68580469533701,12.633102284251335,A_placebo,QQQ
election,2024-10-21,2024-10-22,overnight,1.1999999999999886,-55.501735690642874,own,-2.893862555884004,3.6047730370831648,3.6047730370831648,81.9241582237753,138,93,-3.472635067060772,-108.61289655040979,101.66762641628823,12.356922065879917,A_placebo,QQQ
election,2024-10-22,2024-10-23,overnight,-1.6000000000000014,-49.19057315081798,own,-3.1628278802638694,3.6067167088572076,3.6067167088572076,81.74611675727374,139,94,5.060524608422195,-99.96602162389745,110.08707084074184,11.86873028345889,A_placebo,QQQ
election,2024-10-23,2024-10-24,overnight,-1.1999999999999886,76.58128058644076,own,-2.792970807466628,3.565208203887931,3.565208203887931,81.57999502804708,140,95,3.351564968959922,-101.34502888575625,108.04815882367609,11.432592401785483,A_placebo,QQQ
election,2024-10-24,2024-10-25,overnight,1.5499999999999972,57.07553876465043,own,-3.165120296057558,3.582304975399378,3.582304975399378,81.52195038357316,141,96,-4.905936458889206,-109.62653398142915,99.81466106365075,11.894639835719207,A_placebo,QQQ
election,2024-10-25,2024-10-28,weekend,1.0,64.20610563721452,own,-2.762360560606471,3.546740352752213,3.546740352752213,81.39819751749779,142,97,-2.762360560606471,-107.18127347754125,101.65655235632832,12.212815180289146,A_placebo,QQQ
election,2024-10-28,2024-10-29,overnight,0.3999999999999915,6.459426725879958,own,-2.4827806864857527,3.5290971116804464,3.5290971116804464,81.30472316470565,143,98,-0.9931122745942799,-105.20894987721572,103.22272532802715,12.57640462404387,A_placebo,QQQ
election,2024-10-29,2024-10-30,overnight,0.5,-14.99580117567123,own,-2.470343853459313,3.5261143576070544,3.5261143576070544,81.02233744168146,144,99,-1.2351719267296566,-105.09798056833358,102.62763671487426,12.533925610862175,A_placebo,QQQ
election,2024-10-30,2024-10-31,overnight,-0.9000000000000057,-80.98307816277183,own,-2.49901870107685,3.5237600325282727,3.5237600325282727,80.74865402003493,145,100,2.249116830969179,-101.31814247267653,105.8163761346149,12.344065426127461,A_placebo,QQQ
election,2024-10-31,2024-11-01,overnight,0.2999999999999971,33.06468278569952,own,-2.1878735395754427,3.5117010198480036,3.5117010198480036,80.76504829864727,146,101,-0.6563620618726265,-104.17365354513382,102.86092942138856,11.70483841524459,A_placebo,QQQ
election,2024-11-01,2024-11-04,weekend,-1.6000000000000014,-11.899876897825123,own,-2.1458696845487286,3.508863465170887,3.508863465170887,80.53633030317292,147,102,3.4333914952779687,-100.03245165001968,106.89923464057563,11.850143478989182,A_placebo,QQQ
election,2024-11-04,2024-11-05,overnight,4.200000000000003,33.95341180344236,own,-2.045076843764575,3.4682989475265043,3.4682989475265043,80.27178785994836,148,103,-8.589322743811222,-113.14583884576797,95.96719335814552,11.68967036833503,A_placebo,QQQ
recession,2025-01-10,2025-01-13,weekend,-0.0,-118.49135466571958,pooled,-1.3605925735845645,3.2783416388973485,3.5494698269772096,80.0713739938106,149,104,0.0,-102.61947291046766,102.61947291046766,11.839091451792125,A_placebo,QQQ
recession,2025-01-13,2025-01-14,overnight,-0.0,62.10443037974578,pooled,-1.3605925735845645,3.2783416388973485,3.5494698269772096,80.3904520046178,150,104,0.0,-103.02840328911817,103.02840328911817,10.970221811008715,A_placebo,QQQ
recession,2025-01-14,2025-01-15,overnight,-1.0,156.99861413581263,pooled,-1.3605925735845645,3.2783416388973485,3.5494698269772096,80.28233726564848,151,104,1.3605925735845645,-101.62976274603255,104.35094789320169,11.308858953848032,A_placebo,QQQ
recession,2025-01-15,2025-01-16,overnight,-1.5,47.43190134164577,pooled,-1.9545344782841,3.3454602217378224,3.8745721211549773,81.00849458107636,152,105,2.93180171742615,-101.15553308159046,107.01913651644277,12.267344185308326,A_placebo,QQQ
recession,2025-01-16,2025-01-17,overnight,-0.0,190.61726470072315,pooled,-2.207096126595458,3.3381734203289115,4.001833966598702,80.82153038757895,153,106,0.0,-103.58087334472118,103.58087334472118,12.497177892212493,A_placebo,QQQ
recession,2025-01-17,2025-01-21,holiday,-1.0,52.13124808341129,pooled,-2.207096126595458,3.3381734203289115,4.001833966598702,82.0177386870629,154,106,2.207096126595458,-103.03188515410514,107.44607740729606,13.653801832527497,A_placebo,QQQ
recession,2025-01-21,2025-01-22,overnight,-0.0,93.58441657454586,pooled,-2.3952814388708368,3.34017364879343,4.11024733750819,81.8495679539962,155,107,0.0,-104.89840628984153,104.89840628984153,13.902043421242876,A_placebo,QQQ
recession,2025-01-22,2025-01-23,overnight,-0.0,-46.471374009896536,pooled,-2.3952814388708368,3.34017364879343,4.11024733750819,81.9306636937402,156,107,0.0,-105.00233858989745,105.00233858989745,14.412827864533279,A_placebo,QQQ
recession,2025-01-23,2025-01-24,overnight,-0.0,5.631476197627272,pooled,-2.3952814388708368,3.34017364879343,4.11024733750819,81.75235450476552,157,107,0.0,-104.7738175333075,104.7738175333075,14.025030400364937,A_placebo,QQQ
recession,2025-01-27,2025-01-28,overnight,1.0,22.760431864605746,pooled,-2.3952814388708368,3.34017364879343,4.11024733750819,81.49282014357105,158,107,-2.3952814388708368,-106.96923847845947,102.1786756007178,13.971906639588116,A_placebo,QQQ
recession,2025-01-28,2025-01-29,overnight,-1.0,11.497336450390083,pooled,-2.300814965712649,3.323756152441947,4.042413198492083,81.25907746479311,159,108,2.300814965712649,-101.96960320675952,106.57123313818481,14.027180383141687,A_placebo,QQQ
recession,2025-01-29,2025-01-30,overnight,-0.0,56.26176120434812,pooled,-2.3352211742096243,3.312888494406771,4.0532071386557265,81.00641373465255,160,109,0.0,-103.81781984233072,103.81781984233072,14.01136885856199,A_placebo,QQQ
recession,2025-01-30,2025-01-31,overnight,-0.0,72.44853095788706,pooled,-2.3352211742096243,3.312888494406771,4.0532071386557265,80.87527423800562,161,109,0.0,-103.649751463428,103.649751463428,14.273793655740784,A_placebo,QQQ
recession,2025-02-03,2025-02-04,overnight,0.5,9.360314197763842,pooled,-2.3352211742096243,3.312888494406771,4.0532071386557265,80.82564575668378,162,109,-1.1676105871048121,-104.78631506168452,102.45109388747488,14.632896972420701,A_placebo,QQQ
recession,2025-02-04,2025-02-05,overnight,-0.0,-51.854958630417336,pooled,-2.315545936098167,3.3087628272919054,4.038522555273087,80.58003921261776,163,110,0.0,-103.27137825489093,103.27137825489093,14.600549838833851,A_placebo,QQQ
recession,2025-02-05,2025-02-06,overnight,-0.0,9.680174622757054,pooled,-2.315545936098167,3.3087628272919054,4.038522555273087,80.43509204621337,164,110,0.0,-103.08561396642706,103.08561396642706,14.19533332377744,A_placebo,QQQ
recession,2025-02-06,2025-02-07,overnight,-0.0,10.385392473422073,pooled,-2.315545936098167,3.3087628272919054,4.038522555273087,80.19305072514861,165,110,0.0,-102.77541380935047,102.77541380935047,14.167968725589438,A_placebo,QQQ
recession,2025-02-07,2025-02-10,weekend,0.5,81.8449535319532,pooled,-2.315545936098167,3.3087628272919054,4.038522555273087,79.95376010079876,166,110,-1.1577729680490836,-103.65918569539187,101.3436397592937,14.145182121660719,A_placebo,QQQ
recession,2025-02-10,2025-02-11,overnight,-0.0,-61.50619313511463,pooled,-2.1605701124660595,3.3015470134310174,3.9456654562667715,79.9722331462741,167,111,0.0,-102.4924140002649,102.4924140002649,14.550569974416963,A_placebo,QQQ
recession,2025-02-11,2025-02-12,overnight,-1.0,-107.0177100104197,pooled,-2.1605701124660603,3.3015470134310174,3.945665456266772,79.87436437743251,168,111,2.1605701124660603,-100.33123720781279,104.65237743274491,14.097851146384036,A_placebo,QQQ
recession,2025-02-12,2025-02-13,overnight,0.5,31.420351302240412,pooled,-1.7543895824182134,3.2955708722952797,3.7334528497382453,80.07887491567043,169,112,-0.8771947912091067,-103.53416179047628,101.77977220805806,13.381191021195844,A_placebo,QQQ
recession,2025-02-13,2025-02-14,overnight,-0.5,2.332611778756988,pooled,-1.6943664520699422,3.2904315019992385,3.701056219952495,79.88021228143045,170,113,0.8471832260349711,-101.55476416152334,103.24913061359328,13.487303728731401,A_placebo,QQQ
recession,2025-02-14,2025-02-18,holiday,-0.5,29.91897717981251,pooled,-1.6971244727216908,3.2874134358994427,3.6996376274498908,79.64500536523909,171,114,0.8485622363608454,-101.25200395042414,102.94912842314584,13.422071612064885,A_placebo,QQQ
recession,2025-02-18,2025-02-19,overnight,-0.0,-13.906400652673456,pooled,-1.7510499481911468,3.287006808567338,3.7243240568763953,79.4428653697213,172,115,0.0,-101.81397625783482,101.81397625783482,13.517983853737837,A_placebo,QQQ
recession,2025-02-19,2025-02-20,overnight,-0.0,-15.382904588923108,pooled,-1.7510499481911468,3.287006808567338,3.7243240568763953,79.21868696632683,173,115,0.0,-101.52666921604447,101.52666921604447,13.35946139994355,A_placebo,QQQ
recession,2025-02-20,2025-02-21,overnight,-0.0,22.152311100354098,pooled,-1.7510499481911468,3.287006808567338,3.7243240568763953,78.99805721166545,174,115,0.0,-101.24391012247045,101.24391012247045,13.194275388513283,A_placebo,QQQ
recession,2025-02-21,2025-02-24,weekend,-0.0,33.83387188747422,pooled,-1.7510499481911468,3.287006808567338,3.7243240568763953,78.78862385660011,175,115,0.0,-100.97550033461872,100.97550033461872,13.245464164009515,A_placebo,QQQ
recession,2025-02-24,2025-02-25,overnight,-0.0,-11.349864378740191,pooled,-1.751049948191146,3.287006808567337,3.7243240568763945,78.60481091240531,176,115,0.0,-100.73992566533866,100.73992566533866,13.362443753347385,A_placebo,QQQ
recession,2025-02-25,2025-02-26,overnight,-1.0,43.64004753647954,pooled,-1.751049948191146,3.287006808567337,3.7243240568763945,78.3858525787672,177,115,1.751049948191146,-98.82158609668981,102.32368599307212,13.222826193279092,A_placebo,QQQ
recession,2025-02-26,2025-02-27,overnight,-0.0,70.7496744348779,pooled,-1.9058832833909332,3.284920913007873,3.7977752032769767,78.2272646698554,178,116,0.0,-100.25606240088669,100.25606240088669,13.393709459252129,A_placebo,QQQ
recession,2025-02-27,2025-02-28,overnight,-0.0,-3.997361741250316,pooled,-1.9058832833909332,3.284920913007873,3.7977752032769767,78.18725327915978,179,116,0.0,-100.20478380257117,100.20478380257117,13.714133844590823,A_placebo,QQQ
recession,2025-02-28,2025-03-03,weekend,4.5,64.93250954310969,pooled,-1.9058832833909332,3.284920913007873,3.7977752032769767,77.9691197041337,180,116,-8.5764747752592,-110.87393875805196,93.72098920753356,13.615736646891703,A_placebo,QQQ
recession,2025-03-03,2025-03-04,overnight,-13.0,-63.13842194160646,pooled,-0.7683352743031461,3.2201993738018677,3.310592560369281,77.931634929184,181,117,9.9883585659409,-104.1070387738422,124.083755905724,13.89925472919125,A_placebo,QQQ
recession,2025-03-04,2025-03-05,overnight,-0.0,13.722957701001182,pooled,1.2992237802662872,2.8567366397041183,3.138299963330051,77.83617712389905,182,118,-0.0,-99.75484460198902,99.75484460198902,13.475970791439615,A_placebo,QQQ
recession,2025-03-05,2025-03-06,overnight,6.5,-167.4965146385188,pooled,1.2992237802662872,2.8567366397041183,3.138299963330051,77.62871178167758,183,118,8.444954571730866,-94.42158221617457,111.31149135963629,13.47732044668312,A_placebo,QQQ
recession,2025-03-06,2025-03-07,overnight,-2.5,-23.959207912681578,pooled,-0.9787099601374102,4.168736623670312,4.282083397553383,78.41049979643175,184,119,2.4467749003435255,-98.9763638191889,103.86991361987596,12.49376699513311,A_placebo,QQQ
recession,2025-03-07,2025-03-10,weekend,-1.0,-169.98434354730475,pooled,-0.8488340382370029,4.0644764951216255,4.1521667119548455,78.2210665951696,185,120,0.8488340382370029,-99.54042250878331,101.23809058525731,12.296723887523301,A_placebo,QQQ
recession,2025-03-10,2025-03-11,overnight,-0.5,-20.071836044791567,pooled,-0.5134016931984606,3.967168203409526,4.000250598740361,79.01204695348412,186,121,0.2567008465992303,-101.03757802051524,101.5509797137137,11.316718148626375,A_placebo,QQQ
recession,2025-03-11,2025-03-12,overnight,6.0,158.79746432887475,pooled,-0.4934538606904845,3.958926158169596,3.9895605069317877,78.8134521961611,187,122,-2.960723164142907,-108.52409788485296,102.60265155656715,11.148864917645529,A_placebo,QQQ
recession,2025-03-12,2025-03-13,overnight,-3.5,-17.397501467258934,pooled,1.2855993294058072,3.707567627993809,3.924133452358151,79.42942445197505,188,123,-4.499597652920325,-107.80696460184485,98.8077692960042,11.934229808130794,A_placebo,QQQ
recession,2025-03-13,2025-03-14,overnight,2.0,114.0075578043942,own,3.765502322452306,6.121618649617762,6.121618649617762,76.36145992237209,40,20,7.531004644904612,-91.5837453243335,106.64575461414273,11.77903546275836,A_placebo,QQQ
recession,2025-03-14,2025-03-17,weekend,0.5,-0.8339414156144365,own,4.473575826422311,5.960285091267283,5.960285091267283,77.23313728868564,41,21,2.2367879132111557,-96.81886077180351,101.29243659822583,12.31708031718802,A_placebo,QQQ
recession,2025-03-17,2025-03-18,overnight,-0.0,-68.77550597642612,own,4.468474947138548,5.9548143865925285,5.9548143865925285,76.28696167169093,42,22,-0.0,-97.76937007843911,97.76937007843911,12.248226800262355,A_placebo,QQQ
recession,2025-03-18,2025-03-19,overnight,0.5,43.814378699471575,own,4.468474947138548,5.9548143865925285,5.9548143865925285,76.11673234286631,43,22,2.234237473569274,-95.391569097497,99.86004404463556,11.826228192050436,A_placebo,QQQ
recession,2025-03-19,2025-03-20,overnight,3.5,-81.32448678217163,own,4.5374876296711655,5.946724946349716,5.946724946349716,75.49299443135722,44,23,15.88120670384908,-84.48039377069703,116.24280717839518,11.99196990452412,A_placebo,QQQ
recession,2025-03-20,2025-03-21,overnight,-0.0,-108.70245571574677,own,3.4522566019165484,5.948752469140853,5.948752469140853,76.00014871067914,45,24,-0.0,-97.4017905876064,97.4017905876064,11.510957241190637,A_placebo,QQQ
recession,2025-03-21,2025-03-24,weekend,1.0,137.59561024276667,own,3.4522566019165484,5.948752469140853,5.948752469140853,76.87814578302601,46,24,3.4522566019165484,-95.36930044324305,102.27381364707614,10.89447820038583,A_placebo,QQQ
recession,2025-03-24,2025-03-25,overnight,0.5,19.166071974716647,own,3.878785548310349,5.8471842756087895,5.8471842756087895,78.56020147401624,47,25,1.9393927741551744,-98.81305668748229,102.69184223579265,11.540912547540835,A_placebo,QQQ
recession,2025-03-25,2025-03-26,overnight,-2.5,-23.305299422433645,own,3.90615120232236,5.837209276474435,5.837209276474435,77.76053866128177,48,26,-9.7653780058059,-111.1630049814494,91.6322489698376,11.579618940572184,A_placebo,QQQ
recession,2025-03-26,2025-03-27,overnight,-4.0,-41.08175061932173,own,4.011602303697966,5.69061643772157,5.69061643772157,76.9706010568944,49,27,-16.046409214791865,-118.91509541420417,86.82227698462044,11.403432484193367,A_placebo,QQQ
recession,2025-03-27,2025-03-28,overnight,4.5,-36.754018024004466,own,4.308757691288824,5.364819825322447,5.364819825322447,76.2610628002537,50,28,19.38940961079971,-83.1271423188592,121.90596154045863,11.139687845482236,A_placebo,QQQ
recession,2025-03-28,2025-03-31,weekend,-2.5,-151.35217423100644,own,3.601562661599199,5.14172374068722,5.14172374068722,75.88743639760052,51,29,-9.003906653997998,-107.64662202545952,89.63880871746352,10.900219316134804,A_placebo,QQQ
recession,2025-03-31,2025-04-01,overnight,-0.0,-34.75998549890114,own,4.580574130491967,5.073693255807523,5.073693255807523,77.69469888366999,52,30,-0.0,-99.57352608931146,99.57352608931146,10.09299347759181,A_placebo,QQQ
recession,2025-04-01,2025-04-02,overnight,-0.5,-137.73988109091695,own,4.580574130491967,5.073693255807523,5.073693255807523,77.09485099010722,53,30,-2.2902870652459835,-101.14852521779552,96.56795108730357,9.870949027213133,A_placebo,QQQ
recession,2025-04-03,2025-04-04,overnight,-9.999999999999991,-278.24620573355884,own,4.7667591394619615,5.078040556014737,5.078040556014737,78.59641570125711,54,31,-47.66759139461957,-167.59170570265388,72.25652291341473,9.143802080818404,A_placebo,QQQ
recession,2025-04-07,2025-04-08,overnight,1.0,335.18103549947,own,9.738804731676282,7.061586051044863,7.061586051044863,82.67563137963309,55,32,9.738804731676282,-96.6040820819664,116.08169154531896,7.7350275327087115,A_placebo,QQQ
recession,2025-04-08,2025-04-09,overnight,-3.0,-16.0964827983856,own,10.439056976469816,7.142537326321795,7.142537326321795,92.91137470354155,56,33,-31.31717092940945,-153.5180239727315,90.88368211391261,9.332325132546572,A_placebo,QQQ
recession,2025-04-09,2025-04-10,overnight,-2.0,-248.95730317753717,own,10.34267267168233,6.9622180561603475,6.9622180561603475,92.10010697338045,57,34,-20.68534534336466,-140.06223796112613,98.69154727439681,9.208884317347872,A_placebo,QQQ
recession,2025-04-10,2025-04-11,overnight,-4.500000000000007,-34.514444519151425,own,11.298285263348149,7.075480981258949,7.075480981258949,96.12563700164816,58,35,-50.84228368506675,-180.61909129513643,78.93452392500294,7.961704667614127,A_placebo,QQQ
recession,2025-04-14,2025-04-15,overnight,-2.0,24.704313416847867,own,11.150744547993492,6.697529063808378,6.697529063808378,95.31649898866422,59,36,-22.301489095986984,-145.65948403946564,101.05650584749166,7.757492411908522,A_placebo,QQQ
recession,2025-04-15,2025-04-16,overnight,-0.0,-195.63745933317443,own,10.96347043439654,6.610574889722374,6.610574889722374,94.70163390016805,60,37,-0.0,-121.36961400645538,121.36961400645538,7.8385776798747395,A_placebo,QQQ
recession,2025-04-16,2025-04-17,overnight,-1.4999999999999858,66.40853631083576,own,10.96347043439654,6.610574889722374,6.610574889722374,97.24621533618208,61,37,-16.44520565159465,-141.7221839963479,108.8317726931586,6.86964417028879,A_placebo,QQQ
recession,2025-04-17,2025-04-21,holiday,-0.0,-131.2885646083861,own,10.717004171741817,6.550977459800191,6.550977459800191,97.0248992389177,62,38,-0.0,-124.34711086459693,124.34711086459693,7.151819014556786,A_placebo,QQQ
recession,2025-04-21,2025-04-22,overnight,1.0,129.03076887565535,own,10.717004171741817,6.550977459800191,6.550977459800191,97.67295516726284,63,38,10.717004171741817,-114.74189238889414,136.17590073237778,6.498798337090074,A_placebo,QQQ
recession,2025-04-22,2025-04-23,overnight,3.000000000000007,310.31999639947736,own,10.95117292919637,6.565336621318753,6.565336621318753,98.0322933624444,64,39,32.85351878758919,-95.295352253336,161.0023898285144,7.074065804407282,A_placebo,QQQ
recession,2025-04-23,2025-04-24,overnight,-0.5,46.43792503906453,own,12.569839789353232,6.86111102930533,6.86111102930533,103.16030402983012,65,40,-6.284919894676616,-138.56824894453283,125.99840915517959,8.49110286326275,A_placebo,QQQ
recession,2025-04-24,2025-04-25,overnight,-2.000000000000007,-4.922945205478868,own,12.518602816628507,6.848147441889241,6.848147441889241,102.57225900724067,66,41,-25.037205633257102,-157.66055724316539,107.5861459766512,8.66759971059206,A_placebo,QQQ
recession,2025-04-25,2025-04-28,weekend,-0.0,10.581338750978995,own,12.441016469751832,6.769828086675562,6.769828086675562,101.82210444578666,67,42,-0.0,-130.4952090577202,130.4952090577202,8.604680521165806,A_placebo,QQQ
recession,2025-04-28,2025-04-29,overnight,-0.5,-48.25907503439475,own,12.441016469751832,6.769828086675562,6.769828086675562,101.0676489626786,68,42,-6.220508234875916,-135.82143176911185,123.38041529936001,8.613789545266327,A_placebo,QQQ
recession,2025-04-29,2025-04-30,overnight,-2.5,-174.37213411299558,own,12.481535570281489,6.772782381008784,6.772782381008784,100.45113364910885,69,43,-31.20383892570372,-161.75806876827238,99.35039091686492,8.352904845359625,A_placebo,QQQ
recession,2025-04-30,2025-05-01,overnight,4.5,166.56501714021442,own,13.16328935688764,6.830279425921026,6.830279425921026,101.1815991192746,70,44,59.23480210599438,-76.29058649117763,194.76019070316642,7.518543936873984,A_placebo,QQQ
recession,2025-05-01,2025-05-02,overnight,-0.5,111.18269290716798,own,14.049095808339251,6.748916605081142,6.748916605081142,101.24188482442864,71,45,-7.0245479041696255,-136.84820012646395,122.7991043181247,8.241482451434623,A_placebo,QQQ
recession,2025-05-02,2025-05-05,weekend,4.000000000000007,-87.14151290758032,own,13.940748199896225,6.72413571927812,6.72413571927812,101.50007944494979,72,46,55.762992799585,-78.80921899738513,190.33520459655512,8.707279783813506,A_placebo,QQQ
recession,2025-05-05,2025-05-06,overnight,-0.0,-131.4950097746681,own,12.922728568856755,6.395117252458893,6.395117252458893,102.15053396439703,73,47,-0.0,-130.91612432877125,130.91612432877125,8.275528465383804,A_placebo,QQQ
recession,2025-05-06,2025-05-07,overnight,1.0,13.709442898093284,own,12.922728568856755,6.395117252458893,6.395117252458893,102.6092209279287,74,47,12.922728568856755,-118.83640862681442,144.6818657645279,7.648754751302854,A_placebo,QQQ
recession,2025-05-07,2025-05-08,overnight,-0.0,107.16871832005648,own,12.924127172108731,6.381618282824723,6.381618282824723,101.91359813242424,75,48,-0.0,-130.61246736651492,130.61246736651492,7.675811394815313,A_placebo,QQQ
recession,2025-05-08,2025-05-09,overnight,-0.0,40.76031297365779,own,12.924127172108731,6.381618282824723,6.381618282824723,101.9854475909422,76,48,-0.0,-130.70454963255153,130.70454963255153,8.11800209226083,A_placebo,QQQ
recession,2025-05-12,2025-05-13,overnight,-1.5,26.782197715635725,own,12.924127172108731,6.381618282824723,6.381618282824723,101.4200986477112,77,48,-19.386190758163096,-149.94385763018494,111.17147611385873,8.262437096160816,A_placebo,QQQ
recession,2025-05-13,2025-05-14,overnight,-0.0,23.08080220334352,own,12.801501970319093,6.333389773490364,6.333389773490364,100.89610157608708,78,49,-0.0,-129.3084437799132,129.3084437799132,8.344021944704759,A_placebo,QQQ
recession,2025-05-14,2025-05-15,overnight,-0.5,-42.02814729130644,own,12.801501970319093,6.333389773490364,6.333389773490364,100.28130424670394,79,49,-6.400750985159546,-134.98533342984146,122.18383145952238,8.40865694583914,A_placebo,QQQ
recession,2025-05-15,2025-05-16,overnight,0.5,26.382175662924556,own,12.833030639616569,6.334868504947574,6.334868504947574,99.72514558386467,80,50,6.416515319808284,-121.45568135429839,134.28871199391497,8.188408892401823,A_placebo,QQQ
recession,2025-05-16,2025-05-19,weekend,-1.5,-139.5919619573549,own,12.85069155102136,6.33420744660229,6.33420744660229,99.12502960675313,81,51,-19.27603732653204,-146.89692882487998,108.34485417181591,8.267512226186703,A_placebo,QQQ
recession,2025-05-19,2025-05-20,overnight,-1.5,-49.03932724172888,own,13.168707210838512,6.361861292856792,6.361861292856792,99.41062415344064,82,52,-19.75306081625777,-147.7433740427202,108.23725241020468,7.627427922361848,A_placebo,QQQ
recession,2025-05-20,2025-05-21,overnight,-0.0,-76.31093341534778,own,13.245810150089422,6.344553090731138,6.344553090731138,98.85531100108982,83,53,-0.0,-126.69296657899672,126.69296657899672,7.383174667344216,A_placebo,QQQ
recession,2025-05-21,2025-05-22,overnight,-1.0,11.889679368481954,own,13.245810150089422,6.344553090731138,6.344553090731138,98.61437031053775,84,53,-13.245810150089422,-139.89128487890272,113.39966457872387,7.023972486731804,A_placebo,QQQ
recession,2025-05-22,2025-05-23,overnight,-2.0,-152.52324812264018,own,13.201770746640328,6.324155394685885,6.324155394685885,98.06391201393899,85,54,-26.403541493280656,-153.12332917868298,100.31624619212165,7.044766105884583,A_placebo,QQQ
recession,2025-05-27,2025-05-28,overnight,-0.0,18.610540856851543,own,13.640638799287078,6.359594570883877,6.359594570883877,98.4338578225945,86,55,-0.0,-126.15283218543712,126.15283218543712,6.365753279380222,A_placebo,QQQ
recession,2025-05-28,2025-05-29,overnight,2.0,142.21023219963325,own,13.640638799287078,6.359594570883877,6.359594570883877,97.88046954198293,87,55,27.281277598574157,-99.21701878964396,153.77957398679226,6.4176379725051,A_placebo,QQQ
recession,2025-05-29,2025-05-30,overnight,-0.0,-10.000769289945088,own,14.037801493372813,6.389438766562947,6.389438766562947,98.08791487926538,88,56,-0.0,-125.70947170926652,125.70947170926652,6.990602505109016,A_placebo,QQQ
recession,2025-05-30,2025-06-02,weekend,5.0,-36.407065667558584,own,14.037801493372813,6.389438766562947,6.389438766562947,97.5348313268886,89,56,70.18900746686407,-61.34628089200001,201.72429582572815,6.9192101866424025,A_placebo,QQQ
recession,2025-06-02,2025-06-03,overnight,-1.0,6.689474589551825,own,13.155018279009063,5.998888413886682,5.998888413886682,97.6142389813697,90,57,-13.155018279009063,-138.49344294604688,112.18340638802874,6.737928697712691,A_placebo,QQQ
recession,2025-06-03,2025-06-04,overnight,1.4999999999999964,11.186530658677809,own,13.122203904691476,5.982417651650601,5.982417651650601,97.09292122799782,91,58,19.68330585703717,-105.28131227546787,144.64792398954222,6.737726805595355,A_placebo,QQQ
recession,2025-06-04,2025-06-05,overnight,0.5,26.47603918453756,own,13.101206931384164,5.9532110547786825,5.9532110547786825,96.5620627910262,92,59,6.550603465692082,-117.26211970216171,130.36332663354588,6.756186572620593,A_placebo,QQQ
recession,2025-06-05,2025-06-06,overnight,-0.0,101.01010101009943,own,13.11761321851372,5.952725002445548,5.952725002445548,96.05829122765384,93,60,-0.0,-123.10830603736117,123.10830603736117,6.837673566884713,A_placebo,QQQ
recession,2025-06-06,2025-06-09,weekend,-0.0,5.66208666767265,own,13.11761321851372,5.952725002445548,5.952725002445548,96.1128933735523,94,60,-0.0,-123.17828414754463,123.17828414754463,7.225214420560493,A_placebo,QQQ
recession,2025-06-09,2025-06-10,overnight,0.5,9.2334363458213,own,13.11761321851372,5.952725002445548,5.952725002445548,95.60207136212797,95,60,6.55880660925686,-116.02417184288615,129.14178506139987,7.218808159278166,A_placebo,QQQ
recession,2025-06-10,2025-06-11,overnight,-0.0,25.080482144195223,own,13.119814559860686,5.950153737652169,5.950153737652169,95.09796717518013,96,61,-0.0,-121.87755473171086,121.87755473171086,7.227031131468139,A_placebo,QQQ
recession,2025-06-11,2025-06-12,overnight,-1.0,-25.542304441731332,own,13.119814559860686,5.950153737652169,5.950153737652169,94.6359939598329,97,61,-13.119814559860686,-134.64479804285867,108.40516892313731,7.299606135584916,A_placebo,QQQ
recession,2025-06-13,2025-06-16,weekend,-0.0,67.55987398944674,own,13.140229498039602,5.941618454640695,5.941618454640695,94.15535059972231,98,62,-0.0,-120.66949732860412,120.66949732860412,7.166642934867036,A_placebo,QQQ
recession,2025-06-16,2025-06-17,overnight,-3.999999999999997,-47.91584779231361,own,13.140229498039602,5.941618454640695,5.941618454640695,93.92200689116427,99,62,-52.560917992158366,-176.72533057382344,71.60349458950672,7.41016402782905,A_placebo,QQQ
recession,2025-06-17,2025-06-18,overnight,1.499999999999993,20.7939508506616,own,13.11047724695973,5.758809646743027,5.758809646743027,93.44758564156069,100,63,19.665715870439502,-100.60730609066457,139.93873783154356,7.187971209274261,A_placebo,QQQ
recession,2025-06-18,2025-06-20,holiday,-0.9999999999999928,62.38656987295643,own,13.113177450342791,5.734947994260279,5.734947994260279,92.97924194710988,101,64,-13.113177450342697,-132.50182949585326,106.27547459516785,7.242395127839811,A_placebo,QQQ
recession,2025-06-24,2025-06-25,overnight,0.5,43.07669504479029,own,12.99290704441161,5.709162181516159,5.709162181516159,92.82182840997972,102,65,6.496453522205805,-112.52024295842199,125.51315000283358,7.462093035190873,A_placebo,QQQ
recession,2025-06-25,2025-06-26,overnight,-0.5000000000000036,40.28309034129984,own,13.022031440528316,5.710492963839058,5.710492963839058,92.4366585537633,103,66,-6.511015720264204,-125.03433907561012,112.0123076350817,7.603420820943251,A_placebo,QQQ
recession,2025-06-26,2025-06-27,overnight,-2.0,19.22337562475951,own,12.984789812146651,5.70295531217635,5.70295531217635,92.10227921478092,104,67,-25.969579624293303,-144.90954897138485,92.97038972279825,7.73258947517391,A_placebo,QQQ
recession,2025-06-27,2025-06-30,weekend,3.5,55.635614089490915,own,12.841830681267876,5.644000485275146,5.644000485275146,91.76479941836008,105,68,44.94640738443756,-75.35343950697502,165.24625427585016,7.77782879072346,A_placebo,QQQ
recession,2025-06-30,2025-07-01,overnight,1.0,-34.624030164599475,own,12.899879127299972,5.5268524863706014,5.5268524863706014,91.3326229880389,106,69,12.899879127299972,-104.36612953080433,130.16588778540427,7.965506380130391,A_placebo,QQQ
recession,2025-07-01,2025-07-02,overnight,-2.0,-14.991407364072227,own,12.826255720186262,5.508250824097145,5.508250824097145,91.0177292173284,107,70,-25.652511440372525,-143.15217114255418,91.84714826180914,7.799141003002539,A_placebo,QQQ
recession,2025-07-02,2025-07-03,overnight,6.0,43.027541257421035,own,12.79342707022075,5.465011219602684,5.465011219602684,90.59724081024623,108,71,76.7605624213245,-46.71977563897357,200.24090048162256,7.710461826476956,A_placebo,QQQ
recession,2025-07-03,2025-07-07,holiday,-1.0,-48.54194383517418,own,12.498170867473236,5.1123415756971236,5.1123415756971236,90.2321687501506,109,72,-12.498170867473236,-128.3251793906584,103.32883765571192,7.847349731248057,A_placebo,QQQ
recession,2025-07-07,2025-07-08,overnight,1.0,23.910444516901386,own,12.550674542590063,5.109664846720082,5.109664846720082,89.88353540353563,110,73,12.550674542590063,-102.83004892513141,127.93139801031153,7.629630451068821,A_placebo,QQQ
recession,2025-07-08,2025-07-09,overnight,2.5,39.10776361529589,own,12.56719784437088,5.10295255346685,5.10295255346685,89.48058701429825,111,74,31.4179946109272,-84.41997443315246,147.25596365500687,7.6922489667066385,A_placebo,QQQ
recession,2025-07-09,2025-07-10,overnight,1.0,11.325639089634354,own,12.5949087236659,5.053428600550185,5.053428600550185,89.07957266714364,112,75,12.5949087236659,-101.75302721256958,126.94284465990137,7.812614923214643,A_placebo,QQQ
recession,2025-07-10,2025-07-11,overnight,-0.5,-39.0660161664913,own,12.59308177924844,5.0449245274605286,5.0449245274605286,88.68108533203511,113,76,-6.29654088962422,-119.99618757948491,107.40310580023646,7.826023412399451,A_placebo,QQQ
recession,2025-07-14,2025-07-15,overnight,0.5,73.17774821101075,own,12.61665694131813,5.045411011104823,5.045411011104823,88.34160168886734,114,77,6.308328470659065,-106.95642145547079,119.57307839678892,7.647726683962604,A_placebo,QQQ
recession,2025-07-15,2025-07-16,overnight,-0.0,10.418537812104669,own,12.664747138901987,5.048720631768425,5.048720631768425,88.17590433315095,115,78,-0.0,-113.00623899336627,113.00623899336627,7.895946462474151,A_placebo,QQQ
recession,2025-07-16,2025-07-17,overnight,0.5,12.20081099508219,own,12.664747138901987,5.048720631768425,5.048720631768425,87.79706927348985,116,78,6.3323735694509935,-106.23485067813102,118.89959781703301,7.905465675114265,A_placebo,QQQ
recession,2025-07-17,2025-07-18,overnight,-0.0,23.49590601637752,own,12.668966001177782,5.047103012789218,5.047103012789218,87.419511950223,117,79,-0.0,-112.0368465154058,112.0368465154058,7.9216135898509865,A_placebo,QQQ
recession,2025-07-18,2025-07-21,weekend,-0.0,14.788155222178467,own,12.668966001177782,5.047103012789218,5.047103012789218,87.0722217999926,118,79,-0.0,-111.59175945887053,111.59175945887053,7.979944273096404,A_placebo,QQQ
recession,2025-07-21,2025-07-22,overnight,-1.5,2.4815655133303416,own,12.668966001177782,5.047103012789218,5.047103012789218,86.71317374988465,119,79,-19.003449001766676,-130.5577980169528,92.55090001341944,8.005348045294474,A_placebo,QQQ
recession,2025-07-22,2025-07-23,overnight,-0.0,18.706907302821207,own,12.622778223646222,5.023794725457198,5.023794725457198,86.37045034976254,120,80,-0.0,-110.69236916825567,110.69236916825567,7.984813537740703,A_placebo,QQQ
recession,2025-07-23,2025-07-24,overnight,1.0,23.05659507298108,own,12.622778223646222,5.023794725457198,5.023794725457198,86.02677184660361,121,80,12.622778223646222,-97.81697031251977,123.06252675981222,8.02452499612989,A_placebo,QQQ
recession,2025-07-24,2025-07-25,overnight,-0.0,-2.8314073864355027,own,12.637710340783016,5.017192415198527,5.017192415198527,85.67579509366735,122,81,-0.0,-109.80209899204408,109.80209899204408,8.079993889402404,A_placebo,QQQ
recession,2025-07-25,2025-07-28,weekend,1.0,23.83516658133189,own,12.637710340783016,5.017192415198527,5.017192415198527,85.3243273654432,123,81,12.637710340783016,-96.90283206892758,122.17825275049361,8.039878443535352,A_placebo,QQQ
recession,2025-07-28,2025-07-29,overnight,-1.0,45.05455825413396,own,12.653712421869901,5.010733330188867,5.010733330188867,84.98276182774805,124,82,-12.653712421869901,-121.75677474216246,96.44934989842267,8.0977366418423,A_placebo,QQQ
recession,2025-07-29,2025-07-30,overnight,-0.0,14.982461706589678,own,12.571360269638715,4.994597709930803,4.994597709930803,84.79767564109197,125,83,-0.0,-108.67670110162348,108.67670110162348,8.232615552836064,A_placebo,QQQ
recession,2025-07-30,2025-07-31,overnight,2.0,113.36032388663764,own,12.571360269638715,4.994597709930803,4.994597709930803,84.46843446548007,126,83,25.14272053927743,-83.86638488265825,134.15182596121312,8.257160447940624,A_placebo,QQQ
recession,2025-07-31,2025-08-01,overnight,-2.0,-109.20353982300846,own,12.821711751291387,4.995212315350121,4.995212315350121,84.49677026588472,127,84,-25.643423502582774,-134.68877782490281,83.40193081973726,8.637969011124307,A_placebo,QQQ
recession,2025-08-01,2025-08-04,weekend,0.5,93.8882368872429,own,13.057507493994526,4.994922670322051,4.994922670322051,84.48759933963497,128,85,6.528753746997263,-101.79785041905431,114.85535791304885,8.212548401614802,A_placebo,QQQ
recession,2025-08-04,2025-08-05,overnight,-0.0,22.86828576493427,own,13.119115027943925,5.000371195669814,5.000371195669814,84.51028979737995,129,86,-0.0,-108.30838740432216,108.30838740432216,8.52073433141922,A_placebo,QQQ
recession,2025-08-05,2025-08-06,overnight,-0.0,16.422999339509303,own,13.119115027943925,5.000371195669814,5.000371195669814,84.20616822420406,130,86,-0.0,-107.91862519613993,107.91862519613993,8.572159246951534,A_placebo,QQQ
recession,2025-08-06,2025-08-07,overnight,0.9999999999999982,76.67630261580571,own,13.119115027943925,5.000371195669814,5.000371195669814,83.8940392056316,131,86,13.119115027943902,-94.5902998157476,120.82852987163541,8.60019796156781,A_placebo,QQQ
recession,2025-08-07,2025-08-08,overnight,-0.0,20.906092278765165,own,13.208632193560632,5.00356653249889,5.00356653249889,83.75724202415095,132,87,-0.0,-107.34328137815187,107.34328137815187,8.842461679198552,A_placebo,QQQ
recession,2025-08-08,2025-08-11,weekend,-0.0,2.436689583154017,own,13.208632193560632,5.00356653249889,5.00356653249889,83.45921555139,133,87,-0.0,-106.96133065066144,106.96133065066144,8.885240511111908,A_placebo,QQQ
recession,2025-08-11,2025-08-12,overnight,-0.5,41.90236748376152,own,13.208632193560632,5.00356653249889,5.00356653249889,83.14513556842341,134,87,-6.604316096780316,-113.21134845382846,100.00271626026782,8.862454112073188,A_placebo,QQQ
recession,2025-08-12,2025-08-13,overnight,1.0,47.23975035343608,own,13.174484581043531,4.997667122743558,4.997667122743558,82.94019490753725,135,88,13.174484581043531,-93.31446539384825,119.66343455593531,8.978791835212935,A_placebo,QQQ
recession,2025-08-13,2025-08-14,overnight,-0.0,-35.6681313000784,own,13.222379506558319,4.995480387228314,4.995480387228314,82.68436125917121,136,89,-0.0,-105.96827738975384,105.96827738975384,9.113040812469858,A_placebo,QQQ
recession,2025-08-14,2025-08-15,overnight,-1.0,-1.0347325216442105,own,13.222379506558319,4.995480387228314,4.995480387228314,82.43657103403146,137,89,-13.222379506558319,-119.06689125640406,92.62213224328744,8.956463287600808,A_placebo,QQQ
recession,2025-08-15,2025-08-18,weekend,-0.0,-13.68605235348097,own,13.205268033080028,4.9854895544956435,4.9854895544956435,82.14174731656324,138,90,-0.0,-105.27286336090745,105.27286336090745,8.921650758648736,A_placebo,QQQ
recession,2025-08-18,2025-08-19,overnight,-0.5,-12.30289377924132,own,13.205268033080028,4.9854895544956435,4.9854895544956435,81.85188281381181,139,90,-6.602634016540014,-111.55264201679714,98.34737398371712,8.843151789509395,A_placebo,QQQ
recession,2025-08-19,2025-08-20,overnight,-0.0,-16.687745924675035,own,13.209268215369642,4.9839611462890305,4.9839611462890305,81.55835272289495,140,91,-0.0,-104.52518484966218,104.52518484966218,8.769982081659046,A_placebo,QQQ
recession,2025-08-20,2025-08-21,overnight,-0.0,-26.50879208270784,own,13.209268215369642,4.9839611462890305,4.9839611462890305,81.27878838590382,141,91,-0.0,-104.16689519537435,104.16689519537435,8.682196812671686,A_placebo,QQQ
recession,2025-08-21,2025-08-22,overnight,1.0,23.965064261874947,own,13.209268215369642,4.9839611462890305,4.9839611462890305,81.02081502384044,142,91,13.209268215369642,-90.82328329204734,117.24181972278663,8.561265579354231,A_placebo,QQQ
recession,2025-08-22,2025-08-25,weekend,-0.0,-27.797688770783147,own,13.224342912001044,4.977770633454575,4.977770633454575,80.74006470397923,143,92,-0.0,-103.47646692461979,103.47646692461979,8.614018314568343,A_placebo,QQQ
recession,2025-08-25,2025-08-26,overnight,-0.0,-9.117208731480586,own,13.224342912001042,4.977770633454575,4.977770633454575,80.49083491996592,144,92,-0.0,-103.15705403342832,103.15705403342832,8.48974627673438,A_placebo,QQQ
recession,2025-08-26,2025-08-27,overnight,0.5,-18.510433947436233,own,13.224342912001042,4.977770633454575,4.977770633454575,80.2144641756139,145,92,6.612171456000521,-96.24015961198701,109.46450252398806,8.42985867466562,A_placebo,QQQ
recession,2025-08-27,2025-08-28,overnight,-0.5,9.93827806256009,own,13.20674388895135,4.973752447047933,4.973752447047933,79.96459570485112,146,93,-6.603371944475675,-109.13554602743608,95.92880213848474,8.338535648827987,A_placebo,QQQ
recession,2025-08-28,2025-08-29,overnight,-1.5,-41.84934236747817,own,13.195160100431016,4.970427787322047,4.970427787322047,79.70202780469394,147,94,-19.792740150646523,-122.38479876974127,82.79931846844822,8.343940184009515,A_placebo,QQQ
recession,2025-08-29,2025-09-02,holiday,1.5,-157.8089109431713,own,13.241351937534327,4.958200293230867,4.958200293230867,79.45123425965319,148,95,19.862027906301492,-82.40782172779636,122.13187754039934,8.174939232657705,A_placebo,QQQ
recession,2025-09-02,2025-09-03,overnight,-0.0,63.82376860790018,own,12.870431397138768,4.913094206530441,4.913094206530441,80.51378125034793,149,96,-0.0,-103.18646205044591,103.18646205044591,7.617946446832775,A_placebo,QQQ
recession,2025-09-03,2025-09-04,overnight,1.0,13.158125581149704,own,12.870431397138768,4.913094206530441,4.913094206530441,80.41331491725192,150,96,12.870431397138768,-90.37944937049896,116.12031216477651,7.805925785164104,A_placebo,QQQ
recession,2025-09-04,2025-09-05,overnight,-0.0,90.7400003476644,own,12.870831250069987,4.905375832927082,4.905375832927082,80.1448257358347,151,97,-0.0,-102.71360866304576,102.71360866304576,7.823766451150723,A_placebo,QQQ
recession,2025-09-05,2025-09-08,weekend,-0.0,40.62288422478133,own,12.870831250069987,4.905375832927082,4.905375832927082,80.21959561010605,152,97,-0.0,-102.80943373391193,102.80943373391193,8.099235666753758,A_placebo,QQQ
recession,2025-09-08,2025-09-09,overnight,-1.0,14.68504889257316,own,12.870831250069987,4.905375832927082,4.905375832927082,80.02314345418466,153,97,-12.870831250069987,-115.62099781000143,89.87933530986146,8.20692986727703,A_placebo,QQQ
recession,2025-09-09,2025-09-10,overnight,-0.0,56.33366065429746,own,12.832585753688802,4.89374009316442,4.89374009316442,79.79226308022848,154,98,-0.0,-102.26176436362083,102.26176436362083,8.228309798053584,A_placebo,QQQ
recession,2025-09-10,2025-09-11,overnight,-3.0,43.74031341484397,own,12.832585753688802,4.89374009316442,4.89374009316442,79.66222051777841,155,98,-38.497757261066404,-142.3121639940417,65.3166494719089,8.38655108376491,A_placebo,QQQ
recession,2025-09-11,2025-09-12,overnight,-0.5,16.264616754266825,own,12.494389438366346,4.803707718726053,4.803707718726053,79.67572774107421,156,99,-6.247194719183173,-108.4059938265433,95.91160438817695,8.502465058620908,A_placebo,QQQ
recession,2025-09-12,2025-09-15,weekend,1.0,30.341253877885777,own,12.478965107106703,4.800406213980661,4.800406213980661,79.44038865944823,157,100,12.478965107106703,-89.51754952808336,114.47547974229677,8.527831567430209,A_placebo,QQQ
recession,2025-09-15,2025-09-16,overnight,-0.0,15.379415244212158,own,12.503408882366065,4.795369730650135,4.795369730650135,79.1998029413995,158,101,-0.0,-101.5024674496976,101.5024674496976,8.598885060298143,A_placebo,QQQ
recession,2025-09-16,2025-09-17,overnight,0.9999999999999992,-1.184092562206418,own,12.503408882366065,4.795369730650135,4.795369730650135,78.95825310228642,159,101,12.503408882366056,-88.8759412381776,113.88275900290972,8.620899768687472,A_placebo,QQQ
recession,2025-09-17,2025-09-18,overnight,-1.5,84.4167952129915,own,12.484703721526197,4.786229079762893,4.786229079762893,78.71703952244405,160,102,-18.727055582289296,-120.02953265089582,82.57542148631723,8.589168401920826,A_placebo,QQQ
recession,2025-09-18,2025-09-19,overnight,0.5000000000000009,32.75219187745648,own,12.27391928529606,4.7550620119300415,4.7550620119300415,78.8919054686745,161,103,6.136959642648041,-95.01680970110449,107.29072898640057,8.833773649698474,A_placebo,QQQ
recession,2025-09-19,2025-09-22,weekend,1.5000000000000009,-28.526148969889583,own,12.2920433794294,4.754884534269193,4.754884534269193,78.67447553267388,162,104,18.43806506914411,-82.80462946497883,119.68075960326703,8.910681746893836,A_placebo,QQQ
recession,2025-09-22,2025-09-23,overnight,-0.0,2.158607863973483,own,12.19639324900367,4.7311154133280064,4.7311154133280064,78.5177603702003,163,105,-0.0,-100.62836169044871,100.62836169044871,8.790691904852865,A_placebo,QQQ
recession,2025-09-23,2025-09-24,overnight,-1.0,24.07463135720933,own,12.19639324900367,4.7311154133280064,4.7311154133280064,78.27672040081757,164,105,-12.19639324900367,-112.69890967306728,88.30612317505992,8.769503137949098,A_placebo,QQQ
recession,2025-09-24,2025-09-25,overnight,-0.0,-64.75858135086887,own,12.147212198690157,4.719946440931943,4.719946440931943,78.08901781418783,165,106,-0.0,-100.07888523066312,100.07888523066312,8.818245584507249,A_placebo,QQQ
recession,2025-09-25,2025-09-26,overnight,-0.0,13.478224243956838,own,12.147212198690157,4.719946440931943,4.719946440931943,78.01508809706608,166,106,-0.0,-99.9841369051999,99.9841369051999,8.584668356140975,A_placebo,QQQ
recession,2025-09-26,2025-09-29,weekend,-0.0,51.33797500209924,own,12.147212198690157,4.719946440931943,4.719946440931943,77.78678255603167,167,106,-0.0,-99.69154052381019,99.69154052381019,8.600154292494825,A_placebo,QQQ
recession,2025-09-29,2025-09-30,overnight,-0.0,-5.344467640919781,own,12.147212198690157,4.719946440931943,4.719946440931943,77.6552204670748,168,106,-0.0,-99.52293055060306,99.52293055060306,8.734973916184428,A_placebo,QQQ
recession,2025-10-01,2025-10-02,overnight,-0.0,62.824274371342526,own,12.147212198690157,4.719946440931943,4.719946440931943,77.42485676299056,169,106,-0.0,-99.2276964274487,99.2276964274487,8.690698942734414,A_placebo,QQQ
recession,2025-10-02,2025-10-03,overnight,-0.0,13.372956909361022,own,12.147212198690157,4.719946440931943,4.719946440931943,77.34656918266556,170,106,-0.0,-99.1273630645042,99.1273630645042,8.860396671350742,A_placebo,QQQ
recession,2025-10-03,2025-10-06,weekend,1.0,87.7883794381229,own,12.147212198690157,4.719946440931943,4.719946440931943,77.12556393723003,171,106,12.147212198690157,-86.8818340963588,111.17625849373911,8.874498422094526,A_placebo,QQQ
recession,2025-10-06,2025-10-07,overnight,1.0,21.556334435832714,own,12.249637611336649,4.722680294122351,4.722680294122351,77.11667255323063,172,107,12.249637611336649,-86.76824887392854,111.26752409660185,9.120336057658477,A_placebo,QQQ
recession,2025-10-07,2025-10-08,overnight,0.5,15.550813109004302,own,12.262222732127045,4.716609051191888,4.716609051191888,76.89543943562123,173,108,6.131111366063522,-92.46441992790628,104.72664266003332,9.158957170634174,A_placebo,QQQ
recession,2025-10-08,2025-10-09,overnight,-0.5,0.4906370103840984,own,12.268589546417642,4.715376550230191,4.715376550230191,76.67621968308377,174,109,-6.134294773208821,-104.44898216967435,92.18039262325671,9.178746198307145,A_placebo,QQQ
recession,2025-10-09,2025-10-10,overnight,1.0,11.462256427050566,own,12.264113241158457,4.713194537787428,4.713194537787428,76.457217242726,175,110,12.264113241158457,-85.90946057444083,110.43768705675774,9.15193104649257,A_placebo,QQQ
recession,2025-10-10,2025-10-13,weekend,1.0,172.94757288141227,own,12.263031113204198,4.705944250802704,4.705944250802704,76.23847914934453,176,111,12.263031113204198,-85.63016770505902,110.15622993146741,9.159039739971208,A_placebo,QQQ
recession,2025-10-13,2025-10-14,overnight,-0.0,-111.78659225300704,own,12.47958709941472,4.7232172876739345,4.7232172876739345,76.97912286301934,177,112,-0.0,-98.65644386124559,98.65644386124559,9.661458553288513,A_placebo,QQQ
recession,2025-10-14,2025-10-15,overnight,-0.0,99.65721929604544,own,12.47958709941472,4.7232172876739345,4.7232172876739345,77.21985872756747,178,112,-0.0,-98.96497094525047,98.96497094525047,9.290057786296781,A_placebo,QQQ
recession,2025-10-15,2025-10-16,overnight,-0.0,48.99030158097561,own,12.47958709941472,4.7232172876739345,4.7232172876739345,77.36408983018745,179,112,-0.0,-99.14981752636824,99.14981752636824,9.565567425046018,A_placebo,QQQ
recession,2025-10-16,2025-10-17,overnight,-0.5,-33.66835008417057,own,12.47958709941472,4.7232172876739345,4.7232172876739345,77.23453637435371,180,112,-6.23979354970736,-105.26983746699769,92.79025036758297,9.68539944375705,A_placebo,QQQ
recession,2025-10-17,2025-10-20,weekend,-0.0,53.984235278532466,own,12.498063728942817,4.723171744684215,4.723171744684215,77.04681651524216,181,113,-0.0,-98.74320004593436,98.74320004593436,9.55402444518757,A_placebo,QQQ
recession,2025-10-20,2025-10-21,overnight,-0.0,1.4716703458428348,own,12.498063728942817,4.723171744684215,4.723171744684215,76.93839273176339,182,113,-0.0,-98.60424412502796,98.60424412502796,9.688254689397073,A_placebo,QQQ
recession,2025-10-21,2025-10-22,overnight,0.5,-9.64982581246443,own,12.498063728942817,4.723171744684215,4.723171744684215,76.72680992663334,183,113,6.249031864471409,-92.13061492662966,104.62867865557247,9.663505941374318,A_placebo,QQQ
recession,2025-10-22,2025-10-23,overnight,-0.0,-7.763718656050855,own,12.48735742747687,4.720401338803449,4.720401338803449,76.52590905098867,184,114,-0.0,-98.07560503974709,98.07560503974709,9.605507948119548,A_placebo,QQQ
recession,2025-10-23,2025-10-24,overnight,-0.5,88.2738290206353,own,12.48735742747687,4.720401338803449,4.720401338803449,76.31982105110038,185,114,-6.243678713738435,-104.10192188069738,91.61456445322051,9.55350427565197,A_placebo,QQQ
recession,2025-10-24,2025-10-27,weekend,-0.5,121.55197562477626,own,12.423730697261874,4.713212750055989,4.713212750055989,76.42972847526056,186,115,-6.211865348630937,-104.21075658572362,91.78702588846174,9.788490319666847,A_placebo,QQQ
recession,2025-10-27,2025-10-28,overnight,-0.0,36.3011081390896,own,12.337752338598747,4.7045045218916375,4.7045045218916375,76.79732559453517,187,116,-0.0,-98.42345248195628,98.42345248195628,10.121119740217768,A_placebo,QQQ
recession,2025-10-28,2025-10-29,overnight,-0.0,42.66144195673949,own,12.337752338598747,4.7045045218916375,4.7045045218916375,76.63769911476257,188,116,-0.0,-98.21887518547972,98.21887518547972,10.198805165733708,A_placebo,QQQ
recession,2025-10-29,2025-10-30,overnight,-0.0,-58.1879944013719,own,12.337752338598747,4.7045045218916375,4.7045045218916375,76.49690592122639,189,116,-0.0,-98.03843462864374,98.03843462864374,10.29484846984911,A_placebo,QQQ
recession,2025-10-30,2025-10-31,overnight,1.1999999999999995,130.34935544160575,own,12.337752338598747,4.7045045218916375,4.7045045218916375,76.41157861271252,190,116,14.80530280631849,-83.3906846970914,113.00129030972839,10.092834184093295,A_placebo,QQQ
recession,2025-10-31,2025-11-03,weekend,-0.1,94.0892258300341,own,12.524003565242056,4.714835172653152,4.714835172653152,76.66895516109774,191,117,-1.2524003565242057,-99.51319123182961,97.0083905187812,10.446529834850685,A_placebo,QQQ
recession,2025-11-03,2025-11-04,overnight,-0.1499999999999999,-139.69087658793677,own,12.511196576701986,4.7135942258831065,4.7135942258831065,76.77854036681244,192,118,-1.8766794865052967,-100.28022897479019,96.5268700017796,10.691816333370284,A_placebo,QQQ
recession,2025-11-04,2025-11-05,overnight,-0.1500000000000003,-12.111620696337866,own,12.538964062492548,4.716094385066696,4.716094385066696,77.22149328168956,193,119,-1.880844609373886,-100.85206302396236,97.0903738052146,10.252100856992193,A_placebo,QQQ
recession,2025-11-05,2025-11-06,overnight,0.1499999999999994,-24.06584414959334,own,12.541025347542206,4.716126551236823,4.716126551236823,77.02469822418388,194,120,1.8811538021313234,-96.83786273289282,100.60017033715546,10.186900502609307,A_placebo,QQQ
recession,2025-11-06,2025-11-07,overnight,0.3500000000000005,-55.419323197647415,own,12.535797734097581,4.715481789954142,4.715481789954142,76.84850623699035,195,121,4.387529206934159,-94.12422681010203,102.89928522397035,10.08732857048081,A_placebo,QQQ
recession,2025-11-10,2025-11-11,overnight,-0.0,-41.8819602682996,own,12.507686971391301,4.7120849194755925,4.7120849194755925,76.7707441564408,196,122,-0.0,-98.38938571089453,98.38938571089453,9.897454217529715,A_placebo,QQQ
recession,2025-11-11,2025-11-12,overnight,0.5000000000000009,53.41742824044316,own,12.507686971391301,4.7120849194755925,4.7120849194755925,76.63306402854438,197,122,6.253843485695662,-92.0054969258896,104.51318389728094,9.747802730576451,A_placebo,QQQ
recession,2025-11-12,2025-11-13,overnight,0.3000000000000007,-56.35707844905302,own,12.539345058326786,4.713347426844053,4.713347426844053,76.51211548146532,198,123,3.761803517498045,-94.31286758394268,101.83647461893878,9.873651795446383,A_placebo,QQQ
recession,2025-11-13,2025-11-14,overnight,0.6499999999999995,-145.6254828158643,own,12.515135462646413,4.710521450184131,4.710521450184131,76.43814079742403,199,124,8.13483805072016,-89.90684346558228,106.17651956702261,9.683333605088627,A_placebo,QQQ
recession,2025-11-14,2025-11-17,weekend,-0.6000000000000005,-41.39154429880887,own,12.381054602220965,4.697262627304598,4.697262627304598,77.02055885052359,200,125,-7.428632761332586,-106.20424465732822,91.34697913466306,9.238322669785036,A_placebo,QQQ
recession,2025-11-17,2025-11-18,overnight,-0.2999999999999998,-66.76054004804088,own,12.408379316084273,4.697233474385037,4.697233474385037,76.86527347208704,201,126,-3.72251379482528,-102.2496015026104,94.80457391295985,9.093665907017627,A_placebo,QQQ
recession,2025-11-18,2025-11-19,overnight,0.1999999999999993,12.409236496571108,own,12.43373474209138,4.698945546068148,4.698945546068148,76.80262765103612,202,127,2.486746948418267,-95.95086935099289,100.92436324782943,8.877557058142814,A_placebo,QQQ
recession,2025-11-19,2025-11-20,overnight,0.2000000000000001,197.74576497265664,own,12.436395310349715,4.698903166315137,4.698903166315137,76.6154670213523,203,128,2.4872790620699443,-95.7104900404353,100.68504816457519,8.887590238365624,A_placebo,QQQ
recession,2025-11-20,2025-11-21,overnight,-0.2500000000000004,30.686075911328103,own,12.488748166917995,4.703674625409344,4.703674625409344,77.6454506327984,204,129,-3.1221870417295037,-102.64400789968187,96.39963381622286,9.422599231947185,A_placebo,QQQ
recession,2025-11-21,2025-11-24,weekend,0.7999999999999998,86.75613392978177,own,12.47741824414604,4.702208410524997,4.702208410524997,77.4910669009923,205,130,9.98193459531683,-89.44756640108919,109.41143559172285,9.48266555025052,A_placebo,QQQ
recession,2025-11-24,2025-11-25,overnight,0.1499999999999999,-29.73682906279307,own,12.559679803633033,4.705982590857451,4.705982590857451,77.4874270499945,206,131,1.883951970544954,-97.42805518364482,101.19595912473473,9.700337292164692,A_placebo,QQQ
recession,2025-11-25,2025-11-26,overnight,0.2999999999999998,59.12203773956737,own,12.553327336598281,4.705235443863733,4.705235443863733,77.33051058220866,207,132,3.765998200979482,-95.35729391822979,102.88929032018875,9.589558734987845,A_placebo,QQQ
recession,2025-11-26,2025-11-28,holiday,1.1,29.301167163160446,own,12.575566194929342,4.706725770155994,4.706725770155994,77.23937140206434,208,133,13.833122814422278,-85.37899207304795,113.04523770189252,9.728305174776583,A_placebo,QQQ
recession,2025-11-28,2025-12-01,weekend,0.8,-90.75494549858676,own,12.598314611495276,4.700343806308008,4.700343806308008,77.06092793375649,209,134,10.07865168919622,-88.80014202941098,108.95744540780342,9.782977973626817,A_placebo,QQQ
recession,2025-12-01,2025-12-02,overnight,-0.1500000000000001,36.616979909267485,own,12.490557268263128,4.687094796672447,4.687094796672447,77.19183639273847,210,135,-1.8735835902394706,-100.80674440026972,97.05957721979077,9.502928047520372,A_placebo,QQQ
recession,2025-12-02,2025-12-03,overnight,0.4499999999999999,-39.38463516967583,own,12.482844964925084,4.686240643144886,4.686240643144886,77.05361820677625,211,136,5.617280234216286,-93.17161306719345,104.40617353562601,9.578244858247448,A_placebo,QQQ
recession,2025-12-03,2025-12-04,overnight,-0.7,22.45280900678326,own,12.45580135721865,4.6824448089555135,4.6824448089555135,76.93319688717752,212,137,-8.719060950053054,-107.40609048863622,89.96796858853013,9.442613611632702,A_placebo,QQQ
recession,2025-12-04,2025-12-05,overnight,0.6000000000000003,24.403557781844665,own,12.426680918189827,4.676479872420673,4.676479872420673,76.7813696979805,213,138,7.4560085509139,-91.01267927336559,105.92469637519338,9.478553377917647,A_placebo,QQQ
recession,2025-12-05,2025-12-08,weekend,0.2000000000000001,27.177822896518045,own,12.440244880504784,4.675190554394101,4.675190554394101,76.60971673840554,214,139,2.488048976100958,-95.7022767521028,100.67837470430472,9.519669092529018,A_placebo,QQQ
recession,2025-12-08,2025-12-09,overnight,-0.2499999999999997,-18.744592905891587,own,12.446831345028297,4.6755060989096116,4.6755060989096116,76.44914396701498,215,140,-3.1117078362570703,-101.10038222836924,94.8769665558551,9.56818050407844,A_placebo,QQQ
recession,2025-12-09,2025-12-10,overnight,0.4499999999999997,-20.156452464366037,own,12.452043870475809,4.675539626786093,4.675539626786093,76.278598661773,216,141,5.603419741714109,-92.19241370227577,103.39925318570398,9.490611261859343,A_placebo,QQQ
recession,2025-12-10,2025-12-11,overnight,0.5000000000000002,-59.43749502031581,own,12.43658748346055,4.672759723988942,4.672759723988942,76.12199893173279,217,142,6.218293741730277,-91.38560072309126,103.82218820655181,9.409608355503536,A_placebo,QQQ
recession,2025-12-11,2025-12-12,overnight,-0.0,-56.583868802148054,own,12.392830230652537,4.66732349281619,4.66732349281619,76.07702651208794,218,143,-0.0,-97.50031717789192,97.50031717789192,9.222014068375962,A_placebo,QQQ
recession,2025-12-12,2025-12-15,weekend,0.4,78.23068272568622,own,12.392830230652537,4.66732349281619,4.66732349281619,75.99902414156384,219,143,4.957132092261015,-92.4726008319245,102.38686501644654,9.043193734488668,A_placebo,QQQ
recession,2025-12-15,2025-12-16,overnight,-0.0,-36.5280348572461,own,12.43188927714967,4.66983971621023,4.66983971621023,75.98676682997791,220,144,-0.0,-97.38464036929969,97.38464036929969,9.230693704654515,A_placebo,QQQ
recession,2025-12-16,2025-12-17,overnight,0.7000000000000001,20.59496567505814,own,12.43188927714967,4.66983971621023,4.66983971621023,75.85386158796679,221,144,8.70232249400477,-88.60221493475649,106.00685992276604,9.107021465298025,A_placebo,QQQ
recession,2025-12-17,2025-12-18,overnight,0.05,157.2389899393678,own,12.442976105862396,4.66742071202907,4.66742071202907,75.68627712884742,222,145,0.6221488052931199,-96.37784506634169,97.62214267692794,9.137986274488753,A_placebo,QQQ
recession,2025-12-18,2025-12-19,overnight,-0.0,45.96568989575722,own,12.453404992044879,4.668349874745485,4.668349874745485,76.24368016470719,223,146,-0.0,-97.71390049908874,97.71390049908874,9.536107252082514,A_placebo,QQQ
recession,2025-12-19,2025-12-22,weekend,0.2999999999999999,66.58674097595795,own,12.453404992044879,4.668349874745485,4.668349874745485,76.13478638091027,224,146,3.736021497613462,-93.8548278721361,101.32687086736303,9.633773693486468,A_placebo,QQQ
recession,2025-12-22,2025-12-23,overnight,-0.05,-15.50487757606911,own,12.478512807062128,4.670050476973652,4.670050476973652,76.08062306152186,225,147,-0.6239256403531064,-98.12931138634482,96.88146010563861,9.786054354669547,A_placebo,QQQ
recession,2025-12-23,2025-12-24,overnight,0.0499999999999999,-3.5357837386096325,own,12.479503585814726,4.6701226795329305,4.6701226795329305,75.91784893362637,226,148,0.623975179290735,-96.67280024324381,97.92075060182529,9.71861186952091,A_placebo,QQQ
recession,2025-12-24,2025-12-26,holiday,0.05,11.700030452135302,own,12.479226628597914,4.670080179158386,4.670080179158386,75.75020825772819,227,149,0.6239613314298957,-96.45796681099404,97.70588947385383,9.683360817371627,A_placebo,QQQ
recession,2025-12-26,2025-12-29,weekend,0.2499999999999999,-59.95126955629648,own,12.4799640720713,4.670129443340981,4.670129443340981,75.58674843783767,228,150,3.119991018017824,-93.76354128123388,100.00352331726954,9.68871007369726,A_placebo,QQQ
recession,2025-12-29,2025-12-30,overnight,-0.0,-16.750418760468342,own,12.458969431115323,4.6678472945651635,4.6678472945651635,75.53637404599459,229,151,-0.0,-96.80741697734668,96.80741697734668,9.504477323353361,A_placebo,QQQ
recession,2025-12-30,2025-12-31,overnight,0.0499999999999999,3.713151012236793,own,12.458969431115323,4.6678472945651635,4.6678472945651635,75.37939451351687,230,151,0.6229484715557648,-95.98374660212671,97.22964354523823,9.435203191206075,A_placebo,QQQ
election,2024-06-14,2024-06-17,weekend,0.0,-11.976489230371978,own,0.3841775408814837,4.032608976428075,4.032608976428075,49.52981656201999,53,20,0.0,-63.47741290588482,63.47741290588482,10.623262478951428,A_all397,SPY
election,2024-06-17,2024-06-18,overnight,0.0,2.0107851201900395,own,0.3841775408814837,4.032608976428075,4.032608976428075,49.08790309134647,54,20,0.0,-62.91105660186964,62.91105660186964,10.204748558408403,A_all397,SPY
election,2024-06-18,2024-06-20,holiday,0.0,17.320279312293962,own,0.3841775408814837,4.032608976428075,4.032608976428075,48.63203132858222,55,20,0.0,-62.32681135071098,62.32681135071098,10.05576740498625,A_all397,SPY
election,2024-06-20,2024-06-21,overnight,0.0,-46.622177529940245,own,0.3841775408814837,4.032608976428074,4.032608976428074,48.24445583168417,56,20,0.0,-61.830094593886436,61.830094593886436,10.18549083190246,A_all397,SPY
election,2024-06-21,2024-06-24,weekend,1.0,3.85944276997785,own,0.3841775408814837,4.032608976428074,4.032608976428074,48.215965226941634,57,20,0.3841775408814837,-61.62515129106268,62.39350637282564,9.188865071168378,A_all397,SPY
election,2024-06-24,2024-06-25,overnight,0.0,24.693633096839473,own,0.450689794069931,3.9563430908055643,3.9563430908055643,47.793320988923895,58,21,0.0,-61.25192017940487,61.25192017940487,9.09697847976854,A_all397,SPY
election,2024-06-25,2024-06-26,overnight,0.0,-20.008076654794984,own,0.450689794069931,3.9563430908055643,3.9563430908055643,47.49033709174683,59,21,0.0,-60.86361601678274,60.86361601678274,9.36132855802398,A_all397,SPY
election,2024-06-26,2024-06-27,overnight,0.0,-2.7496700395945872,own,0.450689794069931,3.9563430908055643,3.9563430908055643,47.15815185969717,60,21,0.0,-60.4378874233879,60.4378874233879,8.871838471143663,A_all397,SPY
election,2024-06-27,2024-06-28,overnight,6.0,14.825661206185892,own,0.450689794069931,3.9563430908055643,3.9563430908055643,46.76486334272772,61,21,2.704138764419586,-64.50900474789654,69.9172822767357,8.681321938180742,A_all397,SPY
election,2024-06-28,2024-07-01,weekend,1.0,28.304140859047862,own,1.274815965748094,2.467141386895499,2.467141386895499,46.39533256818065,62,22,1.274815965748094,-58.269451984900016,60.81908391639621,8.78042418443889,A_all397,SPY
election,2024-07-01,2024-07-02,overnight,4.0,-30.621412985678553,own,1.5776655443845062,2.4101169183955182,2.4101169183955182,46.146075658012336,63,23,6.310662177538025,-54.10694302673323,66.72826738180927,9.090324449115222,A_all397,SPY
election,2024-07-02,2024-07-03,overnight,-3.0,-5.100460863070033,own,0.17407123889408893,2.6625344909709088,2.6625344909709088,45.97845701369202,64,24,-0.5222137166822668,-60.33079786009699,59.28637042673246,8.469828551696569,A_all397,SPY
election,2024-07-03,2024-07-05,holiday,-0.5,5.621441265004634,own,0.29428779416028855,2.413616898411211,2.413616898411211,45.621142866634735,65,25,-0.14714389708014428,-58.63565359748224,58.341365803321956,8.261054868392469,A_all397,SPY
election,2024-07-05,2024-07-08,weekend,0.0,13.34054443843602,own,0.26909746594157774,2.410036543978223,2.410036543978223,45.27449259993481,66,26,0.0,-58.02378971607646,58.02378971607646,8.221060722886591,A_all397,SPY
election,2024-07-08,2024-07-09,overnight,2.0,16.566427773976322,own,0.26909746594157774,2.410036543978223,2.410036543978223,44.96019271933022,67,26,0.5381949318831555,-57.41297435256956,58.48936421633587,8.297470927596285,A_all397,SPY
election,2024-07-09,2024-07-10,overnight,0.0,21.948367365296484,own,0.5396161636984246,2.314531051986141,2.314531051986141,44.66490186258201,68,27,0.0,-57.24253822708511,57.24253822708511,8.419073234160697,A_all397,SPY
election,2024-07-10,2024-07-11,overnight,-1.0,3.2070698072206305,own,0.5396161636984246,2.314531051986141,2.314531051986141,44.41508960305203,69,27,-0.5396161636984246,-57.539231651274996,56.459999323878144,8.615149960698897,A_all397,SPY
election,2024-07-11,2024-07-12,overnight,-2.0,21.746162970419647,own,0.5082631430212776,2.295028784488179,2.295028784488179,44.09435415702703,70,28,-1.0165262860425552,-57.83320486455284,55.80015229246773,8.537891672792064,A_all397,SPY
election,2024-07-12,2024-07-15,weekend,11.0,38.04250759064098,own,0.13963659635792192,2.2700661376450446,2.2700661376450446,43.85998679033203,71,29,1.536002559937141,-63.14653701797793,66.21854213785221,8.723923662899495,A_all397,SPY
election,2024-07-15,2024-07-16,overnight,0.0,24.48841475360286,own,1.782056045592042,1.9765757369285786,1.9765757369285786,43.658738515802746,72,30,0.0,-55.9530392818528,55.9530392818528,9.13112621745146,A_all397,SPY
election,2024-07-16,2024-07-17,overnight,-1.0,-107.020510051431,own,1.782056045592042,1.9765757369285786,1.9765757369285786,43.45044260759773,73,30,-1.782056045592042,-57.52573112139575,53.961619030211665,9.341500033015178,A_all397,SPY
election,2024-07-17,2024-07-18,overnight,-3.0,28.00969566388201,own,2.2107259193429134,1.7018771760369849,1.7018771760369849,44.868417816664866,74,31,-6.632177758028741,-64.5066340420332,51.24227852597571,7.769040437279418,A_all397,SPY
election,2024-07-18,2024-07-19,overnight,-2.5,-4.34263380740485,own,1.8023737768449477,1.9252664668649315,1.9252664668649315,44.73939404930919,75,32,-4.50593444211237,-62.17480082293707,53.16293193871233,8.038915840300787,A_all397,SPY
election,2024-07-19,2024-07-22,weekend,-1.0,74.1442442570106,own,1.8008080948247416,1.855404811070103,1.855404811070103,44.440134434308796,76,33,-1.8008080948247416,-58.804901941185946,55.20328575153647,7.876000713357292,A_all397,SPY
election,2024-07-22,2024-07-23,overnight,2.0,-1.983232669251489,own,1.510664628342085,2.0576580198880228,2.0576580198880228,44.99488745174415,77,34,3.02132925668417,-54.88480975415032,60.927468267518655,8.736627252885258,A_all397,SPY
election,2024-07-23,2024-07-24,overnight,-1.0,-87.76999205374558,own,1.473000944986031,2.0345200205546123,2.0345200205546123,44.705341325900925,78,35,-1.473000944986031,-58.82666743089831,55.880665540926245,8.599193151319401,A_all397,SPY
election,2024-07-24,2024-07-25,overnight,-1.0,2.586796252841417,own,1.796513563950453,1.8468133349427636,1.8468133349427636,45.47596622574129,79,36,-1.796513563950453,-60.126552389900475,56.533525261999564,7.379330047457819,A_all397,SPY
election,2024-07-25,2024-07-26,overnight,-2.0,73.18794813686358,own,1.7801426589390925,1.8464089736862728,1.8464089736862728,45.18990799330871,80,37,-3.560285317878185,-61.66872309684634,54.54815246108998,7.319423375025113,A_all397,SPY
election,2024-07-26,2024-07-29,weekend,1.0,30.126014916052046,own,1.215298254488371,2.2291487084114117,2.2291487084114117,45.70717732055868,81,38,1.215298254488371,-57.43264407094387,59.86324057992062,8.132615038751513,A_all397,SPY
election,2024-07-29,2024-07-30,overnight,-1.5,27.535061311403375,own,1.3212953824867715,2.1534678523105075,2.1534678523105075,45.53718461208314,82,39,-1.9819430737301573,-60.48904491035465,56.525158762894335,8.40082723237713,A_all397,SPY
election,2024-07-30,2024-07-31,overnight,1.0,130.46446826963987,own,1.160293540386043,2.2315448785397405,2.2315448785397405,45.374938672772274,83,40,1.160293540386043,-57.062511678990255,59.38309875976234,8.631360173088291,A_all397,SPY
election,2024-07-31,2024-08-01,overnight,-2.999999999999986,38.696315674733306,own,1.628786927086238,2.001162266257348,2.001162266257348,47.273565085029006,84,41,-4.886360781258691,-65.95876025316612,56.18603869064873,10.081754317094857,A_all397,SPY
election,2024-08-01,2024-08-02,overnight,1.0,-134.24425456688203,own,1.1700219117600084,2.2061698288357876,2.2061698288357876,47.22376235500338,85,42,1.1700219117600084,-59.417960903755386,61.758004727275406,10.418396215420016,A_all397,SPY
election,2024-08-02,2024-08-05,weekend,0.0,-400.39025854628704,own,0.6965454205759452,2.508629731575671,2.508629731575671,49.181529794467124,86,43,0.0,-63.03104858458907,63.03104858458907,8.736272369114177,A_all397,SPY
election,2024-08-05,2024-08-06,overnight,-1.0,34.981929224406905,own,0.6965454205759452,2.508629731575671,2.508629731575671,65.22878371434203,87,43,-0.6965454205759452,-84.35555567855967,82.96246483740778,4.033668565488876,A_all397,SPY
election,2024-08-06,2024-08-07,overnight,-0.5,120.26273961584845,own,0.5722301779104995,2.570922305008363,2.570922305008363,64.96513844195498,88,44,-0.28611508895524973,-83.56173388689751,82.989503708987,4.385353345703852,A_all397,SPY
election,2024-08-07,2024-08-08,overnight,-2.0,101.41714065361909,own,0.36239753264539293,2.7002236869129455,2.7002236869129455,65.85971664525198,89,45,-0.7247950652907859,-85.41389966320352,83.96430953262194,5.68734644986278,A_all397,SPY
election,2024-08-08,2024-08-09,overnight,-0.5500000000000043,-15.453329061682064,own,-0.33900631778488977,3.1486377317968914,3.1486377317968914,66.36550900243661,90,46,0.1864534747816908,-84.89653475368002,85.26944170324339,6.751010829904517,A_all397,SPY
election,2024-08-09,2024-08-12,weekend,-3.1499999999999986,24.394363025652677,own,-0.3095026078353776,3.12595909669949,3.12595909669949,66.01634805014216,91,47,0.974933214681439,-84.5675909541274,86.51745738349028,6.507007094832136,A_all397,SPY
election,2024-08-12,2024-08-13,overnight,-0.0499999999999971,61.50961087669992,own,-0.5542035080909854,3.121952924594946,3.121952924594946,65.69699482160073,92,48,0.027710175404547663,-84.16979605507427,84.22521640588337,6.7014348766888805,A_all397,SPY
election,2024-08-13,2024-08-14,overnight,-0.0500000000000042,15.682656826567776,own,-0.5644002724766016,3.1277879883331976,3.1277879883331976,65.65263078520188,93,49,0.028220013623832453,-84.1124303182566,84.16887034550427,7.2907701024954505,A_all397,SPY
election,2024-08-14,2024-08-15,overnight,-0.3999999999999986,105.18959873478283,own,-0.5669965370402451,3.129242193123535,3.129242193123535,65.31887942179257,94,50,0.22679861481609723,-83.50124613324766,83.95484336287987,7.38004549317707,A_all397,SPY
election,2024-08-15,2024-08-16,overnight,-0.2000000000000028,-29.79381551412086,own,-0.7061860346134666,3.210139418999222,3.210139418999222,65.86584159363024,95,51,0.14123720692269529,-84.27643552120814,84.55890993505353,8.409619737825553,A_all397,SPY
election,2024-08-16,2024-08-19,weekend,2.25,9.382724959852151,own,-0.6863404679726265,3.198058448231655,3.198058448231655,65.59019847479547,96,52,-1.5442660529384096,-86.10900105848361,83.02046895260679,8.011667287284446,A_all397,SPY
election,2024-08-19,2024-08-20,overnight,1.3500000000000014,-7.327185645864542,own,-0.6061894299561182,3.0752921856682343,3.0752921856682343,65.25706151742334,97,53,-0.8183557304407605,-84.62088743427108,82.98417597338957,8.025801902465556,A_all397,SPY
election,2024-08-20,2024-08-21,overnight,1.7000000000000028,20.58644516845121,own,-0.6346661541011838,3.0642206853555627,3.0642206853555627,64.92315728434546,98,54,-1.0789324619720142,-84.55185212770553,82.3939872037615,7.86913876421729,A_all397,SPY
election,2024-08-21,2024-08-22,overnight,0.5,33.17281968967079,own,-0.5164110547394155,2.9605526337122945,2.9605526337122945,64.62778981772831,99,55,-0.25820552736970775,-83.10690455949411,82.59049350475469,7.997596404664097,A_all397,SPY
election,2024-08-22,2024-08-23,overnight,-0.2000000000000028,59.68968555042142,own,-0.4627849896826462,2.9287833933126883,2.9287833933126883,64.38821307364499,100,56,0.09255699793653054,-82.43079149145647,82.61590548732953,8.249348637514164,A_all397,SPY
election,2024-08-23,2024-08-26,weekend,-1.0500000000000045,19.39191232720683,own,-0.5010195265974231,2.948976265380628,2.948976265380628,64.34203278548733,101,57,0.5260705029272965,-82.03011150997452,83.08225251582911,8.758658903978592,A_all397,SPY
election,2024-08-26,2024-08-27,overnight,0.4999999999999929,-22.114029925276448,own,-0.5643383446013822,2.9683209466942295,2.9683209466942295,64.05013382891283,102,58,-0.2821691723006871,-82.39085532434835,81.82651697974698,8.862906486559261,A_all397,SPY
election,2024-08-27,2024-08-28,overnight,-0.29999999999999,-5.7307529155059544,own,-0.5992026612327439,2.983748347001065,2.983748347001065,63.77200762467705,103,59,0.17976079836981718,-81.55849495262923,81.91801654936886,8.562159531104545,A_all397,SPY
election,2024-08-28,2024-08-29,overnight,0.0499999999999971,35.46289828595839,own,-0.593541023670061,2.979457024865237,2.979457024865237,63.46435110447596,104,60,-0.02967705118350133,-81.36581350834388,81.30645940597688,8.42472768065637,A_all397,SPY
election,2024-08-29,2024-08-30,overnight,-0.3999999999999915,43.9715930970852,own,-0.5878747228084211,2.9763882023500345,2.9763882023500345,63.25431503546727,105,61,0.23514988912336343,-80.84593822960119,81.31623800784791,8.682234067373532,A_all397,SPY
election,2024-08-30,2024-09-03,holiday,1.499999999999993,-55.00647656901614,own,-0.6437055103724371,3.004660890450604,3.004660890450604,63.09683942514713,106,62,-0.965558265558651,-82.03650003200227,80.10538350088495,9.015152548785906,A_all397,SPY
election,2024-09-03,2024-09-04,overnight,0.5,-35.49695740365011,own,-0.9005539813964735,3.1217466294363923,3.1217466294363923,63.01592870148414,107,63,-0.45027699069823673,-81.23626206260955,80.33570808121307,8.41681956637654,A_all397,SPY
election,2024-09-04,2024-09-05,overnight,0.5,0.9077045966154884,own,-0.9560339250611115,3.1485438512801824,3.1485438512801824,62.8121415316507,108,64,-0.47801696253055576,-81.00333715066411,80.04730322560299,8.010210520357775,A_all397,SPY
election,2024-09-05,2024-09-06,overnight,0.1999999999999957,6.73253634659865,own,-0.9538420212978308,3.1436869114716197,3.1436869114716197,62.520810383668795,109,65,-0.19076840425956207,-80.32149058196202,79.93995377344291,7.945049915552802,A_all397,SPY
election,2024-09-06,2024-09-09,weekend,1.1000000000000014,78.08596858057459,own,-0.9494621233090548,3.1407391766812935,3.1407391766812935,62.236889340803124,110,66,-1.0444083356399616,-80.9300032252387,78.84118655395879,7.934027064925945,A_all397,SPY
election,2024-09-09,2024-09-10,overnight,0.9500000000000028,35.50382489660109,own,-0.6751800542753817,2.9902045124162684,2.9902045124162684,62.40932732870503,111,67,-0.6414210515616146,-80.70802771003876,79.42518560691555,8.566026538039896,A_all397,SPY
election,2024-09-10,2024-09-11,overnight,-2.6999999999999957,-2.186509238001344,own,-0.567284645281722,2.9240259178882155,2.9240259178882155,62.22195298062193,112,68,1.5316685422606469,-78.85132561631853,81.91466270083983,8.806542594812763,A_all397,SPY
election,2024-09-11,2024-09-12,overnight,-0.8000000000000043,11.725232700772192,own,-0.5364466440784771,2.815545232046537,2.815545232046537,61.944527624453386,113,69,0.42915731526278394,-79.0114156637769,79.86973029430247,8.709258950274585,A_all397,SPY
election,2024-09-12,2024-09-13,overnight,0.1000000000000014,12.343028871955042,own,-0.5641515648158176,2.8214728510509417,2.8214728510509417,61.67896438982044,114,70,-0.056415156481582546,-79.10500297446173,78.99217266149857,8.735714860366668,A_all397,SPY
election,2024-09-13,2024-09-16,weekend,-0.2000000000000028,-3.559098836175556,own,-0.5603502989901359,2.819478799641719,2.819478799641719,61.418826528629275,115,71,0.11207005979802874,-78.60561550831858,78.82975562791464,8.767082808293525,A_all397,SPY
election,2024-09-16,2024-09-17,overnight,-1.0,39.79675230074919,own,-0.5580996532721442,2.8178793220139053,2.8178793220139053,61.152163214899915,116,72,0.5580996532721442,-77.89767475690394,79.01387406344821,8.660822621703275,A_all397,SPY
election,2024-09-17,2024-09-18,overnight,-0.1000000000000014,11.365654413071358,own,-0.6780102753756244,2.867234374410725,2.867234374410725,60.996571363821275,117,73,0.06780102753756338,-78.10626848888255,78.24187054395769,8.926941678789138,A_all397,SPY
election,2024-09-18,2024-09-19,overnight,-0.4999999999999929,172.44757985498626,own,-0.6814627161146891,2.8688197665418858,2.8688197665418858,60.74432314195914,118,74,0.34073135805733973,-77.53089533333029,78.21235804944497,8.947608735859326,A_all397,SPY
election,2024-09-19,2024-09-20,overnight,0.3500000000000014,-53.94801373222013,own,-0.9442272809473594,3.008491956883017,3.008491956883017,62.52547090505149,119,75,-0.3304795483315771,-80.47448542013302,79.81352632346986,10.321558072994847,A_all397,SPY
election,2024-09-20,2024-09-23,weekend,-0.3000000000000042,21.827143108608116,own,-1.001508348555256,3.036268294555234,3.036268294555234,62.455835651989894,120,76,0.300452504566581,-79.7514588114143,80.35236382054745,9.785978307951385,A_all397,SPY
election,2024-09-23,2024-09-24,overnight,0.1000000000000014,15.449438202246313,own,-1.0212151189164425,3.0450804904003816,3.0450804904003816,62.226087011632686,121,77,-0.10212151189164567,-79.85202949757391,79.64778647379063,9.8854920666345,A_all397,SPY
election,2024-09-24,2024-09-25,overnight,0.5,-1.7505776906379111,own,-1.016469666400037,3.042553849977084,3.042553849977084,61.9845456747508,122,78,-0.5082348332000185,-79.9715501714838,78.95508050508376,9.93109818250017,A_all397,SPY
election,2024-09-25,2024-09-26,overnight,0.1000000000000014,76.84210526315738,own,-1.0183636838370163,3.040173415063303,3.040173415063303,61.730090335318515,123,79,-0.10183636838370304,-79.21607958621586,79.01240684944845,9.83612520792181,A_all397,SPY
election,2024-09-26,2024-09-27,overnight,-0.2999999999999971,19.221024305859924,own,-0.9949033769137624,3.0283097405012582,3.0283097405012582,61.86885448389366,124,80,0.2984710130741258,-79.00120100373846,79.5981430298867,10.376496014818873,A_all397,SPY
election,2024-09-27,2024-09-30,weekend,0.5499999999999972,-17.325563080800023,own,-1.0122071611877195,3.0358778183351838,3.0358778183351838,61.64229858477057,125,81,-0.5567139386532428,-79.58646110999427,78.47303323268778,10.4472522411472,A_all397,SPY
election,2024-09-30,2024-10-01,overnight,-0.3999999999999986,-10.80101738615391,own,-1.040294188765603,3.046130735751986,3.046130735751986,61.41353493395856,126,82,0.41611767550623974,-78.30695802953554,79.13919338054802,10.226833071925396,A_all397,SPY
election,2024-10-01,2024-10-02,overnight,1.1000000000000014,-17.232587174031977,own,-1.0266367201376676,3.0371533884667476,3.0371533884667476,61.17750306083007,127,83,-1.1293003921514357,-79.65121072253031,77.39260993822744,10.061259446271228,A_all397,SPY
election,2024-10-02,2024-10-03,overnight,0.1999999999999957,-26.193196800562426,own,-1.080357074844271,3.04854392369127,3.04854392369127,60.952861045222114,128,84,-0.21607141496884957,-78.33716620155913,77.90502337162143,9.848026269550113,A_all397,SPY
election,2024-10-03,2024-10-04,overnight,0.0,80.48892176547362,own,-1.096111409439926,3.055960295215111,3.055960295215111,60.75769244197342,129,85,-0.0,-77.86705863363314,77.86705863363314,9.568636943425208,A_all397,SPY
election,2024-10-04,2024-10-07,weekend,1.499999999999993,-28.10214518859877,own,-1.096111409439926,3.055960295215111,3.055960295215111,60.9352246597281,130,85,-1.6441671141598813,-79.95940864247203,76.67107441415226,10.114177595902504,A_all397,SPY
election,2024-10-07,2024-10-08,overnight,-1.1000000000000014,45.96608020288606,own,-1.215640566246691,3.0881794068630364,3.0881794068630364,60.74444500166506,131,86,1.3372046228713617,-76.6345135111007,79.30892275684344,9.822449941058984,A_all397,SPY
election,2024-10-08,2024-10-09,overnight,0.3999999999999986,0.5234414530730369,own,-1.36295820948317,3.14907355638217,3.14907355638217,60.63719491044331,132,87,-0.5451832837932661,-78.27457799868768,77.18421143110115,10.0962653218304,A_all397,SPY
election,2024-10-09,2024-10-10,overnight,1.0,-23.04626581181801,own,-1.361676106603735,3.146257655517645,3.146257655517645,60.407143471582756,133,88,-1.361676106603735,-78.88440815435104,76.16105594114356,10.024289202516433,A_all397,SPY
election,2024-10-10,2024-10-11,overnight,-1.0,-0.8679048776261133,own,-1.4265228524831577,3.1657480667219784,3.1657480667219784,60.20890005725667,134,89,1.4265228524831577,-75.84379301839104,78.69683872335736,9.777494015842295,A_all397,SPY
election,2024-10-11,2024-10-14,weekend,0.3499999999999943,28.815460270901205,own,-1.4196819316948117,3.148793447489944,3.148793447489944,59.984145768205536,135,90,-0.49688867609317605,-77.38554389024179,76.39176653805544,9.698639209224012,A_all397,SPY
election,2024-10-14,2024-10-15,overnight,1.6999999999999955,5.305675361129136,own,-1.389104552905327,3.1321218612444492,3.1321218612444492,59.81477568802308,136,91,-2.3614777399390494,-79.32322595806966,74.60027047819156,9.83920406997164,A_all397,SPY
election,2024-10-15,2024-10-16,overnight,1.3999999999999986,-0.1724762413979341,own,-1.350588669001731,3.0753537234735013,3.0753537234735013,59.5980581594083,137,92,-1.8908241366024214,-78.47074955279123,74.6891012795864,9.806112619542132,A_all397,SPY
election,2024-10-16,2024-10-17,overnight,3.200000000000003,63.032426490794435,own,-1.343520810338258,3.046759608389286,3.046759608389286,59.380329060155645,138,93,-4.29926659308243,-81.42005938037978,72.82152619421491,9.733804004607784,A_all397,SPY
election,2024-10-17,2024-10-18,overnight,0.4000000000000057,30.741224153330027,own,-0.7289878025278527,2.716586733903959,2.716586733903959,59.4337022798626,139,94,-0.2915951210111452,-76.47455773308047,75.89136749105819,10.117247331846537,A_all397,SPY
election,2024-10-18,2024-10-21,weekend,1.3999999999999986,-12.31674564209584,own,-0.6935995774523426,2.699861811229968,2.699861811229968,59.277967445237,140,95,-0.9710394084332786,-77.09596885891737,75.1538900420508,10.264561451999992,A_all397,SPY
election,2024-10-21,2024-10-22,overnight,1.1999999999999886,-44.888378707146344,own,-0.738631156073746,2.6992698685677063,2.6992698685677063,59.07362063958931,141,96,-0.8863573872884868,-76.7088351251445,74.93612035056753,10.104410337857466,A_all397,SPY
election,2024-10-22,2024-10-23,overnight,-1.6000000000000014,-35.31509291641033,own,-0.8877189545429244,2.7524300599561804,2.7524300599561804,58.97981848901896,142,97,1.4203503272686802,-74.37860530972067,77.21930596425803,9.717137175568707,A_all397,SPY
election,2024-10-23,2024-10-24,overnight,-1.1999999999999886,35.47142387486435,own,-0.7229537001771954,2.6612585722517745,2.6612585722517745,58.8519918338676,143,98,0.8675444402126262,-74.66813140685638,76.40322028728163,9.402226475624797,A_all397,SPY
election,2024-10-24,2024-10-25,overnight,1.5499999999999972,40.229289685418394,own,-0.8388893042802241,2.697922518745283,2.697922518745283,58.71691600325498,144,99,-1.300278421634345,-76.74248194338723,74.14192510011854,9.583262568675073,A_all397,SPY
election,2024-10-25,2024-10-28,weekend,1.0,61.57008022244837,own,-0.6603653442834643,2.6064541352354778,2.6064541352354778,58.61425887488183,145,100,-0.6603653442834643,-75.85463386068193,74.533903172115,9.794614479825027,A_all397,SPY
election,2024-10-28,2024-10-29,overnight,0.3999999999999915,-15.841038621140502,own,-0.4882547839761071,2.5335679995885805,2.5335679995885805,58.63933193953195,146,101,-0.1953019135904387,-75.35869213846989,74.96808831128901,10.149240957514229,A_all397,SPY
election,2024-10-29,2024-10-30,overnight,0.5,-7.048306687297279,own,-0.505555675333726,2.539029005488889,2.539029005488889,58.45250455153326,147,102,-0.252777837666863,-75.18317388569822,74.67761821036449,9.972436334530183,A_all397,SPY
election,2024-10-30,2024-10-31,overnight,-0.9000000000000057,-76.0384157801275,own,-0.5149422186743992,2.5404707965583926,2.5404707965583926,58.25604166605316,148,103,0.4634479968069622,-74.25497646553774,75.18187245915166,9.857431314112429,A_all397,SPY
election,2024-10-31,2024-11-01,overnight,0.2999999999999971,48.72042916190367,own,-0.32515969174994097,2.4659610678907313,2.4659610678907313,58.39770032806573,149,104,-0.09754790752498135,-74.9460458037263,74.75094998867634,9.280949118849074,A_all397,SPY
election,2024-11-01,2024-11-04,weekend,-1.6000000000000014,2.802003432453848,own,-0.2848011924538093,2.4499550573387894,2.4499550573387894,58.33861646881541,150,105,0.4556819079260953,-74.47967950241534,75.39104331826752,9.54387898580277,A_all397,SPY
election,2024-11-04,2024-11-05,overnight,4.200000000000003,17.024413359776336,own,-0.2950739834927399,2.4316392259463444,2.4316392259463444,58.144142623443386,151,106,-1.2393107306695084,-76.89762358475875,74.41900212341974,9.499230803330262,A_all397,SPY
election,2024-11-05,2024-11-06,overnight,38.599999999999994,217.10480682527677,own,-0.09483606821372688,2.2285863052330313,2.2285863052330313,57.96947141588452,152,107,-3.660672233049857,-136.604607506803,129.28326304070328,9.54873858330688,A_all397,SPY
recession,2025-01-10,2025-01-13,weekend,-0.0,-81.6523401836322,pooled,4.454739017056046,4.561914065420208,6.376186920908153,58.34320973883353,153,108,-0.0,-74.77265760128905,74.77265760128905,10.90531419273152,A_all397,SPY
recession,2025-01-13,2025-01-14,overnight,-0.0,48.49193520652051,pooled,4.454739017056046,4.561914065420208,6.376186920908153,58.52570427398281,154,108,-0.0,-75.00654259753638,75.00654259753638,10.304290463014873,A_all397,SPY
recession,2025-01-14,2025-01-15,overnight,-1.0,139.73101564781263,pooled,4.454739017056046,4.561914065420208,6.376186920908153,58.46610468130531,155,108,-4.454739017056046,-79.8291767812924,70.91969874718032,10.550662364585877,A_all397,SPY
recession,2025-01-15,2025-01-16,overnight,-1.5,23.533182630992577,pooled,4.377800658046115,4.848274745088394,6.532297192064283,59.41621314032408,156,109,-6.566700987069172,-83.74303047333854,70.6096284992002,11.37874155229887,A_all397,SPY
recession,2025-01-16,2025-01-17,overnight,-0.0,88.89640020280476,pooled,4.353737338799733,4.912746504677186,6.564305525680298,59.27442188718194,157,110,-0.0,-75.96609909061237,75.96609909061237,11.456158374456153,A_all397,SPY
recession,2025-01-17,2025-01-21,holiday,-1.0,51.8767675753451,pooled,4.353737338799733,4.912746504677186,6.564305525680298,59.509774180773235,158,110,-4.353737338799733,-81.08405441082424,72.37657973322477,11.946286487293802,A_all397,SPY
recession,2025-01-21,2025-01-22,overnight,-0.0,49.757845153586274,pooled,4.323784358689204,5.015102211323195,6.62165850602885,59.489498138727164,159,111,-0.0,-76.24174081459273,76.24174081459273,12.197421588476516,A_all397,SPY
recession,2025-01-22,2025-01-23,overnight,-0.0,-8.905894382691404,pooled,4.3237843586892035,5.015102211323202,6.621658506028854,59.43327237592083,160,111,-0.0,-76.16968187698014,76.16968187698014,12.43217423575845,A_all397,SPY
recession,2025-01-23,2025-01-24,overnight,-0.0,1.640123993371656,pooled,4.3237843586892035,5.015102211323202,6.621658506028854,59.251435612307546,161,111,-0.0,-75.93663988073335,75.93663988073335,12.299639648066215,A_all397,SPY
recession,2025-01-24,2025-01-27,weekend,1.0,-216.1361954108087,pooled,4.3237843586892035,5.015102211323202,6.621658506028854,59.06727975412182,162,111,4.3237843586892035,-71.85102986334998,80.4985985807284,12.233840168716249,A_all397,SPY
recession,2025-01-27,2025-01-28,overnight,1.0,20.186516741462768,pooled,4.206411809009376,5.452712021535048,6.88665148651842,61.378035052354306,163,112,4.206411809009376,-74.9492667295241,83.36209034754286,10.832797005651678,A_all397,SPY
recession,2025-01-28,2025-01-29,overnight,-1.0,-12.738010554351751,pooled,4.214915064852973,5.40630251670429,6.855188976683843,61.20226268655889,164,113,-4.214915064852973,-83.14223388452922,74.71240375482327,10.88983188208955,A_all397,SPY
recession,2025-01-29,2025-01-30,overnight,-0.0,35.89232303090828,pooled,4.219447921038645,5.3752443129843765,6.833519750657652,61.01901286411204,165,114,-0.0,-78.20196688664599,78.20196688664599,10.74663283702021,A_all397,SPY
recession,2025-01-30,2025-01-31,overnight,-0.0,41.65426956262985,pooled,4.219447921038645,5.3752443129843765,6.833519750657652,60.89796371785548,166,114,-0.0,-78.04683030080359,78.04683030080359,10.898112898429174,A_all397,SPY
recession,2025-01-31,2025-02-03,weekend,1.5,-151.7115320704554,pooled,4.219447921038645,5.3752443129843765,6.833519750657652,60.8002757253726,167,114,6.329171881557968,-72.69206176756244,85.35040553067837,11.082281501208818,A_all397,SPY
recession,2025-02-03,2025-02-04,overnight,0.5,3.0117962017905953,pooled,4.093521916219089,5.822697865382074,7.117635289201813,61.837861086591104,168,115,2.0467609581095445,-77.33577733383326,81.42929925005235,10.113270706139392,A_all397,SPY
recession,2025-02-04,2025-02-05,overnight,-0.0,-18.612071257644303,pooled,4.093778193860858,5.8180349642675395,7.113968705720476,61.653590094462125,169,116,-0.0,-79.01524106506267,79.01524106506267,10.071250146942061,A_all397,SPY
recession,2025-02-05,2025-02-06,overnight,-0.0,30.12397172981185,pooled,4.093778193860858,5.8180349642675395,7.113968705720476,61.4875827178822,170,116,-0.0,-78.80248601123783,78.80248601123783,9.90252472691508,A_all397,SPY
recession,2025-02-06,2025-02-07,overnight,-0.0,9.07081835273882,pooled,4.093778193860858,5.8180349642675395,7.113968705720476,61.34998977358941,171,116,-0.0,-78.62614689383219,78.62614689383219,10.020778802955414,A_all397,SPY
recession,2025-02-07,2025-02-10,weekend,0.5,54.09634142281794,pooled,4.093778193860858,5.8180349642675395,7.113968705720476,61.17427370035169,172,116,2.046889096930429,-76.48647928475334,80.5802574786142,10.015255777082062,A_all397,SPY
recession,2025-02-10,2025-02-11,overnight,-0.0,-37.037649432034584,pooled,4.107598766770361,5.7621049023411315,7.076314050009164,61.12514218577209,173,117,-0.0,-78.33798222528551,78.33798222528551,10.270059740352211,A_all397,SPY
recession,2025-02-11,2025-02-12,overnight,-1.0,-99.30437368847134,pooled,4.107598766770361,5.7621049023411315,7.076314050009164,61.01323957143162,174,117,-4.107598766770361,-82.82632127916648,74.61112374562575,9.998176354304011,A_all397,SPY
recession,2025-02-12,2025-02-13,overnight,0.5,18.562715460090917,pooled,4.158126700679337,5.55721459857454,6.940652112987109,61.26398881204714,175,118,2.0790633503396685,-76.56273111765206,80.7208578183314,9.37359035405958,A_all397,SPY
recession,2025-02-13,2025-02-14,overnight,-0.5,4.100444488182031,pooled,4.162500663880315,5.53722434793313,6.92728411833581,61.10140308492948,176,119,-2.0812503319401574,-80.5145240349521,76.3520233710718,9.42580129216203,A_all397,SPY
recession,2025-02-14,2025-02-18,holiday,-0.5,19.35378054781056,pooled,4.160860558968878,5.539905838886504,6.9284426312780845,60.929353819014395,177,120,-2.080430279484439,-80.29360219825594,76.13274163928705,9.395714530557623,A_all397,SPY
recession,2025-02-18,2025-02-19,overnight,-0.0,-20.773697554592463,pooled,4.155174465983233,5.557813524554732,6.939363516669417,60.77834732141054,178,121,-0.0,-77.89352992711976,77.89352992711976,9.451658721665787,A_all397,SPY
recession,2025-02-19,2025-02-20,overnight,-0.0,-22.189590471528575,pooled,4.155174465983233,5.557813524554732,6.939363516669417,60.6273788859199,179,121,-0.0,-77.70004878019495,77.70004878019495,9.282801982692277,A_all397,SPY
recession,2025-02-20,2025-02-21,overnight,-0.0,-3.768082701224307,pooled,4.155174465983233,5.557813524554732,6.939363516669417,60.48053625172298,180,121,-0.0,-77.51185526020818,77.51185526020818,9.107955357946604,A_all397,SPY
recession,2025-02-21,2025-02-24,weekend,-0.0,33.666666666667396,pooled,4.155174465983233,5.557813524554732,6.939363516669417,60.31295470457143,181,121,-0.0,-77.29708274937875,77.29708274937875,9.03681702612798,A_all397,SPY
recession,2025-02-24,2025-02-25,overnight,-0.0,-0.8372404554601864,pooled,4.155174465983233,5.557813524554732,6.939363516669417,60.198148655462205,182,121,-0.0,-77.14994731684037,77.14994731684037,9.17214587030677,A_all397,SPY
recession,2025-02-25,2025-02-26,overnight,-1.0,28.945995523466102,pooled,4.155174465983233,5.557813524554732,6.939363516669417,60.032573408623776,183,121,-4.155174465983233,-81.60522873184873,73.29487979988225,9.117449770165965,A_all397,SPY
recession,2025-02-26,2025-02-27,overnight,-0.0,40.71126961963767,pooled,4.137621543278613,5.609747587208478,6.970593950847706,59.91828236572905,184,122,-0.0,-76.79127067991836,76.79127067991836,9.225213605781729,A_all397,SPY
recession,2025-02-27,2025-02-28,overnight,-0.0,8.888281143168975,pooled,4.137621543278613,5.609747587208478,6.970593950847706,59.83056285378278,185,122,-0.0,-76.67884935340801,76.67884935340801,9.395408503153924,A_all397,SPY
recession,2025-02-28,2025-03-03,weekend,4.5,35.51769993434873,pooled,4.137621543278613,5.609747587208478,6.970593950847706,59.67221780103246,186,122,18.61929694475376,-67.7790279943678,105.01762188387531,9.392682011971209,A_all397,SPY
recession,2025-03-03,2025-03-04,overnight,-13.0,-72.94895285716696,pooled,4.17751719799417,5.195451476499948,6.666660782145928,59.524352748561014,187,123,-54.307723573924214,-189.05409209323534,80.4386449453869,9.532387990165741,A_all397,SPY
recession,2025-03-04,2025-03-05,overnight,-0.0,-3.120287066409322,pooled,4.294303230416231,3.407619362199675,5.482053443044987,59.37935812394661,188,124,-0.0,-76.10058537164998,76.10058537164998,9.09365745374376,A_all397,SPY
recession,2025-03-05,2025-03-06,overnight,6.5,-129.83449103850296,pooled,4.294303230416231,3.407619362199675,5.482053443044987,59.22166097608183,189,124,27.912970997705504,-60.66534471454601,116.49128670995701,9.029033408663585,A_all397,SPY
recession,2025-03-06,2025-03-07,overnight,-2.5,-33.17039106145225,pooled,3.8100250764836243,4.352567931650649,5.784560370768695,60.14718575109505,190,125,-9.525062691209062,-88.80645953344757,69.75633415102945,8.298172753678497,A_all397,SPY
recession,2025-03-07,2025-03-10,weekend,-1.0,-143.44013197881367,pooled,3.837862202854115,4.245518062665512,5.723076961610368,60.0131443177924,191,126,-3.837862202854115,-81.09964835651894,73.42392395081072,8.081059854122838,A_all397,SPY
recession,2025-03-10,2025-03-11,overnight,-0.5,-24.074899687918094,pooled,3.9035715354638216,4.086841520481541,5.651561230847212,60.70180068519389,192,127,-1.9517857677319108,-79.83146213035111,75.9278905948873,7.2918869799929595,A_all397,SPY
recession,2025-03-11,2025-03-12,overnight,6.0,108.78946989858252,own,-0.15322513059420653,12.556550860302917,12.556550860302917,68.34287490010817,40,20,-0.9193507835652392,-131.2824494747779,129.4437479076474,7.129364769278395,A_all397,SPY
recession,2025-03-12,2025-03-13,overnight,-3.5,-7.514626684080872,own,2.13436105217864,6.810107908672153,6.810107908672153,69.40630527488202,41,21,-7.470263682625239,-101.52049903345741,86.57997166820692,7.653385929738725,A_all397,SPY
recession,2025-03-13,2025-03-14,overnight,2.0,83.40737248644592,own,2.1348786205289554,6.3255213424741665,6.3255213424741665,68.55466224990087,42,22,4.269757241057911,-85.07339614982112,93.61291063193696,7.575601249667854,A_all397,SPY
recession,2025-03-14,2025-03-17,weekend,0.5,0.0,own,2.6555208260907186,5.7926446673830325,5.7926446673830325,68.81129609400658,43,23,1.3277604130453593,-86.93888106976772,89.59440189585843,7.962498041692234,A_all397,SPY
recession,2025-03-17,2025-03-18,overnight,-0.0,-39.15205812846101,own,2.6533388040479164,5.7867032995888925,5.7867032995888925,68.00675911087366,44,24,-0.0,-87.15746247649568,87.15746247649568,7.922079269906994,A_all397,SPY
recession,2025-03-18,2025-03-19,overnight,0.5,31.726227608948054,own,2.6533388040479164,5.7867032995888925,5.7867032995888925,67.48811560371263,45,24,1.3266694020239582,-85.2455503454762,87.89888914952411,7.684331101228367,A_all397,SPY
recession,2025-03-19,2025-03-20,overnight,3.5,-64.9018535828283,own,2.703255976801486,5.742265818069681,5.742265818069681,66.88759847015993,46,25,9.4613959188052,-80.04786052814926,98.97065236575965,7.8051446515184155,A_all397,SPY
recession,2025-03-20,2025-03-21,overnight,-0.0,-113.13816999010018,own,1.8815626121425526,6.050180457801016,6.050180457801016,67.02430074003459,47,26,-0.0,-85.89834382842834,85.89834382842834,7.441609660346683,A_all397,SPY
recession,2025-03-21,2025-03-24,weekend,1.0,117.15911306474646,own,1.8815626121425528,6.050180457801016,6.050180457801016,68.33024663345553,48,26,1.8815626121425528,-86.03308943947991,89.79621466376503,6.841710259100678,A_all397,SPY
recession,2025-03-24,2025-03-25,overnight,0.5,22.298874603672303,own,2.244355847241228,5.764230521148555,5.764230521148555,69.62565890731995,49,27,1.122177923620614,-88.1864835266138,90.43083937385502,7.387836015564272,A_all397,SPY
recession,2025-03-25,2025-03-26,overnight,-2.5,-2.9546718576189956,own,2.2776525401343912,5.733777297678871,5.733777297678871,68.97785123407844,50,28,-5.694131350335978,-95.98483170525269,84.59656900458073,7.461289407623917,A_all397,SPY
recession,2025-03-26,2025-03-27,overnight,-4.0,-27.429053697648477,own,2.2565310328659485,5.577547727175717,5.577547727175717,68.28566673427015,51,29,-9.026124131463794,-101.09351453885054,83.04126627592296,7.410230773970765,A_all397,SPY
recession,2025-03-27,2025-03-28,overnight,4.5,-25.92592592592591,own,2.4728770086623886,5.0689563272127955,5.0689563272127955,67.65966682882826,52,30,11.127946538980748,-80.37991303632057,102.63580611428208,7.240283044840916,A_all397,SPY
recession,2025-03-28,2025-03-31,weekend,-2.5,-107.94667434287474,own,2.010346007020003,4.929009786465662,4.929009786465662,67.19163498303811,53,31,-5.025865017550007,-92.57481573372176,82.52308569862176,7.0792820304197175,A_all397,SPY
recession,2025-03-31,2025-04-01,overnight,-0.0,-30.403290709111182,own,2.7119193493875877,4.5385003112424585,4.5385003112424585,68.01462092534378,54,32,-0.0,-87.16753817792059,87.16753817792059,6.523601081756459,A_all397,SPY
recession,2025-04-01,2025-04-02,overnight,-0.5,-106.58966543678594,own,2.7119193493875877,4.5385003112424585,4.5385003112424585,67.50881410844012,55,32,-1.3559596746937939,-87.92412153843125,85.21220218904367,6.346067948146517,A_all397,SPY
recession,2025-04-02,2025-04-03,overnight,-5.5,-346.055078367129,own,2.855289520725588,4.4780887042239685,4.4780887042239685,68.37973492821575,56,33,-15.704092363990734,-108.8509339667516,77.44274923877012,5.805705587453061,A_all397,SPY
recession,2025-04-03,2025-04-04,overnight,-9.999999999999991,-259.83929767130485,own,7.429060252046572,6.111212306910391,6.111212306910391,79.9542166928898,57,34,-74.29060252046565,-203.2641964704309,54.682991429499594,4.130178044812194,A_all397,SPY
recession,2025-04-04,2025-04-07,weekend,-7.999999999999993,-322.65084075173144,own,11.160557389318347,6.645297400408191,6.645297400408191,82.23783149733596,58,35,-89.28445911454669,-214.78509898109735,36.21618075200395,2.879137875541497,A_all397,SPY
recession,2025-04-07,2025-04-08,overnight,1.0,343.07799028837627,own,14.486937884814964,7.037959811460022,7.037959811460022,86.47744553588291,59,36,14.486937884814964,-96.70899039339213,125.68286616302206,1.3436191084317193,A_all397,SPY
recession,2025-04-08,2025-04-09,overnight,-3.0,-66.43314409952916,own,15.07135949869413,7.119173452080358,7.119173452080358,95.803848160425,60,37,-45.214078496082394,-171.0102901468726,80.5821331547078,2.948005827586389,A_all397,SPY
recession,2025-04-09,2025-04-10,overnight,-2.0,-206.12105931501645,own,15.182794416524047,6.999153766832372,6.999153766832372,95.04099265834262,61,38,-30.365588833048093,-153.4842183035485,92.7530406374523,2.6237948466185586,A_all397,SPY
recession,2025-04-10,2025-04-11,overnight,-4.500000000000007,-32.208881265486376,own,15.793852114853358,7.0531503472898525,7.0531503472898525,96.8895440963239,62,39,-71.07233451684023,-201.73872394754898,59.59405491386853,1.6528885481923494,A_all397,SPY
recession,2025-04-11,2025-04-14,weekend,11.0,188.58384209146317,own,15.500173626807861,6.730721075466113,6.730721075466113,96.22735317520618,63,40,170.50190989488647,14.897941495504512,326.10587829426845,1.496121095351244,A_all397,SPY
recession,2025-04-14,2025-04-15,overnight,-2.0,13.080505408462615,own,15.77777481893954,5.451174100156476,5.451174100156476,95.48317877214075,64,41,-31.55554963787908,-154.72190133913648,91.61080206337833,2.358276491646691,A_all397,SPY
recession,2025-04-15,2025-04-16,overnight,-0.0,-112.32611768206668,own,15.653871820892789,5.406744129602266,5.406744129602266,94.89753308826634,65,42,-0.0,-121.62067840592215,121.62067840592215,2.40746102796236,A_all397,SPY
recession,2025-04-16,2025-04-17,overnight,-1.4999999999999858,36.33043577501604,own,15.653871820892789,5.406744129602266,5.406744129602266,95.18983712987564,66,42,-23.48080773133896,-145.91808041448147,98.95646495180354,1.8835634082818622,A_all397,SPY
recession,2025-04-17,2025-04-21,holiday,-0.0,-99.35599080529656,own,15.529739181308518,5.378381385074738,5.378381385074738,94.75151546651432,67,43,-0.0,-121.43354222188476,121.43354222188476,2.0401401008579265,A_all397,SPY
recession,2025-04-21,2025-04-22,overnight,1.0,119.84902136269903,own,15.529739181308518,5.378381385074738,5.378381385074738,94.8218826687091,68,43,15.529739181308518,-106.18931532333976,137.2487936859568,1.5813340786581325,A_all397,SPY
recession,2025-04-22,2025-04-23,overnight,3.000000000000007,256.0063764375431,own,15.673876358761216,5.383876407091189,5.383876407091189,94.96726745290964,69,44,47.02162907628376,-76.4361502766033,170.4794084291708,2.1140714087664247,A_all397,SPY
recession,2025-04-23,2025-04-24,overnight,-0.5,24.373844343588136,own,16.52949456699565,5.459043106705905,5.459043106705905,97.53597326059551,70,45,-8.264747283497824,-133.31578855978196,116.78629399278633,3.2526019245905355,A_all397,SPY
recession,2025-04-24,2025-04-25,overnight,-2.000000000000007,2.0126614703408485,own,16.507230861929425,5.454553241915457,5.454553241915457,96.91529982765744,71,46,-33.01446172385897,-158.00551313521566,91.97658968749774,3.346893185389632,A_all397,SPY
recession,2025-04-25,2025-04-28,weekend,-0.0,15.803240572549448,own,16.412177610384784,5.411342070311521,5.411342070311521,96.31963472066526,72,47,-0.0,-123.4432438580046,123.4432438580046,3.340963266656082,A_all397,SPY
recession,2025-04-28,2025-04-29,overnight,-0.5,-36.84611754456224,own,16.412177610384784,5.411342070311521,5.411342070311521,95.6665401230205,73,47,-8.206088805192392,-130.86135252962708,114.4491749192423,3.3961060865936634,A_all397,SPY
recession,2025-04-29,2025-04-30,overnight,-2.5,-118.56209622117086,own,16.431601163276863,5.411273484076201,5.411273484076201,95.06812480492562,74,48,-41.07900290819216,-164.14570717827445,81.98770136189012,3.2188275683947385,A_all397,SPY
recession,2025-04-30,2025-05-01,overnight,4.5,108.59565256606808,own,16.69213611052965,5.39292201052085,5.39292201052085,94.84862705069912,75,49,75.11461249738342,-50.35923176143338,200.58845675620023,2.6847007096685735,A_all397,SPY
recession,2025-05-01,2025-05-02,overnight,-0.5,112.27303656483834,own,16.889405741048908,5.253897365241429,5.253897365241429,94.2913676098406,76,50,-8.444702870524454,-129.3354084403623,112.4460026993134,3.14719394921617,A_all397,SPY
recession,2025-05-02,2025-05-05,weekend,4.000000000000007,-71.47647453319638,own,16.81040198487393,5.2439852589460205,5.2439852589460205,94.68664764890053,77,51,67.24160793949584,-57.05080751977624,191.5340233987679,3.6216541345014837,A_all397,SPY
recession,2025-05-05,2025-05-06,overnight,-0.0,-99.37359146806824,own,16.099027202962688,5.1043212086693845,5.1043212086693845,95.3619651567736,78,52,-0.0,-122.21589454492106,122.21589454492106,3.2965540103988955,A_all397,SPY
recession,2025-05-06,2025-05-07,overnight,1.0,24.15891195418851,own,16.099027202962688,5.1043212086693845,5.1043212086693845,95.41446359815967,79,52,16.099027202962688,-106.35900266868208,138.55705707460746,2.8540102798882616,A_all397,SPY
recession,2025-05-07,2025-05-08,overnight,-0.0,71.4502075797796,own,16.109347157829813,5.09780357217356,5.09780357217356,94.81298233591887,80,53,-0.0,-121.51231816171364,121.51231816171364,2.9454476261298934,A_all397,SPY
recession,2025-05-08,2025-05-09,overnight,-0.0,27.614529490902484,own,16.109347157829813,5.09780357217356,5.09780357217356,94.55658095145093,81,53,-0.0,-121.18371414737952,121.18371414737952,3.2382030105472,A_all397,SPY
recession,2025-05-09,2025-05-12,weekend,9.0,304.453383898351,own,16.109347157829813,5.09780357217356,5.09780357217356,94.02116404360463,82,53,144.9841244204683,10.905395083338107,279.06285375759853,3.3419320593997757,A_all397,SPY
recession,2025-05-12,2025-05-13,overnight,-1.5,9.779699402923114,own,17.774339426160378,5.0025580110654735,5.0025580110654735,94.93766448461724,83,54,-26.661509139240565,-148.71308696587585,95.39006868739473,4.617828041768213,A_all397,SPY
recession,2025-05-13,2025-05-14,overnight,-0.0,17.04129104820984,own,17.71109173994314,4.983807280560695,4.983807280560695,94.44853483182527,84,55,-0.0,-121.04524224046727,121.04524224046727,4.639608089705576,A_all397,SPY
recession,2025-05-14,2025-05-15,overnight,-0.5,-34.03907686023611,own,17.71109173994314,4.983807280560695,4.983807280560695,93.90306814213275,85,55,-8.85554586997157,-129.2440851041761,111.53299336423295,4.69171600129593,A_all397,SPY
recession,2025-05-15,2025-05-16,overnight,0.5,14.227401297404183,own,17.725657113563884,4.9832287814852085,4.9832287814852085,93.38900729969272,86,56,8.862828556781942,-110.86711354182555,128.59277065538942,4.5296624746786405,A_all397,SPY
recession,2025-05-16,2025-05-19,weekend,-1.5,-104.1579027074313,own,17.72875891913811,4.9818259954141695,4.9818259954141695,92.84626193128089,87,57,-26.593138378707163,-145.96969085534977,92.78341409793543,4.570069719773329,A_all397,SPY
recession,2025-05-19,2025-05-20,overnight,-1.5,-31.095572662790396,own,17.86295401313244,4.978721347588075,4.978721347588075,92.6839592282664,88,58,-26.794431019698663,-145.96316848293196,92.37430644353462,4.118916307212314,A_all397,SPY
recession,2025-05-20,2025-05-21,overnight,-0.0,-74.05158308452675,own,17.870376172999727,4.964758585596301,4.964758585596301,92.15697883845317,89,59,-0.0,-118.10838407936158,118.10838407936158,3.973401889980898,A_all397,SPY
recession,2025-05-21,2025-05-22,overnight,-1.0,-5.146150679292694,own,17.870376172999727,4.964758585596301,4.964758585596301,91.97334780267681,90,59,-17.870376172999727,-135.9150279906383,100.17427564463883,3.652311416834776,A_all397,SPY
recession,2025-05-22,2025-05-23,overnight,-2.0,-120.92002126820157,own,17.85575482799116,4.957290228186571,4.957290228186571,91.47078019819502,91,60,-35.71150965598232,-153.62708528101635,82.20406596905173,3.6162521459490073,A_all397,SPY
recession,2025-05-23,2025-05-27,holiday,3.5,119.3107258788606,own,18.050684222585886,4.9501593546365,4.9501593546365,91.40229863834668,92,61,63.1773947790506,-56.04967583444248,182.40446539254367,3.1079408258912498,A_all397,SPY
recession,2025-05-27,2025-05-28,overnight,-0.0,8.459378066525414,own,18.27230481914464,4.89551834458439,4.89551834458439,91.08977939088759,93,62,-0.0,-116.74066126736153,116.74066126736153,3.5803098708220196,A_all397,SPY
recession,2025-05-28,2025-05-29,overnight,2.0,91.03129094281128,own,18.27230481914464,4.89551834458439,4.89551834458439,90.60297229508608,94,62,36.54460963828928,-80.24820370731965,153.3374229838982,3.600063183355232,A_all397,SPY
recession,2025-05-29,2025-05-30,overnight,-0.0,-18.13559322033975,own,18.394678050597804,4.8821808451526385,4.8821808451526385,90.29402514142224,95,63,-0.0,-115.72082262124675,115.72082262124675,3.9526084565788446,A_all397,SPY
recession,2025-05-30,2025-06-02,weekend,5.0,-29.00910987836625,own,18.394678050597797,4.882180845152638,4.882180845152638,89.83680710382835,96,63,91.97339025298899,-27.336233398930617,211.28301390490861,3.863900819322144,A_all397,SPY
recession,2025-06-02,2025-06-03,overnight,-1.0,-5.2307432717446645,own,17.733932555614974,4.732239197257401,4.732239197257401,90.19359985356729,97,64,-17.733932555614974,-133.4850444373276,98.01717932609763,3.7324087765313902,A_all397,SPY
recession,2025-06-03,2025-06-04,overnight,1.4999999999999964,14.25911325090956,own,17.720290232337426,4.725600082222431,4.725600082222431,89.73645047801118,98,65,26.580435348506075,-88.78403967439714,141.9449103714093,3.6966990074147525,A_all397,SPY
recession,2025-06-04,2025-06-05,overnight,0.5,29.031716730996138,own,17.700173788096453,4.711429464292764,4.711429464292764,89.28609177020358,99,66,8.850086894048227,-105.61878898526194,123.31896277335841,3.738613349650843,A_all397,SPY
recession,2025-06-05,2025-06-06,overnight,-0.0,95.44688026981385,own,17.7111540001949,4.710733746827538,4.710733746827538,88.85715431233439,100,67,-0.0,-113.87932896668775,113.87932896668775,3.838586090288571,A_all397,SPY
recession,2025-06-06,2025-06-09,weekend,-0.0,11.518621771864357,own,17.7111540001949,4.710733746827538,4.710733746827538,88.92546881121037,101,67,-0.0,-113.96688082844722,113.96688082844722,4.199248665798513,A_all397,SPY
recession,2025-06-09,2025-06-10,overnight,0.5,11.008072586564666,own,17.7111540001949,4.710733746827538,4.710733746827538,88.4915713935054,102,67,8.85557700009745,-104.59538710481357,122.30654110500848,4.227952089743869,A_all397,SPY
recession,2025-06-10,2025-06-11,overnight,-0.0,18.73777070275029,own,17.712324789200323,4.709383586623748,4.709383586623748,88.05697859875644,103,68,-0.0,-112.85382377216627,112.85382377216627,4.254436935434576,A_all397,SPY
recession,2025-06-11,2025-06-12,overnight,-1.0,-23.112736947122904,own,17.712324789200327,4.709383586623748,4.709383586623748,87.64792295375047,104,68,-17.712324789200327,-130.20393301912924,94.77928344072859,4.310792319743198,A_all397,SPY
recession,2025-06-12,2025-06-13,overnight,-5.0000000000000036,-86.46392367322674,own,17.718193207736512,4.704072188277165,4.704072188277165,87.22712658984534,105,69,-88.59096603868262,-204.3739969252931,27.19206484792788,4.204499570646818,A_all397,SPY
recession,2025-06-13,2025-06-16,weekend,-0.0,57.793785074125026,own,17.706941991838836,4.565252571773682,4.565252571773682,86.81100722476627,106,70,-0.0,-111.25698685926046,111.25698685926046,3.85442843843109,A_all397,SPY
recession,2025-06-16,2025-06-17,overnight,-3.999999999999997,-41.47931841184005,own,17.706941991838836,4.565252571773682,4.565252571773682,86.58271070212359,107,70,-70.82776796735529,-184.23329461760983,42.57775868289927,4.061887502414527,A_all397,SPY
recession,2025-06-17,2025-06-18,overnight,1.499999999999993,14.894151117061938,own,17.58481580383149,4.475440434022308,4.475440434022308,86.22308430857608,108,71,26.37722370574711,-84.46070431550426,137.21515172699847,3.88740012343271,A_all397,SPY
recession,2025-06-18,2025-06-20,holiday,-0.9999999999999928,15.39852040303824,own,17.566938679925904,4.462866594125785,4.462866594125785,85.830071225594,109,72,-17.566938679925777,-127.71535754649332,92.58148018664178,3.9294106234083936,A_all397,SPY
recession,2025-06-20,2025-06-23,weekend,-3.0000000000000036,13.631085606582438,own,17.532759873204323,4.455902438141928,4.455902438141928,85.4937154428482,110,73,-52.59827961961303,-163.4983125347709,58.301753295544835,3.973019405840446,A_all397,SPY
recession,2025-06-23,2025-06-24,overnight,1.0000000000000036,69.98483661873279,own,17.32866321611281,4.404020648635554,4.404020648635554,85.33601465471162,111,74,17.32866321611287,-92.1835190581736,126.84084549039935,4.009602989934166,A_all397,SPY
recession,2025-06-24,2025-06-25,overnight,0.5,18.78800863589047,own,17.382697257572662,4.4022313909810205,4.4022313909810205,85.0974915763926,112,75,8.691348628786331,-100.40607355457944,117.7887708121521,4.258566135703217,A_all397,SPY
recession,2025-06-25,2025-06-26,overnight,-0.5000000000000036,31.46208078012691,own,17.387876359910237,4.401266306211345,4.401266306211345,84.72211074276463,113,76,-8.69393817995518,-117.31041779241272,99.92254143250236,4.3131880999896355,A_all397,SPY
recession,2025-06-26,2025-06-27,overnight,-2.0,16.179378646488107,own,17.3672835296743,4.398968580656708,4.398968580656708,84.43092845692513,114,77,-34.7345670593486,-143.52712474318687,74.05799062448969,4.41486934598266,A_all397,SPY
recession,2025-06-27,2025-06-30,weekend,3.5,40.98493966106176,own,17.26327138318638,4.375001792912007,4.375001792912007,84.19439538275417,115,78,60.42144984115234,-49.2521323901974,170.09503207250208,4.458766768745739,A_all397,SPY
recession,2025-06-30,2025-07-01,overnight,1.0,-24.60024600245969,own,17.194643100078874,4.312677466534452,4.312677466534452,83.84688310189092,116,79,17.194643100078874,-90.40557272364919,124.79485892380694,4.594551798085204,A_all397,SPY
recession,2025-07-01,2025-07-02,overnight,-2.0,-5.181682751472794,own,17.15252177067344,4.3060865489683815,4.3060865489683815,83.57474096515452,117,80,-34.30504354134688,-141.98161639263682,73.37152930994307,4.486422917342445,A_all397,SPY
recession,2025-07-02,2025-07-03,overnight,6.0,33.36664624907337,own,17.09405580171008,4.284761895977867,4.284761895977867,83.26018813818162,118,81,102.56433481026048,-9.112891767783509,214.24156138830446,4.45074725066785,A_all397,SPY
recession,2025-07-03,2025-07-07,holiday,-1.0,-31.66277545015528,own,16.69184109464578,4.125052799131247,4.125052799131247,83.14249667034474,119,82,-16.69184109464578,-123.37833125100707,89.9946490617155,4.557055702867871,A_all397,SPY
recession,2025-07-07,2025-07-08,overnight,1.0,9.18199684268206,own,16.706330264116392,4.1212746179593704,4.1212746179593704,82.80378410360575,120,83,16.706330264116392,-89.54636052517542,122.9590210534082,4.424382328680973,A_all397,SPY
recession,2025-07-08,2025-07-09,overnight,2.5,39.65759055955864,own,16.699055104898182,4.11665060191134,4.11665060191134,82.46090455563488,121,84,41.74763776224545,-64.75415779023288,148.24943331472377,4.441745885301414,A_all397,SPY
recession,2025-07-09,2025-07-10,overnight,1.0,2.884522931958511,own,16.694033367265583,4.089479046408887,4.089479046408887,82.11966855905632,122,85,16.694033367265583,-88.6809532837475,122.06902001827868,4.569803502298713,A_all397,SPY
recession,2025-07-10,2025-07-11,overnight,-0.5,-49.53342707401332,own,16.68077411576745,4.084717272151737,4.084717272151737,81.79196697644478,123,86,-8.340387057883724,-113.197646377077,96.51687226130954,4.563697413275742,A_all397,SPY
recession,2025-07-11,2025-07-14,weekend,-2.0,-7.216048491847093,own,16.700545193288992,4.084440958470087,4.084440958470087,81.54341526451941,124,87,-33.401090386577984,-138.43021764524516,71.62803687208918,4.3684009349822785,A_all397,SPY
recession,2025-07-14,2025-07-15,overnight,0.5,44.49851138073502,own,16.650466222416927,4.0658494056355154,4.0658494056355154,81.24785100177175,125,88,8.325233111208464,-95.83460279930654,112.48506902172346,4.3267302535908065,A_all397,SPY
recession,2025-07-15,2025-07-16,overnight,-0.0,26.039992284447862,own,16.66775746441957,4.0654634517082515,4.0654634517082515,80.98684542954697,126,89,-0.0,-103.7927411025074,103.7927411025074,4.470715132182721,A_all397,SPY
recession,2025-07-16,2025-07-17,overnight,0.5,3.5246243070918837,own,16.66775746441957,4.0654634517082515,4.0654634517082515,80.69817973482805,127,89,8.333878732209785,-95.12171416976891,111.78947163418847,4.547748264869384,A_all397,SPY
recession,2025-07-17,2025-07-18,overnight,-0.0,21.01977769992658,own,16.66545913494519,4.0643198356551125,4.0643198356551125,80.3809750563562,128,90,-0.0,-103.01625763222611,103.01625763222611,4.544107254343484,A_all397,SPY
recession,2025-07-18,2025-07-21,weekend,-0.0,18.961725995090273,own,16.665459134945195,4.064319835655113,4.064319835655113,80.08792420447664,129,90,-0.0,-102.64068366045726,102.64068366045726,4.6025316176256945,A_all397,SPY
recession,2025-07-21,2025-07-22,overnight,-1.5,5.56660039761514,own,16.665459134945195,4.064319835655113,4.064319835655113,79.79436868308343,130,90,-24.998188702417792,-127.56069269128447,77.56431528644889,4.653270820372919,A_all397,SPY
recession,2025-07-22,2025-07-23,overnight,-0.0,43.25493376588163,own,16.62173268415831,4.0534572259703125,4.0534572259703125,79.53196869975852,131,91,-0.0,-101.92817108561053,101.92817108561053,4.656486769588561,A_all397,SPY
recession,2025-07-23,2025-07-24,overnight,1.0,6.938312097894972,own,16.62173268415831,4.0534572259703125,4.0534572259703125,79.31791357303022,132,91,16.62173268415831,-85.1647589800418,118.40822434835843,4.791919916943975,A_all397,SPY
recession,2025-07-24,2025-07-25,overnight,-0.0,10.40303894834782,own,16.612505985171875,4.048928288506658,4.048928288506658,79.02138636811097,133,92,-0.0,-101.27380876937102,101.27380876937102,4.799424784709538,A_all397,SPY
recession,2025-07-25,2025-07-28,weekend,1.0,7.06403152127999,own,16.612505985171875,4.048928288506658,4.048928288506658,78.7289209256891,134,92,16.612505985171875,-84.41982553310781,117.64483750345157,4.818949572736152,A_all397,SPY
recession,2025-07-28,2025-07-29,overnight,-1.0,22.451799284055607,own,16.603416528280974,4.044415468686819,4.044415468686819,78.43893928384219,135,93,-16.603416528280974,-117.26430190818608,84.05746885162414,4.826744996168595,A_all397,SPY
recession,2025-07-29,2025-07-30,overnight,-0.0,10.704615578362995,own,16.566274145197443,4.03909557472398,4.03909557472398,78.22007242337408,136,94,-0.0,-100.24684481779622,100.24684481779622,4.887731343185505,A_all397,SPY
recession,2025-07-30,2025-07-31,overnight,2.0,78.2518242998309,own,16.566274145197443,4.03909557472398,4.03909557472398,77.93737362995535,137,94,33.13254829039489,-67.2870999450914,133.55219652588116,4.907789564686118,A_all397,SPY
recession,2025-07-31,2025-08-01,overnight,-2.0,-89.71944870800996,own,16.651767799407647,4.026351476198531,4.026351476198531,77.74766814526743,138,95,-33.303535598815294,-133.47798537085825,66.87091417322767,5.159830921164278,A_all397,SPY
recession,2025-08-01,2025-08-04,weekend,0.5,63.69529201717627,own,16.758263152138547,4.015148096277564,4.015148096277564,77.61362058132879,139,96,8.379131576069273,-91.12375473565965,107.88201788779818,4.834901881338338,A_all397,SPY
recession,2025-08-04,2025-08-05,overnight,-0.0,11.09192032831885,own,16.78436183599847,4.015198215430907,4.015198215430907,77.47609431863411,140,97,-0.0,-99.29336247876148,99.29336247876148,5.035790584873621,A_all397,SPY
recession,2025-08-05,2025-08-06,overnight,-0.0,16.719745222928406,own,16.78436183599847,4.015198215430907,4.015198215430907,77.20458962242948,141,97,-0.0,-98.94540206010562,98.94540206010562,5.056389665633639,A_all397,SPY
recession,2025-08-06,2025-08-07,overnight,0.9999999999999982,56.427521456683394,own,16.78436183599847,4.015198215430907,4.015198215430907,76.94321209365638,142,97,16.784361835998443,-81.96023353727205,115.52895720926892,5.095926464132943,A_all397,SPY
recession,2025-08-07,2025-08-08,overnight,-0.0,27.834888502293875,own,16.82173460019426,4.01269880781534,4.01269880781534,76.74387898874964,143,98,-0.0,-98.35495531198154,98.35495531198154,5.269344014783452,A_all397,SPY
recession,2025-08-08,2025-08-11,weekend,-0.0,5.02244404683605,own,16.821734600194258,4.01269880781534,4.01269880781534,76.51048841012062,144,98,-0.0,-98.05584194641058,98.05584194641058,5.345322279051164,A_all397,SPY
recession,2025-08-11,2025-08-12,overnight,-0.5,38.689586839248946,own,16.821734600194258,4.01269880781534,4.01269880781534,76.24551291898526,145,98,-8.410867300097129,-106.16094230977755,89.3392077095833,5.344238795050441,A_all397,SPY
recession,2025-08-12,2025-08-13,overnight,1.0,35.323042449892924,own,16.799538344709177,4.010866070756941,4.010866070756941,76.082731587963,146,99,16.799538344709177,-80.84348816382585,114.4425648532442,5.4557616982082955,A_all397,SPY
recession,2025-08-13,2025-08-14,overnight,-0.0,-32.40913038084603,own,16.81698043897018,4.0074673219601245,4.0074673219601245,75.83720821010915,147,100,-0.0,-97.1929660420759,97.1929660420759,5.5553193007139114,A_all397,SPY
recession,2025-08-14,2025-08-15,overnight,-1.0,16.28058424039347,own,16.81698043897018,4.0074673219601245,4.0074673219601245,75.62607374854285,148,100,-16.81698043897018,-113.87534010504315,80.2413792271028,5.429191560908063,A_all397,SPY
recession,2025-08-15,2025-08-18,weekend,-0.0,-9.014049484024069,own,16.785844442094014,4.0022795548542405,4.0022795548542405,75.4191872749281,149,101,-0.0,-96.65723041154787,96.65723041154787,5.465123324747419,A_all397,SPY
recession,2025-08-18,2025-08-19,overnight,-0.5,-2.3318357765789166,own,16.785844442094014,4.0022795548542405,4.0022795548542405,75.16930406867998,150,101,-8.392922221047007,-104.76403417072626,87.97818972863226,5.417337275873586,A_all397,SPY
recession,2025-08-19,2025-08-20,overnight,-0.0,-5.783328383638375,own,16.78299417807122,4.001146647950031,4.001146647950031,74.91995483991874,151,102,-0.0,-96.01741412283987,96.01741412283987,5.391846575043151,A_all397,SPY
recession,2025-08-20,2025-08-21,overnight,-0.0,-27.897062972134236,own,16.78299417807122,4.001146647950031,4.001146647950031,74.67294659231166,152,102,-0.0,-95.70084835270663,95.70084835270663,5.3552066571458345,A_all397,SPY
recession,2025-08-21,2025-08-22,overnight,1.0,34.29938009377187,own,16.78299417807122,4.001146647950031,4.001146647950031,74.4612950496671,153,102,16.78299417807122,-78.78427421613708,112.35026257227952,5.246539109337729,A_all397,SPY
recession,2025-08-22,2025-08-25,weekend,-0.0,-19.061788088707843,own,16.79945307956589,3.9977176637387783,3.9977176637387783,74.23105482063902,154,103,-0.0,-95.13451985813097,95.13451985813097,5.341173770524812,A_all397,SPY
recession,2025-08-25,2025-08-26,overnight,-0.0,-4.202530857471132,own,16.79945307956589,3.9977176637387783,3.9977176637387783,74.00559496364703,155,103,-0.0,-94.84557050541004,94.84557050541004,5.261943374877952,A_all397,SPY
recession,2025-08-26,2025-08-27,overnight,0.5,-8.68042100041766,own,16.79945307956589,3.9977176637387783,3.9977176637387783,73.7672532688087,156,103,8.399726539782945,-86.17508636537302,102.97453944493891,5.23131400843022,A_all397,SPY
recession,2025-08-27,2025-08-28,overnight,-0.5,9.588320806657167,own,16.791430464469506,3.9963951061561005,3.9963951061561005,73.54315188116354,157,104,-8.395715232234753,-102.6834024794825,85.891972015013,5.18643744388555,A_all397,SPY
recession,2025-08-28,2025-08-29,overnight,-1.5,-21.883524172047196,own,16.782985272622174,3.9950593662044516,3.9950593662044516,73.32260967401326,158,105,-25.174477908933262,-119.45805593966108,69.10910012179454,5.200591409682244,A_all397,SPY
recession,2025-08-29,2025-09-02,holiday,1.5,-116.89197569142996,own,16.778358814697782,3.9857149245422705,3.9857149245422705,73.09067571899293,159,106,25.167538222046673,-68.81831798594511,119.15339443003846,5.1137833469202905,A_all397,SPY
recession,2025-09-02,2025-09-03,overnight,-0.0,36.54365717676633,own,16.579070275188577,3.974457508833276,3.974457508833276,73.72451892475128,160,107,-0.0,-94.48534345396125,94.48534345396125,4.723988589609267,A_all397,SPY
recession,2025-09-03,2025-09-04,overnight,1.0,12.118575601267612,own,16.579070275188577,3.974457508833276,3.974457508833276,73.55053044926531,161,107,16.579070275188577,-77.82081266999745,110.97895322037462,4.8253251137721875,A_all397,SPY
recession,2025-09-04,2025-09-05,overnight,-0.0,38.36730920353082,own,16.57490256234212,3.9702819329878722,3.9702819329878722,73.32259877717465,162,108,-0.0,-93.97024259282703,93.97024259282703,4.8484782899229675,A_all397,SPY
recession,2025-09-05,2025-09-08,weekend,-0.0,21.785819131348028,own,16.57490256234212,3.9702819329878722,3.9702819329878722,73.15807392963099,163,108,-0.0,-93.75938754821507,93.75938754821507,4.954550539649573,A_all397,SPY
recession,2025-09-08,2025-09-09,overnight,-1.0,2.6202219482129863,own,16.57490256234212,3.9702819329878722,3.9702819329878722,72.95327668763241,164,108,-16.57490256234212,-110.21017834195048,77.06037321726625,5.007646024165973,A_all397,SPY
recession,2025-09-09,2025-09-10,overnight,-0.0,50.58970061353474,own,16.556984126392944,3.965694607300568,3.965694607300568,72.74594713841677,165,109,-0.0,-93.23120585259494,93.23120585259494,5.000138401285617,A_all397,SPY
recession,2025-09-10,2025-09-11,overnight,-3.0,29.97431867836964,own,16.556984126392944,3.965694607300568,3.965694607300568,72.63202654138439,166,109,-49.67095237917883,-143.9966417080866,44.65473694972894,5.14305238941179,A_all397,SPY
recession,2025-09-11,2025-09-12,overnight,-0.5,-0.1520658140841124,own,16.335798462729304,3.9292806290905085,3.9292806290905085,72.67411088163067,167,110,-8.167899231364652,-101.34106719894882,85.0052687362195,5.220650096564784,A_all397,SPY
recession,2025-09-12,2025-09-15,weekend,1.0,33.76836725381027,own,16.33208914601608,3.928189701365597,3.928189701365597,72.45885141844641,168,111,16.33208914601608,-76.66753804136738,109.33171633339953,5.203912663821329,A_all397,SPY
recession,2025-09-15,2025-09-16,overnight,-0.0,9.381856699703928,own,16.34821145587072,3.92474690371966,3.92474690371966,72.25539041286521,169,112,-0.0,-92.60250835312806,92.60250835312806,5.292622150125643,A_all397,SPY
recession,2025-09-16,2025-09-17,overnight,0.9999999999999992,1.2122497840683089,own,16.34821145587072,3.92474690371966,3.92474690371966,72.04491456494837,170,112,16.348211455870707,-76.1214564667957,108.81787937853713,5.305282319009787,A_all397,SPY
recession,2025-09-17,2025-09-18,overnight,-1.5,41.111684213721574,own,16.33422904324088,3.9204372176497495,3.9204372176497495,71.84207629474604,171,113,-24.501343564861322,-116.88209095026627,67.87940382054364,5.2926495025439175,A_all397,SPY
recession,2025-09-18,2025-09-19,overnight,0.5000000000000009,0.7549676873841449,own,16.2434988826805,3.9101682864772664,3.9101682864772664,71.8068562459434,172,114,8.121749441340263,-83.94002165794328,100.18352054062382,5.402861917039848,A_all397,SPY
recession,2025-09-19,2025-09-22,weekend,1.5000000000000009,-21.69851124103395,own,16.240104052379134,3.909102634650798,3.909102634650798,71.60001397623115,173,115,24.360156078568718,-67.70962077249304,116.42993292963048,5.388604572777101,A_all397,SPY
recession,2025-09-22,2025-09-23,overnight,-0.0,-0.599916011757573,own,16.176560248305186,3.899207701652571,3.899207701652571,71.47842857268188,174,116,-0.0,-91.6067540587491,91.6067540587491,5.305769356221103,A_all397,SPY
recession,2025-09-23,2025-09-24,overnight,-1.0,19.2994888650988,own,16.176560248305186,3.899207701652571,3.899207701652571,71.27274933694909,175,116,-16.176560248305186,-107.65630838679493,75.30318789018455,5.287764217904097,A_all397,SPY
recession,2025-09-24,2025-09-25,overnight,-0.0,-46.89580055669662,own,16.14396107613573,3.8946502225795436,3.8946502225795436,71.11935354162013,176,117,-0.0,-91.14656349894037,91.14656349894037,5.330353046618974,A_all397,SPY
recession,2025-09-25,2025-09-26,overnight,-0.0,23.710008359296708,own,16.14396107613573,3.8946502225795436,3.8946502225795436,71.00506722238673,177,117,-0.0,-91.00009415221083,91.00009415221083,5.1720919750937755,A_all397,SPY
recession,2025-09-26,2025-09-29,weekend,-0.0,39.440876463920915,own,16.14396107613573,3.8946502225795436,3.8946502225795436,70.82662882344287,178,117,-0.0,-90.7714075001244,90.7714075001244,5.228097764774147,A_all397,SPY
recession,2025-09-29,2025-09-30,overnight,-0.0,-10.246982414371386,own,16.14396107613573,3.8946502225795436,3.8946502225795436,70.6892388777126,179,117,-0.0,-90.59532854567647,90.59532854567647,5.331148303024589,A_all397,SPY
recession,2025-09-30,2025-10-01,overnight,-0.0,-44.13685427331893,own,16.14396107613573,3.8946502225795436,3.8946502225795436,70.49566698607352,180,117,-0.0,-90.34724680935183,90.34724680935183,5.284367129699076,A_all397,SPY
recession,2025-10-01,2025-10-02,overnight,-0.0,29.019760362598568,own,16.14396107613573,3.8946502225795436,3.8946502225795436,70.37650548330033,181,117,-0.0,-90.19452942739771,90.19452942739771,5.136399400947525,A_all397,SPY
recession,2025-10-02,2025-10-03,overnight,-0.0,12.253986281514084,own,16.14396107613573,3.8946502225795436,3.8946502225795436,70.2149659331136,182,117,-0.0,-89.9875003398784,89.9875003398784,5.207693015758424,A_all397,SPY
recession,2025-10-03,2025-10-06,weekend,1.0,36.462536238381915,own,16.14396107613573,3.8946502225795436,3.8946502225795436,70.02769314838955,183,117,16.14396107613573,-73.74222334077757,106.03014549304905,5.228664126668411,A_all397,SPY
recession,2025-10-06,2025-10-07,overnight,1.0,14.145535222380712,own,16.162614805915165,3.8912839489484066,3.8912839489484066,69.85223382912311,184,118,16.162614805915165,-73.49880872047751,105.82403833230785,5.321346239759548,A_all397,SPY
recession,2025-10-07,2025-10-08,overnight,0.5,16.738152526414307,own,16.16076469852371,3.887372736039918,3.887372736039918,69.66231793430347,185,119,8.080382349261855,-81.23358932686848,97.39435402539219,5.347453307755469,A_all397,SPY
recession,2025-10-08,2025-10-09,overnight,-0.5,6.8343560105188494,own,16.164734331800716,3.886508352246536,3.886508352246536,69.47670156467078,186,120,-8.082367165900358,-97.15853020433917,80.99379587253844,5.381054190406381,A_all397,SPY
recession,2025-10-09,2025-10-10,overnight,1.0,14.30338066361836,own,16.157896503161517,3.8853797496404265,3.8853797496404265,69.29831449128687,187,121,16.157896503161517,-72.7943078232461,105.11010082956912,5.385328607524358,A_all397,SPY
recession,2025-10-10,2025-10-13,weekend,1.0,115.44762750532068,own,16.15619783969502,3.881484232867839,3.881484232867839,69.11290943539109,188,122,16.15619783969502,-72.55848487976151,104.87088055915156,5.411481252850147,A_all397,SPY
recession,2025-10-13,2025-10-14,overnight,-0.0,-88.6810949400496,own,16.247061650873814,3.881025653477317,3.881025653477317,69.30785818922155,189,123,-0.0,-88.82495105530634,88.82495105530634,5.73322437054743,A_all397,SPY
recession,2025-10-14,2025-10-15,overnight,-0.0,69.76744186046434,own,16.247061650873814,3.881025653477317,3.881025653477317,69.42458995441046,190,123,-0.0,-88.97455448557245,88.97455448557245,5.457963964394086,A_all397,SPY
recession,2025-10-15,2025-10-16,overnight,-0.0,26.162266193541228,own,16.247061650873814,3.881025653477317,3.881025653477317,69.42639887026294,191,123,-0.0,-88.97687279212899,88.97687279212899,5.644910121068708,A_all397,SPY
recession,2025-10-16,2025-10-17,overnight,-0.5,-17.407099069097764,own,16.24706165087381,3.881025653477316,3.881025653477316,69.27028735248186,192,123,-8.123530825436905,-96.93515868209508,80.68809703122128,5.704380718380222,A_all397,SPY
recession,2025-10-17,2025-10-20,weekend,-0.0,45.158959537572315,own,16.25130847989653,3.880178986693469,3.880178986693469,69.09290818183446,193,124,-0.0,-88.54947112583905,88.54947112583905,5.63758453402335,A_all397,SPY
recession,2025-10-20,2025-10-21,overnight,-0.0,2.532512997752701,own,16.25130847989653,3.880178986693469,3.880178986693469,68.99030059269577,194,124,-0.0,-88.4179692395989,88.4179692395989,5.7514789864831455,A_all397,SPY
recession,2025-10-21,2025-10-22,overnight,0.5,10.874908755047484,own,16.25130847989653,3.880178986693469,3.880178986693469,68.81250102821592,195,124,8.125654239948265,-80.09949097592693,96.35079945582345,5.742229084216679,A_all397,SPY
recession,2025-10-22,2025-10-23,overnight,-0.0,4.9416732805229735,own,16.252565856761425,3.8792515006264248,3.8792515006264248,68.63611423004873,196,125,-0.0,-87.96404399723046,87.96404399723046,5.756935902757741,A_all397,SPY
recession,2025-10-23,2025-10-24,overnight,-0.5,71.91459583401726,own,16.252565856761425,3.8792515006264248,3.8792515006264248,68.46170814776345,197,125,-8.126282928380713,-95.90201464558575,79.64944878882432,5.754606580979927,A_all397,SPY
recession,2025-10-24,2025-10-27,weekend,-0.5,82.99980800756224,own,16.215967375388587,3.877505875345148,3.877505875345148,68.52537238642769,198,126,-8.107983687694293,-95.96524315490774,79.74927577951917,5.943096578851828,A_all397,SPY
recession,2025-10-27,2025-10-28,overnight,-0.0,27.292098426690004,own,16.174318099185044,3.8757130088003686,3.8757130088003686,68.65801962980694,199,127,-0.0,-87.99211795756058,87.99211795756058,6.1620076908652095,A_all397,SPY
recession,2025-10-28,2025-10-29,overnight,-0.0,25.328248275058307,own,16.174318099185044,3.8757130088003686,3.8757130088003686,68.51261642296512,200,127,-0.0,-87.80576920767211,87.80576920767211,6.221866304847715,A_all397,SPY
recession,2025-10-29,2025-10-30,overnight,-0.0,-49.46893641786687,own,16.174318099185044,3.8757130088003686,3.8757130088003686,68.36458379071844,201,127,-0.0,-87.61605058618476,87.61605058618476,6.275839135272039,A_all397,SPY
recession,2025-10-30,2025-10-31,overnight,1.1999999999999995,74.85844547393094,own,16.174318099185044,3.8757130088003686,3.8757130088003686,68.28351924314236,202,127,19.409181719022044,-68.30573058011375,107.12409401815783,6.118811598502633,A_all397,SPY
recession,2025-10-31,2025-11-03,weekend,-0.1,53.95973547999144,own,16.23507387353095,3.8722227167856773,3.8722227167856773,68.22578333148589,203,128,-1.6235073873530952,-89.06307959186096,85.81606481715475,6.311900457703275,A_all397,SPY
recession,2025-11-03,2025-11-04,overnight,-0.1499999999999999,-105.9486353991368,own,16.229998705263295,3.872055584675283,3.872055584675283,68.16925061027447,204,129,-2.4344998057894927,-89.80338235538386,84.93438274380486,6.445367782695679,A_all397,SPY
recession,2025-11-04,2025-11-05,overnight,-0.1500000000000003,-5.478640704820181,own,16.244175843095107,3.872365898099556,3.872365898099556,68.38707028913322,205,130,-2.436626376464271,-90.08465703364568,85.21140428071713,6.131418053137487,A_all397,SPY
recession,2025-11-05,2025-11-06,overnight,0.1499999999999994,-15.35032693244287,own,16.244592464170072,3.8722907254262116,3.8722907254262116,68.22039948607612,206,131,2.436688869625501,-84.99774408666688,89.87112182591788,6.0990780565972145,A_all397,SPY
recession,2025-11-06,2025-11-07,overnight,0.3500000000000005,-35.06102109629094,own,16.242156481754535,3.8721413907468163,3.8721413907468163,68.06589708132348,207,132,5.684754768614095,-81.56578866818762,92.93529820541582,6.039496376072104,A_all397,SPY
recession,2025-11-07,2025-11-10,weekend,1.0999999999999992,93.97403603952804,own,16.229137354728806,3.8713546149885856,3.8713546149885856,67.96031449781073,208,133,17.852051090201673,-69.41671347753002,105.12081565793336,5.925644527118191,A_all397,SPY
recession,2025-11-10,2025-11-11,overnight,-0.0,-20.25450222359226,own,16.305495355316314,3.8695204768905613,3.8695204768905613,68.0016707434936,209,134,-0.0,-87.15094122486141,87.15094122486141,6.168872127981201,A_all397,SPY
recession,2025-11-11,2025-11-12,overnight,0.5000000000000009,27.676087274857153,own,16.305495355316314,3.8695204768905613,3.8695204768905613,67.85325805637822,210,134,8.152747677658171,-78.84333202301967,95.14882737833601,6.096080463100833,A_all397,SPY
recession,2025-11-12,2025-11-13,overnight,0.3000000000000007,-41.41483616993291,own,16.314395086180696,3.8688202798935234,3.8688202798935234,67.70491229789101,211,135,4.89431852585422,-81.88904589663116,91.6776829483396,6.155366196100164,A_all397,SPY
recession,2025-11-13,2025-11-14,overnight,0.6499999999999995,-99.39588727196912,own,16.301730084987618,3.8681495835519972,3.8681495835519972,67.61947275561394,212,136,10.596124555241943,-76.12487891655773,97.31712802704162,6.0250368745493885,A_all397,SPY
recession,2025-11-14,2025-11-17,weekend,-0.6000000000000005,-33.484634273382994,own,16.236578589754558,3.865349164787596,3.865349164787596,67.88129649987508,213,137,-9.741947153852744,-96.78937722047311,77.30548291276762,5.737001562673654,A_all397,SPY
recession,2025-11-17,2025-11-18,overnight,-0.2999999999999998,-54.00411602998423,own,16.24955601553541,3.8643377172192714,3.8643377172192714,67.74129392272114,214,138,-4.874866804660621,-91.70482156414816,81.95508795482691,5.630130620341076,A_all397,SPY
recession,2025-11-18,2025-11-19,overnight,0.1999999999999993,9.69491320023108,own,16.262981600293823,3.8643722932505433,3.8643722932505433,67.66622120930914,215,139,3.2525963200587533,-83.47408936689959,89.9792820070171,5.468081037052149,A_all397,SPY
recession,2025-11-19,2025-11-20,overnight,0.2000000000000001,154.8328680298794,own,16.264155221865057,3.8642511715489962,3.8642511715489962,67.5101041664861,216,140,3.252831044373013,-83.27378776510072,89.77944985384674,5.479535866762661,A_all397,SPY
recession,2025-11-20,2025-11-21,overnight,-0.2500000000000004,38.61891407291651,own,16.291768132416045,3.864937763021761,3.864937763021761,68.13870371453646,217,141,-4.072942033104018,-91.40828425507672,83.2624001888687,5.88319352125757,A_all397,SPY
recession,2025-11-21,2025-11-24,weekend,0.7999999999999998,55.078445058114326,own,16.28204736605813,3.864449438822977,3.864449438822977,68.04326377539806,218,142,13.0256378928465,-74.2685729370133,100.31984872270631,5.97142996479304,A_all397,SPY
recession,2025-11-24,2025-11-25,overnight,0.1499999999999999,-2.541866028707984,own,16.312670339703757,3.8629654467459753,3.8629654467459753,67.94670790423463,219,143,2.4469005509555624,-84.6367667324746,89.53056783438572,6.103438069882613,A_all397,SPY
recession,2025-11-25,2025-11-26,overnight,0.2999999999999998,38.81423978904009,own,16.3119891972798,3.862861139406413,3.862861139406413,67.79223909856603,220,144,4.8935967591839376,-82.0016300806739,91.78882359904178,6.080260310905158,A_all397,SPY
recession,2025-11-26,2025-11-28,holiday,1.1,18.098082780335645,own,16.321251164554035,3.862784720416861,3.862784720416861,67.67663817842528,221,145,17.95337628100944,-68.95178546506878,104.85853802708766,6.1677843202049845,A_all397,SPY
recession,2025-11-28,2025-12-01,weekend,0.8,-67.0188325846155,own,16.32139588190716,3.858187926574528,3.858187926574528,67.5233507137511,222,146,13.05711670552573,-73.57117213669856,99.68540554775002,6.199598449432,A_all397,SPY
recession,2025-12-01,2025-12-02,overnight,-0.1500000000000001,24.255075190733333,own,16.263188328524343,3.8546279534039094,3.8546279534039094,67.58499713177147,223,147,-2.439478249278653,-89.05958022627124,84.18062372771394,6.004868579660595,A_all397,SPY
recession,2025-12-02,2025-12-03,overnight,0.4499999999999999,-13.353289898455634,own,16.25955008049512,3.8544484329559845,3.8544484329559845,67.45698022886026,224,148,7.316797536222802,-79.1646424770149,93.79823754946051,6.0532776157642365,A_all397,SPY
recession,2025-12-03,2025-12-04,overnight,-0.7,21.789678419443792,own,16.251100146611176,3.853468508095331,3.853468508095331,67.3204034825936,225,149,-11.375770102627822,-97.72283031557221,74.97129011031656,6.001937490065243,A_all397,SPY
recession,2025-12-04,2025-12-05,overnight,0.6000000000000003,15.634132086499442,own,16.230019247954893,3.8511239999883897,3.8511239999883897,67.20699976701204,226,150,9.73801154877294,-76.44537225444029,95.92139535198618,6.043593798586031,A_all397,SPY
recession,2025-12-05,2025-12-08,weekend,0.2000000000000001,13.709618610078245,own,16.233230547841778,3.849846144817738,3.849846144817738,67.05929343233609,227,151,3.246646109568357,-82.70220930167753,89.19550152081425,6.068832057238434,A_all397,SPY
recession,2025-12-08,2025-12-09,overnight,-0.2499999999999997,-7.021341953981075,own,16.235130018419557,3.84974433598126,3.84974433598126,66.91502622167934,228,152,-4.058782504604884,-89.82595004018697,81.70838503097721,6.088886615119904,A_all397,SPY
recession,2025-12-09,2025-12-10,overnight,0.4499999999999997,-7.173706170851002,own,16.23580226706587,3.8495254181379317,3.8495254181379317,66.76840973984748,229,153,7.306111020179637,-78.29307795100665,92.90529999136594,6.054566645043723,A_all397,SPY
recession,2025-12-10,2025-12-11,overnight,0.5000000000000002,-33.74741803159553,own,16.229889120688725,3.8486121781620337,3.8486121781620337,66.6293373859116,230,154,8.114944560344366,-77.312819544492,93.54270866518074,6.020028073722849,A_all397,SPY
recession,2025-12-11,2025-12-12,overnight,-0.0,-14.147965957818087,own,16.210898539416508,3.847230296562514,3.847230296562514,66.54159762779612,231,155,-0.0,-85.27971151978352,85.27971151978352,5.916467016156916,A_all397,SPY
recession,2025-12-12,2025-12-15,weekend,0.4,58.96849146276972,own,16.210898539416508,3.847230296562514,3.847230296562514,66.40393687666788,232,155,6.484359415766604,-78.64177611282918,91.61049494436239,5.864351605834903,A_all397,SPY
recession,2025-12-15,2025-12-16,overnight,-0.0,-21.595416483032317,own,16.229943035656397,3.84715869203876,3.84715869203876,66.35019159931339,233,156,-0.0,-85.03440555368005,85.03440555368005,6.001927097692248,A_all397,SPY
recession,2025-12-16,2025-12-17,overnight,0.7000000000000001,15.17249506525653,own,16.229943035656397,3.84715869203876,3.84715869203876,66.2227701162194,234,156,11.36096012495948,-73.58028952446895,96.3022097743879,5.930616132367377,A_all397,SPY
recession,2025-12-17,2025-12-18,overnight,0.05,93.84775808133573,own,16.23236231724431,3.8453720778272724,3.8453720778272724,66.08158652001342,235,157,0.8116181158622156,-83.87890164235738,85.50213787408181,5.954435407967608,A_all397,SPY
recession,2025-12-18,2025-12-19,overnight,-0.0,1.6260643330179292,own,16.23658034252293,3.845473562672016,3.845473562672016,66.21953513067093,236,158,-0.0,-84.86695622346788,84.86695622346788,6.180382252886292,A_all397,SPY
recession,2025-12-19,2025-12-22,weekend,0.2999999999999999,49.22199856007392,own,16.23658034252293,3.845473562672016,3.845473562672016,66.07917534669811,237,158,4.870974102756877,-79.82900228781354,89.57095049332729,6.168704514630219,A_all397,SPY
recession,2025-12-22,2025-12-23,overnight,-0.05,-12.70462477547918,own,16.248643943419808,3.8454654620565427,3.8454654620565427,66.00251889715801,238,159,-0.8124321971709905,-85.4016193368029,83.77675494246091,6.278815241089154,A_all397,SPY
recession,2025-12-23,2025-12-24,overnight,0.0499999999999999,0.581471413412249,own,16.24918306039108,3.8454701010159993,3.8454701010159993,65.86822299763581,239,160,0.8124591530195523,-83.60461509443805,85.22953340047714,6.230388098189746,A_all397,SPY
recession,2025-12-24,2025-12-26,holiday,0.05,3.766041889974314,own,16.249172588888246,3.8454603965177063,3.8454603965177063,65.73028062189776,240,161,0.8124586294444124,-83.42782942221866,85.05274668110748,6.21601426438624,A_all397,SPY
recession,2025-12-26,2025-12-29,weekend,0.2499999999999999,-39.26113726910541,own,16.24930648510904,3.845454453123498,3.845454453123498,65.59347666993051,241,162,4.062326621277259,-80.01130154336244,88.13595478591697,6.20979606039027,A_all397,SPY
recession,2025-12-29,2025-12-30,overnight,-0.0,-5.742614561525805,own,16.239487023665166,3.8449765189248537,3.8449765189248537,65.51670845032959,242,163,-0.0,-83.96621354994241,83.96621354994241,6.094679773480155,A_all397,SPY
recession,2025-12-30,2025-12-31,overnight,0.0499999999999999,2.911462427577227,own,16.239487023665166,3.8449765189248537,3.8449765189248537,65.3822453402685,243,163,0.8119743511832567,-82.98227351083342,84.60622221319993,6.064787616068523,A_all397,SPY
will-china-invade-taiwan-in-2024,2024-04-22,2024-04-23,overnight,-0.0,43.03184356423628,pooled,18.262369079960383,10.367286957911926,20.999875315829467,48.324334305440125,82,20,-0.0,-61.93246684585207,61.93246684585207,9.651964013301429,B_replication,SPY
will-china-invade-taiwan-in-2024,2024-04-23,2024-04-24,overnight,-0.0,18.194763072540976,pooled,18.262369079960383,10.367286957911926,20.999875315829467,48.203637228691925,84,20,-0.0,-61.77778147229157,61.77778147229157,10.446723050228448,B_replication,SPY
will-china-invade-taiwan-in-2024,2024-04-24,2024-04-25,overnight,-0.0,-124.43864126456594,pooled,18.262369079960383,10.367286957911926,20.999875315829467,47.71485427840296,86,20,-0.0,-61.15135724320124,61.15135724320124,10.62691002749153,B_replication,SPY
will-china-invade-taiwan-in-2024,2024-04-25,2024-04-26,overnight,0.5,57.80232003813835,pooled,18.262369079960383,10.367286957911926,20.999875315829467,50.79710293331259,88,20,9.131184539980191,-57.34661143211087,75.60898051207126,7.557238407217496,B_replication,SPY
will-china-invade-taiwan-in-2024,2024-04-26,2024-04-29,weekend,-0.0,36.40012592476039,pooled,19.421205639440338,10.383251915672538,22.022605405213675,50.85470155644857,90,21,-0.0,-65.17538551474449,65.17538551474449,8.673795776793513,B_replication,SPY
will-china-invade-taiwan-in-2024,2024-04-29,2024-04-30,overnight,0.5,-29.212822272326463,pooled,20.192974743318523,9.96140397411698,22.516345132366695,50.467268117208775,92,22,10.096487371659261,-56.172167391406845,76.36514213472537,9.27654208435801,B_replication,SPY
will-china-invade-taiwan-in-2024,2024-04-30,2024-05-01,overnight,-0.0,-13.146362839614456,pooled,19.309619470419968,9.819937661213187,21.66316181360733,50.17745472480031,94,23,-0.0,-64.30742597530408,64.30742597530408,8.457619438471108,B_replication,SPY
will-china-invade-taiwan-in-2024,2024-05-01,2024-05-02,overnight,-0.0,77.96101949025358,pooled,15.365573620480586,8.992265797794005,17.803418123062343,49.90490220590427,96,24,-0.0,-63.95812266708692,63.95812266708692,8.007536474344326,B_replication,SPY
will-china-invade-taiwan-in-2024,2024-05-02,2024-05-03,overnight,-0.0,121.57934339234176,pooled,15.365573620480586,8.992265797794005,17.803418123062343,50.64056391449814,98,24,-0.0,-64.90094671282081,64.90094671282081,9.43515857670982,B_replication,SPY
will-china-invade-taiwan-in-2024,2024-05-03,2024-05-06,weekend,-1.0,48.11359502435053,pooled,15.365573620480586,8.992265797794005,17.803418123062343,53.021469321925025,100,24,-15.365573620480586,-87.04629805747068,56.3151508165095,11.67804227302246,B_replication,SPY
will-china-invade-taiwan-in-2024,2024-05-06,2024-05-07,overnight,-0.0,18.583042973285835,pooled,13.036062844523478,8.756235960880307,15.703840380269376,53.075044215585976,102,25,-0.0,-68.02097666669499,68.02097666669499,12.392464875989678,B_replication,SPY
will-china-invade-taiwan-in-2024,2024-05-07,2024-05-08,overnight,-0.5,-37.50966744006323,pooled,13.036062844523482,8.756235960880307,15.703840380269378,52.62097953089144,104,25,-6.518031422261741,-74.70373006713561,61.667667222612124,12.511514454783834,B_replication,SPY
will-china-invade-taiwan-in-2024,2024-05-08,2024-05-09,overnight,0.5,3.673698254025304,own,17.76471962316891,9.86962699817881,9.86962699817881,49.66641811994852,79,20,8.882359811584456,-55.08354636064582,72.84826598381473,11.567718569975401,B_replication,SPY
will-china-invade-taiwan-in-2024,2024-05-09,2024-05-10,overnight,-0.0,32.29961740333964,own,17.5993652880083,9.707188121799023,9.707188121799023,49.354496601646076,80,21,-0.0,-63.25272284466961,63.25272284466961,11.421533008568918,B_replication,SPY
will-china-invade-taiwan-in-2024,2024-05-10,2024-05-13,weekend,-0.0,33.023577298207925,own,17.5993652880083,9.707188121799023,9.707188121799023,49.17782855791721,81,21,-0.0,-63.0263050798267,63.0263050798267,11.801134543019295,B_replication,SPY
will-china-invade-taiwan-in-2024,2024-05-13,2024-05-14,overnight,-0.0,3.839434835193334,own,17.5993652880083,9.707188121799023,9.707188121799023,49.01086581355307,82,21,-0.0,-62.81232562664962,62.81232562664962,12.180106735076233,B_replication,SPY
will-china-invade-taiwan-in-2024,2024-05-14,2024-05-15,overnight,-0.0,48.53905100422384,own,17.5993652880083,9.707188121799023,9.707188121799023,48.71294760162573,83,21,-0.0,-62.43051364624354,62.43051364624354,12.033779157885304,B_replication,SPY
will-china-invade-taiwan-in-2024,2024-05-15,2024-05-16,overnight,-0.0,2.265176683782233,own,17.5993652880083,9.707188121799023,9.707188121799023,48.7108561566398,84,21,-0.0,-62.42783325034957,62.42783325034957,12.66318039661528,B_replication,SPY
will-china-invade-taiwan-in-2024,2024-05-16,2024-05-17,overnight,-0.0,2.8373623879240917,own,17.5993652880083,9.707188121799023,9.707188121799023,48.42067323996656,85,21,-0.0,-62.05593482434115,62.05593482434115,12.486943045550314,B_replication,SPY
will-china-invade-taiwan-in-2024,2024-05-17,2024-05-20,weekend,-0.0,2.6443533611630876,own,17.5993652880083,9.707188121799023,9.707188121799023,48.135986877166815,86,21,-0.0,-61.691080781776996,61.691080781776996,12.32611670125654,B_replication,SPY
will-china-invade-taiwan-in-2024,2024-05-20,2024-05-21,overnight,-0.0,-13.961737292932376,own,17.5993652880083,9.707188121799023,9.707188121799023,47.85615770189151,87,21,-0.0,-61.33245171074417,61.33245171074417,12.167399269451726,B_replication,SPY
will-china-invade-taiwan-in-2024,2024-05-21,2024-05-22,overnight,-0.0,-12.61010313935218,own,17.5993652880083,9.707188121799023,9.707188121799023,47.6038667761049,88,21,-0.0,-61.00911566025604,61.00911566025604,11.74596158296166,B_replication,SPY
will-china-invade-taiwan-in-2024,2024-05-22,2024-05-23,overnight,-0.0,59.26541089426473,own,17.5993652880083,9.707188121799023,9.707188121799023,47.35170177757086,89,21,-0.0,-60.68594099813482,60.68594099813482,11.359357381020171,B_replication,SPY
will-china-invade-taiwan-in-2024,2024-05-23,2024-05-24,overnight,-0.5,36.12510694932958,own,17.5993652880083,9.707188121799023,9.707188121799023,47.502164482545126,90,21,-8.79968264400415,-69.99541843388482,52.39605314587653,12.107889467164622,B_replication,SPY
will-china-invade-taiwan-in-2024,2024-05-24,2024-05-28,holiday,-1.0,14.542020774315212,own,16.19546561321662,9.67702156346799,9.67702156346799,47.47060527762159,91,22,-16.19546561321662,-78.28502577628427,45.89409454985104,12.477385120736391,B_replication,SPY
will-china-invade-taiwan-in-2024,2024-05-28,2024-05-29,overnight,-3.0,-79.07599977353019,own,14.387378178655924,9.30083145245754,9.30083145245754,47.31243707672496,92,23,-43.16213453596777,-113.55705097582577,27.232781903890235,12.508667479123948,B_replication,SPY
will-china-invade-taiwan-in-2024,2024-05-29,2024-05-30,overnight,-0.5,-30.22181673034252,own,18.53128570606697,7.250150249210787,7.250150249210787,47.15190581254459,93,24,-9.265642853033485,-69.87385227980332,51.34256657373634,11.141732146994784,B_replication,SPY
will-china-invade-taiwan-in-2024,2024-05-30,2024-05-31,overnight,0.5,18.368635554790735,own,18.93045092277762,7.064332869409741,7.064332869409741,46.947555175526816,94,25,9.46522546138881,-50.87281200395104,69.80326292672866,10.533444663504527,B_replication,SPY
will-china-invade-taiwan-in-2024,2024-05-31,2024-06-03,weekend,-0.5,31.66777282639588,own,19.09843979246445,6.941793065912819,6.941793065912819,46.70610990278442,95,26,-9.549219896232225,-69.57282728449655,50.4743874920321,10.646998154682588,B_replication,SPY
will-china-invade-taiwan-in-2024,2024-06-03,2024-06-04,overnight,0.5,-24.821418420901686,own,18.32802871353682,7.121746490938984,7.121746490938984,46.64990206869307,96,27,9.16401435676841,-50.796421751226404,69.12445046476323,10.947294935707065,B_replication,SPY
will-china-invade-taiwan-in-2024,2024-06-04,2024-06-05,overnight,-0.0,45.80297151509427,own,17.698668847283674,7.253346574285473,7.253346574285473,46.53455085047739,97,28,-0.0,-59.63868036997182,59.63868036997182,10.443510240543562,B_replication,SPY
will-china-invade-taiwan-in-2024,2024-06-05,2024-06-06,overnight,-0.0,6.172262227626124,own,17.698668847283674,7.253346574285473,7.253346574285473,46.52706747886714,98,28,-0.0,-59.62908968091613,59.62908968091613,10.934613869356767,B_replication,SPY
will-china-invade-taiwan-in-2024,2024-06-06,2024-06-07,overnight,0.5,-18.143388885771827,own,17.698668847283674,7.253346574285473,7.253346574285473,46.293274692802804,99,28,8.849334423641837,-50.661910835098816,68.3605796823825,10.869376175634429,B_replication,SPY
will-china-invade-taiwan-in-2024,2024-06-07,2024-06-10,weekend,0.5,-14.607835792944668,own,17.20338952050544,7.337748462492888,7.337748462492888,46.13797010521125,100,29,8.60169476025272,-50.71538492349901,67.91877444400444,10.477311782912722,B_replication,SPY
will-china-invade-taiwan-in-2024,2024-06-10,2024-06-11,overnight,-0.0,-29.496872958086897,own,16.78139805590185,7.396956370669216,7.396956370669216,45.96480190908166,101,30,-0.0,-58.908490126679055,58.908490126679055,10.142843148567957,B_replication,SPY
will-china-invade-taiwan-in-2024,2024-06-11,2024-06-12,overnight,-0.0,87.91045054105994,own,16.78139805590185,7.396956370669216,7.396956370669216,45.83076563723564,102,30,-0.0,-58.7367092406812,58.7367092406812,9.621267936638288,B_replication,SPY
will-china-invade-taiwan-in-2024,2024-06-12,2024-06-13,overnight,-0.0,33.43554882328847,own,16.78139805590185,7.396956370669216,7.396956370669216,46.42880004221827,103,30,-0.0,-59.50315013410694,59.50315013410694,10.638010567864542,B_replication,SPY
will-china-invade-taiwan-in-2024,2024-06-13,2024-06-14,overnight,-0.0,-28.02359882005834,own,16.781398055901853,7.396956370669216,7.396956370669216,46.32017638008488,104,30,-0.0,-59.36393804871679,59.36393804871679,10.930286699344334,B_replication,SPY
will-china-invade-taiwan-in-2024,2024-06-14,2024-06-17,weekend,-0.0,-11.976489230371978,own,16.781398055901853,7.396956370669216,7.396956370669216,46.178778040714455,105,30,-0.0,-59.18272193697965,59.18272193697965,10.437199540870882,B_replication,SPY
will-china-invade-taiwan-in-2024,2024-06-17,2024-06-18,overnight,-0.0,2.0107851201900395,own,16.781398055901853,7.396956370669216,7.396956370669216,45.97321255159425,106,30,-0.0,-58.9192692061232,58.9192692061232,10.157028431230348,B_replication,SPY
will-china-invade-taiwan-in-2024,2024-06-18,2024-06-20,holiday,0.5,17.320279312293962,own,16.781398055901853,7.396956370669216,7.396956370669216,45.756260717077936,107,30,8.390699027950927,-50.44177868078849,67.22317673669033,10.056457526155777,B_replication,SPY
will-china-invade-taiwan-in-2024,2024-06-20,2024-06-21,overnight,-0.0,-46.622177529940245,own,16.942291394358485,7.26994619906654,7.26994619906654,45.55005164280332,108,31,-0.0,-58.376946185416735,58.376946185416735,10.145040718669655,B_replication,SPY
will-china-invade-taiwan-in-2024,2024-06-21,2024-06-24,weekend,1.0,3.85944276997785,own,16.942291394358485,7.26994619906654,7.26994619906654,45.56009445577554,109,31,16.942291394358485,-42.18621495357019,76.07079774228717,9.461098330132188,B_replication,SPY
will-china-invade-taiwan-in-2024,2024-06-24,2024-06-25,overnight,-0.0,24.693633096839473,own,16.4872357900322,7.111959384040524,7.111959384040524,45.367329092642514,110,32,-0.0,-58.14276896513065,58.14276896513065,9.394411954416066,B_replication,SPY
will-china-invade-taiwan-in-2024,2024-06-25,2024-06-26,overnight,-0.0,-20.008076654794984,own,16.4872357900322,7.111959384040524,7.111959384040524,45.221975888291624,111,32,-0.0,-57.956484298434546,57.956484298434546,9.574402791385753,B_replication,SPY
will-china-invade-taiwan-in-2024,2024-06-26,2024-06-27,overnight,-0.0,-2.7496700395945872,own,16.487235790032198,7.111959384040527,7.111959384040527,45.05785115095899,112,32,-0.0,-57.74614203506904,57.74614203506904,9.230420472244115,B_replication,SPY
will-china-invade-taiwan-in-2024,2024-06-27,2024-06-28,overnight,-0.0,14.825661206185892,own,16.487235790032198,7.111959384040527,7.111959384040527,44.85700148142249,113,32,-0.0,-57.48873309859107,57.48873309859107,9.092718282452866,B_replication,SPY
will-china-invade-taiwan-in-2024,2024-06-28,2024-07-01,weekend,3.0,28.304140859047862,own,16.487235790032198,7.111959384040527,7.111959384040527,44.67985087673345,114,32,49.46170737009659,-13.993785898911057,112.91720063910424,9.15786536113165,B_replication,SPY
will-china-invade-taiwan-in-2024,2024-07-01,2024-07-02,overnight,-0.0,-30.621412985678553,own,14.80583977590912,5.766803190641544,5.766803190641544,44.5170561912082,115,33,-0.0,-57.05305921465243,57.05305921465243,9.372992052119471,B_replication,SPY
will-a-nuclear-weapon-detonate-in-2024,2024-07-02,2024-07-03,overnight,-0.5,-5.100460863070033,pooled,4.036653492546661,2.907742027202539,10.74705954934425,45.21770889570042,180,57,-2.0183267462733303,-60.377105666094316,56.340452173547654,8.928609773921716,B_replication,SPY
will-china-invade-taiwan-in-2024,2024-07-02,2024-07-03,overnight,-0.0,-5.100460863070033,own,14.80583977590912,5.766803190641544,5.766803190641544,44.41496577128371,116,33,-0.0,-56.92222013247721,56.92222013247721,8.928609773921716,B_replication,SPY
will-a-nuclear-weapon-detonate-in-2024,2024-07-03,2024-07-05,holiday,-1.0,5.621441265004634,pooled,3.908657224662841,2.711511703575785,10.613428577897327,44.848519608777245,183,59,-3.908657224662841,-62.97407633405111,55.156761884725434,8.698625009380867,B_replication,SPY
will-china-invade-taiwan-in-2024,2024-07-03,2024-07-05,holiday,-0.0,5.621441265004634,own,14.80583977590912,5.766803190641544,5.766803190641544,44.225643103100836,117,33,-0.0,-56.67958420093404,56.67958420093404,8.698625009380867,B_replication,SPY
will-a-nuclear-weapon-detonate-in-2024,2024-07-05,2024-07-08,weekend,-1.0,13.34054443843602,pooled,3.8218951176378533,2.68122738348768,10.622966571309751,44.49425031741014,186,61,-3.8218951176378533,-62.44841683212067,54.80462659684497,8.648993013503832,B_replication,SPY
will-china-invade-taiwan-in-2024,2024-07-05,2024-07-08,weekend,-1.0,13.34054443843602,own,14.80583977590912,5.766803190641544,5.766803190641544,44.03930562929338,118,33,-14.80583977590912,-71.72845341733039,42.116773865512144,8.648993013503832,B_replication,SPY
will-a-nuclear-weapon-detonate-in-2024,2024-07-08,2024-07-09,overnight,-0.0,16.566427773976322,pooled,3.601156345212466,2.6316114562725987,10.113789204661446,44.183555689276574,189,63,-0.0,-56.62564497137686,56.62564497137686,8.72346208374085,B_replication,SPY
will-china-invade-taiwan-in-2024,2024-07-08,2024-07-09,overnight,-1.0,16.566427773976322,own,14.079481473603439,5.724656164182726,5.724656164182726,43.926811829045334,119,34,-14.079481473603439,-70.8521408435508,42.693177896343926,8.72346208374085,B_replication,SPY
will-a-nuclear-weapon-detonate-in-2024,2024-07-09,2024-07-10,overnight,2.5,21.948367365296484,pooled,3.592188407816292,2.5503379169765568,9.382249987693136,43.88108223804463,192,65,8.98047101954073,-54.78754217549436,72.74848421457583,8.846008422650781,B_replication,SPY
will-china-invade-taiwan-in-2024,2024-07-09,2024-07-10,overnight,-0.0,21.948367365296484,own,13.308515203224074,5.7108831047443465,5.7108831047443465,43.829711622843206,120,35,-0.0,-56.17215841583585,56.17215841583585,8.846008422650781,B_replication,SPY
will-a-nuclear-weapon-detonate-in-2024,2024-07-10,2024-07-11,overnight,0.5,3.2070698072206305,pooled,3.786609642385344,2.471091183423747,9.36101933432434,43.60703481626357,195,66,1.893304821192672,-54.314472292075095,58.10108193446044,9.047583175614559,B_replication,SPY
will-china-invade-taiwan-in-2024,2024-07-10,2024-07-11,overnight,-0.0,3.2070698072206305,own,13.308515203224074,5.7108831047443465,5.7108831047443465,43.69266926709521,121,35,-0.0,-55.99652493270923,55.99652493270923,9.047583175614559,B_replication,SPY
will-a-nuclear-weapon-detonate-in-2024,2024-07-11,2024-07-12,overnight,2.0,21.746162970419647,pooled,3.7488906128818202,2.4494148680810417,9.376719020976337,43.27728680554685,198,68,7.4977812257636405,-52.94993932950547,67.94550178103275,8.959090548820711,B_replication,SPY
will-china-invade-taiwan-in-2024,2024-07-11,2024-07-12,overnight,-0.0,21.746162970419647,own,13.308515203224074,5.7108831047443465,5.7108831047443465,43.512723228959175,122,35,-0.0,-55.76590609023408,55.76590609023408,8.959090548820711,B_replication,SPY
will-a-nuclear-weapon-detonate-in-2024,2024-07-12,2024-07-15,weekend,-0.0,38.04250759064098,pooled,3.578486494114464,2.352142332447947,9.60428318164777,43.040210828792425,201,70,-0.0,-55.16033419818037,55.16033419818037,9.149942376008758,B_replication,SPY
will-china-invade-taiwan-in-2024,2024-07-12,2024-07-15,weekend,1.0,38.04250759064098,own,13.308515203224074,5.7108831047443465,5.7108831047443465,43.378726997505005,123,35,13.308515203224074,-42.76537547870096,69.38240588514911,9.149942376008758,B_replication,SPY
will-a-nuclear-weapon-detonate-in-2024,2024-07-15,2024-07-16,overnight,-1.5,24.48841475360286,pooled,3.773198477710659,2.3584705983815524,10.022443520070436,42.9782491738148,203,71,-5.659797716565988,-64.01329887112165,52.693703437989676,9.434598190931242,B_replication,SPY
will-china-invade-taiwan-in-2024,2024-07-15,2024-07-16,overnight,-0.5,24.48841475360286,own,13.915484341565593,5.508833388123214,5.508833388123214,43.25814554923291,124,36,-6.957742170782796,-62.509654256415374,48.594169914849786,9.434598190931242,B_replication,SPY
will-a-nuclear-weapon-detonate-in-2024,2024-07-16,2024-07-17,overnight,-0.0,-107.020510051431,pooled,3.447795549011593,2.3197819325681097,9.74982127893757,42.78736262145298,206,73,-0.0,-54.83628393565414,54.83628393565414,9.653828529222576,B_replication,SPY
will-china-invade-taiwan-in-2024,2024-07-16,2024-07-17,overnight,0.5,-107.020510051431,own,13.531994622975523,5.530030812818825,5.530030812818825,43.17525158961461,125,37,6.765997311487761,-48.68075945816577,62.212754081141284,9.653828529222576,B_replication,SPY
will-a-nuclear-weapon-detonate-in-2024,2024-07-17,2024-07-18,overnight,-1.5,28.00969566388201,pooled,3.7199975439739776,2.4078796874389172,8.246875550610145,44.359659999574184,209,75,-5.579996315960966,-64.60048139560723,53.4404887636853,7.9790772577299425,B_replication,SPY
will-china-invade-taiwan-in-2024,2024-07-17,2024-07-18,overnight,-0.5,28.00969566388201,own,12.15276423069772,5.853466246400697,5.853466246400697,44.18303672060098,126,38,-6.07638211534886,-62.82545791279958,50.672693682101865,7.9790772577299425,B_replication,SPY
will-a-nuclear-weapon-detonate-in-2024,2024-07-18,2024-07-19,overnight,-0.0,-4.34263380740485,pooled,2.7690043056118934,2.3144623286952886,8.414359408275807,44.2247054355748,212,78,-0.0,-56.678382486232664,56.678382486232664,8.262529404986811,B_replication,SPY
will-china-invade-taiwan-in-2024,2024-07-18,2024-07-19,overnight,1.5,-4.34263380740485,own,11.742088594803372,5.892555079613651,5.892555079613651,44.11137178987752,127,39,17.61313289220506,-40.04374343041547,75.27000921482559,8.262529404986811,B_replication,SPY
will-a-nuclear-weapon-detonate-in-2024,2024-07-19,2024-07-22,weekend,-1.0,74.1442442570106,pooled,2.6733933328084247,2.2110006456178977,7.830720992356665,43.918725273097934,215,80,-2.6733933328084247,-59.847329255867535,54.50054259025069,8.08664340667437,B_replication,SPY
will-china-invade-taiwan-in-2024,2024-07-19,2024-07-22,weekend,-1.0,74.1442442570106,own,10.989319450816748,5.718207957449274,5.718207957449274,43.97831583834401,128,40,-10.989319450816748,-67.82636736713123,45.847728465497724,8.08664340667437,B_replication,SPY
will-a-nuclear-weapon-detonate-in-2024,2024-07-22,2024-07-23,overnight,-0.0,-1.983232669251489,pooled,1.915636118605524,2.238961989627343,6.5607467239408255,44.32938206018637,217,82,-0.0,-56.812536048334856,56.812536048334856,8.695469220963183,B_replication,SPY
will-china-invade-taiwan-in-2024,2024-07-22,2024-07-23,overnight,-0.0,-1.983232669251489,own,9.08689344617256,6.200443792146618,6.200443792146618,44.43354244764956,129,41,-0.0,-56.946028000907674,56.946028000907674,8.695469220963183,B_replication,SPY
will-a-nuclear-weapon-detonate-in-2024,2024-07-23,2024-07-24,overnight,0.5,-87.76999205374558,pooled,1.8593893964148345,2.194622512970125,6.570912966460213,44.02683642921309,220,83,0.9296946982074172,-55.65198808897704,57.51137748539188,8.549850558823893,B_replication,SPY
will-china-invade-taiwan-in-2024,2024-07-23,2024-07-24,overnight,-1.0,-87.76999205374558,own,9.08689344617256,6.200443792146618,6.200443792146618,44.26132878246544,130,41,-9.08689344617256,-66.36610866123512,48.19232176889,8.549850558823893,B_replication,SPY
will-a-nuclear-weapon-detonate-in-2024,2024-07-24,2024-07-25,overnight,-0.5,2.586796252841417,pooled,2.469300219087969,2.265482348509364,7.340870979922567,44.874825952676346,223,86,-1.2346501095439846,-58.938284151445494,56.468983932357524,7.254067922780356,B_replication,SPY
will-china-invade-taiwan-in-2024,2024-07-24,2024-07-25,overnight,-0.0,2.586796252841417,own,10.806742596064867,6.0340976753418225,6.0340976753418225,44.615892395085815,131,42,-0.0,-57.179727693541984,57.179727693541984,7.254067922780356,B_replication,SPY
will-a-nuclear-weapon-detonate-in-2024,2024-07-25,2024-07-26,overnight,-0.0,73.18794813686358,pooled,2.4361643348876263,2.251043899675934,7.352677485831749,44.57698106411142,226,88,-0.0,-57.1298589317652,57.1298589317652,7.192112989108599,B_replication,SPY
will-china-invade-taiwan-in-2024,2024-07-25,2024-07-26,overnight,-0.0,73.18794813686358,own,10.806742596064867,6.0340976753418225,6.0340976753418225,44.445851141365715,132,42,-0.0,-56.9618028227743,56.9618028227743,7.192112989108599,B_replication,SPY
will-a-nuclear-weapon-detonate-in-2024,2024-07-26,2024-07-29,weekend,-2.0,30.126014916052046,pooled,1.707480304020519,2.317952454549309,8.048927670163396,45.101820719441605,229,89,-3.414960608041038,-64.78895248367606,57.95903126759398,8.056687248686176,B_replication,SPY
will-china-invade-taiwan-in-2024,2024-07-26,2024-07-29,weekend,-0.0,30.126014916052046,own,10.806742596064867,6.0340976753418225,6.0340976753418225,44.733070973801205,133,42,-0.0,-57.329903760023626,57.329903760023626,8.056687248686176,B_replication,SPY
will-a-nuclear-weapon-detonate-in-2024,2024-07-29,2024-07-30,overnight,2.5,27.535061311403375,pooled,1.531136329397237,2.2877830542824618,7.904504096935214,44.94465542319611,232,91,3.8278408234930925,-59.09505773292011,66.75073937990629,8.342066485764182,B_replication,SPY
will-china-invade-taiwan-in-2024,2024-07-29,2024-07-30,overnight,-0.0,27.535061311403375,own,10.806742596064867,6.0340976753418225,6.0340976753418225,44.64108033306697,134,42,-0.0,-57.21200855485863,57.21200855485863,8.342066485764182,B_replication,SPY
will-a-nuclear-weapon-detonate-in-2024,2024-07-30,2024-07-31,overnight,-0.0,130.46446826963987,pooled,1.5948922130921956,2.2253113444130803,8.071022698035101,44.76120469003907,235,93,-0.0,-57.36595993075408,57.36595993075408,8.58708344098511,B_replication,SPY
will-china-invade-taiwan-in-2024,2024-07-30,2024-07-31,overnight,-0.0,130.46446826963987,own,10.806742596064867,6.0340976753418225,6.0340976753418225,44.53776233503085,135,42,-0.0,-57.07959620857554,57.07959620857554,8.58708344098511,B_replication,SPY
will-a-nuclear-weapon-detonate-in-2024,2024-07-31,2024-08-01,overnight,-0.0,38.696315674733306,pooled,2.1582564800060657,2.290865996203012,7.516018178910846,46.814610411958036,238,94,-0.0,-59.99760470396542,59.99760470396542,10.123352997648825,B_replication,SPY
will-china-invade-taiwan-in-2024,2024-07-31,2024-08-01,overnight,-0.0,38.696315674733306,own,10.806742596064867,6.0340976753418225,6.0340976753418225,45.771171759464714,136,42,-0.0,-58.660333726929984,58.660333726929984,10.123352997648825,B_replication,SPY
will-a-nuclear-weapon-detonate-in-2024,2024-08-01,2024-08-02,overnight,-0.0,-134.24425456688203,pooled,1.5882743334476892,2.27056042816486,8.016918840044305,46.74260337072154,241,95,-0.0,-59.90532047991673,59.90532047991673,10.479033030973524,B_replication,SPY
will-china-invade-taiwan-in-2024,2024-08-01,2024-08-02,overnight,0.5,-134.24425456688203,own,10.806742596064867,6.0340976753418225,6.0340976753418225,45.7231460096304,137,42,5.403371298032433,-53.322844808580115,64.12958740464498,10.479033030973524,B_replication,SPY
will-a-nuclear-weapon-detonate-in-2024,2024-08-02,2024-08-05,weekend,-3.5,-400.39025854628704,pooled,0.7374302967651251,2.345099034048925,7.566449455799147,48.80899933889147,244,97,-2.5810060386779377,-73.74899481729744,68.58698273994156,8.699648347393333,B_replication,SPY
will-china-invade-taiwan-in-2024,2024-08-02,2024-08-05,weekend,-0.0,-400.39025854628704,own,9.288833619272319,6.40828794647921,6.40828794647921,47.08416909984383,138,43,-0.0,-60.34307111835985,60.34307111835985,8.699648347393333,B_replication,SPY
will-a-nuclear-weapon-detonate-in-2024,2024-08-05,2024-08-06,overnight,-0.5,34.981929224406905,pooled,6.279051724731822,6.078856613755414,9.418288890146869,65.3341789772133,247,98,-3.139525862365911,-87.08903129639737,80.80997957166554,3.7309450247980243,B_replication,SPY
will-china-invade-taiwan-in-2024,2024-08-05,2024-08-06,overnight,-0.0,34.981929224406905,own,9.288833619272319,6.40828794647921,6.40828794647921,57.987396142689576,139,43,-0.0,-74.31664689647097,74.31664689647097,3.7309450247980243,B_replication,SPY
will-a-nuclear-weapon-detonate-in-2024,2024-08-06,2024-08-07,overnight,-0.5,120.26273961584845,pooled,6.0401538693158825,6.051665425287665,9.513046401875451,65.0742410255692,250,100,-3.0200769346579412,-86.64171588089224,80.60156201157636,4.105956835193334,B_replication,SPY
will-china-invade-taiwan-in-2024,2024-08-06,2024-08-07,overnight,-0.0,120.26273961584845,own,9.288833619272319,6.40828794647921,6.40828794647921,57.85456802486212,140,43,-0.0,-74.1464143806633,74.1464143806633,4.105956835193334,B_replication,SPY
israel-x-hamas-ceasefire-in-2024,2024-08-07,2024-08-08,overnight,4.0,101.41714065361909,pooled,5.552870009432458,6.053744793724126,9.713335539759907,66.0456165393809,253,102,22.21148003772983,-75.99291825008144,120.4158783255411,5.483309990695172,B_replication,SPY
will-a-nuclear-weapon-detonate-in-2024,2024-08-07,2024-08-08,overnight,-0.5,101.41714065361909,pooled,5.552870009432458,6.053744793724126,9.713335539759907,66.0456165393809,253,102,-2.776435004716229,-87.64904092854422,82.09617091911176,5.483309990695172,B_replication,SPY
will-china-invade-taiwan-in-2024,2024-08-07,2024-08-08,overnight,-0.0,101.41714065361909,own,9.288833619272319,6.40828794647921,6.40828794647921,58.5367479992966,141,43,-0.0,-75.02069623589853,75.02069623589853,5.483309990695172,B_replication,SPY
israel-x-hamas-ceasefire-in-2024,2024-08-08,2024-08-09,overnight,10.5,-15.453329061682064,pooled,5.69808535541387,5.780459049637518,10.212610202453142,66.71127223205202,257,105,59.82989623184563,-102.02346357000056,221.6832560336918,6.976443541869087,B_replication,SPY
will-a-nuclear-weapon-detonate-in-2024,2024-08-08,2024-08-09,overnight,-0.5,-15.453329061682064,pooled,5.69808535541387,5.780459049637518,10.212610202453142,66.71127223205202,257,105,-2.849042677706935,-88.59630247955585,82.89821712414198,6.976443541869087,B_replication,SPY
will-china-invade-taiwan-in-2024,2024-08-08,2024-08-09,overnight,-0.0,-15.453329061682064,own,9.288833619272319,6.40828794647921,6.40828794647921,58.95078832989679,142,43,-0.0,-75.55133032359574,75.55133032359574,6.976443541869087,B_replication,SPY
israel-x-hamas-ceasefire-in-2024,2024-08-09,2024-08-12,weekend,-4.0,24.394363025652677,pooled,3.673893188389463,4.595844251892525,9.557955987431715,66.33087891375379,261,108,-14.695572753557853,-112.81507180721583,83.42392630010012,6.632692237600104,B_replication,SPY
will-a-nuclear-weapon-detonate-in-2024,2024-08-09,2024-08-12,weekend,-4.5,24.394363025652677,pooled,3.673893188389463,4.595844251892525,9.557955987431715,66.33087891375379,261,108,-16.532519347752583,-117.84958207747441,84.78454338196924,6.632692237600104,B_replication,SPY
will-china-invade-taiwan-in-2024,2024-08-09,2024-08-12,weekend,2.0,24.394363025652677,own,9.288833619272319,6.40828794647921,6.40828794647921,58.75716097107559,143,43,18.577667238544638,-58.49614763769034,95.65148211477961,6.632692237600104,B_replication,SPY
israel-x-hamas-ceasefire-in-2024,2024-08-12,2024-08-13,overnight,0.5,61.50961087669992,pooled,2.7072652669385597,3.9505234715923496,9.598262094775386,65.95239776348343,265,112,1.3536326334692799,-83.39444276530409,86.10170803224264,6.90079292874052,B_replication,SPY
will-a-nuclear-weapon-detonate-in-2024,2024-08-12,2024-08-13,overnight,2.0,61.50961087669992,pooled,2.7072652669385597,3.9505234715923496,9.598262094775386,65.95239776348343,265,112,5.4145305338771195,-82.61772651002545,93.44678757777967,6.90079292874052,B_replication,SPY
will-china-invade-taiwan-in-2024,2024-08-12,2024-08-13,overnight,0.5,61.50961087669992,own,9.521501450756642,5.815812570068208,5.815812570068208,58.55321471339176,144,44,4.760750725378321,-70.37353291704376,79.89503436780039,6.90079292874052,B_replication,SPY
israel-x-hamas-ceasefire-in-2024,2024-08-13,2024-08-14,overnight,-0.5,15.682656826567776,pooled,3.0930716962639933,3.959597884081564,11.196696869873037,65.85954912952329,269,116,-1.5465358481319966,-86.25653159035349,83.1634598940895,7.712819961423931,B_replication,SPY
will-a-nuclear-weapon-detonate-in-2024,2024-08-13,2024-08-14,overnight,-0.0,15.682656826567776,own,17.86582099593276,24.361801544810646,24.361801544810646,93.01082050051816,29,20,-0.0,-119.20266755346408,119.20266755346408,7.712819961423931,B_replication,SPY
will-china-invade-taiwan-in-2024,2024-08-13,2024-08-14,overnight,-0.5,15.682656826567776,own,10.08616672589417,5.735632881400812,5.735632881400812,58.539925916650894,145,45,-5.043083362947085,-80.15782552101734,70.07165879512317,7.712819961423931,B_replication,SPY
israel-x-hamas-ceasefire-in-2024,2024-08-14,2024-08-15,overnight,0.0,105.18959873478283,pooled,3.0520429455063733,3.9500954242016846,11.18031162190836,65.40412869227892,273,119,0.0,-83.82193133202466,83.82193133202466,7.8295941279461845,B_replication,SPY
will-a-nuclear-weapon-detonate-in-2024,2024-08-14,2024-08-15,overnight,-1.0,105.18959873478283,own,17.86582099593276,24.361801544810646,24.361801544810646,91.43950368114484,30,20,-17.86582099593276,-139.14256792971008,103.41092593784457,7.8295941279461845,B_replication,SPY
will-china-invade-taiwan-in-2024,2024-08-14,2024-08-15,overnight,1.0,105.18959873478283,own,9.880961377483132,5.735141931589501,5.735141931589501,58.3629742796436,146,46,9.880961377483132,-65.27729702158251,85.03921977654878,7.8295941279461845,B_replication,SPY
israel-x-hamas-ceasefire-in-2024,2024-08-15,2024-08-16,overnight,8.5,-29.79381551412086,pooled,2.9417816068802,3.932728288781396,10.785626542868163,66.1592667976884,277,122,25.0051436584817,-119.88863410536894,169.89892142233234,9.23551477208823,B_replication,SPY
will-a-nuclear-weapon-detonate-in-2024,2024-08-15,2024-08-16,overnight,3.5,-29.79381551412086,own,16.042777740662903,24.00246554999335,24.00246554999335,92.62695848443316,31,21,56.14972209232016,-104.11282446896695,216.41226865360727,9.23551477208823,B_replication,SPY
will-china-invade-taiwan-in-2024,2024-08-15,2024-08-16,overnight,-1.0,-29.79381551412086,own,11.731614530052058,5.711682714734805,5.711682714734805,58.68488430533333,147,47,-11.731614530052058,-87.29754762423491,63.8343185641308,9.23551477208823,B_replication,SPY
israel-x-hamas-ceasefire-in-2024,2024-08-16,2024-08-19,weekend,-1.5,9.382724959852151,pooled,1.8535664621645116,3.304904978964395,9.400597479121062,65.83598507786594,281,126,-2.7803496932467673,-89.06936706770948,83.50866768121595,8.679937116768528,B_replication,SPY
will-a-nuclear-weapon-detonate-in-2024,2024-08-16,2024-08-19,weekend,-0.5,9.382724959852151,own,12.27096104320155,20.09296508930905,20.09296508930905,92.22068960939029,32,22,-6.135480521600775,-125.02477742543299,112.75381638223145,8.679937116768528,B_replication,SPY
will-china-invade-taiwan-in-2024,2024-08-16,2024-08-19,weekend,0.5,9.382724959852151,own,12.07565645355813,5.573483351957654,5.573483351957654,58.50354447404194,148,48,6.037828226779065,-69.02532781473305,81.10098426829119,8.679937116768528,B_replication,SPY
israel-x-hamas-ceasefire-in-2024,2024-08-19,2024-08-20,overnight,-1.5,-7.327185645864542,pooled,1.8396458475401436,3.253293981686892,9.25714831122859,65.38020798828748,285,130,-2.7594687713102153,-88.41968848038924,82.90075093776882,8.689800805794262,B_replication,SPY
will-a-nuclear-weapon-detonate-in-2024,2024-08-19,2024-08-20,overnight,-0.5,-7.327185645864542,own,12.17397225894247,20.020713181909702,20.020713181909702,90.80961979403662,33,23,-6.086986129471235,-123.17357415736319,110.9996018984207,8.689800805794262,B_replication,SPY
will-china-invade-taiwan-in-2024,2024-08-19,2024-08-20,overnight,-0.0,-7.327185645864542,own,12.10736163586214,5.542407588723331,5.542407588723331,58.30620757392438,149,49,-0.0,-74.7252356267415,74.7252356267415,8.689800805794262,B_replication,SPY
israel-x-hamas-ceasefire-in-2024,2024-08-20,2024-08-21,overnight,-10.0,20.58644516845121,pooled,1.8337296806471333,3.2255623529379296,9.263062729030032,64.93025559875991,289,133,-18.337296806471333,-163.3132302447926,126.63863663184995,8.468112411999678,B_replication,SPY
will-a-nuclear-weapon-detonate-in-2024,2024-08-20,2024-08-21,overnight,-1.0,20.58644516845121,own,12.181699358733082,19.94628123271434,19.94628123271434,89.42339176240716,34,24,-12.181699358733082,-129.60309943961983,105.23970072215367,8.468112411999678,B_replication,SPY
will-china-invade-taiwan-in-2024,2024-08-20,2024-08-21,overnight,0.5,20.58644516845121,own,12.10736163586214,5.542407588723331,5.542407588723331,58.11331999782176,150,49,6.05368081793107,-68.50898257033049,80.61634420619262,8.468112411999678,B_replication,SPY
israel-x-hamas-ceasefire-in-2024,2024-08-21,2024-08-22,overnight,0.0,33.17281968967079,pooled,1.255181120817898,2.7157579062748423,8.901826754114799,64.55019979962978,293,137,0.0,-82.72753606320553,82.72753606320553,8.633550401848845,B_replication,SPY
will-a-nuclear-weapon-detonate-in-2024,2024-08-21,2024-08-22,overnight,-0.5,33.17281968967079,own,11.778399118398507,19.669482463417104,19.669482463417104,88.27538040414123,35,25,-5.889199559199254,-119.72287766690351,107.944478548505,8.633550401848845,B_replication,SPY
will-china-invade-taiwan-in-2024,2024-08-21,2024-08-22,overnight,0.5,33.17281968967079,own,12.244463186338747,5.5040136885977455,5.5040136885977455,57.931381318569215,151,50,6.122231593169373,-68.2063531838924,80.45081637023115,8.633550401848845,B_replication,SPY
israel-x-hamas-ceasefire-in-2024,2024-08-22,2024-08-23,overnight,1.0,59.68968555042142,pooled,1.2794763339992883,2.715222878925926,8.865562231573813,64.22736138590886,297,140,1.2794763339992883,-81.81478847154311,84.37374113954168,8.964045611112441,B_replication,SPY
will-a-nuclear-weapon-detonate-in-2024,2024-08-22,2024-08-23,overnight,0.5,59.68968555042142,own,11.53875482852814,19.606384364882995,19.606384364882995,87.25457262839349,36,26,5.76937741426407,-106.759649557604,118.29840438613215,8.964045611112441,B_replication,SPY
will-china-invade-taiwan-in-2024,2024-08-22,2024-08-23,overnight,-0.0,59.68968555042142,own,12.498459318700261,5.460814414135022,5.460814414135022,57.780988656333804,152,51,-0.0,-74.05211506195741,74.05211506195741,8.964045611112441,B_replication,SPY
israel-x-hamas-ceasefire-in-2024,2024-08-23,2024-08-26,weekend,-2.0,19.39191232720683,pooled,1.3971774657317135,2.7233651542855557,8.98553255275531,64.16363483276601,301,143,-2.794354931463427,-88.1909627607246,82.60225289779774,9.638140494026846,B_replication,SPY
will-a-nuclear-weapon-detonate-in-2024,2024-08-23,2024-08-26,weekend,-0.5,19.39191232720683,own,11.868542645874667,19.528637604832237,19.528637604832237,86.50082274156873,37,27,-5.934271322937334,-117.49778509244729,105.62924244657262,9.638140494026846,B_replication,SPY
will-china-invade-taiwan-in-2024,2024-08-23,2024-08-26,weekend,-0.0,19.39191232720683,own,12.498459318700261,5.460814414135022,5.460814414135022,57.79375186627911,153,51,-0.0,-74.0684723918233,74.0684723918233,9.638140494026846,B_replication,SPY
israel-x-hamas-ceasefire-in-2024,2024-08-26,2024-08-27,overnight,-0.5,-22.114029925276448,pooled,1.2798704039202045,2.6895024868492436,8.986203276031299,63.78390889566253,305,146,-0.6399352019601022,-82.58795863108247,81.30808822716227,9.766058813150519,B_replication,SPY
will-a-nuclear-weapon-detonate-in-2024,2024-08-26,2024-08-27,overnight,-0.5,-22.114029925276448,own,11.714114696788421,19.463013611043877,19.463013611043877,85.42510297897593,38,28,-5.8570573483942105,-116.04596994416688,104.33185524737847,9.766058813150519,B_replication,SPY
will-china-invade-taiwan-in-2024,2024-08-26,2024-08-27,overnight,-0.0,-22.114029925276448,own,12.498459318700261,5.460814414135022,5.460814414135022,57.62590336384761,154,51,-0.0,-73.85335775110711,73.85335775110711,9.766058813150519,B_replication,SPY
israel-x-hamas-ceasefire-in-2024,2024-08-27,2024-08-28,overnight,0.0,-5.7307529155059544,pooled,1.2953722860333596,2.687954496883576,9.040821838622207,63.41776934995372,309,149,0.0,-81.27621319890069,81.27621319890069,9.35337158029062,B_replication,SPY
will-a-nuclear-weapon-detonate-in-2024,2024-08-27,2024-08-28,overnight,1.0,-5.7307529155059544,own,11.812941277802905,19.39044802993711,19.39044802993711,84.3347137661493,39,29,11.812941277802905,-99.09051610967788,122.71639866528369,9.35337158029062,B_replication,SPY
will-china-invade-taiwan-in-2024,2024-08-27,2024-08-28,overnight,-1.0,-5.7307529155059544,own,12.498459318700261,5.460814414135022,5.460814414135022,57.46613770327886,155,51,-12.498459318700261,-86.47883987311735,61.48192123571683,9.35337158029062,B_replication,SPY
israel-x-hamas-ceasefire-in-2024,2024-08-28,2024-08-29,overnight,1.5,35.46289828595839,pooled,1.2938601257989715,2.678902074365881,8.941840897423676,63.013250694824215,313,152,1.940790188698457,-80.62620332744753,84.50778370484444,9.160603216127088,B_replication,SPY
will-a-nuclear-weapon-detonate-in-2024,2024-08-28,2024-08-29,overnight,-0.0,35.46289828595839,own,11.602206212417812,19.12246871883418,19.12246871883418,83.29329613851284,40,30,-0.0,-106.74868833111806,106.74868833111806,9.160603216127088,B_replication,SPY
will-china-invade-taiwan-in-2024,2024-08-28,2024-08-29,overnight,-0.5,35.46289828595839,own,12.373708970254283,5.365012595413,5.365012595413,57.28299488060601,156,52,-6.186854485127141,-79.68119338010415,67.30748440984986,9.160603216127088,B_replication,SPY
israel-x-hamas-ceasefire-in-2024,2024-08-29,2024-08-30,overnight,6.0,43.9715930970852,pooled,1.3456913271823974,2.674591201816206,8.82406802392308,62.737788298290646,317,155,8.074147963094385,-97.13530246252913,113.2835983887179,9.492493374736945,B_replication,SPY
will-a-nuclear-weapon-detonate-in-2024,2024-08-29,2024-08-30,overnight,-0.0,43.9715930970852,own,11.602206212417812,19.12246871883418,19.12246871883418,82.43645601885463,41,30,-0.0,-105.6505620337641,105.6505620337641,9.492493374736945,B_replication,SPY
will-china-invade-taiwan-in-2024,2024-08-29,2024-08-30,overnight,1.0,43.9715930970852,own,11.991601146666342,5.384701389483696,5.384701389483696,57.19594511380001,157,53,11.991601146666342,-61.63485371580816,85.61805600914084,9.492493374736945,B_replication,SPY
israel-x-hamas-ceasefire-in-2024,2024-08-30,2024-09-03,holiday,-15.0,-55.00647656901614,pooled,1.6922598233916963,2.5787773525314885,9.01499617273069,62.518059415141394,321,158,-25.383897350875444,-216.31344993307818,165.54565523132732,9.922139477196113,B_replication,SPY
will-a-nuclear-weapon-detonate-in-2024,2024-08-30,2024-09-03,holiday,0.5,-55.00647656901614,own,11.602206212417812,19.12246871883418,19.12246871883418,81.71399740341201,42,30,5.801103106208906,-99.638011273687,111.24021748610483,9.922139477196113,B_replication,SPY
will-china-invade-taiwan-in-2024,2024-08-30,2024-09-03,holiday,1.0,-55.00647656901614,own,12.567817217845061,5.266373256379647,5.266373256379647,57.06957257848708,158,54,12.567817217845061,-60.88330300266196,86.01893743835208,9.922139477196113,B_replication,SPY
israel-x-hamas-ceasefire-in-2024,2024-09-03,2024-09-04,overnight,4.0,-35.49695740365011,pooled,1.988913848113041,2.0184360178043743,8.64065480207068,62.38976812580699,325,162,7.955655392452164,-83.45268740528795,99.36399819019226,9.12301804893504,B_replication,SPY
us-government-shutdown-before-2025,2024-09-03,2024-09-04,overnight,-0.5,-35.49695740365011,pooled,1.988913848113041,2.0184360178043743,8.64065480207068,62.38976812580699,325,162,-0.9944569240565205,-81.14466346023298,79.15574961211993,9.12301804893504,B_replication,SPY
will-a-nuclear-weapon-detonate-in-2024,2024-09-03,2024-09-04,overnight,-2.0,-35.49695740365011,own,11.23808896885359,19.069729418199667,19.069729418199667,81.2771219844632,43,31,-22.47617793770718,-137.53922859056277,92.5868727151484,9.12301804893504,B_replication,SPY
will-china-invade-taiwan-in-2024,2024-09-03,2024-09-04,overnight,-0.0,-35.49695740365011,own,11.371812018077605,5.403098389318517,5.403098389318517,57.13765500729565,159,55,-0.0,-73.2276186573501,73.2276186573501,9.12301804893504,B_replication,SPY
israel-x-hamas-ceasefire-in-2024,2024-09-04,2024-09-05,overnight,1.0,0.9077045966154884,pooled,1.8702781951105814,1.9847570168857076,8.765735278353416,62.076894944347025,330,166,1.8702781951105814,-78.47673076748383,82.217287157705,8.44695781480496,B_replication,SPY
us-government-shutdown-before-2025,2024-09-04,2024-09-05,overnight,-0.5,0.9077045966154884,pooled,1.8702781951105814,1.9847570168857076,8.765735278353416,62.076894944347025,330,166,-0.9351390975552907,-80.69093499566864,78.82065680055806,8.44695781480496,B_replication,SPY
will-a-nuclear-weapon-detonate-in-2024,2024-09-04,2024-09-05,overnight,1.5,0.9077045966154884,own,11.535706785218,18.04298290552287,18.04298290552287,80.3498967026215,44,32,17.303560177827002,-91.35761720565708,125.9647375613111,8.44695781480496,B_replication,SPY
will-china-invade-taiwan-in-2024,2024-09-04,2024-09-05,overnight,-0.0,0.9077045966154884,own,11.371812018077605,5.403098389318517,5.403098389318517,57.02721792524726,160,55,-0.0,-73.0860824929969,73.0860824929969,8.44695781480496,B_replication,SPY
israel-x-hamas-ceasefire-in-2024,2024-09-05,2024-09-06,overnight,-1.5,6.73253634659865,pooled,1.8652623028019426,1.9765976353131234,8.682906554105088,61.61070743245078,335,170,-2.7978934542029137,-83.50322012118619,77.90743321278035,8.334431647369298,B_replication,SPY
us-government-shutdown-before-2025,2024-09-05,2024-09-06,overnight,-1.0,6.73253634659865,pooled,1.8652623028019426,1.9765976353131234,8.682906554105088,61.61070743245078,335,170,-1.8652623028019426,-81.60583484688813,77.87531024128425,8.334431647369298,B_replication,SPY
will-a-nuclear-weapon-detonate-in-2024,2024-09-05,2024-09-06,overnight,-0.0,6.73253634659865,own,11.261681343749284,17.526606025151303,17.526606025151303,79.46906751902932,45,33,-0.0,-101.84755693238799,101.84755693238799,8.334431647369298,B_replication,SPY
will-china-invade-taiwan-in-2024,2024-09-05,2024-09-06,overnight,-0.0,6.73253634659865,own,11.371812018077605,5.403098389318517,5.403098389318517,56.848773834090075,161,55,-0.0,-72.85738854576985,72.85738854576985,8.334431647369298,B_replication,SPY
israel-x-hamas-ceasefire-in-2024,2024-09-06,2024-09-09,weekend,-5.0,78.08596858057459,pooled,1.8424821580673456,1.9700143721124757,8.677125065863006,61.16178632538752,340,173,-9.212410790336728,-105.31597578499783,86.89115420432437,8.310874363534435,B_replication,SPY
us-government-shutdown-before-2025,2024-09-06,2024-09-09,weekend,1.5,78.08596858057459,pooled,1.8424821580673456,1.9700143721124757,8.677125065863006,61.16178632538752,340,173,2.7637232371010185,-77.37648051498306,82.9039269891851,8.310874363534435,B_replication,SPY
will-a-nuclear-weapon-detonate-in-2024,2024-09-06,2024-09-09,weekend,0.5,78.08596858057459,own,11.261681343749284,17.526606025151303,17.526606025151303,78.58752594100925,46,33,5.630840671874642,-95.7111857161834,106.97286705993267,8.310874363534435,B_replication,SPY
will-china-invade-taiwan-in-2024,2024-09-06,2024-09-09,weekend,-1.35,78.08596858057459,own,11.371812018077605,5.403098389318517,5.403098389318517,56.674433689383356,162,55,-15.351946224404768,-88.58500303833571,57.88111058952617,8.310874363534435,B_replication,SPY
israel-x-hamas-ceasefire-in-2024,2024-09-09,2024-09-10,overnight,-1.0,35.50382489660109,pooled,1.5260141706755808,1.9768336210136714,8.021416888524433,61.46342328708974,345,178,-1.5260141706755808,-80.96552812412796,77.9134997827768,9.322107613056756,B_replication,SPY
us-government-shutdown-before-2025,2024-09-09,2024-09-10,overnight,3.5,35.50382489660109,pooled,1.5260141706755808,1.9768336210136714,8.021416888524433,61.46342328708974,345,178,5.341049597364533,-81.25904112717359,91.94114032190265,9.322107613056756,B_replication,SPY
will-a-nuclear-weapon-detonate-in-2024,2024-09-09,2024-09-10,overnight,-0.0,35.50382489660109,own,11.66420983213095,17.462430548224596,17.462430548224596,78.45728946687655,47,34,-0.0,-100.550862180749,100.550862180749,9.322107613056756,B_replication,SPY
will-china-invade-taiwan-in-2024,2024-09-09,2024-09-10,overnight,0.35,35.50382489660109,own,9.208990037080184,5.852745558736113,5.852745558736113,56.959398788240534,163,56,3.2231465129780643,-69.82321138062545,76.26950440658158,9.322107613056756,B_replication,SPY
israel-x-hamas-ceasefire-in-2024,2024-09-10,2024-09-11,overnight,-1.0,-2.186509238001344,own,0.479306392312245,2.2100689039320613,2.2100689039320613,46.69214532362164,23,20,-0.479306392312245,-60.38695558998081,59.428342805356316,9.696132145678819,B_replication,SPY
us-government-shutdown-before-2025,2024-09-10,2024-09-11,overnight,1.5,-2.186509238001344,pooled,1.6398337459757755,1.9468392924027076,7.168858436969165,61.16017856409042,350,182,2.459750618963663,-77.12544897234245,82.04495021026979,9.696132145678819,B_replication,SPY
will-a-nuclear-weapon-detonate-in-2024,2024-09-10,2024-09-11,overnight,1.0,-2.186509238001344,own,11.664209832130949,17.462430548224596,17.462430548224596,77.79072444088806,48,34,11.664209832130949,-90.51342116015363,113.84184082441553,9.696132145678819,B_replication,SPY
will-china-invade-taiwan-in-2024,2024-09-10,2024-09-11,overnight,-0.1,-2.186509238001344,own,9.402304049130285,5.825072984076831,5.825072984076831,56.84055311383791,164,57,-0.9402304049130286,-73.79090848794345,71.91044767811741,9.696132145678819,B_replication,SPY
israel-x-hamas-ceasefire-in-2024,2024-09-11,2024-09-12,overnight,-2.0,11.725232700772192,own,0.4819980798892088,2.204380607868097,2.204380607868097,45.66720425110919,24,21,-0.9639961597784176,-59.76319407772058,57.83520175816374,9.528770999429803,B_replication,SPY
us-government-shutdown-before-2025,2024-09-11,2024-09-12,overnight,0.5,11.725232700772192,pooled,1.6238241410223884,1.9238523061084845,7.070759644928112,60.72777591916929,355,187,0.8119120705111942,-77.14858259533493,78.77240673635733,9.528770999429803,B_replication,SPY
will-a-nuclear-weapon-detonate-in-2024,2024-09-11,2024-09-12,overnight,-0.0,11.725232700772192,own,11.51200412806356,17.244431567676493,17.244431567676493,77.00181062334214,49,35,-0.0,-98.68552049487529,98.68552049487529,9.528770999429803,B_replication,SPY
will-china-invade-taiwan-in-2024,2024-09-11,2024-09-12,overnight,-0.0,11.725232700772192,own,9.404436080321949,5.823818978327935,5.823818978327935,56.6670773188973,165,58,-0.0,-72.62452629189879,72.62452629189879,9.528770999429803,B_replication,SPY
israel-x-hamas-ceasefire-in-2024,2024-09-12,2024-09-13,overnight,-1.0,12.343028871955042,own,0.4422355139337036,2.1987697738371583,2.1987697738371583,44.78018485291258,25,22,-0.4422355139337036,-57.90166125456184,57.01719022669443,9.559277411948447,B_replication,SPY
us-government-shutdown-before-2025,2024-09-12,2024-09-13,overnight,0.5,12.343028871955042,pooled,1.5892744902583245,1.915386026790016,7.089393111117891,60.32156392983962,360,190,0.7946372451291622,-76.64684154878222,78.23611603904055,9.559277411948447,B_replication,SPY
will-a-nuclear-weapon-detonate-in-2024,2024-09-12,2024-09-13,overnight,0.5,12.343028871955042,own,11.51200412806356,17.244431567676493,17.244431567676493,76.23043280108466,50,35,5.75600206403178,-92.56386532004666,104.07586944811021,9.559277411948447,B_replication,SPY
will-china-invade-taiwan-in-2024,2024-09-12,2024-09-13,overnight,-0.5,12.343028871955042,own,9.404436080321949,5.823818978327935,5.823818978327935,56.50247170715215,166,58,-4.702218040160974,-77.21188563230383,67.80744955198189,9.559277411948447,B_replication,SPY
israel-x-hamas-ceasefire-in-2024,2024-09-13,2024-09-16,weekend,0.0,-3.559098836175556,own,0.4222351003460794,2.2007306881463338,2.2007306881463338,43.94977415455331,26,23,0.0,-56.32603055647552,56.32603055647552,9.597410993592373,B_replication,SPY
us-government-shutdown-before-2025,2024-09-13,2024-09-16,weekend,1.0,-3.559098836175556,pooled,1.5816329808423186,1.9122059593781982,7.070251695464081,59.92375941803801,365,195,1.5816329808423186,-75.74936552354333,78.91263148522796,9.597410993592373,B_replication,SPY
will-a-nuclear-weapon-detonate-in-2024,2024-09-13,2024-09-16,weekend,-1.0,-3.559098836175556,own,11.548097425641224,17.18852500722188,17.18852500722188,75.47001198030942,51,36,-11.548097425641224,-110.74731605839506,87.65112120711262,9.597410993592373,B_replication,SPY
will-china-invade-taiwan-in-2024,2024-09-13,2024-09-16,weekend,0.2,-3.559098836175556,own,9.25925894965066,5.812499979420202,5.812499979420202,56.347493243446856,167,59,1.8518517899301319,-70.37846249872996,74.08216607859023,9.597410993592373,B_replication,SPY
will-israel-invade-syria-in-2024,2024-09-13,2024-09-16,weekend,-0.5,-3.559098836175556,pooled,1.5816329808423186,1.9122059593781982,7.070251695464081,59.92375941803801,365,195,-0.7908164904211593,-77.72262948541281,76.14099650457048,9.597410993592373,B_replication,SPY
israel-x-hamas-ceasefire-in-2024,2024-09-16,2024-09-17,overnight,-0.5,39.79675230074919,own,0.4222351003460794,2.2007306881463338,2.2007306881463338,43.10195131689861,27,23,-0.2111175501730397,-55.46857653967079,55.046341439324706,9.41962032021713,B_replication,SPY
us-government-shutdown-before-2025,2024-09-16,2024-09-17,overnight,-0.5,39.79675230074919,pooled,1.5791151225461928,1.9077610040150053,7.036984565830222,59.517882529045515,370,199,-0.7895575612730964,-77.20084669786188,75.62173157531568,9.41962032021713,B_replication,SPY
will-a-nuclear-weapon-detonate-in-2024,2024-09-16,2024-09-17,overnight,0.5,39.79675230074919,own,11.461495814915308,16.975205267795122,16.975205267795122,74.73472926234534,52,37,5.730747907457654,-90.66499145806651,102.12648727298182,9.41962032021713,B_replication,SPY
will-china-invade-taiwan-in-2024,2024-09-16,2024-09-17,overnight,-0.1,39.79675230074919,own,9.240837124385173,5.810013483055583,5.810013483055583,56.18009415786342,168,60,-0.9240837124385174,-72.92834258000926,71.08017515513222,9.41962032021713,B_replication,SPY
will-israel-invade-syria-in-2024,2024-09-16,2024-09-17,overnight,-1.0,39.79675230074919,pooled,1.5791151225461928,1.9077610040150053,7.036984565830222,59.517882529045515,370,199,-1.5791151225461928,-78.388531596917,75.23030135182461,9.41962032021713,B_replication,SPY
israel-x-hamas-ceasefire-in-2024,2024-09-17,2024-09-18,overnight,-11.5,11.365654413071358,own,0.3909545140670159,2.2101919429458112,2.2101919429458112,42.99105734126046,28,24,-4.495976911770683,-68.50244060293308,59.51048677939171,9.904361787991576,B_replication,SPY
us-government-shutdown-before-2025,2024-09-17,2024-09-18,overnight,1.5,11.365654413071358,pooled,1.4731082618134683,1.9071744640698405,7.1502433564556895,59.26128663990177,376,205,2.2096623927202024,-74.97345190058167,79.39277668602207,9.904361787991576,B_replication,SPY
will-a-nuclear-weapon-detonate-in-2024,2024-09-17,2024-09-18,overnight,-0.0,11.365654413071358,own,11.64563637920337,16.917716663781235,16.917716663781235,74.16284367245329,53,38,-0.0,-95.04710045061614,95.04710045061614,9.904361787991576,B_replication,SPY
will-china-invade-taiwan-in-2024,2024-09-17,2024-09-18,overnight,-0.0,11.365654413071358,own,9.171530961482972,5.815794958337293,5.815794958337293,56.10066429960928,169,61,-0.0,-71.89861136637926,71.89861136637926,9.904361787991576,B_replication,SPY
will-israel-invade-syria-in-2024,2024-09-17,2024-09-18,overnight,0.5,11.365654413071358,pooled,1.4731082618134683,1.9071744640698405,7.1502433564556895,59.26128663990177,376,205,0.7365541309067342,-75.35079327173304,76.82390153354652,9.904361787991576,B_replication,SPY
israel-x-hamas-ceasefire-in-2024,2024-09-18,2024-09-19,overnight,3.0,172.44757985498626,own,0.154597195977371,1.7974646378573154,1.7974646378573154,42.30447249597154,29,25,0.46379158793211306,-54.19229853412337,55.119881709987595,9.927314028176074,B_replication,SPY
us-government-shutdown-before-2025,2024-09-18,2024-09-19,overnight,1.0,172.44757985498626,pooled,1.206061646180975,1.7078984551070289,7.149190323212309,58.821973315351066,382,209,1.206061646180975,-74.73493484777474,77.14705814013668,9.927314028176074,B_replication,SPY
will-a-nuclear-weapon-detonate-in-2024,2024-09-18,2024-09-19,overnight,2.0,172.44757985498626,own,11.64563637920337,16.917716663781235,16.917716663781235,73.4764500768712,54,38,23.29127275840674,-80.38078265623062,126.96332817304409,9.927314028176074,B_replication,SPY
will-china-invade-taiwan-in-2024,2024-09-18,2024-09-19,overnight,-0.05,172.44757985498626,own,9.171530961482972,5.815794958337293,5.815794958337293,55.9412720350648,170,61,-0.4585765480741486,-72.15387939033009,71.23672629418179,9.927314028176074,B_replication,SPY
will-israel-invade-syria-in-2024,2024-09-18,2024-09-19,overnight,-0.0,172.44757985498626,pooled,1.206061646180975,1.7078984551070289,7.149190323212309,58.821973315351066,382,209,-0.0,-75.38624100095393,75.38624100095393,9.927314028176074,B_replication,SPY
israel-x-hamas-ceasefire-in-2024,2024-09-19,2024-09-20,overnight,-5.0,-53.94801373222013,own,0.8154378809612486,1.7773182402254288,1.7773182402254288,52.30816405650364,30,26,-4.0771894048062425,-72.07588942536093,63.92151061574844,12.440514015188604,B_replication,SPY
us-government-shutdown-before-2025,2024-09-19,2024-09-20,overnight,6.0,-53.94801373222013,pooled,1.9972141115152473,1.7743862562023667,8.255530797686053,62.12686288844622,388,214,11.983284669091484,-89.8477471284479,113.81431646663088,12.440514015188604,B_replication,SPY
will-a-nuclear-weapon-detonate-in-2024,2024-09-19,2024-09-20,overnight,0.5,-53.94801373222013,own,14.736958806075483,16.359206874025638,16.359206874025638,75.45678496047566,55,39,7.368479403037742,-89.90346039541294,104.64041920148841,12.440514015188604,B_replication,SPY
will-china-invade-taiwan-in-2024,2024-09-19,2024-09-20,overnight,0.35,-53.94801373222013,own,9.02439556906238,5.831217506788578,5.831217506788578,57.3312483753848,171,62,3.1585384491718327,-70.36373180158219,76.68080869992585,12.440514015188604,B_replication,SPY
will-israel-invade-syria-in-2024,2024-09-19,2024-09-20,overnight,-1.0,-53.94801373222013,pooled,1.9972141115152473,1.7743862562023667,8.255530797686053,62.12686288844622,388,214,-1.9972141115152473,-82.31888952387268,78.32446130084219,12.440514015188604,B_replication,SPY
israel-x-hamas-ceasefire-in-2024,2024-09-20,2024-09-23,weekend,-1.0,21.827143108608116,own,1.1249062292542296,1.7082367391914575,1.7082367391914575,52.20412138673651,31,27,-1.1249062292542296,-68.06551764597924,65.81570518747077,11.429521206852431,B_replication,SPY
us-government-shutdown-before-2025,2024-09-20,2024-09-23,weekend,4.0,21.827143108608116,pooled,1.8429431413655288,1.720554939460329,8.050924121677404,62.019923850420255,394,220,7.371772565462115,-82.18950386597798,96.9330489969022,11.429521206852431,B_replication,SPY
will-a-nuclear-weapon-detonate-in-2024,2024-09-20,2024-09-23,weekend,1.0,21.827143108608116,own,14.420077704601283,16.31729696366596,16.31729696366596,75.22224317149374,56,40,14.420077704601283,-84.22683176183443,113.066987171037,11.429521206852431,B_replication,SPY
will-china-invade-taiwan-in-2024,2024-09-20,2024-09-23,weekend,0.65,21.827143108608116,own,8.684937463364568,5.860966053599351,5.860966053599351,57.32959087647513,172,63,5.64520935118697,-67.9904372659551,79.28085596832902,11.429521206852431,B_replication,SPY
will-israel-invade-syria-in-2024,2024-09-20,2024-09-23,weekend,-1.0,21.827143108608116,pooled,1.8429431413655288,1.720554939460329,8.050924121677404,62.019923850420255,394,220,-1.8429431413655288,-81.99458352210729,78.30869723937624,11.429521206852431,B_replication,SPY
israel-x-hamas-ceasefire-in-2024,2024-09-23,2024-09-24,overnight,-3.0,15.449438202246313,own,1.096456214580709,1.7084013594295804,1.7084013594295804,51.520197190660504,32,28,-3.2893686437421272,-69.6435627093546,63.064825421870346,11.585485535378766,B_replication,SPY
us-government-shutdown-before-2025,2024-09-23,2024-09-24,overnight,1.0,15.449438202246313,pooled,1.872713995698161,1.6942344941991334,8.115369168064916,61.605855298874445,400,226,1.872713995698161,-77.76344559662793,81.50887358802426,11.585485535378766,B_replication,SPY
will-a-nuclear-weapon-detonate-in-2024,2024-09-23,2024-09-24,overnight,-1.0,15.449438202246313,own,14.495853309757365,16.124857821060978,16.124857821060978,74.55409422375322,57,41,-14.495853309757365,-112.25366016054292,83.26195354102819,11.585485535378766,B_replication,SPY
will-china-invade-taiwan-in-2024,2024-09-23,2024-09-24,overnight,0.15,15.449438202246313,own,8.862303627393466,5.802058337711721,5.802058337711721,57.17591223676069,173,64,1.3293455441090198,-71.95579207840761,74.61448316662565,11.585485535378766,B_replication,SPY
will-israel-invade-syria-in-2024,2024-09-23,2024-09-24,overnight,0.5,15.449438202246313,pooled,1.872713995698161,1.6942344941991334,8.115369168064916,61.605855298874445,400,226,0.9363569978490806,-78.18878226350209,80.06149625920024,11.585485535378766,B_replication,SPY
israel-x-hamas-ceasefire-in-2024,2024-09-24,2024-09-25,overnight,0.0,-1.7505776906379111,own,1.0275424290606778,1.6938385629674644,1.6938385629674644,50.81569672329494,33,29,0.0,-65.1253969205748,65.1253969205748,11.642588284150209,B_replication,SPY
us-government-shutdown-before-2025,2024-09-24,2024-09-25,overnight,-0.5,-1.7505776906379111,pooled,1.8283391393174395,1.6786251349588337,8.012635550467687,61.180095937192156,406,232,-0.9141695696587198,-79.49051439559229,77.66217525627484,11.642588284150209,B_replication,SPY
will-a-nuclear-weapon-detonate-in-2024,2024-09-24,2024-09-25,overnight,-0.5,-1.7505776906379111,own,14.192609851407962,15.944621801242361,15.944621801242361,74.00250894743175,58,42,-7.096304925703981,-102.4866897798548,88.29407992844685,11.642588284150209,B_replication,SPY
will-china-invade-taiwan-in-2024,2024-09-24,2024-09-25,overnight,0.35,-1.7505776906379111,own,8.898005505163724,5.796420759269343,5.796420759269343,57.02052723867811,174,65,3.114301926807303,-70.00944492708375,76.23804878069835,11.642588284150209,B_replication,SPY
will-israel-invade-syria-in-2024,2024-09-24,2024-09-25,overnight,-0.0,-1.7505776906379111,pooled,1.8283391393174395,1.6786251349588337,8.012635550467687,61.180095937192156,406,232,-0.0,-78.40841095310547,78.40841095310547,11.642588284150209,B_replication,SPY
israel-x-hamas-ceasefire-in-2024,2024-09-25,2024-09-26,overnight,2.5,76.84210526315738,own,1.0275424290606778,1.6938385629674644,1.6938385629674644,50.04076689375991,34,29,2.5688560726516947,-61.79260796369084,66.93032010899424,11.447542177721255,B_replication,SPY
us-government-shutdown-before-2025,2024-09-25,2024-09-26,overnight,1.0,76.84210526315738,pooled,1.8272818017085513,1.677406498431801,7.997976094642589,60.73229155039639,412,236,1.8272818017085513,-76.67925851042281,80.33382211383991,11.447542177721255,B_replication,SPY
will-a-nuclear-weapon-detonate-in-2024,2024-09-25,2024-09-26,overnight,-0.5,76.84210526315738,own,14.165611229008636,15.89891132815015,15.89891132815015,73.36513200698967,59,43,-7.082805614504318,-101.65790810234851,87.49229687333987,11.447542177721255,B_replication,SPY
will-china-invade-taiwan-in-2024,2024-09-25,2024-09-26,overnight,-0.05,76.84210526315738,own,8.869363293698045,5.786499163865222,5.786499163865222,56.857632721984444,175,66,-0.4434681646849023,-73.31315367604745,72.42621734667765,11.447542177721255,B_replication,SPY
will-israel-invade-syria-in-2024,2024-09-25,2024-09-26,overnight,-0.0,76.84210526315738,pooled,1.8272818017085513,1.677406498431801,7.997976094642589,60.73229155039639,412,236,-0.0,-77.83450485098801,77.83450485098801,11.447542177721255,B_replication,SPY
israel-x-hamas-ceasefire-in-2024,2024-09-26,2024-09-27,overnight,-1.5,19.221024305859924,own,1.253434306160756,1.6766771193514352,1.6766771193514352,50.90624508941887,35,30,-1.8801514592411341,-67.20116859318063,63.44086567469836,12.386220116746657,B_replication,SPY
us-government-shutdown-before-2025,2024-09-26,2024-09-27,overnight,-0.0,19.221024305859924,pooled,2.001304655924269,1.6781262848998393,7.779221047041876,60.97716375421352,418,241,-0.0,-78.14833306740006,78.14833306740006,12.386220116746657,B_replication,SPY
will-a-nuclear-weapon-detonate-in-2024,2024-09-26,2024-09-27,overnight,0.5,19.221024305859924,own,13.742815708214371,15.865622624422107,15.865622624422107,73.55469769221526,60,44,6.8714078541071855,-87.94294219243497,101.68575790064935,12.386220116746657,B_replication,SPY
will-china-invade-taiwan-in-2024,2024-09-26,2024-09-27,overnight,-0.0,19.221024305859924,own,8.804362811420637,5.792819417534089,5.792819417534089,56.99515458414029,176,67,-0.0,-73.0449901150342,73.0449901150342,12.386220116746657,B_replication,SPY
will-israel-invade-syria-in-2024,2024-09-26,2024-09-27,overnight,-2.5,19.221024305859924,pooled,2.001304655924269,1.6781262848998393,7.779221047041876,60.97716375421352,418,241,-5.003261639810672,-87.03007953771156,77.02355625809021,12.386220116746657,B_replication,SPY
israel-x-hamas-ceasefire-in-2024,2024-09-27,2024-09-30,weekend,-5.0,-17.325563080800023,own,1.2150336223298168,1.6742535508519332,1.6742535508519332,50.300014484188935,36,31,-6.075168111649084,-71.42633330724476,59.2759970839466,12.48293904395109,B_replication,SPY
us-government-shutdown-before-2025,2024-09-27,2024-09-30,weekend,0.5,-17.325563080800023,pooled,1.930238901340754,1.6654118469097723,7.81536591067212,60.592688144869825,424,245,0.965119450670377,-76.85179036156164,78.78202926290238,12.48293904395109,B_replication,SPY
will-a-nuclear-weapon-detonate-in-2024,2024-09-27,2024-09-30,weekend,1.0,-17.325563080800023,own,13.804874082343781,15.819032438725191,15.819032438725191,72.95654522053337,61,45,13.804874082343781,-81.86894176521805,109.47868992990563,12.48293904395109,B_replication,SPY
will-china-invade-taiwan-in-2024,2024-09-27,2024-09-30,weekend,0.3,-17.325563080800023,own,8.804362811420637,5.792819417534089,5.792819417534089,56.85147044940203,177,67,2.641308843426191,-70.25356881304741,75.53618649989978,12.48293904395109,B_replication,SPY
will-israel-invade-syria-in-2024,2024-09-27,2024-09-30,weekend,1.5,-17.325563080800023,pooled,1.930238901340754,1.6654118469097723,7.81536591067212,60.592688144869825,424,245,2.895358352011131,-76.20027296791982,81.99098967194207,12.48293904395109,B_replication,SPY
israel-x-hamas-ceasefire-in-2024,2024-09-30,2024-10-01,overnight,1.0,-10.80101738615391,own,1.2812708608882564,1.614914354745229,1.614914354745229,49.63087256333312,37,32,1.2812708608882564,-62.359318560302086,64.9218602820786,12.067006456163867,B_replication,SPY
us-government-shutdown-before-2025,2024-09-30,2024-10-01,overnight,-1.5,-10.80101738615391,pooled,1.9027844363737423,1.6273818901708295,7.681292662183085,60.20292488548305,430,251,-2.8541766545606135,-81.41058273467317,75.70222942555193,12.067006456163867,B_replication,SPY
will-a-nuclear-weapon-detonate-in-2024,2024-09-30,2024-10-01,overnight,-1.0,-10.80101738615391,own,13.495118488680658,15.648055002855536,15.648055002855536,72.46467887160644,62,46,-13.495118488680658,-108.50647471181462,81.5162377344533,12.067006456163867,B_replication,SPY
will-china-invade-taiwan-in-2024,2024-09-30,2024-10-01,overnight,-0.05,-10.80101738615391,own,8.703757141664708,5.794069631209293,5.794069631209293,56.71047787173152,178,68,-0.43518785708323543,-73.11628463688879,72.24590892272232,12.067006456163867,B_replication,SPY
will-israel-invade-syria-in-2024,2024-09-30,2024-10-01,overnight,-0.0,-10.80101738615391,pooled,1.9027844363737423,1.6273818901708295,7.681292662183085,60.20292488548305,430,251,-0.0,-77.15606853323509,77.15606853323509,12.067006456163867,B_replication,SPY
israel-x-hamas-ceasefire-in-2024,2024-10-01,2024-10-02,overnight,1.0,-17.232587174031977,own,1.2670605836203443,1.6135685181496533,1.6135685181496533,48.995823431197444,38,33,1.2670605836203443,-61.560029156216736,64.09415032345743,11.752308880352151,B_replication,SPY
us-government-shutdown-before-2025,2024-10-01,2024-10-02,overnight,-0.0,-17.232587174031977,pooled,1.9124528772319667,1.621983650740875,7.66559563717578,59.79851055503915,436,256,-0.0,-76.63777112733818,76.63777112733818,11.752308880352151,B_replication,SPY
will-a-nuclear-weapon-detonate-in-2024,2024-10-01,2024-10-02,overnight,-0.0,-17.232587174031977,own,13.46857562067547,15.472775864993089,15.472775864993089,71.87871700273209,63,47,-0.0,-92.11976371070145,92.11976371070145,11.752308880352151,B_replication,SPY
will-china-invade-taiwan-in-2024,2024-10-01,2024-10-02,overnight,-0.25,-17.232587174031977,own,8.712461705236167,5.792973361216964,5.792973361216964,56.55629119319431,179,69,-2.178115426309042,-74.68441860511348,70.32818775249538,11.752308880352151,B_replication,SPY
will-israel-invade-syria-in-2024,2024-10-01,2024-10-02,overnight,-4.0,-17.232587174031977,pooled,1.9124528772319667,1.621983650740875,7.66559563717578,59.79851055503915,436,256,-7.649811508927867,-93.77527265490296,78.47564963704723,11.752308880352151,B_replication,SPY
israel-x-hamas-ceasefire-in-2024,2024-10-02,2024-10-03,overnight,-0.5,-26.193196800562426,own,1.2453282514527646,1.6127690892332507,1.6127690892332507,48.43978664106359,39,34,-0.6226641257263823,-62.711696192696095,61.466367941243334,11.358848752917075,B_replication,SPY
us-government-shutdown-before-2025,2024-10-02,2024-10-03,overnight,-0.0,-26.193196800562426,pooled,1.9140374313715156,1.5994167047626062,7.700752467839413,59.422901102425236,442,260,-0.0,-76.15639005286819,76.15639005286819,11.358848752917075,B_replication,SPY
will-a-nuclear-weapon-detonate-in-2024,2024-10-02,2024-10-03,overnight,2.0,-26.193196800562426,own,13.468575620675471,15.472775864993089,15.472775864993089,71.33901395429278,64,47,26.937151241350943,-72.72224427760462,126.59654676030651,11.358848752917075,B_replication,SPY
will-china-invade-taiwan-in-2024,2024-10-02,2024-10-03,overnight,-0.0,-26.193196800562426,own,8.77560435999551,5.780764629798973,5.780764629798973,56.409303511906245,180,70,-0.0,-72.29416338085905,72.29416338085905,11.358848752917075,B_replication,SPY
will-israel-invade-syria-in-2024,2024-10-02,2024-10-03,overnight,-1.0,-26.193196800562426,pooled,1.9140374313715156,1.5994167047626062,7.700752467839413,59.422901102425236,442,260,-1.9140374313715156,-78.70725666144463,74.87918179870161,11.358848752917075,B_replication,SPY
israel-x-hamas-ceasefire-in-2024,2024-10-03,2024-10-04,overnight,1.5,80.48892176547362,own,1.26034324421544,1.6114346690144121,1.6114346690144121,47.98967610776523,40,35,1.8905148663231601,-59.6910204230238,63.47205015567012,10.855919571397257,B_replication,SPY
us-government-shutdown-before-2025,2024-10-03,2024-10-04,overnight,0.5,80.48892176547362,pooled,1.892696207742597,1.5932522488629532,7.346192257995323,59.1023883337662,448,264,0.9463481038712985,-74.94541083697898,76.83810704472158,10.855919571397257,B_replication,SPY
will-a-nuclear-weapon-detonate-in-2024,2024-10-03,2024-10-04,overnight,-0.0,80.48892176547362,own,12.461365231255312,14.864982714287748,14.864982714287748,71.0786169564346,65,48,-0.0,-91.09435549136658,91.09435549136658,10.855919571397257,B_replication,SPY
will-china-invade-taiwan-in-2024,2024-10-03,2024-10-04,overnight,-0.1,80.48892176547362,own,8.77560435999551,5.780764629798973,5.780764629798973,56.28626179932755,181,70,-0.877560435999551,-73.0178378971003,71.2627170251012,10.855919571397257,B_replication,SPY
will-israel-invade-syria-in-2024,2024-10-03,2024-10-04,overnight,-0.5,80.48892176547362,pooled,1.892696207742597,1.5932522488629532,7.346192257995323,59.1023883337662,448,264,-0.9463481038712985,-76.83810704472158,74.94541083697898,10.855919571397257,B_replication,SPY
israel-x-hamas-ceasefire-in-2024,2024-10-04,2024-10-07,weekend,-0.5,-28.10214518859877,own,1.3984370777132153,1.6060549262496102,1.6060549262496102,48.98438019877139,41,36,-0.6992185388566077,-63.48603542339234,62.087598345679126,11.776179512288135,B_replication,SPY
us-government-shutdown-before-2025,2024-10-04,2024-10-07,weekend,-0.5,-28.10214518859877,own,4.128572102887116,11.088099847679073,11.088099847679073,50.82757402468729,23,20,-2.064286051443558,-67.59126421013956,63.46269210725244,11.776179512288135,B_replication,SPY
will-a-nuclear-weapon-detonate-in-2024,2024-10-04,2024-10-07,weekend,-2.0,-28.10214518859877,own,12.461365231255312,14.864982714287748,14.864982714287748,71.23280715503321,66,48,-24.922730462510625,-123.84684067507706,74.0013797500558,11.776179512288135,B_replication,SPY
will-china-invade-taiwan-in-2024,2024-10-04,2024-10-07,weekend,0.05,-28.10214518859877,own,8.63911776735696,5.7945498522194585,5.7945498522194585,56.455389027964756,182,71,0.43195588836784804,-71.92222347211563,72.78613524885134,11.776179512288135,B_replication,SPY
will-israel-invade-syria-in-2024,2024-10-04,2024-10-07,weekend,1.5,-28.10214518859877,pooled,1.973109608352311,1.5944425319983193,6.378909715675003,59.4280642025878,454,268,2.9596644125284666,-74.18422909140219,80.10355791645912,11.776179512288135,B_replication,SPY
israel-x-hamas-ceasefire-in-2024,2024-10-07,2024-10-08,overnight,-3.0,45.96608020288606,own,1.4144809457751253,1.60501376072527,1.60501376072527,48.572169262838905,42,37,-4.243442837325376,-66.79865588150437,58.31177020685362,11.256027450972221,B_replication,SPY
us-government-shutdown-before-2025,2024-10-07,2024-10-08,overnight,-1.0,45.96608020288606,own,4.290297936037149,11.14988135897074,11.14988135897074,50.00504096257678,24,21,-4.290297936037149,-69.95055685125874,61.36996097918444,11.256027450972221,B_replication,SPY
will-a-nuclear-weapon-detonate-in-2024,2024-10-07,2024-10-08,overnight,1.5,45.96608020288606,own,12.519436733101672,14.251655731898621,14.251655731898621,70.69214867878252,67,49,18.77915509965251,-75.87181350972305,113.43012370902808,11.256027450972221,B_replication,SPY
will-china-invade-taiwan-in-2024,2024-10-07,2024-10-08,overnight,0.2,45.96608020288606,own,8.615186789810965,5.796678806822574,5.796678806822574,56.33979244822811,183,72,1.723037357962193,-70.49732614753215,73.94340086345655,11.256027450972221,B_replication,SPY
will-israel-invade-syria-in-2024,2024-10-07,2024-10-08,overnight,-0.5,45.96608020288606,pooled,1.9588620480365426,1.5843766590982784,6.4377826836428405,59.12647450975346,460,274,-0.9794310240182713,-76.86813079614141,74.90926874810488,11.256027450972221,B_replication,SPY
israel-x-hamas-ceasefire-in-2024,2024-10-08,2024-10-09,overnight,-0.5,0.5234414530730369,own,1.2399403094823855,1.6034258810601212,1.6034258810601212,48.60535589252537,43,38,-0.6199701547411928,-62.921067450399434,61.68112714091704,11.702938001426045,B_replication,SPY
us-government-shutdown-before-2025,2024-10-08,2024-10-09,overnight,-0.0,0.5234414530730369,own,3.673655259485944,10.482505380507547,10.482505380507547,50.00262831196129,25,22,-0.0,-64.08336844460959,64.08336844460959,11.702938001426045,B_replication,SPY
will-a-nuclear-weapon-detonate-in-2024,2024-10-08,2024-10-09,overnight,-1.0,0.5234414530730369,own,12.884361902272593,13.925845078788731,13.925845078788731,70.23960267297323,68,50,-12.884361902272593,-104.65561117575159,78.88688737120641,11.702938001426045,B_replication,SPY
will-china-invade-taiwan-in-2024,2024-10-08,2024-10-09,overnight,-0.1,0.5234414530730369,own,8.763510279212712,5.780072170487057,5.780072170487057,56.280691792890224,184,73,-0.8763510279212712,-73.0094894338304,71.25678737798785,11.702938001426045,B_replication,SPY
will-israel-invade-syria-in-2024,2024-10-08,2024-10-09,overnight,1.5,0.5234414530730369,pooled,1.807143037399573,1.5710958034553042,6.675939262043451,58.988563407551474,466,280,2.7107145560993593,-73.97062738220737,79.39205649440609,11.702938001426045,B_replication,SPY
israel-x-hamas-ceasefire-in-2024,2024-10-09,2024-10-10,overnight,0.5,-23.04626581181801,own,1.2392780380616997,1.602930683654125,1.602930683654125,48.037169017896616,44,39,0.6196390190308498,-60.95336489124276,62.192642929304455,11.560825757167319,B_replication,SPY
us-government-shutdown-before-2025,2024-10-09,2024-10-10,overnight,-1.0,-23.04626581181801,own,3.673655259485944,10.482505380507547,10.482505380507547,48.99248191527123,26,22,-3.673655259485944,-67.88355733277479,60.536246813802904,11.560825757167319,B_replication,SPY
will-a-nuclear-weapon-detonate-in-2024,2024-10-09,2024-10-10,overnight,-0.5,-23.04626581181801,own,12.765445686260659,13.79018865716259,13.79018865716259,69.74001027878734,69,51,-6.382722843130329,-96.19729619183809,83.43185050557744,11.560825757167319,B_replication,SPY
will-china-invade-taiwan-in-2024,2024-10-09,2024-10-10,overnight,0.15,-23.04626581181801,own,8.761164291060041,5.779266478566512,5.779266478566512,56.127641617905226,185,74,1.314174643659006,-70.62759007314662,73.25593936046462,11.560825757167319,B_replication,SPY
will-israel-invade-syria-in-2024,2024-10-09,2024-10-10,overnight,2.5,-23.04626581181801,pooled,1.8023915688803127,1.5666714925069385,6.636413937464983,58.61187183592704,472,285,4.505978922200782,-73.56244031101122,82.57439815541278,11.560825757167319,B_replication,SPY
israel-x-hamas-ceasefire-in-2024,2024-10-10,2024-10-11,overnight,-5.5,-0.8679048776261133,own,1.225574561031677,1.6032304156662793,1.6032304156662793,47.62195015545776,45,40,-6.740660085674223,-68.81037739547519,55.32905722412674,11.126427118226081,B_replication,SPY
us-government-shutdown-before-2025,2024-10-10,2024-10-11,overnight,-0.0,-0.8679048776261133,own,3.908474781332393,10.433482034575633,10.433482034575633,48.18926271959824,27,23,-0.0,-61.759359101437106,61.759359101437106,11.126427118226081,B_replication,SPY
will-a-nuclear-weapon-detonate-in-2024,2024-10-10,2024-10-11,overnight,1.0,-0.8679048776261133,own,12.83917817727255,13.754544841522813,13.754544841522813,69.26179631989113,70,52,12.83917817727255,-77.66015016266249,103.3385065172076,11.126427118226081,B_replication,SPY
will-china-invade-taiwan-in-2024,2024-10-10,2024-10-11,overnight,-0.05,-0.8679048776261133,own,8.69994690006789,5.783166711036651,5.783166711036651,56.00437452156109,186,75,-0.4349973450033945,-72.21116041711205,71.34116572710526,11.126427118226081,B_replication,SPY
will-israel-invade-syria-in-2024,2024-10-10,2024-10-11,overnight,-0.5,-0.8679048776261133,pooled,1.7463351184552858,1.556675630453381,6.6708981268739596,58.30379648079946,478,291,-0.8731675592276429,-75.71748729780191,73.97115217934663,11.126427118226081,B_replication,SPY
israel-x-hamas-ceasefire-in-2024,2024-10-11,2024-10-14,weekend,4.5,28.815460270901205,own,1.1894345289821502,1.543781683309497,1.543781683309497,47.097706463605476,46,41,5.352455380419676,-55.661060219193985,66.36597098003334,10.977737052161796,B_replication,SPY
us-government-shutdown-before-2025,2024-10-11,2024-10-14,weekend,-0.5,28.815460270901205,own,3.908474781332393,10.433482034575633,10.433482034575633,47.28874438814464,28,23,-1.9542373906661965,-62.927153521702046,59.01867874036966,10.977737052161796,B_replication,SPY
will-a-nuclear-weapon-detonate-in-2024,2024-10-11,2024-10-14,weekend,-0.0,28.815460270901205,own,12.718940606615545,13.622351973161242,13.622351973161242,68.78463176072674,71,53,-0.0,-88.1543840645474,88.1543840645474,10.977737052161796,B_replication,SPY
will-china-invade-taiwan-in-2024,2024-10-11,2024-10-14,weekend,-2.7,28.815460270901205,own,8.700309514745296,5.782873767243816,5.782873767243816,55.85363124996285,187,76,-23.4908356898123,-97.81720088740964,50.83552950778504,10.977737052161796,B_replication,SPY
will-israel-invade-syria-in-2024,2024-10-11,2024-10-14,weekend,-10.0,28.815460270901205,pooled,1.709648794835789,1.5195648061419083,6.622654421759973,57.94201969530142,484,296,-17.09648794835789,-129.87170123822705,95.67872534151128,10.977737052161796,B_replication,SPY
israel-x-hamas-ceasefire-in-2024,2024-10-14,2024-10-15,overnight,5.0,5.305675361129136,own,1.3049526055764247,1.504001071493151,1.504001071493151,46.708402495428075,47,42,6.524763027882123,-54.107587288497186,67.15711334426143,11.196158152799423,B_replication,SPY
us-government-shutdown-before-2025,2024-10-14,2024-10-15,overnight,-0.0,5.305675361129136,own,3.7225551579996594,10.250850392230936,10.250850392230936,46.798198334399125,29,24,-0.0,-59.976570985365925,59.976570985365925,11.196158152799423,B_replication,SPY
will-a-nuclear-weapon-detonate-in-2024,2024-10-14,2024-10-15,overnight,-0.5,5.305675361129136,own,12.718940606615542,13.62235197316124,13.62235197316124,68.3840769295262,72,53,-6.359470303307771,-94.43415254284498,81.71521193622944,11.196158152799423,B_replication,SPY
will-china-invade-taiwan-in-2024,2024-10-14,2024-10-15,overnight,-0.3,5.305675361129136,own,6.591893150860305,5.7189772602610045,5.7189772602610045,55.82099993496628,188,77,-1.9775679452580914,-73.55154472608524,69.59640883556906,11.196158152799423,B_replication,SPY
will-israel-invade-syria-in-2024,2024-10-14,2024-10-15,overnight,2.5,5.305675361129136,pooled,1.4098408395291426,1.422858960341183,6.303760991746699,57.692612877926635,490,301,3.5246020988228564,-73.1231822766642,80.1723864743099,11.196158152799423,B_replication,SPY
israel-x-hamas-ceasefire-in-2024,2024-10-15,2024-10-16,overnight,-3.0,-0.1724762413979341,own,1.298461190950477,1.4591900637016202,1.4591900637016202,46.20916606497663,48,43,-3.895383572851431,-63.38219948739293,55.59143234169007,11.124902312577602,B_replication,SPY
us-government-shutdown-before-2025,2024-10-15,2024-10-16,overnight,-0.0,-0.1724762413979341,own,3.7225551579996594,10.250850392230936,10.250850392230936,45.9948079816208,30,24,-0.0,-58.94694590924522,58.94694590924522,11.124902312577602,B_replication,SPY
will-a-nuclear-weapon-detonate-in-2024,2024-10-15,2024-10-16,overnight,-0.0,-0.1724762413979341,own,12.667889640906846,13.590156304569295,13.590156304569295,67.92141070012411,73,54,-0.0,-87.04807995327907,87.04807995327907,11.124902312577602,B_replication,SPY
will-china-invade-taiwan-in-2024,2024-10-15,2024-10-16,overnight,-0.75,-0.1724762413979341,own,6.559316864127051,5.712545927616303,5.712545927616303,55.674872515309474,189,78,-4.919487648095288,-76.48336598754202,66.64439069135145,11.124902312577602,B_replication,SPY
will-israel-invade-syria-in-2024,2024-10-15,2024-10-16,overnight,7.0,-0.1724762413979341,pooled,1.4072594239243694,1.390605868222769,6.24764783185277,57.34386328995709,496,306,9.850815967470586,-82.57503351020536,102.27666544514652,11.124902312577602,B_replication,SPY
israel-x-hamas-ceasefire-in-2024,2024-10-16,2024-10-17,overnight,18.0,63.032426490794435,own,1.2866798386357507,1.4441243398358898,1.4441243398358898,45.72841448708284,49,44,23.160237095443513,-44.25226775139,90.57274194227702,10.989873883645625,B_replication,SPY
us-government-shutdown-before-2025,2024-10-16,2024-10-17,overnight,-0.5,63.032426490794435,own,3.7225551579996594,10.250850392230936,10.250850392230936,45.2217419039311,31,24,-1.8612775789998297,-60.1885244107403,56.465969252740635,10.989873883645625,B_replication,SPY
will-a-nuclear-weapon-detonate-in-2024,2024-10-16,2024-10-17,overnight,-1.0,63.032426490794435,own,12.667889640906846,13.590156304569295,13.590156304569295,67.45459436972979,74,54,-12.667889640906846,-100.8547721373324,75.5189928555187,10.989873883645625,B_replication,SPY
will-china-invade-taiwan-in-2024,2024-10-16,2024-10-17,overnight,0.9,63.032426490794435,own,6.506677571526725,5.66467052595621,5.66467052595621,55.52845380875206,190,79,5.856009814374053,-65.60857187985847,77.32059150860657,10.989873883645625,B_replication,SPY
will-israel-invade-syria-in-2024,2024-10-16,2024-10-17,overnight,-1.5,63.032426490794435,pooled,1.354416939293807,1.3375600430084285,6.22218935523497,57.00151424031134,502,310,-2.0316254089407106,-76.05756492947106,71.99431411158963,10.989873883645625,B_replication,SPY
israel-x-hamas-ceasefire-in-2024,2024-10-17,2024-10-18,overnight,-14.5,30.741224153330027,own,1.850908933852981,1.18917127931393,1.18917127931393,45.525741404502625,50,45,-26.838179540868225,-89.22872125401122,35.55236217227476,11.604549701840295,B_replication,SPY
us-government-shutdown-before-2025,2024-10-17,2024-10-18,overnight,-0.0,30.741224153330027,own,3.331629229868369,9.935439969921251,9.935439969921251,45.98340750430778,32,25,-0.0,-58.93233505752085,58.93233505752085,11.604549701840295,B_replication,SPY
will-a-nuclear-weapon-detonate-in-2024,2024-10-17,2024-10-18,overnight,-0.5,30.741224153330027,own,12.011053926098159,13.490103313566522,13.490103313566522,67.56775810420223,75,55,-6.005526963049079,-93.03076906016913,81.01971513407098,11.604549701840295,B_replication,SPY
will-china-invade-taiwan-in-2024,2024-10-17,2024-10-18,overnight,0.1,30.741224153330027,own,7.2585042207893204,5.608419605831993,5.608419605831993,55.53542207775853,191,80,0.7258504220789321,-70.45197580845216,71.90367665261003,11.604549701840295,B_replication,SPY
will-israel-invade-syria-in-2024,2024-10-17,2024-10-18,overnight,-0.5,30.741224153330027,own,-2.541386139979404,1.3109205434343618,1.3109205434343618,49.44509598518801,24,20,1.270693069989702,-62.10370960772151,64.64509574770092,11.604549701840295,B_replication,SPY
israel-x-hamas-ceasefire-in-2024,2024-10-18,2024-10-21,weekend,0.5,-12.31674564209584,own,1.2876427145472804,1.2191994007435616,1.2191994007435616,45.695115579658136,51,46,0.6438213572736402,-57.9242497914276,59.21189250597487,11.8279350067215,B_replication,SPY
us-government-shutdown-before-2025,2024-10-18,2024-10-21,weekend,-0.0,-12.31674564209584,own,3.331629229868369,9.935439969921251,9.935439969921251,45.58430020281427,33,25,-0.0,-58.42083913992677,58.42083913992677,11.8279350067215,B_replication,SPY
will-a-nuclear-weapon-detonate-in-2024,2024-10-18,2024-10-21,weekend,0.5,-12.31674564209584,own,11.851977081438507,13.462612533671821,13.462612533671821,67.24950003738522,76,56,5.925988540719254,-80.69164447484793,92.54362155628645,11.8279350067215,B_replication,SPY
will-china-invade-taiwan-in-2024,2024-10-18,2024-10-21,weekend,-0.2,-12.31674564209584,own,7.302351089142621,5.605831355602966,5.605831355602966,55.43240688756722,192,81,-1.4604702178285243,-72.51717250995324,69.59623207429618,11.8279350067215,B_replication,SPY
will-israel-invade-syria-in-2024,2024-10-18,2024-10-21,weekend,1.0,-12.31674564209584,own,-2.6156192157560803,1.3109953618862522,1.3109953618862522,48.775942349043454,25,21,-2.6156192157560803,-65.14944260454925,59.9182041730371,11.8279350067215,B_replication,SPY
israel-x-hamas-ceasefire-in-2024,2024-10-21,2024-10-22,overnight,2.0,-44.888378707146344,own,1.283271528375486,1.219302124184377,1.219302124184377,45.28128370710616,52,47,2.566543056750972,-55.55004547031187,60.68313158381382,11.549342537696683,B_replication,SPY
us-government-shutdown-before-2025,2024-10-21,2024-10-22,overnight,-0.0,-44.888378707146344,own,3.331629229868369,9.935439969921251,9.935439969921251,44.939491919887345,34,25,-0.0,-57.59445284452762,57.59445284452762,11.549342537696683,B_replication,SPY
will-a-nuclear-weapon-detonate-in-2024,2024-10-21,2024-10-22,overnight,0.5,-44.888378707146344,own,11.773174773953343,13.432482508964624,13.432482508964624,66.83829885307654,77,57,5.886587386976672,-80.20475396126363,91.97792873521698,11.549342537696683,B_replication,SPY
will-china-invade-taiwan-in-2024,2024-10-21,2024-10-22,overnight,-1.3,-44.888378707146344,own,7.334050557495835,5.6010811141866315,5.6010811141866315,55.2934110638268,193,82,-9.534265724744586,-81.01010048155808,61.94156903206891,11.549342537696683,B_replication,SPY
will-israel-invade-syria-in-2024,2024-10-21,2024-10-22,overnight,-0.0,-44.888378707146344,own,-2.664246415888109,1.3066577013431486,1.3066577013431486,47.829639916778234,26,22,0.0,-61.29846651734299,61.29846651734299,11.549342537696683,B_replication,SPY
israel-x-hamas-ceasefire-in-2024,2024-10-22,2024-10-23,overnight,3.0,-35.31509291641033,own,1.2194236686191493,1.2222988087953277,1.2222988087953277,45.32278192026395,53,48,3.658271005857448,-54.617205454027214,61.933747465742115,10.905566249732697,B_replication,SPY
us-government-shutdown-before-2025,2024-10-22,2024-10-23,overnight,0.5,-35.31509291641033,own,3.331629229868369,9.935439969921251,9.935439969921251,44.93798941991117,35,25,1.6658146149341846,-56.27754713302371,59.60917636289208,10.905566249732697,B_replication,SPY
will-a-nuclear-weapon-detonate-in-2024,2024-10-22,2024-10-23,overnight,1.5,-35.31509291641033,own,11.554317161478675,13.40810012271171,13.40810012271171,66.65395845158902,78,58,17.33147574221801,-71.89631764093954,106.55926912537555,10.905566249732697,B_replication,SPY
will-china-invade-taiwan-in-2024,2024-10-22,2024-10-23,overnight,-0.05,-35.31509291641033,own,7.988896277765441,5.472546448681759,5.472546448681759,55.20724906062093,194,83,-0.3994448138882721,-71.1539242557505,70.35503462797396,10.905566249732697,B_replication,SPY
will-israel-invade-syria-in-2024,2024-10-22,2024-10-23,overnight,-0.5,-35.31509291641033,own,-2.664246415888109,1.3066577013431486,1.3066577013431486,47.719866813911125,27,22,1.3321232079440546,-59.83138957842648,62.4956359943146,10.905566249732697,B_replication,SPY
israel-x-hamas-ceasefire-in-2024,2024-10-23,2024-10-24,overnight,0.5,35.47142387486435,own,1.1412423969596353,1.223225022157122,1.223225022157122,45.20932849670842,54,49,0.5706211984798176,-57.37495605121557,58.51619844817521,10.384280620039352,B_replication,SPY
us-government-shutdown-before-2025,2024-10-23,2024-10-24,overnight,-0.0,35.47142387486435,own,3.109521677127561,9.736132057780427,9.736132057780427,44.72898038438822,36,26,-0.0,-57.32466126063195,57.32466126063195,10.384280620039352,B_replication,SPY
will-a-nuclear-weapon-detonate-in-2024,2024-10-23,2024-10-24,overnight,-0.5,35.47142387486435,own,10.886495994561614,13.161081038303848,13.161081038303848,66.48796759291498,79,59,-5.443247997280807,-91.0705622507429,80.18406625618128,10.384280620039352,B_replication,SPY
will-china-invade-taiwan-in-2024,2024-10-23,2024-10-24,overnight,-0.05,35.47142387486435,own,8.013769401970265,5.471512383885545,5.471512383885545,55.12180731038918,195,84,-0.40068847009851327,-71.04566678301762,70.24428984282059,10.384280620039352,B_replication,SPY
will-israel-invade-syria-in-2024,2024-10-23,2024-10-24,overnight,-0.0,35.47142387486435,own,-2.5725137096944812,1.3046313178477849,1.3046313178477849,47.35530221112294,28,23,0.0,-60.690555313775164,60.690555313775164,10.384280620039352,B_replication,SPY
israel-x-hamas-ceasefire-in-2024,2024-10-24,2024-10-25,overnight,-2.5,40.229289685418394,own,1.1529090533782829,1.221984244700921,1.221984244700921,45.03983457989524,55,50,-2.882272633445707,-60.73795357106063,54.97340830416921,10.66406288682179,B_replication,SPY
us-government-shutdown-before-2025,2024-10-24,2024-10-25,overnight,-0.0,40.229289685418394,own,3.109521677127561,9.736132057780427,9.736132057780427,44.49784043750351,37,26,-0.0,-57.0284323047045,57.0284323047045,10.66406288682179,B_replication,SPY
will-a-nuclear-weapon-detonate-in-2024,2024-10-24,2024-10-25,overnight,-1.0,40.229289685418394,own,10.713860248265645,13.136878368447958,13.136878368447958,66.22565622084066,80,60,-10.713860248265645,-97.24241196683671,75.81469147030542,10.66406288682179,B_replication,SPY
will-china-invade-taiwan-in-2024,2024-10-24,2024-10-25,overnight,-0.05,40.229289685418394,own,7.988215824291848,5.4722724098249325,5.4722724098249325,55.04026540059754,196,85,-0.39941079121459244,-70.9398865236123,70.14106494118312,10.66406288682179,B_replication,SPY
will-israel-invade-syria-in-2024,2024-10-24,2024-10-25,overnight,0.5,40.229289685418394,own,-2.5725137096944812,1.3046313178477849,1.3046313178477849,46.982666786498996,29,23,-1.2862568548472406,-61.5050459685117,58.932532258817226,10.66406288682179,B_replication,SPY
israel-x-hamas-ceasefire-in-2024,2024-10-25,2024-10-28,weekend,8.5,61.57008022244837,own,1.0811521254174574,1.2250215603521575,1.2250215603521575,45.00395026450415,56,51,9.189793066048388,-50.010965172814544,68.39055130491133,10.990149947100427,B_replication,SPY
us-government-shutdown-before-2025,2024-10-25,2024-10-28,weekend,-0.0,61.57008022244837,own,3.109521677127561,9.736132057780427,9.736132057780427,44.38787169335973,38,26,-0.0,-56.88749636220983,56.88749636220983,10.990149947100427,B_replication,SPY
will-a-nuclear-weapon-detonate-in-2024,2024-10-25,2024-10-28,weekend,-2.0,61.57008022244837,own,10.287557738360341,13.03604262510206,13.03604262510206,66.05439549540623,81,61,-20.575115476720683,-111.58619404185546,70.4359630884141,10.990149947100427,B_replication,SPY
will-china-invade-taiwan-in-2024,2024-10-25,2024-10-28,weekend,0.6,61.57008022244837,own,7.959274911461678,5.473179231372493,5.473179231372493,54.97632335961555,197,86,4.775564946877007,-65.80767722862502,75.35880712237905,10.990149947100427,B_replication,SPY
will-israel-invade-syria-in-2024,2024-10-25,2024-10-28,weekend,-0.0,61.57008022244837,own,-2.468724843343817,1.3116833212740273,1.3116833212740273,46.8039836107314,30,24,0.0,-59.983985395513365,59.983985395513365,10.990149947100427,B_replication,SPY
israel-x-hamas-ceasefire-in-2024,2024-10-28,2024-10-29,overnight,-2.5,-15.841038621140502,own,1.3639740665509494,1.1745448116480386,1.1745448116480386,45.121330014386906,57,52,-3.4099351663773736,-61.359752629347696,54.53988229659295,11.541931004649676,B_replication,SPY
us-government-shutdown-before-2025,2024-10-28,2024-10-29,overnight,-0.0,-15.841038621140502,own,3.109521677127561,9.736132057780427,9.736132057780427,44.92430811254311,39,26,-0.0,-57.574993277035254,57.574993277035254,11.541931004649676,B_replication,SPY
will-a-nuclear-weapon-detonate-in-2024,2024-10-28,2024-10-29,overnight,-0.0,-15.841038621140502,own,8.95727116833331,12.688916646383781,12.688916646383781,66.25650986104216,82,62,-0.0,-84.91434303791164,84.91434303791164,11.541931004649676,B_replication,SPY
will-china-invade-taiwan-in-2024,2024-10-28,2024-10-29,overnight,0.35,-15.841038621140502,own,8.44227280898966,5.449089228421751,5.449089228421751,54.984944847373896,198,87,2.954795483146381,-67.55628701515035,73.46587798144311,11.541931004649676,B_replication,SPY
will-israel-invade-syria-in-2024,2024-10-28,2024-10-29,overnight,-1.0,-15.841038621140502,own,-2.468724843343817,1.3116833212740273,1.3116833212740273,47.370401571647214,31,24,2.468724843343817,-58.264451479912026,63.201901166599654,11.541931004649676,B_replication,SPY
israel-x-hamas-ceasefire-in-2024,2024-10-29,2024-10-30,overnight,1.5,-7.048306687297279,own,1.3836373114967941,1.1682046775073698,1.1682046775073698,44.753956777043946,58,53,2.0754559672451913,-55.32516364490302,59.4760755793934,11.246431332428921,B_replication,SPY
us-government-shutdown-before-2025,2024-10-29,2024-10-30,overnight,-0.0,-7.048306687297279,own,3.109521677127561,9.736132057780429,9.736132057780429,44.4171051485866,40,26,-0.0,-56.92496195842859,56.92496195842859,11.246431332428921,B_replication,SPY
will-a-nuclear-weapon-detonate-in-2024,2024-10-29,2024-10-30,overnight,-20.0,-7.048306687297279,own,8.95727116833331,12.688916646383781,12.688916646383781,65.87449925952814,83,62,-179.1454233666662,-515.1664063166392,156.87555958330677,11.246431332428921,B_replication,SPY
will-china-invade-taiwan-in-2024,2024-10-29,2024-10-30,overnight,0.15,-7.048306687297279,own,8.349191211020075,5.442714394007309,5.442714394007309,54.862153728968096,199,88,1.2523786816530114,-69.06674218966167,71.5714995529677,11.246431332428921,B_replication,SPY
will-israel-invade-syria-in-2024,2024-10-29,2024-10-30,overnight,1.0,-7.048306687297279,own,-2.3776314927742432,1.3182481918544984,1.3182481918544984,46.71541428700325,32,25,-2.3776314927742432,-62.27193897781825,57.51667599226977,11.246431332428921,B_replication,SPY
israel-x-hamas-ceasefire-in-2024,2024-10-30,2024-10-31,overnight,-4.5,-76.0384157801275,own,1.374990561231867,1.1669348207120498,1.1669348207120498,44.38261806373838,59,54,-6.187457525543401,-63.46496982007082,51.09005476898402,11.051113844673836,B_replication,SPY
us-government-shutdown-before-2025,2024-10-30,2024-10-31,overnight,-0.0,-76.0384157801275,own,3.109521677127561,9.736132057780429,9.736132057780429,43.87253371660951,41,26,-0.0,-56.22703921120675,56.22703921120675,11.051113844673836,B_replication,SPY
will-a-nuclear-weapon-detonate-in-2024,2024-10-30,2024-10-31,overnight,-0.0,-76.0384157801275,own,2.3824052015952426,7.169416143942363,7.169416143942363,66.11617919682068,84,63,-0.0,-84.7344952586454,84.7344952586454,11.051113844673836,B_replication,SPY
will-china-invade-taiwan-in-2024,2024-10-30,2024-10-31,overnight,-0.25,-76.0384157801275,own,8.331579516047231,5.44145535017588,5.44145535017588,54.727297901387125,200,89,-2.082894879011808,-72.24306501366902,68.07727525564542,11.051113844673836,B_replication,SPY
will-israel-invade-syria-in-2024,2024-10-30,2024-10-31,overnight,-2.0,-76.0384157801275,own,-2.400753647202575,1.3067213953426948,1.3067213953426948,45.98706852981076,33,26,4.80150729440515,-54.23061579743451,63.833630386244806,11.051113844673836,B_replication,SPY
israel-x-hamas-ceasefire-in-2024,2024-10-31,2024-11-01,overnight,-2.0,48.72042916190367,own,1.5710787160326332,1.156877404581089,1.156877404581089,44.92307808125593,60,55,-3.1421574320652663,-60.79188754824645,54.507572684115914,10.131154024693542,B_replication,SPY
us-government-shutdown-before-2025,2024-10-31,2024-11-01,overnight,-0.5,48.72042916190367,own,3.109521677127561,9.736132057780429,9.736132057780429,44.93187506278134,42,26,-1.5547608385637806,-59.47643802014316,56.3669163430156,10.131154024693542,B_replication,SPY
will-a-nuclear-weapon-detonate-in-2024,2024-10-31,2024-11-01,overnight,-1.5,48.72042916190367,own,2.3824052015952426,7.169416143942363,7.169416143942363,66.24304278438085,85,63,-3.573607802392864,-89.58216387954647,82.43494827476076,10.131154024693542,B_replication,SPY
will-china-invade-taiwan-in-2024,2024-10-31,2024-11-01,overnight,0.35,48.72042916190367,own,8.592869513578027,5.434854361557479,5.434854361557479,54.839991707427075,201,90,3.007504329752309,-67.31769653283273,73.33270519233734,10.131154024693542,B_replication,SPY
will-israel-invade-syria-in-2024,2024-10-31,2024-11-01,overnight,-1.0,48.72042916190367,own,-1.6159000251197337,1.7643308577452157,1.7643308577452157,47.38051423180683,34,27,1.6159000251197337,-59.14905249775067,62.38085254799014,10.131154024693542,B_replication,SPY
israel-x-hamas-ceasefire-in-2024,2024-11-01,2024-11-04,weekend,-2.5,2.802003432453848,own,1.50653287086279,1.1584429678043402,1.1584429678043402,45.046258922103355,61,56,-3.766332177156975,-61.61680903836396,54.08414468405001,10.534526238671347,B_replication,SPY
us-government-shutdown-before-2025,2024-11-01,2024-11-04,weekend,1.0,2.802003432453848,own,2.8084726352085942,9.489555944195583,9.489555944195583,45.064460800387344,43,27,2.8084726352085942,-56.21275286867076,61.82969813908795,10.534526238671347,B_replication,SPY
will-a-nuclear-weapon-detonate-in-2024,2024-11-01,2024-11-04,weekend,-2.0,2.802003432453848,own,2.2332068079738545,6.627928974059,6.627928974059,66.09501033748622,86,64,-4.466413615947709,-90.86059114800456,81.92776391610913,10.534526238671347,B_replication,SPY
will-china-invade-taiwan-in-2024,2024-11-01,2024-11-04,weekend,0.5,2.802003432453848,own,8.818588466651814,5.423551074234609,5.423551074234609,54.798182333361495,202,91,4.409294233325907,-65.90599680578262,74.72458527243444,10.534526238671347,B_replication,SPY
will-israel-invade-syria-in-2024,2024-11-01,2024-11-04,weekend,-2.0,2.802003432453848,own,-1.843458136891637,1.6601880463865237,1.6601880463865237,47.369092336985965,35,28,3.686916273783274,-57.170272411992215,64.54410495955877,10.534526238671347,B_replication,SPY
israel-x-hamas-ceasefire-in-2024,2024-11-04,2024-11-05,overnight,-1.5,17.024413359776336,own,1.4963541390952233,1.1540041906266745,1.1540041906266745,44.68338570871016,62,57,-2.244531208642835,-59.55371305083715,55.06465063355149,10.454534623434615,B_replication,SPY
us-government-shutdown-before-2025,2024-11-04,2024-11-05,overnight,1.0,17.024413359776336,own,2.8083960765961122,9.302602592599607,9.302602592599607,44.537372961916475,44,28,2.8083960765961122,-55.50251677693076,61.11930893012298,10.454534623434615,B_replication,SPY
will-a-nuclear-weapon-detonate-in-2024,2024-11-04,2024-11-05,overnight,-1.0,17.024413359776336,own,2.205765875275784,6.376605321799167,6.376605321799167,65.71425230891151,87,65,-2.205765875275784,-86.82072157657045,82.40918982601887,10.454534623434615,B_replication,SPY
will-china-invade-taiwan-in-2024,2024-11-04,2024-11-05,overnight,0.05,17.024413359776336,own,8.80729060139422,5.403635976581198,5.403635976581198,54.66249155197775,203,92,0.440364530069711,-69.6159403844666,70.49666944460603,10.454534623434615,B_replication,SPY
will-israel-invade-syria-in-2024,2024-11-04,2024-11-05,overnight,2.0,17.024413359776336,own,-1.8350703374477562,1.6208601467995545,1.6208601467995545,46.68772219331654,36,29,-3.6701406748955123,-63.649187091824466,56.30890574203344,10.454534623434615,B_replication,SPY
israel-x-hamas-ceasefire-in-2024,2024-11-05,2024-11-06,overnight,-2.0,217.10480682527677,own,1.4784628256612224,1.1532725751343433,1.1532725751343433,44.38898395139122,63,58,-2.956925651322445,-59.9225974792225,54.00874617657762,10.52180300640057,B_replication,SPY
us-government-shutdown-before-2025,2024-11-05,2024-11-06,overnight,-0.0,217.10480682527677,own,2.9746652845865245,9.231124052372428,9.231124052372428,44.07987786818528,45,29,-0.0,-56.492771475866256,56.492771475866256,10.52180300640057,B_replication,SPY
will-a-nuclear-weapon-detonate-in-2024,2024-11-05,2024-11-06,overnight,2.0,217.10480682527677,own,2.169533790047235,6.236423998545366,6.236423998545366,65.36795212044224,88,66,4.33906758009447,-80.94793249755075,89.62606765773968,10.52180300640057,B_replication,SPY
will-china-invade-taiwan-in-2024,2024-11-05,2024-11-06,overnight,-0.1,217.10480682527677,own,8.818947344790372,5.40315173011504,5.40315173011504,54.540110133235764,204,93,-0.8818947344790372,-70.78392984998997,69.02014038103191,10.52180300640057,B_replication,SPY
will-israel-invade-syria-in-2024,2024-11-05,2024-11-06,overnight,-0.0,217.10480682527677,own,-1.6425628580554599,1.6720306012045236,1.6720306012045236,46.161346257759554,37,30,0.0,-59.16038136394465,59.16038136394465,10.52180300640057,B_replication,SPY
israel-x-hamas-ceasefire-in-2024,2024-11-06,2024-11-07,overnight,0.0,34.51543042772176,own,1.2066977963600811,1.1996373238965816,1.1996373238965816,52.01819484808176,64,59,0.0,-66.6665185173016,66.6665185173016,12.269544155460437,B_replication,SPY
us-government-shutdown-before-2025,2024-11-06,2024-11-07,overnight,-3.0,34.51543042772176,own,2.9746652845865245,9.231124052372428,9.231124052372428,54.28895222031877,46,29,-8.923995853759573,-87.0302684807662,69.18227677324704,12.269544155460437,B_replication,SPY
will-a-nuclear-weapon-detonate-in-2024,2024-11-06,2024-11-07,overnight,4.5,34.51543042772176,own,2.9652915805855513,8.28168696289057,8.28168696289057,68.81125016303643,89,67,13.34381211263498,-86.94793089921203,113.63555512448198,12.269544155460437,B_replication,SPY
will-china-invade-taiwan-in-2024,2024-11-06,2024-11-07,overnight,1.4,34.51543042772176,own,8.512549563414652,5.419330980899654,5.419330980899654,56.50612132820791,205,94,11.917569388780512,-61.1505511474438,84.98568992500482,12.269544155460437,B_replication,SPY
will-israel-invade-syria-in-2024,2024-11-06,2024-11-07,overnight,1.0,34.51543042772176,own,-1.6425628580554599,1.6720306012045236,1.6720306012045236,57.85485406215644,38,30,-1.6425628580554599,-75.82030236528438,72.53517664917347,12.269544155460437,B_replication,SPY
israel-x-hamas-ceasefire-in-2024,2024-11-07,2024-11-08,overnight,0.0,10.410544874486227,own,1.2066977963600811,1.1996373238965816,1.1996373238965816,51.79022416781319,65,59,0.0,-66.37435129346939,66.37435129346939,12.456170718147193,B_replication,SPY
us-government-shutdown-before-2025,2024-11-07,2024-11-08,overnight,0.5,10.410544874486227,own,1.595635878825212,7.283418154841152,7.283418154841152,54.040109099858505,47,30,0.797817939412606,-68.61706720867177,70.21270308749699,12.456170718147193,B_replication,SPY
will-a-nuclear-weapon-detonate-in-2024,2024-11-07,2024-11-08,overnight,2.0,10.410544874486227,own,3.1369533507078766,7.7111814000945085,7.7111814000945085,68.45902899433777,90,68,6.273906701415753,-83.66198338624092,96.20979678907243,12.456170718147193,B_replication,SPY
will-china-invade-taiwan-in-2024,2024-11-07,2024-11-08,overnight,-0.15,10.410544874486227,own,8.945310735078941,5.272300157178054,5.272300157178054,56.38963269867921,206,95,-1.341796610261841,-73.61785684972921,70.93426362920553,12.456170718147193,B_replication,SPY
will-israel-invade-syria-in-2024,2024-11-07,2024-11-08,overnight,0.5,10.410544874486227,own,-1.4751647409916766,1.7492092110044561,1.7492092110044561,57.38768454553963,39,31,-0.7375823704958383,-74.29417975392613,72.81901501293444,12.456170718147193,B_replication,SPY
israel-x-hamas-ceasefire-in-2024,2024-11-08,2024-11-11,weekend,-2.5,26.24364803423207,own,1.2066977963600811,1.1996373238965816,1.1996373238965816,51.4065137870729,66,59,-3.016744490900203,-69.01135763244913,62.97786865064872,12.439152200313075,B_replication,SPY
us-government-shutdown-before-2025,2024-11-08,2024-11-11,weekend,1.0,26.24364803423207,own,1.6463626700393201,7.280701825296761,7.280701825296761,53.480459091479474,48,31,1.6463626700393201,-67.52642423508831,70.81914957516696,12.439152200313075,B_replication,SPY
will-a-nuclear-weapon-detonate-in-2024,2024-11-08,2024-11-11,weekend,-1.0,26.24364803423207,own,3.1517534872841573,7.569992692103856,7.569992692103856,68.07902509871154,91,69,-3.1517534872841573,-90.93956154662911,84.6360545720608,12.439152200313075,B_replication,SPY
will-china-invade-taiwan-in-2024,2024-11-08,2024-11-11,weekend,-0.35,26.24364803423207,own,8.921204192086053,5.27124556166218,5.27124556166218,56.25855549141359,207,96,-3.1224214672301183,-75.2621458303578,69.01730289589757,12.439152200313075,B_replication,SPY
will-israel-invade-syria-in-2024,2024-11-08,2024-11-11,weekend,1.0,26.24364803423207,own,-1.4493887242402728,1.759551456366459,1.759551456366459,56.675255281759334,40,32,-1.4493887242402728,-74.11939269443367,71.22061524595311,12.439152200313075,B_replication,SPY
israel-x-hamas-ceasefire-in-2024,2024-11-11,2024-11-12,overnight,-1.5,-0.6680919294510534,own,1.1617025748851737,1.1990344067277754,1.1990344067277754,51.14207883350975,67,60,-1.7425538623277605,-67.32676081526876,63.84165309061323,12.553050680790957,B_replication,SPY
us-government-shutdown-before-2025,2024-11-11,2024-11-12,overnight,1.0,-0.6680919294510534,own,1.9032533788037354,7.301710796477917,7.301710796477917,53.03815535989965,49,32,1.9032533788037354,-66.71156760136857,70.51807435897605,12.553050680790957,B_replication,SPY
will-a-nuclear-weapon-detonate-in-2024,2024-11-11,2024-11-12,overnight,2.0,-0.6680919294510534,own,3.099261698852878,7.405905369833892,7.405905369833892,67.77389492806884,92,70,6.198523397705756,-82.7106287339592,95.10767552937071,12.553050680790957,B_replication,SPY
will-china-invade-taiwan-in-2024,2024-11-11,2024-11-12,overnight,0.2,-0.6680919294510534,own,8.780888501635383,5.267448810092922,5.267448810092922,56.15954186298213,208,97,1.7561777003270767,-70.23055370741996,73.7429091080741,12.553050680790957,B_replication,SPY
will-israel-invade-syria-in-2024,2024-11-11,2024-11-12,overnight,1.5,-0.6680919294510534,own,-1.3219178991149685,1.8192797928573634,1.8192797928573634,56.13258236521621,41,33,-1.9828768486724528,-74.00735794935076,70.04160425200587,12.553050680790957,B_replication,SPY
israel-x-hamas-ceasefire-in-2024,2024-11-12,2024-11-13,overnight,-3.0,8.377033524888944,own,1.160712591531786,1.1972715021574207,1.1972715021574207,50.75915620397507,68,61,-3.482137774595358,-68.69773704907877,61.73346149988805,12.444858024405997,B_replication,SPY
us-government-shutdown-before-2025,2024-11-12,2024-11-13,overnight,1.5,8.377033524888944,own,1.8766761663153138,7.17604700699988,7.17604700699988,52.495431837910076,50,33,2.815014249472971,-65.86291016141254,71.49293866035848,12.444858024405997,B_replication,SPY
will-a-nuclear-weapon-detonate-in-2024,2024-11-12,2024-11-13,overnight,-1.5,8.377033524888944,own,3.0749119991111873,7.188543717195884,7.188543717195884,67.40832678813658,93,71,-4.612367998666781,-92.10118068426178,82.87644468692821,12.444858024405997,B_replication,SPY
will-china-invade-taiwan-in-2024,2024-11-12,2024-11-13,overnight,0.05,8.377033524888944,own,8.774272947999748,5.264589593998574,5.264589593998574,56.02463234542332,209,98,0.4387136473999874,-71.36324768633192,72.2406749811319,12.444858024405997,B_replication,SPY
will-israel-invade-syria-in-2024,2024-11-12,2024-11-13,overnight,0.5,8.377033524888944,own,-1.3129330363412461,1.7966798512192579,1.7966798512192579,55.44418926626983,42,34,-0.6564665181706231,-71.72306599630316,70.41013295996193,12.444858024405997,B_replication,SPY
israel-x-hamas-ceasefire-in-2024,2024-11-13,2024-11-14,overnight,0.5,2.5118475476015867,own,1.1389792293458039,1.1919765742686208,1.1919765742686208,50.40495228456994,69,62,0.5694896146729019,-64.03401277190336,65.17299200124917,12.411839968403422,B_replication,SPY
us-government-shutdown-before-2025,2024-11-13,2024-11-14,overnight,0.5,2.5118475476015867,own,1.9609491856397983,6.977199376776482,6.977199376776482,51.973643473354414,51,34,0.9804745928198991,-65.77883019053758,67.73977937617738,12.411839968403422,B_replication,SPY
will-a-nuclear-weapon-detonate-in-2024,2024-11-13,2024-11-14,overnight,1.0,2.5118475476015867,own,3.0405029884527615,7.0253402665226075,7.0253402665226075,67.05841186702543,94,72,3.0405029884527615,-83.37190336394843,89.45290934085395,12.411839968403422,B_replication,SPY
will-china-invade-taiwan-in-2024,2024-11-13,2024-11-14,overnight,-0.05,2.5118475476015867,own,8.779688454277668,5.26425683945011,5.26425683945011,55.893138647154,210,99,-0.43898442271388344,-72.07242519678202,71.19445635135425,12.411839968403422,B_replication,SPY
will-israel-invade-syria-in-2024,2024-11-13,2024-11-14,overnight,0.5,2.5118475476015867,own,-1.2923789975629536,1.8047634850694694,1.8047634850694694,54.797874121244284,43,35,-0.6461894987814768,-70.88466657300157,69.5922875754386,12.411839968403422,B_replication,SPY
israel-x-hamas-ceasefire-in-2024,2024-11-14,2024-11-15,overnight,0.5,-61.51305256416717,own,1.1395724062989045,1.1917232639173365,1.1917232639173365,50.0389122185842,70,63,0.5697862031494523,-63.56463033119562,64.70420273749453,12.332129884500025,B_replication,SPY
us-government-shutdown-before-2025,2024-11-14,2024-11-15,overnight,-0.0,-61.51305256416717,own,1.9686639108528041,6.9550885818625385,6.9550885818625385,51.462021021947876,52,35,-0.0,-65.9537261417284,65.9537261417284,12.332129884500025,B_replication,SPY
will-a-nuclear-weapon-detonate-in-2024,2024-11-14,2024-11-15,overnight,2.5,-61.51305256416717,own,3.039571026459194,6.985778904852211,6.985778904852211,66.7007867016157,95,73,7.598927566147985,-80.76645715631335,95.9643122886093,12.332129884500025,B_replication,SPY
will-china-invade-taiwan-in-2024,2024-11-14,2024-11-15,overnight,-0.65,-61.51305256416717,own,8.777675471147637,5.264121348880915,5.264121348880915,55.76027273319173,211,100,-5.705489056245964,-77.30227581574273,65.8912977032508,12.332129884500025,B_replication,SPY
will-israel-invade-syria-in-2024,2024-11-14,2024-11-15,overnight,2.0,-61.51305256416717,own,-1.2852016406393556,1.8056056737247732,1.8056056737247732,54.159080109998186,44,36,-2.570403281278711,-72.13480607366039,66.99399951110296,12.332129884500025,B_replication,SPY
israel-x-hamas-ceasefire-in-2024,2024-11-15,2024-11-18,weekend,6.0,8.878265323544188,own,1.1206158143088842,1.1933092658659425,1.1933092658659425,50.23122097079943,71,64,6.723694885853305,-58.30331874703006,71.75070851873667,11.742312133312588,B_replication,SPY
us-government-shutdown-before-2025,2024-11-15,2024-11-18,weekend,6.5,8.878265323544188,own,1.9686639108528041,6.9550885818625385,6.9550885818625385,51.67375014799689,53,35,12.796315420543227,-75.19601636807933,100.78864720916577,11.742312133312588,B_replication,SPY
will-a-nuclear-weapon-detonate-in-2024,2024-11-15,2024-11-18,weekend,-3.5,8.878265323544188,own,2.7382982272860676,6.140929054622227,6.140929054622227,66.72251548331495,96,74,-9.584043795501238,-99.42277721054737,80.25468961954488,11.742312133312588,B_replication,SPY
will-china-invade-taiwan-in-2024,2024-11-15,2024-11-18,weekend,-0.15,8.878265323544188,own,9.269755591609519,5.2436628906592855,5.2436628906592855,55.75973836643581,212,101,-1.3904633387414278,-72.85925341719559,70.07832673971274,11.742312133312588,B_replication,SPY
will-israel-invade-syria-in-2024,2024-11-15,2024-11-18,weekend,1.5,8.878265323544188,own,-1.8114752949508597,1.6191543919477156,1.6191543919477156,54.25948852654743,45,37,-2.7172129424262894,-72.32580216852246,66.89137628366989,11.742312133312588,B_replication,SPY
israel-x-hamas-ceasefire-in-2024,2024-11-18,2024-11-19,overnight,-3.0,-58.31944775053444,own,1.128340596278496,1.1641530080824152,1.1641530080824152,49.87686690740937,72,65,-3.385021788835488,-67.46372893020798,60.693685352537,11.719617626103647,B_replication,SPY
us-government-shutdown-before-2025,2024-11-18,2024-11-19,overnight,-2.6,-58.31944775053444,own,1.7886828109906574,4.2551224923971445,4.2551224923971445,51.185925082253334,54,36,-4.65057530857571,-71.76526361309115,62.46411299593973,11.719617626103647,B_replication,SPY
will-a-nuclear-weapon-detonate-in-2024,2024-11-18,2024-11-19,overnight,-5.5,-58.31944775053444,own,2.627981399430056,5.583479340812701,5.583479340812701,66.40027494893205,97,75,-14.453897696865306,-108.21279288574101,79.30499749201039,11.719617626103647,B_replication,SPY
will-china-invade-taiwan-in-2024,2024-11-18,2024-11-19,overnight,-0.25,-58.31944775053444,own,9.248867209464919,5.242461505806344,5.242461505806344,55.632543236768406,213,102,-2.3122168023662297,-73.63066683698418,69.00623323225173,11.719617626103647,B_replication,SPY
will-israel-invade-syria-in-2024,2024-11-18,2024-11-19,overnight,1.5,-58.31944775053444,own,-1.7345991959499503,1.6260235822415863,1.6260235822415863,53.68077872027179,46,38,-2.601898793924925,-71.47016152173326,66.2663639338834,11.719617626103647,B_replication,SPY
israel-x-hamas-ceasefire-in-2024,2024-11-19,2024-11-20,overnight,-4.5,1.524674312627372,own,1.2262920244420008,1.1537393390360142,1.1537393390360142,49.948373342266265,73,66,-5.518314109989004,-69.87703354119132,58.84040532121331,11.168996042953976,B_replication,SPY
us-government-shutdown-before-2025,2024-11-19,2024-11-20,overnight,-0.35,1.524674312627372,own,2.729860932865018,4.391531526280764,4.391531526280764,51.20925839627249,55,37,-0.9554513265027562,-66.61479279715364,64.70389014414813,11.168996042953976,B_replication,SPY
will-a-nuclear-weapon-detonate-in-2024,2024-11-19,2024-11-20,overnight,1.5,1.524674312627372,own,3.0196380963378155,5.566317142359754,5.566317142359754,66.19974152449632,98,76,4.529457144506724,-80.98428388475834,90.04319817377178,11.168996042953976,B_replication,SPY
will-china-invade-taiwan-in-2024,2024-11-19,2024-11-20,overnight,-0.25,1.524674312627372,own,9.438587174737668,5.237340489653926,5.237340489653926,55.63419614537574,214,103,-2.359646793684417,-73.68017598507203,68.96088239770319,11.168996042953976,B_replication,SPY
will-israel-invade-syria-in-2024,2024-11-19,2024-11-20,overnight,0.05,1.524674312627372,own,-2.1003599112012163,1.5524164703696552,1.5524164703696552,53.71969246783025,47,39,-0.10501799556006082,-68.95224773193513,68.74221174081501,11.168996042953976,B_replication,SPY
israel-x-hamas-ceasefire-in-2024,2024-11-20,2024-11-21,overnight,6.5,48.940746134695786,own,1.207678929212652,1.1400862454338792,1.1400862454338792,49.61184869240814,74,67,7.849913039882238,-56.43803440308609,72.13786048285057,11.093767324308683,B_replication,SPY
us-government-shutdown-before-2025,2024-11-20,2024-11-21,overnight,-1.1,48.940746134695786,own,2.7240108900790063,4.385260021918002,4.385260021918002,50.7426852412133,56,38,-2.9964119790869073,-68.32142609566213,62.328602137488325,11.093767324308683,B_replication,SPY
will-a-nuclear-weapon-detonate-in-2024,2024-11-20,2024-11-21,overnight,-0.0,48.940746134695786,own,3.012347883239847,5.5050112895362036,5.5050112895362036,65.86181857579625,99,77,-0.0,-84.40850668674048,84.40850668674048,11.093767324308683,B_replication,SPY
will-china-invade-taiwan-in-2024,2024-11-20,2024-11-21,overnight,-0.0,48.940746134695786,own,9.425440484470586,5.232931253610495,5.232931253610495,55.50469208430964,215,104,-0.0,-71.13481337525124,71.13481337525124,11.093767324308683,B_replication,SPY
will-israel-invade-syria-in-2024,2024-11-20,2024-11-21,overnight,-0.0,48.940746134695786,own,-2.1000033084707894,1.5524631687583954,1.5524631687583954,53.14566541731692,48,40,0.0,-68.11148479883337,68.11148479883337,11.093767324308683,B_replication,SPY
israel-x-hamas-ceasefire-in-2024,2024-11-21,2024-11-22,overnight,0.0,0.842303869543759,own,1.360739339021413,1.1105393624685402,1.1105393624685402,49.50089670707795,75,68,0.0,-63.4403492197911,63.4403492197911,11.386700596834899,B_replication,SPY
us-government-shutdown-before-2025,2024-11-21,2024-11-22,overnight,0.7,0.842303869543759,own,2.342100875037069,4.249148282069988,4.249148282069988,50.76042386648679,57,39,1.6394706125259482,-63.52667849151775,66.80561971656965,11.386700596834899,B_replication,SPY
will-a-nuclear-weapon-detonate-in-2024,2024-11-21,2024-11-22,overnight,0.5,0.842303869543759,own,3.012347883239847,5.5050112895362036,5.5050112895362036,65.71268599377329,100,77,1.5061739416199236,-82.78505253226834,85.79740041550818,11.386700596834899,B_replication,SPY
will-china-invade-taiwan-in-2024,2024-11-21,2024-11-22,overnight,0.25,0.842303869543759,own,9.425440484470585,5.232931253610495,5.232931253610495,55.475959893568735,216,104,2.356360121117646,-68.76139646972658,73.47411671196187,11.386700596834899,B_replication,SPY
will-israel-invade-syria-in-2024,2024-11-21,2024-11-22,overnight,0.65,0.842303869543759,own,-2.1000033084707894,1.5524631687583954,1.5524631687583954,53.06146180899214,49,40,-1.3650021505060133,-69.38086787389338,66.65086357288135,11.386700596834899,B_replication,SPY
israel-x-hamas-ceasefire-in-2024,2024-11-22,2024-11-25,weekend,-1.0,67.84442802445056,own,1.360739339021413,1.1105393624685402,1.1105393624685402,49.169879507867265,76,68,-1.360739339021413,-64.39292765713493,61.67144897909211,11.305714446855703,B_replication,SPY
us-government-shutdown-before-2025,2024-11-22,2024-11-25,weekend,1.95,67.84442802445056,own,2.3383828085064104,4.230949604241082,4.230949604241082,50.31329717546082,58,40,4.5598464765875,-60.78285568906198,69.90254864223698,11.305714446855703,B_replication,SPY
will-a-nuclear-weapon-detonate-in-2024,2024-11-22,2024-11-25,weekend,0.5,67.84442802445056,own,3.011811205736148,5.49871869988139,5.49871869988139,65.38333071176775,101,78,1.505905602868074,-82.36342130378263,85.37523250951877,11.305714446855703,B_replication,SPY
will-china-invade-taiwan-in-2024,2024-11-22,2024-11-25,weekend,0.3,67.84442802445056,own,9.420320413280656,5.228361279852582,5.228361279852582,55.34749013775569,217,105,2.826096123984197,-68.13572534173005,73.78791758969845,11.305714446855703,B_replication,SPY
will-israel-invade-syria-in-2024,2024-11-22,2024-11-25,weekend,0.5,67.84442802445056,own,-2.0937359767550205,1.5502921390435165,1.5502921390435165,52.518172212502435,50,41,-1.0468679883775103,-68.36148837993352,66.26775240317849,11.305714446855703,B_replication,SPY
israel-x-hamas-ceasefire-in-2024,2024-11-25,2024-11-26,overnight,9.0,22.596033140847016,own,1.321102931596744,1.1129499544427617,1.1129499544427617,49.4858287738388,77,69,11.889926384370696,-52.81727599891384,76.59712876765524,11.736649763758104,B_replication,SPY
us-government-shutdown-before-2025,2024-11-25,2024-11-26,overnight,0.25,22.596033140847016,own,3.14031239240564,4.402775033264813,4.402775033264813,50.548263883737036,59,41,0.78507809810141,-64.0129335915729,65.58308978777572,11.736649763758104,B_replication,SPY
will-a-nuclear-weapon-detonate-in-2024,2024-11-25,2024-11-26,overnight,0.5,22.596033140847016,own,3.065418092541467,5.579968856381875,5.579968856381875,65.3927218338439,102,79,1.5327090462707336,-82.35084610997573,85.41626420251721,11.736649763758104,B_replication,SPY
will-china-invade-taiwan-in-2024,2024-11-25,2024-11-26,overnight,-0.05,22.596033140847016,own,9.683845925087185,5.223590452966718,5.223590452966718,55.39571473673088,218,106,-0.4841922962543593,-71.48012938490376,70.51174479239504,11.736649763758104,B_replication,SPY
will-israel-invade-syria-in-2024,2024-11-25,2024-11-26,overnight,-0.45,22.596033140847016,own,-1.9434331601021833,1.5882819804140287,1.5882819804140287,52.89434669281234,51,42,0.8745449220459824,-66.92103813235892,68.67012797645089,11.736649763758104,B_replication,SPY
israel-x-hamas-ceasefire-in-2024,2024-11-26,2024-11-27,overnight,2.0,-4.660918200884989,own,1.3738423737468737,1.057414065578831,1.057414065578831,49.17790787551327,78,70,2.7476847474937474,-60.336972795134,65.8323422901215,11.818793359651364,B_replication,SPY
us-government-shutdown-before-2025,2024-11-26,2024-11-27,overnight,0.2,-4.660918200884989,own,3.175731861774655,4.411016080566953,4.411016080566953,50.19840121078849,60,42,0.6351463723549311,-63.70905889858499,64.97935164329485,11.818793359651364,B_replication,SPY
will-a-nuclear-weapon-detonate-in-2024,2024-11-26,2024-11-27,overnight,1.0,-4.660918200884989,own,3.082432086155826,5.601946890084966,5.601946890084966,65.1047797550278,103,80,3.082432086155826,-80.6641624849777,86.82902665728933,11.818793359651364,B_replication,SPY
will-china-invade-taiwan-in-2024,2024-11-26,2024-11-27,overnight,-0.3,-4.660918200884989,own,9.668255391827863,5.2236839036948775,5.2236839036948775,55.29061542728609,219,107,-2.900476617548359,-73.78938576327634,67.98843252817962,11.818793359651364,B_replication,SPY
will-israel-invade-syria-in-2024,2024-11-26,2024-11-27,overnight,2.55,-4.660918200884989,own,-1.986047059453517,1.5770032059548482,1.5770032059548482,52.4613774117086,52,43,-5.064420001606468,-72.496159829568,62.36731982635507,11.818793359651364,B_replication,SPY
israel-x-hamas-ceasefire-in-2024,2024-11-27,2024-11-29,holiday,2.5,14.529300756525032,own,1.3657499620064275,1.0553777165746399,1.0553777165746399,48.86883248025295,79,71,3.4143749050160688,-59.307136640318895,66.13588645035104,11.695071801389078,B_replication,SPY
us-government-shutdown-before-2025,2024-11-27,2024-11-29,holiday,0.3,14.529300756525032,own,3.168853297510361,4.407603646111943,4.407603646111943,49.78301761597322,61,43,0.9506559892531083,-62.873760929624666,64.77507290813088,11.695071801389078,B_replication,SPY
will-a-nuclear-weapon-detonate-in-2024,2024-11-27,2024-11-29,holiday,1.5,14.529300756525032,own,3.0699428114993084,5.559816622979962,5.559816622979962,64.79245147764959,104,81,4.604914217248963,-79.11812828929953,88.32795672379746,11.695071801389078,B_replication,SPY
will-china-invade-taiwan-in-2024,2024-11-27,2024-11-29,holiday,0.1,14.529300756525032,own,9.675381723969288,5.216875621259098,5.216875621259098,55.16436482255514,220,108,0.9675381723969289,-69.73427315279692,71.66934949759077,11.695071801389078,B_replication,SPY
will-israel-invade-syria-in-2024,2024-11-27,2024-11-29,holiday,-1.25,14.529300756525032,own,-1.9816849702902144,1.526415599263724,1.526415599263724,51.95452161451485,53,44,2.477106212862768,-64.15269546393354,69.10690788965907,11.695071801389078,B_replication,SPY
israel-x-hamas-ceasefire-in-2024,2024-11-29,2024-12-02,weekend,2.0,6.970375902415338,own,1.3808743678460096,1.0507377345083522,1.0507377345083522,48.57459600315876,80,72,2.761748735692019,-59.54968512343979,65.07318259482382,11.716191242187408,B_replication,SPY
us-government-shutdown-before-2025,2024-11-29,2024-12-02,weekend,0.8,6.970375902415338,own,3.1952918977614138,4.412214396409699,4.412214396409699,49.403856368815795,62,44,2.5562335182091314,-60.92114810965984,66.0336151460781,11.716191242187408,B_replication,SPY
will-a-nuclear-weapon-detonate-in-2024,2024-11-29,2024-12-02,weekend,-0.0,6.970375902415338,own,3.093866603880046,5.549133143399494,5.549133143399494,64.4875136586194,105,82,-0.0,-82.64719750488663,82.64719750488663,11.716191242187408,B_replication,SPY
will-china-invade-taiwan-in-2024,2024-11-29,2024-12-02,weekend,0.05,6.970375902415338,own,9.693678759295958,5.2158662435473815,5.2158662435473815,55.046441616677335,221,109,0.4846839379647979,-70.06362738002802,71.03299525595763,11.716191242187408,B_replication,SPY
will-israel-invade-syria-in-2024,2024-11-29,2024-12-02,weekend,-4.95,6.970375902415338,own,-2.045132934237603,1.5033102234223807,1.5033102234223807,51.48849660431636,54,45,10.123408024476134,-56.54984737279429,76.79666342174656,11.716191242187408,B_replication,SPY
israel-x-hamas-ceasefire-in-2024,2024-12-02,2024-12-03,overnight,-1.0,-4.307131616002602,own,1.3854458569612553,1.0480130763633269,1.0480130763633269,48.27233846054834,81,73,-1.3854458569612553,-63.26585311184474,60.49496139792223,11.681089057721639,B_replication,SPY
us-government-shutdown-before-2025,2024-12-02,2024-12-03,overnight,0.15,-4.307131616002602,own,3.2181161672032355,4.396414490855051,4.396414490855051,49.007011763636264,63,45,0.4827174250804853,-62.33035508092641,63.295789931087384,11.681089057721639,B_replication,SPY
will-a-nuclear-weapon-detonate-in-2024,2024-12-02,2024-12-03,overnight,-0.0,-4.307131616002602,own,3.093866603880046,5.549133143399494,5.549133143399494,64.18330042403227,106,82,-0.0,-82.25731782343976,82.25731782343976,11.681089057721639,B_replication,SPY
will-china-invade-taiwan-in-2024,2024-12-02,2024-12-03,overnight,0.15,-4.307131616002602,own,9.698053741227524,5.215611594422983,5.215611594422983,54.92349365876849,222,110,1.4547080611841285,-68.94238202204568,71.85179814441395,11.681089057721639,B_replication,SPY
will-israel-invade-syria-in-2024,2024-12-02,2024-12-03,overnight,1.45,-4.307131616002602,own,-1.98554978126961,1.353309623650661,1.353309623650661,51.01115920820827,55,46,-2.8790471828409343,-68.30330223085964,62.54520786517777,11.681089057721639,B_replication,SPY
israel-x-hamas-ceasefire-in-2024,2024-12-03,2024-12-04,overnight,-3.5,29.477519251468465,own,1.3870317903356841,1.047309230333228,1.047309230333228,47.974533425642385,82,74,-4.854611266174895,-66.51798453599261,56.808762003642826,11.563701240733943,B_replication,SPY
us-government-shutdown-before-2025,2024-12-03,2024-12-04,overnight,0.1,29.477519251468465,own,3.2134730409517003,4.394277565419504,4.394277565419504,48.62025605730839,64,46,0.32134730409517004,-61.99291776271687,62.63561237090721,11.563701240733943,B_replication,SPY
will-a-nuclear-weapon-detonate-in-2024,2024-12-03,2024-12-04,overnight,-0.0,29.477519251468465,own,3.093866603880046,5.549133143399494,5.549133143399494,63.88120142931024,107,82,-0.0,-81.87014775180401,81.87014775180401,11.563701240733943,B_replication,SPY
will-china-invade-taiwan-in-2024,2024-12-03,2024-12-04,overnight,0.2,29.477519251468465,own,9.68639717704143,5.214143233776596,5.214143233776596,54.801016509622364,223,111,1.937279435408286,-68.3084184439151,72.18297731473167,11.563701240733943,B_replication,SPY
will-israel-invade-syria-in-2024,2024-12-03,2024-12-04,overnight,1.15,29.477519251468465,own,-1.9933920158224248,1.3398518533832404,1.3398518533832404,50.545657997025806,56,47,-2.2924008181957882,-67.10180782863002,62.51700619223844,11.563701240733943,B_replication,SPY
israel-x-hamas-ceasefire-in-2024,2024-12-04,2024-12-05,overnight,2.0,0.8228962656953165,own,1.3222367206070502,1.0454303911783533,1.0454303911783533,47.83061241674178,83,75,2.6444734412141004,-58.713780342206995,64.0027272246352,11.694268427401104,B_replication,SPY
us-government-shutdown-before-2025,2024-12-04,2024-12-05,overnight,-0.0,0.8228962656953165,own,3.2323138628886134,4.399456276982466,4.399456276982466,48.37638455252617,65,47,-0.0,-61.99917444251754,61.99917444251754,11.694268427401104,B_replication,SPY
will-a-nuclear-weapon-detonate-in-2024,2024-12-04,2024-12-05,overnight,1.0,0.8228962656953165,own,3.093866603880046,5.549133143399494,5.549133143399494,63.64581911537291,108,82,3.093866603880046,-78.78405763971762,84.9717908474777,11.694268427401104,B_replication,SPY
will-china-invade-taiwan-in-2024,2024-12-04,2024-12-05,overnight,0.15,0.8228962656953165,own,9.760644638970554,5.210528972677383,5.210528972677383,54.70908258592888,224,112,1.464096695845583,-68.65821817434656,71.58641156603773,11.694268427401104,B_replication,SPY
will-israel-invade-syria-in-2024,2024-12-04,2024-12-05,overnight,-0.3,0.8228962656953165,own,-1.8557147799626292,1.3625766903535301,1.3625766903535301,50.271014183944914,57,48,0.5567144339887887,-63.87274725829781,64.98617612627538,11.694268427401104,B_replication,SPY
israel-x-hamas-ceasefire-in-2024,2024-12-05,2024-12-06,overnight,-1.5,13.682596726067864,own,1.3202764546124108,1.0430956870624288,1.0430956870624288,47.54202259143589,84,76,-1.9804146819186164,-62.94325899692355,58.98242963308631,11.61560437413261,B_replication,SPY
us-government-shutdown-before-2025,2024-12-05,2024-12-06,overnight,0.4,13.682596726067864,own,3.2323138628886134,4.399456276982466,4.399456276982466,48.002924659328066,66,47,1.2929255451554456,-60.26894903928623,62.85480012959712,11.61560437413261,B_replication,SPY
will-a-nuclear-weapon-detonate-in-2024,2024-12-05,2024-12-06,overnight,1.15,13.682596726067864,own,3.090222848824796,5.521824850538886,5.521824850538886,63.35085358205971,109,83,3.553756276148515,-78.04355689803894,85.15106945033598,11.61560437413261,B_replication,SPY
will-china-invade-taiwan-in-2024,2024-12-05,2024-12-06,overnight,-0.05,13.682596726067864,own,9.759348542692921,5.20888186774643,5.20888186774643,54.58684430697304,225,113,-0.4879674271346461,-70.44726336226147,69.47132850799217,11.61560437413261,B_replication,SPY
will-israel-invade-syria-in-2024,2024-12-05,2024-12-06,overnight,1.5,13.682596726067864,own,-1.856015595714577,1.361984606609801,1.361984606609801,49.82810159453283,58,49,-2.7840233935718652,-66.69737123231809,61.12932444517436,11.61560437413261,B_replication,SPY
israel-x-hamas-ceasefire-in-2024,2024-12-06,2024-12-09,weekend,19.0,-3.125616898070893,own,1.3076500850775568,1.042546126227255,1.042546126227255,47.28904005446734,85,77,24.84535161647358,-40.86243267565612,90.55313590860328,11.630453457120652,B_replication,SPY
us-government-shutdown-before-2025,2024-12-06,2024-12-09,weekend,-0.85,-3.125616898070893,own,3.264305783825706,4.403309709266572,4.403309709266572,47.662258087253264,67,48,-2.77465991625185,-64.04666112766252,58.49734129515881,11.630453457120652,B_replication,SPY
will-a-nuclear-weapon-detonate-in-2024,2024-12-06,2024-12-09,weekend,-0.2,-3.125616898070893,own,3.108872671731516,5.523007769984972,5.523007769984972,63.0670304776846,110,84,-0.6217745343463033,-81.46087726693416,80.21732819824156,11.630453457120652,B_replication,SPY
will-china-invade-taiwan-in-2024,2024-12-06,2024-12-09,weekend,-1.1,-3.125616898070893,own,9.74980093175558,5.208853165873117,5.208853165873117,54.47359719741342,226,114,-10.724781024931138,-80.92327535179338,59.473713301931106,11.630453457120652,B_replication,SPY
will-israel-invade-syria-in-2024,2024-12-06,2024-12-09,weekend,-61.3,-3.125616898070893,own,-1.7637518394878404,1.3701107355525664,1.3701107355525664,49.44358227856995,59,50,108.1179877606046,-16.78783164223303,233.02380716344226,11.630453457120652,B_replication,SPY
israel-x-hamas-ceasefire-in-2024,2024-12-09,2024-12-10,overnight,0.0,11.742136076473564,own,1.0684474737232887,0.9061908525468396,0.9061908525468396,47.09196624541863,86,78,0.0,-60.35306394012852,60.35306394012852,11.525203311933835,B_replication,SPY
us-government-shutdown-before-2025,2024-12-09,2024-12-10,overnight,-0.0,11.742136076473564,own,3.266222564925709,4.378692626264274,4.378692626264274,47.305251741109615,68,49,-0.0,-60.62641063140609,60.62641063140609,11.525203311933835,B_replication,SPY
will-a-nuclear-weapon-detonate-in-2024,2024-12-09,2024-12-10,overnight,0.35,11.742136076473564,own,3.109674398358417,5.523416088940048,5.523416088940048,62.7801615416759,111,85,1.0883860394254459,-79.40880618934077,81.58557826819165,11.525203311933835,B_replication,SPY
will-china-invade-taiwan-in-2024,2024-12-09,2024-12-10,overnight,1.1,11.742136076473564,own,9.638967193495882,5.123699881951049,5.123699881951049,54.35525957174017,227,115,10.602863912845471,-59.43231990485135,80.6380477305423,11.525203311933835,B_replication,SPY
will-israel-invade-syria-in-2024,2024-12-09,2024-12-10,overnight,-7.6,11.742136076473564,own,-0.06970082205434094,1.6971557930115968,1.6971557930115968,49.16484638596761,60,51,0.5297262476129911,-64.61225608365989,65.67170857888586,11.525203311933835,B_replication,SPY
israel-x-hamas-ceasefire-in-2024,2024-12-10,2024-12-11,overnight,-2.5,48.26911274404155,own,1.0684474737232887,0.9061908525468396,0.9061908525468396,46.83449421654798,87,78,-2.671118684308222,-62.76438790184164,57.4221505332252,11.526739662957489,B_replication,SPY
us-government-shutdown-before-2025,2024-12-10,2024-12-11,overnight,-0.2,48.26911274404155,own,3.266222564925709,4.378692626264274,4.378692626264274,46.97771627451053,69,49,-0.6532445129851419,-60.87034593374633,59.56385690777605,11.526739662957489,B_replication,SPY
will-a-nuclear-weapon-detonate-in-2024,2024-12-10,2024-12-11,overnight,0.8,48.26911274404155,own,3.1156430290785884,5.530193677361433,5.530193677361433,62.504906855009466,112,86,2.492514423262871,-77.81418730836405,82.7992161548898,11.526739662957489,B_replication,SPY
will-china-invade-taiwan-in-2024,2024-12-10,2024-12-11,overnight,0.2,48.26911274404155,own,9.655321093795907,5.038249296874373,5.038249296874373,54.23545406361801,228,116,1.9310642187591815,-67.5890892835171,71.45121772103545,11.526739662957489,B_replication,SPY
will-israel-invade-syria-in-2024,2024-12-10,2024-12-11,overnight,10.55,48.26911274404155,own,-0.09057051971481477,1.6376000594248066,1.6376000594248066,48.77459803804605,61,52,-0.9555189829912958,-67.27067360959418,65.3596356436116,11.526739662957489,B_replication,SPY
israel-x-hamas-ceasefire-in-2024,2024-12-11,2024-12-12,overnight,8.5,-15.144032921809991,own,1.011288327147492,0.9060409297528338,0.9060409297528338,46.8828369571725,88,79,8.595950780753682,-52.294363152412075,69.48626471391944,11.785124846368769,B_replication,SPY
us-government-shutdown-before-2025,2024-12-11,2024-12-12,overnight,-1.5,-15.144032921809991,own,3.2033696432381578,4.359578604465199,4.359578604465199,47.0063791924338,70,50,-4.805054464857236,-65.62859442004299,56.01848549032851,11.785124846368769,B_replication,SPY
will-a-nuclear-weapon-detonate-in-2024,2024-12-11,2024-12-12,overnight,-0.1,-15.144032921809991,own,3.1742019395828827,5.608890082160626,5.608890082160626,62.37524604428075,113,87,-0.3174201939582883,-80.2607674049321,79.62592701701553,11.785124846368769,B_replication,SPY
will-china-invade-taiwan-in-2024,2024-12-11,2024-12-12,overnight,0.35,-15.144032921809991,own,9.776197704009244,5.035125877802425,5.035125877802425,54.20328334124257,229,117,3.421669196403235,-66.08196489235407,72.92530328516052,11.785124846368769,B_replication,SPY
will-israel-invade-syria-in-2024,2024-12-11,2024-12-12,overnight,17.65,-15.144032921809991,own,0.03324030580101631,0.2217588311136792,0.2217588311136792,48.77120417776137,62,53,0.5866913973879377,-62.11944530032292,63.2928280950988,11.785124846368769,B_replication,SPY
israel-x-hamas-ceasefire-in-2024,2024-12-12,2024-12-13,overnight,-1.0,33.92074129229705,own,0.923563140114869,0.8815249018327531,0.8815249018327531,46.68218460957251,89,80,-0.923563140114869,-60.7621169409282,58.91499066069846,11.597072068658022,B_replication,SPY
us-government-shutdown-before-2025,2024-12-12,2024-12-13,overnight,-0.2,33.92074129229705,own,3.3015726712134565,4.312432849688601,4.312432849688601,46.68553611238642,71,51,-0.6603145342426914,-60.5027071936893,59.18207812520391,11.597072068658022,B_replication,SPY
will-a-nuclear-weapon-detonate-in-2024,2024-12-12,2024-12-13,overnight,0.45,33.92074129229705,own,3.176572737208002,5.612407388411843,5.612407388411843,62.11429749106498,114,88,1.4294577317436008,-78.24200306568888,81.10091852917607,11.597072068658022,B_replication,SPY
will-china-invade-taiwan-in-2024,2024-12-12,2024-12-13,overnight,0.2,33.92074129229705,own,9.691580121024257,5.028624810142131,5.028624810142131,54.09869705765153,230,118,1.9383160242048516,-67.40655411989616,71.28318616830586,11.597072068658022,B_replication,SPY
will-israel-invade-syria-in-2024,2024-12-12,2024-12-13,overnight,-1.45,33.92074129229705,own,-0.0283771394931521,0.4302594404241732,0.4302594404241732,48.41467378620723,63,54,0.041146852265070546,-62.01225046042352,62.09454416495367,11.597072068658022,B_replication,SPY
israel-x-hamas-ceasefire-in-2024,2024-12-13,2024-12-16,weekend,-5.0,28.795551583755685,own,0.9084216715945379,0.881597872480273,0.881597872480273,46.565830848283454,90,81,-4.5421083579726895,-64.48766534427793,55.403448628332555,11.751882534841373,B_replication,SPY
us-government-shutdown-before-2025,2024-12-13,2024-12-16,weekend,-0.55,28.795551583755685,own,3.2577887910817287,4.298855257092436,4.298855257092436,46.53686957982782,72,52,-1.7917838350949509,-61.5103624592579,57.92679478906799,11.751882534841373,B_replication,SPY
will-a-nuclear-weapon-detonate-in-2024,2024-12-13,2024-12-16,weekend,0.35,28.795551583755685,own,3.199944491922169,5.6448695878128525,5.6448695878128525,61.91606900052993,115,89,1.1199805721727591,-78.27204147620907,80.5120026205546,11.751882534841373,B_replication,SPY
will-china-invade-taiwan-in-2024,2024-12-13,2024-12-16,weekend,2.25,28.795551583755685,own,9.774832456346138,5.025335574481944,5.025335574481944,54.02211903460802,231,119,21.99337302677881,-48.74163279667802,92.72837885023564,11.751882534841373,B_replication,SPY
will-israel-invade-syria-in-2024,2024-12-13,2024-12-16,weekend,26.15,28.795551583755685,own,-0.0392743130591147,0.48021633267624225,0.48021633267624225,48.218104209871235,64,55,-1.0270232864958493,-64.88466855663027,62.83062198363858,11.751882534841373,B_replication,SPY
israel-x-hamas-ceasefire-in-2024,2024-12-16,2024-12-17,overnight,16.0,-42.602282559431885,own,0.8367663036381093,0.8763085399087466,0.8763085399087466,46.43812766461233,91,82,13.38826085820975,-48.78038852734634,75.55691024376584,11.869263175674115,B_replication,SPY
us-government-shutdown-before-2025,2024-12-16,2024-12-17,overnight,-6.0,-42.602282559431885,own,3.151492171612055,4.260254213246117,4.260254213246117,46.352677797349706,73,53,-18.90895302967233,-86.7486100545968,48.93070399525213,11.869263175674115,B_replication,SPY
will-a-nuclear-weapon-detonate-in-2024,2024-12-16,2024-12-17,overnight,1.05,-42.602282559431885,own,3.215425225575226,5.666614344796923,5.666614344796923,61.70026719214944,116,90,3.376196486853987,-76.06568780806943,82.8180807817774,11.869263175674115,B_replication,SPY
will-china-invade-taiwan-in-2024,2024-12-16,2024-12-17,overnight,0.1,-42.602282559431885,own,9.961716902932594,4.7008408723077375,4.7008408723077375,53.906804248600004,232,120,0.9961716902932594,-68.09341540297865,70.08575878356518,11.869263175674115,B_replication,SPY
will-israel-invade-syria-in-2024,2024-12-16,2024-12-17,overnight,-10.35,-42.602282559431885,own,0.11093251503634105,0.2603142562952733,0.2603142562952733,47.96586298500443,65,56,-1.1481515306261298,-62.71810173619913,60.42179867494687,11.869263175674115,B_replication,SPY
israel-x-hamas-ceasefire-in-2024,2024-12-17,2024-12-18,overnight,9.5,-4.30292598967319,own,0.48984067882166393,0.870496883956423,0.870496883956423,46.517055973192484,92,83,4.653486448805808,-55.89753314119357,65.20450603880519,11.496680783505129,B_replication,SPY
us-government-shutdown-before-2025,2024-12-17,2024-12-18,overnight,-2.0,-4.30292598967319,own,3.8832759575671023,3.5719672740846273,3.5719672740846273,46.10209585834061,74,54,-7.766551915134205,-67.55616635315202,52.023062522883606,11.496680783505129,B_replication,SPY
will-a-nuclear-weapon-detonate-in-2024,2024-12-17,2024-12-18,overnight,-0.55,-4.30292598967319,own,3.138404740185097,5.522618702104605,5.522618702104605,61.58162818837315,117,91,-1.7261226071018037,-80.74508242252337,77.29283720831977,11.496680783505129,B_replication,SPY
will-china-invade-taiwan-in-2024,2024-12-17,2024-12-18,overnight,0.25,-4.30292598967319,own,9.908486386786175,4.701284397477448,4.701284397477448,53.866595746948605,233,121,2.4771215966965436,-66.57473852632842,71.52898171972151,11.496680783505129,B_replication,SPY
will-israel-invade-syria-in-2024,2024-12-17,2024-12-18,overnight,1.25,-4.30292598967319,own,0.19190017397184286,0.4036639832564078,0.4036639832564078,47.866809208293375,66,57,0.2398752174648036,-61.109635749559295,61.58938618448891,11.496680783505129,B_replication,SPY
israel-x-hamas-ceasefire-in-2024,2024-12-18,2024-12-19,overnight,-3.5,86.30393996247764,own,0.4580031042040585,0.8398541882166732,0.8398541882166732,46.27265949828794,93,84,-1.6030108647142047,-61.02558884974653,57.81956712031812,11.38934649836125,B_replication,SPY
us-government-shutdown-before-2025,2024-12-18,2024-12-19,overnight,-34.45,86.30393996247764,own,3.848336599380221,3.481430547941783,3.481430547941783,45.791270172326016,75,55,-132.57519584864863,-297.1064447212394,31.95605302394219,11.38934649836125,B_replication,SPY
will-a-nuclear-weapon-detonate-in-2024,2024-12-18,2024-12-19,overnight,0.35,86.30393996247764,own,3.1406646795270268,5.519749874814375,5.519749874814375,61.31835663237932,118,92,1.0992326378344592,-77.5253673442516,79.72383261992053,11.38934649836125,B_replication,SPY
will-china-invade-taiwan-in-2024,2024-12-18,2024-12-19,overnight,0.05,86.30393996247764,own,9.887807314024501,4.697867407754748,4.697867407754748,53.75271171371918,234,122,0.4943903657012251,-68.39574271768196,69.3845234490844,11.38934649836125,B_replication,SPY
will-israel-invade-syria-in-2024,2024-12-18,2024-12-19,overnight,-34.35,86.30393996247764,own,0.19082887886083694,0.401164919033778,0.401164919033778,47.506087888236806,67,58,-6.554971988869749,-69.94842177716367,56.83847779942417,11.38934649836125,B_replication,SPY
israel-x-hamas-ceasefire-in-2024,2024-12-19,2024-12-20,overnight,-15.0,-74.21688391455739,own,0.3434023674892167,0.8455352353655025,0.8455352353655025,46.91321223752247,94,85,-5.15103551233825,-67.43348192318376,57.131410898507255,11.894843080440312,B_replication,SPY
us-government-shutdown-before-2025,2024-12-19,2024-12-20,overnight,-25.35,-74.21688391455739,own,-1.5957202633310181,5.460687132705285,5.460687132705285,46.479239246964305,76,56,40.45150867544131,-146.69170103596474,227.59471838684738,11.894843080440312,B_replication,SPY
will-a-nuclear-weapon-detonate-in-2024,2024-12-19,2024-12-20,overnight,-0.1,-74.21688391455739,own,3.1882091065799774,5.591481045891325,5.591481045891325,61.559637952284085,119,93,-0.3188209106579978,-79.21690731234182,78.57926549102581,11.894843080440312,B_replication,SPY
will-china-invade-taiwan-in-2024,2024-12-19,2024-12-20,overnight,-0.95,-74.21688391455739,own,9.940149359648984,4.6972653460088205,4.6972653460088205,53.93025489979695,235,123,-9.443141891666535,-78.79635987839762,59.91007609506455,11.894843080440312,B_replication,SPY
will-israel-invade-syria-in-2024,2024-12-19,2024-12-20,overnight,-0.2,-74.21688391455739,own,-0.30137002740379126,0.723578628010307,0.723578628010307,48.253602819376056,68,59,0.06027400548075826,-61.78182148207684,61.90236949303836,11.894843080440312,B_replication,SPY
israel-x-hamas-ceasefire-in-2024,2024-12-20,2024-12-23,weekend,0.5,0.3384839304754194,own,0.6994424829744945,0.8521201638886002,0.8521201638886002,47.16203847726127,95,86,0.34972124148724726,-60.09561366674282,60.79505614971731,11.317686733288852,B_replication,SPY
us-government-shutdown-before-2025,2024-12-20,2024-12-23,weekend,-52.75,0.3384839304754194,own,-0.16214621988430464,3.615019899658361,3.615019899658361,47.434947224284294,77,57,8.55321309889707,-243.28567861046528,260.39210480825943,11.317686733288852,B_replication,SPY
will-a-nuclear-weapon-detonate-in-2024,2024-12-20,2024-12-23,weekend,0.9,0.3384839304754194,own,3.1999904310179224,5.609684304533646,5.609684304533646,61.673601504539356,120,94,2.8799913879161303,-76.42529498133572,82.185277757168,11.317686733288852,B_replication,SPY
will-china-invade-taiwan-in-2024,2024-12-20,2024-12-23,weekend,0.15,0.3384839304754194,own,10.682676192093357,4.69568003952231,4.69568003952231,53.97921137743826,236,124,1.6024014288140036,-67.58324508187722,70.78804793950523,11.317686733288852,B_replication,SPY
israel-x-hamas-ceasefire-in-2024,2024-12-23,2024-12-24,overnight,-5.5,21.520562224688344,own,0.6994405521650425,0.852041923628022,0.852041923628022,46.91316056170048,96,87,-3.846923036907734,-64.27005315918171,56.57620708536624,11.25913098500718,B_replication,SPY
us-government-shutdown-before-2025,2024-12-23,2024-12-24,overnight,-0.35,21.520562224688344,own,-0.0720621829997041,0.933133678738186,0.933133678738186,47.129840894920996,78,58,0.025221764049896435,-60.37783258442402,60.42827611252381,11.25913098500718,B_replication,SPY
will-a-nuclear-weapon-detonate-in-2024,2024-12-23,2024-12-24,overnight,0.75,21.520562224688344,own,3.1963484767196353,5.586627219608861,5.586627219608861,61.416528211878294,121,95,2.3972613575397266,-76.49712058818447,81.29164330326394,11.25913098500718,B_replication,SPY
will-china-invade-taiwan-in-2024,2024-12-23,2024-12-24,overnight,0.45,21.520562224688344,own,10.680389110547416,4.694362253471838,4.694362253471838,53.864790053524644,237,125,4.806175099746338,-64.28000736171131,73.892357561204,11.25913098500718,B_replication,SPY
israel-x-hamas-ceasefire-in-2024,2024-12-24,2024-12-26,holiday,-2.3,-29.935140528853932,own,0.6519884073002254,0.8452599900659187,0.8452599900659187,46.73920652464483,97,88,-1.4995733367905184,-61.45233564593104,58.453188972350006,11.313568286013448,B_replication,SPY
will-a-nuclear-weapon-detonate-in-2024,2024-12-24,2024-12-26,holiday,-0.0,-29.935140528853932,own,3.21916428857793,5.6101222100541435,5.6101222100541435,61.18689469097651,122,96,-0.0,-78.4171242359555,78.4171242359555,11.313568286013448,B_replication,SPY
will-china-invade-taiwan-in-2024,2024-12-24,2024-12-26,holiday,0.25,-29.935140528853932,own,10.770902955202477,4.682682373516808,4.682682373516808,53.76196847661317,238,126,2.692725738800619,-66.22494603548611,71.61039751308735,11.313568286013448,B_replication,SPY
israel-x-hamas-ceasefire-in-2024,2024-12-26,2024-12-27,overnight,-1.75,-61.70478170478222,own,0.6741920794763785,0.8433352521857201,0.8433352521857201,46.58704946705364,98,89,-1.1798361390836622,-60.915750677915334,58.55607839974801,11.150099162572756,B_replication,SPY
will-a-nuclear-weapon-detonate-in-2024,2024-12-26,2024-12-27,overnight,0.1,-61.70478170478222,own,3.21916428857793,5.6101222100541435,5.6101222100541435,60.99585302696075,123,96,0.32191642885779304,-77.85367522770844,78.49750808542402,11.150099162572756,B_replication,SPY
will-china-invade-taiwan-in-2024,2024-12-26,2024-12-27,overnight,0.1,-61.70478170478222,own,10.67281533414772,4.680664526817228,4.680664526817228,53.69054463771085,239,127,1.067281533414772,-67.74513523211036,69.8796982989399,11.150099162572756,B_replication,SPY
israel-x-hamas-ceasefire-in-2024,2024-12-27,2024-12-30,weekend,-3.0,-119.3297366342294,own,0.7101137253204597,0.8422930011935267,0.8422930011935267,46.74984694220935,99,90,-2.1303411759613793,-62.132401971715005,57.87171961979225,10.862514106517406,B_replication,SPY
will-a-nuclear-weapon-detonate-in-2024,2024-12-27,2024-12-30,weekend,0.1,-119.3297366342294,own,3.209297324205622,5.594584494948774,5.594584494948774,61.004300037111506,124,97,0.3209297324205622,-77.86546886801484,78.50732833285598,10.862514106517406,B_replication,SPY
will-china-invade-taiwan-in-2024,2024-12-27,2024-12-30,weekend,0.4,-119.3297366342294,own,10.597340928426668,4.68124674134393,4.68124674134393,53.731721968655584,240,128,4.238936371370667,-64.66544107478867,73.14331381753001,10.862514106517406,B_replication,SPY
israel-x-hamas-ceasefire-in-2024,2024-12-30,2024-12-31,overnight,-0.35,28.47525627730496,own,0.8289931847389597,0.8458655963343623,0.8458655963343623,47.97701712270229,100,91,-0.29014761465863587,-61.77866340067105,61.19836817135378,10.350617969922073,B_replication,SPY
russia-x-ukraine-ceasefire-in-2025,2024-12-30,2024-12-31,overnight,1.0,28.47525627730496,pooled,0.17194597459176855,0.406859554934168,4.224698886618904,54.40704190730062,763,541,0.17194597459176855,-69.76601569637407,70.1099076455576,10.350617969922073,B_replication,SPY
will-a-nuclear-weapon-detonate-in-2024,2024-12-30,2024-12-31,overnight,0.3,28.47525627730496,own,3.1902640672753204,5.564861926298888,5.564861926298888,61.70060273526641,125,98,0.9570792201825961,-78.14735367183393,80.06151211219911,10.350617969922073,B_replication,SPY
will-china-invade-taiwan-in-2024,2024-12-30,2024-12-31,overnight,0.15,28.47525627730496,own,10.004187571865524,4.715919616104122,4.715919616104122,54.20855974480419,241,129,1.5006281357798286,-67.9789769882669,70.98023325982656,10.350617969922073,B_replication,SPY
russia-x-ukraine-ceasefire-in-2025,2024-12-31,2025-01-02,holiday,-8.0,57.67819661780527,pooled,0.17398965015675902,0.40708480046851087,4.243958868599586,54.30367101797365,767,545,-1.3919172012540721,-83.47041453852597,80.68658013601782,10.445140203598125,B_replication,SPY
russia-x-ukraine-ceasefire-in-2025,2025-01-02,2025-01-03,overnight,-8.5,50.463580690409685,pooled,0.14307661070241504,0.4028024787977892,4.243550244844314,54.30998241360049,768,546,-1.2161511909705278,-84.77245984819508,82.34015746625404,10.506641579137456,B_replication,SPY
russia-x-ukraine-ceasefire-in-2025,2025-01-03,2025-01-06,weekend,-3.5,74.34064912903216,pooled,0.11447599923865702,0.39880255636641665,4.243172436109211,54.30648982168485,769,547,-0.40066599733529956,-72.55543018984233,71.75409819517174,10.55860118786473,B_replication,SPY
russia-x-ukraine-ceasefire-in-2025,2025-01-06,2025-01-07,overnight,-1.0,33.92677191803806,pooled,0.09745760126553499,0.3971970496027589,4.243021840599661,54.33800020647957,770,548,-0.09745760126553499,-69.94902549587218,69.75411029334111,10.641435016359752,B_replication,SPY
russia-x-ukraine-ceasefire-in-2025,2025-01-07,2025-01-08,overnight,1.5,-0.3397200706611869,pooled,0.09524425204304292,0.3969724468459473,4.243000821016589,54.31654479690062,771,549,0.14286637806456437,-69.94546858565764,70.23120134178677,10.671636490940397,B_replication,SPY
russia-x-ukraine-ceasefire-in-2025,2025-01-08,2025-01-10,holiday,0.0,-60.0590410912416,pooled,0.09519716900665864,0.3969066729691758,4.242994667760031,54.2813114124627,772,550,0.0,-69.5669287062122,69.5669287062122,10.657373075705163,B_replication,SPY
russia-x-ukraine-ceasefire-in-2025,2025-01-10,2025-01-13,weekend,-2.0,-81.6523401836322,pooled,0.09519716900665864,0.3969066729691758,4.242994667760031,54.2891932519933,773,550,-0.1903943380133173,-70.61228542700815,70.2314967509815,10.565890004337831,B_replication,SPY
russia-x-ukraine-ceasefire-in-2025,2025-01-13,2025-01-14,overnight,3.5,48.49193520652051,pooled,0.10579141079736513,0.39793009776730287,4.243090525348438,54.377256325807515,775,551,0.370269937790778,-71.87188356793044,72.612423443512,10.32790747482049,B_replication,SPY
russia-x-ukraine-ceasefire-in-2025,2025-01-14,2025-01-15,overnight,0.5,139.73101564781263,pooled,0.11673470289057442,0.3988169140380073,4.243173785566105,54.36246108050161,777,552,0.05836735144528721,-69.66559986920717,69.78233457209774,10.426141780436192,B_replication,SPY
russia-x-ukraine-ceasefire-in-2025,2025-01-15,2025-01-16,overnight,0.5,23.533182630992577,pooled,0.11218615310012149,0.3984608226271583,4.243140331259538,54.75301650432916,779,554,0.056093076550060746,-70.16803111422101,70.28021726732112,10.758118350057183,B_replication,SPY
russia-x-ukraine-ceasefire-in-2025,2025-01-16,2025-01-17,overnight,-0.5,88.89640020280476,pooled,0.11063926312384305,0.398248314624855,4.243120380532955,54.695819782272224,781,556,-0.055319631561921524,-70.2061950324482,70.09555576932438,10.790832983299016,B_replication,SPY
russia-x-ukraine-ceasefire-in-2025,2025-01-17,2025-01-21,holiday,3.5,51.8767675753451,pooled,0.10775024147529533,0.39797180243001234,4.243094436743305,54.81062908228495,783,557,0.37712584516353365,-72.40096763421913,73.1552193245462,10.99033634784437,B_replication,SPY
russia-x-ukraine-ceasefire-in-2025,2025-01-21,2025-01-22,overnight,-1.5,49.757845153586274,pooled,0.11607474547921758,0.3986113679092356,4.2431544711710725,54.803008686358496,785,559,-0.17411211821882636,-70.88173413885481,70.53350990241715,11.094505599379401,B_replication,SPY
russia-x-ukraine-ceasefire-in-2025,2025-01-22,2025-01-23,overnight,0.0,-8.905894382691404,pooled,0.11121448831600805,0.3981001075403051,4.243106472764524,54.79095795850669,787,560,0.0,-70.22009171962218,70.22009171962218,11.19276059189327,B_replication,SPY
russia-x-ukraine-ceasefire-in-2025,2025-01-23,2025-01-24,overnight,1.0,1.640123993371656,pooled,0.11121448831600805,0.3981001075403051,4.243106472764524,54.72322146136122,789,560,0.11121448831600805,-70.23257356242956,70.45500253906158,11.14181343099445,B_replication,SPY
russia-x-ukraine-ceasefire-in-2025,2025-01-24,2025-01-27,weekend,-1.0,-216.1361954108087,pooled,0.11131369547187296,0.39808246264629527,4.24310481730762,54.65396588272956,791,561,-0.11131369547187296,-70.36660958024288,70.14398218929912,11.117788931784277,B_replication,SPY
russia-x-ukraine-ceasefire-in-2025,2025-01-27,2025-01-28,overnight,-0.5,20.186516741462768,pooled,0.12533010619593915,0.3997099078379108,4.243257811401092,55.156803843910374,792,562,-0.06266505309796958,-70.80390078167316,70.67857067547722,10.830852082866864,B_replication,SPY
russia-x-ukraine-ceasefire-in-2025,2025-01-28,2025-01-29,overnight,-0.5,-12.738010554351751,pooled,0.12597477319475894,0.3997449293384307,4.2432611105285964,55.09650395592182,794,564,-0.06298738659737947,-70.72700003065287,70.6010252574581,10.85441798880791,B_replication,SPY
russia-x-ukraine-ceasefire-in-2025,2025-01-29,2025-01-30,overnight,1.0,35.89232303090828,pooled,0.12720408326546762,0.3998392794738418,4.2432700000121075,55.030810371434605,796,566,0.12720408326546762,-70.60963290900838,70.86404107553932,10.795140530156756,B_replication,SPY
russia-x-ukraine-ceasefire-in-2025,2025-01-30,2025-01-31,overnight,-1.0,41.65426956262985,pooled,0.12952411592989077,0.40006107196752644,4.243290905051927,54.99101604815129,798,567,-0.12952411592989077,-70.8155138125698,70.55646558071001,10.858040736925558,B_replication,SPY
russia-x-ukraine-ceasefire-in-2025,2025-01-31,2025-02-03,weekend,-1.0,-151.7115320704554,pooled,0.12681383616311326,0.3997596828660022,4.243262500439693,54.96179457669539,800,568,-0.12681383616311326,-70.77546154892919,70.52183387660297,10.935031308989817,B_replication,SPY
russia-x-ukraine-ceasefire-in-2025,2025-02-03,2025-02-04,overnight,-2.0,3.0117962017905953,own,-1.6831380935361713,4.725938555418343,4.725938555418343,79.28384410077258,22,20,3.3662761870723426,-98.96341201318936,105.69596438733404,10.731976922748311,B_replication,SPY
russia-x-ukraine-ceasefire-in-2025,2025-02-04,2025-02-05,overnight,1.0,-18.612071257644303,own,-1.6794789453010048,4.594424637619122,4.594424637619122,77.4610194359302,23,21,-1.6794789453010048,-101.12799118884985,97.76903329824785,10.71274857724157,B_replication,SPY
russia-x-ukraine-ceasefire-in-2025,2025-02-05,2025-02-06,overnight,0.0,30.12397172981185,own,-1.7664242203322922,4.511312699665576,4.511312699665576,75.8401781146719,24,22,-0.0,-97.1967722717635,97.1967722717635,10.639891881999617,B_replication,SPY
russia-x-ukraine-ceasefire-in-2025,2025-02-06,2025-02-07,overnight,6.0,9.07081835273882,own,-1.7664242203322922,4.511312699665576,4.511312699665576,74.49756815143843,25,22,-10.598545321993754,-112.18147588674888,90.98438524276138,10.688179564398158,B_replication,SPY
russia-x-ukraine-ceasefire-in-2025,2025-02-07,2025-02-10,weekend,-2.0,54.09634142281794,own,-1.254978144282908,3.879233214925835,3.879233214925835,73.08182504716943,26,23,2.509956288565816,-91.67802645649664,96.69793903362827,10.684181143602958,B_replication,SPY
russia-x-ukraine-ceasefire-in-2025,2025-02-10,2025-02-11,overnight,0.5,-37.037649432034584,own,-1.6944787631050773,3.638890736890677,3.638890736890677,72.36117728782148,27,24,-0.8472393815525386,-93.6146349005262,91.92015613742112,10.791239492010392,B_replication,SPY
russia-x-ukraine-ceasefire-in-2025,2025-02-11,2025-02-12,overnight,-1.5,-99.30437368847134,own,-1.7714796355529117,3.6041574348942906,3.6041574348942906,71.34890584785283,28,25,2.6572194533293674,-89.04566010873464,94.36009901539336,10.673579248654809,B_replication,SPY
russia-x-ukraine-ceasefire-in-2025,2025-02-12,2025-02-13,overnight,3.0,18.562715460090917,own,-1.1268331035710313,3.878662170252674,3.878662170252674,72.64039720441093,29,26,-3.380499310713094,-97.66326966606036,90.90227104463418,10.403694701569837,B_replication,SPY
russia-x-ukraine-ceasefire-in-2025,2025-02-13,2025-02-14,overnight,1.0,4.100444488182031,own,-0.8595045987490534,3.8175104271133167,3.8175104271133167,71.48896010803038,30,27,-0.8595045987490534,-92.61029319963734,90.89128400213923,10.423667824601711,B_replication,SPY
russia-x-ukraine-ceasefire-in-2025,2025-02-14,2025-02-18,holiday,3.5,19.35378054781056,own,-0.8394441373256718,3.8061960508028956,3.8061960508028956,70.29318902486851,31,28,-2.938054480639851,-94.62934475330911,88.75323579202941,10.408226497772848,B_replication,SPY
russia-x-ukraine-ceasefire-in-2025,2025-02-18,2025-02-19,overnight,2.5,-20.773697554592463,own,-0.5387835492733543,3.7094090600887983,3.7094090600887983,69.26048089795904,32,29,-1.3469588731833857,-90.90331484813969,88.20939710177292,10.43001834685942,B_replication,SPY
russia-x-ukraine-ceasefire-in-2025,2025-02-19,2025-02-20,overnight,0.5,-22.189590471528575,own,-0.7215374409140793,3.539868690105257,3.539868690105257,68.25411229283849,33,30,-0.36076872045703967,-87.86464497060547,87.14310752969138,10.354189146612878,B_replication,SPY
russia-x-ukraine-ceasefire-in-2025,2025-02-20,2025-02-21,overnight,0.5,-3.768082701224307,own,-0.7625690607469205,3.521310560034314,3.521310560034314,67.31923329551142,34,31,-0.3812845303734603,-86.68711635003498,85.92454728928806,10.275295135417382,B_replication,SPY
russia-x-ukraine-ceasefire-in-2025,2025-02-21,2025-02-24,weekend,1.0,33.666666666667396,own,-0.7689292451053259,3.514981217782294,3.514981217782294,66.32439713720625,35,32,-0.7689292451053259,-85.88956292043996,84.3517044302293,10.241332915739893,B_replication,SPY
russia-x-ukraine-ceasefire-in-2025,2025-02-24,2025-02-25,overnight,1.0,-0.8372404554601864,own,-0.6400776233587488,3.547205950468836,3.547205950468836,65.6277044012644,36,33,-0.6400776233587488,-84.87131330052271,83.59115805380522,10.297847593064207,B_replication,SPY
russia-x-ukraine-ceasefire-in-2025,2025-02-25,2025-02-26,overnight,-3.0,28.945995523466102,own,-0.6408126199369462,3.5306752060223627,3.5306752060223627,64.70979751564315,37,34,1.9224378598108385,-82.1132859657498,85.95816168537148,10.271048343849948,B_replication,SPY
russia-x-ukraine-ceasefire-in-2025,2025-02-26,2025-02-27,overnight,3.0,40.71126961963767,own,-0.9332226217077876,3.3059789856651807,3.3059789856651807,63.978765691000795,38,35,-2.7996678651233626,-85.77421633448951,80.17488060424277,10.315886152204369,B_replication,SPY
russia-x-ukraine-ceasefire-in-2025,2025-02-27,2025-02-28,overnight,-0.5,8.888281143168975,own,-0.47721279653998644,3.3599692307850404,3.3599692307850404,63.512354461562516,39,36,0.23860639826999322,-81.18729783267523,81.66451062921521,10.388689465898821,B_replication,SPY
russia-x-ukraine-ceasefire-in-2025,2025-02-28,2025-03-03,weekend,-1.0,35.51769993434873,own,-0.49230821494295146,3.351567550017187,3.351567550017187,62.70809051378295,40,37,0.49230821494295146,-79.98908630378185,80.97370273366775,10.385104260826585,B_replication,SPY
russia-x-ukraine-ceasefire-in-2025,2025-03-03,2025-03-04,overnight,3.5,-72.94895285716696,own,-0.6141356644017543,3.3007618238820275,3.3007618238820275,62.16558353109567,41,38,-2.14947482540614,-83.1849513756251,78.88600172481281,10.445015096758702,B_replication,SPY
russia-x-ukraine-ceasefire-in-2025,2025-03-04,2025-03-05,overnight,3.5,-3.120287066409322,own,-1.440818477116226,3.021649630739238,3.021649630739238,62.35032940028818,42,39,-5.042864669906791,-86.09239332515921,76.00666398534563,10.24669412659479,B_replication,SPY
russia-x-ukraine-ceasefire-in-2025,2025-03-05,2025-03-06,overnight,-2.0,-129.83449103850296,own,-1.4192511001539145,2.8905303033237315,2.8905303033237315,61.60427818450017,43,40,2.838502200307829,-76.46041626784171,82.13742066845737,10.214981241202132,B_replication,SPY
russia-x-ukraine-ceasefire-in-2025,2025-03-06,2025-03-07,overnight,-1.0,-33.17039106145225,own,-0.5795486113006817,3.1829156522412334,3.1829156522412334,64.11707483213829,44,41,0.5795486113006817,-81.6940831304379,82.85318035303926,9.883503200303421,B_replication,SPY
russia-x-ukraine-ceasefire-in-2025,2025-03-07,2025-03-10,weekend,1.0,-143.44013197881367,own,-0.4730819246358459,3.2014766597255337,3.2014766597255337,63.58752637112832,45,42,-0.4730819246358459,-82.07007867809938,81.12391482882768,9.781841112318165,B_replication,SPY
russia-x-ukraine-ceasefire-in-2025,2025-03-10,2025-03-11,overnight,-0.5,-24.074899687918094,own,-0.9226638430452102,3.1059918537219575,3.1059918537219575,66.3800064344201,46,43,0.4613319215226051,-84.63456343794351,85.55722728098871,9.420894179241296,B_replication,SPY
russia-x-ukraine-ceasefire-in-2025,2025-03-11,2025-03-12,overnight,-2.0,108.78946989858252,own,-0.884115168089294,3.1130459836961752,3.1130459836961752,65.75403611062148,47,44,1.768230336178588,-82.87907256827643,86.41553324063361,9.342173159576998,B_replication,SPY
russia-x-ukraine-ceasefire-in-2025,2025-03-12,2025-03-13,overnight,-7.0,-7.514626684080872,own,-1.5483276711918785,2.989136342614098,2.989136342614098,66.8750289256874,48,45,10.83829369834315,-78.96594654510663,100.64253394179293,9.575343843607492,B_replication,SPY
russia-x-ukraine-ceasefire-in-2025,2025-03-13,2025-03-14,overnight,-3.0,83.40737248644592,own,-1.2022793407488668,2.640695533198304,2.640695533198304,66.2207543803152,49,46,3.6068380222466003,-81.8668292788994,89.08050532339261,9.535367304361436,B_replication,SPY
russia-x-ukraine-ceasefire-in-2025,2025-03-14,2025-03-17,weekend,-1.0,0.0,own,-1.8318693562455084,2.5574590659035277,2.5574590659035277,66.50248412654815,50,47,1.8318693562455084,-83.46071444341074,87.12445315590175,9.707764049243782,B_replication,SPY
russia-x-ukraine-ceasefire-in-2025,2025-03-17,2025-03-18,overnight,0.5,-39.15205812846101,own,-1.8270644530160118,2.5508128261575083,2.5508128261575083,65.83460887686218,51,48,-0.9135322265080059,-85.30299855889281,83.47593410587679,9.685161571829942,B_replication,SPY
russia-x-ukraine-ceasefire-in-2025,2025-03-18,2025-03-19,overnight,-3.0,31.726227608948054,own,-1.8771804764785978,2.54281381305566,2.54281381305566,65.40537439394153,52,49,5.631541429435793,-78.76019946121792,90.02328232008952,9.571718552781647,B_replication,SPY
russia-x-ukraine-ceasefire-in-2025,2025-03-19,2025-03-20,overnight,1.0,-64.9018535828283,own,-2.077651817166272,2.462759255897314,2.462759255897314,64.87210078253273,53,50,-2.077651817166272,-85.27762587042696,81.12232223609442,9.62306156334055,B_replication,SPY
israel-x-hamas-ceasefire-before-july-2025,2025-03-20,2025-03-21,overnight,-3.5,-113.13816999010018,pooled,0.1747744660942356,0.4040066951059544,3.9493428743701484,55.07549876416928,865,619,-0.6117106313298246,-73.3855765906724,72.16215532801274,9.450749620806054,B_replication,SPY
russia-x-ukraine-ceasefire-in-2025,2025-03-20,2025-03-21,overnight,0.5,-113.13816999010018,own,-2.2381223197605555,2.442677329792796,2.442677329792796,64.83259295817953,54,51,-1.1190611598802778,-84.22325451203292,81.98513219227237,9.450749620806054,B_replication,SPY
israel-x-hamas-ceasefire-before-july-2025,2025-03-21,2025-03-24,weekend,-3.0,117.15911306474646,pooled,0.1959316185033307,0.40690708396875275,3.970099324185404,55.38015489220068,868,621,-0.5877948555099921,-73.18584508567793,72.01025537465793,9.027055198187716,B_replication,SPY
russia-x-ukraine-ceasefire-in-2025,2025-03-21,2025-03-24,weekend,1.0,117.15911306474646,own,-2.3810950176931907,2.4297386461127406,2.4297386461127406,66.01253019651934,55,52,-2.3810950176931907,-87.04004232013696,82.2778522847506,9.027055198187716,B_replication,SPY
israel-x-hamas-ceasefire-before-july-2025,2025-03-24,2025-03-25,overnight,-1.0,22.298874603672303,pooled,0.18845122680065815,0.40645867058978896,3.9506371612603868,55.71148875909066,871,624,-0.18845122680065815,-71.76758976873082,71.39068731512951,9.399496270058755,B_replication,SPY
russia-x-ukraine-ceasefire-in-2025,2025-03-24,2025-03-25,overnight,-2.0,22.298874603672303,own,-2.0767278424355466,2.4758137247239023,2.4758137247239023,67.36154837240518,56,53,4.153455684871093,-82.41003226932965,90.71694363907183,9.399496270058755,B_replication,SPY
israel-x-hamas-ceasefire-before-july-2025,2025-03-25,2025-03-26,overnight,5.0,-2.9546718576189956,pooled,0.18489530941276258,0.40591588352796915,3.9655991794254115,55.63125813552918,874,627,0.9244765470638129,-74.76576377518806,76.6147168693157,9.443773312393814,B_replication,SPY
russia-x-ukraine-ceasefire-in-2025,2025-03-25,2025-03-26,overnight,-1.0,-2.9546718576189956,own,-2.168198133141539,2.4402336981768467,2.4402336981768467,66.80097540539539,57,54,2.168198133141539,-83.50103478893992,87.837431055223,9.443773312393814,B_replication,SPY
israel-x-hamas-ceasefire-before-july-2025,2025-03-26,2025-03-27,overnight,-0.5,-27.429053697648477,pooled,0.18424513284731395,0.404977847630405,3.960212787337608,55.53621471268927,877,630,-0.09212256642365697,-71.31256104490308,71.12831591205577,9.401361299269483,B_replication,SPY
russia-x-ukraine-ceasefire-in-2025,2025-03-26,2025-03-27,overnight,-1.5,-27.429053697648477,own,-2.1553185102860755,2.435110785696388,2.435110785696388,66.2158770729252,58,55,3.232977765429113,-81.75830829720883,88.22426382806705,9.401361299269483,B_replication,SPY
israel-x-hamas-ceasefire-before-july-2025,2025-03-27,2025-03-28,overnight,11.5,-25.92592592592591,pooled,0.19431404092938834,0.405725215782296,3.9553390132844672,55.46388244435019,880,633,2.234611470687966,-89.69510878057761,94.16433172195354,9.275803066325444,B_replication,SPY
russia-x-ukraine-ceasefire-in-2025,2025-03-27,2025-03-28,overnight,-2.0,-25.92592592592591,own,-2.0403358922995345,2.4361966770346912,2.4361966770346912,65.76522863304157,59,56,4.080671784599069,-80.43504743210275,88.59639100130087,9.275803066325444,B_replication,SPY
israel-x-hamas-ceasefire-before-july-2025,2025-03-28,2025-03-31,weekend,12.0,-107.94667434287474,pooled,0.1699758361451309,0.3994085827085726,3.8989170099814916,55.39152333782041,883,636,2.039710033741571,-90.88508055029598,94.96450061777912,9.156204893078838,B_replication,SPY
russia-x-ukraine-ceasefire-in-2025,2025-03-28,2025-03-31,weekend,-4.0,-107.94667434287474,own,-1.891788378881094,2.4322965732414885,2.4322965732414885,65.32127490144653,60,57,7.567153515524376,-77.07208211641463,92.2063891474634,9.156204893078838,B_replication,SPY
israel-x-hamas-ceasefire-before-july-2025,2025-03-31,2025-04-01,overnight,-3.0,-30.403290709111182,pooled,0.13188630502043386,0.40082983219386004,3.816162299826088,55.65542896618452,886,639,-0.3956589150613016,-73.21709822747769,72.42578039735508,8.75969401530473,B_replication,SPY
russia-x-ukraine-ceasefire-in-2025,2025-03-31,2025-04-01,overnight,1.0,-30.403290709111182,own,-0.7916566849915786,2.7150513170245194,2.7150513170245194,66.40537014734228,61,58,-0.7916566849915786,-85.96788306062743,84.38456969064427,8.75969401530473,B_replication,SPY
israel-x-hamas-ceasefire-before-july-2025,2025-04-01,2025-04-02,overnight,-3.0,-106.58966543678594,pooled,0.1355271398353483,0.40095657688714686,3.823407148040549,55.58926950388219,889,641,-0.4065814195060449,-73.15059553576546,72.33743269675338,8.627535461679027,B_replication,SPY
russia-x-ukraine-ceasefire-in-2025,2025-04-01,2025-04-02,overnight,-1.0,-106.58966543678594,own,-0.8619931078517201,2.700197741764251,2.700197741764251,65.96759725674298,62,59,0.8619931078517201,-83.75287430745834,85.47686052316178,8.627535461679027,B_replication,SPY
israel-x-hamas-ceasefire-before-july-2025,2025-04-02,2025-04-03,overnight,-2.0,-346.055078367129,pooled,0.16478006523328084,0.40414248513319445,3.809451815631316,55.83775246402471,892,644,-0.3295601304665617,-72.55431310744495,71.89519284651183,8.240033664935313,B_replication,SPY
russia-x-ukraine-ceasefire-in-2025,2025-04-02,2025-04-03,overnight,0.0,-346.055078367129,own,-0.6073683245705883,2.7377389040058033,2.7377389040058033,66.8379909625267,63,60,-0.0,-85.65956921757423,85.65956921757423,8.240033664935313,B_replication,SPY
israel-x-hamas-ceasefire-before-july-2025,2025-04-03,2025-04-04,overnight,-7.0,-259.83929767130485,pooled,0.2070621597591551,0.4109441563166954,3.8101794035108028,58.127360109667435,894,645,-1.4494351183140857,-83.41319978930026,80.5143295526721,7.447427150322192,B_replication,SPY
russia-x-ukraine-ceasefire-in-2025,2025-04-03,2025-04-04,overnight,1.0,-259.83929767130485,own,-0.6073683245705886,2.7377389040058033,2.7377389040058033,79.35531643104608,64,60,-0.6073683245705886,-102.36964826898709,101.15491161984592,7.447427150322192,B_replication,SPY
israel-x-hamas-ceasefire-before-july-2025,2025-04-04,2025-04-07,weekend,1.5,-322.65084075173144,pooled,0.45709541458449077,0.4847835995769719,4.5654954794172,59.92053755164872,897,648,0.6856431218767362,-76.60843016075644,77.97971640450992,6.5534916158017,B_replication,SPY
russia-x-ukraine-ceasefire-in-2025,2025-04-04,2025-04-07,weekend,0.0,-322.65084075173144,own,-1.2202097651066035,2.726709335298907,2.726709335298907,85.12583503754512,65,61,-0.0,-109.09727018411783,109.09727018411783,6.5534916158017,B_replication,SPY
israel-x-hamas-ceasefire-before-july-2025,2025-04-07,2025-04-08,overnight,-5.5,343.07799028837627,pooled,0.4277110414471556,0.4806859962097081,4.565062196850357,61.76413258498854,899,649,-2.352410727959356,-87.79978630834536,83.09496485242666,5.821112678387833,B_replication,SPY
russia-x-ukraine-ceasefire-in-2025,2025-04-07,2025-04-08,overnight,3.0,343.07799028837627,own,-1.2202097651066035,2.726709335298907,2.726709335298907,93.46934204503117,66,61,-3.6606292953198105,-123.90881029756132,116.5875517069217,5.821112678387833,B_replication,SPY
israel-x-hamas-ceasefire-before-july-2025,2025-04-08,2025-04-09,overnight,2.5,-66.43314409952916,pooled,0.39556796481413375,0.4924274365550801,4.50943643733948,64.76488388107578,902,652,0.9889199120353344,-83.26186977602184,85.2397096000925,6.94280961057183,B_replication,SPY
russia-x-ukraine-ceasefire-in-2025,2025-04-08,2025-04-09,overnight,-1.5,-66.43314409952916,own,1.1876973153357306,3.853646387921307,3.853646387921307,101.92069041073428,67,62,-1.7815459730035959,-132.6130149479218,129.0499230019146,6.94280961057183,B_replication,SPY
israel-x-hamas-ceasefire-before-july-2025,2025-04-09,2025-04-10,overnight,4.0,-206.12105931501645,pooled,0.40317176248013437,0.49330576940024246,4.549293875567684,64.76960878773404,905,655,1.6126870499205375,-84.60994181023271,87.83531591007379,6.699574404902986,B_replication,SPY
russia-x-ukraine-ceasefire-in-2025,2025-04-09,2025-04-10,overnight,-0.5,-206.12105931501645,own,1.4110188978107758,3.8669469584735747,3.8669469584735747,101.46352648291221,68,63,-0.7055094489053879,-130.76477246605214,129.35375356824136,6.699574404902986,B_replication,SPY
israel-x-hamas-ceasefire-before-july-2025,2025-04-10,2025-04-11,overnight,6.5,-32.208881265486376,pooled,0.384035561121181,0.49304696814162724,4.711486145185365,65.74210922923463,908,658,2.496231147287676,-90.45197759060557,95.44443988518091,5.996422531379024,B_replication,SPY
russia-x-ukraine-ceasefire-in-2025,2025-04-10,2025-04-11,overnight,0.5,-32.208881265486376,own,1.647400428151525,3.9026213719935137,3.9026213719935137,103.7478584280133,69,64,0.8237002140757625,-132.1630708415481,133.8104712696996,5.996422531379024,B_replication,SPY
israel-x-hamas-ceasefire-before-july-2025,2025-04-11,2025-04-14,weekend,2.5,188.58384209146317,pooled,0.3777506482810878,0.4904460452043531,4.681532189578112,65.66029197736205,911,661,0.9443766207027194,-84.53222904779403,86.42098228919946,5.8706092367680505,B_replication,SPY
russia-x-ukraine-ceasefire-in-2025,2025-04-11,2025-04-14,weekend,0.0,188.58384209146317,own,1.6094101101761806,3.8953702119035483,3.8953702119035483,103.07001677565309,70,65,0.0,-132.094533499677,132.094533499677,5.8706092367680505,B_replication,SPY
israel-x-hamas-ceasefire-before-july-2025,2025-04-14,2025-04-15,overnight,-2.5,13.080505408462615,pooled,0.40592045750841704,0.49518077838159885,4.6820305767987085,66.17708257815467,913,662,-1.0148011437710427,-87.14380470167798,85.1142024141359,6.270857282451941,B_replication,SPY
russia-x-ukraine-ceasefire-in-2025,2025-04-14,2025-04-15,overnight,0.0,13.080505408462615,own,1.6094101101761806,3.8953702119035483,3.8953702119035483,104.78416062208089,71,65,0.0,-134.29138025325886,134.29138025325886,6.270857282451941,B_replication,SPY
israel-x-hamas-ceasefire-before-july-2025,2025-04-15,2025-04-16,overnight,0.5,-112.32611768206668,pooled,0.40213819851130517,0.49430322132180243,4.651626077920087,66.07315902224559,916,664,0.20106909925565258,-84.53073752708181,84.9328757255931,6.293159623475993,B_replication,SPY
russia-x-ukraine-ceasefire-in-2025,2025-04-15,2025-04-16,overnight,0.5,-112.32611768206668,own,1.6094101101761802,3.895370211903547,3.895370211903547,104.05520757257062,72,65,0.8047050550880901,-132.57580817906424,134.1852182892404,6.293159623475993,B_replication,SPY
israel-x-hamas-ceasefire-before-july-2025,2025-04-16,2025-04-17,overnight,4.0,36.33043577501604,pooled,0.3953851961072877,0.4933125219193299,4.657369387377482,66.27764089272287,919,666,1.5815407844291507,-86.65159892430654,89.81468049316484,5.905936737821339,B_replication,SPY
russia-x-ukraine-ceasefire-in-2025,2025-04-16,2025-04-17,overnight,-1.0,36.33043577501604,own,1.479374681742669,3.8781815236326165,3.8781815236326165,104.18618146380277,73,66,-1.479374681742669,-135.09685855693127,132.13810919344596,5.905936737821339,B_replication,SPY
israel-x-hamas-ceasefire-before-july-2025,2025-04-17,2025-04-21,holiday,-8.0,-99.35599080529656,own,-3.2532345631989954,6.615318864464534,6.615318864464534,170.6908238563489,20,20,26.025876505591963,-203.00487805973634,255.05663107092025,6.004931853994422,B_replication,SPY
russia-x-ukraine-ceasefire-in-2025,2025-04-17,2025-04-21,holiday,3.0,-99.35599080529656,own,1.3926549329886353,3.858580617283709,3.858580617283709,103.56448935795635,74,67,4.177964798965906,-129.37681581243865,137.73274541037048,6.004931853994422,B_replication,SPY
israel-x-hamas-ceasefire-before-july-2025,2025-04-21,2025-04-22,overnight,2.0,119.84902136269903,own,-1.537143992647912,6.225636985130652,6.225636985130652,168.459352538692,21,21,-3.074287985295824,-219.56072330646523,213.41214733587358,5.663220753477803,B_replication,SPY
russia-x-ukraine-ceasefire-in-2025,2025-04-21,2025-04-22,overnight,-1.5,119.84902136269903,own,0.6946732098138322,3.760184615744894,3.760184615744894,103.54993167047,75,68,-1.0420098147207484,-133.94832371902032,131.8643040895788,5.663220753477803,B_replication,SPY
israel-x-hamas-ceasefire-before-july-2025,2025-04-22,2025-04-23,overnight,-0.5,256.0063764375431,own,-1.119392728933401,6.230776465643781,6.230776465643781,166.55879934161516,22,22,0.5596963644667005,-212.93939803268856,214.05879076162196,6.032355884757612,B_replication,SPY
russia-x-ukraine-ceasefire-in-2025,2025-04-22,2025-04-23,overnight,-8.0,256.0063764375431,own,0.2892253690846434,3.720226017432849,3.720226017432849,103.79548202953568,76,69,-2.3138029526771473,-140.69851949693967,136.07091359158537,6.032355884757612,B_replication,SPY
israel-x-hamas-ceasefire-before-july-2025,2025-04-23,2025-04-24,overnight,-1.0,24.373844343588136,own,-1.3363325846217886,6.211316372743592,6.211316372743592,171.59728283475107,23,23,1.3363325846217886,-218.72676987332324,221.39943504256684,6.837857562156492,B_replication,SPY
russia-x-ukraine-ceasefire-in-2025,2025-04-23,2025-04-24,overnight,0.5,24.373844343588136,own,-3.752948587143742,5.079850147853294,5.079850147853294,106.7700782916617,77,70,-1.876474293571871,-138.75171931981754,134.9987707326738,6.837857562156492,B_replication,SPY
israel-x-hamas-ceasefire-before-july-2025,2025-04-24,2025-04-25,overnight,-2.5,2.0126614703408485,own,-1.3753957669176204,6.196303383430879,6.196303383430879,167.89407005964688,24,24,3.438489417294051,-212.64847707417212,219.52545590876022,6.894183001497278,B_replication,SPY
russia-x-ukraine-ceasefire-in-2025,2025-04-24,2025-04-25,overnight,3.0,2.0126614703408485,own,-3.7272884516235467,5.079987282581312,5.079987282581312,106.11665434941764,78,71,-11.18186535487064,-148.57632379694178,126.2125930872005,6.894183001497278,B_replication,SPY
israel-x-hamas-ceasefire-before-july-2025,2025-04-25,2025-04-28,weekend,-4.5,15.803240572549448,own,-1.369414944992481,6.12497057375253,6.12497057375253,164.35931714459858,25,25,6.162367252466165,-207.42183565333025,219.74657015826259,6.878553797021857,B_replication,SPY
russia-x-ukraine-ceasefire-in-2025,2025-04-25,2025-04-28,weekend,3.0,15.803240572549448,own,-3.65123930565691,4.992295148188869,4.992295148188869,105.44462629162118,79,72,-10.95371791697073,-147.44788631889,125.54045048494854,6.878553797021857,B_replication,SPY
israel-x-hamas-ceasefire-before-july-2025,2025-04-28,2025-04-29,overnight,0.5,-36.84611754456224,own,-1.4398148313054624,5.8980221873301915,5.8980221873301915,161.04974826287284,26,26,-0.7199074156527312,-207.15586500975485,205.7160501784494,6.907036839922477,B_replication,SPY
russia-x-ukraine-ceasefire-in-2025,2025-04-28,2025-04-29,overnight,-1.5,-36.84611754456224,own,-3.4996418071327167,4.917810138530568,4.917810138530568,104.81763335072397,80,73,5.249462710699075,-129.4170757105369,139.91600113193505,6.907036839922477,B_replication,SPY
israel-x-hamas-ceasefire-before-july-2025,2025-04-29,2025-04-30,overnight,1.0,-118.56209622117086,own,-1.4691142717993062,5.893136723094072,5.893136723094072,158.0810538455333,27,27,-1.4691142717993062,-204.206522302305,201.2682937587064,6.767843347713087,B_replication,SPY
russia-x-ukraine-ceasefire-in-2025,2025-04-29,2025-04-30,overnight,-2.0,-118.56209622117086,own,-3.3808954594450964,4.909242236921336,4.909242236921336,104.2662879644537,81,74,6.761790918890193,-127.45704765013028,140.98062948791068,6.767843347713087,B_replication,SPY
israel-x-hamas-ceasefire-before-july-2025,2025-04-30,2025-05-01,overnight,0.5,108.59565256606808,own,-1.658738534065495,5.871378040903869,5.871378040903869,156.75159305224528,28,28,-0.8293692670327475,-201.75743929367363,200.09870075960814,6.370391108065463,B_replication,SPY
russia-x-ukraine-ceasefire-in-2025,2025-04-30,2025-05-01,overnight,1.5,108.59565256606808,own,-2.9130508037659135,4.943230623603464,4.943230623603464,104.54519472441008,82,75,-4.369576205648871,-138.6912694342934,129.95211702299562,6.370391108065463,B_replication,SPY
israel-x-hamas-ceasefire-before-july-2025,2025-05-01,2025-05-02,overnight,-7.0,112.27303656483834,own,-1.5701711347671534,5.875974155322525,5.875974155322525,155.30932977421278,29,29,10.991197943370073,-194.91535992715777,216.89775581389793,6.693547888227747,B_replication,SPY
russia-x-ukraine-ceasefire-in-2025,2025-05-01,2025-05-02,overnight,-4.5,112.27303656483834,own,-2.598091987487892,4.966767926264409,4.966767926264409,104.6488489883735,83,76,11.691413943695514,-125.45131076826569,148.83413865565672,6.693547888227747,B_replication,SPY
israel-x-hamas-ceasefire-before-july-2025,2025-05-02,2025-05-05,weekend,-14.5,-71.47647453319638,own,-2.6334975244938548,5.456736027182366,5.456736027182366,153.67810097840388,30,30,38.1857141051609,-183.33971156489906,259.7111397752209,7.02625636094816,B_replication,SPY
russia-x-ukraine-ceasefire-in-2025,2025-05-02,2025-05-05,weekend,3.0,-71.47647453319638,own,-3.4088708532203467,4.753740711013403,4.753740711013403,104.579650916513,84,77,-10.22661255966104,-145.4963558667764,125.04313074745433,7.02625636094816,B_replication,SPY
israel-x-hamas-ceasefire-before-july-2025,2025-05-05,2025-05-06,overnight,-2.5,-99.37359146806824,own,-0.8203826610318471,4.539651515622363,4.539651515622363,152.1002477990389,31,31,2.0509566525796177,-193.42261499586215,197.5245283010214,6.779650923584355,B_replication,SPY
russia-x-ukraine-ceasefire-in-2025,2025-05-05,2025-05-06,overnight,-1.5,-99.37359146806824,own,-3.732801370488934,4.650361651006054,4.650361651006054,104.16647644838244,85,78,5.599202055733401,-128.19954951344928,139.39795362491608,6.779650923584355,B_replication,SPY
israel-x-hamas-ceasefire-before-july-2025,2025-05-06,2025-05-07,overnight,3.5,24.15891195418851,own,-0.5333049703422132,4.497415786379572,4.497415786379572,150.72392071692244,32,32,-1.8665673961977465,-196.08490963035354,192.35177483795803,6.44722949647062,B_replication,SPY
russia-x-ukraine-ceasefire-in-2025,2025-05-06,2025-05-07,overnight,-1.0,24.15891195418851,own,-3.4563146447897197,4.6665658371807535,4.6665658371807535,104.17354053358079,86,79,3.4563146447897197,-130.1863830600332,137.09901234961265,6.44722949647062,B_replication,SPY
israel-x-hamas-ceasefire-before-july-2025,2025-05-07,2025-05-08,overnight,0.0,71.4502075797796,own,-0.43158617891133455,4.426118784228489,4.426118784228489,148.42051415015266,33,33,-0.0,-190.21573093483565,190.21573093483565,6.502520908929677,B_replication,SPY
russia-x-ukraine-ceasefire-in-2025,2025-05-07,2025-05-08,overnight,-1.5,71.4502075797796,own,-3.4926031589166238,4.654124819206469,4.654124819206469,103.59012494405233,87,80,5.238904738374936,-127.82334077410718,138.30115025085706,6.502520908929677,B_replication,SPY
israel-x-hamas-ceasefire-before-july-2025,2025-05-08,2025-05-09,overnight,-6.0,27.614529490902484,own,-0.43158617891133455,4.426118784228489,4.426118784228489,146.68270237636054,34,33,2.5895170734680075,-188.45519580692184,193.63422995385787,6.704640265789168,B_replication,SPY
russia-x-ukraine-ceasefire-in-2025,2025-05-08,2025-05-09,overnight,2.5,27.614529490902484,own,-3.666006832879272,4.6201737659140045,4.6201737659140045,103.23643867348883,88,81,-9.16501708219818,-142.2983678181269,123.96833365373055,6.704640265789168,B_replication,SPY
israel-x-hamas-ceasefire-before-july-2025,2025-05-09,2025-05-12,weekend,31.0,304.453383898351,own,-0.5927778853038271,4.249095971798723,4.249095971798723,144.57075909720425,35,34,-18.37611444441864,-269.03094022608394,232.27871133724665,6.769510656353118,B_replication,SPY
russia-x-ukraine-ceasefire-in-2025,2025-05-09,2025-05-12,weekend,4.5,304.453383898351,own,-3.507200500525642,4.58460376614036,4.58460376614036,102.72223416443896,89,82,-15.782402252365388,-150.0601049980509,118.49530049332012,6.769510656353118,B_replication,SPY
israel-x-hamas-ceasefire-before-july-2025,2025-05-12,2025-05-13,overnight,-7.0,9.779699402923114,own,4.695314293626613,5.70441052982593,5.70441052982593,147.54380633924285,36,35,-32.86720005538629,-228.76196925896642,163.02756914819383,7.38392525540781,B_replication,SPY
russia-x-ukraine-ceasefire-in-2025,2025-05-12,2025-05-13,overnight,3.5,9.779699402923114,own,-1.1024261364401622,5.264256505860833,5.264256505860833,107.45518964486585,90,83,-3.858491477540568,-143.58283913874743,135.86585618366632,7.38392525540781,B_replication,SPY
israel-x-hamas-ceasefire-before-july-2025,2025-05-13,2025-05-14,overnight,-12.5,17.04129104820984,own,4.5415526164655695,5.576642920504365,5.576642920504365,145.64930993461107,37,36,-56.76940770581962,-263.71083178249194,150.17201637085273,7.391319620060635,B_replication,SPY
russia-x-ukraine-ceasefire-in-2025,2025-05-13,2025-05-14,overnight,1.5,17.04129104820984,own,-1.0243661722837878,5.158910616679472,5.158910616679472,106.86602498901377,91,84,-1.5365492584256817,-138.85464927904434,135.78155076219298,7.391319620060635,B_replication,SPY
israel-x-hamas-ceasefire-before-july-2025,2025-05-14,2025-05-15,overnight,-5.0,-34.03907686023611,own,4.101731982726864,5.211587984431718,5.211587984431718,144.1410907275001,38,37,-20.50865991363432,-208.23427756032623,167.2169577330576,7.421011839839555,B_replication,SPY
russia-x-ukraine-ceasefire-in-2025,2025-05-14,2025-05-15,overnight,-3.0,-34.03907686023611,own,-0.9789620819213386,5.1430338893076915,5.1430338893076915,106.29500353237718,92,85,2.9368862457640157,-134.71843847686273,140.59221096839076,7.421011839839555,B_replication,SPY
israel-x-hamas-ceasefire-before-july-2025,2025-05-15,2025-05-16,overnight,-7.0,14.227401297404183,own,4.133602002622287,5.082745736789375,5.082745736789375,142.24858850892159,39,38,-28.93521401835601,-216.85703023746416,158.98660220075212,7.293833653643004,B_replication,SPY
russia-x-ukraine-ceasefire-in-2025,2025-05-15,2025-05-16,overnight,-5.0,14.227401297404183,own,-0.8008362058587125,5.082945498189041,5.082945498189041,105.78498446558979,93,86,4.004181029293562,-135.42760456960193,143.43596662818905,7.293833653643004,B_replication,SPY
israel-x-hamas-ceasefire-before-july-2025,2025-05-16,2025-05-19,weekend,11.0,-104.1579027074313,own,3.9944799548680248,4.99019527848333,4.99019527848333,140.5792132486303,40,39,43.93927950354827,-149.47476825947052,237.35332726656708,7.315037224419032,B_replication,SPY
russia-x-ukraine-ceasefire-in-2025,2025-05-16,2025-05-19,weekend,2.5,-104.1579027074313,own,-0.8797495232505351,4.866861494627408,4.866861494627408,105.21984515907879,94,87,-2.199373808126338,-137.94771049502359,133.54896287877094,7.315037224419032,B_replication,SPY
israel-x-hamas-ceasefire-before-july-2025,2025-05-19,2025-05-20,overnight,-10.5,-31.095572662790396,own,3.2839493674421063,5.074809827237296,5.074809827237296,140.6692365736718,41,40,-34.481468358142116,-227.26401132251115,158.30107460622693,6.975180700236562,B_replication,SPY
russia-x-ukraine-ceasefire-in-2025,2025-05-19,2025-05-20,overnight,0.0,-31.095572662790396,own,-1.2694992514588874,4.799763057718899,4.799763057718899,105.18065849754932,95,88,-0.0,-134.7995319304592,134.7995319304592,6.975180700236562,B_replication,SPY
israel-x-hamas-ceasefire-before-july-2025,2025-05-20,2025-05-21,overnight,2.0,-74.05158308452675,own,3.269154567275151,4.71589521912342,4.71589521912342,138.944128360052,42,41,6.538309134550302,-171.94228501323445,185.01890328233506,6.859464124665051,B_replication,SPY
russia-x-ukraine-ceasefire-in-2025,2025-05-20,2025-05-21,overnight,-1.5,-74.05158308452675,own,-1.2694992514588876,4.799763057718899,4.799763057718899,104.6742416062513,96,88,1.9042488771883315,-132.56321011348007,136.37170786785674,6.859464124665051,B_replication,SPY
israel-x-hamas-ceasefire-before-july-2025,2025-05-21,2025-05-22,overnight,-11.0,-5.146150679292694,own,3.2021916323195407,4.743589913477685,4.743589913477685,137.84119923644877,43,42,-35.224107955514945,-224.11514592042082,153.66693000939094,6.614279133122046,B_replication,SPY
russia-x-ukraine-ceasefire-in-2025,2025-05-21,2025-05-22,overnight,-3.5,-5.146150679292694,own,-1.0958859212606817,4.7999949925220395,4.7999949925220395,104.41482320616456,97,89,3.835600724412386,-131.70348945091294,139.37469089973771,6.614279133122046,B_replication,SPY
israel-x-hamas-ceasefire-before-july-2025,2025-05-22,2025-05-23,overnight,-1.0,-120.92002126820157,own,3.071314444804333,4.469133233014975,4.469133233014975,136.30246994831532,44,43,-3.071314444804333,-177.8504346610937,171.70780577148503,6.578749133688767,B_replication,SPY
russia-x-ukraine-ceasefire-in-2025,2025-05-22,2025-05-23,overnight,0.0,-120.92002126820157,own,-1.0488610448014928,4.710425165640247,4.710425165640247,103.87913788326436,98,90,-0.0,-133.13150311119162,133.13150311119162,6.578749133688767,B_replication,SPY
israel-x-hamas-ceasefire-before-july-2025,2025-05-23,2025-05-27,holiday,7.5,119.3107258788606,own,3.117913379886736,4.441382544324859,4.441382544324859,135.910435797239,45,44,23.38435034915052,-155.95370349396478,202.7224041922658,6.194716692719217,B_replication,SPY
russia-x-ukraine-ceasefire-in-2025,2025-05-23,2025-05-27,holiday,-3.0,119.3107258788606,own,-1.0488610448014928,4.710425165640247,4.710425165640247,104.06711700150173,99,90,3.1465831344044783,-131.44983967975796,137.7430059485669,6.194716692719217,B_replication,SPY
israel-x-hamas-ceasefire-before-july-2025,2025-05-27,2025-05-28,overnight,3.5,8.459378066525414,own,3.3962028360216654,4.160535074803007,4.160535074803007,135.13401606133255,46,45,11.886709926075829,-162.30366649675707,186.07708634890875,6.421402081869801,B_replication,SPY
russia-x-ukraine-ceasefire-in-2025,2025-05-27,2025-05-28,overnight,1.0,8.459378066525414,own,-1.5632410126736234,4.631528975703619,4.631528975703619,104.18764176477153,100,91,-1.5632410126736234,-135.22199107771021,132.09550905236298,6.421402081869801,B_replication,SPY
israel-x-hamas-ceasefire-before-july-2025,2025-05-28,2025-05-29,overnight,1.5,91.03129094281128,own,3.39158467952179,4.133559106768967,4.133559106768967,133.65804799893473,47,46,5.087377019282685,-166.39299219415622,176.5677462327216,6.427509902003636,B_replication,SPY
russia-x-ukraine-ceasefire-in-2025,2025-05-28,2025-05-29,overnight,-0.5,91.03129094281128,own,-1.5484692822694979,4.625446840741505,4.625446840741505,103.67023245829597,101,92,0.7742346411347489,-132.122592153064,133.67106143533348,6.427509902003636,B_replication,SPY
israel-x-hamas-ceasefire-before-july-2025,2025-05-29,2025-05-30,overnight,-8.0,-18.13559322033975,own,3.441172474842606,4.10325433413048,4.10325433413048,132.8209287414154,48,47,-27.529379798740848,-202.87431010178653,147.81555050430484,6.680310044555848,B_replication,SPY
russia-x-ukraine-ceasefire-in-2025,2025-05-29,2025-05-30,overnight,-0.5,-18.13559322033975,own,-1.6149569848858343,4.61896087330843,4.61896087330843,103.5458020584069,102,93,0.8074784924429171,-131.92982527377515,133.544782258661,6.680310044555848,B_replication,SPY
israel-x-hamas-ceasefire-before-july-2025,2025-05-30,2025-06-02,weekend,-14.0,-29.00910987836625,own,3.412960257995226,3.971836046974626,3.971836046974626,131.43692097045857,49,48,-47.78144361193316,-230.68537986232798,135.12249263846167,6.606379846150003,B_replication,SPY
russia-x-ukraine-ceasefire-in-2025,2025-05-30,2025-06-02,weekend,-2.0,-29.00910987836625,own,-1.6010077420929163,4.618251562047718,4.618251562047718,103.0540384306804,103,94,3.2020154841858326,-129.40146350384555,135.80549447221722,6.606379846150003,B_replication,SPY
israel-x-hamas-ceasefire-before-july-2025,2025-06-02,2025-06-03,overnight,-7.0,-5.2307432717446645,own,3.321059681976365,3.6255462331070327,3.6255462331070327,130.1145593509245,50,49,-23.247417773834556,-193.14467473199016,146.64983918432102,6.500591262809855,B_replication,SPY
russia-x-ukraine-ceasefire-in-2025,2025-06-02,2025-06-03,overnight,-1.5,-5.2307432717446645,own,-1.5066852666535249,4.597771177921596,4.597771177921596,102.6013698829762,104,95,2.260027899980287,-129.53061458401552,134.0506703839761,6.500591262809855,B_replication,SPY
israel-x-hamas-ceasefire-before-july-2025,2025-06-03,2025-06-04,overnight,-3.0,14.25911325090956,own,3.2777019779747736,3.5579683305746808,3.5579683305746808,128.83161581132256,51,50,-9.83310593392432,-175.50942710522057,155.84321523737194,6.465848909795381,B_replication,SPY
russia-x-ukraine-ceasefire-in-2025,2025-06-03,2025-06-04,overnight,-1.5,14.25911325090956,own,-1.4902881024687933,4.583032715108317,4.583032715108317,102.10953587388585,105,96,2.23543215370319,-128.9243955971408,133.39525990454717,6.465848909795381,B_replication,SPY
israel-x-hamas-ceasefire-before-july-2025,2025-06-04,2025-06-05,overnight,0.5,29.031716730996138,own,3.25293061046402,3.553020958177645,3.553020958177645,127.60677238323575,52,51,1.62646530523201,-161.9302217732295,165.18315238369354,6.48886051710182,B_replication,SPY
russia-x-ukraine-ceasefire-in-2025,2025-06-04,2025-06-05,overnight,-1.0,29.031716730996138,own,-1.5165215884990615,4.565158320276747,4.565158320276747,101.62888868802357,106,97,1.5165215884990615,-128.86240248301633,131.89544566001447,6.48886051710182,B_replication,SPY
israel-x-hamas-ceasefire-before-july-2025,2025-06-05,2025-06-06,overnight,-10.0,95.44688026981385,own,3.2576265068700794,3.5506168589415097,3.5506168589415097,126.43095483618204,53,52,-32.57626506870079,-200.8785727897718,135.7260426523702,6.555228101637328,B_replication,SPY
russia-x-ukraine-ceasefire-in-2025,2025-06-05,2025-06-06,overnight,1.0,95.44688026981385,own,-1.5564855611098052,4.555233544787704,4.555233544787704,101.18361989068258,107,98,-1.5564855611098052,-131.3647578604423,128.25178673822268,6.555228101637328,B_replication,SPY
israel-x-hamas-ceasefire-before-july-2025,2025-06-06,2025-06-09,weekend,-7.0,11.518621771864357,own,2.8334278808312634,3.583781875850017,3.583781875850017,126.42066219942213,54,53,-19.833995165818845,-185.01386503372748,145.34587470208982,6.816162501348218,B_replication,SPY
russia-x-ukraine-ceasefire-in-2025,2025-06-06,2025-06-09,weekend,-2.0,11.518621771864357,own,-1.4157990261846078,4.56121478438642,4.56121478438642,101.14472137969379,108,99,2.8315980523692157,-127.32163925722811,132.98483536196653,6.816162501348218,B_replication,SPY
israel-x-hamas-ceasefire-before-july-2025,2025-06-09,2025-06-10,overnight,6.5,11.008072586564666,own,2.7618699028189444,3.533428654993625,3.533428654993625,125.31612063538797,55,54,17.95215436832314,-145.32804305948068,181.23235179612695,6.82992579677412,B_replication,SPY
russia-x-ukraine-ceasefire-in-2025,2025-06-09,2025-06-10,overnight,0.0,11.008072586564666,own,-1.4408517261687321,4.53142968966932,4.53142968966932,100.67882000095396,109,100,-0.0,-129.0299757132226,129.0299757132226,6.82992579677412,B_replication,SPY
israel-x-hamas-ceasefire-before-july-2025,2025-06-10,2025-06-11,overnight,-3.0,18.73777070275029,own,2.7473530477634065,3.472984388775927,3.472984388775927,124.17513950801127,56,55,-8.24205914329022,-167.94412630159678,151.46000801501634,6.842118832152885,B_replication,SPY
russia-x-ukraine-ceasefire-in-2025,2025-06-10,2025-06-11,overnight,0.0,18.73777070275029,own,-1.4408517261687321,4.53142968966932,4.53142968966932,100.22147290082586,110,100,-0.0,-128.44383966969843,128.44383966969843,6.842118832152885,B_replication,SPY
israel-x-hamas-ceasefire-before-july-2025,2025-06-11,2025-06-12,overnight,-3.5,-23.112736947122904,own,2.7213963446324447,3.469262578330749,3.469262578330749,123.1140876416706,57,56,-9.524887206213556,-168.07345072971978,149.02367631729268,6.876732756121647,B_replication,SPY
russia-x-ukraine-ceasefire-in-2025,2025-06-11,2025-06-12,overnight,-0.5,-23.112736947122904,own,-1.4408517261687321,4.53142968966932,4.53142968966932,99.78087627695658,111,100,0.7204258630843661,-127.19170840034305,128.63256012651178,6.876732756121647,B_replication,SPY
israel-x-hamas-ceasefire-before-july-2025,2025-06-12,2025-06-13,overnight,-11.0,-86.46392367322674,own,2.7365879990305224,3.444874177047012,3.444874177047012,122.04258010398652,58,57,-30.102467989335747,-193.87829941268382,133.67336343401234,6.78972268928438,B_replication,SPY
russia-x-ukraine-ceasefire-in-2025,2025-06-12,2025-06-13,overnight,-1.0,-86.46392367322674,own,-1.423674671891106,4.531049725202045,4.531049725202045,99.35614231403521,112,101,1.423674671891106,-126.04349996278175,128.89084930656395,6.78972268928438,B_replication,SPY
israel-x-hamas-ceasefire-before-july-2025,2025-06-13,2025-06-16,weekend,-2.0,57.793785074125026,own,2.9272618457236796,3.2091252598678337,3.2091252598678337,121.20364082862321,59,58,-5.854523691447359,-161.40674843025195,149.69770104735724,6.609696344955208,B_replication,SPY
russia-x-ukraine-ceasefire-in-2025,2025-06-13,2025-06-16,weekend,2.0,57.793785074125026,own,-1.2971721913655674,4.535694501843891,4.535694501843891,99.25910747468464,113,102,-2.5943443827311348,-130.33496278653143,125.14627402106917,6.609696344955208,B_replication,SPY
israel-x-hamas-ceasefire-before-july-2025,2025-06-16,2025-06-17,overnight,0.5,-41.47931841184005,own,2.8881598283588676,3.2180016565937617,3.2180016565937617,120.45709817619746,60,59,1.4440799141794338,-152.94750867263582,155.8356685009947,6.757484859091405,B_replication,SPY
russia-x-ukraine-ceasefire-in-2025,2025-06-16,2025-06-17,overnight,-1.0,-41.47931841184005,own,-1.1243260247627591,4.524994729734064,4.524994729734064,98.98115209576136,114,103,1.1243260247627591,-125.8624073786958,128.11105942822132,6.757484859091405,B_replication,SPY
israel-x-hamas-ceasefire-before-july-2025,2025-06-17,2025-06-18,overnight,-3.5,14.894151117061938,own,2.881567891274322,3.2200291158422383,3.2200291158422383,119.5775281432133,61,60,-10.085487619460126,-164.0152002787259,143.84422503980562,6.618607306487956,B_replication,SPY
russia-x-ukraine-ceasefire-in-2025,2025-06-17,2025-06-18,overnight,0.5,14.894151117061938,own,-1.0634419312485,4.523360615297935,4.523360615297935,98.62670245203464,115,104,-0.53172096562425,-126.96493305758578,125.90149112633729,6.618607306487956,B_replication,SPY
israel-x-hamas-ceasefire-before-july-2025,2025-06-18,2025-06-20,holiday,-1.0,15.39852040303824,own,2.8548149122113395,3.2134262951136745,3.2134262951136745,118.63629207134824,62,61,-2.8548149122113395,-154.95485186717025,149.24522204274757,6.6423648485278814,B_replication,SPY
russia-x-ukraine-ceasefire-in-2025,2025-06-18,2025-06-20,holiday,1.0,15.39852040303824,own,-1.0524234511894384,4.522534788499269,4.522534788499269,98.20748604746584,116,105,-1.0524234511894384,-127.04852400753731,124.94367710515843,6.6423648485278814,B_replication,SPY
israel-x-hamas-ceasefire-before-july-2025,2025-06-20,2025-06-23,weekend,-1.8,13.631085606582438,own,2.8492311449078067,3.214094762425845,3.214094762425845,117.69848300544083,63,62,-5.1286160608340525,-156.15310947762885,145.89587735596075,6.667430179313693,B_replication,SPY
russia-x-ukraine-ceasefire-in-2025,2025-06-20,2025-06-23,weekend,-2.0,13.631085606582438,own,-1.0289556282875445,4.51761390690833,4.51761390690833,97.7951736080193,117,106,2.057911256575089,-123.81015978576949,127.92598229891968,6.667430179313693,B_replication,SPY
israel-x-hamas-ceasefire-before-july-2025,2025-06-23,2025-06-24,overnight,3.7,69.98483661873279,own,2.8389117725508446,3.2134996615703195,3.2134996615703195,116.78452671603165,64,63,10.503973558438126,-139.94078211317097,160.94872923004723,6.680694284889444,B_replication,SPY
russia-x-ukraine-ceasefire-in-2025,2025-06-23,2025-06-24,overnight,2.0,69.98483661873279,own,-1.0617873285712534,4.487948019598914,4.487948019598914,97.38219322604283,118,107,-2.1235746571425067,-127.45762203435883,123.21047272007381,6.680694284889444,B_replication,SPY
israel-x-hamas-ceasefire-before-july-2025,2025-06-24,2025-06-25,overnight,4.05,18.78800863589047,own,2.9058879994708002,3.1726543468976374,3.1726543468976374,116.1058683684931,65,64,11.768846397856741,-137.94088278653345,161.47857558224695,6.801044365372036,B_replication,SPY
russia-x-ukraine-ceasefire-in-2025,2025-06-24,2025-06-25,overnight,1.0,18.78800863589047,own,-0.8583785520525641,4.481834923459338,4.481834923459338,97.194344897155,119,108,-0.8583785520525641,-125.55501273429097,123.83825563018583,6.801044365372036,B_replication,SPY
israel-x-hamas-ceasefire-before-july-2025,2025-06-25,2025-06-26,overnight,-1.9,31.46208078012691,own,2.9144963413213065,3.148585642269374,3.148585642269374,115.21255772757803,66,65,-5.537543048510482,-153.39287246391294,142.31778636689197,6.835130519695785,B_replication,SPY
russia-x-ukraine-ceasefire-in-2025,2025-06-25,2025-06-26,overnight,-1.0,31.46208078012691,own,-0.8307075841822216,4.47743583337631,4.47743583337631,96.80183505507094,120,109,0.8307075841822216,-123.36316148740036,125.0245766557648,6.835130519695785,B_replication,SPY
israel-x-hamas-ceasefire-before-july-2025,2025-06-26,2025-06-27,overnight,-3.15,16.179378646488107,own,2.8932318198499227,3.151466915488927,3.151466915488927,114.42697499710948,67,66,-9.113680232527257,-156.31413183534457,138.08677137029005,6.9049611915117515,B_replication,SPY
russia-x-ukraine-ceasefire-in-2025,2025-06-26,2025-06-27,overnight,0.0,16.179378646488107,own,-0.873789684317165,4.467530895556414,4.467530895556414,96.4381407299282,121,110,-0.0,-123.59512115947598,123.59512115947598,6.9049611915117515,B_replication,SPY
israel-x-hamas-ceasefire-before-july-2025,2025-06-27,2025-06-30,weekend,-2.65,40.98493966106176,own,2.8692039612160825,3.1473038895221275,3.1473038895221275,113.61173581603657,68,67,-7.603390497222618,-153.60000919600992,138.39322820156468,6.931184803542789,B_replication,SPY
russia-x-ukraine-ceasefire-in-2025,2025-06-27,2025-06-30,weekend,-1.0,40.98493966106176,own,-0.873789684317165,4.467530895556414,4.467530895556414,96.05007177245905,122,110,0.873789684317165,-122.3570661134045,124.10464548203882,6.931184803542789,B_replication,SPY
russia-x-ukraine-ceasefire-in-2025,2025-06-30,2025-07-01,overnight,-2.5,-24.60024600245969,own,-0.9301255691159634,4.456777286959895,4.456777286959895,95.72442582928177,123,111,2.3253139227899084,-121.1833537898125,125.8339816353923,7.027201029644815,B_replication,SPY
russia-x-ukraine-ceasefire-in-2025,2025-07-01,2025-07-02,overnight,0.0,-5.181682751472794,own,-0.8364062515898597,4.424024747389908,4.424024747389908,95.36514731287191,124,112,-0.0,-122.21997279617665,122.21997279617665,6.967862479866008,B_replication,SPY
russia-x-ukraine-ceasefire-in-2025,2025-07-02,2025-07-03,overnight,1.0,33.36664624907337,own,-0.8364062515898597,4.424024747389908,4.424024747389908,94.98097188226897,125,112,-0.8364062515898597,-122.69599297996598,121.02318047678625,6.94511052250395,B_replication,SPY
russia-x-ukraine-ceasefire-in-2025,2025-07-03,2025-07-07,holiday,-2.5,-31.66277545015528,own,-0.7888524768235571,4.421509748499246,4.421509748499246,94.64966834633722,126,113,1.9721311920588926,-120.15530899708658,124.09957138120437,6.994496570590996,B_replication,SPY
russia-x-ukraine-ceasefire-in-2025,2025-07-07,2025-07-08,overnight,0.0,9.18199684268206,own,-0.6729499728876019,4.391819523217664,4.391819523217664,94.32052436085496,127,114,-0.0,-120.88118402087173,120.88118402087173,6.922374794432888,B_replication,SPY
russia-x-ukraine-ceasefire-in-2025,2025-07-08,2025-07-09,overnight,0.0,39.65759055955864,own,-0.6729499728876019,4.391819523217663,4.391819523217663,93.95198282910327,128,114,-0.0,-120.40886119377876,120.40886119377876,6.9265826567201305,B_replication,SPY
russia-x-ukraine-ceasefire-in-2025,2025-07-09,2025-07-10,overnight,-1.0,2.884522931958511,own,-0.6729499728876026,4.391819523217663,4.391819523217663,93.64988651780216,129,114,0.6729499728876026,-119.48065091728893,120.82655086306414,6.987420961372247,B_replication,SPY
russia-x-ukraine-ceasefire-in-2025,2025-07-10,2025-07-11,overnight,-1.0,-49.53342707401332,own,-0.6759941201127517,4.385175956699386,4.385175956699386,93.28639920378583,130,115,0.6759941201127517,-119.01187472691525,120.36386296714075,6.979808905659048,B_replication,SPY
russia-x-ukraine-ceasefire-in-2025,2025-07-11,2025-07-14,weekend,-2.0,-7.216048491847093,own,-0.6069777335916163,4.384793722557457,4.384793722557457,93.03105206825684,131,116,1.2139554671832327,-118.54319724316566,120.97110817753212,6.875154764955951,B_replication,SPY
russia-x-ukraine-ceasefire-in-2025,2025-07-14,2025-07-15,overnight,-2.0,44.49851138073502,own,-0.5839291923502484,4.361282082258621,4.361282082258621,92.67820221533992,132,117,1.1678583847004969,-118.13342329602385,120.46914006542484,6.862119424292859,B_replication,SPY
russia-x-ukraine-ceasefire-in-2025,2025-07-15,2025-07-16,overnight,0.0,26.039992284447862,own,-0.701755577111729,4.328579241244125,4.328579241244125,92.40306039260301,133,118,-0.0,-118.42376219916002,118.42376219916002,6.93162337989109,B_replication,SPY
russia-x-ukraine-ceasefire-in-2025,2025-07-16,2025-07-17,overnight,-1.0,3.5246243070918837,own,-0.701755577111729,4.328579241244125,4.328579241244125,92.0827127542222,134,118,0.701755577111729,-117.44176439387877,118.84527554810222,6.966846179715158,B_replication,SPY
russia-x-ukraine-ceasefire-in-2025,2025-07-17,2025-07-18,overnight,0.0,21.01977769992658,own,-0.7055883927668277,4.322063613181652,4.322063613181652,91.73880078039778,135,119,-0.0,-117.5724470801578,117.5724470801578,6.960512744806929,B_replication,SPY
russia-x-ukraine-ceasefire-in-2025,2025-07-18,2025-07-21,weekend,1.0,18.961725995090273,own,-0.7055883927668278,4.322063613181651,4.322063613181651,91.41629829766248,136,119,-0.7055883927668278,-117.99558586539429,116.58440907986063,6.986333249775007,B_replication,SPY
russia-x-ukraine-ceasefire-in-2025,2025-07-21,2025-07-22,overnight,-0.5,5.56660039761514,own,-0.6789208478341402,4.318009377120647,4.318009377120647,91.09517986322513,137,120,0.3394604239170701,-116.44090694639428,117.11982779422843,7.008286307053312,B_replication,SPY
russia-x-ukraine-ceasefire-in-2025,2025-07-22,2025-07-23,overnight,-1.0,43.25493376588163,own,-0.6824634706560299,4.316187641764292,4.316187641764292,90.76320509825675,138,121,0.6824634706560299,-115.77111242320304,117.1360393645151,7.005648272452327,B_replication,SPY
russia-x-ukraine-ceasefire-in-2025,2025-07-23,2025-07-24,overnight,-1.0,6.938312097894972,own,-0.7400911800235096,4.305946625029161,4.305946625029161,90.50624126261329,139,122,0.7400911800235096,-115.38390818873225,116.86409054877927,7.071857013079595,B_replication,SPY
russia-x-ukraine-ceasefire-in-2025,2025-07-24,2025-07-25,overnight,0.0,10.40303894834782,own,-0.7484699849141773,4.299153629413123,4.299153629413123,90.18162192307324,140,123,-0.0,-115.57676665661067,115.57676665661067,7.071613540125749,B_replication,SPY
russia-x-ukraine-ceasefire-in-2025,2025-07-25,2025-07-28,weekend,-3.5,7.06403152127999,own,-0.7484699849141773,4.299153629413123,4.299153629413123,89.86326871027617,141,123,2.6196449471996206,-114.15247528601267,119.39176518041191,7.077676188730338,B_replication,SPY
will-china-invade-taiwan-before-2027,2025-07-25,2025-07-28,weekend,-0.0,7.06403152127999,pooled,0.9586976886465484,0.6983044138972482,4.695856365358196,67.00870314137497,1099,816,-0.0,-85.87835394598616,85.87835394598616,7.077676188730338,B_replication,SPY
russia-x-ukraine-ceasefire-in-2025,2025-07-28,2025-07-29,overnight,1.0,22.451799284055607,own,-0.7691552947669449,4.2236284056248525,4.2236284056248525,89.54480710739831,142,124,-0.7691552947669449,-115.65736876490408,114.11905817537018,7.077639043537642,B_replication,SPY
will-china-invade-taiwan-before-2027,2025-07-28,2025-07-29,overnight,-0.0,22.451799284055607,pooled,0.9571792756917411,0.6976478670190815,4.696500148282281,66.918676421977,1102,818,-0.0,-85.76297570240573,85.76297570240573,7.077639043537642,B_replication,SPY
russia-x-ukraine-ceasefire-in-2025,2025-07-29,2025-07-30,overnight,-1.0,10.704615578362995,own,-0.7383173736795312,4.220130288127139,4.220130288127139,89.25019889162563,143,125,0.7383173736795312,-113.77253506254657,115.24916980990564,7.11937884509561,B_replication,SPY
will-china-invade-taiwan-before-2027,2025-07-29,2025-07-30,overnight,-0.0,10.704615578362995,pooled,0.9570835502018582,0.6975649771376277,4.683177962805699,66.83795276694701,1105,820,-0.0,-85.6595202661193,85.6595202661193,7.11937884509561,B_replication,SPY
russia-x-ukraine-ceasefire-in-2025,2025-07-30,2025-07-31,overnight,1.0,78.2518242998309,own,-0.7515352758077585,4.213243810027375,4.213243810027375,88.94148747099108,144,126,-0.7515352758077585,-114.86676828192252,113.36369773030701,7.129086164770522,B_replication,SPY
will-china-invade-taiwan-before-2027,2025-07-30,2025-07-31,overnight,-0.0,78.2518242998309,pooled,0.9565004483354758,0.6974641032530011,4.684416571096437,66.74979598181474,1108,821,-0.0,-85.54653853029377,85.54653853029377,7.129086164770522,B_replication,SPY
russia-x-ukraine-ceasefire-in-2025,2025-07-31,2025-08-01,overnight,-1.0,-89.71944870800996,own,-0.6468950644492968,4.216534538960976,4.216534538960976,88.8759816156916,145,127,0.6468950644492968,-113.38467952629235,114.67846965519094,7.321136762794987,B_replication,SPY
will-china-invade-taiwan-before-2027,2025-07-31,2025-08-01,overnight,-0.0,-89.71944870800996,pooled,0.9679965562285222,0.6986006072772123,4.709694948292199,66.78053624892708,1111,823,-0.0,-85.58593525662495,85.58593525662495,7.321136762794987,B_replication,SPY
russia-x-ukraine-ceasefire-in-2025,2025-08-01,2025-08-04,weekend,-3.0,63.69529201717627,own,-0.5273628636920754,4.221445650854593,4.221445650854593,88.88592650609691,146,128,1.5820885910762263,-113.48456269396442,116.64873987611688,7.059806640342191,B_replication,SPY
will-china-invade-taiwan-before-2027,2025-08-01,2025-08-04,weekend,-0.0,63.69529201717627,pooled,0.9812062526286621,0.6999614115770693,4.741073968166906,66.84945247935738,1114,825,-0.0,-85.67425829754443,85.67425829754443,7.059806640342191,B_replication,SPY
russia-x-ukraine-ceasefire-in-2025,2025-08-04,2025-08-05,overnight,0.0,11.09192032831885,own,-0.7709440535983502,4.157967667611587,4.157967667611587,88.72827965694789,147,129,-0.0,-113.71416320834442,113.71416320834442,7.2119162698233925,B_replication,SPY
will-china-invade-taiwan-before-2027,2025-08-04,2025-08-05,overnight,-0.0,11.09192032831885,pooled,0.972798381981923,0.6987482891013722,4.772459092246645,66.8433178361849,1117,827,-0.0,-85.66639613885457,85.66639613885457,7.2119162698233925,B_replication,SPY
russia-x-ukraine-ceasefire-in-2025,2025-08-05,2025-08-06,overnight,1.0,16.719745222928406,own,-0.7709440535983502,4.157967667611587,4.157967667611587,88.43070010074558,148,129,-0.7709440535983502,-114.22894011015258,112.68705200295587,7.22230913783722,B_replication,SPY
will-china-invade-taiwan-before-2027,2025-08-05,2025-08-06,overnight,-0.0,16.719745222928406,pooled,0.972798381981923,0.6987482891013722,4.772459092246645,66.75612593581509,1120,827,-0.0,-85.55465099934062,85.55465099934062,7.22230913783722,B_replication,SPY
russia-x-ukraine-ceasefire-in-2025,2025-08-06,2025-08-07,overnight,2.5,56.427521456683394,own,-0.7481102555872187,4.1539918303175725,4.1539918303175725,88.1431524036931,149,130,-1.8702756389680466,-115.61589017332614,111.87533889539003,7.2476807391331,B_replication,SPY
will-china-invade-taiwan-before-2027,2025-08-06,2025-08-07,overnight,-0.0,56.427521456683394,pooled,0.9735849557286905,0.6987993690817169,4.770306915095413,66.6722145551158,1123,828,-0.0,-85.44711017383642,85.44711017383642,7.2476807391331,B_replication,SPY
russia-x-ukraine-ceasefire-in-2025,2025-08-07,2025-08-08,overnight,1.5,27.834888502293875,own,-0.5593831688418273,4.13684919730834,4.13684919730834,87.97555311472624,150,131,-0.839074753262741,-113.86866305879342,112.19051355226794,7.3787105101390065,B_replication,SPY
will-china-invade-taiwan-before-2027,2025-08-07,2025-08-08,overnight,-0.0,27.834888502293875,pooled,0.9830940481986936,0.6996345029794715,4.767172496890542,66.64445872167886,1126,830,-0.0,-85.41153829770363,85.41153829770363,7.3787105101390065,B_replication,SPY
russia-x-ukraine-ceasefire-in-2025,2025-08-08,2025-08-11,weekend,0.0,5.02244404683605,own,-0.5038493471719305,4.128689179318916,4.128689179318916,87.71297135304822,151,132,-0.0,-112.4129440860666,112.4129440860666,7.433067050419313,B_replication,SPY
will-china-invade-taiwan-before-2027,2025-08-08,2025-08-11,weekend,1.0,5.02244404683605,pooled,0.9850681874738105,0.6997763018965711,4.762218339801959,66.57072246996988,1129,831,0.9850681874738105,-84.54999321857184,86.52012959351947,7.433067050419313,B_replication,SPY
russia-x-ukraine-ceasefire-in-2025,2025-08-11,2025-08-12,overnight,-1.5,38.689586839248946,own,-0.5038493471719305,4.128689179318915,4.128689179318915,87.42300402254834,152,132,0.7557740207578958,-111.56632384400818,113.07787188552398,7.426678473554692,B_replication,SPY
will-china-invade-taiwan-before-2027,2025-08-11,2025-08-12,overnight,-0.0,38.689586839248946,pooled,0.9852697522063795,0.6997619050004802,4.762216224295154,66.4828176228681,1132,832,-0.0,-85.20437906546776,85.20437906546776,7.426678473554692,B_replication,SPY
russia-x-ukraine-ceasefire-in-2025,2025-08-12,2025-08-13,overnight,1.0,35.323042449892924,own,-0.5771042158268859,4.111282809262075,4.111282809262075,87.18910302738891,153,133,-0.5771042158268859,-112.4428163930415,111.28860796138771,7.50931171152569,B_replication,SPY
will-china-invade-taiwan-before-2027,2025-08-12,2025-08-13,overnight,-0.0,35.323042449892924,pooled,0.981284145292323,0.6992270679472461,4.7617389334390925,66.42566026202789,1135,834,-0.0,-85.13112619181494,85.13112619181494,7.50931171152569,B_replication,SPY
russia-x-ukraine-ceasefire-in-2025,2025-08-13,2025-08-14,overnight,-1.0,-32.40913038084603,own,-0.5309452358645332,4.109386915611383,4.109386915611383,86.95209393224903,154,134,0.5309452358645332,-111.03123939949252,112.09312987122159,7.582634376038082,B_replication,SPY
will-china-invade-taiwan-before-2027,2025-08-13,2025-08-14,overnight,-0.0,-32.40913038084603,pooled,0.9847123782808973,0.6995430664389861,4.765145669474938,66.36187070541715,1138,836,-0.0,-85.04937349606261,85.04937349606261,7.582634376038082,B_replication,SPY
russia-x-ukraine-ceasefire-in-2025,2025-08-14,2025-08-15,overnight,3.0,16.28058424039347,own,-0.4886465833872161,4.107184209573946,4.107184209573946,86.70990787539009,155,135,-1.4659397501616485,-113.70972902405931,110.77784952373601,7.477485126019982,B_replication,SPY
will-china-invade-taiwan-before-2027,2025-08-14,2025-08-15,overnight,1.0,16.28058424039347,pooled,0.9862808018975056,0.6996847437380617,4.761397264254019,66.2949287692265,1141,837,0.9862808018975056,-84.19615268175227,86.16871428554728,7.477485126019982,B_replication,SPY
russia-x-ukraine-ceasefire-in-2025,2025-08-15,2025-08-18,weekend,-1.0,-9.014049484024069,own,-0.42106223305822166,4.063272370890917,4.063272370890917,86.44136524763735,156,136,0.42106223305822166,-110.48451585665859,111.32664032277503,7.500570176145088,B_replication,SPY
will-china-invade-taiwan-before-2027,2025-08-15,2025-08-18,weekend,-0.0,-9.014049484024069,pooled,0.988176012618304,0.6994941017604157,4.746744484805875,66.21255771165856,1144,840,-0.0,-84.85801396326161,84.85801396326161,7.500570176145088,B_replication,SPY
russia-x-ukraine-ceasefire-in-2025,2025-08-18,2025-08-19,overnight,-2.5,-2.3318357765789166,own,-0.40910012628537556,4.058743227936622,4.058743227936622,86.16717132024988,157,137,1.022750315713439,-110.17213420388417,112.21763483531105,7.457375878864784,B_replication,SPY
will-china-invade-taiwan-before-2027,2025-08-18,2025-08-19,overnight,-0.5,-2.3318357765789166,pooled,0.9885763520827607,0.6995023748100438,4.745703821728255,66.12733245947987,1147,841,-0.49428817604138037,-85.29762096048054,84.30904460839778,7.457375878864784,B_replication,SPY
russia-x-ukraine-ceasefire-in-2025,2025-08-19,2025-08-20,overnight,-2.0,-5.783328383638375,own,-0.3985511134165317,4.025908767290549,4.025908767290549,85.89272917550133,158,138,0.7971022268330634,-109.76563687471312,111.35984132837925,7.43183880498102,B_replication,SPY
will-china-invade-taiwan-before-2027,2025-08-19,2025-08-20,overnight,-1.0,-5.783328383638375,pooled,0.9886505768592174,0.6992601693212064,4.744227212688758,66.04099255161877,1150,844,-0.9886505768592174,-85.84489917510292,83.8675980213845,7.43183880498102,B_replication,SPY
russia-x-ukraine-ceasefire-in-2025,2025-08-20,2025-08-21,overnight,-12.0,-27.897062972134236,own,-0.3820794473077171,4.005913574005223,4.005913574005223,85.62207772134705,159,139,4.584953367692605,-121.25979853912469,130.4297052745099,7.397454154880534,B_replication,SPY
will-china-invade-taiwan-before-2027,2025-08-20,2025-08-21,overnight,1.0,-27.897062972134236,pooled,0.9892690759118627,0.6991447620638745,4.742784389567753,65.95541227922253,1153,846,0.9892690759118627,-83.75744948168942,85.73598763351315,7.397454154880534,B_replication,SPY
russia-x-ukraine-ceasefire-in-2025,2025-08-21,2025-08-22,overnight,2.5,34.29938009377187,own,0.031265405373005706,3.417579768450583,3.417579768450583,85.38533141956553,160,140,0.07816351343251426,-109.89815628382674,110.05448331069177,7.305859387249872,B_replication,SPY
will-china-invade-taiwan-before-2027,2025-08-21,2025-08-22,overnight,-0.0,34.29938009377187,pooled,0.9973575870735917,0.6947838453861437,4.708314176841442,65.8819768224112,1156,848,-0.0,-84.4343414956022,84.4343414956022,7.305859387249872,B_replication,SPY
russia-x-ukraine-ceasefire-in-2025,2025-08-22,2025-08-25,weekend,-2.0,-19.061788088707843,own,0.121392391362838,3.3989765287122085,3.3989765287122085,85.16078534401443,161,141,-0.242784782725676,-109.7320227096017,109.24645314415034,7.375730450338368,B_replication,SPY
will-china-invade-taiwan-before-2027,2025-08-22,2025-08-25,weekend,-0.0,-19.061788088707843,pooled,1.0029393617523745,0.6951634069965611,4.7086936306871205,65.81821105756525,1159,850,-0.0,-84.35261929137563,84.35261929137563,7.375730450338368,B_replication,SPY
russia-x-ukraine-ceasefire-in-2025,2025-08-25,2025-08-26,overnight,0.0,-4.202530857471132,own,0.16087626926681325,3.3859555869231484,3.3859555869231484,84.90879895205872,162,142,0.0,-108.81911673695846,108.81911673695846,7.307475238963893,B_replication,SPY
will-china-invade-taiwan-before-2027,2025-08-25,2025-08-26,overnight,0.5,-4.202530857471132,pooled,1.0046267566658458,0.6952106621124265,4.705748043307403,65.73978594227674,1162,851,0.5023133783329229,-83.80374145371822,84.80836821038407,7.307475238963893,B_replication,SPY
russia-x-ukraine-ceasefire-in-2025,2025-08-26,2025-08-27,overnight,0.0,-8.68042100041766,own,0.16087626926681325,3.3859555869231484,3.3859555869231484,84.6469730567319,163,142,0.0,-108.4835606695076,108.4835606695076,7.277835738286379,B_replication,SPY
will-china-invade-taiwan-before-2027,2025-08-26,2025-08-27,overnight,-0.5,-8.68042100041766,pooled,1.0045103918346678,0.6951882961166783,4.705744739085861,65.65539098898424,1165,852,-0.5022551959173339,-84.7002186779062,83.69570828607154,7.277835738286379,B_replication,SPY
russia-x-ukraine-ceasefire-in-2025,2025-08-27,2025-08-28,overnight,1.0,9.588320806657167,own,0.16087626926681325,3.3859555869231484,3.3859555869231484,84.38965923301927,164,142,0.16087626926681325,-108.07993140934593,108.40168394787955,7.236847065156145,B_replication,SPY
will-china-invade-taiwan-before-2027,2025-08-27,2025-08-28,overnight,-0.0,9.588320806657167,pooled,1.0044855479109702,0.6951672376110629,4.703485463030509,65.57242703518371,1168,854,-0.0,-84.03762248829145,84.03762248829145,7.236847065156145,B_replication,SPY
russia-x-ukraine-ceasefire-in-2025,2025-08-28,2025-08-29,overnight,-0.5,-21.883524172047196,own,0.17075569765286538,3.382679173973448,3.382679173973448,84.1351975663805,165,143,-0.08537784882643269,-107.93483229961318,107.7640766019603,7.242871336056662,B_replication,SPY
will-china-invade-taiwan-before-2027,2025-08-28,2025-08-29,overnight,-0.0,-21.883524172047196,pooled,1.0046605707236107,0.6951415497160841,4.700352675718279,65.49005102583446,1171,856,-0.0,-83.93204939470945,83.93204939470945,7.242871336056662,B_replication,SPY
russia-x-ukraine-ceasefire-in-2025,2025-08-29,2025-09-02,holiday,-7.0,-116.89197569142996,own,0.18217431804219003,3.3822607177435255,3.3822607177435255,83.8970146373302,166,144,-1.2752202262953303,-112.99703255809584,110.44659210550518,7.168442727432886,B_replication,SPY
will-china-invade-taiwan-before-2027,2025-08-29,2025-09-02,holiday,1.0,-116.89197569142996,pooled,1.0067008798267136,0.6952839727634493,4.701789929374109,65.415055580796,1174,858,1.0067008798267136,-83.04551188298835,85.05891364264177,7.168442727432886,B_replication,SPY
russia-x-ukraine-ceasefire-in-2025,2025-09-02,2025-09-03,overnight,1.0,36.54365717676633,own,0.9886688753475636,3.34648349874144,3.34648349874144,84.10053936944638,167,145,0.9886688753475636,-106.8798785029581,108.85721625365322,6.852230955762038,B_replication,SPY
will-china-invade-taiwan-before-2027,2025-09-02,2025-09-03,overnight,-0.0,36.54365717676633,pooled,1.0300534825076215,0.6971714239620272,4.587758814649317,65.59119502719074,1177,861,-0.0,-84.06167554684765,84.06167554684765,6.852230955762038,B_replication,SPY
russia-x-ukraine-ceasefire-in-2025,2025-09-03,2025-09-04,overnight,0.0,12.118575601267612,own,1.0240645829647057,3.3445942960557606,3.3445942960557606,83.89344605483686,168,146,0.0,-107.51784046387893,107.51784046387893,6.927717632595099,B_replication,SPY
will-china-invade-taiwan-before-2027,2025-09-03,2025-09-04,overnight,0.5,12.118575601267612,pooled,1.0318052147607024,0.6973400291930233,4.585841093515162,65.53314303014945,1180,862,0.5159026073803512,-83.52276681858943,84.55457203335014,6.927717632595099,B_replication,SPY
will-the-supreme-court-rule-in-favor-of-trumps-tariffs,2025-09-03,2025-09-04,overnight,-10.5,12.118575601267612,pooled,1.0318052147607024,0.6973400291930233,4.585841093515162,65.53314303014945,1180,862,-10.833954754987376,-115.05525187103412,93.38734236105937,6.927717632595099,B_replication,SPY
russia-x-ukraine-ceasefire-in-2025,2025-09-04,2025-09-05,overnight,-1.0,38.36730920353082,own,1.0240645829647057,3.3445942960557606,3.3445942960557606,83.64861590749389,169,146,-1.0240645829647057,-108.31379055044769,106.26566138451827,6.945254314921697,B_replication,SPY
will-china-invade-taiwan-before-2027,2025-09-04,2025-09-05,overnight,4.5,38.36730920353082,pooled,1.0208111337509551,0.6921205229228632,4.585360894516593,65.42825761380335,1184,865,4.593650101879298,-83.33031188234378,92.51761208610239,6.945254314921697,B_replication,SPY
will-the-supreme-court-rule-in-favor-of-trumps-tariffs,2025-09-04,2025-09-05,overnight,7.0,38.36730920353082,pooled,1.0208111337509551,0.6921205229228632,4.585360894516593,65.42825761380335,1184,865,7.145677936256686,-86.25393332669071,100.54528919920409,6.945254314921697,B_replication,SPY
russia-x-ukraine-ceasefire-in-2025,2025-09-05,2025-09-08,weekend,-2.0,21.785819131348028,own,0.9848886766628702,3.3398021236638566,3.3398021236638566,83.45573945115297,170,147,-1.9697773533257403,-109.26869067049749,105.32913596384601,7.051052479529809,B_replication,SPY
us-x-venezuela-military-engagement-by-december-31-391-819-722-945-174-285-817-971-353-859-836-598-255-382-192-983,2025-09-05,2025-09-08,weekend,-5.0,21.785819131348028,pooled,1.0369999390501077,0.6915678280824633,4.587430570708295,65.35102075740085,1188,868,-5.184999695250538,-93.94788750680398,83.5778881163029,7.051052479529809,B_replication,SPY
will-china-invade-taiwan-before-2027,2025-09-05,2025-09-08,weekend,-4.0,21.785819131348028,pooled,1.0369999390501077,0.6915678280824633,4.587430570708295,65.35102075740085,1188,868,-4.147999756200431,-91.14087256600187,82.844873053601,7.051052479529809,B_replication,SPY
will-the-supreme-court-rule-in-favor-of-trumps-tariffs,2025-09-05,2025-09-08,weekend,-4.0,21.785819131348028,pooled,1.0369999390501077,0.6915678280824633,4.587430570708295,65.35102075740085,1188,868,-4.147999756200431,-91.14087256600187,82.844873053601,7.051052479529809,B_replication,SPY
russia-x-ukraine-ceasefire-in-2025,2025-09-08,2025-09-09,overnight,-0.5,2.6202219482129863,own,0.9378245924931351,3.324499077457769,3.324499077457769,83.22978496462468,171,148,-0.46891229624656755,-107.15747595006304,106.2196513575699,7.1128075786572955,B_replication,SPY
us-x-venezuela-military-engagement-by-december-31-391-819-722-945-174-285-817-971-353-859-836-598-255-382-192-983,2025-09-08,2025-09-09,overnight,-2.0,2.6202219482129863,pooled,1.0179883845907578,0.6872896139363774,4.589422321767428,65.2338097278688,1193,872,-2.0359767691815156,-86.46318116100697,82.39122762264394,7.1128075786572955,B_replication,SPY
will-china-invade-taiwan-before-2027,2025-09-08,2025-09-09,overnight,-0.0,2.6202219482129863,pooled,1.0179883845907578,0.6872896139363774,4.589422321767428,65.2338097278688,1193,872,-0.0,-83.60365054723667,83.60365054723667,7.1128075786572955,B_replication,SPY
will-the-supreme-court-rule-in-favor-of-trumps-tariffs,2025-09-08,2025-09-09,overnight,-3.0,2.6202219482129863,pooled,1.0179883845907578,0.6872896139363774,4.589422321767428,65.2338097278688,1193,872,-3.0539651537722734,-88.49945018465222,82.39151987710768,7.1128075786572955,B_replication,SPY
russia-x-ukraine-ceasefire-in-2025,2025-09-09,2025-09-10,overnight,-2.0,50.58970061353474,own,0.9362949394877083,3.3235815162474873,3.3235815162474873,82.98640233439824,172,149,-1.8725898789754165,-108.56860127043744,104.8234215124866,7.0940572212681285,B_replication,SPY
us-x-venezuela-military-engagement-by-december-31-391-819-722-945-174-285-817-971-353-859-836-598-255-382-192-983,2025-09-09,2025-09-10,overnight,1.5,50.58970061353474,pooled,1.0164522359321428,0.6866101704026989,4.585210727671451,65.09795999067023,1198,876,1.5246783538982143,-82.36922130504516,85.41857801284158,7.0940572212681285,B_replication,SPY
will-china-invade-taiwan-before-2027,2025-09-09,2025-09-10,overnight,1.0,50.58970061353474,pooled,1.0164522359321428,0.6866101704026989,4.585210727671451,65.09795999067023,1198,876,1.0164522359321428,-82.61979119137182,84.65269566323612,7.0940572212681285,B_replication,SPY
will-the-supreme-court-rule-in-favor-of-trumps-tariffs,2025-09-09,2025-09-10,overnight,0.5,50.58970061353474,pooled,1.0164522359321428,0.6866101704026989,4.585210727671451,65.09795999067023,1198,876,0.5082261179660714,-82.97304186125835,83.9894940971905,7.0940572212681285,B_replication,SPY
russia-x-ukraine-ceasefire-in-2025,2025-09-10,2025-09-11,overnight,1.0,29.97431867836964,own,0.8327935032509436,3.3076475171495017,3.3076475171495017,82.84106667394427,173,150,0.8327935032509436,-105.42091207552141,107.0864990820233,7.274837118991598,B_replication,SPY
us-x-venezuela-military-engagement-by-december-31-391-819-722-945-174-285-817-971-353-859-836-598-255-382-192-983,2025-09-10,2025-09-11,overnight,2.5,29.97431867836964,pooled,1.018544283658692,0.6866125478344147,4.591191764987063,65.04370375558538,1203,880,2.5463607091467297,-82.10162059244092,87.19434201073437,7.274837118991598,B_replication,SPY
will-china-invade-taiwan-before-2027,2025-09-10,2025-09-11,overnight,1.0,29.97431867836964,pooled,1.018544283658692,0.6866125478344147,4.591191764987063,65.04370375558538,1203,880,1.018544283658692,-82.54887571524115,84.58596428255855,7.274837118991598,B_replication,SPY
will-the-supreme-court-rule-in-favor-of-trumps-tariffs,2025-09-10,2025-09-11,overnight,-0.5,29.97431867836964,pooled,1.018544283658692,0.6866125478344147,4.591191764987063,65.04370375558538,1203,880,-0.509272141829346,-83.92118354177464,82.90263925811595,7.274837118991598,B_replication,SPY
russia-x-ukraine-ceasefire-in-2025,2025-09-11,2025-09-12,overnight,-1.0,-0.1520658140841124,own,0.8615114388755989,3.3054281112162993,3.3054281112162993,82.63097405109669,174,151,-0.8615114388755989,-106.8460634960375,105.12304061828631,7.368791926770479,B_replication,SPY
us-x-venezuela-military-engagement-by-december-31-391-819-722-945-174-285-817-971-353-859-836-598-255-382-192-983,2025-09-11,2025-09-12,overnight,3.0,-0.1520658140841124,pooled,1.019135358602154,0.6860857048635792,4.532641176521231,64.93723201690888,1208,885,3.0574060758064623,-81.97120168497338,88.08601383658632,7.368791926770479,B_replication,SPY
will-china-invade-taiwan-before-2027,2025-09-11,2025-09-12,overnight,-0.5,-0.1520658140841124,pooled,1.019135358602154,0.6860857048635792,4.532641176521231,64.93723201690888,1208,885,-0.509567679301077,-83.78379287059056,82.76465751198842,7.368791926770479,B_replication,SPY
will-the-supreme-court-rule-in-favor-of-trumps-tariffs,2025-09-11,2025-09-12,overnight,-1.5,-0.1520658140841124,pooled,1.019135358602154,0.6860857048635792,4.532641176521231,64.93723201690888,1208,885,-1.5287030379032311,-85.2071728399721,82.14976676416565,7.368791926770479,B_replication,SPY
russia-x-ukraine-ceasefire-in-2025,2025-09-12,2025-09-15,weekend,0.0,33.76836725381027,own,0.8608129937613566,3.3020063330162457,3.3020063330162457,82.3932041187884,175,152,0.0,-105.59513039863923,105.59513039863923,7.337790864359702,B_replication,SPY
us-x-venezuela-military-engagement-by-december-31-391-819-722-945-174-285-817-971-353-859-836-598-255-382-192-983,2025-09-12,2025-09-15,weekend,2.5,33.76836725381027,pooled,1.018507303558116,0.6855630189175662,4.531822222668821,64.8032311506419,1213,890,2.54626825889529,-81.76526221281273,86.85779873060332,7.337790864359702,B_replication,SPY
will-china-invade-taiwan-before-2027,2025-09-12,2025-09-15,weekend,-1.5,33.76836725381027,pooled,1.018507303558116,0.6855630189175662,4.531822222668821,64.8032311506419,1213,890,-1.527760955337174,-85.03526653187208,81.97974462119774,7.337790864359702,B_replication,SPY
will-the-supreme-court-rule-in-favor-of-trumps-tariffs,2025-09-12,2025-09-15,weekend,-1.0,33.76836725381027,pooled,1.018507303558116,0.6855630189175662,4.531822222668821,64.8032311506419,1213,890,-1.018507303558116,-84.27316272425608,82.23614811713986,7.337790864359702,B_replication,SPY
russia-x-ukraine-ceasefire-in-2025,2025-09-15,2025-09-16,overnight,-1.0,9.381856699703928,own,0.860812993761357,3.3020063330162457,3.3020063330162457,82.1971037866589,176,152,-0.860812993761357,-106.28958750232523,104.56796151480252,7.446290767436265,B_replication,SPY
us-x-venezuela-military-engagement-by-december-31-391-819-722-945-174-285-817-971-353-859-836-598-255-382-192-983,2025-09-15,2025-09-16,overnight,6.0,9.381856699703928,pooled,1.019628563608763,0.6853362302436603,4.538593244469562,64.70581692358815,1218,894,6.117771381652577,-83.85383995836806,96.0893827216732,7.446290767436265,B_replication,SPY
will-china-invade-taiwan-before-2027,2025-09-15,2025-09-16,overnight,-0.0,9.381856699703928,pooled,1.019628563608763,0.6853362302436603,4.538593244469562,64.70581692358815,1218,894,-0.0,-82.92697496927057,82.92697496927057,7.446290767436265,B_replication,SPY
will-the-supreme-court-rule-in-favor-of-trumps-tariffs,2025-09-15,2025-09-16,overnight,3.0,9.381856699703928,pooled,1.019628563608763,0.6853362302436603,4.538593244469562,64.70581692358815,1218,894,3.0588856908262887,-81.68416768197504,87.80193906362761,7.446290767436265,B_replication,SPY
russia-x-ukraine-ceasefire-in-2025,2025-09-16,2025-09-17,overnight,-1.0,1.2122497840683089,own,0.8507390624178948,3.298261210848178,3.298261210848178,81.96688932777367,177,153,-0.8507390624178948,-105.98451607597957,104.28303795114377,7.454203956039157,B_replication,SPY
us-x-venezuela-military-engagement-by-december-31-391-819-722-945-174-285-817-971-353-859-836-598-255-382-192-983,2025-09-16,2025-09-17,overnight,2.0,1.2122497840683089,pooled,1.0209935279777265,0.6838654591700988,4.538959784077354,64.57542592682755,1223,897,2.041987055955453,-81.53164182418573,85.61561593609665,7.454203956039157,B_replication,SPY
will-china-invade-taiwan-before-2027,2025-09-16,2025-09-17,overnight,-0.0,1.2122497840683089,pooled,1.0209935279777265,0.6838654591700988,4.538959784077354,64.57542592682755,1223,897,-0.0,-82.75986586782219,82.75986586782219,7.454203956039157,B_replication,SPY
will-the-supreme-court-rule-in-favor-of-trumps-tariffs,2025-09-16,2025-09-17,overnight,0.5,1.2122497840683089,pooled,1.0209935279777265,0.6838654591700988,4.538959784077354,64.57542592682755,1223,897,0.5104967639888632,-82.30046356928102,83.32145709725876,7.454203956039157,B_replication,SPY
russia-x-ukraine-ceasefire-in-2025,2025-09-17,2025-09-18,overnight,-1.0,41.111684213721574,own,0.8487120529887755,3.2948056752604065,3.2948056752604065,81.73516341982062,178,154,-0.8487120529887755,-105.68557149293916,103.98814738696161,7.428788833189113,B_replication,SPY
us-x-venezuela-military-engagement-by-december-31-391-819-722-945-174-285-817-971-353-859-836-598-255-382-192-983,2025-09-17,2025-09-18,overnight,-1.5,41.111684213721574,pooled,1.020831121982759,0.6836269761165973,4.536184802642848,64.44376836684167,1228,901,-1.5312466829741385,-84.58147273208954,81.51897936614125,7.428788833189113,B_replication,SPY
will-china-invade-taiwan-before-2027,2025-09-17,2025-09-18,overnight,-0.0,41.111684213721574,pooled,1.020831121982759,0.6836269761165973,4.536184802642848,64.44376836684167,1228,901,-0.0,-82.59113353894429,82.59113353894429,7.428788833189113,B_replication,SPY
will-the-supreme-court-rule-in-favor-of-trumps-tariffs,2025-09-17,2025-09-18,overnight,0.5,41.111684213721574,pooled,1.020831121982759,0.6836269761165973,4.536184802642848,64.44376836684167,1228,901,0.5104155609913795,-82.1318541997007,83.15268532168345,7.428788833189113,B_replication,SPY
russia-x-ukraine-ceasefire-in-2025,2025-09-18,2025-09-19,overnight,0.0,0.7549676873841449,own,0.8075239339539677,3.290190898318187,3.290190898318187,81.5658445273183,179,155,0.0,-104.53478634621115,104.53478634621115,7.56537802775737,B_replication,SPY
us-x-venezuela-military-engagement-by-december-31-391-819-722-945-174-285-817-971-353-859-836-598-255-382-192-983,2025-09-18,2025-09-19,overnight,-0.0,0.7549676873841449,pooled,1.013574104561856,0.6826318912202868,4.513145823604185,64.36805474397829,1233,905,-0.0,-82.49409895988258,82.49409895988258,7.56537802775737,B_replication,SPY
will-china-invade-taiwan-before-2027,2025-09-18,2025-09-19,overnight,-0.0,0.7549676873841449,pooled,1.013574104561856,0.6826318912202868,4.513145823604185,64.36805474397829,1233,905,-0.0,-82.49409895988258,82.49409895988258,7.56537802775737,B_replication,SPY
will-the-supreme-court-rule-in-favor-of-trumps-tariffs,2025-09-18,2025-09-19,overnight,2.5,0.7549676873841449,pooled,1.013574104561856,0.6826318912202868,4.513145823604185,64.36805474397829,1233,905,2.53393526140464,-81.21790896321895,86.28577948602822,7.56537802775737,B_replication,SPY
russia-x-ukraine-ceasefire-in-2025,2025-09-19,2025-09-22,weekend,-1.0,-21.69851124103395,own,0.8075239339539677,3.290190898318187,3.290190898318187,81.3377074460314,180,155,-0.8075239339539677,-105.135179960318,103.52013209241005,7.537872331713859,B_replication,SPY
us-x-venezuela-military-engagement-by-december-31-391-819-722-945-174-285-817-971-353-859-836-598-255-382-192-983,2025-09-19,2025-09-22,weekend,1.0,-21.69851124103395,pooled,1.01336467313163,0.6823801669353741,4.512432909588278,64.23786504064083,1238,907,1.01336467313163,-81.51675331613312,83.54348266239639,7.537872331713859,B_replication,SPY
will-china-invade-taiwan-before-2027,2025-09-19,2025-09-22,weekend,1.0,-21.69851124103395,pooled,1.01336467313163,0.6823801669353741,4.512432909588278,64.23786504064083,1238,907,1.01336467313163,-81.51675331613312,83.54348266239639,7.537872331713859,B_replication,SPY
will-the-supreme-court-rule-in-favor-of-trumps-tariffs,2025-09-19,2025-09-22,weekend,2.0,-21.69851124103395,pooled,1.01336467313163,0.6823801669353741,4.512432909588278,64.23786504064083,1238,907,2.02672934626326,-81.10902885978922,85.16248755231575,7.537872331713859,B_replication,SPY
russia-x-ukraine-ceasefire-in-2025,2025-09-22,2025-09-23,overnight,-1.0,-0.599916011757573,own,0.8280103152308296,3.2876294204942837,3.2876294204942837,81.1263849455853,181,156,-0.8280103152308296,-104.88492433024777,103.22890369978612,7.420268214365719,B_replication,SPY
us-x-venezuela-military-engagement-by-december-31-391-819-722-945-174-285-817-971-353-859-836-598-255-382-192-983,2025-09-22,2025-09-23,overnight,-0.0,-0.599916011757573,pooled,1.0081828627766634,0.6814894529639294,4.494576699752486,64.12451125527555,1243,912,-0.0,-82.18197362476116,82.18197362476116,7.420268214365719,B_replication,SPY
will-china-invade-taiwan-before-2027,2025-09-22,2025-09-23,overnight,-0.0,-0.599916011757573,pooled,1.0081828627766634,0.6814894529639294,4.494576699752486,64.12451125527555,1243,912,-0.0,-82.18197362476116,82.18197362476116,7.420268214365719,B_replication,SPY
will-the-supreme-court-rule-in-favor-of-trumps-tariffs,2025-09-22,2025-09-23,overnight,-0.0,-0.599916011757573,pooled,1.0081828627766634,0.6814894529639294,4.494576699752486,64.12451125527555,1243,912,-0.0,-82.18197362476116,82.18197362476116,7.420268214365719,B_replication,SPY
russia-x-ukraine-ceasefire-in-2025,2025-09-23,2025-09-24,overnight,0.0,19.2994888650988,own,0.8277868576717081,3.2842609446589597,3.2842609446589597,80.90197028780042,182,157,0.0,-103.68396512084503,103.68396512084503,7.38813606602388,B_replication,SPY
us-x-venezuela-military-engagement-by-december-31-391-819-722-945-174-285-817-971-353-859-836-598-255-382-192-983,2025-09-23,2025-09-24,overnight,1.0,19.2994888650988,pooled,1.0081630952586922,0.6814522045613093,4.494584240445844,63.99583463277466,1248,913,1.0081630952586922,-81.21092829986635,83.22725449038374,7.38813606602388,B_replication,SPY
will-china-invade-taiwan-before-2027,2025-09-23,2025-09-24,overnight,3.5,19.2994888650988,pooled,1.0081630952586922,0.6814522045613093,4.494584240445844,63.99583463277466,1248,913,3.5285708334054227,-80.93006151440561,87.98720318121646,7.38813606602388,B_replication,SPY
will-the-supreme-court-rule-in-favor-of-trumps-tariffs,2025-09-23,2025-09-24,overnight,-0.0,19.2994888650988,pooled,1.0081630952586922,0.6814522045613093,4.494584240445844,63.99583463277466,1248,913,-0.0,-82.01706166536401,82.01706166536401,7.38813606602388,B_replication,SPY
russia-x-ukraine-ceasefire-in-2025,2025-09-24,2025-09-25,overnight,0.0,-46.89580055669662,own,0.8277868576717081,3.2842609446589597,3.2842609446589597,80.69208815157384,183,157,0.0,-103.41498017505704,103.41498017505704,7.435667402013803,B_replication,SPY
us-x-venezuela-military-engagement-by-december-31-391-819-722-945-174-285-817-971-353-859-836-598-255-382-192-983,2025-09-24,2025-09-25,overnight,1.0,-46.89580055669662,pooled,1.010736287443414,0.6812440031079174,4.485876937263263,63.87880185853717,1253,916,1.010736287443414,-81.05795264411294,83.07942521899976,7.435667402013803,B_replication,SPY
will-china-invade-taiwan-before-2027,2025-09-24,2025-09-25,overnight,-0.0,-46.89580055669662,pooled,1.010736287443414,0.6812440031079174,4.485876937263263,63.87880185853717,1253,916,-0.0,-81.86707246190124,81.86707246190124,7.435667402013803,B_replication,SPY
will-the-supreme-court-rule-in-favor-of-trumps-tariffs,2025-09-24,2025-09-25,overnight,-0.0,-46.89580055669662,pooled,1.010736287443414,0.6812440031079174,4.485876937263263,63.87880185853717,1253,916,-0.0,-81.86707246190124,81.86707246190124,7.435667402013803,B_replication,SPY
russia-x-ukraine-ceasefire-in-2025,2025-09-25,2025-09-26,overnight,1.0,23.710008359296708,own,0.8277868576717077,3.2842609446589597,3.2842609446589597,80.54595126529831,184,157,0.8277868576717077,-102.48568184579243,104.14125556113585,7.219723570699373,B_replication,SPY
us-x-venezuela-military-engagement-by-december-31-391-819-722-945-174-285-817-971-353-859-836-598-255-382-192-983,2025-09-25,2025-09-26,overnight,0.5,23.710008359296708,pooled,1.0084184538893375,0.6809566089335386,4.4858333013778156,63.82079780947741,1258,917,0.5042092269446687,-81.33902072593722,82.34743917982655,7.219723570699373,B_replication,SPY
will-china-invade-taiwan-before-2027,2025-09-25,2025-09-26,overnight,3.0,23.710008359296708,pooled,1.0084184538893375,0.6809566089335386,4.4858333013778156,63.82079780947741,1258,917,3.0252553616680125,-80.56610167060484,86.61661239394087,7.219723570699373,B_replication,SPY
will-the-supreme-court-rule-in-favor-of-trumps-tariffs,2025-09-25,2025-09-26,overnight,-1.0,23.710008359296708,pooled,1.0084184538893375,0.6809566089335386,4.4858333013778156,63.82079780947741,1258,917,-1.0084184538893375,-83.00294826504555,80.98611135726688,7.219723570699373,B_replication,SPY
russia-x-ukraine-ceasefire-in-2025,2025-09-26,2025-09-29,weekend,0.5,39.440876463920915,own,0.8501819851506655,3.2817996825074163,3.2817996825074163,80.34447175822811,185,158,0.4250909925753327,-102.56585664911718,103.41603863426785,7.2850057749297665,B_replication,SPY
us-x-venezuela-military-engagement-by-december-31-391-819-722-945-174-285-817-971-353-859-836-598-255-382-192-983,2025-09-26,2025-09-29,weekend,-9.0,39.440876463920915,pooled,1.0118826994788408,0.6809547933342649,4.484517474540793,63.71075497639682,1263,921,-9.106944295309567,-105.76408248387685,87.55019389325773,7.2850057749297665,B_replication,SPY
will-china-invade-taiwan-before-2027,2025-09-26,2025-09-29,weekend,-2.0,39.440876463920915,pooled,1.0118826994788408,0.6809547933342649,4.484517474540793,63.71075497639682,1263,921,-2.0237653989576816,-84.48059758686723,80.43306678895188,7.2850057749297665,B_replication,SPY
will-the-supreme-court-rule-in-favor-of-trumps-tariffs,2025-09-26,2025-09-29,weekend,2.0,39.440876463920915,pooled,1.0118826994788408,0.6809547933342649,4.484517474540793,63.71075497639682,1263,921,2.0237653989576816,-80.43306678895188,84.48059758686723,7.2850057749297665,B_replication,SPY
russia-x-ukraine-ceasefire-in-2025,2025-09-29,2025-09-30,overnight,0.0,-10.246982414371386,own,0.8692699428176643,3.2817189026394797,3.2817189026394797,80.17834651737401,186,159,0.0,-102.75656889666654,102.75656889666654,7.411803372283833,B_replication,SPY
us-x-venezuela-military-engagement-by-december-31-391-819-722-945-174-285-817-971-353-859-836-598-255-382-192-983,2025-09-29,2025-09-30,overnight,-8.0,-10.246982414371386,pooled,0.9913928108183009,0.6759625310861153,4.482650176794888,63.637893446427874,1268,925,-7.931142486546407,-101.54767800894192,85.6853930358491,7.411803372283833,B_replication,SPY
will-china-invade-taiwan-before-2027,2025-09-29,2025-09-30,overnight,-0.5,-10.246982414371386,pooled,0.9913928108183009,0.6759625310861153,4.482650176794888,63.637893446427874,1268,925,-0.49569640540915044,-82.10458934711734,81.11319653629904,7.411803372283833,B_replication,SPY
will-the-supreme-court-rule-in-favor-of-trumps-tariffs,2025-09-29,2025-09-30,overnight,-1.5,-10.246982414371386,pooled,0.9913928108183009,0.6759625310861153,4.482650176794888,63.637893446427874,1268,925,-1.4870892162274514,-83.49940927008113,80.52523083762624,7.411803372283833,B_replication,SPY
russia-x-ukraine-ceasefire-in-2025,2025-09-30,2025-10-01,overnight,-1.0,-44.13685427331893,own,0.8692699428176643,3.2817189026394797,3.2817189026394797,79.96605267461128,187,159,-0.8692699428176643,-103.44002849385781,101.70148860822248,7.342444433608833,B_replication,SPY
us-x-venezuela-military-engagement-by-december-31-391-819-722-945-174-285-817-971-353-859-836-598-255-382-192-983,2025-09-30,2025-10-01,overnight,3.0,-44.13685427331893,pooled,0.9931466398156068,0.6738625995727668,4.2919231463702845,63.515091690151266,1273,928,2.97943991944682,-80.07726133325498,86.03614117214862,7.342444433608833,B_replication,SPY
will-china-invade-taiwan-before-2027,2025-09-30,2025-10-01,overnight,1.0,-44.13685427331893,own,0.6891474146139758,4.405641577498264,4.405641577498264,36.25710830708395,46,20,0.6891474146139758,-46.11974789419216,47.49804272342011,7.342444433608833,B_replication,SPY
will-the-supreme-court-rule-in-favor-of-trumps-tariffs,2025-09-30,2025-10-01,overnight,0.5,-44.13685427331893,pooled,0.9931466398156068,0.6738625995727668,4.2919231463702845,63.515091690151266,1273,928,0.4965733199078034,-80.95081603504526,81.94396267486088,7.342444433608833,B_replication,SPY
russia-x-ukraine-ceasefire-in-2025,2025-10-01,2025-10-02,overnight,-1.0,29.019760362598568,own,0.9115647466597966,3.280217400021287,3.280217400021287,79.81463135694179,188,160,-0.9115647466597966,-103.28834622131009,101.46521672799051,7.181193693728089,B_replication,SPY
us-x-venezuela-military-engagement-by-december-31-391-819-722-945-174-285-817-971-353-859-836-598-255-382-192-983,2025-10-01,2025-10-02,overnight,-1.5,29.019760362598568,pooled,0.9852005312463535,0.6726672206595246,4.325708458869652,63.46554572117134,1277,932,-1.4778007968695304,-83.23922973664226,80.2836281429032,7.181193693728089,B_replication,SPY
will-china-invade-taiwan-before-2027,2025-10-01,2025-10-02,overnight,-0.0,29.019760362598568,own,0.08543022016370093,4.503078349489122,4.503078349489122,36.45673845537661,47,21,-0.0,-46.72295600441066,46.72295600441066,7.181193693728089,B_replication,SPY
will-the-supreme-court-rule-in-favor-of-trumps-tariffs,2025-10-01,2025-10-02,overnight,-0.0,29.019760362598568,pooled,0.9852005312463535,0.6726672206595246,4.325708458869652,63.46554572117134,1277,932,-0.0,-81.33744339625319,81.33744339625319,7.181193693728089,B_replication,SPY
russia-x-ukraine-ceasefire-in-2025,2025-10-02,2025-10-03,overnight,1.0,12.253986281514084,own,0.8823349369827866,3.275917995813204,3.275917995813204,79.63197279474429,189,161,0.8823349369827866,-101.26032259160634,103.02499246557191,7.266367510689361,B_replication,SPY
us-x-venezuela-military-engagement-by-december-31-391-819-722-945-174-285-817-971-353-859-836-598-255-382-192-983,2025-10-02,2025-10-03,overnight,-5.0,12.253986281514084,pooled,0.9815674048673817,0.6721743833922605,4.326960191881292,63.368405341818736,1282,934,-4.907837024336908,-90.7235606501513,80.90788660147747,7.266367510689361,B_replication,SPY
will-china-invade-taiwan-before-2027,2025-10-02,2025-10-03,overnight,1.0,12.253986281514084,own,0.08543022016370064,4.503078349489122,4.503078349489122,36.31436627869005,48,21,0.08543022016370064,-46.811515268549904,46.982375708877306,7.266367510689361,B_replication,SPY
will-the-supreme-court-rule-in-favor-of-trumps-tariffs,2025-10-02,2025-10-03,overnight,1.0,12.253986281514084,pooled,0.9815674048673817,0.6721743833922605,4.326960191881292,63.368405341818736,1282,934,0.9815674048673817,-80.42048900282354,82.3836238125583,7.266367510689361,B_replication,SPY
russia-x-ukraine-ceasefire-in-2025,2025-10-03,2025-10-06,weekend,-0.5,36.462536238381915,own,0.8934292309774515,3.2730139974783174,3.2730139974783174,79.42532992726056,190,162,-0.44671461548872576,-102.25982239317689,101.36639316219943,7.285744428990934,B_replication,SPY
us-x-venezuela-military-engagement-by-december-31-391-819-722-945-174-285-817-971-353-859-836-598-255-382-192-983,2025-10-03,2025-10-06,weekend,-7.5,36.462536238381915,pooled,0.9790771550083511,0.6709677922588738,4.315838334783596,63.25017260524557,1287,938,-7.343078662562633,-98.40274498126279,83.71658765613752,7.285744428990934,B_replication,SPY
will-china-invade-taiwan-before-2027,2025-10-03,2025-10-06,weekend,-0.0,36.462536238381915,own,0.24713860636104792,4.396533306031563,4.396533306031563,35.97642929623322,49,22,-0.0,-46.107391786052496,46.107391786052496,7.285744428990934,B_replication,SPY
will-the-supreme-court-rule-in-favor-of-trumps-tariffs,2025-10-03,2025-10-06,weekend,-0.0,36.462536238381915,pooled,0.9790771550083511,0.6709677922588738,4.315838334783596,63.25017260524557,1287,938,-0.0,-81.06142121088273,81.06142121088273,7.285744428990934,B_replication,SPY
russia-x-ukraine-ceasefire-in-2025,2025-10-06,2025-10-07,overnight,-0.5,14.145535222380712,own,0.875429108639548,3.271565243217318,3.271565243217318,79.26127195445788,191,163,-0.437714554319774,-102.04059118371636,101.16516207507682,7.398657709987029,B_replication,SPY
us-x-venezuela-military-engagement-by-december-31-391-819-722-945-174-285-817-971-353-859-836-598-255-382-192-983,2025-10-06,2025-10-07,overnight,-6.5,14.145535222380712,pooled,0.9641965856221478,0.6676452040555162,4.323305835398359,63.17171534639766,1292,941,-6.2672778065439605,-94.87728386706496,82.34272825397704,7.398657709987029,B_replication,SPY
will-china-invade-taiwan-before-2027,2025-10-06,2025-10-07,overnight,-0.0,14.145535222380712,own,0.24713860636104792,4.396533306031563,4.396533306031563,35.98641548243997,50,22,-0.0,-46.120190082295075,46.120190082295075,7.398657709987029,B_replication,SPY
will-the-supreme-court-rule-in-favor-of-trumps-tariffs,2025-10-06,2025-10-07,overnight,-1.0,14.145535222380712,pooled,0.9641965856221478,0.6676452040555162,4.323305835398359,63.17171534639766,1292,941,-0.9641965856221478,-82.11444261593181,80.18604944468751,7.398657709987029,B_replication,SPY
russia-x-ukraine-ceasefire-in-2025,2025-10-07,2025-10-08,overnight,0.5,16.738152526414307,own,0.8683187967055159,3.270479512971124,3.270479512971124,79.06054984152465,192,164,0.43415939835275796,-100.91151228625574,101.77983108296127,7.424667260921469,B_replication,SPY
us-x-venezuela-military-engagement-by-december-31-391-819-722-945-174-285-817-971-353-859-836-598-255-382-192-983,2025-10-07,2025-10-08,overnight,-2.5,16.738152526414307,own,-2.104215187610988,1.2623165378227745,1.2623165378227745,26.65631547817656,22,20,5.26053796902747,-29.140771062109163,39.6618470001641,7.424667260921469,B_replication,SPY
will-china-invade-taiwan-before-2027,2025-10-07,2025-10-08,overnight,-0.0,16.738152526414307,own,0.24713860636104792,4.396533306031563,4.396533306031563,35.680857341491276,51,22,-0.0,-45.72858676885522,45.72858676885522,7.424667260921469,B_replication,SPY
will-the-supreme-court-rule-in-favor-of-trumps-tariffs,2025-10-07,2025-10-08,overnight,-0.5,16.738152526414307,pooled,0.957431840883814,0.6654783340639714,4.354044307311885,63.057275756812906,1297,945,-0.478715920441907,-81.3410691277599,80.38363728687607,7.424667260921469,B_replication,SPY
russia-x-ukraine-ceasefire-in-2025,2025-10-08,2025-10-09,overnight,2.5,6.8343560105188494,own,0.8762661489492701,3.2699500166798905,3.2699500166798905,78.86317029562629,193,165,2.1906653723731755,-99.42193613176549,103.80326687651184,7.460433333369598,B_replication,SPY
us-x-venezuela-military-engagement-by-december-31-391-819-722-945-174-285-817-971-353-859-836-598-255-382-192-983,2025-10-08,2025-10-09,overnight,-4.0,6.8343560105188494,own,-2.1788906238984755,1.2361991984318563,1.2361991984318563,26.156291741406896,23,21,8.715562495593902,-25.400105040788702,42.8312300319765,7.460433333369598,B_replication,SPY
will-china-invade-taiwan-before-2027,2025-10-08,2025-10-09,overnight,-0.0,6.8343560105188494,own,0.24713860636104792,4.396533306031563,4.396533306031563,35.40697416101836,52,22,-0.0,-45.37757808476113,45.37757808476113,7.460433333369598,B_replication,SPY
will-the-supreme-court-rule-in-favor-of-trumps-tariffs,2025-10-08,2025-10-09,overnight,-0.0,6.8343560105188494,own,0.3177043694714545,2.243846102064528,2.243846102064528,27.743275045554018,25,20,-0.0,-35.55578129838203,35.55578129838203,7.460433333369598,B_replication,SPY
russia-x-ukraine-ceasefire-in-2025,2025-10-09,2025-10-10,overnight,-1.5,14.30338066361836,own,0.8875153995261734,3.2497308208014886,3.2497308208014886,78.6593021436927,194,166,-1.33127309928926,-102.33442442821045,99.67187822963193,7.4580382403212,B_replication,SPY
us-x-venezuela-military-engagement-by-december-31-391-819-722-945-174-285-817-971-353-859-836-598-255-382-192-983,2025-10-09,2025-10-10,overnight,-5.0,14.30338066361836,own,-2.1600903092443833,1.1803644584095139,1.1803644584095139,25.584244996803832,24,22,10.800451546221916,-22.849422620643537,44.450325713087366,7.4580382403212,B_replication,SPY
will-china-invade-taiwan-before-2027,2025-10-09,2025-10-10,overnight,-1.0,14.30338066361836,own,0.24713860636104792,4.396533306031563,4.396533306031563,35.077675676020625,53,22,-0.24713860636104792,-45.55442370891066,45.060146496188565,7.4580382403212,B_replication,SPY
will-the-supreme-court-rule-in-favor-of-trumps-tariffs,2025-10-09,2025-10-10,overnight,1.0,14.30338066361836,own,0.3177043694714545,2.243846102064528,2.243846102064528,27.217091591980772,26,20,0.3177043694714545,-34.68206001877735,35.31746875772026,7.4580382403212,B_replication,SPY
russia-x-ukraine-ceasefire-in-2025,2025-10-10,2025-10-13,weekend,1.0,115.44762750532068,own,0.8648400496162276,3.2416108537414665,3.2416108537414665,78.46432220511058,195,167,0.8648400496162276,-99.78081544578653,101.510495545019,7.484125673336815,B_replication,SPY
us-x-venezuela-military-engagement-by-december-31-391-819-722-945-174-285-817-971-353-859-836-598-255-382-192-983,2025-10-10,2025-10-13,weekend,4.0,115.44762750532068,own,-2.201277012564741,1.0999407130827223,1.0999407130827223,25.055173916103833,25,23,-8.805108050258964,-41.40714937288419,23.79693327236626,7.484125673336815,B_replication,SPY
will-china-invade-taiwan-before-2027,2025-10-10,2025-10-13,weekend,-2.0,115.44762750532068,own,0.056312124131809804,4.370906656010286,4.370906656010286,34.8018634802218,54,23,-0.11262424826361961,-46.10026477404301,45.87501627751577,7.484125673336815,B_replication,SPY
will-the-supreme-court-rule-in-favor-of-trumps-tariffs,2025-10-10,2025-10-13,weekend,-0.0,115.44762750532068,own,0.38171204129821373,2.2615100746704813,2.2615100746704813,26.82848358553541,27,21,-0.0,-34.38338456322218,34.38338456322218,7.484125673336815,B_replication,SPY
russia-x-ukraine-ceasefire-in-2025,2025-10-13,2025-10-14,overnight,0.0,-88.6810949400496,own,0.9755213222128994,3.2443466430215877,3.2443466430215877,78.69143261871498,196,168,0.0,-100.85094004414513,100.85094004414513,7.894009886821949,B_replication,SPY
us-x-venezuela-military-engagement-by-december-31-391-819-722-945-174-285-817-971-353-859-836-598-255-382-192-983,2025-10-13,2025-10-14,overnight,6.0,-88.6810949400496,own,-1.074906605262036,1.6295861089503418,1.6295861089503418,34.60936615126546,26,24,-6.449439631572216,-52.540879960739,39.64200069759456,7.894009886821949,B_replication,SPY
will-china-invade-taiwan-before-2027,2025-10-13,2025-10-14,overnight,-0.0,-88.6810949400496,own,-2.8236941501008204,5.64575627356679,5.64575627356679,37.7321302995881,55,24,0.0,-48.35749819195211,48.35749819195211,7.894009886821949,B_replication,SPY
will-the-supreme-court-rule-in-favor-of-trumps-tariffs,2025-10-13,2025-10-14,overnight,-0.0,-88.6810949400496,own,0.38171204129821373,2.2615100746704813,2.2615100746704813,34.449163036433085,28,21,-0.0,-44.150047347492645,44.150047347492645,7.894009886821949,B_replication,SPY
russia-x-ukraine-ceasefire-in-2025,2025-10-14,2025-10-15,overnight,-1.0,69.76744186046434,own,0.9755213222128994,3.2443466430215877,3.2443466430215877,78.74561673188317,197,168,-0.9755213222128994,-101.98152199257197,100.03047934814617,7.528748522121224,B_replication,SPY
us-x-venezuela-military-engagement-by-december-31-391-819-722-945-174-285-817-971-353-859-836-598-255-382-192-983,2025-10-14,2025-10-15,overnight,10.5,69.76744186046434,own,-2.1087252157405363,1.7784497317437828,1.7784497317437828,37.312183551453394,27,25,-22.14161476527563,-75.61531993520957,31.332090404658313,7.528748522121224,B_replication,SPY
will-china-invade-taiwan-before-2027,2025-10-14,2025-10-15,overnight,-0.0,69.76744186046434,own,-2.8236941501008204,5.645756273566789,5.645756273566789,39.253227794273336,56,24,0.0,-50.30693674114071,50.30693674114071,7.528748522121224,B_replication,SPY
will-the-supreme-court-rule-in-favor-of-trumps-tariffs,2025-10-14,2025-10-15,overnight,-0.0,69.76744186046434,own,0.38171204129821373,2.2615100746704813,2.2615100746704813,37.752221843487135,29,21,-0.0,-48.38324751461312,48.38324751461312,7.528748522121224,B_replication,SPY
russia-x-ukraine-ceasefire-in-2025,2025-10-15,2025-10-16,overnight,1.0,26.162266193541228,own,0.9072530827121253,3.23924956932982,3.23924956932982,78.70689311272795,198,169,0.9072530827121253,-100.04889265510806,101.86339882053232,7.7632575399748145,B_replication,SPY
us-x-venezuela-military-engagement-by-december-31-391-819-722-945-174-285-817-971-353-859-836-598-255-382-192-983,2025-10-15,2025-10-16,overnight,-1.0,26.162266193541228,own,-0.46609526753582187,2.263165402426396,2.263165402426396,39.93477913907244,28,26,0.46609526753582187,-50.79643892196222,51.72862945703386,7.7632575399748145,B_replication,SPY
will-china-invade-taiwan-before-2027,2025-10-15,2025-10-16,overnight,0.5,26.162266193541228,own,-2.8236941501008204,5.645756273566789,5.645756273566789,40.00276106956209,57,24,-1.4118470750504102,-52.80687595986366,49.98318180976284,7.7632575399748145,B_replication,SPY
will-the-supreme-court-rule-in-favor-of-trumps-tariffs,2025-10-15,2025-10-16,overnight,0.5,26.162266193541228,own,0.38171204129821373,2.2615100746704813,2.2615100746704813,39.292862850698185,30,21,0.19085602064910687,-50.187724605916266,50.56943664721448,7.7632575399748145,B_replication,SPY
russia-x-ukraine-ceasefire-in-2025,2025-10-16,2025-10-17,overnight,1.5,-17.407099069097764,own,0.9316011310233608,3.2369868894328238,3.2369868894328238,78.52838000785341,199,170,1.3974016965350413,-99.43676675401491,102.231570147085,7.832322887773487,B_replication,SPY
us-x-venezuela-military-engagement-by-december-31-391-819-722-945-174-285-817-971-353-859-836-598-255-382-192-983,2025-10-16,2025-10-17,overnight,-3.5,-17.407099069097764,own,-0.5097591093812006,2.2630031865798097,2.2630031865798097,39.514196815218256,29,27,1.784156882834202,-49.86458145395953,53.43289521962794,7.832322887773487,B_replication,SPY
will-china-invade-taiwan-before-2027,2025-10-16,2025-10-17,overnight,-0.0,-17.407099069097764,own,-2.652426365823854,5.5872253899354964,5.5872253899354964,39.817641435887175,58,25,0.0,-51.030289264233005,51.030289264233005,7.832322887773487,B_replication,SPY
will-the-supreme-court-rule-in-favor-of-trumps-tariffs,2025-10-16,2025-10-17,overnight,-0.0,-17.407099069097764,own,0.4410752645505386,2.2901124961270676,2.2901124961270676,38.92201019653192,31,22,-0.0,-49.88244826787531,49.88244826787531,7.832322887773487,B_replication,SPY
russia-x-ukraine-ceasefire-in-2025,2025-10-17,2025-10-20,weekend,-2.5,45.158959537572315,own,0.9044662092836308,3.228795779677106,3.228795779677106,78.34214112902423,200,171,-2.261165523209077,-103.1959987404045,98.67366769398636,7.7379346231629,B_replication,SPY
us-x-venezuela-military-engagement-by-december-31-391-819-722-945-174-285-817-971-353-859-836-598-255-382-192-983,2025-10-17,2025-10-20,weekend,19.0,45.158959537572315,own,-0.39794987786765607,2.203311682599614,2.203311682599614,38.986824982883604,30,28,-7.5610476794854655,-80.87570080387398,65.75360544490304,7.7379346231629,B_replication,SPY
will-china-invade-taiwan-before-2027,2025-10-17,2025-10-20,weekend,-1.5,45.158959537572315,own,-2.652426365823854,5.5872253899354964,5.5872253899354964,39.539013374497365,59,25,3.978639548735781,-47.82039229318386,55.777671390655414,7.7379346231629,B_replication,SPY
will-the-supreme-court-rule-in-favor-of-trumps-tariffs,2025-10-17,2025-10-20,weekend,0.5,45.158959537572315,own,0.44107526455053875,2.290112496127067,2.290112496127067,38.41651754555644,32,22,0.22053763227526937,-49.035936870496414,49.47701213504695,7.7379346231629,B_replication,SPY
russia-x-ukraine-ceasefire-in-2025,2025-10-20,2025-10-21,overnight,0.0,2.532512997752701,own,0.7911022956790851,3.206652436204515,3.206652436204515,78.21751572354779,201,172,0.0,-100.24356815129886,100.24356815129886,7.8773572197143515,B_replication,SPY
us-x-venezuela-military-engagement-by-december-31-391-819-722-945-174-285-817-971-353-859-836-598-255-382-192-983,2025-10-20,2025-10-21,overnight,1.0,2.532512997752701,own,0.643568330735513,1.6485786739615944,1.6485786739615944,39.079122390388825,31,29,0.643568330735513,-49.484780437699754,50.77191709917078,7.8773572197143515,B_replication,SPY
will-china-invade-taiwan-before-2027,2025-10-20,2025-10-21,overnight,1.0,2.532512997752701,own,-3.398897423023308,5.631477802137122,5.631477802137122,39.55752225264669,60,26,-3.398897423023308,-54.60697488707248,47.80918004102587,7.8773572197143515,B_replication,SPY
will-the-supreme-court-rule-in-favor-of-trumps-tariffs,2025-10-20,2025-10-21,overnight,-0.0,2.532512997752701,own,0.5436744013206234,2.3461654221174326,2.3461654221174326,38.63606227989121,33,23,-0.0,-49.51597741790858,49.51597741790858,7.8773572197143515,B_replication,SPY
russia-x-ukraine-ceasefire-in-2025,2025-10-21,2025-10-22,overnight,-2.0,10.874908755047484,own,0.7911022956790851,3.206652436204515,3.206652436204515,78.02290666370101,202,172,-1.5822045913581702,-101.91359660473934,98.74918742202301,7.857517411911969,B_replication,SPY
us-x-venezuela-military-engagement-by-december-31-391-819-722-945-174-285-817-971-353-859-836-598-255-382-192-983,2025-10-21,2025-10-22,overnight,7.0,10.874908755047484,own,0.6455303610310382,1.6456224064449427,1.6456224064449427,38.44514257244238,32,30,4.518712527217268,-46.9168081372701,55.95423319170464,7.857517411911969,B_replication,SPY
will-china-invade-taiwan-before-2027,2025-10-21,2025-10-22,overnight,-0.0,10.874908755047484,own,-3.328074612028968,5.535566120466152,5.535566120466152,39.233875241889756,61,27,0.0,-50.28213451000591,50.28213451000591,7.857517411911969,B_replication,SPY
will-the-supreme-court-rule-in-favor-of-trumps-tariffs,2025-10-21,2025-10-22,overnight,-0.5,10.874908755047484,own,0.5436744013206234,2.3461654221174326,2.3461654221174326,38.04871816976152,34,23,-0.2718372006603117,-49.05824496929408,48.51457056797345,7.857517411911969,B_replication,SPY
russia-x-ukraine-ceasefire-in-2025,2025-10-22,2025-10-23,overnight,-2.0,4.9416732805229735,own,0.7673688099036039,3.1931884750015693,3.1931884750015693,77.83445733379784,203,173,-1.5347376198072078,-101.62259865002736,98.55312341041295,7.868676403565576,B_replication,SPY
us-x-venezuela-military-engagement-by-december-31-391-819-722-945-174-285-817-971-353-859-836-598-255-382-192-983,2025-10-22,2025-10-23,overnight,-11.0,4.9416732805229735,own,0.6895070090120726,1.5302932401516034,1.5302932401516034,37.85554086381241,33,31,-7.584577099132799,-60.68056226533607,45.51140806707047,7.868676403565576,B_replication,SPY
will-china-invade-taiwan-before-2027,2025-10-22,2025-10-23,overnight,-0.0,4.9416732805229735,own,-3.328074612028968,5.535566120466152,5.535566120466152,38.93586185253915,62,27,0.0,-49.90020055021417,49.90020055021417,7.868676403565576,B_replication,SPY
will-the-supreme-court-rule-in-favor-of-trumps-tariffs,2025-10-22,2025-10-23,overnight,-1.0,4.9416732805229735,own,0.5182542281035019,2.327216685253021,2.327216685253021,37.53366009457715,35,24,-0.5182542281035019,-48.713768850986504,47.6772603947795,7.868676403565576,B_replication,SPY
russia-x-ukraine-ceasefire-in-2025,2025-10-23,2025-10-24,overnight,1.0,71.91459583401726,own,0.7550766895708302,3.1801646399149597,3.1801646399149597,77.6438356923363,204,174,0.7550766895708302,-98.83669514298617,100.34684852212783,7.857891572603738,B_replication,SPY
us-x-venezuela-military-engagement-by-december-31-391-819-722-945-174-285-817-971-353-859-836-598-255-382-192-983,2025-10-23,2025-10-24,overnight,-12.0,71.91459583401726,own,0.5678660872056603,1.3727846483443138,1.3727846483443138,37.334478892775365,34,32,-6.814393046467924,-59.113044560975865,45.484258468040025,7.857891572603738,B_replication,SPY
will-china-invade-taiwan-before-2027,2025-10-23,2025-10-24,overnight,-1.0,71.91459583401726,own,-3.328074612028968,5.535566120466152,5.535566120466152,38.625685454824435,63,27,3.328074612028968,-46.68037893355258,53.33652815761052,7.857891572603738,B_replication,SPY
will-the-supreme-court-rule-in-favor-of-trumps-tariffs,2025-10-23,2025-10-24,overnight,-0.0,71.91459583401726,own,0.49346454588499344,2.2961020770709437,2.2961020770709437,37.005037194480195,36,25,-0.0,-47.42565566844582,47.42565566844582,7.857891572603738,B_replication,SPY
russia-x-ukraine-ceasefire-in-2025,2025-10-24,2025-10-27,weekend,-1.0,82.99980800756224,own,0.8225424578992933,3.180076195027626,3.180076195027626,77.61321951908464,205,175,-0.8225424578992933,-100.37510484620366,98.73001993040508,8.093048343020088,B_replication,SPY
us-x-venezuela-military-engagement-by-december-31-391-819-722-945-174-285-817-971-353-859-836-598-255-382-192-983,2025-10-24,2025-10-27,weekend,13.0,82.99980800756224,own,-0.17209699606500517,1.5743067167576166,1.5743067167576166,38.917962174721595,35,33,-2.2372609488450674,-58.59072153722441,54.11619963953427,8.093048343020088,B_replication,SPY
will-china-invade-taiwan-before-2027,2025-10-24,2025-10-27,weekend,1.0,82.99980800756224,own,-4.137355098424109,5.709896848868492,5.709896848868492,39.26893576698124,64,28,-4.137355098424109,-54.99366280850059,46.71895261165237,8.093048343020088,B_replication,SPY
will-the-supreme-court-rule-in-favor-of-trumps-tariffs,2025-10-24,2025-10-27,weekend,-0.0,82.99980800756224,own,0.49346454588499344,2.2961020770709437,2.2961020770709437,38.405640614274155,37,25,-0.0,-49.22066901125376,49.22066901125376,8.093048343020088,B_replication,SPY
russia-x-ukraine-ceasefire-in-2025,2025-10-27,2025-10-28,overnight,0.0,27.292098426690004,own,0.7431464356729504,3.1751939757106244,3.1751939757106244,77.64450406873463,206,176,0.0,-99.50919641449032,99.50919641449032,8.367030638793832,B_replication,SPY
us-x-venezuela-military-engagement-by-december-31-391-819-722-945-174-285-817-971-353-859-836-598-255-382-192-983,2025-10-27,2025-10-28,overnight,-1.5,27.292098426690004,own,0.5943438799047648,1.472505105557556,1.472505105557556,40.67738690134319,36,34,-0.8915158198571471,-53.10045215035696,51.31742051064266,8.367030638793832,B_replication,SPY
will-china-invade-taiwan-before-2027,2025-10-27,2025-10-28,overnight,-0.0,27.292098426690004,own,-3.121178269199779,5.493409517557215,5.493409517557215,40.437730940827876,65,29,0.0,-51.824995973765006,51.824995973765006,8.367030638793832,B_replication,SPY
will-the-supreme-court-rule-in-favor-of-trumps-tariffs,2025-10-27,2025-10-28,overnight,-0.0,27.292098426690004,own,0.49346454588499344,2.2961020770709437,2.2961020770709437,40.265579306558706,38,25,-0.0,-51.60436643928564,51.60436643928564,8.367030638793832,B_replication,SPY
russia-x-ukraine-ceasefire-in-2025,2025-10-28,2025-10-29,overnight,-1.0,25.328248275058307,own,0.7431464356729504,3.1751939757106244,3.1751939757106244,77.47915492021004,207,176,-0.7431464356729504,-100.1237795230334,98.6374866516875,8.435999544726398,B_replication,SPY
us-x-venezuela-military-engagement-by-december-31-391-819-722-945-174-285-817-971-353-859-836-598-255-382-192-983,2025-10-28,2025-10-29,overnight,1.0,25.328248275058307,own,0.5651481469145571,1.4744917508313187,1.4744917508313187,40.3821416213414,37,35,0.5651481469145571,-51.22309296464284,52.35338925847196,8.435999544726398,B_replication,SPY
will-china-invade-taiwan-before-2027,2025-10-28,2025-10-29,overnight,-0.0,25.328248275058307,own,-3.121178269199779,5.493409517557215,5.493409517557215,40.26800676805167,66,29,0.0,-51.60747747393502,51.60747747393502,8.435999544726398,B_replication,SPY
will-the-supreme-court-rule-in-favor-of-trumps-tariffs,2025-10-28,2025-10-29,overnight,-0.0,25.328248275058307,own,0.49346454588499344,2.2961020770709437,2.2961020770709437,39.9781463596921,39,25,-0.0,-51.23599237458139,51.23599237458139,8.435999544726398,B_replication,SPY
russia-x-ukraine-ceasefire-in-2025,2025-10-29,2025-10-30,overnight,-2.0,-49.46893641786687,own,0.7184751371532145,3.17132980328319,3.17132980328319,77.31299959187426,208,177,-1.436950274306429,-100.85416762706495,97.9802670784521,8.497336686085632,B_replication,SPY
us-x-venezuela-military-engagement-by-december-31-391-819-722-945-174-285-817-971-353-859-836-598-255-382-192-983,2025-10-29,2025-10-30,overnight,2.0,-49.46893641786687,own,0.5822379330623443,1.4709205425520024,1.4709205425520024,40.0400518944265,38,36,1.1644758661246886,-50.28917349187092,52.6181252241203,8.497336686085632,B_replication,SPY
will-china-invade-taiwan-before-2027,2025-10-29,2025-10-30,overnight,-0.0,-49.46893641786687,own,-3.121178269199779,5.493409517557215,5.493409517557215,40.083213472451085,67,29,0.0,-51.370646386293316,51.370646386293316,8.497336686085632,B_replication,SPY
will-the-supreme-court-rule-in-favor-of-trumps-tariffs,2025-10-29,2025-10-30,overnight,-0.0,-49.46893641786687,own,0.4934645458849932,2.2961020770709433,2.2961020770709433,39.670147415343266,40,25,-0.0,-50.84126092750393,50.84126092750393,8.497336686085632,B_replication,SPY
russia-x-ukraine-ceasefire-in-2025,2025-10-30,2025-10-31,overnight,-1.0,74.85844547393094,own,0.8090374489958927,3.1632557859874013,3.1632557859874013,77.1985281731634,209,178,-0.8090374489958927,-99.8296944428786,98.21161954488682,8.287617897721113,B_replication,SPY
us-x-venezuela-military-engagement-by-december-31-391-819-722-945-174-285-817-971-353-859-836-598-255-382-192-983,2025-10-30,2025-10-31,overnight,-25.5,74.85844547393094,own,0.5125429402419843,1.4783799260290276,1.4783799260290276,40.352166057467706,39,37,-13.0698449761706,-83.84258189511243,57.70289194277123,8.287617897721113,B_replication,SPY
will-china-invade-taiwan-before-2027,2025-10-30,2025-10-31,overnight,-0.0,74.85844547393094,own,-3.121178269199779,5.493409517557215,5.493409517557215,40.239395529099234,68,29,0.0,-51.57080931009358,51.57080931009358,8.287617897721113,B_replication,SPY
will-the-supreme-court-rule-in-favor-of-trumps-tariffs,2025-10-30,2025-10-31,overnight,3.0,74.85844547393094,own,0.4934645458849932,2.2961020770709433,2.2961020770709433,39.94442355090462,41,25,1.4803936376549798,-50.46798992440614,53.428777199716095,8.287617897721113,B_replication,SPY
russia-x-ukraine-ceasefire-in-2025,2025-10-31,2025-11-03,weekend,0.0,53.95973547999144,own,0.7377706885316339,3.1585324870090306,3.1585324870090306,77.19110777037451,210,179,0.0,-98.92812371851198,98.92812371851198,8.527599251636794,B_replication,SPY
us-x-venezuela-military-engagement-by-december-31-391-819-722-945-174-285-817-971-353-859-836-598-255-382-192-983,2025-10-31,2025-11-03,weekend,13.0,53.95973547999144,own,-0.5535078889402761,1.5384600498013525,1.5384600498013525,41.51503069928865,40,38,-7.19560255622359,-66.25354668260087,51.86234157015369,8.527599251636794,B_replication,SPY
will-china-invade-taiwan-before-2027,2025-10-31,2025-11-03,weekend,-0.0,53.95973547999144,own,-3.121178269199779,5.493409517557215,5.493409517557215,40.9610264332131,69,29,0.0,-52.49565147680591,52.49565147680591,8.527599251636794,B_replication,SPY
will-the-supreme-court-rule-in-favor-of-trumps-tariffs,2025-10-31,2025-11-03,weekend,3.5,53.95973547999144,own,1.4537007749311346,2.9141203086568472,2.9141203086568472,41.02207514357203,42,26,5.087952712258971,-49.08658208742369,59.26248751194164,8.527599251636794,B_replication,SPY
russia-x-ukraine-ceasefire-in-2025,2025-11-03,2025-11-04,overnight,-1.0,-105.9486353991368,own,0.7377706885316339,3.1585324870090306,3.1585324870090306,77.09707180178282,211,179,-0.7377706885316339,-99.62826238656096,98.15272100949768,8.690789396135195,B_replication,SPY
us-x-venezuela-military-engagement-by-december-31-391-819-722-945-174-285-817-971-353-859-836-598-255-382-192-983,2025-11-03,2025-11-04,overnight,1.5,-105.9486353991368,own,-0.20362588015128044,1.5074213058685748,1.5074213058685748,42.035171455613316,41,39,-0.30543882022692065,-54.255598455360186,53.64472081490635,8.690789396135195,B_replication,SPY
will-china-invade-taiwan-before-2027,2025-11-03,2025-11-04,overnight,-1.0,-105.9486353991368,own,-3.121178269199779,5.493409517557215,5.493409517557215,41.178726696624025,70,29,3.121178269199779,-50.12101279622648,56.36336933462604,8.690789396135195,B_replication,SPY
will-the-supreme-court-rule-in-favor-of-trumps-tariffs,2025-11-03,2025-11-04,overnight,-2.5,-105.9486353991368,own,2.161987481709866,3.207330981465671,3.207330981465671,41.191346306894005,43,27,-5.4049687042746655,-59.186692144395785,48.376754735846454,8.690789396135195,B_replication,SPY
russia-x-ukraine-ceasefire-in-2025,2025-11-04,2025-11-05,overnight,-0.5,-5.478640704820181,own,0.8367693850365552,3.1603762151777377,3.1603762151777377,77.25412583349083,212,180,-0.4183846925182776,-99.44798202125571,98.61121263621916,8.280483652415537,B_replication,SPY
us-x-venezuela-military-engagement-by-december-31-391-819-722-945-174-285-817-971-353-859-836-598-255-382-192-983,2025-11-04,2025-11-05,overnight,9.0,-5.478640704820181,own,-0.27329604716309175,1.4938106791631534,1.4938106791631534,44.67434203503595,42,40,-2.459664424467826,-62.25074706005252,57.33141821111687,8.280483652415537,B_replication,SPY
will-china-invade-taiwan-before-2027,2025-11-04,2025-11-05,overnight,2.0,-5.478640704820181,own,-1.8638893508327865,5.328810006495061,5.328810006495061,42.88881501179279,71,30,-3.727778701665573,-60.36573149440324,52.9101740910721,8.280483652415537,B_replication,SPY
will-the-supreme-court-rule-in-favor-of-trumps-tariffs,2025-11-04,2025-11-05,overnight,-6.5,-5.478640704820181,own,3.1765552586509576,3.8840408104720145,3.8840408104720145,43.43306597126551,44,28,-20.647609181231225,-85.03197289766999,43.736754535207545,8.280483652415537,B_replication,SPY
russia-x-ukraine-ceasefire-in-2025,2025-11-05,2025-11-06,overnight,0.0,-15.35032693244287,own,0.8391495619002907,3.1596863551573655,3.1596863551573655,77.0724907292745,213,181,0.0,-98.77610411863822,98.77610411863822,8.231414022040232,B_replication,SPY
us-x-venezuela-military-engagement-by-december-31-391-819-722-945-174-285-817-971-353-859-836-598-255-382-192-983,2025-11-05,2025-11-06,overnight,17.0,-15.35032693244287,own,-0.2848310870795304,1.4283212210160008,1.4283212210160008,44.141674264445385,43,41,-4.8421284803520175,-69.40827592747392,59.72401896676989,8.231414022040232,B_replication,SPY
will-china-invade-taiwan-before-2027,2025-11-05,2025-11-06,overnight,0.5,-15.35032693244287,own,-1.9024758412604366,5.068531219994,5.068531219994,42.58619463480515,72,31,-0.9512379206302183,-55.626259781209924,53.723783939949485,8.231414022040232,B_replication,SPY
will-the-supreme-court-rule-in-favor-of-trumps-tariffs,2025-11-05,2025-11-06,overnight,2.5,-15.35032693244287,own,2.8365611376279514,2.89319451585083,2.89319451585083,42.988665844913434,45,29,7.091402844069878,-48.77726590104078,62.96007158918053,8.231414022040232,B_replication,SPY
russia-x-ukraine-ceasefire-in-2025,2025-11-06,2025-11-07,overnight,1.0,-35.06102109629094,own,0.8391495619002907,3.1596863551573655,3.1596863551573655,76.89854983480738,214,181,0.8391495619002907,-97.79719087855324,99.47549000235381,8.14761252611101,B_replication,SPY
us-x-venezuela-military-engagement-by-december-31-391-819-722-945-174-285-817-971-353-859-836-598-255-382-192-983,2025-11-06,2025-11-07,overnight,2.5,-35.06102109629094,own,-0.3523823722697533,1.233379068959694,1.233379068959694,43.65158725474041,44,42,-0.8809559306743832,-56.96422762616706,55.202315764818294,8.14761252611101,B_replication,SPY
will-china-invade-taiwan-before-2027,2025-11-06,2025-11-07,overnight,-0.0,-35.06102109629094,own,-1.981591714951715,5.066101951329525,5.066101951329525,42.323362717353376,73,32,0.0,-54.24162165856009,54.24162165856009,8.14761252611101,B_replication,SPY
will-the-supreme-court-rule-in-favor-of-trumps-tariffs,2025-11-06,2025-11-07,overnight,-3.0,-35.06102109629094,own,2.6471794517502065,2.724039386854234,2.724039386854234,42.63700096638596,46,30,-7.94153835525062,-63.57976901312087,47.696692302619624,8.14761252611101,B_replication,SPY
russia-x-ukraine-ceasefire-in-2025,2025-11-07,2025-11-10,weekend,0.0,93.97403603952804,own,0.8054088000034945,3.1556057613744484,3.1556057613744484,76.75787380417019,215,182,0.0,-98.37289106742452,98.37289106742452,7.99460744954443,B_replication,SPY
us-x-venezuela-military-engagement-by-december-31-391-819-722-945-174-285-817-971-353-859-836-598-255-382-192-983,2025-11-07,2025-11-10,weekend,-2.0,93.97403603952804,own,-0.3846185933068339,1.2258299098661734,1.2258299098661734,43.4585351665788,45,43,0.7692371866136678,-55.01577844559578,56.55425281882311,7.99460744954443,B_replication,SPY
will-china-invade-taiwan-before-2027,2025-11-07,2025-11-10,weekend,-1.0,93.97403603952804,own,-1.981591714951715,5.066101951329525,5.066101951329525,42.232315985113075,74,32,1.981591714951715,-52.531379947520804,56.49456337742423,7.99460744954443,B_replication,SPY
will-the-supreme-court-rule-in-favor-of-trumps-tariffs,2025-11-07,2025-11-10,weekend,-5.0,93.97403603952804,own,2.913709994659694,2.7422929683751365,2.7422929683751365,42.35458630936131,47,31,-14.56854997329847,-71.62372452761213,42.48662458101519,7.99460744954443,B_replication,SPY
russia-x-ukraine-ceasefire-in-2025,2025-11-10,2025-11-11,overnight,-1.0,-20.25450222359226,own,0.8054088000034945,3.155605761374448,3.155605761374448,76.84687747843968,216,182,-0.8054088000034945,-99.37536711072067,97.76454951071369,8.237487191324044,B_replication,SPY
us-x-venezuela-military-engagement-by-december-31-391-819-722-945-174-285-817-971-353-859-836-598-255-382-192-983,2025-11-10,2025-11-11,overnight,-2.0,-20.25450222359226,own,-0.454835976377115,1.2163059960152296,1.2163059960152296,45.1600594437587,46,44,0.90967195275423,-57.0513673843218,58.87071128983026,8.237487191324044,B_replication,SPY
will-china-invade-taiwan-before-2027,2025-11-10,2025-11-11,overnight,-0.0,-20.25450222359226,own,-2.981509588044936,5.272825154628291,5.272825154628291,43.27334964245604,75,33,0.0,-55.459124901771666,55.459124901771666,8.237487191324044,B_replication,SPY
will-the-supreme-court-rule-in-favor-of-trumps-tariffs,2025-11-10,2025-11-11,overnight,-2.0,-20.25450222359226,own,1.2703703124064536,2.536637702718875,2.536637702718875,44.58067905862307,48,32,-2.540740624812907,-60.04410705943186,54.96262580980605,8.237487191324044,B_replication,SPY
russia-x-ukraine-ceasefire-in-2025,2025-11-11,2025-11-12,overnight,1.0,27.676087274857153,own,0.8236708595561599,3.1532041135169213,3.1532041135169213,76.68019404706254,217,183,0.8236708595561599,-97.53271972329988,99.1800614424122,8.137233885852842,B_replication,SPY
us-x-venezuela-military-engagement-by-december-31-391-819-722-945-174-285-817-971-353-859-836-598-255-382-192-983,2025-11-11,2025-11-12,overnight,4.0,27.676087274857153,own,-0.43891558207426856,1.2163021522275437,1.2163021522275437,44.77519742095739,47,45,-1.7556623282970742,-59.477318030119626,55.96599337352547,8.137233885852842,B_replication,SPY
will-china-invade-taiwan-before-2027,2025-11-11,2025-11-12,overnight,-0.0,27.676087274857153,own,-2.981509588044936,5.272825154628291,5.272825154628291,43.04747321534153,76,33,0.0,-55.169641672781715,55.169641672781715,8.137233885852842,B_replication,SPY
will-the-supreme-court-rule-in-favor-of-trumps-tariffs,2025-11-11,2025-11-12,overnight,3.0,27.676087274857153,own,1.3763614064903986,2.5277558584832174,2.5277558584832174,44.18699817688829,49,33,4.129084219471196,-53.32887237228993,61.58704081123232,8.137233885852842,B_replication,SPY
russia-x-ukraine-ceasefire-in-2025,2025-11-12,2025-11-13,overnight,0.0,-41.41483616993291,own,0.8488607436230463,3.1511018717356576,3.1511018717356576,76.52500095139656,218,184,0.0,-98.07444121930985,98.07444121930985,8.205743189460849,B_replication,SPY
us-x-venezuela-military-engagement-by-december-31-391-819-722-945-174-285-817-971-353-859-836-598-255-382-192-983,2025-11-12,2025-11-13,overnight,1.0,-41.41483616993291,own,-0.3949013757325107,1.2142781904705824,1.2142781904705824,44.5026148436259,48,46,-0.3949013757325107,-57.450679751531965,56.66087700006695,8.205743189460849,B_replication,SPY
will-china-invade-taiwan-before-2027,2025-11-12,2025-11-13,overnight,-0.0,-41.41483616993291,own,-2.981509588044936,5.272825154628291,5.272825154628291,42.881006879159756,77,33,0.0,-54.956298416331144,54.956298416331144,8.205743189460849,B_replication,SPY
will-the-supreme-court-rule-in-favor-of-trumps-tariffs,2025-11-12,2025-11-13,overnight,-4.0,-41.41483616993291,own,1.5821618701936992,2.5068688925335323,2.5068688925335323,43.859581639706825,50,34,-6.328647480774797,-63.98944190333907,51.332146941789475,8.205743189460849,B_replication,SPY
russia-x-ukraine-ceasefire-in-2025,2025-11-13,2025-11-14,overnight,0.0,-99.39588727196912,own,0.8488607436230463,3.1511018717356576,3.1511018717356576,76.40079106648979,219,184,0.0,-97.91525383081331,97.91525383081331,8.032365903089802,B_replication,SPY
us-x-venezuela-military-engagement-by-december-31-391-819-722-945-174-285-817-971-353-859-836-598-255-382-192-983,2025-11-13,2025-11-14,overnight,-11.5,-99.39588727196912,own,-0.4102316325929051,1.211797227582805,1.211797227582805,44.432695923307456,49,47,4.717663774818409,-54.962353306464145,64.39768085610096,8.032365903089802,B_replication,SPY
will-china-invade-taiwan-before-2027,2025-11-13,2025-11-14,overnight,-0.0,-99.39588727196912,own,-2.981509588044936,5.272825154628291,5.272825154628291,42.86228713933563,78,33,0.0,-54.932307197772545,54.932307197772545,8.032365903089802,B_replication,SPY
will-the-supreme-court-rule-in-favor-of-trumps-tariffs,2025-11-13,2025-11-14,overnight,-1.0,-99.39588727196912,own,1.9728222870528016,2.50029907257409,2.50029907257409,43.688830534869965,51,35,-1.9728222870528016,-58.056045506314376,54.110400932208776,8.032365903089802,B_replication,SPY
russia-x-ukraine-ceasefire-in-2025,2025-11-14,2025-11-17,weekend,0.0,-33.484634273382994,own,0.8488607436230463,3.1511018717356576,3.1511018717356576,76.52149765939937,220,184,0.0,-98.06995140028624,98.06995140028624,7.65831209676996,B_replication,SPY
us-x-venezuela-military-engagement-by-december-31-391-819-722-945-174-285-817-971-353-859-836-598-255-382-192-983,2025-11-14,2025-11-17,weekend,8.0,-33.484634273382994,own,0.01615933501324037,1.2796554775929452,1.2796554775929452,46.31167824109432,50,48,0.12927468010592297,-60.656578316763095,60.91512767697494,7.65831209676996,B_replication,SPY
will-china-invade-taiwan-before-2027,2025-11-14,2025-11-17,weekend,1.0,-33.484634273382994,own,-2.981509588044936,5.272825154628291,5.272825154628291,44.048642712481744,79,33,-2.981509588044936,-59.83727253478147,53.8742533586916,7.65831209676996,B_replication,SPY
will-the-supreme-court-rule-in-favor-of-trumps-tariffs,2025-11-14,2025-11-17,weekend,1.0,-33.484634273382994,own,2.243254112132375,2.574451552472245,2.574451552472245,45.352779055091176,52,36,2.243254112132375,-55.97443795253793,60.460946176802686,7.65831209676996,B_replication,SPY
russia-x-ukraine-ceasefire-in-2025,2025-11-17,2025-11-18,overnight,0.0,-54.00411602998423,own,0.8488607436230463,3.1511018717356576,3.1511018717356576,76.38075656081739,221,184,0.0,-97.88957760834357,97.88957760834357,7.515553781814537,B_replication,SPY
us-x-venezuela-military-engagement-by-december-31-391-819-722-945-174-285-817-971-353-859-836-598-255-382-192-983,2025-11-17,2025-11-18,overnight,3.5,-54.00411602998423,own,-0.07747272335302402,1.237475676274055,1.237475676274055,46.08655372081511,51,49,-0.27115453173558407,-59.595938489975794,59.05362942650463,7.515553781814537,B_replication,SPY
will-china-invade-taiwan-before-2027,2025-11-17,2025-11-18,overnight,0.5,-54.00411602998423,own,-3.309500176059324,5.278524342691724,5.278524342691724,43.901861788768926,80,34,-1.654750088029662,-58.02095722266762,54.71145704660829,7.515553781814537,B_replication,SPY
will-the-supreme-court-rule-in-favor-of-trumps-tariffs,2025-11-17,2025-11-18,overnight,-0.5,-54.00411602998423,own,2.1443533830375223,2.5426530083988452,2.5426530083988452,45.1862707755552,53,37,-1.0721766915187612,-59.005817606143836,56.86146422310631,7.515553781814537,B_replication,SPY
russia-x-ukraine-ceasefire-in-2025,2025-11-18,2025-11-19,overnight,8.0,9.69491320023108,own,0.8488607436230463,3.1511018717356576,3.1511018717356576,76.2942872962904,222,184,6.7908859489843705,-96.18711056894242,109.76888246691115,7.302830165591166,B_replication,SPY
us-x-venezuela-military-engagement-by-december-31-391-819-722-945-174-285-817-971-353-859-836-598-255-382-192-983,2025-11-18,2025-11-19,overnight,-1.0,9.69491320023108,own,-0.14267697584288108,1.2250165340304704,1.2250165340304704,46.24603643491021,52,50,0.14267697584288108,-59.1470333782295,59.432387329915265,7.302830165591166,B_replication,SPY
will-china-invade-taiwan-before-2027,2025-11-18,2025-11-19,overnight,1.0,9.69491320023108,own,-3.5901938272226186,5.322716396568421,5.322716396568421,44.01641924615842,81,35,-3.5901938272226186,-60.412592811560636,53.232205157115395,7.302830165591166,B_replication,SPY
will-the-supreme-court-rule-in-favor-of-trumps-tariffs,2025-11-18,2025-11-19,overnight,0.5,9.69491320023108,own,2.2175649173922465,2.560210682926978,2.560210682926978,45.34426053239536,54,38,1.1087824586961232,-57.027574723504074,59.245139640896326,7.302830165591166,B_replication,SPY
russia-x-ukraine-ceasefire-in-2025,2025-11-19,2025-11-20,overnight,0.0,154.8328680298794,own,0.8694202285876247,2.966498009664719,2.966498009664719,76.12249476037586,223,185,0.0,-97.5585892848977,97.5585892848977,7.311073043036514,B_replication,SPY
us-x-venezuela-military-engagement-by-december-31-391-819-722-945-174-285-817-971-353-859-836-598-255-382-192-983,2025-11-19,2025-11-20,overnight,-1.0,154.8328680298794,own,-0.14598768937702483,1.2241292645497304,1.2241292645497304,45.81835032433469,53,51,0.14598768937702483,-58.595763758060315,58.88773913681436,7.311073043036514,B_replication,SPY
will-china-invade-taiwan-before-2027,2025-11-19,2025-11-20,overnight,-0.0,154.8328680298794,own,-3.449237784491014,5.2339633569033035,5.2339633569033035,43.768503602096274,82,36,0.0,-56.093714216446585,56.093714216446585,7.311073043036514,B_replication,SPY
will-the-supreme-court-rule-in-favor-of-trumps-tariffs,2025-11-19,2025-11-20,overnight,-0.0,154.8328680298794,own,2.229432409778611,2.561183092858154,2.561183092858154,44.937626473188686,55,39,-0.0,-57.592062088038624,57.592062088038624,7.311073043036514,B_replication,SPY
russia-x-ukraine-ceasefire-in-2025,2025-11-20,2025-11-21,overnight,4.0,38.61891407291651,own,0.8694202285876246,2.966498009664719,2.966498009664719,76.65606640785568,224,185,3.4776809143504983,-95.93478685183632,102.89014868053732,7.81767261373309,B_replication,SPY
us-x-venezuela-military-engagement-by-december-31-391-819-722-945-174-285-817-971-353-859-836-598-255-382-192-983,2025-11-20,2025-11-21,overnight,-4.5,38.61891407291651,own,-0.19958210439322313,1.218530186130418,1.218530186130418,50.11015119011059,54,52,0.8981194697695041,-63.70640440216848,65.50264334170748,7.81767261373309,B_replication,SPY
will-china-invade-taiwan-before-2027,2025-11-20,2025-11-21,overnight,-0.0,38.61891407291651,own,-3.449237784491014,5.2339633569033035,5.2339633569033035,46.74052030342518,83,36,0.0,-59.90265082086971,59.90265082086971,7.81767261373309,B_replication,SPY
will-the-supreme-court-rule-in-favor-of-trumps-tariffs,2025-11-20,2025-11-21,overnight,-0.0,38.61891407291651,own,2.2294324097786116,2.5611830928581543,2.5611830928581543,49.17876329672185,56,39,-0.0,-63.027503041078724,63.027503041078724,7.81767261373309,B_replication,SPY
russia-x-ukraine-ceasefire-in-2025,2025-11-21,2025-11-24,weekend,-4.0,55.078445058114326,own,0.9920772378670869,2.930147590809894,2.930147590809894,76.52029598625704,225,186,-3.9683089514683476,-103.1804402954909,95.24382239255421,7.92308411770018,B_replication,SPY
us-x-venezuela-military-engagement-by-december-31-391-819-722-945-174-285-817-971-353-859-836-598-255-382-192-983,2025-11-21,2025-11-24,weekend,-16.5,55.078445058114326,own,-0.2579834722632254,1.2036827005106718,1.2036827005106718,49.90683718099493,55,53,4.256727292343219,-64.58252155575049,73.09597614043692,7.92308411770018,B_replication,SPY
will-china-invade-taiwan-before-2027,2025-11-21,2025-11-24,weekend,-0.0,55.078445058114326,own,-3.449237784491014,5.2339633569033035,5.2339633569033035,46.65108530090386,84,36,0.0,-59.78803092163839,59.78803092163839,7.92308411770018,B_replication,SPY
will-the-supreme-court-rule-in-favor-of-trumps-tariffs,2025-11-21,2025-11-24,weekend,-3.0,55.078445058114326,own,2.2294324097786116,2.5611830928581543,2.5611830928581543,49.01015060512904,57,39,-6.688297229335834,-70.26691922001713,56.89032476134547,7.92308411770018,B_replication,SPY
russia-x-ukraine-ceasefire-in-2025,2025-11-24,2025-11-25,overnight,5.0,-2.541866028707984,own,0.7888181879201587,2.8890524551732586,2.8890524551732586,76.45007632648586,226,187,3.9440909396007933,-95.76801118286366,103.65619306206526,8.083914134550158,B_replication,SPY
us-x-venezuela-military-engagement-by-december-31-391-819-722-945-174-285-817-971-353-859-836-598-255-382-192-983,2025-11-24,2025-11-25,overnight,25.0,-2.541866028707984,own,-0.5217847599188207,1.0973939013250278,1.0973939013250278,49.88332271613768,56,54,-13.044618997970517,-86.00601519870561,59.91677720276458,8.083914134550158,B_replication,SPY
will-china-invade-taiwan-before-2027,2025-11-24,2025-11-25,overnight,-0.0,-2.541866028707984,own,-3.449237784491014,5.2339633569033035,5.2339633569033035,46.760344815403066,85,36,0.0,-59.928057915420574,59.928057915420574,8.083914134550158,B_replication,SPY
will-the-supreme-court-rule-in-favor-of-trumps-tariffs,2025-11-24,2025-11-25,overnight,-1.0,-2.541866028707984,own,1.7296340905274978,2.425576944106137,2.425576944106137,49.245933130111354,58,40,-1.7296340905274978,-64.91973214552567,61.46046396447067,8.083914134550158,B_replication,SPY
russia-x-ukraine-ceasefire-in-2025,2025-11-25,2025-11-26,overnight,-4.0,38.81423978904009,own,0.7614973919289675,2.825303851557101,2.825303851557101,76.28194586716421,227,188,-3.04598956771587,-101.8759878170191,95.78400868158737,8.047796594906181,B_replication,SPY
us-x-venezuela-military-engagement-by-december-31-391-819-722-945-174-285-817-971-353-859-836-598-255-382-192-983,2025-11-25,2025-11-26,overnight,-2.5,38.81423978904009,own,-0.4527558215733554,0.906511595496997,0.906511595496997,49.45257588605229,57,55,1.1318895539333886,-62.31304867638543,64.5768277842522,8.047796594906181,B_replication,SPY
will-china-invade-taiwan-before-2027,2025-11-25,2025-11-26,overnight,-0.0,38.81423978904009,own,-3.449237784491014,5.2339633569033035,5.2339633569033035,46.485287774085464,86,36,0.0,-59.57554481126793,59.57554481126793,8.047796594906181,B_replication,SPY
will-the-supreme-court-rule-in-favor-of-trumps-tariffs,2025-11-25,2025-11-26,overnight,-1.0,38.81423978904009,own,1.731818978054547,2.418530481644395,2.418530481644395,48.8196695711041,59,41,-1.731818978054547,-64.37583739106839,60.9121994349593,8.047796594906181,B_replication,SPY
russia-x-ukraine-ceasefire-in-2025,2025-11-26,2025-11-28,holiday,-5.0,18.098082780335645,own,0.6223112594044257,2.7858791479478766,2.7858791479478766,76.16375655061415,228,189,-3.1115562970221284,-102.34204541803615,96.11893282399188,8.152018963449994,B_replication,SPY
us-x-venezuela-military-engagement-by-december-31-391-819-722-945-174-285-817-971-353-859-836-598-255-382-192-983,2025-11-26,2025-11-28,holiday,-7.5,18.098082780335645,own,-0.47748177317119445,0.9038492721496147,0.9038492721496147,49.26990413505246,58,56,3.5811132987839582,-60.15805544155926,67.32028203912718,8.152018963449994,B_replication,SPY
will-china-invade-taiwan-before-2027,2025-11-26,2025-11-28,holiday,-0.0,18.098082780335645,own,-3.449237784491014,5.2339633569033035,5.2339633569033035,46.40337716543589,87,36,0.0,-59.470568175222645,59.470568175222645,8.152018963449994,B_replication,SPY
will-the-supreme-court-rule-in-favor-of-trumps-tariffs,2025-11-26,2025-11-28,holiday,-2.5,18.098082780335645,own,1.6230435018182099,2.3913521511235087,2.3913521511235087,48.69038474189927,60,42,-4.057608754545525,-66.92782358067103,58.81260607157998,8.152018963449994,B_replication,SPY
russia-x-ukraine-ceasefire-in-2025,2025-11-28,2025-12-01,weekend,0.0,-67.0188325846155,own,0.5359527941057377,2.7262139471631235,2.7262139471631235,76.00926288000207,229,190,0.0,-97.41347130701065,97.41347130701065,8.185597841967502,B_replication,SPY
us-x-venezuela-military-engagement-by-december-31-391-819-722-945-174-285-817-971-353-859-836-598-255-382-192-983,2025-11-28,2025-12-01,weekend,-2.5,-67.0188325846155,own,-0.5056427226989378,0.8884293296386409,0.8884293296386409,48.879957313422366,59,57,1.2641068067473447,-61.44508531437495,63.973298927869635,8.185597841967502,B_replication,SPY
will-china-invade-taiwan-before-2027,2025-11-28,2025-12-01,weekend,-0.0,-67.0188325846155,own,-3.449237784491014,5.2339633569033035,5.2339633569033035,46.176703842268985,88,36,0.0,-59.18006364425194,59.18006364425194,8.185597841967502,B_replication,SPY
will-the-supreme-court-rule-in-favor-of-trumps-tariffs,2025-11-28,2025-12-01,weekend,-0.5,-67.0188325846155,own,1.4768977792926083,2.3234373007126976,2.3234373007126976,48.366179674964464,61,43,-0.7384488896463042,-62.7424228056773,61.26552502638469,8.185597841967502,B_replication,SPY
russia-x-ukraine-ceasefire-in-2025,2025-12-01,2025-12-02,overnight,0.0,24.255075190733333,own,0.5359527941057377,2.7262139471631235,2.7262139471631235,75.97231620170784,230,190,0.0,-97.36612044410877,97.36612044410877,7.93255467094939,B_replication,SPY
us-x-venezuela-military-engagement-by-december-31-391-819-722-945-174-285-817-971-353-859-836-598-255-382-192-983,2025-12-01,2025-12-02,overnight,3.0,24.255075190733333,own,-0.4615607734469282,0.8902418840978454,0.8902418840978454,49.27122236773689,60,58,-1.3846823203407845,-64.62337863034452,61.854013989662946,7.93255467094939,B_replication,SPY
will-china-invade-taiwan-before-2027,2025-12-01,2025-12-02,overnight,1.0,24.255075190733333,own,-3.449237784491014,5.2339633569033035,5.2339633569033035,46.4660895394904,89,36,-3.449237784491014,-63.376774979652026,56.478299410670004,7.93255467094939,B_replication,SPY
will-the-supreme-court-rule-in-favor-of-trumps-tariffs,2025-12-01,2025-12-02,overnight,-0.0,24.255075190733333,own,1.5642812779016646,2.339630247444,2.339630247444,48.71251119089391,62,44,-0.0,-62.429954342249644,62.429954342249644,7.93255467094939,B_replication,SPY
russia-x-ukraine-ceasefire-in-2025,2025-12-02,2025-12-03,overnight,-4.0,-13.353289898455634,own,0.5359527941057377,2.7262139471631235,2.7262139471631235,75.82384810476933,231,190,-2.143811176422951,-100.31948925470927,96.03186690186335,7.987291493618015,B_replication,SPY
us-x-venezuela-military-engagement-by-december-31-391-819-722-945-174-285-817-971-353-859-836-598-255-382-192-983,2025-12-02,2025-12-03,overnight,1.0,-13.353289898455634,own,-0.44174387984053315,0.8892992261608418,0.8892992261608418,48.97064098811896,61,59,-0.44174387984053315,-63.21286513962274,62.32937737994168,7.987291493618015,B_replication,SPY
will-china-invade-taiwan-before-2027,2025-12-02,2025-12-03,overnight,-0.0,-13.353289898455634,own,-3.1583788556172676,5.1277056476203855,5.1277056476203855,46.29655857507942,90,37,0.0,-59.33366946982179,59.33366946982179,7.987291493618015,B_replication,SPY
will-the-supreme-court-rule-in-favor-of-trumps-tariffs,2025-12-02,2025-12-03,overnight,1.0,-13.353289898455634,own,1.5642812779016646,2.339630247444,2.339630247444,48.41616335854624,63,44,1.5642812779016646,-60.55827946849788,63.68684202430121,7.987291493618015,B_replication,SPY
russia-x-ukraine-ceasefire-in-2025,2025-12-03,2025-12-04,overnight,-1.0,21.789678419443792,own,0.571996134047965,2.691154126229599,2.691154126229599,75.66309761870404,232,191,-0.571996134047965,-97.60313866711154,96.45914639901561,7.915966021050924,B_replication,SPY
us-x-venezuela-military-engagement-by-december-31-391-819-722-945-174-285-817-971-353-859-836-598-255-382-192-983,2025-12-03,2025-12-04,overnight,6.5,21.789678419443792,own,-0.44506945511899165,0.8888660328902428,0.8888660328902428,48.59570341418862,62,60,-2.892951458273446,-65.61183393248032,59.82593101593343,7.915966021050924,B_replication,SPY
will-china-invade-taiwan-before-2027,2025-12-03,2025-12-04,overnight,1.0,21.789678419443792,own,-3.1583788556172676,5.1277056476203855,5.1277056476203855,46.06014898970389,91,37,-3.1583788556172676,-62.553739076054356,56.236981364819826,7.915966021050924,B_replication,SPY
will-the-supreme-court-rule-in-favor-of-trumps-tariffs,2025-12-03,2025-12-04,overnight,-0.0,21.789678419443792,own,1.5250503214878388,2.3256167188283263,2.3256167188283263,48.067031718715825,64,45,-0.0,-61.6027078507062,61.6027078507062,7.915966021050924,B_replication,SPY
russia-x-ukraine-ceasefire-in-2025,2025-12-04,2025-12-05,overnight,0.0,15.634132086499442,own,0.5540349496676503,2.6884954024061027,2.6884954024061027,75.51411565000006,233,192,0.0,-96.77889061704009,96.77889061704009,7.962180919113524,B_replication,SPY
us-x-venezuela-military-engagement-by-december-31-391-819-722-945-174-285-817-971-353-859-836-598-255-382-192-983,2025-12-04,2025-12-05,overnight,-1.0,15.634132086499442,own,-0.4041911586147144,0.8816871964827524,0.8816871964827524,48.30293513289748,63,61,0.4041911586147144,-61.51116248337589,62.31954480060532,7.962180919113524,B_replication,SPY
will-china-invade-taiwan-before-2027,2025-12-04,2025-12-05,overnight,-1.0,15.634132086499442,own,-2.899178260551698,5.03002731004959,5.03002731004959,45.880194948705736,92,38,2.899178260551698,-56.253200776983,62.0515572980864,7.962180919113524,B_replication,SPY
will-the-supreme-court-rule-in-favor-of-trumps-tariffs,2025-12-04,2025-12-05,overnight,-0.0,15.634132086499442,own,1.5250503214878388,2.3256167188283263,2.3256167188283263,47.76774555650249,65,45,-0.0,-61.21914270521359,61.21914270521359,7.962180919113524,B_replication,SPY
russia-x-ukraine-ceasefire-in-2025,2025-12-05,2025-12-08,weekend,1.0,13.709618610078245,own,0.5540349496676503,2.6884954024061027,2.6884954024061027,75.35885455842175,234,192,0.5540349496676503,-96.08731552540902,97.19538542474433,7.987652204529812,B_replication,SPY
us-x-venezuela-military-engagement-by-december-31-391-819-722-945-174-285-817-971-353-859-836-598-255-382-192-983,2025-12-05,2025-12-08,weekend,7.0,13.709618610078245,own,-0.4080706570361331,0.8812185697703587,0.8812185697703587,47.95643718451136,64,62,-2.856494599252932,-64.82381778386286,59.110828585357,7.987652204529812,B_replication,SPY
will-china-invade-taiwan-before-2027,2025-12-05,2025-12-08,weekend,-0.0,13.709618610078245,own,-3.0301289425665847,4.9953585167444245,4.9953585167444245,45.64927849022693,93,39,0.0,-58.50411531307484,58.50411531307484,7.987652204529812,B_replication,SPY
will-the-supreme-court-rule-in-favor-of-trumps-tariffs,2025-12-05,2025-12-08,weekend,0.5,13.709618610078245,own,1.5250503214878388,2.3256167188283263,2.3256167188283263,47.43852817170497,66,45,0.7625251607439194,-60.05295429303757,61.57800461452541,7.987652204529812,B_replication,SPY
russia-x-ukraine-ceasefire-in-2025,2025-12-08,2025-12-09,overnight,0.0,-7.021341953981075,own,0.5645932030066637,2.6865672615461387,2.6865672615461387,75.20257264661743,235,193,0.0,-96.3796171039049,96.3796171039049,8.006586573840034,B_replication,SPY
us-x-venezuela-military-engagement-by-december-31-391-819-722-945-174-285-817-971-353-859-836-598-255-382-192-983,2025-12-08,2025-12-09,overnight,0.5,-7.021341953981075,own,-0.37889579258797457,0.8715506311083705,0.8715506311083705,47.624787492361875,65,63,-0.18944789629398728,-61.22793063304546,60.84903484045749,8.006586573840034,B_replication,SPY
will-china-invade-taiwan-before-2027,2025-12-08,2025-12-09,overnight,1.0,-7.021341953981075,own,-3.0301289425665847,4.9953585167444245,4.9953585167444245,45.42543971261334,94,39,-3.0301289425665847,-61.59832601215889,55.538068127025724,8.006586573840034,B_replication,SPY
will-the-supreme-court-rule-in-favor-of-trumps-tariffs,2025-12-08,2025-12-09,overnight,2.0,-7.021341953981075,own,1.5420635848903805,2.327116131780004,2.327116131780004,47.10472281764247,67,46,3.084127169780761,-57.57925223428637,63.7475065738479,8.006586573840034,B_replication,SPY
russia-x-ukraine-ceasefire-in-2025,2025-12-09,2025-12-10,overnight,-0.6,-7.173706170851002,own,0.5645932030066637,2.6865672615461387,2.6865672615461387,75.04379434809941,236,193,-0.3387559218039982,-96.5370675609606,95.8595557173526,7.957022165766744,B_replication,SPY
us-x-venezuela-military-engagement-by-december-31-391-819-722-945-174-285-817-971-353-859-836-598-255-382-192-983,2025-12-09,2025-12-10,overnight,3.0,-7.173706170851002,own,-0.3797551503310798,0.8714384737032141,0.8714384737032141,47.264619455412635,66,64,-1.1392654509932394,-61.80619311537171,59.52766221338523,7.957022165766744,B_replication,SPY
will-china-invade-taiwan-before-2027,2025-12-09,2025-12-10,overnight,-0.0,-7.173706170851002,own,-3.070751975761643,4.945081872398447,4.945081872398447,45.18502516756188,95,40,0.0,-57.90912825474731,57.90912825474731,7.957022165766744,B_replication,SPY
will-the-supreme-court-rule-in-favor-of-trumps-tariffs,2025-12-09,2025-12-10,overnight,0.5,-7.173706170851002,own,1.4894993761842072,2.2907353337184593,2.2907353337184593,46.76800193080931,68,47,0.7447496880921036,-59.211093669595286,60.7005930457795,7.957022165766744,B_replication,SPY
russia-x-ukraine-ceasefire-in-2025,2025-12-10,2025-12-11,overnight,-0.3,-33.74741803159553,own,0.5678835606476568,2.6858550916072916,2.6858550916072916,74.88595579389,237,194,-0.17036506819429703,-96.14976143778114,95.80903130139254,7.907282756376152,B_replication,SPY
us-x-venezuela-military-engagement-by-december-31-391-819-722-945-174-285-817-971-353-859-836-598-255-382-192-983,2025-12-10,2025-12-11,overnight,8.0,-33.74741803159553,own,-0.38429915689723776,0.8690175851662545,0.8690175851662545,46.911055201921485,67,65,-3.074393255177902,-63.852229352030214,57.70344284167441,7.907282756376152,B_replication,SPY
will-china-invade-taiwan-before-2027,2025-12-10,2025-12-11,overnight,-0.0,-33.74741803159553,own,-3.0707519757616435,4.945081872398447,4.945081872398447,44.95260580271844,96,40,0.0,-57.61125959676395,57.61125959676395,7.907282756376152,B_replication,SPY
will-the-supreme-court-rule-in-favor-of-trumps-tariffs,2025-12-10,2025-12-11,overnight,-0.0,-33.74741803159553,own,1.4792089852044243,2.2872315434290584,2.2872315434290584,46.432769790659016,69,48,-0.0,-59.5082377637086,59.5082377637086,7.907282756376152,B_replication,SPY
russia-x-ukraine-ceasefire-in-2025,2025-12-11,2025-12-12,overnight,-0.55,-14.147965957818087,own,0.5759650046598678,2.6858846155235705,2.6858846155235705,74.75962158471827,238,195,-0.3167807525629273,-96.14741485437442,95.51385334924855,7.770799464148197,B_replication,SPY
us-x-venezuela-military-engagement-by-december-31-391-819-722-945-174-285-817-971-353-859-836-598-255-382-192-983,2025-12-11,2025-12-12,overnight,4.0,-14.147965957818087,own,-0.44491778293758877,0.8527826550133714,0.8527826550133714,46.707835675915376,68,66,-1.779671131750355,-61.799856536870415,58.240514273369705,7.770799464148197,B_replication,SPY
will-china-invade-taiwan-before-2027,2025-12-11,2025-12-12,overnight,-0.0,-14.147965957818087,own,-3.0707519757616435,4.945081872398447,4.945081872398447,44.85031600908109,97,40,0.0,-57.480164997238326,57.480164997238326,7.770799464148197,B_replication,SPY
will-the-supreme-court-rule-in-favor-of-trumps-tariffs,2025-12-11,2025-12-12,overnight,-0.0,-14.147965957818087,own,1.4792089852044243,2.2872315434290584,2.2872315434290584,46.273765023678806,70,48,-0.0,-59.30445725434676,59.30445725434676,7.770799464148197,B_replication,SPY
russia-x-ukraine-ceasefire-in-2025,2025-12-12,2025-12-15,weekend,0.25,58.96849146276972,own,0.5820665780378159,2.685382605280969,2.685382605280969,74.60778388006764,239,196,0.14551664450945398,-95.47569016514112,95.76672345416003,7.699216298171822,B_replication,SPY
us-x-venezuela-military-engagement-by-december-31-391-819-722-945-174-285-817-971-353-859-836-598-255-382-192-983,2025-12-12,2025-12-15,weekend,4.0,58.96849146276972,own,-0.45709130146718296,0.8485727271364983,0.8485727271364983,46.38728284471126,69,67,-1.8283652058687319,-61.437249942091356,57.780519530353885,7.699216298171822,B_replication,SPY
will-china-invade-taiwan-before-2027,2025-12-12,2025-12-15,weekend,-0.0,58.96849146276972,own,-3.0707519757616435,4.945081872398447,4.945081872398447,44.641648318759096,98,40,0.0,-57.21273648532166,57.21273648532166,7.699216298171822,B_replication,SPY
will-the-supreme-court-rule-in-favor-of-trumps-tariffs,2025-12-12,2025-12-15,weekend,-2.0,58.96849146276972,own,1.4792089852044243,2.2872315434290584,2.2872315434290584,45.97315935473993,71,48,-2.9584179704088487,-62.16857506023824,56.25173911942055,7.699216298171822,B_replication,SPY
russia-x-ukraine-ceasefire-in-2025,2025-12-15,2025-12-16,overnight,-0.8,-21.595416483032317,own,0.5938612257638741,2.6855899496322055,2.6855899496322055,74.54869700488598,240,197,-0.47508898061109933,-96.05636810068593,95.10619013946372,7.866108469931582,B_replication,SPY
us-x-venezuela-military-engagement-by-december-31-391-819-722-945-174-285-817-971-353-859-836-598-255-382-192-983,2025-12-15,2025-12-16,overnight,1.0,-21.595416483032317,own,-0.39748654002734135,0.8502767041977789,0.8502767041977789,46.6256760937687,70,68,-0.39748654002734135,-60.162888340871866,59.36791526081718,7.866108469931582,B_replication,SPY
will-china-invade-taiwan-before-2027,2025-12-15,2025-12-16,overnight,1.0,-21.595416483032317,own,-3.0707519757616435,4.945081872398447,4.945081872398447,44.81097819584631,99,40,-3.0707519757616435,-60.84913490440815,54.70763095288486,7.866108469931582,B_replication,SPY
will-the-supreme-court-rule-in-favor-of-trumps-tariffs,2025-12-15,2025-12-16,overnight,-0.5,-21.595416483032317,own,1.1606139527507724,2.2315909340300233,2.2315909340300233,46.230085864907274,72,49,-0.5803069763753862,-59.846039575502076,58.685425622751296,7.866108469931582,B_replication,SPY
russia-x-ukraine-ceasefire-in-2025,2025-12-16,2025-12-17,overnight,-0.35,15.17249506525653,own,0.6074058121432923,2.684569443376158,2.684569443376158,74.40570949155813,241,198,-0.21259203425015227,-95.57855230657438,95.15336823807408,7.770516241012166,B_replication,SPY
us-x-venezuela-military-engagement-by-december-31-391-819-722-945-174-285-817-971-353-859-836-598-255-382-192-983,2025-12-16,2025-12-17,overnight,3.0,15.17249506525653,own,-0.40268083797956017,0.8497686717486999,0.8497686717486999,46.36070464125777,71,69,-1.2080425139386806,-60.713682749104635,58.29759772122728,7.770516241012166,B_replication,SPY
will-china-invade-taiwan-before-2027,2025-12-16,2025-12-17,overnight,-0.0,15.17249506525653,own,-3.2573984695376703,4.9236753898542505,4.9236753898542505,44.62255112082715,100,41,0.0,-57.18826151645207,57.18826151645207,7.770516241012166,B_replication,SPY
will-the-supreme-court-rule-in-favor-of-trumps-tariffs,2025-12-16,2025-12-17,overnight,-0.5,15.17249506525653,own,1.1876256616282235,2.2342365932382693,2.2342365932382693,45.974635303823966,73,50,-0.5938128308141117,-59.532296992619635,58.34467133099142,7.770516241012166,B_replication,SPY
russia-x-ukraine-ceasefire-in-2025,2025-12-17,2025-12-18,overnight,0.6,93.84775808133573,own,0.6030896229808335,2.6841819440318746,2.6841819440318746,74.25779316575675,242,199,0.3618537737885001,-94.82931372706172,95.55302127463871,7.794455370456682,B_replication,SPY
us-x-venezuela-military-engagement-by-december-31-391-819-722-945-174-285-817-971-353-859-836-598-255-382-192-983,2025-12-17,2025-12-18,overnight,9.0,93.84775808133573,own,-0.39066577374054173,0.8485009716702346,0.8485009716702346,46.07400308965991,72,70,-3.5159919636648755,-63.370005427509774,56.33802150018003,7.794455370456682,B_replication,SPY
will-china-invade-taiwan-before-2027,2025-12-17,2025-12-18,overnight,-0.0,93.84775808133573,own,-3.2573984695376703,4.9236753898542505,4.9236753898542505,44.424794809999696,101,41,0.0,-56.934817028495615,56.934817028495615,7.794455370456682,B_replication,SPY
will-the-supreme-court-rule-in-favor-of-trumps-tariffs,2025-12-17,2025-12-18,overnight,1.5,93.84775808133573,own,1.167373499912012,2.2296718414185785,2.2296718414185785,45.695904823676344,74,51,1.7510602498680181,-56.96946093603568,60.47158143577172,7.794455370456682,B_replication,SPY
russia-x-ukraine-ceasefire-in-2025,2025-12-18,2025-12-19,overnight,-0.4,1.6260643330179292,own,0.6480370202539567,2.685001908648123,2.685001908648123,74.34741087670368,243,200,-0.2592148081015827,-95.55279788766957,95.03436827146639,8.071867693831534,B_replication,SPY
us-x-venezuela-military-engagement-by-december-31-391-819-722-945-174-285-817-971-353-859-836-598-255-382-192-983,2025-12-18,2025-12-19,overnight,-2.0,1.6260643330179292,own,-0.18057856434111583,0.870506000422929,0.870506000422929,47.14271814366489,73,71,0.36115712868223165,-60.098137752303785,60.820452009668244,8.071867693831534,B_replication,SPY
will-china-invade-taiwan-before-2027,2025-12-18,2025-12-19,overnight,-0.0,1.6260643330179292,own,-3.2573984695376703,4.9236753898542505,4.9236753898542505,45.17990891079385,102,41,0.0,-57.9025712600734,57.9025712600734,8.071867693831534,B_replication,SPY
will-the-supreme-court-rule-in-favor-of-trumps-tariffs,2025-12-18,2025-12-19,overnight,-1.0,1.6260643330179292,own,1.5202344111436892,2.300109285909475,2.300109285909475,46.62465174903068,75,52,-1.5202344111436892,-61.347055531024374,58.306586708736994,8.071867693831534,B_replication,SPY
russia-x-ukraine-ceasefire-in-2025,2025-12-19,2025-12-22,weekend,-1.35,49.22199856007392,own,0.6474328113228053,2.684629045023809,2.684629045023809,74.1943735126356,244,201,-0.8740342952857871,-96.07492139064928,94.32685280007772,8.051154958096271,B_replication,SPY
us-x-venezuela-military-engagement-by-december-31-391-819-722-945-174-285-817-971-353-859-836-598-255-382-192-983,2025-12-19,2025-12-22,weekend,4.0,49.22199856007392,own,-0.1811845079120551,0.8695535630965937,0.8695535630965937,46.8189432132742,74,72,-0.7247380316482204,-60.89324998045373,59.44377391715729,8.051154958096271,B_replication,SPY
will-china-invade-taiwan-before-2027,2025-12-19,2025-12-22,weekend,-0.0,49.22199856007392,own,-3.2573984695376703,4.9236753898542505,4.9236753898542505,44.95818156835301,103,41,0.0,-57.61840549800122,57.61840549800122,8.051154958096271,B_replication,SPY
will-the-supreme-court-rule-in-favor-of-trumps-tariffs,2025-12-19,2025-12-22,weekend,0.5,49.22199856007392,own,1.5122183633878634,2.29216290805357,2.29216290805357,46.31419899311908,76,53,0.7561091816939317,-58.6183389975484,60.13055736093626,8.051154958096271,B_replication,SPY
russia-x-ukraine-ceasefire-in-2025,2025-12-22,2025-12-23,overnight,-1.1,-12.70462477547918,own,0.5933256329796027,2.6796353844593463,2.6796353844593463,74.11150170313299,245,202,-0.652658196277563,-95.70905222297169,94.40373583041658,8.183028255988576,B_replication,SPY
us-x-venezuela-military-engagement-by-december-31-391-819-722-945-174-285-817-971-353-859-836-598-255-382-192-983,2025-12-22,2025-12-23,overnight,-0.0,-12.70462477547918,own,-0.13351403633799436,0.8707576007600678,0.8707576007600678,46.86122899577412,75,73,0.0,-60.05735108098411,60.05735108098411,8.183028255988576,B_replication,SPY
will-china-invade-taiwan-before-2027,2025-12-22,2025-12-23,overnight,1.0,-12.70462477547918,own,-3.2573984695376708,4.9236753898542505,4.9236753898542505,45.00151996520532,104,41,-3.2573984695376708,-61.275522173415126,54.76072523433979,8.183028255988576,B_replication,SPY
will-the-supreme-court-rule-in-favor-of-trumps-tariffs,2025-12-22,2025-12-23,overnight,-0.0,-12.70462477547918,own,1.5739190500567113,2.3021108332054263,2.3021108332054263,46.342947054935394,77,54,-0.0,-59.393120945605204,59.393120945605204,8.183028255988576,B_replication,SPY
russia-x-ukraine-ceasefire-in-2025,2025-12-23,2025-12-24,overnight,0.0,0.581471413412249,own,0.6039217846481918,2.677264910522229,2.677264910522229,73.96410305526797,246,203,0.0,-94.79239447563144,94.79239447563144,8.116337154355536,B_replication,SPY
us-x-venezuela-military-engagement-by-december-31-391-819-722-945-174-285-817-971-353-859-836-598-255-382-192-983,2025-12-23,2025-12-24,overnight,2.0,0.581471413412249,own,-0.13351403633799436,0.8707576007600678,0.8707576007600678,46.57088381270998,76,73,-0.2670280726759887,-59.99398955047641,59.459933405124424,8.116337154355536,B_replication,SPY
will-china-invade-taiwan-before-2027,2025-12-23,2025-12-24,overnight,-0.5,0.581471413412249,own,-3.3516351409186336,4.88512404595519,4.88512404595519,44.79412844905959,105,42,1.6758175704593168,-55.817621956721325,59.16925709763996,8.116337154355536,B_replication,SPY
will-the-supreme-court-rule-in-favor-of-trumps-tariffs,2025-12-23,2025-12-24,overnight,1.0,0.581471413412249,own,1.5739190500567113,2.3021108332054263,2.3021108332054263,46.06379425398593,78,54,1.5739190500567113,-57.53511876822472,60.68295686833814,8.116337154355536,B_replication,SPY
russia-x-ukraine-ceasefire-in-2025,2025-12-24,2025-12-26,holiday,1.1,3.766041889974314,own,0.6039217846481918,2.677264910522229,2.677264910522229,73.81362573328319,247,203,0.664313963113011,-94.01049173758136,95.3391196638074,8.092356041239867,B_replication,SPY
us-x-venezuela-military-engagement-by-december-31-391-819-722-945-174-285-817-971-353-859-836-598-255-382-192-983,2025-12-24,2025-12-26,holiday,-0.5,3.766041889974314,own,-0.13310950738157562,0.8698829210785228,0.8698829210785228,46.263584163999965,77,74,0.06655475369078781,-59.227474915754506,59.36058442313608,8.092356041239867,B_replication,SPY
will-china-invade-taiwan-before-2027,2025-12-24,2025-12-26,holiday,-0.0,3.766041889974314,own,-3.3461906326746185,4.870567495999916,4.870567495999916,44.580440376763946,106,43,0.0,-57.13429238686068,57.13429238686068,8.092356041239867,B_replication,SPY
will-the-supreme-court-rule-in-favor-of-trumps-tariffs,2025-12-24,2025-12-26,holiday,-4.5,3.766041889974314,own,1.571398548122376,2.2950985927052874,2.2950985927052874,45.767698596155896,79,55,-7.071293466550692,-67.20208421632,53.05949728321861,8.092356041239867,B_replication,SPY
russia-x-ukraine-ceasefire-in-2025,2025-12-26,2025-12-29,weekend,-1.55,-39.26113726910541,own,0.6066462051087277,2.6746655424657537,2.6746655424657537,73.66431801803627,248,204,-0.940301617918528,-95.49788251466018,93.61727927882313,8.078630425277732,B_replication,SPY
us-x-venezuela-military-engagement-by-december-31-391-819-722-945-174-285-817-971-353-859-836-598-255-382-192-983,2025-12-26,2025-12-29,weekend,-7.65,-39.26113726910541,own,-0.13355042116934554,0.8697930943720834,0.8697930943720834,45.96412294962245,78,75,1.0216607219454934,-58.500004914117824,60.54332635800881,8.078630425277732,B_replication,SPY
will-china-invade-taiwan-before-2027,2025-12-26,2025-12-29,weekend,-1.0,-39.26113726910541,own,-3.3461906326746185,4.870567495999916,4.870567495999916,44.37116476236083,107,43,3.3461906326746185,-53.86146313200364,60.55384439735288,8.078630425277732,B_replication,SPY
will-the-supreme-court-rule-in-favor-of-trumps-tariffs,2025-12-26,2025-12-29,weekend,-0.0,-39.26113726910541,own,1.4536014246818867,2.1545020870599423,2.1545020870599423,45.49265032028713,80,56,-0.0,-58.303380650479994,58.303380650479994,8.078630425277732,B_replication,SPY
russia-x-ukraine-ceasefire-in-2025,2025-12-29,2025-12-30,overnight,0.0,-5.742614561525805,own,0.6539844400528217,2.671096140441529,2.671096140441529,73.55583562462381,249,205,0.0,-94.26915893651788,94.26915893651788,7.9289157899381255,B_replication,SPY
us-x-venezuela-military-engagement-by-december-31-391-819-722-945-174-285-817-971-353-859-836-598-255-382-192-983,2025-12-29,2025-12-30,overnight,22.35,-5.742614561525805,own,-0.061105690137881266,0.8654433982989307,0.8654433982989307,45.8926178474639,79,76,-1.3657121745816463,-65.19236277847769,62.46093842931439,7.9289157899381255,B_replication,SPY
will-china-invade-taiwan-before-2027,2025-12-29,2025-12-30,overnight,-0.0,-5.742614561525805,own,-2.9264140031004313,4.768184157009563,4.768184157009563,44.353120683966644,108,44,0.0,-56.84295946857166,56.84295946857166,7.9289157899381255,B_replication,SPY
will-the-supreme-court-rule-in-favor-of-trumps-tariffs,2025-12-29,2025-12-30,overnight,-1.5,-5.742614561525805,own,1.4536014246818867,2.1545020870599423,2.1545020870599423,45.42003334427625,81,56,-2.18040213702283,-60.53788127528278,56.177077001237116,7.9289157899381255,B_replication,SPY
russia-x-ukraine-ceasefire-in-2025,2025-12-30,2025-12-31,overnight,-0.15,2.911462427577227,own,0.6539844400528217,2.671096140441529,2.671096140441529,73.40888662711431,250,205,-0.09809766600792326,-94.18032807076102,93.98413273874519,7.885815126787232,B_replication,SPY
us-x-venezuela-military-engagement-by-december-31-391-819-722-945-174-285-817-971-353-859-836-598-255-382-192-983,2025-12-30,2025-12-31,overnight,2.3,2.911462427577227,own,-0.08168589152412008,0.7661594774544613,0.7661594774544613,45.60361260497333,80,77,-0.18787755050547617,-58.677084411755025,58.30132931074407,7.885815126787232,B_replication,SPY
will-china-invade-taiwan-before-2027,2025-12-30,2025-12-31,overnight,0.5,2.911462427577227,own,-2.9264140031004313,4.768184157009563,4.768184157009563,44.15076278267065,109,44,-1.4632070015502157,-58.12926005020587,55.20284604710544,7.885815126787232,B_replication,SPY
will-the-supreme-court-rule-in-favor-of-trumps-tariffs,2025-12-30,2025-12-31,overnight,1.0,2.911462427577227,own,1.4664382262116273,2.143620058732186,2.143620058732186,45.140517931062384,82,57,1.4664382262116273,-56.4508434530544,59.383719905477655,7.885815126787232,B_replication,SPY
