variant,cost_mult,segment,weekend,day,ticker,side,signal_pp,links,beta,gross_bp,cost_bp,net_bp,pnl,traded,vol30,question
V0,1.0,earlier,False,2025-10-03,FXI,long,15.500003099441528,1,0.5835956408720637,-25.419827502423672,5.1671912817441275,-30.5870187841678,-30.5870187841678,31671.912817441276,79105678.978,Will Trump visit China by March 31?
V0,1.0,earlier,False,2025-10-03,KWEB,long,15.500003099441528,1,0.728121768813172,-63.37415239647591,5.456243537626344,-68.83039593410226,-68.83039593410226,34562.43537626344,75036642.33480002,Will Trump visit China by March 31?
V0,1.0,earlier,False,2025-10-22,TSLA,short,-11.000001430511475,1,2.374997215867139,-42.12708825732655,8.749994431734278,-50.87708268906083,-50.87708268906083,67499.94431734277,3447417555.6433,Tesla launches unsupervised full self driving (FSD) by June 30?
V0,1.0,earlier,False,2025-10-23,TSLA,long,15.50000011920929,1,2.360438565992952,566.3503870851996,8.720877131985905,557.6295099532136,557.6295099532136,67208.77131985904,9259043948.2554,Tesla launches unsupervised full self driving (FSD) by June 30?
V0,1.0,earlier,True,2025-10-27,ORCL,long,31.999999284744263,1,1.3003336186199608,-230.2131844379069,6.6006672372399215,-236.81385167514682,-236.81385167514682,46006.67237239922,754443564.2508,TikTok sale announced in 2025?
V0,1.0,earlier,False,2025-10-30,FXI,short,-48.499999940395355,1,1.184665421587121,-69.66725451985985,6.369330843174242,-76.03658536303409,-76.03658536303409,43693.30843174242,211382941.9482,Will Trump visit China by March 31?
V0,1.0,earlier,False,2025-10-30,KWEB,short,-48.499999940395355,1,1.6135681238095019,-109.38411526859782,7.227136247619004,-116.61125151621683,-116.61125151621683,52271.36247619004,176523633.6173,Will Trump visit China by March 31?
V0,1.0,earlier,False,2025-10-30,ORCL,short,-16.999998688697815,1,1.0647727690142665,379.4485782050459,6.129545538028533,373.3190326670174,373.3190326670174,41295.45538028533,900717438.3298,TikTok sale announced in 2025?
V0,1.0,earlier,False,2025-11-07,JETS,short,-11.224999278783798,2,1.3010725278079838,-236.9687639511606,12.602145055615967,-249.5709090067766,-249.57090900677656,46021.450556159674,8384265.6003,Will the Government shutdown end November 12-15?
V0,1.0,earlier,True,2025-11-10,JETS,long,48.900000751018524,2,1.3011815039733043,-235.35625107358067,12.60236300794661,-247.9586140815273,-247.9586140815273,46023.63007946609,15876948.517299999,Will the Government shutdown end November 12-15?
V0,1.0,earlier,True,2025-11-10,SPY,long,32.966667165358864,3,1.0,0.0,6.0,-6.0,-6.0,40000.0,7385603300.5336,US recession in 2025?
V0,1.0,earlier,False,2025-12-10,TSLA,long,11.500000953674316,1,2.5953589681151223,-65.93104246063221,9.190717936230245,-75.12176039686246,-75.12176039686246,71907.17936230244,3846340109.2393003,Tesla launches unsupervised full self driving (FSD) by June 30?
V0,1.0,earlier,True,2025-12-15,TSLA,long,15.500003099441528,1,2.4750821899303412,301.8418487864266,8.950164379860682,292.89168440656596,292.89168440656596,69501.64379860682,12411057626.335402,Tesla launches unsupervised full self driving (FSD) by June 30?
V0,1.0,earlier,False,2025-12-19,ORCL,long,73.10000136494637,1,1.3062905526507322,131.6528536007362,6.612581105301464,125.04027249543473,125.04027249543473,46125.81105301464,2613411300.2989,TikTok sale announced in 2025?
V0,1.0,earlier,True,2025-12-22,ORCL,long,20.699995756149292,1,1.3479279164315776,62.00012364362221,6.695855832863155,55.30426781075906,55.30426781075905,46958.55832863155,986370186.45,TikTok sale announced in 2025?
V0,1.0,earlier,True,2025-12-22,TSLA,long,11.500000953674316,1,2.456825946354254,-53.19202043070454,8.913651892708508,-62.105672323413046,-62.10567232341304,69136.51892708508,8605119552.7113,Tesla launches unsupervised full self driving (FSD) by June 30?
V0,1.0,earlier,True,2025-12-29,TSLA,short,-14.500004053115845,1,2.3876290103184785,210.4181386260537,8.775258020636958,201.64288060541674,201.64288060541674,67752.58020636957,5496133183.7149,Tesla launches unsupervised full self driving (FSD) by June 30?
V0,1.0,earlier,False,2026-01-08,TSLA,short,-15.000000596046448,1,2.3694979894743464,-164.7015049668167,8.738995978948694,-173.4405009457654,-173.4405009457654,67389.95978948692,4814870510.844801,Tesla launches unsupervised full self driving (FSD) by June 30?
V0,1.0,earlier,True,2026-01-12,XOP,long,10.499998927116394,1,0.40240392122801877,-30.80282953586551,4.804807842456038,-35.60763737832155,-35.60763737832155,28048.078424560375,31027192.157299995,"US strikes Iran by March 31, 2026?"
V0,1.0,earlier,False,2026-01-13,XOP,long,11.000001430511475,1,0.40675651184809336,69.100233783756,4.813513023696187,64.28672076005981,64.28672076005981,28135.130236961868,114299046.3381,"US strikes Iran by March 31, 2026?"
V0,1.0,earlier,False,2026-01-15,XOP,short,-22.499999403953552,1,0.30771291420277624,-9.820991356983061,4.615425828405552,-14.436417185388613,-14.436417185388613,26154.258284055522,159811709.2451,"US strikes Iran by March 31, 2026?"
V0,1.0,earlier,False,2026-01-15,ITA,short,-13.750000298023224,2,1.1878686807169212,-105.93936350746081,6.375737361433842,-112.31510086889466,-112.31510086889467,43757.37361433842,36362375.4807,"Israel strikes Iran by January 31, 2026?"
V0,1.0,earlier,False,2026-01-15,XLE,short,-10.500000417232513,4,0.1531652314554639,-3.1708646096902844,4.306330462910928,-7.477195072601212,-7.477195072601211,23063.30462910928,435247654.03730005,"Israel strikes Iran by January 31, 2026?"
V0,1.0,earlier,False,2026-01-23,TSLA,short,-17.500001192092896,1,2.410954515139186,-0.504397726906686,8.821909030278372,-9.326306757185058,-9.326306757185058,68219.09030278372,4530583037.0356,Tesla launches unsupervised full self driving (FSD) by June 30?
V0,1.0,earlier,False,2026-01-29,TSLA,long,31.349998712539673,1,2.184292888196807,-411.98843404142934,8.368585776393614,-420.35701981782296,-420.35701981782296,63685.85776393614,6457880978.4423,Tesla launches unsupervised full self driving (FSD) by June 30?
V0,1.0,earlier,False,2026-01-30,UUP,long,38.5249998915242,2,-0.05759806513048462,44.94333390557097,10.11519613026097,34.82813777531,34.82813777531,21151.961302609692,3946784.3219,Will Trump nominate Kevin Hassett as the next Fed chair?
V0,1.0,earlier,False,2026-01-30,GLD,short,-26.64999988434526,3,0.4427672571713788,443.1769709868348,4.8855345143427575,438.2914364724921,438.2914364724921,28855.345143427574,3105946434.9021,Will Trump nominate Kevin Hassett as the next Fed chair?
V0,1.0,earlier,True,2026-02-02,XOP,short,-22.999998927116394,2,0.3455460056892789,-6.3884281848617785,4.691092011378558,-11.079520196240336,-11.079520196240336,26910.920113785578,137529258.5766,"US strikes Iran by February 28, 2026?"
V0,1.0,earlier,True,2026-02-02,ITA,short,-16.00000262260437,1,1.1324313735621252,90.71746828278289,6.26486274712425,84.45260553565863,84.45260553565863,42648.62747124251,33885178.7176,"US strikes Iran by June 30, 2026?"
V0,1.0,earlier,True,2026-02-02,XLE,short,-15.249999612569809,4,0.21352329925566854,28.18702097563457,4.427046598511337,23.759974377123235,23.759974377123235,24270.465985113373,519567325.5339999,"US strikes Iran by June 30, 2026?"
V0,1.0,earlier,True,2026-02-09,EWU,short,-36.500003933906555,1,0.7708239193160309,-31.16171103416482,5.541647838632062,-36.70335887279688,-36.70335887279688,35416.47838632062,6270285.2891999995,"Starmer out by June 30, 2026?"
V0,1.0,earlier,False,2026-02-18,XOP,long,19.999999552965164,2,0.5025804545162549,74.19056107983417,5.00516090903251,69.18540017080166,69.18540017080166,30051.6090903251,103442634.98560001,"US strikes Iran by February 28, 2026?"
V0,1.0,earlier,False,2026-02-18,ITA,long,14.999997615814209,1,1.0668107176446502,0.5640289974992657,6.1336214352893,-5.5695924377900345,-5.5695924377900345,41336.214352893,34932162.136999995,"US strikes Iran by June 30, 2026?"
V0,1.0,earlier,False,2026-02-18,XLE,long,11.399999260902405,5,0.2222606412147776,40.40167781413981,4.444521282429555,35.957156531710254,35.957156531710254,24445.21282429555,576209025.6802, Iran agrees to end enrichment of uranium by June 30?
V0,1.0,earlier,False,2026-02-27,XOP,long,15.999998897314072,2,0.36573316521583443,155.23683139326542,4.731466330431669,150.50536506283376,150.50536506283376,27314.663304316688,69743790.2204352,"US strikes Iran by February 28, 2026?"
V0,1.0,earlier,False,2026-02-27,ITA,long,12.999999523162842,1,1.0203931923455192,86.07370907283646,6.040786384691039,80.03292268814542,80.03292268814542,40407.86384691039,26796616.400688305,"US strikes Iran by June 30, 2026?"
V0,1.0,earlier,False,2026-02-27,XLE,long,11.499999463558197,5,0.17229270495719046,40.606359959181084,4.344585409914381,36.261774549266704,36.261774549266704,23445.85409914381,435173028.8838401, Iran agrees to end enrichment of uranium by June 30?
V0,1.0,earlier,True,2026-03-02,FXI,short,-16.499999165534973,2,0.9067366188045243,-18.226293159087447,5.813473237609049,-24.039766396696496,-24.039766396696496,38134.732376090484,214606082.02948236,Will Trump visit China by March 31?
V0,1.0,earlier,True,2026-03-02,KWEB,short,-16.499999165534973,2,1.1197998605089348,-34.28691363113969,6.2395997210178695,-40.52651335215756,-40.52651335215756,42395.9972101787,123561641.87282702,Will Trump visit China by March 31?
V0,1.0,earlier,True,2026-03-02,USO,long,11.208333106090626,6,0.13987524980145485,-63.969845241169736,4.27975049960291,-68.24959574077265,-68.24959574077265,22797.504996029096,433014894.67070025, Iran agrees to end enrichment of uranium by June 30?
V0,1.0,earlier,True,2026-03-02,XLE,short,-10.999999940395355,2,0.1599869599078207,146.17431949859144,4.3199739198156415,141.8543455787758,141.8543455787758,23199.739198156414,1606799765.9557076, Iran agrees to end enrichment of uranium by June 30?
V0,1.0,earlier,True,2026-03-16,FXI,short,-29.40000146627426,2,0.8694047144904508,12.963017575391483,5.738809428980901,7.224208146410581,7.224208146410581,37388.094289809014,171116290.996937,Will Trump visit China by March 31?
V0,1.0,earlier,True,2026-03-16,KWEB,short,-29.40000146627426,2,1.121112012295154,37.36645429478236,6.242224024590308,31.12423027019205,31.12423027019205,42422.24024590308,97100306.03076704,Will Trump visit China by March 31?
V0,1.0,earlier,True,2026-03-16,SPY,short,-10.624999552965164,4,0.9999999999999999,-1.0842021724855044e-15,6.0,-6.000000000000001,-6.000000000000001,40000.0,6050404925.860184,Strait of Hormuz traffic returns to normal by end of April?
V0,1.0,earlier,False,2026-03-17,FXI,short,-31.07499945908785,2,0.8866029185828201,28.017084129153258,5.773205837165641,22.243878291987617,22.243878291987617,37732.0583716564,108533922.65827411,Will Trump visit China by March 31?
V0,1.0,earlier,False,2026-03-17,KWEB,short,-31.07499945908785,2,1.1454281597483182,88.68067313811376,6.290856319496637,82.38981681861712,82.38981681861712,42908.563194966366,104243799.65902728,Will Trump visit China by March 31?
V0,1.0,earlier,True,2026-03-23,SPY,long,14.750000461935997,4,1.0,0.0,6.0,-6.0,-6.0,40000.0,10316140333.071339,Strait of Hormuz traffic returns to normal by end of April?
V0,1.0,earlier,True,2026-03-23,XLE,short,-11.285713953631264,7,0.1723244124202351,-304.1724357056021,4.34464882484047,-308.51708453044256,-308.51708453044256,23446.4882484047,830267176.7007679,Strait of Hormuz traffic returns to normal by end of April?
V0,1.0,earlier,False,2026-04-08,SPY,long,27.39999933789174,6,1.0,0.0,6.0,-6.0,-6.0,40000.0,9001027549.964426,Strait of Hormuz traffic returns to normal by end of April?
V0,1.0,earlier,False,2026-04-08,XLE,short,-21.789999343454838,10,-0.14998198254795106,-244.08337261985952,4.299963965095902,-248.38333658495543,-248.3833365849554,22999.639650959023,1370167600.042646,Strait of Hormuz traffic returns to normal by end of April?
V0,1.0,earlier,False,2026-04-08,USO,short,-16.43666609500845,15,-1.621537882385945,-439.84578035743084,7.2430757647718895,-447.08885612220274,-447.0888561222027,52430.75764771889,753798494.0751321,Strait of Hormuz traffic returns to normal by end of April?
V0,1.0,earlier,True,2026-04-13,SPY,short,-13.099999938692365,7,1.0,-0.0,6.0,-6.0,-6.0,40000.0,3385571026.90475,Strait of Hormuz traffic returns to normal by end of April?
V0,1.0,earlier,False,2026-04-14,XOP,short,-11.499994993209839,1,-0.45316037959949207,164.22940911801481,4.906320759198984,159.32308835881582,159.32308835881582,29063.20759198984,327355808.48290396,"Will Donald Trump announce that the United States blockade of the Strait of Hormuz has been lifted by May 31, 2026?"
V0,1.0,earlier,False,2026-04-17,XOP,short,-13.249999284744263,2,-0.5675125020101974,-19.4515304264254,5.135025004020395,-24.586555430445795,-24.586555430445795,31350.250040203948,240889084.3065442,"Will Donald Trump announce that the United States blockade of the Strait of Hormuz has been lifted by May 31, 2026?"
V0,1.0,earlier,False,2026-04-17,SPY,long,12.037500739097595,8,1.0,0.0,6.0,-6.0,-6.0,40000.0,4873966304.922256,Strait of Hormuz traffic returns to normal by end of April?
V0,1.0,earlier,False,2026-04-17,XLE,short,-10.317857776369367,14,-0.38320148286383393,-127.76220883962574,4.766402965727668,-132.52861180535342,-132.52861180535342,27664.02965727668,900556429.4628277,Strait of Hormuz traffic returns to normal by end of April?
V0,1.0,earlier,False,2026-05-06,IBIT,short,-21.20000161230564,1,1.7810843401859109,191.57788598539483,7.562168680371822,184.015717305023,184.015717305023,55621.68680371822,233172294.44239405,"MicroStrategy sells any Bitcoin by June 30, 2026?"
V0,1.0,earlier,False,2026-05-06,MSTR,short,-21.20000161230564,1,2.8452705296152208,95.10286496090072,9.69054105923044,85.41232390167028,85.41232390167028,76905.41059230441,381611783.74888766,"MicroStrategy sells any Bitcoin by June 30, 2026?"
V0,1.0,earlier,False,2026-05-06,XOP,short,-11.499998966852823,3,-0.8983708136282634,80.60941097143535,5.796741627256527,74.81266934417883,74.81266934417883,37967.416272565264,101312185.53812243,"US x Iran permanent peace deal by December 31, 2026?"
V0,1.0,earlier,False,2026-05-08,EWU,long,12.999999523162842,1,1.0451376864930952,-34.83213323369838,6.0902753729861905,-40.92240860668457,-40.92240860668457,40902.753729861906,2102355.5259516714,"Starmer out by June 30, 2026?"
V0,1.0,earlier,True,2026-05-11,EWU,short,-16.00000113248825,1,1.0515226046035853,72.17319825653696,6.1030452092071705,66.0701530473298,66.0701530473298,41030.452092071704,2706256.3505053995,"Starmer out by June 30, 2026?"
V0,1.0,earlier,True,2026-05-11,XOP,long,12.500001986821493,3,-1.0150899835701432,94.78426709153551,6.0301799671402865,88.75408712439523,88.75408712439523,40301.79967140286,71008527.29562627,"US x Iran permanent peace deal by December 31, 2026?"
V0,1.0,earlier,False,2026-05-13,EWU,short,-12.000000476837158,1,1.0797145296666102,-59.54911505222929,6.15942905933322,-65.7085441115625,-65.7085441115625,41594.2905933322,2626601.911739758,"Starmer out by June 30, 2026?"
V0,1.0,earlier,False,2026-05-15,IBIT,short,-12.474998831748962,2,1.6863158459794805,52.91905418456425,7.372631691958961,45.54642249260529,45.54642249260529,53726.31691958961,543593501.1155214,"MicroStrategy sells any Bitcoin by May 31, 2026?"
V0,1.0,earlier,False,2026-05-15,MSTR,short,-12.474998831748962,2,2.857362131634089,154.08224363574436,9.714724263268177,144.36751937247618,144.36751937247618,77147.24263268178,529218413.73373896,"MicroStrategy sells any Bitcoin by May 31, 2026?"
V0,1.0,earlier,False,2026-05-15,EWU,long,10.999998450279236,1,1.061358896958091,-7.2497719866648245,6.122717793916182,-13.372489780581006,-13.372489780581006,41227.177939161826,3610762.148570934,"Starmer out by June 30, 2026?"
V0,1.0,earlier,True,2026-05-18,EWU,short,-21.000000834465027,1,1.0820281208305085,-122.56034430373238,6.164056241661017,-128.7244005453934,-128.7244005453934,41640.56241661017,6386896.884524758,"Starmer out by June 30, 2026?"
V0,1.0,earlier,True,2026-05-18,IBIT,long,11.525000631809235,2,1.7250695173706347,-19.541366642374076,7.4501390347412695,-26.991505677115345,-26.991505677115345,54501.39034741269,312614057.7486825,"MicroStrategy sells any Bitcoin by May 31, 2026?"
V0,1.0,earlier,True,2026-05-18,MSTR,long,11.525000631809235,2,2.9365407632460143,-90.56930771866843,9.87308152649203,-100.44238924516046,-100.44238924516046,78730.81526492028,587014699.2048044,"MicroStrategy sells any Bitcoin by May 31, 2026?"
V0,1.0,earlier,False,2026-05-21,IBIT,long,10.949999839067459,2,1.6588295931400365,-38.58764252958856,7.317659186280073,-45.90530171586863,-45.90530171586863,53176.59186280073,189733419.5515544,"MicroStrategy sells any Bitcoin by May 31, 2026?"
V0,1.0,earlier,False,2026-05-21,MSTR,long,10.949999839067459,2,2.877899078748591,-120.56777784118306,9.755798157497182,-130.32357599868024,-130.32357599868024,77557.98157497183,239156108.0577103,"MicroStrategy sells any Bitcoin by May 31, 2026?"
V0,1.0,earlier,False,2026-05-29,IBIT,short,-23.55000004172325,2,1.5001771000910915,-54.19495523884159,7.0003542001821835,-61.195309439023774,-61.195309439023774,50003.542001821836,143945169.25729495,"MicroStrategy sells any Bitcoin by May 31, 2026?"
V0,1.0,earlier,False,2026-05-29,MSTR,short,-23.55000004172325,2,2.7061275057244925,-606.0786195763219,9.412255011448984,-615.4908745877709,-615.4908745877709,74122.55011448984,192825333.1197421,"MicroStrategy sells any Bitcoin by May 31, 2026?"
V0,1.0,earlier,True,2026-06-01,IBIT,short,-44.09999921917915,2,1.4343969938495296,86.61267588021121,6.868793987699059,79.74388189251215,79.74388189251215,48687.93987699059,486240380.5154171,"MicroStrategy sells any Bitcoin by May 31, 2026?"
V0,1.0,earlier,True,2026-06-01,MSTR,short,-44.09999921917915,2,2.6208870966632025,17.273755727787773,9.241774193326405,8.031981534461368,8.031981534461368,72417.74193326406,545297269.530413,"MicroStrategy sells any Bitcoin by May 31, 2026?"
V0,1.0,earlier,True,2026-06-01,SPY,short,-12.125001224922016,4,1.0,-0.0,6.0,-6.0,-6.0,40000.0,3840530464.3732686,Strait of Hormuz traffic returns to normal by end of May?
V0,1.0,earlier,True,2026-06-01,USO,long,10.219231199544783,13,-3.3467630093200365,127.91295720263096,10.693526018640073,117.21943118399089,117.21943118399088,86935.26018640073,241157320.53699073, Iran agrees to end enrichment of uranium by June 30?
V0,1.0,earlier,True,2026-06-01,XLE,long,10.219231199544783,13,-0.8371002467694542,84.0002381985668,5.674200493538908,78.3260377050279,78.3260377050279,36742.004935389086,760346365.5490105, Iran agrees to end enrichment of uranium by June 30?
V0,1.0,earlier,True,2026-06-15,SPY,long,34.16666587193807,3,0.9999999999999999,4.336808689942018e-15,6.0,-5.999999999999996,-5.999999999999996,40000.0,4181030092.3398404,"US x Iran permanent peace deal by July 31, 2026?"
V0,1.0,earlier,True,2026-06-15,XOP,short,-24.46250148350373,4,-1.0704968212387653,-95.87517985356024,6.140993642477531,-102.01617349603777,-102.01617349603777,41409.936424775304,212518427.46709487,"US x Iran permanent peace deal by December 31, 2026?"
V0,1.0,earlier,True,2026-06-15,USO,short,-22.981818625703454,11,-2.24798716427117,-198.33643509818444,8.49597432854234,-206.83240942672677,-206.83240942672677,64959.74328542341,160888648.0829464, Iran agrees to end enrichment of uranium by June 30?
V0,1.0,earlier,True,2026-06-15,XLE,short,-22.981818625703454,11,-0.7359824105271304,-94.53594266068521,5.471964821054261,-100.00790748173947,-100.00790748173947,34719.64821054261,671480386.250997, Iran agrees to end enrichment of uranium by June 30?
V0,1.0,earlier,False,2026-06-25,SPY,long,19.500000774860382,2,1.0000000000000002,1.734723475976807e-14,6.0,-5.999999999999982,-5.999999999999982,40000.0,4995383950.533366,Strait of Hormuz traffic returns to normal by July 15?
V0,1.0,earlier,False,2026-06-25,XOP,short,-11.350000277161598,1,-1.0159543608980204,-112.6104160049425,6.031908721796041,-118.64232472673854,-118.64232472673855,40319.08721796041,75080904.47914997,Strait of Hormuz traffic returns to normal by end of June?
V0,1.0,earlier,True,2026-06-29,SPY,short,-15.000000596046448,2,0.9999999999999998,-1.734723475976807e-14,6.0,-6.000000000000018,-6.000000000000018,39999.99999999999,3931571079.3664546,Strait of Hormuz traffic returns to normal by July 15?
V0,1.0,recent,True,2026-07-27,SPY,long,13.966667465865612,3,1.0,0.0,6.0,-6.0,-6.0,40000.0,2953265433.9474688,US x Iran Effective Ceasefire by July 31?
V0,1.0,recent,True,2026-07-27,USO,short,-13.966667465865612,3,-1.2325665943868414,414.197549234004,6.465133188773683,407.7324160452303,407.7324160452303,44651.33188773683,138274761.80189905,US x Iran Effective Ceasefire by July 31?
V0,1.0,recent,True,2026-07-27,XLE,short,-13.966667465865612,3,-0.6745119473733101,58.46973599466178,5.349023894746621,53.12071209991516,53.12071209991516,33490.238947466205,381507777.67686254,US x Iran Effective Ceasefire by July 31?
V0,1.0,recent,False,2026-07-29,SPY,short,-13.33333303531011,3,1.0,-0.0,6.0,-6.0,-6.0,40000.0,2695204911.1719136,US x Iran Effective Ceasefire by July 31?
V0,1.0,recent,False,2026-07-29,USO,long,13.33333303531011,3,-1.197903600120334,-102.38524793902793,6.395807200240668,-108.7810551392686,-108.7810551392686,43958.07200240668,183689411.36903208,US x Iran Effective Ceasefire by July 31?
V0,1.0,recent,False,2026-07-29,XLE,long,13.33333303531011,3,-0.7131490412071572,-176.97657544888688,5.4262980824143145,-182.4028735313012,-182.4028735313012,34262.980824143146,503538018.22736233,US x Iran Effective Ceasefire by July 31?
V0,1.0,recent,True,2026-08-03,SPY,long,17.500000198682148,3,1.0,0.0,6.0,-6.0,-6.0,40000.0,4781798264.977551,US x Iran Effective Ceasefire by July 31?
V0,1.0,recent,True,2026-08-03,USO,short,-17.500000198682148,3,-1.2756126553146798,-252.6646045947581,6.551225310629359,-259.21582990538747,-259.21582990538747,45512.25310629359,133552275.55306269,US x Iran Effective Ceasefire by July 31?
V0,1.0,recent,True,2026-08-03,XLE,short,-17.500000198682148,3,-0.6551435571868317,-88.98348292839928,5.310287114373663,-94.29377004277295,-94.29377004277295,33102.87114373663,267808730.34620717,US x Iran Effective Ceasefire by July 31?
V0,2.0,earlier,False,2025-10-03,FXI,long,15.500003099441528,1,0.5835956408720637,-25.419827502423672,10.334382563488255,-35.75421006591193,-35.75421006591193,31671.912817441276,79105678.978,Will Trump visit China by March 31?
V0,2.0,earlier,False,2025-10-03,KWEB,long,15.500003099441528,1,0.728121768813172,-63.37415239647591,10.912487075252688,-74.28663947172859,-74.28663947172859,34562.43537626344,75036642.33480002,Will Trump visit China by March 31?
V0,2.0,earlier,False,2025-10-22,TSLA,short,-11.000001430511475,1,2.374997215867139,-42.12708825732655,17.499988863468555,-59.62707712079511,-59.627077120795114,67499.94431734277,3447417555.6433,Tesla launches unsupervised full self driving (FSD) by June 30?
V0,2.0,earlier,False,2025-10-23,TSLA,long,15.50000011920929,1,2.360438565992952,566.3503870851996,17.44175426397181,548.9086328212278,548.9086328212278,67208.77131985904,9259043948.2554,Tesla launches unsupervised full self driving (FSD) by June 30?
V0,2.0,earlier,True,2025-10-27,ORCL,long,31.999999284744263,1,1.3003336186199608,-230.2131844379069,13.201334474479843,-243.41451891238674,-243.41451891238677,46006.67237239922,754443564.2508,TikTok sale announced in 2025?
V0,2.0,earlier,False,2025-10-30,FXI,short,-48.499999940395355,1,1.184665421587121,-69.66725451985985,12.738661686348484,-82.40591620620833,-82.40591620620833,43693.30843174242,211382941.9482,Will Trump visit China by March 31?
V0,2.0,earlier,False,2025-10-30,KWEB,short,-48.499999940395355,1,1.6135681238095019,-109.38411526859782,14.454272495238008,-123.83838776383584,-123.83838776383584,52271.36247619004,176523633.6173,Will Trump visit China by March 31?
V0,2.0,earlier,False,2025-10-30,ORCL,short,-16.999998688697815,1,1.0647727690142665,379.4485782050459,12.259091076057066,367.18948712898884,367.18948712898884,41295.45538028533,900717438.3298,TikTok sale announced in 2025?
V0,2.0,earlier,False,2025-11-07,JETS,short,-11.224999278783798,2,1.3010725278079838,-236.9687639511606,25.204290111231934,-262.17305406239257,-262.17305406239257,46021.450556159674,8384265.6003,Will the Government shutdown end November 12-15?
V0,2.0,earlier,True,2025-11-10,JETS,long,48.900000751018524,2,1.3011815039733043,-235.35625107358067,25.20472601589322,-260.5609770894739,-260.5609770894739,46023.63007946609,15876948.517299999,Will the Government shutdown end November 12-15?
V0,2.0,earlier,True,2025-11-10,SPY,long,32.966667165358864,3,1.0,0.0,12.0,-12.0,-12.0,40000.0,7385603300.5336,US recession in 2025?
V0,2.0,earlier,False,2025-12-10,TSLA,long,11.500000953674316,1,2.5953589681151223,-65.93104246063221,18.38143587246049,-84.3124783330927,-84.3124783330927,71907.17936230244,3846340109.2393003,Tesla launches unsupervised full self driving (FSD) by June 30?
V0,2.0,earlier,True,2025-12-15,TSLA,long,15.500003099441528,1,2.4750821899303412,301.8418487864266,17.900328759721365,283.94152002670523,283.94152002670523,69501.64379860682,12411057626.335402,Tesla launches unsupervised full self driving (FSD) by June 30?
V0,2.0,earlier,False,2025-12-19,ORCL,long,73.10000136494637,1,1.3062905526507322,131.6528536007362,13.225162210602928,118.42769139013326,118.42769139013325,46125.81105301464,2613411300.2989,TikTok sale announced in 2025?
V0,2.0,earlier,True,2025-12-22,ORCL,long,20.699995756149292,1,1.3479279164315776,62.00012364362221,13.39171166572631,48.6084119778959,48.6084119778959,46958.55832863155,986370186.45,TikTok sale announced in 2025?
V0,2.0,earlier,True,2025-12-22,TSLA,long,11.500000953674316,1,2.456825946354254,-53.19202043070454,17.827303785417016,-71.01932421612156,-71.01932421612156,69136.51892708508,8605119552.7113,Tesla launches unsupervised full self driving (FSD) by June 30?
V0,2.0,earlier,True,2025-12-29,TSLA,short,-14.500004053115845,1,2.3876290103184785,210.4181386260537,17.550516041273916,192.86762258477978,192.86762258477978,67752.58020636957,5496133183.7149,Tesla launches unsupervised full self driving (FSD) by June 30?
V0,2.0,earlier,False,2026-01-08,TSLA,short,-15.000000596046448,1,2.3694979894743464,-164.7015049668167,17.477991957897387,-182.1794969247141,-182.1794969247141,67389.95978948692,4814870510.844801,Tesla launches unsupervised full self driving (FSD) by June 30?
V0,2.0,earlier,True,2026-01-12,XOP,long,10.499998927116394,1,0.40240392122801877,-30.80282953586551,9.609615684912075,-40.412445220777585,-40.412445220777585,28048.078424560375,31027192.157299995,"US strikes Iran by March 31, 2026?"
V0,2.0,earlier,False,2026-01-13,XOP,long,11.000001430511475,1,0.40675651184809336,69.100233783756,9.627026047392373,59.47320773636362,59.47320773636362,28135.130236961868,114299046.3381,"US strikes Iran by March 31, 2026?"
V0,2.0,earlier,False,2026-01-15,XOP,short,-22.499999403953552,1,0.30771291420277624,-9.820991356983061,9.230851656811105,-19.051843013794166,-19.051843013794166,26154.258284055522,159811709.2451,"US strikes Iran by March 31, 2026?"
V0,2.0,earlier,False,2026-01-15,ITA,short,-13.750000298023224,2,1.1878686807169212,-105.93936350746081,12.751474722867684,-118.6908382303285,-118.6908382303285,43757.37361433842,36362375.4807,"Israel strikes Iran by January 31, 2026?"
V0,2.0,earlier,False,2026-01-15,XLE,short,-10.500000417232513,4,0.1531652314554639,-3.1708646096902844,8.612660925821856,-11.78352553551214,-11.78352553551214,23063.30462910928,435247654.03730005,"Israel strikes Iran by January 31, 2026?"
V0,2.0,earlier,False,2026-01-23,TSLA,short,-17.500001192092896,1,2.410954515139186,-0.504397726906686,17.643818060556743,-18.14821578746343,-18.14821578746343,68219.09030278372,4530583037.0356,Tesla launches unsupervised full self driving (FSD) by June 30?
V0,2.0,earlier,False,2026-01-29,TSLA,long,31.349998712539673,1,2.184292888196807,-411.98843404142934,16.737171552787228,-428.7256055942166,-428.7256055942166,63685.85776393614,6457880978.4423,Tesla launches unsupervised full self driving (FSD) by June 30?
V0,2.0,earlier,False,2026-01-30,UUP,long,38.5249998915242,2,-0.05759806513048462,44.94333390557097,20.23039226052194,24.71294164504903,24.71294164504903,21151.961302609692,3946784.3219,Will Trump nominate Kevin Hassett as the next Fed chair?
V0,2.0,earlier,False,2026-01-30,GLD,short,-26.64999988434526,3,0.4427672571713788,443.1769709868348,9.771069028685515,433.4059019581493,433.4059019581493,28855.345143427574,3105946434.9021,Will Trump nominate Kevin Hassett as the next Fed chair?
V0,2.0,earlier,True,2026-02-02,XOP,short,-22.999998927116394,2,0.3455460056892789,-6.3884281848617785,9.382184022757116,-15.770612207618894,-15.770612207618894,26910.920113785578,137529258.5766,"US strikes Iran by February 28, 2026?"
V0,2.0,earlier,True,2026-02-02,ITA,short,-16.00000262260437,1,1.1324313735621252,90.71746828278289,12.5297254942485,78.1877427885344,78.1877427885344,42648.62747124251,33885178.7176,"US strikes Iran by June 30, 2026?"
V0,2.0,earlier,True,2026-02-02,XLE,short,-15.249999612569809,4,0.21352329925566854,28.18702097563457,8.854093197022674,19.332927778611896,19.332927778611896,24270.465985113373,519567325.5339999,"US strikes Iran by June 30, 2026?"
V0,2.0,earlier,True,2026-02-09,EWU,short,-36.500003933906555,1,0.7708239193160309,-31.16171103416482,11.083295677264124,-42.24500671142894,-42.24500671142894,35416.47838632062,6270285.2891999995,"Starmer out by June 30, 2026?"
V0,2.0,earlier,False,2026-02-18,XOP,long,19.999999552965164,2,0.5025804545162549,74.19056107983417,10.01032181806502,64.18023926176915,64.18023926176915,30051.6090903251,103442634.98560001,"US strikes Iran by February 28, 2026?"
V0,2.0,earlier,False,2026-02-18,ITA,long,14.999997615814209,1,1.0668107176446502,0.5640289974992657,12.2672428705786,-11.703213873079335,-11.703213873079335,41336.214352893,34932162.136999995,"US strikes Iran by June 30, 2026?"
V0,2.0,earlier,False,2026-02-18,XLE,long,11.399999260902405,5,0.2222606412147776,40.40167781413981,8.88904256485911,31.5126352492807,31.512635249280695,24445.21282429555,576209025.6802, Iran agrees to end enrichment of uranium by June 30?
V0,2.0,earlier,False,2026-02-27,XOP,long,15.999998897314072,2,0.36573316521583443,155.23683139326542,9.462932660863338,145.77389873240207,145.77389873240207,27314.663304316688,69743790.2204352,"US strikes Iran by February 28, 2026?"
V0,2.0,earlier,False,2026-02-27,ITA,long,12.999999523162842,1,1.0203931923455192,86.07370907283646,12.081572769382078,73.99213630345439,73.99213630345439,40407.86384691039,26796616.400688305,"US strikes Iran by June 30, 2026?"
V0,2.0,earlier,False,2026-02-27,XLE,long,11.499999463558197,5,0.17229270495719046,40.606359959181084,8.689170819828762,31.917189139352324,31.917189139352324,23445.85409914381,435173028.8838401, Iran agrees to end enrichment of uranium by June 30?
V0,2.0,earlier,True,2026-03-02,FXI,short,-16.499999165534973,2,0.9067366188045243,-18.226293159087447,11.626946475218098,-29.853239634305545,-29.85323963430555,38134.732376090484,214606082.02948236,Will Trump visit China by March 31?
V0,2.0,earlier,True,2026-03-02,KWEB,short,-16.499999165534973,2,1.1197998605089348,-34.28691363113969,12.479199442035739,-46.76611307317543,-46.76611307317543,42395.9972101787,123561641.87282702,Will Trump visit China by March 31?
V0,2.0,earlier,True,2026-03-02,USO,long,11.208333106090626,6,0.13987524980145485,-63.969845241169736,8.55950099920582,-72.52934624037556,-72.52934624037556,22797.504996029096,433014894.67070025, Iran agrees to end enrichment of uranium by June 30?
V0,2.0,earlier,True,2026-03-02,XLE,short,-10.999999940395355,2,0.1599869599078207,146.17431949859144,8.639947839631283,137.53437165896017,137.53437165896017,23199.739198156414,1606799765.9557076, Iran agrees to end enrichment of uranium by June 30?
V0,2.0,earlier,True,2026-03-16,FXI,short,-29.40000146627426,2,0.8694047144904508,12.963017575391483,11.477618857961803,1.48539871742968,1.48539871742968,37388.094289809014,171116290.996937,Will Trump visit China by March 31?
V0,2.0,earlier,True,2026-03-16,KWEB,short,-29.40000146627426,2,1.121112012295154,37.36645429478236,12.484448049180616,24.882006245601744,24.882006245601744,42422.24024590308,97100306.03076704,Will Trump visit China by March 31?
V0,2.0,earlier,True,2026-03-16,SPY,short,-10.624999552965164,4,0.9999999999999999,-1.0842021724855044e-15,12.0,-12.000000000000002,-12.000000000000002,40000.0,6050404925.860184,Strait of Hormuz traffic returns to normal by end of April?
V0,2.0,earlier,False,2026-03-17,FXI,short,-31.07499945908785,2,0.8866029185828201,28.017084129153258,11.546411674331281,16.470672454821976,16.470672454821976,37732.0583716564,108533922.65827411,Will Trump visit China by March 31?
V0,2.0,earlier,False,2026-03-17,KWEB,short,-31.07499945908785,2,1.1454281597483182,88.68067313811376,12.581712638993274,76.0989604991205,76.0989604991205,42908.563194966366,104243799.65902728,Will Trump visit China by March 31?
V0,2.0,earlier,True,2026-03-23,SPY,long,14.750000461935997,4,1.0,0.0,12.0,-12.0,-12.0,40000.0,10316140333.071339,Strait of Hormuz traffic returns to normal by end of April?
V0,2.0,earlier,True,2026-03-23,XLE,short,-11.285713953631264,7,0.1723244124202351,-304.1724357056021,8.68929764968094,-312.86173335528304,-312.86173335528304,23446.4882484047,830267176.7007679,Strait of Hormuz traffic returns to normal by end of April?
V0,2.0,earlier,False,2026-04-08,SPY,long,27.39999933789174,6,1.0,0.0,12.0,-12.0,-12.0,40000.0,9001027549.964426,Strait of Hormuz traffic returns to normal by end of April?
V0,2.0,earlier,False,2026-04-08,XLE,short,-21.789999343454838,10,-0.14998198254795106,-244.08337261985952,8.599927930191804,-252.6833005500513,-252.6833005500513,22999.639650959023,1370167600.042646,Strait of Hormuz traffic returns to normal by end of April?
V0,2.0,earlier,False,2026-04-08,USO,short,-16.43666609500845,15,-1.621537882385945,-439.84578035743084,14.486151529543779,-454.33193188697464,-454.33193188697464,52430.75764771889,753798494.0751321,Strait of Hormuz traffic returns to normal by end of April?
V0,2.0,earlier,True,2026-04-13,SPY,short,-13.099999938692365,7,1.0,-0.0,12.0,-12.0,-12.0,40000.0,3385571026.90475,Strait of Hormuz traffic returns to normal by end of April?
V0,2.0,earlier,False,2026-04-14,XOP,short,-11.499994993209839,1,-0.45316037959949207,164.22940911801481,9.812641518397967,154.41676759961683,154.41676759961683,29063.20759198984,327355808.48290396,"Will Donald Trump announce that the United States blockade of the Strait of Hormuz has been lifted by May 31, 2026?"
V0,2.0,earlier,False,2026-04-17,XOP,short,-13.249999284744263,2,-0.5675125020101974,-19.4515304264254,10.27005000804079,-29.72158043446619,-29.721580434466187,31350.250040203948,240889084.3065442,"Will Donald Trump announce that the United States blockade of the Strait of Hormuz has been lifted by May 31, 2026?"
V0,2.0,earlier,False,2026-04-17,SPY,long,12.037500739097595,8,1.0,0.0,12.0,-12.0,-12.0,40000.0,4873966304.922256,Strait of Hormuz traffic returns to normal by end of April?
V0,2.0,earlier,False,2026-04-17,XLE,short,-10.317857776369367,14,-0.38320148286383393,-127.76220883962574,9.532805931455336,-137.29501477108107,-137.29501477108107,27664.02965727668,900556429.4628277,Strait of Hormuz traffic returns to normal by end of April?
V0,2.0,earlier,False,2026-05-06,IBIT,short,-21.20000161230564,1,1.7810843401859109,191.57788598539483,15.124337360743644,176.45354862465118,176.45354862465118,55621.68680371822,233172294.44239405,"MicroStrategy sells any Bitcoin by June 30, 2026?"
V0,2.0,earlier,False,2026-05-06,MSTR,short,-21.20000161230564,1,2.8452705296152208,95.10286496090072,19.38108211846088,75.72178284243984,75.72178284243984,76905.41059230441,381611783.74888766,"MicroStrategy sells any Bitcoin by June 30, 2026?"
V0,2.0,earlier,False,2026-05-06,XOP,short,-11.499998966852823,3,-0.8983708136282634,80.60941097143535,11.593483254513053,69.0159277169223,69.0159277169223,37967.416272565264,101312185.53812243,"US x Iran permanent peace deal by December 31, 2026?"
V0,2.0,earlier,False,2026-05-08,EWU,long,12.999999523162842,1,1.0451376864930952,-34.83213323369838,12.180550745972381,-47.01268397967076,-47.01268397967076,40902.753729861906,2102355.5259516714,"Starmer out by June 30, 2026?"
V0,2.0,earlier,True,2026-05-11,EWU,short,-16.00000113248825,1,1.0515226046035853,72.17319825653696,12.206090418414341,59.96710783812262,59.96710783812263,41030.452092071704,2706256.3505053995,"Starmer out by June 30, 2026?"
V0,2.0,earlier,True,2026-05-11,XOP,long,12.500001986821493,3,-1.0150899835701432,94.78426709153551,12.060359934280573,82.72390715725494,82.72390715725494,40301.79967140286,71008527.29562627,"US x Iran permanent peace deal by December 31, 2026?"
V0,2.0,earlier,False,2026-05-13,EWU,short,-12.000000476837158,1,1.0797145296666102,-59.54911505222929,12.31885811866644,-71.86797317089574,-71.86797317089574,41594.2905933322,2626601.911739758,"Starmer out by June 30, 2026?"
V0,2.0,earlier,False,2026-05-15,IBIT,short,-12.474998831748962,2,1.6863158459794805,52.91905418456425,14.745263383917923,38.17379080064633,38.17379080064633,53726.31691958961,543593501.1155214,"MicroStrategy sells any Bitcoin by May 31, 2026?"
V0,2.0,earlier,False,2026-05-15,MSTR,short,-12.474998831748962,2,2.857362131634089,154.08224363574436,19.429448526536355,134.652795109208,134.652795109208,77147.24263268178,529218413.73373896,"MicroStrategy sells any Bitcoin by May 31, 2026?"
V0,2.0,earlier,False,2026-05-15,EWU,long,10.999998450279236,1,1.061358896958091,-7.2497719866648245,12.245435587832365,-19.49520757449719,-19.49520757449719,41227.177939161826,3610762.148570934,"Starmer out by June 30, 2026?"
V0,2.0,earlier,True,2026-05-18,EWU,short,-21.000000834465027,1,1.0820281208305085,-122.56034430373238,12.328112483322034,-134.88845678705442,-134.88845678705442,41640.56241661017,6386896.884524758,"Starmer out by June 30, 2026?"
V0,2.0,earlier,True,2026-05-18,IBIT,long,11.525000631809235,2,1.7250695173706347,-19.541366642374076,14.900278069482539,-34.44164471185661,-34.44164471185661,54501.39034741269,312614057.7486825,"MicroStrategy sells any Bitcoin by May 31, 2026?"
V0,2.0,earlier,True,2026-05-18,MSTR,long,11.525000631809235,2,2.9365407632460143,-90.56930771866843,19.74616305298406,-110.31547077165249,-110.31547077165249,78730.81526492028,587014699.2048044,"MicroStrategy sells any Bitcoin by May 31, 2026?"
V0,2.0,earlier,False,2026-05-21,IBIT,long,10.949999839067459,2,1.6588295931400365,-38.58764252958856,14.635318372560146,-53.2229609021487,-53.22296090214869,53176.59186280073,189733419.5515544,"MicroStrategy sells any Bitcoin by May 31, 2026?"
V0,2.0,earlier,False,2026-05-21,MSTR,long,10.949999839067459,2,2.877899078748591,-120.56777784118306,19.511596314994364,-140.07937415617744,-140.07937415617744,77557.98157497183,239156108.0577103,"MicroStrategy sells any Bitcoin by May 31, 2026?"
V0,2.0,earlier,False,2026-05-29,IBIT,short,-23.55000004172325,2,1.5001771000910915,-54.19495523884159,14.000708400364367,-68.19566363920595,-68.19566363920595,50003.542001821836,143945169.25729495,"MicroStrategy sells any Bitcoin by May 31, 2026?"
V0,2.0,earlier,False,2026-05-29,MSTR,short,-23.55000004172325,2,2.7061275057244925,-606.0786195763219,18.824510022897968,-624.9031295992198,-624.9031295992198,74122.55011448984,192825333.1197421,"MicroStrategy sells any Bitcoin by May 31, 2026?"
V0,2.0,earlier,True,2026-06-01,IBIT,short,-44.09999921917915,2,1.4343969938495296,86.61267588021121,13.737587975398117,72.8750879048131,72.8750879048131,48687.93987699059,486240380.5154171,"MicroStrategy sells any Bitcoin by May 31, 2026?"
V0,2.0,earlier,True,2026-06-01,MSTR,short,-44.09999921917915,2,2.6208870966632025,17.273755727787773,18.48354838665281,-1.2097926588650374,-1.2097926588650374,72417.74193326406,545297269.530413,"MicroStrategy sells any Bitcoin by May 31, 2026?"
V0,2.0,earlier,True,2026-06-01,SPY,short,-12.125001224922016,4,1.0,-0.0,12.0,-12.0,-12.0,40000.0,3840530464.3732686,Strait of Hormuz traffic returns to normal by end of May?
V0,2.0,earlier,True,2026-06-01,USO,long,10.219231199544783,13,-3.3467630093200365,127.91295720263096,21.387052037280146,106.52590516535082,106.5259051653508,86935.26018640073,241157320.53699073, Iran agrees to end enrichment of uranium by June 30?
V0,2.0,earlier,True,2026-06-01,XLE,long,10.219231199544783,13,-0.8371002467694542,84.0002381985668,11.348400987077817,72.65183721148898,72.65183721148898,36742.004935389086,760346365.5490105, Iran agrees to end enrichment of uranium by June 30?
V0,2.0,earlier,True,2026-06-15,SPY,long,34.16666587193807,3,0.9999999999999999,4.336808689942018e-15,12.0,-11.999999999999996,-11.999999999999996,40000.0,4181030092.3398404,"US x Iran permanent peace deal by July 31, 2026?"
V0,2.0,earlier,True,2026-06-15,XOP,short,-24.46250148350373,4,-1.0704968212387653,-95.87517985356024,12.281987284955061,-108.1571671385153,-108.15716713851529,41409.936424775304,212518427.46709487,"US x Iran permanent peace deal by December 31, 2026?"
V0,2.0,earlier,True,2026-06-15,USO,short,-22.981818625703454,11,-2.24798716427117,-198.33643509818444,16.99194865708468,-215.32838375526913,-215.32838375526913,64959.74328542341,160888648.0829464, Iran agrees to end enrichment of uranium by June 30?
V0,2.0,earlier,True,2026-06-15,XLE,short,-22.981818625703454,11,-0.7359824105271304,-94.53594266068521,10.943929642108522,-105.47987230279372,-105.47987230279371,34719.64821054261,671480386.250997, Iran agrees to end enrichment of uranium by June 30?
V0,2.0,earlier,False,2026-06-25,SPY,long,19.500000774860382,2,1.0000000000000002,1.734723475976807e-14,12.0,-11.999999999999982,-11.999999999999982,40000.0,4995383950.533366,Strait of Hormuz traffic returns to normal by July 15?
V0,2.0,earlier,False,2026-06-25,XOP,short,-11.350000277161598,1,-1.0159543608980204,-112.6104160049425,12.063817443592082,-124.67423344853458,-124.67423344853458,40319.08721796041,75080904.47914997,Strait of Hormuz traffic returns to normal by end of June?
V0,2.0,earlier,True,2026-06-29,SPY,short,-15.000000596046448,2,0.9999999999999998,-1.734723475976807e-14,12.0,-12.000000000000018,-12.000000000000018,39999.99999999999,3931571079.3664546,Strait of Hormuz traffic returns to normal by July 15?
V0,2.0,recent,True,2026-07-27,SPY,long,13.966667465865612,3,1.0,0.0,12.0,-12.0,-12.0,40000.0,2953265433.9474688,US x Iran Effective Ceasefire by July 31?
V0,2.0,recent,True,2026-07-27,USO,short,-13.966667465865612,3,-1.2325665943868414,414.197549234004,12.930266377547365,401.26728285645663,401.26728285645663,44651.33188773683,138274761.80189905,US x Iran Effective Ceasefire by July 31?
V0,2.0,recent,True,2026-07-27,XLE,short,-13.966667465865612,3,-0.6745119473733101,58.46973599466178,10.698047789493241,47.771688205168545,47.771688205168545,33490.238947466205,381507777.67686254,US x Iran Effective Ceasefire by July 31?
V0,2.0,recent,False,2026-07-29,SPY,short,-13.33333303531011,3,1.0,-0.0,12.0,-12.0,-12.0,40000.0,2695204911.1719136,US x Iran Effective Ceasefire by July 31?
V0,2.0,recent,False,2026-07-29,USO,long,13.33333303531011,3,-1.197903600120334,-102.38524793902793,12.791614400481336,-115.17686233950927,-115.17686233950928,43958.07200240668,183689411.36903208,US x Iran Effective Ceasefire by July 31?
V0,2.0,recent,False,2026-07-29,XLE,long,13.33333303531011,3,-0.7131490412071572,-176.97657544888688,10.852596164828629,-187.82917161371552,-187.82917161371552,34262.980824143146,503538018.22736233,US x Iran Effective Ceasefire by July 31?
V0,2.0,recent,True,2026-08-03,SPY,long,17.500000198682148,3,1.0,0.0,12.0,-12.0,-12.0,40000.0,4781798264.977551,US x Iran Effective Ceasefire by July 31?
V0,2.0,recent,True,2026-08-03,USO,short,-17.500000198682148,3,-1.2756126553146798,-252.6646045947581,13.102450621258718,-265.7670552160168,-265.7670552160168,45512.25310629359,133552275.55306269,US x Iran Effective Ceasefire by July 31?
V0,2.0,recent,True,2026-08-03,XLE,short,-17.500000198682148,3,-0.6551435571868317,-88.98348292839928,10.620574228747326,-99.60405715714661,-99.60405715714661,33102.87114373663,267808730.34620717,US x Iran Effective Ceasefire by July 31?
V1,1.0,earlier,False,2025-10-03,FXI,long,15.500003099441528,1,0.5835956408720637,-30.691609389330395,5.1671912817441275,-35.85880067107452,-35.85880067107452,31671.912817441276,79105678.978,Will Trump visit China by March 31?
V1,1.0,earlier,False,2025-10-03,KWEB,long,15.500003099441528,1,0.728121768813172,-69.151161445229,5.456243537626344,-74.60740498285534,-74.60740498285534,34562.43537626344,75036642.33480002,Will Trump visit China by March 31?
V1,1.0,earlier,False,2025-10-22,TSLA,short,-11.000001430511475,1,2.374997215867139,16.820542116175897,8.749994431734278,8.07054768444162,8.07054768444162,67499.94431734277,3447417555.6433,Tesla launches unsupervised full self driving (FSD) by June 30?
V1,1.0,earlier,False,2025-10-23,TSLA,long,15.50000011920929,1,2.360438565992952,-6.806390490139295,8.720877131985905,-15.5272676221252,-15.527267622125198,67208.77131985904,9259043948.2554,Tesla launches unsupervised full self driving (FSD) by June 30?
V1,1.0,earlier,True,2025-10-27,ORCL,long,31.999999284744263,1,1.3003336186199608,-170.32596985247784,6.6006672372399215,-176.92663708971776,-176.92663708971776,46006.67237239922,754443564.2508,TikTok sale announced in 2025?
V1,1.0,earlier,False,2025-10-30,FXI,short,-48.499999940395355,1,1.184665421587121,-4.505512716543952,6.369330843174242,-10.874843559718194,-10.874843559718194,43693.30843174242,211382941.9482,Will Trump visit China by March 31?
V1,1.0,earlier,False,2025-10-30,KWEB,short,-48.499999940395355,1,1.6135681238095019,-12.534272982783037,7.227136247619004,-19.76140923040204,-19.76140923040204,52271.36247619004,176523633.6173,Will Trump visit China by March 31?
V1,1.0,earlier,False,2025-10-30,ORCL,short,-16.999998688697815,1,1.0647727690142665,24.646025519899894,6.129545538028533,18.51647998187136,18.51647998187136,41295.45538028533,900717438.3298,TikTok sale announced in 2025?
V1,1.0,earlier,False,2025-11-07,JETS,short,-11.224999278783798,2,1.3010725278079838,-179.2152235285059,12.602145055615967,-191.81736858412188,-191.81736858412188,46021.450556159674,8384265.6003,Will the Government shutdown end November 12-15?
V1,1.0,earlier,True,2025-11-10,JETS,long,48.900000751018524,2,1.3011815039733043,-64.33882585672222,12.60236300794661,-76.94118886466883,-76.94118886466883,46023.63007946609,15876948.517299999,Will the Government shutdown end November 12-15?
V1,1.0,earlier,True,2025-11-10,SPY,long,32.966667165358864,3,1.0,0.0,6.0,-6.0,-6.0,40000.0,7385603300.5336,US recession in 2025?
V1,1.0,earlier,False,2025-12-10,TSLA,long,11.500000953674316,1,2.5953589681151223,-40.68517380207976,9.190717936230245,-49.87589173831,-49.87589173831,71907.17936230244,3846340109.2393003,Tesla launches unsupervised full self driving (FSD) by June 30?
V1,1.0,earlier,True,2025-12-15,TSLA,long,15.500003099441528,1,2.4750821899303412,292.441851565348,8.950164379860682,283.4916871854873,283.4916871854873,69501.64379860682,12411057626.335402,Tesla launches unsupervised full self driving (FSD) by June 30?
V1,1.0,earlier,False,2025-12-19,ORCL,long,73.10000136494637,1,1.3062905526507322,215.0650207375952,6.612581105301464,208.45243963229373,208.45243963229373,46125.81105301464,2613411300.2989,TikTok sale announced in 2025?
V1,1.0,earlier,True,2025-12-22,ORCL,long,20.699995756149292,1,1.3479279164315776,-104.23925157016315,6.695855832863155,-110.93510740302631,-110.93510740302631,46958.55832863155,986370186.45,TikTok sale announced in 2025?
V1,1.0,earlier,True,2025-12-22,TSLA,long,11.500000953674316,1,2.456825946354254,78.73781524153296,8.913651892708508,69.82416334882444,69.82416334882444,69136.51892708508,8605119552.7113,Tesla launches unsupervised full self driving (FSD) by June 30?
V1,1.0,earlier,True,2025-12-29,TSLA,short,-14.500004053115845,1,2.3876290103184785,134.38324193541234,8.775258020636958,125.60798391477539,125.60798391477537,67752.58020636957,5496133183.7149,Tesla launches unsupervised full self driving (FSD) by June 30?
V1,1.0,earlier,False,2026-01-08,TSLA,short,-15.000000596046448,1,2.3694979894743464,-61.67085240277179,8.738995978948694,-70.40984838172048,-70.40984838172048,67389.95978948692,4814870510.844801,Tesla launches unsupervised full self driving (FSD) by June 30?
V1,1.0,earlier,True,2026-01-12,XOP,long,10.499998927116394,1,0.40240392122801877,-37.56026971259723,4.804807842456038,-42.36507755505327,-42.36507755505327,28048.078424560375,31027192.157299995,"US strikes Iran by March 31, 2026?"
V1,1.0,earlier,False,2026-01-13,XOP,long,11.000001430511475,1,0.40675651184809336,129.78098025987592,4.813513023696187,124.96746723617973,124.96746723617971,28135.130236961868,114299046.3381,"US strikes Iran by March 31, 2026?"
V1,1.0,earlier,False,2026-01-15,XOP,short,-22.499999403953552,1,0.30771291420277624,83.22392536846418,4.615425828405552,78.60849954005863,78.60849954005863,26154.258284055522,159811709.2451,"US strikes Iran by March 31, 2026?"
V1,1.0,earlier,False,2026-01-15,ITA,short,-13.750000298023224,2,1.1878686807169212,-4.73978323296555,6.375737361433842,-11.115520594399392,-11.115520594399392,43757.37361433842,36362375.4807,"Israel strikes Iran by January 31, 2026?"
V1,1.0,earlier,False,2026-01-15,XLE,short,-10.500000417232513,4,0.1531652314554639,-23.112144521490308,4.306330462910928,-27.418474984401236,-27.418474984401236,23063.30462910928,435247654.03730005,"Israel strikes Iran by January 31, 2026?"
V1,1.0,earlier,False,2026-01-23,TSLA,short,-17.500001192092896,1,2.410954515139186,-28.67761918338858,8.821909030278372,-37.49952821366695,-37.49952821366695,68219.09030278372,4530583037.0356,Tesla launches unsupervised full self driving (FSD) by June 30?
V1,1.0,earlier,False,2026-01-29,TSLA,long,31.349998712539673,1,2.184292888196807,-179.13292129762118,8.368585776393614,-187.5015070740148,-187.5015070740148,63685.85776393614,6457880978.4423,Tesla launches unsupervised full self driving (FSD) by June 30?
V1,1.0,earlier,False,2026-01-30,UUP,long,38.5249998915242,2,-0.05759806513048462,1.7872979613475704,10.11519613026097,-8.327898168913398,-8.327898168913398,21151.961302609692,3946784.3219,Will Trump nominate Kevin Hassett as the next Fed chair?
V1,1.0,earlier,False,2026-01-30,GLD,short,-26.64999988434526,3,0.4427672571713788,76.89216743072468,4.8855345143427575,72.00663291638193,72.00663291638193,28855.345143427574,3105946434.9021,Will Trump nominate Kevin Hassett as the next Fed chair?
V1,1.0,earlier,True,2026-02-02,XOP,short,-22.999998927116394,2,0.3455460056892789,-18.000982155077395,4.691092011378558,-22.692074166455953,-22.692074166455953,26910.920113785578,137529258.5766,"US strikes Iran by February 28, 2026?"
V1,1.0,earlier,True,2026-02-02,ITA,short,-16.00000262260437,1,1.1324313735621252,75.47920439141058,6.26486274712425,69.21434164428632,69.21434164428632,42648.62747124251,33885178.7176,"US strikes Iran by June 30, 2026?"
V1,1.0,earlier,True,2026-02-02,XLE,short,-15.249999612569809,4,0.21352329925566854,62.55505866750525,4.427046598511337,58.12801206899391,58.12801206899391,24270.465985113373,519567325.5339999,"US strikes Iran by June 30, 2026?"
V1,1.0,earlier,True,2026-02-09,EWU,short,-36.500003933906555,1,0.7708239193160309,15.245308945203684,5.541647838632062,9.703661106571623,9.703661106571623,35416.47838632062,6270285.2891999995,"Starmer out by June 30, 2026?"
V1,1.0,earlier,False,2026-02-18,XOP,long,19.999999552965164,2,0.5025804545162549,0.6341394940046993,5.00516090903251,-4.37102141502781,-4.37102141502781,30051.6090903251,103442634.98560001,"US strikes Iran by February 28, 2026?"
V1,1.0,earlier,False,2026-02-18,ITA,long,14.999997615814209,1,1.0668107176446502,-11.240869020337028,6.1336214352893,-17.37449045562633,-17.37449045562633,41336.214352893,34932162.136999995,"US strikes Iran by June 30, 2026?"
V1,1.0,earlier,False,2026-02-18,XLE,long,11.399999260902405,5,0.2222606412147776,-28.959800378733586,4.444521282429555,-33.40432166116314,-33.40432166116314,24445.21282429555,576209025.6802, Iran agrees to end enrichment of uranium by June 30?
V1,1.0,earlier,False,2026-02-27,XOP,long,15.999998897314072,2,0.36573316521583443,-37.84464447852948,4.731466330431669,-42.57611080896115,-42.57611080896115,27314.663304316688,69743790.2204352,"US strikes Iran by February 28, 2026?"
V1,1.0,earlier,False,2026-02-27,ITA,long,12.999999523162842,1,1.0203931923455192,2.1807067886018734,6.040786384691039,-3.8600795960891654,-3.860079596089166,40407.86384691039,26796616.400688305,"US strikes Iran by June 30, 2026?"
V1,1.0,earlier,False,2026-02-27,XLE,long,11.499999463558197,5,0.17229270495719046,-80.31309067912511,4.344585409914381,-84.6576760890395,-84.6576760890395,23445.85409914381,435173028.8838401, Iran agrees to end enrichment of uranium by June 30?
V1,1.0,earlier,True,2026-03-02,FXI,short,-16.499999165534973,2,0.9067366188045243,-17.987885346644777,5.813473237609049,-23.801358584253826,-23.801358584253826,38134.732376090484,214606082.02948236,Will Trump visit China by March 31?
V1,1.0,earlier,True,2026-03-02,KWEB,short,-16.499999165534973,2,1.1197998605089348,-0.35178559776004487,6.2395997210178695,-6.591385318777914,-6.591385318777914,42395.9972101787,123561641.87282702,Will Trump visit China by March 31?
V1,1.0,earlier,True,2026-03-02,USO,long,11.208333106090626,6,0.13987524980145485,-129.83894051225437,4.27975049960291,-134.11869101185727,-134.11869101185727,22797.504996029096,433014894.67070025, Iran agrees to end enrichment of uranium by June 30?
V1,1.0,earlier,True,2026-03-02,XLE,short,-10.999999940395355,2,0.1599869599078207,160.73339627147254,4.3199739198156415,156.4134223516569,156.4134223516569,23199.739198156414,1606799765.9557076, Iran agrees to end enrichment of uranium by June 30?
V1,1.0,earlier,True,2026-03-16,FXI,short,-29.40000146627426,2,0.8694047144904508,11.158794853872475,5.738809428980901,5.419985424891574,5.419985424891574,37388.094289809014,171116290.996937,Will Trump visit China by March 31?
V1,1.0,earlier,True,2026-03-16,KWEB,short,-29.40000146627426,2,1.121112012295154,-0.01923822628768085,6.242224024590308,-6.2614622508779885,-6.2614622508779885,42422.24024590308,97100306.03076704,Will Trump visit China by March 31?
V1,1.0,earlier,True,2026-03-16,SPY,short,-10.624999552965164,4,0.9999999999999999,-4.336808689942018e-15,6.0,-6.000000000000004,-6.000000000000004,40000.0,6050404925.860184,Strait of Hormuz traffic returns to normal by end of April?
V1,1.0,earlier,False,2026-03-17,FXI,short,-31.07499945908785,2,0.8866029185828201,25.173963244376456,5.773205837165641,19.400757407210815,19.400757407210815,37732.0583716564,108533922.65827411,Will Trump visit China by March 31?
V1,1.0,earlier,False,2026-03-17,KWEB,short,-31.07499945908785,2,1.1454281597483182,48.26231477984636,6.290856319496637,41.97145846034972,41.97145846034972,42908.563194966366,104243799.65902728,Will Trump visit China by March 31?
V1,1.0,earlier,True,2026-03-23,SPY,long,14.750000461935997,4,1.0,0.0,6.0,-6.0,-6.0,40000.0,10316140333.071339,Strait of Hormuz traffic returns to normal by end of April?
V1,1.0,earlier,True,2026-03-23,XLE,short,-11.285713953631264,7,0.1723244124202351,-231.8893714587986,4.34464882484047,-236.23402028363907,-236.23402028363907,23446.4882484047,830267176.7007679,Strait of Hormuz traffic returns to normal by end of April?
V1,1.0,earlier,False,2026-04-08,SPY,long,27.39999933789174,6,1.0,0.0,6.0,-6.0,-6.0,40000.0,9001027549.964426,Strait of Hormuz traffic returns to normal by end of April?
V1,1.0,earlier,False,2026-04-08,XLE,short,-21.789999343454838,10,-0.14998198254795106,-99.4671904947077,4.299963965095902,-103.76715445980359,-103.76715445980359,22999.639650959023,1370167600.042646,Strait of Hormuz traffic returns to normal by end of April?
V1,1.0,earlier,False,2026-04-08,USO,short,-16.43666609500845,15,-1.621537882385945,-3.583949719404853,7.2430757647718895,-10.827025484176742,-10.827025484176742,52430.75764771889,753798494.0751321,Strait of Hormuz traffic returns to normal by end of April?
V1,1.0,earlier,True,2026-04-13,SPY,short,-13.099999938692365,7,1.0,-0.0,6.0,-6.0,-6.0,40000.0,3385571026.90475,Strait of Hormuz traffic returns to normal by end of April?
V1,1.0,earlier,False,2026-04-14,XOP,short,-11.499994993209839,1,-0.45316037959949207,28.270491342708794,4.906320759198984,23.36417058350981,23.36417058350981,29063.20759198984,327355808.48290396,"Will Donald Trump announce that the United States blockade of the Strait of Hormuz has been lifted by May 31, 2026?"
V1,1.0,earlier,False,2026-04-17,XOP,short,-13.249999284744263,2,-0.5675125020101974,167.03896578471833,5.135025004020395,161.90394078069792,161.90394078069792,31350.250040203948,240889084.3065442,"Will Donald Trump announce that the United States blockade of the Strait of Hormuz has been lifted by May 31, 2026?"
V1,1.0,earlier,False,2026-04-17,SPY,long,12.037500739097595,8,1.0,0.0,6.0,-6.0,-6.0,40000.0,4873966304.922256,Strait of Hormuz traffic returns to normal by end of April?
V1,1.0,earlier,False,2026-04-17,XLE,short,-10.317857776369367,14,-0.38320148286383393,55.198225915910164,4.766402965727668,50.43182295018249,50.43182295018249,27664.02965727668,900556429.4628277,Strait of Hormuz traffic returns to normal by end of April?
V1,1.0,earlier,False,2026-05-06,IBIT,short,-21.20000161230564,1,1.7810843401859109,64.43515930865347,7.562168680371822,56.87299062828165,56.87299062828164,55621.68680371822,233172294.44239405,"MicroStrategy sells any Bitcoin by June 30, 2026?"
V1,1.0,earlier,False,2026-05-06,MSTR,short,-21.20000161230564,1,2.8452705296152208,57.70130785131838,9.69054105923044,48.01076679208794,48.01076679208794,76905.41059230441,381611783.74888766,"MicroStrategy sells any Bitcoin by June 30, 2026?"
V1,1.0,earlier,False,2026-05-06,XOP,short,-11.499998966852823,3,-0.8983708136282634,-6.749627029247419,5.796741627256527,-12.546368656503946,-12.546368656503946,37967.416272565264,101312185.53812243,"US x Iran permanent peace deal by December 31, 2026?"
V1,1.0,earlier,False,2026-05-08,EWU,long,12.999999523162842,1,1.0451376864930952,-17.891028975402826,6.0902753729861905,-23.981304348389017,-23.981304348389017,40902.753729861906,2102355.5259516714,"Starmer out by June 30, 2026?"
V1,1.0,earlier,True,2026-05-11,EWU,short,-16.00000113248825,1,1.0515226046035853,23.152160907541415,6.1030452092071705,17.049115698334244,17.049115698334244,41030.452092071704,2706256.3505053995,"Starmer out by June 30, 2026?"
V1,1.0,earlier,True,2026-05-11,XOP,long,12.500001986821493,3,-1.0150899835701432,16.885905531051165,6.0301799671402865,10.855725563910879,10.855725563910879,40301.79967140286,71008527.29562627,"US x Iran permanent peace deal by December 31, 2026?"
V1,1.0,earlier,False,2026-05-13,EWU,short,-12.000000476837158,1,1.0797145296666102,-87.66587547884149,6.15942905933322,-93.8253045381747,-93.8253045381747,41594.2905933322,2626601.911739758,"Starmer out by June 30, 2026?"
V1,1.0,earlier,False,2026-05-15,IBIT,short,-12.474998831748962,2,1.6863158459794805,105.92922610725648,7.372631691958961,98.55659441529752,98.55659441529752,53726.31691958961,543593501.1155214,"MicroStrategy sells any Bitcoin by May 31, 2026?"
V1,1.0,earlier,False,2026-05-15,MSTR,short,-12.474998831748962,2,2.857362131634089,266.7130032476969,9.714724263268177,256.99827898442874,256.99827898442874,77147.24263268178,529218413.73373896,"MicroStrategy sells any Bitcoin by May 31, 2026?"
V1,1.0,earlier,False,2026-05-15,EWU,long,10.999998450279236,1,1.061358896958091,5.807023788560093,6.122717793916182,-0.3156940053560895,-0.3156940053560895,41227.177939161826,3610762.148570934,"Starmer out by June 30, 2026?"
V1,1.0,earlier,True,2026-05-18,EWU,short,-21.000000834465027,1,1.0820281208305085,-41.17030007122549,6.164056241661017,-47.334356312886506,-47.334356312886506,41640.56241661017,6386896.884524758,"Starmer out by June 30, 2026?"
V1,1.0,earlier,True,2026-05-18,IBIT,long,11.525000631809235,2,1.7250695173706347,-58.4069224563586,7.4501390347412695,-65.85706149109987,-65.85706149109987,54501.39034741269,312614057.7486825,"MicroStrategy sells any Bitcoin by May 31, 2026?"
V1,1.0,earlier,True,2026-05-18,MSTR,long,11.525000631809235,2,2.9365407632460143,-135.47530291795246,9.87308152649203,-145.3483844444445,-145.3483844444445,78730.81526492028,587014699.2048044,"MicroStrategy sells any Bitcoin by May 31, 2026?"
V1,1.0,earlier,False,2026-05-21,IBIT,long,10.949999839067459,2,1.6588295931400365,-48.68371645336017,7.317659186280073,-56.001375639640244,-56.00137563964025,53176.59186280073,189733419.5515544,"MicroStrategy sells any Bitcoin by May 31, 2026?"
V1,1.0,earlier,False,2026-05-21,MSTR,long,10.949999839067459,2,2.877899078748591,-0.9788429067906622,9.755798157497182,-10.734641064287844,-10.734641064287844,77557.98157497183,239156108.0577103,"MicroStrategy sells any Bitcoin by May 31, 2026?"
V1,1.0,earlier,False,2026-05-29,IBIT,short,-23.55000004172325,2,1.5001771000910915,25.982830871471325,7.0003542001821835,18.98247667128914,18.98247667128914,50003.542001821836,143945169.25729495,"MicroStrategy sells any Bitcoin by May 31, 2026?"
V1,1.0,earlier,False,2026-05-29,MSTR,short,-23.55000004172325,2,2.7061275057244925,-4.9673785794526575,9.412255011448984,-14.37963359090164,-14.37963359090164,74122.55011448984,192825333.1197421,"MicroStrategy sells any Bitcoin by May 31, 2026?"
V1,1.0,earlier,True,2026-06-01,IBIT,short,-44.09999921917915,2,1.4343969938495296,25.767321149589435,6.868793987699059,18.898527161890378,18.898527161890378,48687.93987699059,486240380.5154171,"MicroStrategy sells any Bitcoin by May 31, 2026?"
V1,1.0,earlier,True,2026-06-01,MSTR,short,-44.09999921917915,2,2.6208870966632025,-18.329232232467067,9.241774193326405,-27.57100642579347,-27.57100642579347,72417.74193326406,545297269.530413,"MicroStrategy sells any Bitcoin by May 31, 2026?"
V1,1.0,earlier,True,2026-06-01,SPY,short,-12.125001224922016,4,1.0,-0.0,6.0,-6.0,-6.0,40000.0,3840530464.3732686,Strait of Hormuz traffic returns to normal by end of May?
V1,1.0,earlier,True,2026-06-01,USO,long,10.219231199544783,13,-3.3467630093200365,183.3095677644743,10.693526018640073,172.61604174583422,172.61604174583422,86935.26018640073,241157320.53699073, Iran agrees to end enrichment of uranium by June 30?
V1,1.0,earlier,True,2026-06-01,XLE,long,10.219231199544783,13,-0.8371002467694542,101.1849570567912,5.674200493538908,95.5107565632523,95.5107565632523,36742.004935389086,760346365.5490105, Iran agrees to end enrichment of uranium by June 30?
V1,1.0,earlier,True,2026-06-15,SPY,long,34.16666587193807,3,0.9999999999999999,4.336808689942018e-15,6.0,-5.999999999999996,-5.999999999999996,40000.0,4181030092.3398404,"US x Iran permanent peace deal by July 31, 2026?"
V1,1.0,earlier,True,2026-06-15,XOP,short,-24.46250148350373,4,-1.0704968212387653,-85.3663721533475,6.140993642477531,-91.50736579582502,-91.50736579582502,41409.936424775304,212518427.46709487,"US x Iran permanent peace deal by December 31, 2026?"
V1,1.0,earlier,True,2026-06-15,USO,short,-22.981818625703454,11,-2.24798716427117,-31.435444239366202,8.49597432854234,-39.931418567908544,-39.931418567908544,64959.74328542341,160888648.0829464, Iran agrees to end enrichment of uranium by June 30?
V1,1.0,earlier,True,2026-06-15,XLE,short,-22.981818625703454,11,-0.7359824105271304,-27.089035866073637,5.471964821054261,-32.5610006871279,-32.5610006871279,34719.64821054261,671480386.250997, Iran agrees to end enrichment of uranium by June 30?
V1,1.0,earlier,False,2026-06-25,SPY,long,19.500000774860382,2,1.0000000000000002,3.469446951953614e-14,6.0,-5.999999999999965,-5.999999999999965,40000.0,4995383950.533366,Strait of Hormuz traffic returns to normal by July 15?
V1,1.0,earlier,False,2026-06-25,XOP,short,-11.350000277161598,1,-1.0159543608980204,21.191361800751064,6.031908721796041,15.159453078955023,15.159453078955021,40319.08721796041,75080904.47914997,Strait of Hormuz traffic returns to normal by end of June?
V1,1.0,earlier,True,2026-06-29,SPY,short,-15.000000596046448,2,0.9999999999999998,-1.0842021724855044e-15,6.0,-6.000000000000001,-6.000000000000001,39999.99999999999,3931571079.3664546,Strait of Hormuz traffic returns to normal by July 15?
V1,1.0,recent,True,2026-07-27,SPY,long,13.966667465865612,3,1.0,0.0,6.0,-6.0,-6.0,40000.0,2953265433.9474688,US x Iran Effective Ceasefire by July 31?
V1,1.0,recent,True,2026-07-27,USO,short,-13.966667465865612,3,-1.2325665943868414,87.41441824228178,6.465133188773683,80.9492850535081,80.9492850535081,44651.33188773683,138274761.80189905,US x Iran Effective Ceasefire by July 31?
V1,1.0,recent,True,2026-07-27,XLE,short,-13.966667465865612,3,-0.6745119473733101,-83.02248058271608,5.349023894746621,-88.37150447746271,-88.37150447746271,33490.238947466205,381507777.67686254,US x Iran Effective Ceasefire by July 31?
V1,1.0,recent,False,2026-07-29,SPY,short,-13.33333303531011,3,1.0,-0.0,6.0,-6.0,-6.0,40000.0,2695204911.1719136,US x Iran Effective Ceasefire by July 31?
V1,1.0,recent,False,2026-07-29,USO,long,13.33333303531011,3,-1.197903600120334,17.688740958008612,6.395807200240668,11.292933757767944,11.292933757767944,43958.07200240668,183689411.36903208,US x Iran Effective Ceasefire by July 31?
V1,1.0,recent,False,2026-07-29,XLE,long,13.33333303531011,3,-0.7131490412071572,-61.54531296697123,5.4262980824143145,-66.97161104938554,-66.97161104938554,34262.980824143146,503538018.22736233,US x Iran Effective Ceasefire by July 31?
V1,1.0,recent,True,2026-08-03,SPY,long,17.500000198682148,3,1.0,0.0,6.0,-6.0,-6.0,40000.0,4781798264.977551,US x Iran Effective Ceasefire by July 31?
V1,1.0,recent,True,2026-08-03,USO,short,-17.500000198682148,3,-1.2756126553146798,-47.14892424590885,6.551225310629359,-53.70014955653821,-53.70014955653821,45512.25310629359,133552275.55306269,US x Iran Effective Ceasefire by July 31?
V1,1.0,recent,True,2026-08-03,XLE,short,-17.500000198682148,3,-0.6551435571868317,-17.798072336792323,5.310287114373663,-23.108359451165988,-23.108359451165988,33102.87114373663,267808730.34620717,US x Iran Effective Ceasefire by July 31?
V1,2.0,earlier,False,2025-10-03,FXI,long,15.500003099441528,1,0.5835956408720637,-30.691609389330395,10.334382563488255,-41.02599195281865,-41.02599195281865,31671.912817441276,79105678.978,Will Trump visit China by March 31?
V1,2.0,earlier,False,2025-10-03,KWEB,long,15.500003099441528,1,0.728121768813172,-69.151161445229,10.912487075252688,-80.06364852048168,-80.06364852048168,34562.43537626344,75036642.33480002,Will Trump visit China by March 31?
V1,2.0,earlier,False,2025-10-22,TSLA,short,-11.000001430511475,1,2.374997215867139,16.820542116175897,17.499988863468555,-0.6794467472926584,-0.6794467472926584,67499.94431734277,3447417555.6433,Tesla launches unsupervised full self driving (FSD) by June 30?
V1,2.0,earlier,False,2025-10-23,TSLA,long,15.50000011920929,1,2.360438565992952,-6.806390490139295,17.44175426397181,-24.248144754111102,-24.248144754111102,67208.77131985904,9259043948.2554,Tesla launches unsupervised full self driving (FSD) by June 30?
V1,2.0,earlier,True,2025-10-27,ORCL,long,31.999999284744263,1,1.3003336186199608,-170.32596985247784,13.201334474479843,-183.52730432695768,-183.52730432695768,46006.67237239922,754443564.2508,TikTok sale announced in 2025?
V1,2.0,earlier,False,2025-10-30,FXI,short,-48.499999940395355,1,1.184665421587121,-4.505512716543952,12.738661686348484,-17.244174402892437,-17.244174402892437,43693.30843174242,211382941.9482,Will Trump visit China by March 31?
V1,2.0,earlier,False,2025-10-30,KWEB,short,-48.499999940395355,1,1.6135681238095019,-12.534272982783037,14.454272495238008,-26.988545478021045,-26.988545478021045,52271.36247619004,176523633.6173,Will Trump visit China by March 31?
V1,2.0,earlier,False,2025-10-30,ORCL,short,-16.999998688697815,1,1.0647727690142665,24.646025519899894,12.259091076057066,12.386934443842827,12.386934443842827,41295.45538028533,900717438.3298,TikTok sale announced in 2025?
V1,2.0,earlier,False,2025-11-07,JETS,short,-11.224999278783798,2,1.3010725278079838,-179.2152235285059,25.204290111231934,-204.41951363973783,-204.41951363973783,46021.450556159674,8384265.6003,Will the Government shutdown end November 12-15?
V1,2.0,earlier,True,2025-11-10,JETS,long,48.900000751018524,2,1.3011815039733043,-64.33882585672222,25.20472601589322,-89.54355187261544,-89.54355187261544,46023.63007946609,15876948.517299999,Will the Government shutdown end November 12-15?
V1,2.0,earlier,True,2025-11-10,SPY,long,32.966667165358864,3,1.0,0.0,12.0,-12.0,-12.0,40000.0,7385603300.5336,US recession in 2025?
V1,2.0,earlier,False,2025-12-10,TSLA,long,11.500000953674316,1,2.5953589681151223,-40.68517380207976,18.38143587246049,-59.066609674540246,-59.066609674540246,71907.17936230244,3846340109.2393003,Tesla launches unsupervised full self driving (FSD) by June 30?
V1,2.0,earlier,True,2025-12-15,TSLA,long,15.500003099441528,1,2.4750821899303412,292.441851565348,17.900328759721365,274.5415228056266,274.5415228056266,69501.64379860682,12411057626.335402,Tesla launches unsupervised full self driving (FSD) by June 30?
V1,2.0,earlier,False,2025-12-19,ORCL,long,73.10000136494637,1,1.3062905526507322,215.0650207375952,13.225162210602928,201.8398585269923,201.8398585269923,46125.81105301464,2613411300.2989,TikTok sale announced in 2025?
V1,2.0,earlier,True,2025-12-22,ORCL,long,20.699995756149292,1,1.3479279164315776,-104.23925157016315,13.39171166572631,-117.63096323588945,-117.63096323588944,46958.55832863155,986370186.45,TikTok sale announced in 2025?
V1,2.0,earlier,True,2025-12-22,TSLA,long,11.500000953674316,1,2.456825946354254,78.73781524153296,17.827303785417016,60.91051145611594,60.91051145611594,69136.51892708508,8605119552.7113,Tesla launches unsupervised full self driving (FSD) by June 30?
V1,2.0,earlier,True,2025-12-29,TSLA,short,-14.500004053115845,1,2.3876290103184785,134.38324193541234,17.550516041273916,116.83272589413843,116.83272589413842,67752.58020636957,5496133183.7149,Tesla launches unsupervised full self driving (FSD) by June 30?
V1,2.0,earlier,False,2026-01-08,TSLA,short,-15.000000596046448,1,2.3694979894743464,-61.67085240277179,17.477991957897387,-79.14884436066919,-79.14884436066919,67389.95978948692,4814870510.844801,Tesla launches unsupervised full self driving (FSD) by June 30?
V1,2.0,earlier,True,2026-01-12,XOP,long,10.499998927116394,1,0.40240392122801877,-37.56026971259723,9.609615684912075,-47.169885397509304,-47.169885397509304,28048.078424560375,31027192.157299995,"US strikes Iran by March 31, 2026?"
V1,2.0,earlier,False,2026-01-13,XOP,long,11.000001430511475,1,0.40675651184809336,129.78098025987592,9.627026047392373,120.15395421248354,120.15395421248353,28135.130236961868,114299046.3381,"US strikes Iran by March 31, 2026?"
V1,2.0,earlier,False,2026-01-15,XOP,short,-22.499999403953552,1,0.30771291420277624,83.22392536846418,9.230851656811105,73.99307371165307,73.99307371165307,26154.258284055522,159811709.2451,"US strikes Iran by March 31, 2026?"
V1,2.0,earlier,False,2026-01-15,ITA,short,-13.750000298023224,2,1.1878686807169212,-4.73978323296555,12.751474722867684,-17.491257955833234,-17.491257955833234,43757.37361433842,36362375.4807,"Israel strikes Iran by January 31, 2026?"
V1,2.0,earlier,False,2026-01-15,XLE,short,-10.500000417232513,4,0.1531652314554639,-23.112144521490308,8.612660925821856,-31.724805447312164,-31.724805447312164,23063.30462910928,435247654.03730005,"Israel strikes Iran by January 31, 2026?"
V1,2.0,earlier,False,2026-01-23,TSLA,short,-17.500001192092896,1,2.410954515139186,-28.67761918338858,17.643818060556743,-46.321437243945326,-46.321437243945326,68219.09030278372,4530583037.0356,Tesla launches unsupervised full self driving (FSD) by June 30?
V1,2.0,earlier,False,2026-01-29,TSLA,long,31.349998712539673,1,2.184292888196807,-179.13292129762118,16.737171552787228,-195.8700928504084,-195.8700928504084,63685.85776393614,6457880978.4423,Tesla launches unsupervised full self driving (FSD) by June 30?
V1,2.0,earlier,False,2026-01-30,UUP,long,38.5249998915242,2,-0.05759806513048462,1.7872979613475704,20.23039226052194,-18.44309429917437,-18.44309429917437,21151.961302609692,3946784.3219,Will Trump nominate Kevin Hassett as the next Fed chair?
V1,2.0,earlier,False,2026-01-30,GLD,short,-26.64999988434526,3,0.4427672571713788,76.89216743072468,9.771069028685515,67.12109840203917,67.12109840203917,28855.345143427574,3105946434.9021,Will Trump nominate Kevin Hassett as the next Fed chair?
V1,2.0,earlier,True,2026-02-02,XOP,short,-22.999998927116394,2,0.3455460056892789,-18.000982155077395,9.382184022757116,-27.38316617783451,-27.38316617783451,26910.920113785578,137529258.5766,"US strikes Iran by February 28, 2026?"
V1,2.0,earlier,True,2026-02-02,ITA,short,-16.00000262260437,1,1.1324313735621252,75.47920439141058,12.5297254942485,62.949478897162074,62.949478897162074,42648.62747124251,33885178.7176,"US strikes Iran by June 30, 2026?"
V1,2.0,earlier,True,2026-02-02,XLE,short,-15.249999612569809,4,0.21352329925566854,62.55505866750525,8.854093197022674,53.70096547048257,53.70096547048257,24270.465985113373,519567325.5339999,"US strikes Iran by June 30, 2026?"
V1,2.0,earlier,True,2026-02-09,EWU,short,-36.500003933906555,1,0.7708239193160309,15.245308945203684,11.083295677264124,4.16201326793956,4.16201326793956,35416.47838632062,6270285.2891999995,"Starmer out by June 30, 2026?"
V1,2.0,earlier,False,2026-02-18,XOP,long,19.999999552965164,2,0.5025804545162549,0.6341394940046993,10.01032181806502,-9.37618232406032,-9.37618232406032,30051.6090903251,103442634.98560001,"US strikes Iran by February 28, 2026?"
V1,2.0,earlier,False,2026-02-18,ITA,long,14.999997615814209,1,1.0668107176446502,-11.240869020337028,12.2672428705786,-23.50811189091563,-23.50811189091563,41336.214352893,34932162.136999995,"US strikes Iran by June 30, 2026?"
V1,2.0,earlier,False,2026-02-18,XLE,long,11.399999260902405,5,0.2222606412147776,-28.959800378733586,8.88904256485911,-37.8488429435927,-37.8488429435927,24445.21282429555,576209025.6802, Iran agrees to end enrichment of uranium by June 30?
V1,2.0,earlier,False,2026-02-27,XOP,long,15.999998897314072,2,0.36573316521583443,-37.84464447852948,9.462932660863338,-47.30757713939282,-47.30757713939282,27314.663304316688,69743790.2204352,"US strikes Iran by February 28, 2026?"
V1,2.0,earlier,False,2026-02-27,ITA,long,12.999999523162842,1,1.0203931923455192,2.1807067886018734,12.081572769382078,-9.900865980780203,-9.900865980780203,40407.86384691039,26796616.400688305,"US strikes Iran by June 30, 2026?"
V1,2.0,earlier,False,2026-02-27,XLE,long,11.499999463558197,5,0.17229270495719046,-80.31309067912511,8.689170819828762,-89.00226149895387,-89.00226149895387,23445.85409914381,435173028.8838401, Iran agrees to end enrichment of uranium by June 30?
V1,2.0,earlier,True,2026-03-02,FXI,short,-16.499999165534973,2,0.9067366188045243,-17.987885346644777,11.626946475218098,-29.614831821862875,-29.614831821862875,38134.732376090484,214606082.02948236,Will Trump visit China by March 31?
V1,2.0,earlier,True,2026-03-02,KWEB,short,-16.499999165534973,2,1.1197998605089348,-0.35178559776004487,12.479199442035739,-12.830985039795785,-12.830985039795785,42395.9972101787,123561641.87282702,Will Trump visit China by March 31?
V1,2.0,earlier,True,2026-03-02,USO,long,11.208333106090626,6,0.13987524980145485,-129.83894051225437,8.55950099920582,-138.3984415114602,-138.3984415114602,22797.504996029096,433014894.67070025, Iran agrees to end enrichment of uranium by June 30?
V1,2.0,earlier,True,2026-03-02,XLE,short,-10.999999940395355,2,0.1599869599078207,160.73339627147254,8.639947839631283,152.09344843184127,152.09344843184127,23199.739198156414,1606799765.9557076, Iran agrees to end enrichment of uranium by June 30?
V1,2.0,earlier,True,2026-03-16,FXI,short,-29.40000146627426,2,0.8694047144904508,11.158794853872475,11.477618857961803,-0.3188240040893273,-0.3188240040893273,37388.094289809014,171116290.996937,Will Trump visit China by March 31?
V1,2.0,earlier,True,2026-03-16,KWEB,short,-29.40000146627426,2,1.121112012295154,-0.01923822628768085,12.484448049180616,-12.503686275468297,-12.503686275468297,42422.24024590308,97100306.03076704,Will Trump visit China by March 31?
V1,2.0,earlier,True,2026-03-16,SPY,short,-10.624999552965164,4,0.9999999999999999,-4.336808689942018e-15,12.0,-12.000000000000004,-12.000000000000004,40000.0,6050404925.860184,Strait of Hormuz traffic returns to normal by end of April?
V1,2.0,earlier,False,2026-03-17,FXI,short,-31.07499945908785,2,0.8866029185828201,25.173963244376456,11.546411674331281,13.627551570045174,13.627551570045174,37732.0583716564,108533922.65827411,Will Trump visit China by March 31?
V1,2.0,earlier,False,2026-03-17,KWEB,short,-31.07499945908785,2,1.1454281597483182,48.26231477984636,12.581712638993274,35.68060214085309,35.68060214085309,42908.563194966366,104243799.65902728,Will Trump visit China by March 31?
V1,2.0,earlier,True,2026-03-23,SPY,long,14.750000461935997,4,1.0,0.0,12.0,-12.0,-12.0,40000.0,10316140333.071339,Strait of Hormuz traffic returns to normal by end of April?
V1,2.0,earlier,True,2026-03-23,XLE,short,-11.285713953631264,7,0.1723244124202351,-231.8893714587986,8.68929764968094,-240.57866910847955,-240.57866910847957,23446.4882484047,830267176.7007679,Strait of Hormuz traffic returns to normal by end of April?
V1,2.0,earlier,False,2026-04-08,SPY,long,27.39999933789174,6,1.0,0.0,12.0,-12.0,-12.0,40000.0,9001027549.964426,Strait of Hormuz traffic returns to normal by end of April?
V1,2.0,earlier,False,2026-04-08,XLE,short,-21.789999343454838,10,-0.14998198254795106,-99.4671904947077,8.599927930191804,-108.06711842489949,-108.06711842489948,22999.639650959023,1370167600.042646,Strait of Hormuz traffic returns to normal by end of April?
V1,2.0,earlier,False,2026-04-08,USO,short,-16.43666609500845,15,-1.621537882385945,-3.583949719404853,14.486151529543779,-18.07010124894863,-18.07010124894863,52430.75764771889,753798494.0751321,Strait of Hormuz traffic returns to normal by end of April?
V1,2.0,earlier,True,2026-04-13,SPY,short,-13.099999938692365,7,1.0,-0.0,12.0,-12.0,-12.0,40000.0,3385571026.90475,Strait of Hormuz traffic returns to normal by end of April?
V1,2.0,earlier,False,2026-04-14,XOP,short,-11.499994993209839,1,-0.45316037959949207,28.270491342708794,9.812641518397967,18.457849824310827,18.457849824310827,29063.20759198984,327355808.48290396,"Will Donald Trump announce that the United States blockade of the Strait of Hormuz has been lifted by May 31, 2026?"
V1,2.0,earlier,False,2026-04-17,XOP,short,-13.249999284744263,2,-0.5675125020101974,167.03896578471833,10.27005000804079,156.76891577667755,156.76891577667755,31350.250040203948,240889084.3065442,"Will Donald Trump announce that the United States blockade of the Strait of Hormuz has been lifted by May 31, 2026?"
V1,2.0,earlier,False,2026-04-17,SPY,long,12.037500739097595,8,1.0,0.0,12.0,-12.0,-12.0,40000.0,4873966304.922256,Strait of Hormuz traffic returns to normal by end of April?
V1,2.0,earlier,False,2026-04-17,XLE,short,-10.317857776369367,14,-0.38320148286383393,55.198225915910164,9.532805931455336,45.66541998445483,45.66541998445483,27664.02965727668,900556429.4628277,Strait of Hormuz traffic returns to normal by end of April?
V1,2.0,earlier,False,2026-05-06,IBIT,short,-21.20000161230564,1,1.7810843401859109,64.43515930865347,15.124337360743644,49.31082194790982,49.31082194790982,55621.68680371822,233172294.44239405,"MicroStrategy sells any Bitcoin by June 30, 2026?"
V1,2.0,earlier,False,2026-05-06,MSTR,short,-21.20000161230564,1,2.8452705296152208,57.70130785131838,19.38108211846088,38.3202257328575,38.3202257328575,76905.41059230441,381611783.74888766,"MicroStrategy sells any Bitcoin by June 30, 2026?"
V1,2.0,earlier,False,2026-05-06,XOP,short,-11.499998966852823,3,-0.8983708136282634,-6.749627029247419,11.593483254513053,-18.343110283760474,-18.343110283760474,37967.416272565264,101312185.53812243,"US x Iran permanent peace deal by December 31, 2026?"
V1,2.0,earlier,False,2026-05-08,EWU,long,12.999999523162842,1,1.0451376864930952,-17.891028975402826,12.180550745972381,-30.07157972137521,-30.071579721375205,40902.753729861906,2102355.5259516714,"Starmer out by June 30, 2026?"
V1,2.0,earlier,True,2026-05-11,EWU,short,-16.00000113248825,1,1.0515226046035853,23.152160907541415,12.206090418414341,10.946070489127074,10.946070489127074,41030.452092071704,2706256.3505053995,"Starmer out by June 30, 2026?"
V1,2.0,earlier,True,2026-05-11,XOP,long,12.500001986821493,3,-1.0150899835701432,16.885905531051165,12.060359934280573,4.825545596770592,4.825545596770592,40301.79967140286,71008527.29562627,"US x Iran permanent peace deal by December 31, 2026?"
V1,2.0,earlier,False,2026-05-13,EWU,short,-12.000000476837158,1,1.0797145296666102,-87.66587547884149,12.31885811866644,-99.98473359750793,-99.98473359750793,41594.2905933322,2626601.911739758,"Starmer out by June 30, 2026?"
V1,2.0,earlier,False,2026-05-15,IBIT,short,-12.474998831748962,2,1.6863158459794805,105.92922610725648,14.745263383917923,91.18396272333857,91.18396272333857,53726.31691958961,543593501.1155214,"MicroStrategy sells any Bitcoin by May 31, 2026?"
V1,2.0,earlier,False,2026-05-15,MSTR,short,-12.474998831748962,2,2.857362131634089,266.7130032476969,19.429448526536355,247.28355472116056,247.28355472116056,77147.24263268178,529218413.73373896,"MicroStrategy sells any Bitcoin by May 31, 2026?"
V1,2.0,earlier,False,2026-05-15,EWU,long,10.999998450279236,1,1.061358896958091,5.807023788560093,12.245435587832365,-6.438411799272272,-6.438411799272272,41227.177939161826,3610762.148570934,"Starmer out by June 30, 2026?"
V1,2.0,earlier,True,2026-05-18,EWU,short,-21.000000834465027,1,1.0820281208305085,-41.17030007122549,12.328112483322034,-53.49841255454753,-53.49841255454753,41640.56241661017,6386896.884524758,"Starmer out by June 30, 2026?"
V1,2.0,earlier,True,2026-05-18,IBIT,long,11.525000631809235,2,1.7250695173706347,-58.4069224563586,14.900278069482539,-73.30720052584114,-73.30720052584114,54501.39034741269,312614057.7486825,"MicroStrategy sells any Bitcoin by May 31, 2026?"
V1,2.0,earlier,True,2026-05-18,MSTR,long,11.525000631809235,2,2.9365407632460143,-135.47530291795246,19.74616305298406,-155.22146597093652,-155.22146597093652,78730.81526492028,587014699.2048044,"MicroStrategy sells any Bitcoin by May 31, 2026?"
V1,2.0,earlier,False,2026-05-21,IBIT,long,10.949999839067459,2,1.6588295931400365,-48.68371645336017,14.635318372560146,-63.31903482592031,-63.31903482592031,53176.59186280073,189733419.5515544,"MicroStrategy sells any Bitcoin by May 31, 2026?"
V1,2.0,earlier,False,2026-05-21,MSTR,long,10.949999839067459,2,2.877899078748591,-0.9788429067906622,19.511596314994364,-20.490439221785024,-20.490439221785024,77557.98157497183,239156108.0577103,"MicroStrategy sells any Bitcoin by May 31, 2026?"
V1,2.0,earlier,False,2026-05-29,IBIT,short,-23.55000004172325,2,1.5001771000910915,25.982830871471325,14.000708400364367,11.982122471106958,11.982122471106958,50003.542001821836,143945169.25729495,"MicroStrategy sells any Bitcoin by May 31, 2026?"
V1,2.0,earlier,False,2026-05-29,MSTR,short,-23.55000004172325,2,2.7061275057244925,-4.9673785794526575,18.824510022897968,-23.791888602350625,-23.791888602350625,74122.55011448984,192825333.1197421,"MicroStrategy sells any Bitcoin by May 31, 2026?"
V1,2.0,earlier,True,2026-06-01,IBIT,short,-44.09999921917915,2,1.4343969938495296,25.767321149589435,13.737587975398117,12.029733174191318,12.029733174191318,48687.93987699059,486240380.5154171,"MicroStrategy sells any Bitcoin by May 31, 2026?"
V1,2.0,earlier,True,2026-06-01,MSTR,short,-44.09999921917915,2,2.6208870966632025,-18.329232232467067,18.48354838665281,-36.81278061911988,-36.81278061911988,72417.74193326406,545297269.530413,"MicroStrategy sells any Bitcoin by May 31, 2026?"
V1,2.0,earlier,True,2026-06-01,SPY,short,-12.125001224922016,4,1.0,-0.0,12.0,-12.0,-12.0,40000.0,3840530464.3732686,Strait of Hormuz traffic returns to normal by end of May?
V1,2.0,earlier,True,2026-06-01,USO,long,10.219231199544783,13,-3.3467630093200365,183.3095677644743,21.387052037280146,161.92251572719417,161.92251572719417,86935.26018640073,241157320.53699073, Iran agrees to end enrichment of uranium by June 30?
V1,2.0,earlier,True,2026-06-01,XLE,long,10.219231199544783,13,-0.8371002467694542,101.1849570567912,11.348400987077817,89.8365560697134,89.8365560697134,36742.004935389086,760346365.5490105, Iran agrees to end enrichment of uranium by June 30?
V1,2.0,earlier,True,2026-06-15,SPY,long,34.16666587193807,3,0.9999999999999999,4.336808689942018e-15,12.0,-11.999999999999996,-11.999999999999996,40000.0,4181030092.3398404,"US x Iran permanent peace deal by July 31, 2026?"
V1,2.0,earlier,True,2026-06-15,XOP,short,-24.46250148350373,4,-1.0704968212387653,-85.3663721533475,12.281987284955061,-97.64835943830256,-97.64835943830256,41409.936424775304,212518427.46709487,"US x Iran permanent peace deal by December 31, 2026?"
V1,2.0,earlier,True,2026-06-15,USO,short,-22.981818625703454,11,-2.24798716427117,-31.435444239366202,16.99194865708468,-48.42739289645088,-48.42739289645088,64959.74328542341,160888648.0829464, Iran agrees to end enrichment of uranium by June 30?
V1,2.0,earlier,True,2026-06-15,XLE,short,-22.981818625703454,11,-0.7359824105271304,-27.089035866073637,10.943929642108522,-38.03296550818216,-38.03296550818216,34719.64821054261,671480386.250997, Iran agrees to end enrichment of uranium by June 30?
V1,2.0,earlier,False,2026-06-25,SPY,long,19.500000774860382,2,1.0000000000000002,3.469446951953614e-14,12.0,-11.999999999999964,-11.999999999999964,40000.0,4995383950.533366,Strait of Hormuz traffic returns to normal by July 15?
V1,2.0,earlier,False,2026-06-25,XOP,short,-11.350000277161598,1,-1.0159543608980204,21.191361800751064,12.063817443592082,9.127544357158982,9.127544357158982,40319.08721796041,75080904.47914997,Strait of Hormuz traffic returns to normal by end of June?
V1,2.0,earlier,True,2026-06-29,SPY,short,-15.000000596046448,2,0.9999999999999998,-1.0842021724855044e-15,12.0,-12.000000000000002,-12.000000000000002,39999.99999999999,3931571079.3664546,Strait of Hormuz traffic returns to normal by July 15?
V1,2.0,recent,True,2026-07-27,SPY,long,13.966667465865612,3,1.0,0.0,12.0,-12.0,-12.0,40000.0,2953265433.9474688,US x Iran Effective Ceasefire by July 31?
V1,2.0,recent,True,2026-07-27,USO,short,-13.966667465865612,3,-1.2325665943868414,87.41441824228178,12.930266377547365,74.48415186473441,74.48415186473441,44651.33188773683,138274761.80189905,US x Iran Effective Ceasefire by July 31?
V1,2.0,recent,True,2026-07-27,XLE,short,-13.966667465865612,3,-0.6745119473733101,-83.02248058271608,10.698047789493241,-93.72052837220933,-93.72052837220933,33490.238947466205,381507777.67686254,US x Iran Effective Ceasefire by July 31?
V1,2.0,recent,False,2026-07-29,SPY,short,-13.33333303531011,3,1.0,-0.0,12.0,-12.0,-12.0,40000.0,2695204911.1719136,US x Iran Effective Ceasefire by July 31?
V1,2.0,recent,False,2026-07-29,USO,long,13.33333303531011,3,-1.197903600120334,17.688740958008612,12.791614400481336,4.897126557527276,4.897126557527276,43958.07200240668,183689411.36903208,US x Iran Effective Ceasefire by July 31?
V1,2.0,recent,False,2026-07-29,XLE,long,13.33333303531011,3,-0.7131490412071572,-61.54531296697123,10.852596164828629,-72.39790913179986,-72.39790913179986,34262.980824143146,503538018.22736233,US x Iran Effective Ceasefire by July 31?
V1,2.0,recent,True,2026-08-03,SPY,long,17.500000198682148,3,1.0,0.0,12.0,-12.0,-12.0,40000.0,4781798264.977551,US x Iran Effective Ceasefire by July 31?
V1,2.0,recent,True,2026-08-03,USO,short,-17.500000198682148,3,-1.2756126553146798,-47.14892424590885,13.102450621258718,-60.25137486716757,-60.25137486716757,45512.25310629359,133552275.55306269,US x Iran Effective Ceasefire by July 31?
V1,2.0,recent,True,2026-08-03,XLE,short,-17.500000198682148,3,-0.6551435571868317,-17.798072336792323,10.620574228747326,-28.41864656553965,-28.418646565539653,33102.87114373663,267808730.34620717,US x Iran Effective Ceasefire by July 31?
V2,1.0,earlier,False,2025-10-02,FXI,long,6.999999284744263,1,0.5326228161559361,-33.95776524353237,5.065245632311872,-39.02301087584424,-39.02301087584424,30652.45632311872,166126925.97930002,Will Trump visit China by March 31?
V2,1.0,earlier,False,2025-10-02,KWEB,long,6.999999284744263,1,0.6719537371867672,-61.1255319821275,5.343907474373534,-66.46943945650104,-66.46943945650104,33439.07474373534,156683112.8079,Will Trump visit China by March 31?
V2,1.0,earlier,False,2025-10-03,FXI,long,15.500003099441528,1,0.5835956408720637,-25.419827502423672,5.1671912817441275,-30.5870187841678,-30.5870187841678,31671.912817441276,79105678.978,Will Trump visit China by March 31?
V2,1.0,earlier,False,2025-10-03,KWEB,long,15.500003099441528,1,0.728121768813172,-63.37415239647591,5.456243537626344,-68.83039593410226,-68.83039593410226,34562.43537626344,75036642.33480002,Will Trump visit China by March 31?
V2,1.0,earlier,False,2025-10-07,JETS,long,5.60000017285347,2,1.940346929694503,-52.83168878456698,13.880693859389005,-66.71238264395598,-66.71238264395598,58806.93859389006,2254225.3327,Will the Government shutdown end November 12-15?
V2,1.0,earlier,True,2025-10-13,JETS,short,-7.175000198185444,2,1.5882626376436977,-7.688006128911094,13.176525275287396,-20.86453140419849,-20.86453140419849,51765.25275287395,8671247.501,Will the Government shutdown end November 12-15?
V2,1.0,earlier,True,2025-10-13,FXI,short,-7.0000022649765015,1,1.0962672430905094,100.20240024364642,6.192534486181019,94.0098657574654,94.0098657574654,41925.34486181019,400652279.52220005,Will Trump visit China by March 31?
V2,1.0,earlier,True,2025-10-13,KWEB,short,-7.0000022649765015,1,1.4594902625956696,151.12024328876387,6.918980525191339,144.20126276357254,144.20126276357254,49189.805251913385,303769878.3419,Will Trump visit China by March 31?
V2,1.0,earlier,False,2025-10-14,TSLA,short,-5.500000715255737,1,2.3377677951991953,121.293899123349,8.67553559039839,112.61836353295061,112.61836353295061,66755.3559039839,5256351532.785299,Tesla launches unsupervised full self driving (FSD) by June 30?
V2,1.0,earlier,True,2025-10-20,JETS,long,7.5249988585710526,2,1.5258051230829668,93.61098502108065,13.051610246165934,80.55937477491472,80.55937477491472,50516.10246165934,3925391.7505,Will the Government shutdown end November 12-15?
V2,1.0,earlier,True,2025-10-20,SPY,long,5.016665905714035,3,1.0000000000000002,-1.734723475976807e-14,6.0,-6.000000000000018,-6.000000000000018,40000.0,4974312310.2183,US recession in 2025?
V2,1.0,earlier,True,2025-10-20,TSLA,short,-5.0000011920928955,1,2.4210805040887124,64.79371370772563,8.842161008177424,55.9515526995482,55.9515526995482,68421.61008177426,5165107522.167601,Tesla launches unsupervised full self driving (FSD) by June 30?
V2,1.0,earlier,False,2025-10-21,FXI,short,-9.499996900558472,1,1.163186610559014,41.931550004204674,6.326373221118028,35.60517678308665,35.60517678308665,43263.73221118028,135267820.58609998,Will Trump visit China by March 31?
V2,1.0,earlier,False,2025-10-21,KWEB,short,-9.499996900558472,1,1.5560891364387808,33.48533150098637,7.1121782728775615,26.37315322810881,26.373153228108805,51121.782728775615,127067123.66379999,Will Trump visit China by March 31?
V2,1.0,earlier,False,2025-10-21,TSLA,long,5.0000011920928955,1,2.3594059592163683,-67.04846245093154,8.718811918432737,-75.76727436936427,-75.76727436936427,67188.11918432737,4059730403.7538,Tesla launches unsupervised full self driving (FSD) by June 30?
V2,1.0,earlier,False,2025-10-22,TSLA,short,-11.000001430511475,1,2.374997215867139,-42.12708825732655,8.749994431734278,-50.87708268906083,-50.87708268906083,67499.94431734277,3447417555.6433,Tesla launches unsupervised full self driving (FSD) by June 30?
V2,1.0,earlier,False,2025-10-22,FXI,short,-5.0000011920928955,1,1.1659067832787924,-62.98736781519966,6.331813566557585,-69.31918138175725,-69.31918138175725,43318.13566557585,63824667.2751,Will Trump visit China by March 31?
V2,1.0,earlier,False,2025-10-22,KWEB,short,-5.0000011920928955,1,1.5560071842133134,-67.15599315255994,7.112014368426626,-74.26800752098657,-74.26800752098657,51120.143684266266,52678919.2637,Will Trump visit China by March 31?
V2,1.0,earlier,False,2025-10-23,TSLA,long,15.50000011920929,1,2.360438565992952,566.3503870851996,8.720877131985905,557.6295099532136,557.6295099532136,67208.77131985904,9259043948.2554,Tesla launches unsupervised full self driving (FSD) by June 30?
V2,1.0,earlier,False,2025-10-24,FXI,long,5.500000715255737,1,1.1688607830780522,-34.59588930154399,6.337721566156104,-40.9336108677001,-40.9336108677001,43377.215661561044,93167622.31149998,Will Trump visit China by March 31?
V2,1.0,earlier,False,2025-10-24,KWEB,long,5.500000715255737,1,1.5682030753097582,-37.208843330357865,7.136406150619516,-44.34524948097738,-44.34524948097738,51364.06150619516,77112804.7494,Will Trump visit China by March 31?
V2,1.0,earlier,True,2025-10-27,ORCL,long,31.999999284744263,1,1.3003336186199608,-230.2131844379069,6.6006672372399215,-236.81385167514682,-236.81385167514682,46006.67237239922,754443564.2508,TikTok sale announced in 2025?
V2,1.0,earlier,False,2025-10-30,FXI,short,-48.499999940395355,1,1.184665421587121,-69.66725451985985,6.369330843174242,-76.03658536303409,-76.03658536303409,43693.30843174242,211382941.9482,Will Trump visit China by March 31?
V2,1.0,earlier,False,2025-10-30,KWEB,short,-48.499999940395355,1,1.6135681238095019,-109.38411526859782,7.227136247619004,-116.61125151621683,-116.61125151621683,52271.36247619004,176523633.6173,Will Trump visit China by March 31?
V2,1.0,earlier,False,2025-10-30,ORCL,short,-16.999998688697815,1,1.0647727690142665,379.4485782050459,6.129545538028533,373.3190326670174,373.3190326670174,41295.45538028533,900717438.3298,TikTok sale announced in 2025?
V2,1.0,earlier,False,2025-10-31,CVX,long,8.000001311302185,1,0.3808585057050806,142.81984262102046,4.761717011410161,138.0581256096103,138.0581256096103,27617.170114101613,230508757.39709997,Maduro out in 2025?
V2,1.0,earlier,True,2025-11-03,CVX,short,-8.99999886751175,1,0.4038021150944903,194.71018460836987,4.80760423018898,189.9025803781809,189.9025803781809,28076.042301889807,143010756.2169,Maduro out in 2025?
V2,1.0,earlier,True,2025-11-03,ORCL,short,-5.500000715255737,1,1.3371397865663874,233.37277538066172,6.674279573132775,226.69849580752896,226.69849580752896,46742.79573132775,654353255.5763,TikTok sale announced in 2025?
V2,1.0,earlier,False,2025-11-04,JETS,long,9.850000590085983,2,1.4269530753045736,-139.88936377780655,12.853906150609147,-152.74326992841569,-152.74326992841569,48539.061506091464,10906494.154,Will the Government shutdown end November 12-15?
V2,1.0,earlier,False,2025-11-04,SPY,long,6.516667082905769,3,1.0,0.0,6.0,-6.0,-6.0,40000.0,7091127453.9361,US recession in 2025?
V2,1.0,earlier,False,2025-11-07,JETS,short,-11.224999278783798,2,1.3010725278079838,-236.9687639511606,12.602145055615967,-249.5709090067766,-249.57090900677656,46021.450556159674,8384265.6003,Will the Government shutdown end November 12-15?
V2,1.0,earlier,False,2025-11-07,SPY,short,-7.366666197776794,3,1.0000000000000002,8.673617379884035e-15,6.0,-5.999999999999991,-5.999999999999991,40000.0,8074315989.1631,US recession in 2025?
V2,1.0,earlier,False,2025-11-07,TSLA,long,6.999999284744263,1,2.864503961506588,-324.53326149644556,9.729007923013176,-334.26226941945873,-334.26226941945873,77290.07923013176,8487153646.0514,Tesla launches unsupervised full self driving (FSD) by June 30?
V2,1.0,earlier,True,2025-11-10,JETS,long,48.900000751018524,2,1.3011815039733043,-235.35625107358067,12.60236300794661,-247.9586140815273,-247.9586140815273,46023.63007946609,15876948.517299999,Will the Government shutdown end November 12-15?
V2,1.0,earlier,True,2025-11-10,SPY,long,32.966667165358864,3,1.0,0.0,6.0,-6.0,-6.0,40000.0,7385603300.5336,US recession in 2025?
V2,1.0,earlier,True,2025-11-10,TSLA,short,-7.4999988079071045,1,2.8566635232424384,43.97890565360579,9.713327046484878,34.265578607120915,34.265578607120915,77133.27046484877,5366938003.851701,Tesla launches unsupervised full self driving (FSD) by June 30?
V2,1.0,earlier,True,2025-11-10,ORCL,short,-6.999999284744263,1,1.5950368786844986,307.46472616317106,7.190073757368998,300.27465240580204,300.27465240580204,51900.73757368998,707809854.0677,TikTok sale announced in 2025?
V2,1.0,earlier,False,2025-11-11,EWU,long,8.000001311302185,1,0.4916546275364237,1.636683300446839,4.9833092550728475,-3.3466259546260084,-3.346625954626009,29833.092550728474,4256277.784,"Starmer out by June 30, 2026?"
V2,1.0,earlier,False,2025-11-11,JETS,long,6.800001300871372,2,1.2010675285804788,-115.85398689307043,12.402135057160958,-128.25612195023137,-128.25612195023137,44021.35057160958,7839798.056700001,Will the Government shutdown end November 12-15?
V2,1.0,earlier,False,2025-11-14,EWU,long,9.999999403953552,1,0.5271719332595215,-7.431368597938812,5.0543438665190425,-12.485712464457855,-12.485712464457855,30543.43866519043,9528718.022,"Starmer out by June 30, 2026?"
V2,1.0,earlier,False,2025-11-19,EPOL,long,8.749998360872269,2,0.8721298997655768,-45.67068374190755,11.744259799531154,-57.4149435414387,-57.4149435414387,37442.59799531154,2900675.0158,Russia x Ukraine ceasefire in 2025?
V2,1.0,earlier,False,2025-11-19,VGK,long,8.749998360872269,2,0.6169535454615519,-44.60446720732884,5.233907090923104,-49.83837429825194,-49.83837429825194,32339.07090923104,14598201.264000002,Russia x Ukraine ceasefire in 2025?
V2,1.0,earlier,False,2025-11-19,USO,short,-5.8333322405815125,3,0.26765228448732076,-49.17915931286694,4.535304568974642,-53.71446388184158,-53.71446388184158,25353.045689746417,51141899.824,Khamenei out as Supreme Leader of Iran in 2025?
V2,1.0,earlier,False,2025-11-19,EWU,short,-5.500000715255737,1,0.5263213026879398,48.32367824104235,5.05264260537588,43.27103563566647,43.27103563566647,30526.426053758798,1569894.1849,"Starmer out by June 30, 2026?"
V2,1.0,earlier,False,2025-11-21,IBIT,long,5.499999473492305,3,1.6869337529513158,2.016804039090391,7.3738675059026315,-5.3570634668122405,-5.3570634668122405,53738.67505902632,1128934115.6425,Will Satoshi move any Bitcoin in 2025?
V2,1.0,earlier,False,2025-11-21,MSTR,long,5.499999473492305,3,2.400379325328837,-285.3015297176613,8.800758650657674,-294.10228836831897,-294.10228836831897,68007.58650657674,754830768.7432,Will Satoshi move any Bitcoin in 2025?
V2,1.0,earlier,True,2025-11-24,EWU,long,9.49999988079071,1,0.5622727669257962,-44.67992008779276,5.124545533851593,-49.804465621644354,-49.804465621644354,31245.455338515927,6450713.3865,"Starmer out by June 30, 2026?"
V2,1.0,earlier,True,2025-11-24,CVX,long,7.999998331069946,1,0.20552342452940248,-24.622728995648302,4.411046849058805,-29.033775844707108,-29.033775844707108,24110.46849058805,123600923.9551,Maduro out in 2025?
V2,1.0,earlier,True,2025-11-24,TSLA,long,6.999999284744263,1,2.559362750375453,145.70621324583146,9.118725500750905,136.58748774508055,136.58748774508055,71187.25500750905,6581511277.7604,Tesla launches unsupervised full self driving (FSD) by June 30?
V2,1.0,earlier,True,2025-11-24,EPOL,short,-5.999999493360519,2,0.9530626759764353,115.12856119648782,11.90612535195287,103.22243584453496,103.22243584453496,39061.253519528706,467602.6581,Russia x Ukraine ceasefire in 2025?
V2,1.0,earlier,True,2025-11-24,VGK,short,-5.999999493360519,2,0.6614809313649458,57.183831450661465,5.322961862729891,51.860869587931575,51.860869587931575,33229.618627298914,18046338.678000003,Russia x Ukraine ceasefire in 2025?
V2,1.0,earlier,False,2025-11-25,CVX,short,-6.999999284744263,1,0.21038159897452308,45.25993334371271,4.4207631979490465,40.83917014576366,40.83917014576366,24207.63197949046,94624370.5135,Maduro out in 2025?
V2,1.0,earlier,False,2025-11-25,EPOL,long,6.499999016523361,2,0.873984818630752,6.371857216886795,11.747969637261503,-5.376112420374708,-5.376112420374708,37479.69637261504,200891.2218,Russia x Ukraine ceasefire in 2025?
V2,1.0,earlier,False,2025-11-25,VGK,long,6.499999016523361,2,0.6133091138793926,20.624391782016115,5.226618227758785,15.39777355425733,15.397773554257329,32266.182277587854,25795708.333499998,Russia x Ukraine ceasefire in 2025?
V2,1.0,earlier,False,2025-11-26,TSLA,short,-7.0000022649765015,1,2.5849590473350856,16.145512274214667,9.169918094670171,6.975594179544496,6.975594179544496,71699.18094670172,4712066889.5829,Tesla launches unsupervised full self driving (FSD) by June 30?
V2,1.0,earlier,True,2025-12-01,FXI,long,9.000000730156898,2,1.098529323955977,21.953741025398603,6.197058647911954,15.75668237748665,15.75668237748665,41970.586479119534,77143691.4026,Will Trump visit China by March 31?
V2,1.0,earlier,True,2025-12-01,KWEB,long,9.000000730156898,2,1.5601429848917847,35.354770695481086,7.12028596978357,28.234484725697516,28.23448472569752,51202.8596978357,72981369.5686,Will Trump visit China by March 31?
V2,1.0,earlier,True,2025-12-01,UUP,short,-6.000000486771266,3,0.02137138860405982,-26.211747559412697,10.042742777208119,-36.25449033662082,-36.25449033662082,20427.4277720812,10632701.764800001,Will Trump nominate Kevin Hassett as the next Fed chair?
V2,1.0,earlier,True,2025-12-01,IBIT,short,-5.649999311814706,3,1.8220639894253001,122.96541935659071,7.6441279788506,115.32129137774011,115.32129137774012,56441.279788506,525554742.73429996,Will Satoshi move any Bitcoin in 2025?
V2,1.0,earlier,True,2025-12-01,MSTR,short,-5.649999311814706,3,2.5069785452398627,-133.28960459681338,9.013957090479725,-142.3035616872931,-142.3035616872931,70139.57090479725,743698406.8447001,Will Satoshi move any Bitcoin in 2025?
V2,1.0,earlier,True,2025-12-08,CVX,short,-7.999999821186066,1,0.21054506648452395,27.773984574359666,4.421090132969048,23.352894441390617,23.352894441390617,24210.901329690478,141729280.2373,Maduro out in 2025?
V2,1.0,earlier,False,2025-12-09,TSLA,short,-7.999998331069946,1,2.629648293916274,-179.14755697954746,9.259296587832548,-188.40685356738,-188.40685356738,72592.96587832549,4470083088.91,Tesla launches unsupervised full self driving (FSD) by June 30?
V2,1.0,earlier,False,2025-12-10,TSLA,long,11.500000953674316,1,2.5953589681151223,-65.93104246063221,9.190717936230245,-75.12176039686246,-75.12176039686246,71907.17936230244,3846340109.2393003,Tesla launches unsupervised full self driving (FSD) by June 30?
V2,1.0,earlier,False,2025-12-12,TSLA,long,8.99999737739563,1,2.6087926698923187,490.8929707569572,9.217585339784637,481.67538541717255,481.6753854171726,72175.85339784637,7528643613.6823,Tesla launches unsupervised full self driving (FSD) by June 30?
V2,1.0,earlier,True,2025-12-15,TSLA,long,15.500003099441528,1,2.4750821899303412,301.8418487864266,8.950164379860682,292.89168440656596,292.89168440656596,69501.64379860682,12411057626.335402,Tesla launches unsupervised full self driving (FSD) by June 30?
V2,1.0,earlier,False,2025-12-16,TSLA,short,-7.999998331069946,1,2.447115020415352,-385.83403817164344,8.894230040830703,-394.7282682124741,-394.7282682124741,68942.30040830704,7861328496.9382,Tesla launches unsupervised full self driving (FSD) by June 30?
V2,1.0,earlier,False,2025-12-17,UUP,short,-5.16666720310847,3,0.006958606218738688,9.838935694708873,10.013917212437477,-0.17498151772860382,-0.17498151772860382,20139.172124374774,676825.1497,Will Trump nominate Kevin Hassett as the next Fed chair?
V2,1.0,earlier,False,2025-12-18,CVX,short,-7.850000262260437,2,0.24138899230638983,71.92545032524208,4.482777984612779,67.4426723406293,67.4426723406293,24827.779846127796,91646075.83240001,"Will the U.S. invade Venezuela by January 31, 2026?"
V2,1.0,earlier,False,2025-12-19,ORCL,long,73.10000136494637,1,1.3062905526507322,131.6528536007362,6.612581105301464,125.04027249543473,125.04027249543473,46125.81105301464,2613411300.2989,TikTok sale announced in 2025?
V2,1.0,earlier,True,2025-12-22,ORCL,long,20.699995756149292,1,1.3479279164315776,62.00012364362221,6.695855832863155,55.30426781075906,55.30426781075905,46958.55832863155,986370186.45,TikTok sale announced in 2025?
V2,1.0,earlier,True,2025-12-22,TSLA,long,11.500000953674316,1,2.456825946354254,-53.19202043070454,8.913651892708508,-62.105672323413046,-62.10567232341304,69136.51892708508,8605119552.7113,Tesla launches unsupervised full self driving (FSD) by June 30?
V2,1.0,earlier,False,2025-12-23,XOP,short,-5.499999970197678,1,0.8511815440168852,7.988090887656339,5.702363088033771,2.2857277996225687,2.2857277996225687,37023.6308803377,28382225.248400003,"US strikes Iran by March 31, 2026?"
V2,1.0,earlier,True,2025-12-26,ITA,short,-5.499999970197678,2,1.0390910538287692,96.687113348606,6.078182107657538,90.60893124094846,90.60893124094846,40781.82107657538,10805449.4281,"Israel strikes Iran by January 31, 2026?"
V2,1.0,earlier,True,2025-12-29,TSLA,short,-14.500004053115845,1,2.3876290103184785,210.4181386260537,8.775258020636958,201.64288060541674,201.64288060541674,67752.58020636957,5496133183.7149,Tesla launches unsupervised full self driving (FSD) by June 30?
V2,1.0,earlier,False,2025-12-30,TSLA,short,-5.500000715255737,1,2.4219900986149514,126.6483063291067,8.843980197229904,117.80432613187679,117.80432613187679,68439.80197229903,5034573535.054501,Tesla launches unsupervised full self driving (FSD) by June 30?
V2,1.0,earlier,True,2026-01-05,ITA,long,8.249998837709427,2,1.0555262903773912,124.52301987397675,6.111052580754782,118.41196729322196,118.41196729322196,41110.52580754782,48423866.668900006,"Israel strikes Iran by January 31, 2026?"
V2,1.0,earlier,True,2026-01-05,XLE,long,5.624999292194843,4,0.4417593231504237,-62.788611787614656,4.883518646300847,-67.6721304339155,-67.6721304339155,28835.186463008475,1176685432.3476,"Israel strikes Iran by January 31, 2026?"
V2,1.0,earlier,True,2026-01-05,XOP,long,5.499999225139618,1,0.8606220658955434,-301.3717810954916,5.721244131791087,-307.0930252272827,-307.0930252272827,37212.44131791087,111000151.9844,"US strikes Iran by March 31, 2026?"
V2,1.0,earlier,False,2026-01-06,ITA,long,5.250000953674316,2,1.070787404524139,92.71985095004378,6.141574809048278,86.5782761409955,86.5782761409955,41415.748090482775,31063219.469699997,"Israel strikes Iran by January 31, 2026?"
V2,1.0,earlier,False,2026-01-08,TSLA,short,-15.000000596046448,1,2.3694979894743464,-164.7015049668167,8.738995978948694,-173.4405009457654,-173.4405009457654,67389.95978948692,4814870510.844801,Tesla launches unsupervised full self driving (FSD) by June 30?
V2,1.0,earlier,True,2026-01-12,XOP,long,10.499998927116394,1,0.40240392122801877,-30.80282953586551,4.804807842456038,-35.60763737832155,-35.60763737832155,28048.078424560375,31027192.157299995,"US strikes Iran by March 31, 2026?"
V2,1.0,earlier,True,2026-01-12,UUP,short,-6.749999523162842,2,-0.0904959875653098,-13.209346227051272,10.18099197513062,-23.390338202181894,-23.390338202181894,21809.919751306195,11384414.5586,Will Trump nominate Kevin Hassett as the next Fed chair?
V2,1.0,earlier,True,2026-01-12,ITA,long,5.249999463558197,2,1.1688610493841745,40.71322375317115,6.337722098768349,34.3755016544028,34.3755016544028,43377.2209876835,54741889.3631,"Israel strikes Iran by January 31, 2026?"
V2,1.0,earlier,False,2026-01-13,XOP,long,11.000001430511475,1,0.40675651184809336,69.100233783756,4.813513023696187,64.28672076005981,64.28672076005981,28135.130236961868,114299046.3381,"US strikes Iran by March 31, 2026?"
V2,1.0,earlier,False,2026-01-13,ITA,long,9.75000113248825,2,1.19788397457987,-43.931821514139116,6.39576794915974,-50.32758946329886,-50.32758946329886,43957.6794915974,42585797.4905,"Israel strikes Iran by January 31, 2026?"
V2,1.0,earlier,False,2026-01-13,XLE,long,7.375000789761543,4,0.2480576180040825,67.19464619078494,4.496115236008165,62.69853095477677,62.69853095477677,24961.15236008165,355927224.072,"Israel strikes Iran by January 31, 2026?"
V2,1.0,earlier,False,2026-01-14,ITA,long,7.749998569488525,2,1.1925844188628363,94.42499620049547,6.385168837725672,88.0398273627698,88.0398273627698,43851.68837725672,34135596.3585,"Israel strikes Iran by January 31, 2026?"
V2,1.0,earlier,False,2026-01-15,XOP,short,-22.499999403953552,1,0.30771291420277624,-9.820991356983061,4.615425828405552,-14.436417185388613,-14.436417185388613,26154.258284055522,159811709.2451,"US strikes Iran by March 31, 2026?"
V2,1.0,earlier,False,2026-01-15,ITA,short,-13.750000298023224,2,1.1878686807169212,-105.93936350746081,6.375737361433842,-112.31510086889466,-112.31510086889467,43757.37361433842,36362375.4807,"Israel strikes Iran by January 31, 2026?"
V2,1.0,earlier,False,2026-01-15,XLE,short,-10.500000417232513,4,0.1531652314554639,-3.1708646096902844,4.306330462910928,-7.477195072601212,-7.477195072601211,23063.30462910928,435247654.03730005,"Israel strikes Iran by January 31, 2026?"
V2,1.0,earlier,False,2026-01-15,USO,short,-6.074999878183007,8,0.13911446691261117,63.64885616784165,4.278228933825222,59.370627234016425,59.37062723401643,22782.289338252223,51137070.9052,"Israel strikes Iran by January 31, 2026?"
V2,1.0,earlier,True,2026-01-20,TSLA,short,-9.000000357627869,1,2.2737632293096706,106.01214421426955,8.547526458619341,97.46461775565021,97.46461775565021,65475.264586193414,4169111210.7811003,Tesla launches unsupervised full self driving (FSD) by June 30?
V2,1.0,earlier,True,2026-01-20,UUP,long,7.0000022649765015,2,-0.1121662258738658,6.495775126948628,10.224332451747731,-3.7285573247991035,-3.7285573247991035,22243.324517477315,2783841.6314999997,Will Trump nominate Kevin Hassett as the next Fed chair?
V2,1.0,earlier,False,2026-01-21,XOP,long,5.500000715255737,2,0.2673237528933406,149.9686577798635,4.5346475057866815,145.4340102740768,145.4340102740768,25346.47505786681,132295640.39189999,"US strikes Iran by February 28, 2026?"
V2,1.0,earlier,False,2026-01-22,UUP,short,-5.500001087784767,2,-0.041330295695741946,28.114586243647672,10.082660591391484,18.031925652256188,18.031925652256188,20826.60591391484,2839189.8771,Will Trump nominate Kevin Hassett as the next Fed chair?
V2,1.0,earlier,False,2026-01-23,TSLA,short,-17.500001192092896,1,2.410954515139186,-0.504397726906686,8.821909030278372,-9.326306757185058,-9.326306757185058,68219.09030278372,4530583037.0356,Tesla launches unsupervised full self driving (FSD) by June 30?
V2,1.0,earlier,True,2026-01-26,ITA,short,-8.250001817941666,2,1.1196302664063773,90.56293013158599,6.239260532812755,84.32366959877324,84.32366959877324,42392.605328127545,30292467.8839,"Israel strikes Iran by January 31, 2026?"
V2,1.0,earlier,True,2026-01-26,TSLA,short,-6.999999284744263,1,2.3573173125394016,296.01501923345916,8.714634625078803,287.30038460838034,287.30038460838034,67146.34625078803,3625230043.5461,Tesla launches unsupervised full self driving (FSD) by June 30?
V2,1.0,earlier,True,2026-01-26,XOP,short,-5.750001966953278,2,0.36765853118784997,126.60297284764789,4.7353170623756995,121.86765578527219,121.8676557852722,27353.170623757,50549660.6992,"US strikes Iran by February 28, 2026?"
V2,1.0,earlier,False,2026-01-29,TSLA,long,31.349998712539673,1,2.184292888196807,-411.98843404142934,8.368585776393614,-420.35701981782296,-420.35701981782296,63685.85776393614,6457880978.4423,Tesla launches unsupervised full self driving (FSD) by June 30?
V2,1.0,earlier,False,2026-01-30,UUP,long,38.5249998915242,2,-0.05759806513048462,44.94333390557097,10.11519613026097,34.82813777531,34.82813777531,21151.961302609692,3946784.3219,Will Trump nominate Kevin Hassett as the next Fed chair?
V2,1.0,earlier,False,2026-01-30,GLD,short,-26.64999988434526,3,0.4427672571713788,443.1769709868348,4.8855345143427575,438.2914364724921,438.2914364724921,28855.345143427574,3105946434.9021,Will Trump nominate Kevin Hassett as the next Fed chair?
V2,1.0,earlier,True,2026-02-02,XOP,short,-22.999998927116394,2,0.3455460056892789,-6.3884281848617785,4.691092011378558,-11.079520196240336,-11.079520196240336,26910.920113785578,137529258.5766,"US strikes Iran by February 28, 2026?"
V2,1.0,earlier,True,2026-02-02,ITA,short,-16.00000262260437,1,1.1324313735621252,90.71746828278289,6.26486274712425,84.45260553565863,84.45260553565863,42648.62747124251,33885178.7176,"US strikes Iran by June 30, 2026?"
V2,1.0,earlier,True,2026-02-02,XLE,short,-15.249999612569809,4,0.21352329925566854,28.18702097563457,4.427046598511337,23.759974377123235,23.759974377123235,24270.465985113373,519567325.5339999,"US strikes Iran by June 30, 2026?"
V2,1.0,earlier,True,2026-02-02,USO,short,-8.081249566748738,8,0.15040082763175242,36.66563204492902,4.300801655263505,32.364830389665514,32.364830389665514,23008.016552635047,87389154.41330001,"Russia x Ukraine ceasefire by February 28, 2026?"
V2,1.0,earlier,False,2026-02-03,ITA,short,-6.000000238418579,1,1.1029281819299666,-158.6655773739233,6.205856363859933,-164.87143373778324,-164.87143373778324,42058.56363859933,36493928.561000004,"US strikes Iran by June 30, 2026?"
V2,1.0,earlier,False,2026-02-04,EWU,short,-5.99999874830246,1,0.675585378625271,0.9058610235187278,5.351170757250542,-4.445309733731814,-4.445309733731814,33511.707572505424,19097846.3438,"Starmer out by June 30, 2026?"
V2,1.0,earlier,False,2026-02-05,EWU,short,-8.000001311302185,1,0.673215486235619,32.537424524387966,5.3464309724712376,27.190993551916726,27.190993551916726,33464.30972471238,20141549.680600002,"Starmer out by June 30, 2026?"
V2,1.0,earlier,True,2026-02-09,EWU,short,-36.500003933906555,1,0.7708239193160309,-31.16171103416482,5.541647838632062,-36.70335887279688,-36.70335887279688,35416.47838632062,6270285.2891999995,"Starmer out by June 30, 2026?"
V2,1.0,earlier,False,2026-02-11,EWU,long,5.0000011920928955,1,0.7713137233355433,87.73134548821018,5.542627446671086,82.18871804153909,82.18871804153909,35426.27446671086,6994523.2048,"Starmer out by June 30, 2026?"
V2,1.0,earlier,True,2026-02-17,EWU,short,-7.4999988079071045,1,0.757219700352594,-40.716459230720396,5.514439400705188,-46.23089863142558,-46.23089863142558,35144.39400705188,10080084.603899999,"Starmer out by June 30, 2026?"
V2,1.0,earlier,True,2026-02-17,ITA,long,6.999999284744263,1,1.0581744939483062,110.41571317907312,6.116348987896613,104.29936419117651,104.29936419117651,41163.48987896613,21438380.433199998,"US strikes Iran by June 30, 2026?"
V2,1.0,earlier,True,2026-02-17,XOP,long,5.0000011920928955,2,0.4569146253210999,-186.09238496321737,4.9138292506422,-191.00621421385958,-191.00621421385958,29138.292506421996,70477032.6882,"US strikes Iran by February 28, 2026?"
V2,1.0,earlier,False,2026-02-18,XOP,long,19.999999552965164,2,0.5025804545162549,74.19056107983417,5.00516090903251,69.18540017080166,69.18540017080166,30051.6090903251,103442634.98560001,"US strikes Iran by February 28, 2026?"
V2,1.0,earlier,False,2026-02-18,ITA,long,14.999997615814209,1,1.0668107176446502,0.5640289974992657,6.1336214352893,-5.5695924377900345,-5.5695924377900345,41336.214352893,34932162.136999995,"US strikes Iran by June 30, 2026?"
V2,1.0,earlier,False,2026-02-18,XLE,long,11.399999260902405,5,0.2222606412147776,40.40167781413981,4.444521282429555,35.957156531710254,35.957156531710254,24445.21282429555,576209025.6802, Iran agrees to end enrichment of uranium by June 30?
V2,1.0,earlier,False,2026-02-18,USO,long,6.855554914929801,9,0.21950897667240477,183.39169425583827,4.439017953344809,178.95267630249347,178.95267630249347,24390.179533448096,80642676.79879999, Iran agrees to end enrichment of uranium by June 30?
V2,1.0,earlier,True,2026-02-23,XOP,short,-6.25,2,0.39074107889043913,122.09320463520945,4.781482157780879,117.31172247742856,117.31172247742857,27814.82157780878,45062601.22362525,"US strikes Iran by February 28, 2026?"
V2,1.0,earlier,True,2026-02-23,EWU,short,-5.0000011920928955,1,0.7599882854306267,-35.92763423182112,5.519976570861253,-41.44761080268238,-41.44761080268238,35199.76570861253,6477493.3730914015,"Starmer out by June 30, 2026?"
V2,1.0,earlier,False,2026-02-27,XOP,long,15.999998897314072,2,0.36573316521583443,155.23683139326542,4.731466330431669,150.50536506283376,150.50536506283376,27314.663304316688,69743790.2204352,"US strikes Iran by February 28, 2026?"
V2,1.0,earlier,False,2026-02-27,ITA,long,12.999999523162842,1,1.0203931923455192,86.07370907283646,6.040786384691039,80.03292268814542,80.03292268814542,40407.86384691039,26796616.400688305,"US strikes Iran by June 30, 2026?"
V2,1.0,earlier,False,2026-02-27,XLE,long,11.499999463558197,5,0.17229270495719046,40.606359959181084,4.344585409914381,36.261774549266704,36.261774549266704,23445.85409914381,435173028.8838401, Iran agrees to end enrichment of uranium by June 30?
V2,1.0,earlier,False,2026-02-27,USO,long,6.427777484835436,9,0.1913519975004347,-17.3325752376317,4.3827039950008695,-21.71527923263257,-21.71527923263257,23827.039950008693,82429717.04560642, Iran agrees to end enrichment of uranium by June 30?
V2,1.0,earlier,True,2026-03-02,FXI,short,-16.499999165534973,2,0.9067366188045243,-18.226293159087447,5.813473237609049,-24.039766396696496,-24.039766396696496,38134.732376090484,214606082.02948236,Will Trump visit China by March 31?
V2,1.0,earlier,True,2026-03-02,KWEB,short,-16.499999165534973,2,1.1197998605089348,-34.28691363113969,6.2395997210178695,-40.52651335215756,-40.52651335215756,42395.9972101787,123561641.87282702,Will Trump visit China by March 31?
V2,1.0,earlier,True,2026-03-02,USO,long,11.208333106090626,6,0.13987524980145485,-63.969845241169736,4.27975049960291,-68.24959574077265,-68.24959574077265,22797.504996029096,433014894.67070025, Iran agrees to end enrichment of uranium by June 30?
V2,1.0,earlier,True,2026-03-02,XLE,short,-10.999999940395355,2,0.1599869599078207,146.17431949859144,4.3199739198156415,141.8543455787758,141.8543455787758,23199.739198156414,1606799765.9557076, Iran agrees to end enrichment of uranium by June 30?
V2,1.0,earlier,False,2026-03-03,SPY,short,-6.999999284744263,1,1.0000000000000002,1.734723475976807e-14,6.0,-5.999999999999982,-5.999999999999982,40000.0,10344607718.423742,Iran x Israel/US conflict ends by May 15?
V2,1.0,earlier,False,2026-03-03,XLE,long,6.999999284744263,3,0.17345002016859074,-162.380221461504,4.346900040337181,-166.72712150184117,-166.72712150184117,23469.000403371814,1447340756.9214032, Iran agrees to end enrichment of uranium by June 30?
V2,1.0,earlier,False,2026-03-04,SPY,short,-9.000003337860107,1,1.0,-0.0,6.0,-6.0,-6.0,40000.0,4802286202.301489,Iran x Israel/US conflict ends by May 15?
V2,1.0,earlier,False,2026-03-06,SPY,long,6.000000238418579,1,0.9999999999999997,-4.336808689942018e-15,5.999999999999999,-6.0000000000000036,-6.0000000000000036,39999.99999999999,8827195137.511236,Iran x Israel/US conflict ends by May 15?
V2,1.0,earlier,True,2026-03-16,FXI,short,-29.40000146627426,2,0.8694047144904508,12.963017575391483,5.738809428980901,7.224208146410581,7.224208146410581,37388.094289809014,171116290.996937,Will Trump visit China by March 31?
V2,1.0,earlier,True,2026-03-16,KWEB,short,-29.40000146627426,2,1.121112012295154,37.36645429478236,6.242224024590308,31.12423027019205,31.12423027019205,42422.24024590308,97100306.03076704,Will Trump visit China by March 31?
V2,1.0,earlier,True,2026-03-16,SPY,short,-10.624999552965164,4,0.9999999999999999,-1.0842021724855044e-15,6.0,-6.000000000000001,-6.000000000000001,40000.0,6050404925.860184,Strait of Hormuz traffic returns to normal by end of April?
V2,1.0,earlier,True,2026-03-16,XLE,long,7.583332806825638,6,0.03816860252396798,23.907011528994854,4.076337205047936,19.83067432394692,19.83067432394692,20763.37205047936,402403626.621104,Strait of Hormuz traffic returns to normal by end of April?
V2,1.0,earlier,True,2026-03-16,USO,long,5.388888468345006,9,-1.1641091869816311,-153.24380304872932,6.328218373963262,-159.5720214226926,-159.5720214226926,43282.183739632615,844341328.2525355,Strait of Hormuz traffic returns to normal by end of April?
V2,1.0,earlier,False,2026-03-17,FXI,short,-31.07499945908785,2,0.8866029185828201,28.017084129153258,5.773205837165641,22.243878291987617,22.243878291987617,37732.0583716564,108533922.65827411,Will Trump visit China by March 31?
V2,1.0,earlier,False,2026-03-17,KWEB,short,-31.07499945908785,2,1.1454281597483182,88.68067313811376,6.290856319496637,82.38981681861712,82.38981681861712,42908.563194966366,104243799.65902728,Will Trump visit China by March 31?
V2,1.0,earlier,True,2026-03-23,SPY,long,14.750000461935997,4,1.0,0.0,6.0,-6.0,-6.0,40000.0,10316140333.071339,Strait of Hormuz traffic returns to normal by end of April?
V2,1.0,earlier,True,2026-03-23,XLE,short,-11.285713953631264,7,0.1723244124202351,-304.1724357056021,4.34464882484047,-308.51708453044256,-308.51708453044256,23446.4882484047,830267176.7007679,Strait of Hormuz traffic returns to normal by end of April?
V2,1.0,earlier,True,2026-03-23,USO,short,-7.799999862909317,10,-1.2996280885326041,296.84634776966567,6.599256177065208,290.24709159260044,290.24709159260044,45992.561770652086,1278461422.9589744,Strait of Hormuz traffic returns to normal by end of April?
V2,1.0,earlier,True,2026-03-30,EWU,long,8.000001311302185,1,1.0132101716815585,88.834008286273,6.026420343363117,82.80758794290989,82.80758794290989,40264.20343363118,2514357.8305241484,"Starmer out by June 30, 2026?"
V2,1.0,earlier,True,2026-03-30,SPY,short,-6.519999653100967,5,0.9999999999999998,3.469446951953614e-14,6.0,-5.999999999999965,-5.999999999999965,39999.99999999999,6008454750.12561,Strait of Hormuz traffic returns to normal by end of April?
V2,1.0,earlier,False,2026-04-02,SPY,short,-9.066666259119907,6,1.0,-0.0,6.0,-6.0,-6.0,40000.0,4999842316.34948,Strait of Hormuz traffic returns to normal by end of April?
V2,1.0,earlier,False,2026-04-02,XLE,long,5.6899999640882015,10,-0.18436685181699847,-182.83224429961547,4.368733703633997,-187.20097800324947,-187.20097800324947,23687.33703633997,697657630.6475489,Strait of Hormuz traffic returns to normal by end of April?
V2,1.0,earlier,False,2026-04-08,SPY,long,27.39999933789174,6,1.0,0.0,6.0,-6.0,-6.0,40000.0,9001027549.964426,Strait of Hormuz traffic returns to normal by end of April?
V2,1.0,earlier,False,2026-04-08,XLE,short,-21.789999343454838,10,-0.14998198254795106,-244.08337261985952,4.299963965095902,-248.38333658495543,-248.3833365849554,22999.639650959023,1370167600.042646,Strait of Hormuz traffic returns to normal by end of April?
V2,1.0,earlier,False,2026-04-08,USO,short,-16.43666609500845,15,-1.621537882385945,-439.84578035743084,7.2430757647718895,-447.08885612220274,-447.0888561222027,52430.75764771889,753798494.0751321,Strait of Hormuz traffic returns to normal by end of April?
V2,1.0,earlier,False,2026-04-08,FXI,long,6.774999760091305,2,0.9176035743038173,-43.56810100471101,5.835207148607635,-49.40330815331865,-49.40330815331865,38352.07148607635,277083918.6934607,Will Trump visit China by April 30?
V2,1.0,earlier,False,2026-04-08,KWEB,long,6.774999760091305,2,1.1948840281413746,-70.90931693734282,6.389768056282749,-77.29908499362557,-77.29908499362557,43897.680562827496,194205449.21116686,Will Trump visit China by April 30?
V2,1.0,earlier,True,2026-04-13,SPY,short,-13.099999938692365,7,1.0,-0.0,6.0,-6.0,-6.0,40000.0,3385571026.90475,Strait of Hormuz traffic returns to normal by end of April?
V2,1.0,earlier,True,2026-04-13,XLE,long,9.700000015172092,11,-0.3224619707854721,-44.1094164204809,4.644923941570944,-48.75434036205184,-48.75434036205184,26449.239415709442,506754282.30257773,Strait of Hormuz traffic returns to normal by end of April?
V2,1.0,earlier,True,2026-04-13,USO,long,7.4656251119449735,16,-1.912091663594879,-124.65102375850023,7.824183327189758,-132.47520708569,-132.47520708569,58241.83327189757,555196496.1056812,Strait of Hormuz traffic returns to normal by end of April?
V2,1.0,earlier,False,2026-04-14,XOP,short,-11.499994993209839,1,-0.45316037959949207,164.22940911801481,4.906320759198984,159.32308835881582,159.32308835881582,29063.20759198984,327355808.48290396,"Will Donald Trump announce that the United States blockade of the Strait of Hormuz has been lifted by May 31, 2026?"
V2,1.0,earlier,False,2026-04-14,XLE,short,-7.899999618530273,13,-0.30215114945558114,73.17306276846811,4.604302298911162,68.56876046955695,68.56876046955695,26043.02298911162,517002236.63450783,Strait of Hormuz traffic returns to normal by end of April?
V2,1.0,earlier,False,2026-04-14,SPY,long,5.962499976158142,8,0.9999999999999999,1.734723475976807e-14,6.0,-5.999999999999982,-5.999999999999982,40000.0,4577215907.48277,Strait of Hormuz traffic returns to normal by end of April?
V2,1.0,earlier,False,2026-04-14,USO,short,-5.705555259353584,18,-1.8706347753659764,70.03353048501315,7.741269550731953,62.29226093428119,62.29226093428119,57412.695507319535,154845216.57590494,Strait of Hormuz traffic returns to normal by end of April?
V2,1.0,earlier,False,2026-04-15,XOP,short,-7.249999046325684,2,-0.5084381711998822,-120.40430327189536,5.016876342399764,-125.42117961429513,-125.42117961429514,30168.763423997643,62613940.79915954,"Will Donald Trump announce that the United States blockade of the Strait of Hormuz has been lifted by May 31, 2026?"
V2,1.0,earlier,False,2026-04-15,SPY,long,6.550000607967377,8,1.0,0.0,6.0,-6.0,-6.0,40000.0,3785086689.6463594,Strait of Hormuz traffic returns to normal by end of April?
V2,1.0,earlier,False,2026-04-15,XLE,short,-5.350000198398318,14,-0.3376811224454675,-52.820160872608554,4.675362244890935,-57.49552311749949,-57.49552311749948,26753.622448909347,569154589.0046694,Strait of Hormuz traffic returns to normal by end of April?
V2,1.0,earlier,False,2026-04-17,XOP,short,-13.249999284744263,2,-0.5675125020101974,-19.4515304264254,5.135025004020395,-24.586555430445795,-24.586555430445795,31350.250040203948,240889084.3065442,"Will Donald Trump announce that the United States blockade of the Strait of Hormuz has been lifted by May 31, 2026?"
V2,1.0,earlier,False,2026-04-17,SPY,long,12.037500739097595,8,1.0,0.0,6.0,-6.0,-6.0,40000.0,4873966304.922256,Strait of Hormuz traffic returns to normal by end of April?
V2,1.0,earlier,False,2026-04-17,XLE,short,-10.317857776369367,14,-0.38320148286383393,-127.76220883962574,4.766402965727668,-132.52861180535342,-132.52861180535342,27664.02965727668,900556429.4628277,Strait of Hormuz traffic returns to normal by end of April?
V2,1.0,earlier,False,2026-04-17,USO,short,-7.605263639829661,19,-2.086895419567572,-234.6696929834488,8.173790839135144,-242.84348382258395,-242.84348382258398,61737.90839135144,687177795.8799325,Strait of Hormuz traffic returns to normal by end of April?
V2,1.0,earlier,True,2026-04-20,XOP,long,7.4999988079071045,2,-0.743407362239852,4.024048989169351,5.486814724479704,-1.4627657353103523,-1.4627657353103523,34868.14724479704,88127355.14329062,"Will Donald Trump announce that the United States blockade of the Strait of Hormuz has been lifted by May 31, 2026?"
V2,1.0,earlier,True,2026-04-20,SPY,short,-6.762499362230301,8,1.0,-0.0,6.0,-6.0,-6.0,40000.0,3247698734.2716312,Strait of Hormuz traffic returns to normal by end of April?
V2,1.0,earlier,True,2026-04-20,XLE,long,6.393333276112874,15,-0.4888144820691619,-3.343013579013327,4.977628964138324,-8.320642543151651,-8.320642543151651,29776.28964138324,394546050.79891676,Strait of Hormuz traffic returns to normal by end of April?
V2,1.0,earlier,True,2026-04-20,USO,long,5.45499999076128,20,-2.287883711334157,122.26176299663906,8.575767422668314,113.68599557397076,113.68599557397077,65757.67422668314,266424160.53847155,Strait of Hormuz traffic returns to normal by end of April?
V2,1.0,earlier,False,2026-04-21,EWU,short,-5.0000011920928955,1,0.9947665485134984,76.55337488396783,5.989533097026997,70.56384178694084,70.56384178694084,39895.33097026997,4755123.803639061,"Starmer out by June 30, 2026?"
V2,1.0,earlier,False,2026-04-22,XOP,long,6.000000238418579,2,-0.7646971389460381,148.62061177422396,5.529394277892076,143.0912174963319,143.0912174963319,35293.94277892076,72781774.31039317,"Will Donald Trump announce that the United States blockade of the Strait of Hormuz has been lifted by May 31, 2026?"
V2,1.0,earlier,True,2026-04-27,XOP,long,6.749999523162842,2,-0.7324886371830664,20.336350402043355,5.464977274366133,14.871373127677222,14.871373127677222,34649.77274366133,60497852.44423264,"Will Donald Trump announce that the United States blockade of the Strait of Hormuz has been lifted by May 31, 2026?"
V2,1.0,earlier,True,2026-04-27,EWU,long,6.499999761581421,1,0.9953876858805955,-74.5510013786636,5.990775371761191,-80.54177675042479,-80.54177675042479,39907.75371761191,4143266.479009827,"Starmer out by June 30, 2026?"
V2,1.0,earlier,True,2026-04-27,SPY,short,-5.250000053395827,6,1.0,-0.0,6.0,-6.0,-6.0,40000.0,3535297080.689054,Strait of Hormuz traffic returns to normal by end of April?
V2,1.0,earlier,False,2026-04-29,XOP,long,5.500003695487976,2,-0.7307772133731324,199.40892251276705,5.461554426746265,193.9473680860208,193.9473680860208,34615.54426746265,91198398.66668211,"Will Donald Trump announce that the United States blockade of the Strait of Hormuz has been lifted by May 31, 2026?"
V2,1.0,earlier,True,2026-05-04,KWEB,long,6.999999284744263,1,1.2819789006713234,-0.9783026328244069,6.563957801342647,-7.542260434167053,-7.542260434167054,45639.578013426464,53875894.898387,Will Trump visit China by May 31?
V2,1.0,earlier,True,2026-05-04,XOP,long,6.50000125169754,2,-0.6522627267146958,195.16552796923236,5.304525453429392,189.86100251580297,189.86100251580297,33045.25453429392,72334399.42258385,"Will Donald Trump announce that the United States blockade of the Strait of Hormuz has been lifted by May 31, 2026?"
V2,1.0,earlier,True,2026-05-04,FXI,long,5.750000476837158,2,0.9308896573644799,28.592259180251297,5.86177931472896,22.730479865522337,22.730479865522337,38617.793147289594,71391828.59390497,Will Trump visit China by May 15?
V2,1.0,earlier,False,2026-05-06,IBIT,short,-21.20000161230564,1,1.7810843401859109,191.57788598539483,7.562168680371822,184.015717305023,184.015717305023,55621.68680371822,233172294.44239405,"MicroStrategy sells any Bitcoin by June 30, 2026?"
V2,1.0,earlier,False,2026-05-06,MSTR,short,-21.20000161230564,1,2.8452705296152208,95.10286496090072,9.69054105923044,85.41232390167028,85.41232390167028,76905.41059230441,381611783.74888766,"MicroStrategy sells any Bitcoin by June 30, 2026?"
V2,1.0,earlier,False,2026-05-06,XOP,short,-11.499998966852823,3,-0.8983708136282634,80.60941097143535,5.796741627256527,74.81266934417883,74.81266934417883,37967.416272565264,101312185.53812243,"US x Iran permanent peace deal by December 31, 2026?"
V2,1.0,earlier,False,2026-05-06,XLE,short,-8.135714034766092,14,-0.544550519131925,10.26150910517858,5.08910103826385,5.1724080669147305,5.1724080669147305,30891.010382638502,590981653.3216505,Strait of Hormuz traffic returns to normal by end of April?
V2,1.0,earlier,False,2026-05-06,SPY,long,7.983333055744879,6,0.9999999999999999,8.673617379884035e-15,6.0,-5.999999999999991,-5.999999999999991,40000.0,2951757967.3920727,Strait of Hormuz traffic returns to normal by end of April?
V2,1.0,earlier,False,2026-05-06,USO,short,-6.584210516456024,19,-2.683423250109122,-104.7654904901328,9.366846500218244,-114.13233699035105,-114.13233699035105,73668.46500218245,185221445.432321,Strait of Hormuz traffic returns to normal by end of April?
V2,1.0,earlier,False,2026-05-07,SPY,long,7.533332925716725,6,1.0000000000000002,8.673617379884035e-15,6.0,-5.999999999999991,-5.999999999999991,40000.0,3025100569.8734217,Strait of Hormuz traffic returns to normal by end of April?
V2,1.0,earlier,False,2026-05-07,XLE,short,-5.299999765702523,14,-0.6378441182716376,14.175863690131782,5.275688236543275,8.900175453588506,8.900175453588506,32756.882365432753,500046089.0647252,Strait of Hormuz traffic returns to normal by end of April?
V2,1.0,earlier,False,2026-05-07,XOP,short,-5.000000198682149,3,-1.0310488275906127,16.929785081286635,6.062097655181225,10.867687426105409,10.867687426105409,40620.97655181225,191013859.04719704,"US x Iran permanent peace deal by December 31, 2026?"
V2,1.0,earlier,False,2026-05-08,EWU,long,12.999999523162842,1,1.0451376864930952,-34.83213323369838,6.0902753729861905,-40.92240860668457,-40.92240860668457,40902.753729861906,2102355.5259516714,"Starmer out by June 30, 2026?"
V2,1.0,earlier,True,2026-05-11,EWU,short,-16.00000113248825,1,1.0515226046035853,72.17319825653696,6.1030452092071705,66.0701530473298,66.0701530473298,41030.452092071704,2706256.3505053995,"Starmer out by June 30, 2026?"
V2,1.0,earlier,True,2026-05-11,XOP,long,12.500001986821493,3,-1.0150899835701432,94.78426709153551,6.0301799671402865,88.75408712439523,88.75408712439523,40301.79967140286,71008527.29562627,"US x Iran permanent peace deal by December 31, 2026?"
V2,1.0,earlier,True,2026-05-11,SPY,short,-8.733333367854357,6,1.0,-0.0,6.0,-6.0,-6.0,40000.0,3672827031.9797745,Strait of Hormuz traffic returns to normal by end of April?
V2,1.0,earlier,True,2026-05-11,XLE,long,7.992857787758112,14,-0.6189617919299568,187.1436019119105,5.237923583859914,181.90567832805058,181.90567832805058,32379.235838599136,357623631.12522876,Strait of Hormuz traffic returns to normal by end of April?
V2,1.0,earlier,True,2026-05-11,USO,long,7.284375501330942,16,-2.811269999083121,274.06766087312207,9.622539998166243,264.4451208749558,264.4451208749558,76225.39998166241,88712839.72274858,Strait of Hormuz traffic returns to normal by end of April?
V2,1.0,earlier,True,2026-05-11,IBIT,long,7.099999487400055,2,1.6811418352955496,41.38086545189954,7.362283670591099,34.01858178130844,34.01858178130844,53622.83670591099,208899853.80679178,"MicroStrategy sells any Bitcoin by May 31, 2026?"
V2,1.0,earlier,True,2026-05-11,MSTR,long,7.099999487400055,2,2.741700265590849,253.21004343864175,9.483400531181697,243.72664290746005,243.72664290746005,74834.00531181699,422622952.47730625,"MicroStrategy sells any Bitcoin by May 31, 2026?"
V2,1.0,earlier,True,2026-05-11,FXI,long,6.250002980232239,2,0.9549601265477861,-48.43427733622251,5.909920253095573,-54.34419758931808,-54.34419758931808,39099.20253095572,84159347.66470505,Will Trump visit China by May 15?
V2,1.0,earlier,False,2026-05-13,EWU,short,-12.000000476837158,1,1.0797145296666102,-59.54911505222929,6.15942905933322,-65.7085441115625,-65.7085441115625,41594.2905933322,2626601.911739758,"Starmer out by June 30, 2026?"
V2,1.0,earlier,False,2026-05-13,IBIT,short,-9.450002014636993,2,1.6724890630167089,147.10150633150204,7.344978126033418,139.7565282054686,139.7565282054686,53449.78126033417,228558410.67489633,"MicroStrategy sells any Bitcoin by May 31, 2026?"
V2,1.0,earlier,False,2026-05-13,MSTR,short,-9.450002014636993,2,2.836560942170449,367.0246106797448,9.673121884340897,357.3514887954039,357.3514887954039,76731.21884340898,376165190.5930594,"MicroStrategy sells any Bitcoin by May 31, 2026?"
V2,1.0,earlier,False,2026-05-15,IBIT,short,-12.474998831748962,2,1.6863158459794805,52.91905418456425,7.372631691958961,45.54642249260529,45.54642249260529,53726.31691958961,543593501.1155214,"MicroStrategy sells any Bitcoin by May 31, 2026?"
V2,1.0,earlier,False,2026-05-15,MSTR,short,-12.474998831748962,2,2.857362131634089,154.08224363574436,9.714724263268177,144.36751937247618,144.36751937247618,77147.24263268178,529218413.73373896,"MicroStrategy sells any Bitcoin by May 31, 2026?"
V2,1.0,earlier,False,2026-05-15,EWU,long,10.999998450279236,1,1.061358896958091,-7.2497719866648245,6.122717793916182,-13.372489780581006,-13.372489780581006,41227.177939161826,3610762.148570934,"Starmer out by June 30, 2026?"
V2,1.0,earlier,True,2026-05-18,EWU,short,-21.000000834465027,1,1.0820281208305085,-122.56034430373238,6.164056241661017,-128.7244005453934,-128.7244005453934,41640.56241661017,6386896.884524758,"Starmer out by June 30, 2026?"
V2,1.0,earlier,True,2026-05-18,IBIT,long,11.525000631809235,2,1.7250695173706347,-19.541366642374076,7.4501390347412695,-26.991505677115345,-26.991505677115345,54501.39034741269,312614057.7486825,"MicroStrategy sells any Bitcoin by May 31, 2026?"
V2,1.0,earlier,True,2026-05-18,MSTR,long,11.525000631809235,2,2.9365407632460143,-90.56930771866843,9.87308152649203,-100.44238924516046,-100.44238924516046,78730.81526492028,587014699.2048044,"MicroStrategy sells any Bitcoin by May 31, 2026?"
V2,1.0,earlier,False,2026-05-20,IBIT,long,5.249997973442078,2,1.654893643597688,-75.45480123957287,7.309787287195376,-82.76458852676825,-82.76458852676825,53097.87287195376,125183542.9939573,"MicroStrategy sells any Bitcoin by May 31, 2026?"
V2,1.0,earlier,False,2026-05-20,MSTR,long,5.249997973442078,2,2.9018930560539244,-234.94664054824395,9.803786112107849,-244.7504266603518,-244.7504266603518,78037.86112107849,194361581.6725806,"MicroStrategy sells any Bitcoin by May 31, 2026?"
V2,1.0,earlier,False,2026-05-21,IBIT,long,10.949999839067459,2,1.6588295931400365,-38.58764252958856,7.317659186280073,-45.90530171586863,-45.90530171586863,53176.59186280073,189733419.5515544,"MicroStrategy sells any Bitcoin by May 31, 2026?"
V2,1.0,earlier,False,2026-05-21,MSTR,long,10.949999839067459,2,2.877899078748591,-120.56777784118306,9.755798157497182,-130.32357599868024,-130.32357599868024,77557.98157497183,239156108.0577103,"MicroStrategy sells any Bitcoin by May 31, 2026?"
V2,1.0,earlier,False,2026-05-22,SPY,long,6.6083333144585295,6,1.0,0.0,6.0,-6.0,-6.0,40000.0,2928025956.2907586,Strait of Hormuz traffic returns to normal by end of May?
V2,1.0,earlier,True,2026-05-26,XOP,short,-9.75000113248825,4,-1.3031502298147513,206.98067528736533,6.6063004596295025,200.37437482773583,200.37437482773583,46063.004596295024,70670582.04749288,"US x Iran permanent peace deal by December 31, 2026?"
V2,1.0,earlier,True,2026-05-26,SPY,long,9.575000777840614,6,1.0,0.0,6.0,-6.0,-6.0,40000.0,2826046196.029071,Strait of Hormuz traffic returns to normal by end of May?
V2,1.0,earlier,True,2026-05-26,USO,short,-9.538235964582247,17,-3.307794264614099,-72.5837441200677,10.615588529228198,-83.19933264929591,-83.19933264929591,86155.88529228198,185181667.98978683, Iran agrees to end enrichment of uranium by June 30?
V2,1.0,earlier,True,2026-05-26,XLE,short,-9.526667495568594,15,-0.7983558648783831,166.6147237076741,5.596711729756766,161.01801197791733,161.01801197791733,35967.11729756766,409343338.31106013, Iran agrees to end enrichment of uranium by June 30?
V2,1.0,earlier,True,2026-05-26,IBIT,long,8.875000942498446,2,1.5393590621906208,-115.20557902565503,7.078718124381242,-122.28429715003627,-122.28429715003627,50787.18124381242,267141614.71342382,"MicroStrategy sells any Bitcoin by May 31, 2026?"
V2,1.0,earlier,True,2026-05-26,MSTR,long,8.875000942498446,2,2.76530259435831,-68.75193468738307,9.53060518871662,-78.28253987609969,-78.28253987609969,75306.05188716619,290883310.8797056,"MicroStrategy sells any Bitcoin by May 31, 2026?"
V2,1.0,earlier,True,2026-05-26,EWU,long,5.99999874830246,1,1.103237449026703,-41.51841730199856,6.206474898053406,-47.72489220005197,-47.72489220005197,42064.74898053406,3731087.725127616,"Starmer out by June 30, 2026?"
V2,1.0,earlier,False,2026-05-28,XOP,long,7.300000786781311,5,-1.2998657281960193,86.37690660126447,6.599731456392039,79.77717514487243,79.77717514487243,45997.314563920394,66254883.86266967,"US x Iran permanent peace deal by December 31, 2026?"
V2,1.0,earlier,False,2026-05-28,SPY,short,-6.083333849286039,6,1.0000000000000002,8.673617379884035e-15,6.0,-5.999999999999991,-5.999999999999991,40000.0,2334879509.2924466,Strait of Hormuz traffic returns to normal by end of May?
V2,1.0,earlier,False,2026-05-28,XLE,long,5.612500751158223,16,-0.8021022423837337,-60.798333373169456,5.604204484767467,-66.40253785793692,-66.40253785793692,36042.044847674675,366526850.62312835, Iran agrees to end enrichment of uranium by June 30?
V2,1.0,earlier,False,2026-05-29,IBIT,short,-23.55000004172325,2,1.5001771000910915,-54.19495523884159,7.0003542001821835,-61.195309439023774,-61.195309439023774,50003.542001821836,143945169.25729495,"MicroStrategy sells any Bitcoin by May 31, 2026?"
V2,1.0,earlier,False,2026-05-29,MSTR,short,-23.55000004172325,2,2.7061275057244925,-606.0786195763219,9.412255011448984,-615.4908745877709,-615.4908745877709,74122.55011448984,192825333.1197421,"MicroStrategy sells any Bitcoin by May 31, 2026?"
V2,1.0,earlier,True,2026-06-01,IBIT,short,-44.09999921917915,2,1.4343969938495296,86.61267588021121,6.868793987699059,79.74388189251215,79.74388189251215,48687.93987699059,486240380.5154171,"MicroStrategy sells any Bitcoin by May 31, 2026?"
V2,1.0,earlier,True,2026-06-01,MSTR,short,-44.09999921917915,2,2.6208870966632025,17.273755727787773,9.241774193326405,8.031981534461368,8.031981534461368,72417.74193326406,545297269.530413,"MicroStrategy sells any Bitcoin by May 31, 2026?"
V2,1.0,earlier,True,2026-06-01,SPY,short,-12.125001224922016,4,1.0,-0.0,6.0,-6.0,-6.0,40000.0,3840530464.3732686,Strait of Hormuz traffic returns to normal by end of May?
V2,1.0,earlier,True,2026-06-01,USO,long,10.219231199544783,13,-3.3467630093200365,127.91295720263096,10.693526018640073,117.21943118399089,117.21943118399088,86935.26018640073,241157320.53699073, Iran agrees to end enrichment of uranium by June 30?
V2,1.0,earlier,True,2026-06-01,XLE,long,10.219231199544783,13,-0.8371002467694542,84.0002381985668,5.674200493538908,78.3260377050279,78.3260377050279,36742.004935389086,760346365.5490105, Iran agrees to end enrichment of uranium by June 30?
V2,1.0,earlier,True,2026-06-01,XOP,long,9.249999932944775,4,-1.3456770671788265,129.6726862304979,6.691354134357653,122.98133209614025,122.98133209614025,46913.54134357652,131852964.63001195,"US x Iran permanent peace deal by December 31, 2026?"
V2,1.0,earlier,True,2026-06-08,SPY,short,-7.999999821186066,3,0.9999999999999997,1.734723475976807e-14,5.999999999999999,-5.999999999999981,-5.999999999999981,39999.99999999999,4438433752.738772,"US x Iran permanent peace deal by July 31, 2026?"
V2,1.0,earlier,True,2026-06-08,USO,long,5.570832942612469,12,-2.4572285232572253,-111.64512971463643,8.91445704651445,-120.55958676115088,-120.55958676115088,69144.57046514451,41791457.05661394, Iran agrees to end enrichment of uranium by June 30?
V2,1.0,earlier,True,2026-06-08,XLE,long,5.570832942612469,12,-0.6647771142455354,5.103694367408359,5.329554228491071,-0.2258598610827125,-0.2258598610827125,33295.542284910705,265286684.25699618, Iran agrees to end enrichment of uranium by June 30?
V2,1.0,earlier,True,2026-06-15,SPY,long,34.16666587193807,3,0.9999999999999999,4.336808689942018e-15,6.0,-5.999999999999996,-5.999999999999996,40000.0,4181030092.3398404,"US x Iran permanent peace deal by July 31, 2026?"
V2,1.0,earlier,True,2026-06-15,XOP,short,-24.46250148350373,4,-1.0704968212387653,-95.87517985356024,6.140993642477531,-102.01617349603777,-102.01617349603777,41409.936424775304,212518427.46709487,"US x Iran permanent peace deal by December 31, 2026?"
V2,1.0,earlier,True,2026-06-15,USO,short,-22.981818625703454,11,-2.24798716427117,-198.33643509818444,8.49597432854234,-206.83240942672677,-206.83240942672677,64959.74328542341,160888648.0829464, Iran agrees to end enrichment of uranium by June 30?
V2,1.0,earlier,True,2026-06-15,XLE,short,-22.981818625703454,11,-0.7359824105271304,-94.53594266068521,5.471964821054261,-100.00790748173947,-100.00790748173947,34719.64821054261,671480386.250997, Iran agrees to end enrichment of uranium by June 30?
V2,1.0,earlier,False,2026-06-17,EWU,short,-9.49999988079071,1,0.8237963572705542,6.820402115830272,5.6475927145411084,1.1728094012891637,1.1728094012891637,36475.927145411086,4345945.656234713,"Starmer out by June 30, 2026?"
V2,1.0,earlier,True,2026-06-22,USO,long,9.535714745288715,7,-1.9525563810227438,-82.52086663661275,7.905112762045487,-90.42597939865824,-90.42597939865824,59051.12762045487,150783169.25388107, Iran agrees to end enrichment of uranium by June 30?
V2,1.0,earlier,True,2026-06-22,XLE,long,9.535714745288715,7,-0.7784872955947464,66.2068515119541,5.556974591189492,60.649876920764605,60.649876920764605,35569.74591189493,289297423.7573524, Iran agrees to end enrichment of uranium by June 30?
V2,1.0,earlier,True,2026-06-22,SPY,short,-8.000001311302185,2,1.0,-0.0,6.0,-6.0,-6.0,40000.0,3299108980.011927,Strait of Hormuz traffic returns to normal by July 15?
V2,1.0,earlier,False,2026-06-25,SPY,long,19.500000774860382,2,1.0000000000000002,1.734723475976807e-14,6.0,-5.999999999999982,-5.999999999999982,40000.0,4995383950.533366,Strait of Hormuz traffic returns to normal by July 15?
V2,1.0,earlier,False,2026-06-25,XOP,short,-11.350000277161598,1,-1.0159543608980204,-112.6104160049425,6.031908721796041,-118.64232472673854,-118.64232472673855,40319.08721796041,75080904.47914997,Strait of Hormuz traffic returns to normal by end of June?
V2,1.0,earlier,False,2026-06-25,USO,short,-8.316666958853602,6,-1.6733770716757983,-183.27959783914375,7.346754143351596,-190.62635198249535,-190.62635198249535,53467.54143351596,55662503.70632571, Iran agrees to end enrichment of uranium by June 30?
V2,1.0,earlier,False,2026-06-25,XLE,short,-8.316666958853602,6,-0.7370758713289076,-112.81317711018795,5.474151742657815,-118.28732885284576,-118.28732885284575,34741.51742657815,201841943.0925947, Iran agrees to end enrichment of uranium by June 30?
V2,1.0,earlier,False,2026-06-26,XOP,short,-5.799999833106995,1,-1.0390287740409363,-60.59578308520053,6.078057548081873,-66.6738406332824,-66.6738406332824,40780.57548081873,105901523.51112795,Strait of Hormuz traffic returns to normal by end of June?
V2,1.0,earlier,False,2026-06-26,SPY,long,5.750001966953278,2,1.0000000000000002,-5.421010862427522e-16,6.0,-6.000000000000001,-6.000000000000001,40000.0,3682560167.034281,Strait of Hormuz traffic returns to normal by July 15?
V2,1.0,earlier,True,2026-06-29,SPY,short,-15.000000596046448,2,0.9999999999999998,-1.734723475976807e-14,6.0,-6.000000000000018,-6.000000000000018,39999.99999999999,3931571079.3664546,Strait of Hormuz traffic returns to normal by July 15?
V2,1.0,earlier,True,2026-06-29,XOP,long,6.300000008195639,1,-1.0891240142237135,86.97656537277884,6.1782480284474275,80.79831734433141,80.79831734433141,41782.48028447427,81945202.22465011,Strait of Hormuz traffic returns to normal by end of June?
V2,1.0,earlier,True,2026-06-29,USO,long,6.2916668587907525,6,-1.692384293913718,140.38782123054048,7.384768587827436,133.00305264271304,133.00305264271304,53847.68587827436,30731961.192653533, Iran agrees to end enrichment of uranium by June 30?
V2,1.0,earlier,True,2026-06-29,XLE,long,6.2916668587907525,6,-0.7996327656152008,-28.672556847664094,5.599265531230402,-34.2718223788945,-34.2718223788945,35992.65531230402,186076147.0316848, Iran agrees to end enrichment of uranium by June 30?
V2,1.0,earlier,True,2026-07-06,SPY,short,-8.92499890178442,2,1.0,-0.0,6.0,-6.0,-6.0,40000.0,3511184610.890415,Strait of Hormuz traffic returns to normal by July 15?
V2,1.0,earlier,True,2026-07-06,USO,long,6.0499992706657695,3,-1.4964336415877824,35.85761365375122,6.992867283175565,28.86474637057566,28.86474637057566,49928.67283175565,30893468.77772423,Strait of Hormuz traffic returns to normal by July 15?
V2,1.0,earlier,True,2026-07-06,XLE,long,6.0499992706657695,3,-0.7402794884998294,42.650243812248476,5.480558976999658,37.169684835248816,37.169684835248816,34805.589769996586,147687541.57641026,Strait of Hormuz traffic returns to normal by July 15?
V2,1.0,earlier,False,2026-07-14,TLT,long,7.087499659974128,4,0.3101547181882318,-15.8444755692162,4.620309436376464,-20.464785005592663,-20.464785005592663,26203.094363764638,145641922.98970306,Will the Fed decrease interest rates by 50+ bps after the July 2026 meeting?
V2,1.0,earlier,False,2026-07-14,IEF,long,5.79999984242022,5,0.2247096688936301,-9.817242544588275,4.44941933778726,-14.266661882375535,-14.266661882375535,24494.1933778726,33761640.676515095,Will the Fed decrease interest rates by 50+ bps after the July 2026 meeting?
V2,1.0,earlier,False,2026-07-14,SHY,long,5.79999984242022,5,0.06940589178838423,-0.8873188014123424,4.138811783576768,-5.026130584989111,-5.026130584989111,21388.117835767684,17796231.551961847,Will the Fed decrease interest rates by 50+ bps after the July 2026 meeting?
V2,1.0,recent,True,2026-07-27,SPY,long,13.966667465865612,3,1.0,0.0,6.0,-6.0,-6.0,40000.0,2953265433.9474688,US x Iran Effective Ceasefire by July 31?
V2,1.0,recent,True,2026-07-27,USO,short,-13.966667465865612,3,-1.2325665943868414,414.197549234004,6.465133188773683,407.7324160452303,407.7324160452303,44651.33188773683,138274761.80189905,US x Iran Effective Ceasefire by July 31?
V2,1.0,recent,True,2026-07-27,XLE,short,-13.966667465865612,3,-0.6745119473733101,58.46973599466178,5.349023894746621,53.12071209991516,53.12071209991516,33490.238947466205,381507777.67686254,US x Iran Effective Ceasefire by July 31?
V2,1.0,recent,False,2026-07-29,SPY,short,-13.33333303531011,3,1.0,-0.0,6.0,-6.0,-6.0,40000.0,2695204911.1719136,US x Iran Effective Ceasefire by July 31?
V2,1.0,recent,False,2026-07-29,USO,long,13.33333303531011,3,-1.197903600120334,-102.38524793902793,6.395807200240668,-108.7810551392686,-108.7810551392686,43958.07200240668,183689411.36903208,US x Iran Effective Ceasefire by July 31?
V2,1.0,recent,False,2026-07-29,XLE,long,13.33333303531011,3,-0.7131490412071572,-176.97657544888688,5.4262980824143145,-182.4028735313012,-182.4028735313012,34262.980824143146,503538018.22736233,US x Iran Effective Ceasefire by July 31?
V2,1.0,recent,True,2026-08-03,SPY,long,17.500000198682148,3,1.0,0.0,6.0,-6.0,-6.0,40000.0,4781798264.977551,US x Iran Effective Ceasefire by July 31?
V2,1.0,recent,True,2026-08-03,USO,short,-17.500000198682148,3,-1.2756126553146798,-252.6646045947581,6.551225310629359,-259.21582990538747,-259.21582990538747,45512.25310629359,133552275.55306269,US x Iran Effective Ceasefire by July 31?
V2,1.0,recent,True,2026-08-03,XLE,short,-17.500000198682148,3,-0.6551435571868317,-88.98348292839928,5.310287114373663,-94.29377004277295,-94.29377004277295,33102.87114373663,267808730.34620717,US x Iran Effective Ceasefire by July 31?
V2,1.0,recent,False,2026-08-04,SPY,long,6.000001231829326,3,0.9999999999999998,3.469446951953614e-14,6.0,-5.999999999999965,-5.999999999999965,39999.99999999999,4075849051.3200536,US x Iran Effective Ceasefire by July 31?
V2,1.0,recent,False,2026-08-04,USO,short,-6.000001231829326,3,-1.2283846707624693,-64.6708164890748,6.4567693415249385,-71.12758583059973,-71.12758583059973,44567.693415249385,127011534.82121274,US x Iran Effective Ceasefire by July 31?
V2,1.0,recent,False,2026-08-04,XLE,short,-6.000001231829326,3,-0.5698624499765562,-221.67920889119966,5.139724899953112,-226.81893379115277,-226.81893379115277,31397.248999531123,432403786.2972403,US x Iran Effective Ceasefire by July 31?
V2,1.0,recent,False,2026-08-07,SPY,long,5.749997869133949,2,1.0,0.0,6.0,-6.0,-6.0,40000.0,2915882302.4144163,US x Iran Effective Ceasefire by July 31?
V2,1.0,recent,False,2026-08-07,USO,short,-5.749997869133949,2,-1.358317185423436,-69.84924657103487,6.716634370846872,-76.56588094188174,-76.56588094188174,47166.343708468725,25706988.27453916,US x Iran Effective Ceasefire by July 31?
V2,1.0,recent,False,2026-08-07,XLE,short,-5.749997869133949,2,-0.5704690565861322,-10.04526450158489,5.140938113172265,-15.186202614757155,-15.186202614757153,31409.381131722646,209367785.9238478,US x Iran Effective Ceasefire by July 31?
V2,2.0,earlier,False,2025-10-02,FXI,long,6.999999284744263,1,0.5326228161559361,-33.95776524353237,10.130491264623744,-44.088256508156114,-44.088256508156114,30652.45632311872,166126925.97930002,Will Trump visit China by March 31?
V2,2.0,earlier,False,2025-10-02,KWEB,long,6.999999284744263,1,0.6719537371867672,-61.1255319821275,10.687814948747068,-71.81334693087456,-71.81334693087456,33439.07474373534,156683112.8079,Will Trump visit China by March 31?
V2,2.0,earlier,False,2025-10-03,FXI,long,15.500003099441528,1,0.5835956408720637,-25.419827502423672,10.334382563488255,-35.75421006591193,-35.75421006591193,31671.912817441276,79105678.978,Will Trump visit China by March 31?
V2,2.0,earlier,False,2025-10-03,KWEB,long,15.500003099441528,1,0.728121768813172,-63.37415239647591,10.912487075252688,-74.28663947172859,-74.28663947172859,34562.43537626344,75036642.33480002,Will Trump visit China by March 31?
V2,2.0,earlier,False,2025-10-07,JETS,long,5.60000017285347,2,1.940346929694503,-52.83168878456698,27.76138771877801,-80.59307650334499,-80.59307650334499,58806.93859389006,2254225.3327,Will the Government shutdown end November 12-15?
V2,2.0,earlier,True,2025-10-13,JETS,short,-7.175000198185444,2,1.5882626376436977,-7.688006128911094,26.353050550574793,-34.041056679485884,-34.041056679485884,51765.25275287395,8671247.501,Will the Government shutdown end November 12-15?
V2,2.0,earlier,True,2025-10-13,FXI,short,-7.0000022649765015,1,1.0962672430905094,100.20240024364642,12.385068972362038,87.81733127128439,87.81733127128439,41925.34486181019,400652279.52220005,Will Trump visit China by March 31?
V2,2.0,earlier,True,2025-10-13,KWEB,short,-7.0000022649765015,1,1.4594902625956696,151.12024328876387,13.837961050382678,137.28228223838119,137.28228223838119,49189.805251913385,303769878.3419,Will Trump visit China by March 31?
V2,2.0,earlier,False,2025-10-14,TSLA,short,-5.500000715255737,1,2.3377677951991953,121.293899123349,17.35107118079678,103.94282794255221,103.94282794255221,66755.3559039839,5256351532.785299,Tesla launches unsupervised full self driving (FSD) by June 30?
V2,2.0,earlier,True,2025-10-20,JETS,long,7.5249988585710526,2,1.5258051230829668,93.61098502108065,26.103220492331868,67.50776452874878,67.50776452874878,50516.10246165934,3925391.7505,Will the Government shutdown end November 12-15?
V2,2.0,earlier,True,2025-10-20,SPY,long,5.016665905714035,3,1.0000000000000002,-1.734723475976807e-14,12.0,-12.000000000000018,-12.000000000000018,40000.0,4974312310.2183,US recession in 2025?
V2,2.0,earlier,True,2025-10-20,TSLA,short,-5.0000011920928955,1,2.4210805040887124,64.79371370772563,17.684322016354848,47.10939169137078,47.10939169137078,68421.61008177426,5165107522.167601,Tesla launches unsupervised full self driving (FSD) by June 30?
V2,2.0,earlier,False,2025-10-21,FXI,short,-9.499996900558472,1,1.163186610559014,41.931550004204674,12.652746442236056,29.278803561968616,29.27880356196862,43263.73221118028,135267820.58609998,Will Trump visit China by March 31?
V2,2.0,earlier,False,2025-10-21,KWEB,short,-9.499996900558472,1,1.5560891364387808,33.48533150098637,14.224356545755123,19.260974955231248,19.260974955231248,51121.782728775615,127067123.66379999,Will Trump visit China by March 31?
V2,2.0,earlier,False,2025-10-21,TSLA,long,5.0000011920928955,1,2.3594059592163683,-67.04846245093154,17.437623836865473,-84.48608628779701,-84.48608628779701,67188.11918432737,4059730403.7538,Tesla launches unsupervised full self driving (FSD) by June 30?
V2,2.0,earlier,False,2025-10-22,TSLA,short,-11.000001430511475,1,2.374997215867139,-42.12708825732655,17.499988863468555,-59.62707712079511,-59.627077120795114,67499.94431734277,3447417555.6433,Tesla launches unsupervised full self driving (FSD) by June 30?
V2,2.0,earlier,False,2025-10-22,FXI,short,-5.0000011920928955,1,1.1659067832787924,-62.98736781519966,12.66362713311517,-75.65099494831483,-75.65099494831483,43318.13566557585,63824667.2751,Will Trump visit China by March 31?
V2,2.0,earlier,False,2025-10-22,KWEB,short,-5.0000011920928955,1,1.5560071842133134,-67.15599315255994,14.224028736853253,-81.3800218894132,-81.3800218894132,51120.143684266266,52678919.2637,Will Trump visit China by March 31?
V2,2.0,earlier,False,2025-10-23,TSLA,long,15.50000011920929,1,2.360438565992952,566.3503870851996,17.44175426397181,548.9086328212278,548.9086328212278,67208.77131985904,9259043948.2554,Tesla launches unsupervised full self driving (FSD) by June 30?
V2,2.0,earlier,False,2025-10-24,FXI,long,5.500000715255737,1,1.1688607830780522,-34.59588930154399,12.675443132312209,-47.2713324338562,-47.2713324338562,43377.215661561044,93167622.31149998,Will Trump visit China by March 31?
V2,2.0,earlier,False,2025-10-24,KWEB,long,5.500000715255737,1,1.5682030753097582,-37.208843330357865,14.272812301239032,-51.481655631596894,-51.481655631596894,51364.06150619516,77112804.7494,Will Trump visit China by March 31?
V2,2.0,earlier,True,2025-10-27,ORCL,long,31.999999284744263,1,1.3003336186199608,-230.2131844379069,13.201334474479843,-243.41451891238674,-243.41451891238677,46006.67237239922,754443564.2508,TikTok sale announced in 2025?
V2,2.0,earlier,False,2025-10-30,FXI,short,-48.499999940395355,1,1.184665421587121,-69.66725451985985,12.738661686348484,-82.40591620620833,-82.40591620620833,43693.30843174242,211382941.9482,Will Trump visit China by March 31?
V2,2.0,earlier,False,2025-10-30,KWEB,short,-48.499999940395355,1,1.6135681238095019,-109.38411526859782,14.454272495238008,-123.83838776383584,-123.83838776383584,52271.36247619004,176523633.6173,Will Trump visit China by March 31?
V2,2.0,earlier,False,2025-10-30,ORCL,short,-16.999998688697815,1,1.0647727690142665,379.4485782050459,12.259091076057066,367.18948712898884,367.18948712898884,41295.45538028533,900717438.3298,TikTok sale announced in 2025?
V2,2.0,earlier,False,2025-10-31,CVX,long,8.000001311302185,1,0.3808585057050806,142.81984262102046,9.523434022820322,133.29640859820014,133.29640859820014,27617.170114101613,230508757.39709997,Maduro out in 2025?
V2,2.0,earlier,True,2025-11-03,CVX,short,-8.99999886751175,1,0.4038021150944903,194.71018460836987,9.61520846037796,185.0949761479919,185.0949761479919,28076.042301889807,143010756.2169,Maduro out in 2025?
V2,2.0,earlier,True,2025-11-03,ORCL,short,-5.500000715255737,1,1.3371397865663874,233.37277538066172,13.34855914626555,220.02421623439616,220.02421623439616,46742.79573132775,654353255.5763,TikTok sale announced in 2025?
V2,2.0,earlier,False,2025-11-04,JETS,long,9.850000590085983,2,1.4269530753045736,-139.88936377780655,25.707812301218294,-165.59717607902485,-165.59717607902485,48539.061506091464,10906494.154,Will the Government shutdown end November 12-15?
V2,2.0,earlier,False,2025-11-04,SPY,long,6.516667082905769,3,1.0,0.0,12.0,-12.0,-12.0,40000.0,7091127453.9361,US recession in 2025?
V2,2.0,earlier,False,2025-11-07,JETS,short,-11.224999278783798,2,1.3010725278079838,-236.9687639511606,25.204290111231934,-262.17305406239257,-262.17305406239257,46021.450556159674,8384265.6003,Will the Government shutdown end November 12-15?
V2,2.0,earlier,False,2025-11-07,SPY,short,-7.366666197776794,3,1.0000000000000002,8.673617379884035e-15,12.0,-11.999999999999991,-11.999999999999991,40000.0,8074315989.1631,US recession in 2025?
V2,2.0,earlier,False,2025-11-07,TSLA,long,6.999999284744263,1,2.864503961506588,-324.53326149644556,19.458015846026353,-343.9912773424719,-343.9912773424719,77290.07923013176,8487153646.0514,Tesla launches unsupervised full self driving (FSD) by June 30?
V2,2.0,earlier,True,2025-11-10,JETS,long,48.900000751018524,2,1.3011815039733043,-235.35625107358067,25.20472601589322,-260.5609770894739,-260.5609770894739,46023.63007946609,15876948.517299999,Will the Government shutdown end November 12-15?
V2,2.0,earlier,True,2025-11-10,SPY,long,32.966667165358864,3,1.0,0.0,12.0,-12.0,-12.0,40000.0,7385603300.5336,US recession in 2025?
V2,2.0,earlier,True,2025-11-10,TSLA,short,-7.4999988079071045,1,2.8566635232424384,43.97890565360579,19.426654092969756,24.552251560636037,24.552251560636037,77133.27046484877,5366938003.851701,Tesla launches unsupervised full self driving (FSD) by June 30?
V2,2.0,earlier,True,2025-11-10,ORCL,short,-6.999999284744263,1,1.5950368786844986,307.46472616317106,14.380147514737995,293.0845786484331,293.0845786484331,51900.73757368998,707809854.0677,TikTok sale announced in 2025?
V2,2.0,earlier,False,2025-11-11,EWU,long,8.000001311302185,1,0.4916546275364237,1.636683300446839,9.966618510145695,-8.329935209698856,-8.329935209698856,29833.092550728474,4256277.784,"Starmer out by June 30, 2026?"
V2,2.0,earlier,False,2025-11-11,JETS,long,6.800001300871372,2,1.2010675285804788,-115.85398689307043,24.804270114321916,-140.65825700739234,-140.65825700739234,44021.35057160958,7839798.056700001,Will the Government shutdown end November 12-15?
V2,2.0,earlier,False,2025-11-14,EWU,long,9.999999403953552,1,0.5271719332595215,-7.431368597938812,10.108687733038085,-17.540056330976896,-17.540056330976896,30543.43866519043,9528718.022,"Starmer out by June 30, 2026?"
V2,2.0,earlier,False,2025-11-19,EPOL,long,8.749998360872269,2,0.8721298997655768,-45.67068374190755,23.488519599062307,-69.15920334096987,-69.15920334096987,37442.59799531154,2900675.0158,Russia x Ukraine ceasefire in 2025?
V2,2.0,earlier,False,2025-11-19,VGK,long,8.749998360872269,2,0.6169535454615519,-44.60446720732884,10.467814181846208,-55.072281389175046,-55.07228138917504,32339.07090923104,14598201.264000002,Russia x Ukraine ceasefire in 2025?
V2,2.0,earlier,False,2025-11-19,USO,short,-5.8333322405815125,3,0.26765228448732076,-49.17915931286694,9.070609137949283,-58.24976845081623,-58.249768450816234,25353.045689746417,51141899.824,Khamenei out as Supreme Leader of Iran in 2025?
V2,2.0,earlier,False,2025-11-19,EWU,short,-5.500000715255737,1,0.5263213026879398,48.32367824104235,10.10528521075176,38.21839303029059,38.21839303029059,30526.426053758798,1569894.1849,"Starmer out by June 30, 2026?"
V2,2.0,earlier,False,2025-11-21,IBIT,long,5.499999473492305,3,1.6869337529513158,2.016804039090391,14.747735011805263,-12.730930972714873,-12.730930972714873,53738.67505902632,1128934115.6425,Will Satoshi move any Bitcoin in 2025?
V2,2.0,earlier,False,2025-11-21,MSTR,long,5.499999473492305,3,2.400379325328837,-285.3015297176613,17.601517301315347,-302.9030470189767,-302.9030470189767,68007.58650657674,754830768.7432,Will Satoshi move any Bitcoin in 2025?
V2,2.0,earlier,True,2025-11-24,EWU,long,9.49999988079071,1,0.5622727669257962,-44.67992008779276,10.249091067703185,-54.92901115549594,-54.92901115549594,31245.455338515927,6450713.3865,"Starmer out by June 30, 2026?"
V2,2.0,earlier,True,2025-11-24,CVX,long,7.999998331069946,1,0.20552342452940248,-24.622728995648302,8.82209369811761,-33.444822693765914,-33.444822693765914,24110.46849058805,123600923.9551,Maduro out in 2025?
V2,2.0,earlier,True,2025-11-24,TSLA,long,6.999999284744263,1,2.559362750375453,145.70621324583146,18.23745100150181,127.46876224432965,127.46876224432965,71187.25500750905,6581511277.7604,Tesla launches unsupervised full self driving (FSD) by June 30?
V2,2.0,earlier,True,2025-11-24,EPOL,short,-5.999999493360519,2,0.9530626759764353,115.12856119648782,23.81225070390574,91.31631049258209,91.31631049258209,39061.253519528706,467602.6581,Russia x Ukraine ceasefire in 2025?
V2,2.0,earlier,True,2025-11-24,VGK,short,-5.999999493360519,2,0.6614809313649458,57.183831450661465,10.645923725459783,46.537907725201684,46.537907725201684,33229.618627298914,18046338.678000003,Russia x Ukraine ceasefire in 2025?
V2,2.0,earlier,False,2025-11-25,CVX,short,-6.999999284744263,1,0.21038159897452308,45.25993334371271,8.841526395898093,36.41840694781462,36.41840694781462,24207.63197949046,94624370.5135,Maduro out in 2025?
V2,2.0,earlier,False,2025-11-25,EPOL,long,6.499999016523361,2,0.873984818630752,6.371857216886795,23.495939274523007,-17.124082057636212,-17.124082057636212,37479.69637261504,200891.2218,Russia x Ukraine ceasefire in 2025?
V2,2.0,earlier,False,2025-11-25,VGK,long,6.499999016523361,2,0.6133091138793926,20.624391782016115,10.45323645551757,10.171155326498544,10.171155326498544,32266.182277587854,25795708.333499998,Russia x Ukraine ceasefire in 2025?
V2,2.0,earlier,False,2025-11-26,TSLA,short,-7.0000022649765015,1,2.5849590473350856,16.145512274214667,18.339836189340343,-2.1943239151256755,-2.1943239151256755,71699.18094670172,4712066889.5829,Tesla launches unsupervised full self driving (FSD) by June 30?
V2,2.0,earlier,True,2025-12-01,FXI,long,9.000000730156898,2,1.098529323955977,21.953741025398603,12.394117295823907,9.559623729574696,9.559623729574696,41970.586479119534,77143691.4026,Will Trump visit China by March 31?
V2,2.0,earlier,True,2025-12-01,KWEB,long,9.000000730156898,2,1.5601429848917847,35.354770695481086,14.24057193956714,21.114198755913947,21.114198755913947,51202.8596978357,72981369.5686,Will Trump visit China by March 31?
V2,2.0,earlier,True,2025-12-01,UUP,short,-6.000000486771266,3,0.02137138860405982,-26.211747559412697,20.085485554416238,-46.29723311382894,-46.29723311382894,20427.4277720812,10632701.764800001,Will Trump nominate Kevin Hassett as the next Fed chair?
V2,2.0,earlier,True,2025-12-01,IBIT,short,-5.649999311814706,3,1.8220639894253001,122.96541935659071,15.2882559577012,107.67716339888952,107.67716339888952,56441.279788506,525554742.73429996,Will Satoshi move any Bitcoin in 2025?
V2,2.0,earlier,True,2025-12-01,MSTR,short,-5.649999311814706,3,2.5069785452398627,-133.28960459681338,18.02791418095945,-151.31751877777282,-151.31751877777282,70139.57090479725,743698406.8447001,Will Satoshi move any Bitcoin in 2025?
V2,2.0,earlier,True,2025-12-08,CVX,short,-7.999999821186066,1,0.21054506648452395,27.773984574359666,8.842180265938095,18.93180430842157,18.93180430842157,24210.901329690478,141729280.2373,Maduro out in 2025?
V2,2.0,earlier,False,2025-12-09,TSLA,short,-7.999998331069946,1,2.629648293916274,-179.14755697954746,18.518593175665096,-197.66615015521256,-197.66615015521256,72592.96587832549,4470083088.91,Tesla launches unsupervised full self driving (FSD) by June 30?
V2,2.0,earlier,False,2025-12-10,TSLA,long,11.500000953674316,1,2.5953589681151223,-65.93104246063221,18.38143587246049,-84.3124783330927,-84.3124783330927,71907.17936230244,3846340109.2393003,Tesla launches unsupervised full self driving (FSD) by June 30?
V2,2.0,earlier,False,2025-12-12,TSLA,long,8.99999737739563,1,2.6087926698923187,490.8929707569572,18.435170679569275,472.4578000773879,472.4578000773879,72175.85339784637,7528643613.6823,Tesla launches unsupervised full self driving (FSD) by June 30?
V2,2.0,earlier,True,2025-12-15,TSLA,long,15.500003099441528,1,2.4750821899303412,301.8418487864266,17.900328759721365,283.94152002670523,283.94152002670523,69501.64379860682,12411057626.335402,Tesla launches unsupervised full self driving (FSD) by June 30?
V2,2.0,earlier,False,2025-12-16,TSLA,short,-7.999998331069946,1,2.447115020415352,-385.83403817164344,17.788460081661405,-403.62249825330485,-403.62249825330485,68942.30040830704,7861328496.9382,Tesla launches unsupervised full self driving (FSD) by June 30?
V2,2.0,earlier,False,2025-12-17,UUP,short,-5.16666720310847,3,0.006958606218738688,9.838935694708873,20.027834424874953,-10.18889873016608,-10.18889873016608,20139.172124374774,676825.1497,Will Trump nominate Kevin Hassett as the next Fed chair?
V2,2.0,earlier,False,2025-12-18,CVX,short,-7.850000262260437,2,0.24138899230638983,71.92545032524208,8.965555969225559,62.95989435601652,62.95989435601653,24827.779846127796,91646075.83240001,"Will the U.S. invade Venezuela by January 31, 2026?"
V2,2.0,earlier,False,2025-12-19,ORCL,long,73.10000136494637,1,1.3062905526507322,131.6528536007362,13.225162210602928,118.42769139013326,118.42769139013325,46125.81105301464,2613411300.2989,TikTok sale announced in 2025?
V2,2.0,earlier,True,2025-12-22,ORCL,long,20.699995756149292,1,1.3479279164315776,62.00012364362221,13.39171166572631,48.6084119778959,48.6084119778959,46958.55832863155,986370186.45,TikTok sale announced in 2025?
V2,2.0,earlier,True,2025-12-22,TSLA,long,11.500000953674316,1,2.456825946354254,-53.19202043070454,17.827303785417016,-71.01932421612156,-71.01932421612156,69136.51892708508,8605119552.7113,Tesla launches unsupervised full self driving (FSD) by June 30?
V2,2.0,earlier,False,2025-12-23,XOP,short,-5.499999970197678,1,0.8511815440168852,7.988090887656339,11.404726176067541,-3.416635288411202,-3.416635288411202,37023.6308803377,28382225.248400003,"US strikes Iran by March 31, 2026?"
V2,2.0,earlier,True,2025-12-26,ITA,short,-5.499999970197678,2,1.0390910538287692,96.687113348606,12.156364215315076,84.53074913329093,84.53074913329093,40781.82107657538,10805449.4281,"Israel strikes Iran by January 31, 2026?"
V2,2.0,earlier,True,2025-12-29,TSLA,short,-14.500004053115845,1,2.3876290103184785,210.4181386260537,17.550516041273916,192.86762258477978,192.86762258477978,67752.58020636957,5496133183.7149,Tesla launches unsupervised full self driving (FSD) by June 30?
V2,2.0,earlier,False,2025-12-30,TSLA,short,-5.500000715255737,1,2.4219900986149514,126.6483063291067,17.687960394459807,108.9603459346469,108.96034593464691,68439.80197229903,5034573535.054501,Tesla launches unsupervised full self driving (FSD) by June 30?
V2,2.0,earlier,True,2026-01-05,ITA,long,8.249998837709427,2,1.0555262903773912,124.52301987397675,12.222105161509564,112.30091471246719,112.30091471246719,41110.52580754782,48423866.668900006,"Israel strikes Iran by January 31, 2026?"
V2,2.0,earlier,True,2026-01-05,XLE,long,5.624999292194843,4,0.4417593231504237,-62.788611787614656,9.767037292601694,-72.55564908021636,-72.55564908021636,28835.186463008475,1176685432.3476,"Israel strikes Iran by January 31, 2026?"
V2,2.0,earlier,True,2026-01-05,XOP,long,5.499999225139618,1,0.8606220658955434,-301.3717810954916,11.442488263582174,-312.81426935907376,-312.81426935907376,37212.44131791087,111000151.9844,"US strikes Iran by March 31, 2026?"
V2,2.0,earlier,False,2026-01-06,ITA,long,5.250000953674316,2,1.070787404524139,92.71985095004378,12.283149618096555,80.43670133194722,80.43670133194722,41415.748090482775,31063219.469699997,"Israel strikes Iran by January 31, 2026?"
V2,2.0,earlier,False,2026-01-08,TSLA,short,-15.000000596046448,1,2.3694979894743464,-164.7015049668167,17.477991957897387,-182.1794969247141,-182.1794969247141,67389.95978948692,4814870510.844801,Tesla launches unsupervised full self driving (FSD) by June 30?
V2,2.0,earlier,True,2026-01-12,XOP,long,10.499998927116394,1,0.40240392122801877,-30.80282953586551,9.609615684912075,-40.412445220777585,-40.412445220777585,28048.078424560375,31027192.157299995,"US strikes Iran by March 31, 2026?"
V2,2.0,earlier,True,2026-01-12,UUP,short,-6.749999523162842,2,-0.0904959875653098,-13.209346227051272,20.36198395026124,-33.57133017731251,-33.57133017731251,21809.919751306195,11384414.5586,Will Trump nominate Kevin Hassett as the next Fed chair?
V2,2.0,earlier,True,2026-01-12,ITA,long,5.249999463558197,2,1.1688610493841745,40.71322375317115,12.675444197536699,28.03777955563445,28.03777955563445,43377.2209876835,54741889.3631,"Israel strikes Iran by January 31, 2026?"
V2,2.0,earlier,False,2026-01-13,XOP,long,11.000001430511475,1,0.40675651184809336,69.100233783756,9.627026047392373,59.47320773636362,59.47320773636362,28135.130236961868,114299046.3381,"US strikes Iran by March 31, 2026?"
V2,2.0,earlier,False,2026-01-13,ITA,long,9.75000113248825,2,1.19788397457987,-43.931821514139116,12.79153589831948,-56.7233574124586,-56.7233574124586,43957.6794915974,42585797.4905,"Israel strikes Iran by January 31, 2026?"
V2,2.0,earlier,False,2026-01-13,XLE,long,7.375000789761543,4,0.2480576180040825,67.19464619078494,8.99223047201633,58.202415718768606,58.202415718768606,24961.15236008165,355927224.072,"Israel strikes Iran by January 31, 2026?"
V2,2.0,earlier,False,2026-01-14,ITA,long,7.749998569488525,2,1.1925844188628363,94.42499620049547,12.770337675451344,81.65465852504413,81.65465852504413,43851.68837725672,34135596.3585,"Israel strikes Iran by January 31, 2026?"
V2,2.0,earlier,False,2026-01-15,XOP,short,-22.499999403953552,1,0.30771291420277624,-9.820991356983061,9.230851656811105,-19.051843013794166,-19.051843013794166,26154.258284055522,159811709.2451,"US strikes Iran by March 31, 2026?"
V2,2.0,earlier,False,2026-01-15,ITA,short,-13.750000298023224,2,1.1878686807169212,-105.93936350746081,12.751474722867684,-118.6908382303285,-118.6908382303285,43757.37361433842,36362375.4807,"Israel strikes Iran by January 31, 2026?"
V2,2.0,earlier,False,2026-01-15,XLE,short,-10.500000417232513,4,0.1531652314554639,-3.1708646096902844,8.612660925821856,-11.78352553551214,-11.78352553551214,23063.30462910928,435247654.03730005,"Israel strikes Iran by January 31, 2026?"
V2,2.0,earlier,False,2026-01-15,USO,short,-6.074999878183007,8,0.13911446691261117,63.64885616784165,8.556457867650444,55.092398300191206,55.0923983001912,22782.289338252223,51137070.9052,"Israel strikes Iran by January 31, 2026?"
V2,2.0,earlier,True,2026-01-20,TSLA,short,-9.000000357627869,1,2.2737632293096706,106.01214421426955,17.095052917238682,88.91709129703088,88.91709129703088,65475.264586193414,4169111210.7811003,Tesla launches unsupervised full self driving (FSD) by June 30?
V2,2.0,earlier,True,2026-01-20,UUP,long,7.0000022649765015,2,-0.1121662258738658,6.495775126948628,20.448664903495462,-13.952889776546835,-13.952889776546835,22243.324517477315,2783841.6314999997,Will Trump nominate Kevin Hassett as the next Fed chair?
V2,2.0,earlier,False,2026-01-21,XOP,long,5.500000715255737,2,0.2673237528933406,149.9686577798635,9.069295011573363,140.89936276829013,140.89936276829013,25346.47505786681,132295640.39189999,"US strikes Iran by February 28, 2026?"
V2,2.0,earlier,False,2026-01-22,UUP,short,-5.500001087784767,2,-0.041330295695741946,28.114586243647672,20.165321182782968,7.949265060864704,7.949265060864703,20826.60591391484,2839189.8771,Will Trump nominate Kevin Hassett as the next Fed chair?
V2,2.0,earlier,False,2026-01-23,TSLA,short,-17.500001192092896,1,2.410954515139186,-0.504397726906686,17.643818060556743,-18.14821578746343,-18.14821578746343,68219.09030278372,4530583037.0356,Tesla launches unsupervised full self driving (FSD) by June 30?
V2,2.0,earlier,True,2026-01-26,ITA,short,-8.250001817941666,2,1.1196302664063773,90.56293013158599,12.47852106562551,78.08440906596047,78.08440906596047,42392.605328127545,30292467.8839,"Israel strikes Iran by January 31, 2026?"
V2,2.0,earlier,True,2026-01-26,TSLA,short,-6.999999284744263,1,2.3573173125394016,296.01501923345916,17.429269250157606,278.5857499833015,278.5857499833015,67146.34625078803,3625230043.5461,Tesla launches unsupervised full self driving (FSD) by June 30?
V2,2.0,earlier,True,2026-01-26,XOP,short,-5.750001966953278,2,0.36765853118784997,126.60297284764789,9.470634124751399,117.13233872289649,117.13233872289648,27353.170623757,50549660.6992,"US strikes Iran by February 28, 2026?"
V2,2.0,earlier,False,2026-01-29,TSLA,long,31.349998712539673,1,2.184292888196807,-411.98843404142934,16.737171552787228,-428.7256055942166,-428.7256055942166,63685.85776393614,6457880978.4423,Tesla launches unsupervised full self driving (FSD) by June 30?
V2,2.0,earlier,False,2026-01-30,UUP,long,38.5249998915242,2,-0.05759806513048462,44.94333390557097,20.23039226052194,24.71294164504903,24.71294164504903,21151.961302609692,3946784.3219,Will Trump nominate Kevin Hassett as the next Fed chair?
V2,2.0,earlier,False,2026-01-30,GLD,short,-26.64999988434526,3,0.4427672571713788,443.1769709868348,9.771069028685515,433.4059019581493,433.4059019581493,28855.345143427574,3105946434.9021,Will Trump nominate Kevin Hassett as the next Fed chair?
V2,2.0,earlier,True,2026-02-02,XOP,short,-22.999998927116394,2,0.3455460056892789,-6.3884281848617785,9.382184022757116,-15.770612207618894,-15.770612207618894,26910.920113785578,137529258.5766,"US strikes Iran by February 28, 2026?"
V2,2.0,earlier,True,2026-02-02,ITA,short,-16.00000262260437,1,1.1324313735621252,90.71746828278289,12.5297254942485,78.1877427885344,78.1877427885344,42648.62747124251,33885178.7176,"US strikes Iran by June 30, 2026?"
V2,2.0,earlier,True,2026-02-02,XLE,short,-15.249999612569809,4,0.21352329925566854,28.18702097563457,8.854093197022674,19.332927778611896,19.332927778611896,24270.465985113373,519567325.5339999,"US strikes Iran by June 30, 2026?"
V2,2.0,earlier,True,2026-02-02,USO,short,-8.081249566748738,8,0.15040082763175242,36.66563204492902,8.60160331052701,28.064028734402008,28.064028734402008,23008.016552635047,87389154.41330001,"Russia x Ukraine ceasefire by February 28, 2026?"
V2,2.0,earlier,False,2026-02-03,ITA,short,-6.000000238418579,1,1.1029281819299666,-158.6655773739233,12.411712727719866,-171.07729010164317,-171.07729010164317,42058.56363859933,36493928.561000004,"US strikes Iran by June 30, 2026?"
V2,2.0,earlier,False,2026-02-04,EWU,short,-5.99999874830246,1,0.675585378625271,0.9058610235187278,10.702341514501084,-9.796480490982356,-9.796480490982356,33511.707572505424,19097846.3438,"Starmer out by June 30, 2026?"
V2,2.0,earlier,False,2026-02-05,EWU,short,-8.000001311302185,1,0.673215486235619,32.537424524387966,10.692861944942475,21.84456257944549,21.84456257944549,33464.30972471238,20141549.680600002,"Starmer out by June 30, 2026?"
V2,2.0,earlier,True,2026-02-09,EWU,short,-36.500003933906555,1,0.7708239193160309,-31.16171103416482,11.083295677264124,-42.24500671142894,-42.24500671142894,35416.47838632062,6270285.2891999995,"Starmer out by June 30, 2026?"
V2,2.0,earlier,False,2026-02-11,EWU,long,5.0000011920928955,1,0.7713137233355433,87.73134548821018,11.085254893342173,76.64609059486801,76.64609059486801,35426.27446671086,6994523.2048,"Starmer out by June 30, 2026?"
V2,2.0,earlier,True,2026-02-17,EWU,short,-7.4999988079071045,1,0.757219700352594,-40.716459230720396,11.028878801410375,-51.745338032130775,-51.745338032130775,35144.39400705188,10080084.603899999,"Starmer out by June 30, 2026?"
V2,2.0,earlier,True,2026-02-17,ITA,long,6.999999284744263,1,1.0581744939483062,110.41571317907312,12.232697975793226,98.1830152032799,98.1830152032799,41163.48987896613,21438380.433199998,"US strikes Iran by June 30, 2026?"
V2,2.0,earlier,True,2026-02-17,XOP,long,5.0000011920928955,2,0.4569146253210999,-186.09238496321737,9.8276585012844,-195.92004346450176,-195.92004346450176,29138.292506421996,70477032.6882,"US strikes Iran by February 28, 2026?"
V2,2.0,earlier,False,2026-02-18,XOP,long,19.999999552965164,2,0.5025804545162549,74.19056107983417,10.01032181806502,64.18023926176915,64.18023926176915,30051.6090903251,103442634.98560001,"US strikes Iran by February 28, 2026?"
V2,2.0,earlier,False,2026-02-18,ITA,long,14.999997615814209,1,1.0668107176446502,0.5640289974992657,12.2672428705786,-11.703213873079335,-11.703213873079335,41336.214352893,34932162.136999995,"US strikes Iran by June 30, 2026?"
V2,2.0,earlier,False,2026-02-18,XLE,long,11.399999260902405,5,0.2222606412147776,40.40167781413981,8.88904256485911,31.5126352492807,31.512635249280695,24445.21282429555,576209025.6802, Iran agrees to end enrichment of uranium by June 30?
V2,2.0,earlier,False,2026-02-18,USO,long,6.855554914929801,9,0.21950897667240477,183.39169425583827,8.878035906689618,174.51365834914867,174.51365834914867,24390.179533448096,80642676.79879999, Iran agrees to end enrichment of uranium by June 30?
V2,2.0,earlier,True,2026-02-23,XOP,short,-6.25,2,0.39074107889043913,122.09320463520945,9.562964315561757,112.53024031964769,112.53024031964769,27814.82157780878,45062601.22362525,"US strikes Iran by February 28, 2026?"
V2,2.0,earlier,True,2026-02-23,EWU,short,-5.0000011920928955,1,0.7599882854306267,-35.92763423182112,11.039953141722506,-46.96758737354363,-46.96758737354363,35199.76570861253,6477493.3730914015,"Starmer out by June 30, 2026?"
V2,2.0,earlier,False,2026-02-27,XOP,long,15.999998897314072,2,0.36573316521583443,155.23683139326542,9.462932660863338,145.77389873240207,145.77389873240207,27314.663304316688,69743790.2204352,"US strikes Iran by February 28, 2026?"
V2,2.0,earlier,False,2026-02-27,ITA,long,12.999999523162842,1,1.0203931923455192,86.07370907283646,12.081572769382078,73.99213630345439,73.99213630345439,40407.86384691039,26796616.400688305,"US strikes Iran by June 30, 2026?"
V2,2.0,earlier,False,2026-02-27,XLE,long,11.499999463558197,5,0.17229270495719046,40.606359959181084,8.689170819828762,31.917189139352324,31.917189139352324,23445.85409914381,435173028.8838401, Iran agrees to end enrichment of uranium by June 30?
V2,2.0,earlier,False,2026-02-27,USO,long,6.427777484835436,9,0.1913519975004347,-17.3325752376317,8.765407990001739,-26.097983227633442,-26.097983227633442,23827.039950008693,82429717.04560642, Iran agrees to end enrichment of uranium by June 30?
V2,2.0,earlier,True,2026-03-02,FXI,short,-16.499999165534973,2,0.9067366188045243,-18.226293159087447,11.626946475218098,-29.853239634305545,-29.85323963430555,38134.732376090484,214606082.02948236,Will Trump visit China by March 31?
V2,2.0,earlier,True,2026-03-02,KWEB,short,-16.499999165534973,2,1.1197998605089348,-34.28691363113969,12.479199442035739,-46.76611307317543,-46.76611307317543,42395.9972101787,123561641.87282702,Will Trump visit China by March 31?
V2,2.0,earlier,True,2026-03-02,USO,long,11.208333106090626,6,0.13987524980145485,-63.969845241169736,8.55950099920582,-72.52934624037556,-72.52934624037556,22797.504996029096,433014894.67070025, Iran agrees to end enrichment of uranium by June 30?
V2,2.0,earlier,True,2026-03-02,XLE,short,-10.999999940395355,2,0.1599869599078207,146.17431949859144,8.639947839631283,137.53437165896017,137.53437165896017,23199.739198156414,1606799765.9557076, Iran agrees to end enrichment of uranium by June 30?
V2,2.0,earlier,False,2026-03-03,SPY,short,-6.999999284744263,1,1.0000000000000002,1.734723475976807e-14,12.0,-11.999999999999982,-11.999999999999982,40000.0,10344607718.423742,Iran x Israel/US conflict ends by May 15?
V2,2.0,earlier,False,2026-03-03,XLE,long,6.999999284744263,3,0.17345002016859074,-162.380221461504,8.693800080674363,-171.07402154217834,-171.07402154217834,23469.000403371814,1447340756.9214032, Iran agrees to end enrichment of uranium by June 30?
V2,2.0,earlier,False,2026-03-04,SPY,short,-9.000003337860107,1,1.0,-0.0,12.0,-12.0,-12.0,40000.0,4802286202.301489,Iran x Israel/US conflict ends by May 15?
V2,2.0,earlier,False,2026-03-06,SPY,long,6.000000238418579,1,0.9999999999999997,-4.336808689942018e-15,11.999999999999998,-12.000000000000002,-12.000000000000002,39999.99999999999,8827195137.511236,Iran x Israel/US conflict ends by May 15?
V2,2.0,earlier,True,2026-03-16,FXI,short,-29.40000146627426,2,0.8694047144904508,12.963017575391483,11.477618857961803,1.48539871742968,1.48539871742968,37388.094289809014,171116290.996937,Will Trump visit China by March 31?
V2,2.0,earlier,True,2026-03-16,KWEB,short,-29.40000146627426,2,1.121112012295154,37.36645429478236,12.484448049180616,24.882006245601744,24.882006245601744,42422.24024590308,97100306.03076704,Will Trump visit China by March 31?
V2,2.0,earlier,True,2026-03-16,SPY,short,-10.624999552965164,4,0.9999999999999999,-1.0842021724855044e-15,12.0,-12.000000000000002,-12.000000000000002,40000.0,6050404925.860184,Strait of Hormuz traffic returns to normal by end of April?
V2,2.0,earlier,True,2026-03-16,XLE,long,7.583332806825638,6,0.03816860252396798,23.907011528994854,8.152674410095871,15.754337118898983,15.754337118898984,20763.37205047936,402403626.621104,Strait of Hormuz traffic returns to normal by end of April?
V2,2.0,earlier,True,2026-03-16,USO,long,5.388888468345006,9,-1.1641091869816311,-153.24380304872932,12.656436747926524,-165.90023979665585,-165.90023979665585,43282.183739632615,844341328.2525355,Strait of Hormuz traffic returns to normal by end of April?
V2,2.0,earlier,False,2026-03-17,FXI,short,-31.07499945908785,2,0.8866029185828201,28.017084129153258,11.546411674331281,16.470672454821976,16.470672454821976,37732.0583716564,108533922.65827411,Will Trump visit China by March 31?
V2,2.0,earlier,False,2026-03-17,KWEB,short,-31.07499945908785,2,1.1454281597483182,88.68067313811376,12.581712638993274,76.0989604991205,76.0989604991205,42908.563194966366,104243799.65902728,Will Trump visit China by March 31?
V2,2.0,earlier,True,2026-03-23,SPY,long,14.750000461935997,4,1.0,0.0,12.0,-12.0,-12.0,40000.0,10316140333.071339,Strait of Hormuz traffic returns to normal by end of April?
V2,2.0,earlier,True,2026-03-23,XLE,short,-11.285713953631264,7,0.1723244124202351,-304.1724357056021,8.68929764968094,-312.86173335528304,-312.86173335528304,23446.4882484047,830267176.7007679,Strait of Hormuz traffic returns to normal by end of April?
V2,2.0,earlier,True,2026-03-23,USO,short,-7.799999862909317,10,-1.2996280885326041,296.84634776966567,13.198512354130417,283.64783541553527,283.64783541553527,45992.561770652086,1278461422.9589744,Strait of Hormuz traffic returns to normal by end of April?
V2,2.0,earlier,True,2026-03-30,EWU,long,8.000001311302185,1,1.0132101716815585,88.834008286273,12.052840686726235,76.78116759954676,76.78116759954676,40264.20343363118,2514357.8305241484,"Starmer out by June 30, 2026?"
V2,2.0,earlier,True,2026-03-30,SPY,short,-6.519999653100967,5,0.9999999999999998,3.469446951953614e-14,12.0,-11.999999999999964,-11.999999999999964,39999.99999999999,6008454750.12561,Strait of Hormuz traffic returns to normal by end of April?
V2,2.0,earlier,False,2026-04-02,SPY,short,-9.066666259119907,6,1.0,-0.0,12.0,-12.0,-12.0,40000.0,4999842316.34948,Strait of Hormuz traffic returns to normal by end of April?
V2,2.0,earlier,False,2026-04-02,XLE,long,5.6899999640882015,10,-0.18436685181699847,-182.83224429961547,8.737467407267994,-191.56971170688345,-191.56971170688345,23687.33703633997,697657630.6475489,Strait of Hormuz traffic returns to normal by end of April?
V2,2.0,earlier,False,2026-04-08,SPY,long,27.39999933789174,6,1.0,0.0,12.0,-12.0,-12.0,40000.0,9001027549.964426,Strait of Hormuz traffic returns to normal by end of April?
V2,2.0,earlier,False,2026-04-08,XLE,short,-21.789999343454838,10,-0.14998198254795106,-244.08337261985952,8.599927930191804,-252.6833005500513,-252.6833005500513,22999.639650959023,1370167600.042646,Strait of Hormuz traffic returns to normal by end of April?
V2,2.0,earlier,False,2026-04-08,USO,short,-16.43666609500845,15,-1.621537882385945,-439.84578035743084,14.486151529543779,-454.33193188697464,-454.33193188697464,52430.75764771889,753798494.0751321,Strait of Hormuz traffic returns to normal by end of April?
V2,2.0,earlier,False,2026-04-08,FXI,long,6.774999760091305,2,0.9176035743038173,-43.56810100471101,11.67041429721527,-55.238515301926284,-55.238515301926284,38352.07148607635,277083918.6934607,Will Trump visit China by April 30?
V2,2.0,earlier,False,2026-04-08,KWEB,long,6.774999760091305,2,1.1948840281413746,-70.90931693734282,12.779536112565498,-83.68885304990832,-83.68885304990832,43897.680562827496,194205449.21116686,Will Trump visit China by April 30?
V2,2.0,earlier,True,2026-04-13,SPY,short,-13.099999938692365,7,1.0,-0.0,12.0,-12.0,-12.0,40000.0,3385571026.90475,Strait of Hormuz traffic returns to normal by end of April?
V2,2.0,earlier,True,2026-04-13,XLE,long,9.700000015172092,11,-0.3224619707854721,-44.1094164204809,9.289847883141888,-53.399264303622786,-53.39926430362279,26449.239415709442,506754282.30257773,Strait of Hormuz traffic returns to normal by end of April?
V2,2.0,earlier,True,2026-04-13,USO,long,7.4656251119449735,16,-1.912091663594879,-124.65102375850023,15.648366654379515,-140.29939041287975,-140.29939041287975,58241.83327189757,555196496.1056812,Strait of Hormuz traffic returns to normal by end of April?
V2,2.0,earlier,False,2026-04-14,XOP,short,-11.499994993209839,1,-0.45316037959949207,164.22940911801481,9.812641518397967,154.41676759961683,154.41676759961683,29063.20759198984,327355808.48290396,"Will Donald Trump announce that the United States blockade of the Strait of Hormuz has been lifted by May 31, 2026?"
V2,2.0,earlier,False,2026-04-14,XLE,short,-7.899999618530273,13,-0.30215114945558114,73.17306276846811,9.208604597822324,63.96445817064579,63.96445817064579,26043.02298911162,517002236.63450783,Strait of Hormuz traffic returns to normal by end of April?
V2,2.0,earlier,False,2026-04-14,SPY,long,5.962499976158142,8,0.9999999999999999,1.734723475976807e-14,12.0,-11.999999999999982,-11.999999999999982,40000.0,4577215907.48277,Strait of Hormuz traffic returns to normal by end of April?
V2,2.0,earlier,False,2026-04-14,USO,short,-5.705555259353584,18,-1.8706347753659764,70.03353048501315,15.482539101463907,54.55099138354924,54.55099138354923,57412.695507319535,154845216.57590494,Strait of Hormuz traffic returns to normal by end of April?
V2,2.0,earlier,False,2026-04-15,XOP,short,-7.249999046325684,2,-0.5084381711998822,-120.40430327189536,10.033752684799529,-130.43805595669488,-130.43805595669488,30168.763423997643,62613940.79915954,"Will Donald Trump announce that the United States blockade of the Strait of Hormuz has been lifted by May 31, 2026?"
V2,2.0,earlier,False,2026-04-15,SPY,long,6.550000607967377,8,1.0,0.0,12.0,-12.0,-12.0,40000.0,3785086689.6463594,Strait of Hormuz traffic returns to normal by end of April?
V2,2.0,earlier,False,2026-04-15,XLE,short,-5.350000198398318,14,-0.3376811224454675,-52.820160872608554,9.35072448978187,-62.17088536239042,-62.170885362390415,26753.622448909347,569154589.0046694,Strait of Hormuz traffic returns to normal by end of April?
V2,2.0,earlier,False,2026-04-17,XOP,short,-13.249999284744263,2,-0.5675125020101974,-19.4515304264254,10.27005000804079,-29.72158043446619,-29.721580434466187,31350.250040203948,240889084.3065442,"Will Donald Trump announce that the United States blockade of the Strait of Hormuz has been lifted by May 31, 2026?"
V2,2.0,earlier,False,2026-04-17,SPY,long,12.037500739097595,8,1.0,0.0,12.0,-12.0,-12.0,40000.0,4873966304.922256,Strait of Hormuz traffic returns to normal by end of April?
V2,2.0,earlier,False,2026-04-17,XLE,short,-10.317857776369367,14,-0.38320148286383393,-127.76220883962574,9.532805931455336,-137.29501477108107,-137.29501477108107,27664.02965727668,900556429.4628277,Strait of Hormuz traffic returns to normal by end of April?
V2,2.0,earlier,False,2026-04-17,USO,short,-7.605263639829661,19,-2.086895419567572,-234.6696929834488,16.347581678270288,-251.0172746617191,-251.0172746617191,61737.90839135144,687177795.8799325,Strait of Hormuz traffic returns to normal by end of April?
V2,2.0,earlier,True,2026-04-20,XOP,long,7.4999988079071045,2,-0.743407362239852,4.024048989169351,10.973629448959407,-6.949580459790056,-6.949580459790056,34868.14724479704,88127355.14329062,"Will Donald Trump announce that the United States blockade of the Strait of Hormuz has been lifted by May 31, 2026?"
V2,2.0,earlier,True,2026-04-20,SPY,short,-6.762499362230301,8,1.0,-0.0,12.0,-12.0,-12.0,40000.0,3247698734.2716312,Strait of Hormuz traffic returns to normal by end of April?
V2,2.0,earlier,True,2026-04-20,XLE,long,6.393333276112874,15,-0.4888144820691619,-3.343013579013327,9.955257928276648,-13.298271507289975,-13.298271507289973,29776.28964138324,394546050.79891676,Strait of Hormuz traffic returns to normal by end of April?
V2,2.0,earlier,True,2026-04-20,USO,long,5.45499999076128,20,-2.287883711334157,122.26176299663906,17.151534845336627,105.11022815130244,105.11022815130244,65757.67422668314,266424160.53847155,Strait of Hormuz traffic returns to normal by end of April?
V2,2.0,earlier,False,2026-04-21,EWU,short,-5.0000011920928955,1,0.9947665485134984,76.55337488396783,11.979066194053994,64.57430868991383,64.57430868991383,39895.33097026997,4755123.803639061,"Starmer out by June 30, 2026?"
V2,2.0,earlier,False,2026-04-22,XOP,long,6.000000238418579,2,-0.7646971389460381,148.62061177422396,11.058788555784153,137.5618232184398,137.5618232184398,35293.94277892076,72781774.31039317,"Will Donald Trump announce that the United States blockade of the Strait of Hormuz has been lifted by May 31, 2026?"
V2,2.0,earlier,True,2026-04-27,XOP,long,6.749999523162842,2,-0.7324886371830664,20.336350402043355,10.929954548732265,9.40639585331109,9.40639585331109,34649.77274366133,60497852.44423264,"Will Donald Trump announce that the United States blockade of the Strait of Hormuz has been lifted by May 31, 2026?"
V2,2.0,earlier,True,2026-04-27,EWU,long,6.499999761581421,1,0.9953876858805955,-74.5510013786636,11.981550743522382,-86.53255212218598,-86.53255212218598,39907.75371761191,4143266.479009827,"Starmer out by June 30, 2026?"
V2,2.0,earlier,True,2026-04-27,SPY,short,-5.250000053395827,6,1.0,-0.0,12.0,-12.0,-12.0,40000.0,3535297080.689054,Strait of Hormuz traffic returns to normal by end of April?
V2,2.0,earlier,False,2026-04-29,XOP,long,5.500003695487976,2,-0.7307772133731324,199.40892251276705,10.92310885349253,188.48581365927453,188.48581365927453,34615.54426746265,91198398.66668211,"Will Donald Trump announce that the United States blockade of the Strait of Hormuz has been lifted by May 31, 2026?"
V2,2.0,earlier,True,2026-05-04,KWEB,long,6.999999284744263,1,1.2819789006713234,-0.9783026328244069,13.127915602685293,-14.1062182355097,-14.1062182355097,45639.578013426464,53875894.898387,Will Trump visit China by May 31?
V2,2.0,earlier,True,2026-05-04,XOP,long,6.50000125169754,2,-0.6522627267146958,195.16552796923236,10.609050906858783,184.55647706237357,184.55647706237357,33045.25453429392,72334399.42258385,"Will Donald Trump announce that the United States blockade of the Strait of Hormuz has been lifted by May 31, 2026?"
V2,2.0,earlier,True,2026-05-04,FXI,long,5.750000476837158,2,0.9308896573644799,28.592259180251297,11.72355862945792,16.868700550793378,16.868700550793378,38617.793147289594,71391828.59390497,Will Trump visit China by May 15?
V2,2.0,earlier,False,2026-05-06,IBIT,short,-21.20000161230564,1,1.7810843401859109,191.57788598539483,15.124337360743644,176.45354862465118,176.45354862465118,55621.68680371822,233172294.44239405,"MicroStrategy sells any Bitcoin by June 30, 2026?"
V2,2.0,earlier,False,2026-05-06,MSTR,short,-21.20000161230564,1,2.8452705296152208,95.10286496090072,19.38108211846088,75.72178284243984,75.72178284243984,76905.41059230441,381611783.74888766,"MicroStrategy sells any Bitcoin by June 30, 2026?"
V2,2.0,earlier,False,2026-05-06,XOP,short,-11.499998966852823,3,-0.8983708136282634,80.60941097143535,11.593483254513053,69.0159277169223,69.0159277169223,37967.416272565264,101312185.53812243,"US x Iran permanent peace deal by December 31, 2026?"
V2,2.0,earlier,False,2026-05-06,XLE,short,-8.135714034766092,14,-0.544550519131925,10.26150910517858,10.1782020765277,0.08330702865088035,0.08330702865088035,30891.010382638502,590981653.3216505,Strait of Hormuz traffic returns to normal by end of April?
V2,2.0,earlier,False,2026-05-06,SPY,long,7.983333055744879,6,0.9999999999999999,8.673617379884035e-15,12.0,-11.999999999999991,-11.999999999999991,40000.0,2951757967.3920727,Strait of Hormuz traffic returns to normal by end of April?
V2,2.0,earlier,False,2026-05-06,USO,short,-6.584210516456024,19,-2.683423250109122,-104.7654904901328,18.73369300043649,-123.4991834905693,-123.49918349056928,73668.46500218245,185221445.432321,Strait of Hormuz traffic returns to normal by end of April?
V2,2.0,earlier,False,2026-05-07,SPY,long,7.533332925716725,6,1.0000000000000002,8.673617379884035e-15,12.0,-11.999999999999991,-11.999999999999991,40000.0,3025100569.8734217,Strait of Hormuz traffic returns to normal by end of April?
V2,2.0,earlier,False,2026-05-07,XLE,short,-5.299999765702523,14,-0.6378441182716376,14.175863690131782,10.55137647308655,3.624487217045232,3.624487217045232,32756.882365432753,500046089.0647252,Strait of Hormuz traffic returns to normal by end of April?
V2,2.0,earlier,False,2026-05-07,XOP,short,-5.000000198682149,3,-1.0310488275906127,16.929785081286635,12.12419531036245,4.805589770924184,4.805589770924184,40620.97655181225,191013859.04719704,"US x Iran permanent peace deal by December 31, 2026?"
V2,2.0,earlier,False,2026-05-08,EWU,long,12.999999523162842,1,1.0451376864930952,-34.83213323369838,12.180550745972381,-47.01268397967076,-47.01268397967076,40902.753729861906,2102355.5259516714,"Starmer out by June 30, 2026?"
V2,2.0,earlier,True,2026-05-11,EWU,short,-16.00000113248825,1,1.0515226046035853,72.17319825653696,12.206090418414341,59.96710783812262,59.96710783812263,41030.452092071704,2706256.3505053995,"Starmer out by June 30, 2026?"
V2,2.0,earlier,True,2026-05-11,XOP,long,12.500001986821493,3,-1.0150899835701432,94.78426709153551,12.060359934280573,82.72390715725494,82.72390715725494,40301.79967140286,71008527.29562627,"US x Iran permanent peace deal by December 31, 2026?"
V2,2.0,earlier,True,2026-05-11,SPY,short,-8.733333367854357,6,1.0,-0.0,12.0,-12.0,-12.0,40000.0,3672827031.9797745,Strait of Hormuz traffic returns to normal by end of April?
V2,2.0,earlier,True,2026-05-11,XLE,long,7.992857787758112,14,-0.6189617919299568,187.1436019119105,10.475847167719827,176.6677547441907,176.6677547441907,32379.235838599136,357623631.12522876,Strait of Hormuz traffic returns to normal by end of April?
V2,2.0,earlier,True,2026-05-11,USO,long,7.284375501330942,16,-2.811269999083121,274.06766087312207,19.245079996332485,254.82258087678957,254.82258087678957,76225.39998166241,88712839.72274858,Strait of Hormuz traffic returns to normal by end of April?
V2,2.0,earlier,True,2026-05-11,IBIT,long,7.099999487400055,2,1.6811418352955496,41.38086545189954,14.724567341182198,26.65629811071734,26.656298110717344,53622.83670591099,208899853.80679178,"MicroStrategy sells any Bitcoin by May 31, 2026?"
V2,2.0,earlier,True,2026-05-11,MSTR,long,7.099999487400055,2,2.741700265590849,253.21004343864175,18.966801062363395,234.24324237627835,234.24324237627835,74834.00531181699,422622952.47730625,"MicroStrategy sells any Bitcoin by May 31, 2026?"
V2,2.0,earlier,True,2026-05-11,FXI,long,6.250002980232239,2,0.9549601265477861,-48.43427733622251,11.819840506191145,-60.25411784241365,-60.25411784241365,39099.20253095572,84159347.66470505,Will Trump visit China by May 15?
V2,2.0,earlier,False,2026-05-13,EWU,short,-12.000000476837158,1,1.0797145296666102,-59.54911505222929,12.31885811866644,-71.86797317089574,-71.86797317089574,41594.2905933322,2626601.911739758,"Starmer out by June 30, 2026?"
V2,2.0,earlier,False,2026-05-13,IBIT,short,-9.450002014636993,2,1.6724890630167089,147.10150633150204,14.689956252066835,132.4115500794352,132.4115500794352,53449.78126033417,228558410.67489633,"MicroStrategy sells any Bitcoin by May 31, 2026?"
V2,2.0,earlier,False,2026-05-13,MSTR,short,-9.450002014636993,2,2.836560942170449,367.0246106797448,19.346243768681795,347.678366911063,347.678366911063,76731.21884340898,376165190.5930594,"MicroStrategy sells any Bitcoin by May 31, 2026?"
V2,2.0,earlier,False,2026-05-15,IBIT,short,-12.474998831748962,2,1.6863158459794805,52.91905418456425,14.745263383917923,38.17379080064633,38.17379080064633,53726.31691958961,543593501.1155214,"MicroStrategy sells any Bitcoin by May 31, 2026?"
V2,2.0,earlier,False,2026-05-15,MSTR,short,-12.474998831748962,2,2.857362131634089,154.08224363574436,19.429448526536355,134.652795109208,134.652795109208,77147.24263268178,529218413.73373896,"MicroStrategy sells any Bitcoin by May 31, 2026?"
V2,2.0,earlier,False,2026-05-15,EWU,long,10.999998450279236,1,1.061358896958091,-7.2497719866648245,12.245435587832365,-19.49520757449719,-19.49520757449719,41227.177939161826,3610762.148570934,"Starmer out by June 30, 2026?"
V2,2.0,earlier,True,2026-05-18,EWU,short,-21.000000834465027,1,1.0820281208305085,-122.56034430373238,12.328112483322034,-134.88845678705442,-134.88845678705442,41640.56241661017,6386896.884524758,"Starmer out by June 30, 2026?"
V2,2.0,earlier,True,2026-05-18,IBIT,long,11.525000631809235,2,1.7250695173706347,-19.541366642374076,14.900278069482539,-34.44164471185661,-34.44164471185661,54501.39034741269,312614057.7486825,"MicroStrategy sells any Bitcoin by May 31, 2026?"
V2,2.0,earlier,True,2026-05-18,MSTR,long,11.525000631809235,2,2.9365407632460143,-90.56930771866843,19.74616305298406,-110.31547077165249,-110.31547077165249,78730.81526492028,587014699.2048044,"MicroStrategy sells any Bitcoin by May 31, 2026?"
V2,2.0,earlier,False,2026-05-20,IBIT,long,5.249997973442078,2,1.654893643597688,-75.45480123957287,14.619574574390752,-90.07437581396363,-90.07437581396363,53097.87287195376,125183542.9939573,"MicroStrategy sells any Bitcoin by May 31, 2026?"
V2,2.0,earlier,False,2026-05-20,MSTR,long,5.249997973442078,2,2.9018930560539244,-234.94664054824395,19.607572224215698,-254.55421277245964,-254.55421277245964,78037.86112107849,194361581.6725806,"MicroStrategy sells any Bitcoin by May 31, 2026?"
V2,2.0,earlier,False,2026-05-21,IBIT,long,10.949999839067459,2,1.6588295931400365,-38.58764252958856,14.635318372560146,-53.2229609021487,-53.22296090214869,53176.59186280073,189733419.5515544,"MicroStrategy sells any Bitcoin by May 31, 2026?"
V2,2.0,earlier,False,2026-05-21,MSTR,long,10.949999839067459,2,2.877899078748591,-120.56777784118306,19.511596314994364,-140.07937415617744,-140.07937415617744,77557.98157497183,239156108.0577103,"MicroStrategy sells any Bitcoin by May 31, 2026?"
V2,2.0,earlier,False,2026-05-22,SPY,long,6.6083333144585295,6,1.0,0.0,12.0,-12.0,-12.0,40000.0,2928025956.2907586,Strait of Hormuz traffic returns to normal by end of May?
V2,2.0,earlier,True,2026-05-26,XOP,short,-9.75000113248825,4,-1.3031502298147513,206.98067528736533,13.212600919259005,193.7680743681063,193.7680743681063,46063.004596295024,70670582.04749288,"US x Iran permanent peace deal by December 31, 2026?"
V2,2.0,earlier,True,2026-05-26,SPY,long,9.575000777840614,6,1.0,0.0,12.0,-12.0,-12.0,40000.0,2826046196.029071,Strait of Hormuz traffic returns to normal by end of May?
V2,2.0,earlier,True,2026-05-26,USO,short,-9.538235964582247,17,-3.307794264614099,-72.5837441200677,21.231177058456396,-93.8149211785241,-93.8149211785241,86155.88529228198,185181667.98978683, Iran agrees to end enrichment of uranium by June 30?
V2,2.0,earlier,True,2026-05-26,XLE,short,-9.526667495568594,15,-0.7983558648783831,166.6147237076741,11.193423459513532,155.42130024816058,155.42130024816058,35967.11729756766,409343338.31106013, Iran agrees to end enrichment of uranium by June 30?
V2,2.0,earlier,True,2026-05-26,IBIT,long,8.875000942498446,2,1.5393590621906208,-115.20557902565503,14.157436248762483,-129.3630152744175,-129.3630152744175,50787.18124381242,267141614.71342382,"MicroStrategy sells any Bitcoin by May 31, 2026?"
V2,2.0,earlier,True,2026-05-26,MSTR,long,8.875000942498446,2,2.76530259435831,-68.75193468738307,19.06121037743324,-87.81314506481631,-87.81314506481631,75306.05188716619,290883310.8797056,"MicroStrategy sells any Bitcoin by May 31, 2026?"
V2,2.0,earlier,True,2026-05-26,EWU,long,5.99999874830246,1,1.103237449026703,-41.51841730199856,12.412949796106812,-53.93136709810537,-53.931367098105376,42064.74898053406,3731087.725127616,"Starmer out by June 30, 2026?"
V2,2.0,earlier,False,2026-05-28,XOP,long,7.300000786781311,5,-1.2998657281960193,86.37690660126447,13.199462912784078,73.1774436884804,73.1774436884804,45997.314563920394,66254883.86266967,"US x Iran permanent peace deal by December 31, 2026?"
V2,2.0,earlier,False,2026-05-28,SPY,short,-6.083333849286039,6,1.0000000000000002,8.673617379884035e-15,12.0,-11.999999999999991,-11.999999999999991,40000.0,2334879509.2924466,Strait of Hormuz traffic returns to normal by end of May?
V2,2.0,earlier,False,2026-05-28,XLE,long,5.612500751158223,16,-0.8021022423837337,-60.798333373169456,11.208408969534934,-72.00674234270438,-72.00674234270438,36042.044847674675,366526850.62312835, Iran agrees to end enrichment of uranium by June 30?
V2,2.0,earlier,False,2026-05-29,IBIT,short,-23.55000004172325,2,1.5001771000910915,-54.19495523884159,14.000708400364367,-68.19566363920595,-68.19566363920595,50003.542001821836,143945169.25729495,"MicroStrategy sells any Bitcoin by May 31, 2026?"
V2,2.0,earlier,False,2026-05-29,MSTR,short,-23.55000004172325,2,2.7061275057244925,-606.0786195763219,18.824510022897968,-624.9031295992198,-624.9031295992198,74122.55011448984,192825333.1197421,"MicroStrategy sells any Bitcoin by May 31, 2026?"
V2,2.0,earlier,True,2026-06-01,IBIT,short,-44.09999921917915,2,1.4343969938495296,86.61267588021121,13.737587975398117,72.8750879048131,72.8750879048131,48687.93987699059,486240380.5154171,"MicroStrategy sells any Bitcoin by May 31, 2026?"
V2,2.0,earlier,True,2026-06-01,MSTR,short,-44.09999921917915,2,2.6208870966632025,17.273755727787773,18.48354838665281,-1.2097926588650374,-1.2097926588650374,72417.74193326406,545297269.530413,"MicroStrategy sells any Bitcoin by May 31, 2026?"
V2,2.0,earlier,True,2026-06-01,SPY,short,-12.125001224922016,4,1.0,-0.0,12.0,-12.0,-12.0,40000.0,3840530464.3732686,Strait of Hormuz traffic returns to normal by end of May?
V2,2.0,earlier,True,2026-06-01,USO,long,10.219231199544783,13,-3.3467630093200365,127.91295720263096,21.387052037280146,106.52590516535082,106.5259051653508,86935.26018640073,241157320.53699073, Iran agrees to end enrichment of uranium by June 30?
V2,2.0,earlier,True,2026-06-01,XLE,long,10.219231199544783,13,-0.8371002467694542,84.0002381985668,11.348400987077817,72.65183721148898,72.65183721148898,36742.004935389086,760346365.5490105, Iran agrees to end enrichment of uranium by June 30?
V2,2.0,earlier,True,2026-06-01,XOP,long,9.249999932944775,4,-1.3456770671788265,129.6726862304979,13.382708268715305,116.2899779617826,116.2899779617826,46913.54134357652,131852964.63001195,"US x Iran permanent peace deal by December 31, 2026?"
V2,2.0,earlier,True,2026-06-08,SPY,short,-7.999999821186066,3,0.9999999999999997,1.734723475976807e-14,11.999999999999998,-11.99999999999998,-11.99999999999998,39999.99999999999,4438433752.738772,"US x Iran permanent peace deal by July 31, 2026?"
V2,2.0,earlier,True,2026-06-08,USO,long,5.570832942612469,12,-2.4572285232572253,-111.64512971463643,17.8289140930289,-129.47404380766534,-129.47404380766534,69144.57046514451,41791457.05661394, Iran agrees to end enrichment of uranium by June 30?
V2,2.0,earlier,True,2026-06-08,XLE,long,5.570832942612469,12,-0.6647771142455354,5.103694367408359,10.659108456982143,-5.555414089573784,-5.555414089573784,33295.542284910705,265286684.25699618, Iran agrees to end enrichment of uranium by June 30?
V2,2.0,earlier,True,2026-06-15,SPY,long,34.16666587193807,3,0.9999999999999999,4.336808689942018e-15,12.0,-11.999999999999996,-11.999999999999996,40000.0,4181030092.3398404,"US x Iran permanent peace deal by July 31, 2026?"
V2,2.0,earlier,True,2026-06-15,XOP,short,-24.46250148350373,4,-1.0704968212387653,-95.87517985356024,12.281987284955061,-108.1571671385153,-108.15716713851529,41409.936424775304,212518427.46709487,"US x Iran permanent peace deal by December 31, 2026?"
V2,2.0,earlier,True,2026-06-15,USO,short,-22.981818625703454,11,-2.24798716427117,-198.33643509818444,16.99194865708468,-215.32838375526913,-215.32838375526913,64959.74328542341,160888648.0829464, Iran agrees to end enrichment of uranium by June 30?
V2,2.0,earlier,True,2026-06-15,XLE,short,-22.981818625703454,11,-0.7359824105271304,-94.53594266068521,10.943929642108522,-105.47987230279372,-105.47987230279371,34719.64821054261,671480386.250997, Iran agrees to end enrichment of uranium by June 30?
V2,2.0,earlier,False,2026-06-17,EWU,short,-9.49999988079071,1,0.8237963572705542,6.820402115830272,11.295185429082217,-4.474783313251945,-4.474783313251945,36475.927145411086,4345945.656234713,"Starmer out by June 30, 2026?"
V2,2.0,earlier,True,2026-06-22,USO,long,9.535714745288715,7,-1.9525563810227438,-82.52086663661275,15.810225524090974,-98.33109216070372,-98.33109216070372,59051.12762045487,150783169.25388107, Iran agrees to end enrichment of uranium by June 30?
V2,2.0,earlier,True,2026-06-22,XLE,long,9.535714745288715,7,-0.7784872955947464,66.2068515119541,11.113949182378985,55.09290232957511,55.09290232957511,35569.74591189493,289297423.7573524, Iran agrees to end enrichment of uranium by June 30?
V2,2.0,earlier,True,2026-06-22,SPY,short,-8.000001311302185,2,1.0,-0.0,12.0,-12.0,-12.0,40000.0,3299108980.011927,Strait of Hormuz traffic returns to normal by July 15?
V2,2.0,earlier,False,2026-06-25,SPY,long,19.500000774860382,2,1.0000000000000002,1.734723475976807e-14,12.0,-11.999999999999982,-11.999999999999982,40000.0,4995383950.533366,Strait of Hormuz traffic returns to normal by July 15?
V2,2.0,earlier,False,2026-06-25,XOP,short,-11.350000277161598,1,-1.0159543608980204,-112.6104160049425,12.063817443592082,-124.67423344853458,-124.67423344853458,40319.08721796041,75080904.47914997,Strait of Hormuz traffic returns to normal by end of June?
V2,2.0,earlier,False,2026-06-25,USO,short,-8.316666958853602,6,-1.6733770716757983,-183.27959783914375,14.693508286703192,-197.97310612584693,-197.97310612584693,53467.54143351596,55662503.70632571, Iran agrees to end enrichment of uranium by June 30?
V2,2.0,earlier,False,2026-06-25,XLE,short,-8.316666958853602,6,-0.7370758713289076,-112.81317711018795,10.94830348531563,-123.76148059550358,-123.76148059550358,34741.51742657815,201841943.0925947, Iran agrees to end enrichment of uranium by June 30?
V2,2.0,earlier,False,2026-06-26,XOP,short,-5.799999833106995,1,-1.0390287740409363,-60.59578308520053,12.156115096163745,-72.75189818136428,-72.75189818136428,40780.57548081873,105901523.51112795,Strait of Hormuz traffic returns to normal by end of June?
V2,2.0,earlier,False,2026-06-26,SPY,long,5.750001966953278,2,1.0000000000000002,-5.421010862427522e-16,12.0,-12.0,-12.0,40000.0,3682560167.034281,Strait of Hormuz traffic returns to normal by July 15?
V2,2.0,earlier,True,2026-06-29,SPY,short,-15.000000596046448,2,0.9999999999999998,-1.734723475976807e-14,12.0,-12.000000000000018,-12.000000000000018,39999.99999999999,3931571079.3664546,Strait of Hormuz traffic returns to normal by July 15?
V2,2.0,earlier,True,2026-06-29,XOP,long,6.300000008195639,1,-1.0891240142237135,86.97656537277884,12.356496056894855,74.62006931588398,74.62006931588398,41782.48028447427,81945202.22465011,Strait of Hormuz traffic returns to normal by end of June?
V2,2.0,earlier,True,2026-06-29,USO,long,6.2916668587907525,6,-1.692384293913718,140.38782123054048,14.769537175654872,125.6182840548856,125.61828405488559,53847.68587827436,30731961.192653533, Iran agrees to end enrichment of uranium by June 30?
V2,2.0,earlier,True,2026-06-29,XLE,long,6.2916668587907525,6,-0.7996327656152008,-28.672556847664094,11.198531062460804,-39.8710879101249,-39.8710879101249,35992.65531230402,186076147.0316848, Iran agrees to end enrichment of uranium by June 30?
V2,2.0,earlier,True,2026-07-06,SPY,short,-8.92499890178442,2,1.0,-0.0,12.0,-12.0,-12.0,40000.0,3511184610.890415,Strait of Hormuz traffic returns to normal by July 15?
V2,2.0,earlier,True,2026-07-06,USO,long,6.0499992706657695,3,-1.4964336415877824,35.85761365375122,13.98573456635113,21.871879087400092,21.871879087400092,49928.67283175565,30893468.77772423,Strait of Hormuz traffic returns to normal by July 15?
V2,2.0,earlier,True,2026-07-06,XLE,long,6.0499992706657695,3,-0.7402794884998294,42.650243812248476,10.961117953999317,31.68912585824916,31.68912585824916,34805.589769996586,147687541.57641026,Strait of Hormuz traffic returns to normal by July 15?
V2,2.0,earlier,False,2026-07-14,TLT,long,7.087499659974128,4,0.3101547181882318,-15.8444755692162,9.240618872752927,-25.085094441969126,-25.085094441969126,26203.094363764638,145641922.98970306,Will the Fed decrease interest rates by 50+ bps after the July 2026 meeting?
V2,2.0,earlier,False,2026-07-14,IEF,long,5.79999984242022,5,0.2247096688936301,-9.817242544588275,8.89883867557452,-18.716081220162796,-18.716081220162796,24494.1933778726,33761640.676515095,Will the Fed decrease interest rates by 50+ bps after the July 2026 meeting?
V2,2.0,earlier,False,2026-07-14,SHY,long,5.79999984242022,5,0.06940589178838423,-0.8873188014123424,8.277623567153537,-9.16494236856588,-9.16494236856588,21388.117835767684,17796231.551961847,Will the Fed decrease interest rates by 50+ bps after the July 2026 meeting?
V2,2.0,recent,True,2026-07-27,SPY,long,13.966667465865612,3,1.0,0.0,12.0,-12.0,-12.0,40000.0,2953265433.9474688,US x Iran Effective Ceasefire by July 31?
V2,2.0,recent,True,2026-07-27,USO,short,-13.966667465865612,3,-1.2325665943868414,414.197549234004,12.930266377547365,401.26728285645663,401.26728285645663,44651.33188773683,138274761.80189905,US x Iran Effective Ceasefire by July 31?
V2,2.0,recent,True,2026-07-27,XLE,short,-13.966667465865612,3,-0.6745119473733101,58.46973599466178,10.698047789493241,47.771688205168545,47.771688205168545,33490.238947466205,381507777.67686254,US x Iran Effective Ceasefire by July 31?
V2,2.0,recent,False,2026-07-29,SPY,short,-13.33333303531011,3,1.0,-0.0,12.0,-12.0,-12.0,40000.0,2695204911.1719136,US x Iran Effective Ceasefire by July 31?
V2,2.0,recent,False,2026-07-29,USO,long,13.33333303531011,3,-1.197903600120334,-102.38524793902793,12.791614400481336,-115.17686233950927,-115.17686233950928,43958.07200240668,183689411.36903208,US x Iran Effective Ceasefire by July 31?
V2,2.0,recent,False,2026-07-29,XLE,long,13.33333303531011,3,-0.7131490412071572,-176.97657544888688,10.852596164828629,-187.82917161371552,-187.82917161371552,34262.980824143146,503538018.22736233,US x Iran Effective Ceasefire by July 31?
V2,2.0,recent,True,2026-08-03,SPY,long,17.500000198682148,3,1.0,0.0,12.0,-12.0,-12.0,40000.0,4781798264.977551,US x Iran Effective Ceasefire by July 31?
V2,2.0,recent,True,2026-08-03,USO,short,-17.500000198682148,3,-1.2756126553146798,-252.6646045947581,13.102450621258718,-265.7670552160168,-265.7670552160168,45512.25310629359,133552275.55306269,US x Iran Effective Ceasefire by July 31?
V2,2.0,recent,True,2026-08-03,XLE,short,-17.500000198682148,3,-0.6551435571868317,-88.98348292839928,10.620574228747326,-99.60405715714661,-99.60405715714661,33102.87114373663,267808730.34620717,US x Iran Effective Ceasefire by July 31?
V2,2.0,recent,False,2026-08-04,SPY,long,6.000001231829326,3,0.9999999999999998,3.469446951953614e-14,12.0,-11.999999999999964,-11.999999999999964,39999.99999999999,4075849051.3200536,US x Iran Effective Ceasefire by July 31?
V2,2.0,recent,False,2026-08-04,USO,short,-6.000001231829326,3,-1.2283846707624693,-64.6708164890748,12.913538683049877,-77.58435517212467,-77.58435517212467,44567.693415249385,127011534.82121274,US x Iran Effective Ceasefire by July 31?
V2,2.0,recent,False,2026-08-04,XLE,short,-6.000001231829326,3,-0.5698624499765562,-221.67920889119966,10.279449799906224,-231.95865869110588,-231.9586586911059,31397.248999531123,432403786.2972403,US x Iran Effective Ceasefire by July 31?
V2,2.0,recent,False,2026-08-07,SPY,long,5.749997869133949,2,1.0,0.0,12.0,-12.0,-12.0,40000.0,2915882302.4144163,US x Iran Effective Ceasefire by July 31?
V2,2.0,recent,False,2026-08-07,USO,short,-5.749997869133949,2,-1.358317185423436,-69.84924657103487,13.433268741693745,-83.2825153127286,-83.2825153127286,47166.343708468725,25706988.27453916,US x Iran Effective Ceasefire by July 31?
V2,2.0,recent,False,2026-08-07,XLE,short,-5.749997869133949,2,-0.5704690565861322,-10.04526450158489,10.28187622634453,-20.327140727929418,-20.327140727929418,31409.381131722646,209367785.9238478,US x Iran Effective Ceasefire by July 31?
V3,1.0,earlier,True,2025-10-27,ORCL,long,31.999999284744263,1,1.3003336186199608,-230.2131844379069,6.6006672372399215,-236.81385167514682,-236.81385167514682,46006.67237239922,754443564.2508,TikTok sale announced in 2025?
V3,1.0,earlier,True,2025-11-10,JETS,long,48.900000751018524,2,1.3011815039733043,-235.35625107358067,12.60236300794661,-247.9586140815273,-247.9586140815273,46023.63007946609,15876948.517299999,Will the Government shutdown end November 12-15?
V3,1.0,earlier,True,2025-11-10,SPY,long,32.966667165358864,3,1.0,0.0,6.0,-6.0,-6.0,40000.0,7385603300.5336,US recession in 2025?
V3,1.0,earlier,True,2025-12-15,TSLA,long,15.500003099441528,1,2.4750821899303412,301.8418487864266,8.950164379860682,292.89168440656596,292.89168440656596,69501.64379860682,12411057626.335402,Tesla launches unsupervised full self driving (FSD) by June 30?
V3,1.0,earlier,True,2025-12-22,ORCL,long,20.699995756149292,1,1.3479279164315776,62.00012364362221,6.695855832863155,55.30426781075906,55.30426781075905,46958.55832863155,986370186.45,TikTok sale announced in 2025?
V3,1.0,earlier,True,2025-12-22,TSLA,long,11.500000953674316,1,2.456825946354254,-53.19202043070454,8.913651892708508,-62.105672323413046,-62.10567232341304,69136.51892708508,8605119552.7113,Tesla launches unsupervised full self driving (FSD) by June 30?
V3,1.0,earlier,True,2025-12-29,TSLA,short,-14.500004053115845,1,2.3876290103184785,210.4181386260537,8.775258020636958,201.64288060541674,201.64288060541674,67752.58020636957,5496133183.7149,Tesla launches unsupervised full self driving (FSD) by June 30?
V3,1.0,earlier,True,2026-01-12,XOP,long,10.499998927116394,1,0.40240392122801877,-30.80282953586551,4.804807842456038,-35.60763737832155,-35.60763737832155,28048.078424560375,31027192.157299995,"US strikes Iran by March 31, 2026?"
V3,1.0,earlier,True,2026-02-02,XOP,short,-22.999998927116394,2,0.3455460056892789,-6.3884281848617785,4.691092011378558,-11.079520196240336,-11.079520196240336,26910.920113785578,137529258.5766,"US strikes Iran by February 28, 2026?"
V3,1.0,earlier,True,2026-02-02,ITA,short,-16.00000262260437,1,1.1324313735621252,90.71746828278289,6.26486274712425,84.45260553565863,84.45260553565863,42648.62747124251,33885178.7176,"US strikes Iran by June 30, 2026?"
V3,1.0,earlier,True,2026-02-02,XLE,short,-15.249999612569809,4,0.21352329925566854,28.18702097563457,4.427046598511337,23.759974377123235,23.759974377123235,24270.465985113373,519567325.5339999,"US strikes Iran by June 30, 2026?"
V3,1.0,earlier,True,2026-02-09,EWU,short,-36.500003933906555,1,0.7708239193160309,-31.16171103416482,5.541647838632062,-36.70335887279688,-36.70335887279688,35416.47838632062,6270285.2891999995,"Starmer out by June 30, 2026?"
V3,1.0,earlier,True,2026-03-02,FXI,short,-16.499999165534973,2,0.9067366188045243,-18.226293159087447,5.813473237609049,-24.039766396696496,-24.039766396696496,38134.732376090484,214606082.02948236,Will Trump visit China by March 31?
V3,1.0,earlier,True,2026-03-02,KWEB,short,-16.499999165534973,2,1.1197998605089348,-34.28691363113969,6.2395997210178695,-40.52651335215756,-40.52651335215756,42395.9972101787,123561641.87282702,Will Trump visit China by March 31?
V3,1.0,earlier,True,2026-03-02,USO,long,11.208333106090626,6,0.13987524980145485,-63.969845241169736,4.27975049960291,-68.24959574077265,-68.24959574077265,22797.504996029096,433014894.67070025, Iran agrees to end enrichment of uranium by June 30?
V3,1.0,earlier,True,2026-03-02,XLE,short,-10.999999940395355,2,0.1599869599078207,146.17431949859144,4.3199739198156415,141.8543455787758,141.8543455787758,23199.739198156414,1606799765.9557076, Iran agrees to end enrichment of uranium by June 30?
V3,1.0,earlier,True,2026-03-16,FXI,short,-29.40000146627426,2,0.8694047144904508,12.963017575391483,5.738809428980901,7.224208146410581,7.224208146410581,37388.094289809014,171116290.996937,Will Trump visit China by March 31?
V3,1.0,earlier,True,2026-03-16,KWEB,short,-29.40000146627426,2,1.121112012295154,37.36645429478236,6.242224024590308,31.12423027019205,31.12423027019205,42422.24024590308,97100306.03076704,Will Trump visit China by March 31?
V3,1.0,earlier,True,2026-03-16,SPY,short,-10.624999552965164,4,0.9999999999999999,-1.0842021724855044e-15,6.0,-6.000000000000001,-6.000000000000001,40000.0,6050404925.860184,Strait of Hormuz traffic returns to normal by end of April?
V3,1.0,earlier,True,2026-03-23,SPY,long,14.750000461935997,4,1.0,0.0,6.0,-6.0,-6.0,40000.0,10316140333.071339,Strait of Hormuz traffic returns to normal by end of April?
V3,1.0,earlier,True,2026-03-23,XLE,short,-11.285713953631264,7,0.1723244124202351,-304.1724357056021,4.34464882484047,-308.51708453044256,-308.51708453044256,23446.4882484047,830267176.7007679,Strait of Hormuz traffic returns to normal by end of April?
V3,1.0,earlier,True,2026-04-13,SPY,short,-13.099999938692365,7,1.0,-0.0,6.0,-6.0,-6.0,40000.0,3385571026.90475,Strait of Hormuz traffic returns to normal by end of April?
V3,1.0,earlier,True,2026-05-11,EWU,short,-16.00000113248825,1,1.0515226046035853,72.17319825653696,6.1030452092071705,66.0701530473298,66.0701530473298,41030.452092071704,2706256.3505053995,"Starmer out by June 30, 2026?"
V3,1.0,earlier,True,2026-05-11,XOP,long,12.500001986821493,3,-1.0150899835701432,94.78426709153551,6.0301799671402865,88.75408712439523,88.75408712439523,40301.79967140286,71008527.29562627,"US x Iran permanent peace deal by December 31, 2026?"
V3,1.0,earlier,True,2026-05-18,EWU,short,-21.000000834465027,1,1.0820281208305085,-122.56034430373238,6.164056241661017,-128.7244005453934,-128.7244005453934,41640.56241661017,6386896.884524758,"Starmer out by June 30, 2026?"
V3,1.0,earlier,True,2026-05-18,IBIT,long,11.525000631809235,2,1.7250695173706347,-19.541366642374076,7.4501390347412695,-26.991505677115345,-26.991505677115345,54501.39034741269,312614057.7486825,"MicroStrategy sells any Bitcoin by May 31, 2026?"
V3,1.0,earlier,True,2026-05-18,MSTR,long,11.525000631809235,2,2.9365407632460143,-90.56930771866843,9.87308152649203,-100.44238924516046,-100.44238924516046,78730.81526492028,587014699.2048044,"MicroStrategy sells any Bitcoin by May 31, 2026?"
V3,1.0,earlier,True,2026-06-01,IBIT,short,-44.09999921917915,2,1.4343969938495296,86.61267588021121,6.868793987699059,79.74388189251215,79.74388189251215,48687.93987699059,486240380.5154171,"MicroStrategy sells any Bitcoin by May 31, 2026?"
V3,1.0,earlier,True,2026-06-01,MSTR,short,-44.09999921917915,2,2.6208870966632025,17.273755727787773,9.241774193326405,8.031981534461368,8.031981534461368,72417.74193326406,545297269.530413,"MicroStrategy sells any Bitcoin by May 31, 2026?"
V3,1.0,earlier,True,2026-06-01,SPY,short,-12.125001224922016,4,1.0,-0.0,6.0,-6.0,-6.0,40000.0,3840530464.3732686,Strait of Hormuz traffic returns to normal by end of May?
V3,1.0,earlier,True,2026-06-01,USO,long,10.219231199544783,13,-3.3467630093200365,127.91295720263096,10.693526018640073,117.21943118399089,117.21943118399088,86935.26018640073,241157320.53699073, Iran agrees to end enrichment of uranium by June 30?
V3,1.0,earlier,True,2026-06-01,XLE,long,10.219231199544783,13,-0.8371002467694542,84.0002381985668,5.674200493538908,78.3260377050279,78.3260377050279,36742.004935389086,760346365.5490105, Iran agrees to end enrichment of uranium by June 30?
V3,1.0,earlier,True,2026-06-15,SPY,long,34.16666587193807,3,0.9999999999999999,4.336808689942018e-15,6.0,-5.999999999999996,-5.999999999999996,40000.0,4181030092.3398404,"US x Iran permanent peace deal by July 31, 2026?"
V3,1.0,earlier,True,2026-06-15,XOP,short,-24.46250148350373,4,-1.0704968212387653,-95.87517985356024,6.140993642477531,-102.01617349603777,-102.01617349603777,41409.936424775304,212518427.46709487,"US x Iran permanent peace deal by December 31, 2026?"
V3,1.0,earlier,True,2026-06-15,USO,short,-22.981818625703454,11,-2.24798716427117,-198.33643509818444,8.49597432854234,-206.83240942672677,-206.83240942672677,64959.74328542341,160888648.0829464, Iran agrees to end enrichment of uranium by June 30?
V3,1.0,earlier,True,2026-06-15,XLE,short,-22.981818625703454,11,-0.7359824105271304,-94.53594266068521,5.471964821054261,-100.00790748173947,-100.00790748173947,34719.64821054261,671480386.250997, Iran agrees to end enrichment of uranium by June 30?
V3,1.0,earlier,True,2026-06-29,SPY,short,-15.000000596046448,2,0.9999999999999998,-1.734723475976807e-14,6.0,-6.000000000000018,-6.000000000000018,39999.99999999999,3931571079.3664546,Strait of Hormuz traffic returns to normal by July 15?
V3,1.0,recent,True,2026-07-27,SPY,long,13.966667465865612,3,1.0,0.0,6.0,-6.0,-6.0,40000.0,2953265433.9474688,US x Iran Effective Ceasefire by July 31?
V3,1.0,recent,True,2026-07-27,USO,short,-13.966667465865612,3,-1.2325665943868414,414.197549234004,6.465133188773683,407.7324160452303,407.7324160452303,44651.33188773683,138274761.80189905,US x Iran Effective Ceasefire by July 31?
V3,1.0,recent,True,2026-07-27,XLE,short,-13.966667465865612,3,-0.6745119473733101,58.46973599466178,5.349023894746621,53.12071209991516,53.12071209991516,33490.238947466205,381507777.67686254,US x Iran Effective Ceasefire by July 31?
V3,1.0,recent,True,2026-08-03,SPY,long,17.500000198682148,3,1.0,0.0,6.0,-6.0,-6.0,40000.0,4781798264.977551,US x Iran Effective Ceasefire by July 31?
V3,1.0,recent,True,2026-08-03,USO,short,-17.500000198682148,3,-1.2756126553146798,-252.6646045947581,6.551225310629359,-259.21582990538747,-259.21582990538747,45512.25310629359,133552275.55306269,US x Iran Effective Ceasefire by July 31?
V3,1.0,recent,True,2026-08-03,XLE,short,-17.500000198682148,3,-0.6551435571868317,-88.98348292839928,5.310287114373663,-94.29377004277295,-94.29377004277295,33102.87114373663,267808730.34620717,US x Iran Effective Ceasefire by July 31?
V3,2.0,earlier,True,2025-10-27,ORCL,long,31.999999284744263,1,1.3003336186199608,-230.2131844379069,13.201334474479843,-243.41451891238674,-243.41451891238677,46006.67237239922,754443564.2508,TikTok sale announced in 2025?
V3,2.0,earlier,True,2025-11-10,JETS,long,48.900000751018524,2,1.3011815039733043,-235.35625107358067,25.20472601589322,-260.5609770894739,-260.5609770894739,46023.63007946609,15876948.517299999,Will the Government shutdown end November 12-15?
V3,2.0,earlier,True,2025-11-10,SPY,long,32.966667165358864,3,1.0,0.0,12.0,-12.0,-12.0,40000.0,7385603300.5336,US recession in 2025?
V3,2.0,earlier,True,2025-12-15,TSLA,long,15.500003099441528,1,2.4750821899303412,301.8418487864266,17.900328759721365,283.94152002670523,283.94152002670523,69501.64379860682,12411057626.335402,Tesla launches unsupervised full self driving (FSD) by June 30?
V3,2.0,earlier,True,2025-12-22,ORCL,long,20.699995756149292,1,1.3479279164315776,62.00012364362221,13.39171166572631,48.6084119778959,48.6084119778959,46958.55832863155,986370186.45,TikTok sale announced in 2025?
V3,2.0,earlier,True,2025-12-22,TSLA,long,11.500000953674316,1,2.456825946354254,-53.19202043070454,17.827303785417016,-71.01932421612156,-71.01932421612156,69136.51892708508,8605119552.7113,Tesla launches unsupervised full self driving (FSD) by June 30?
V3,2.0,earlier,True,2025-12-29,TSLA,short,-14.500004053115845,1,2.3876290103184785,210.4181386260537,17.550516041273916,192.86762258477978,192.86762258477978,67752.58020636957,5496133183.7149,Tesla launches unsupervised full self driving (FSD) by June 30?
V3,2.0,earlier,True,2026-01-12,XOP,long,10.499998927116394,1,0.40240392122801877,-30.80282953586551,9.609615684912075,-40.412445220777585,-40.412445220777585,28048.078424560375,31027192.157299995,"US strikes Iran by March 31, 2026?"
V3,2.0,earlier,True,2026-02-02,XOP,short,-22.999998927116394,2,0.3455460056892789,-6.3884281848617785,9.382184022757116,-15.770612207618894,-15.770612207618894,26910.920113785578,137529258.5766,"US strikes Iran by February 28, 2026?"
V3,2.0,earlier,True,2026-02-02,ITA,short,-16.00000262260437,1,1.1324313735621252,90.71746828278289,12.5297254942485,78.1877427885344,78.1877427885344,42648.62747124251,33885178.7176,"US strikes Iran by June 30, 2026?"
V3,2.0,earlier,True,2026-02-02,XLE,short,-15.249999612569809,4,0.21352329925566854,28.18702097563457,8.854093197022674,19.332927778611896,19.332927778611896,24270.465985113373,519567325.5339999,"US strikes Iran by June 30, 2026?"
V3,2.0,earlier,True,2026-02-09,EWU,short,-36.500003933906555,1,0.7708239193160309,-31.16171103416482,11.083295677264124,-42.24500671142894,-42.24500671142894,35416.47838632062,6270285.2891999995,"Starmer out by June 30, 2026?"
V3,2.0,earlier,True,2026-03-02,FXI,short,-16.499999165534973,2,0.9067366188045243,-18.226293159087447,11.626946475218098,-29.853239634305545,-29.85323963430555,38134.732376090484,214606082.02948236,Will Trump visit China by March 31?
V3,2.0,earlier,True,2026-03-02,KWEB,short,-16.499999165534973,2,1.1197998605089348,-34.28691363113969,12.479199442035739,-46.76611307317543,-46.76611307317543,42395.9972101787,123561641.87282702,Will Trump visit China by March 31?
V3,2.0,earlier,True,2026-03-02,USO,long,11.208333106090626,6,0.13987524980145485,-63.969845241169736,8.55950099920582,-72.52934624037556,-72.52934624037556,22797.504996029096,433014894.67070025, Iran agrees to end enrichment of uranium by June 30?
V3,2.0,earlier,True,2026-03-02,XLE,short,-10.999999940395355,2,0.1599869599078207,146.17431949859144,8.639947839631283,137.53437165896017,137.53437165896017,23199.739198156414,1606799765.9557076, Iran agrees to end enrichment of uranium by June 30?
V3,2.0,earlier,True,2026-03-16,FXI,short,-29.40000146627426,2,0.8694047144904508,12.963017575391483,11.477618857961803,1.48539871742968,1.48539871742968,37388.094289809014,171116290.996937,Will Trump visit China by March 31?
V3,2.0,earlier,True,2026-03-16,KWEB,short,-29.40000146627426,2,1.121112012295154,37.36645429478236,12.484448049180616,24.882006245601744,24.882006245601744,42422.24024590308,97100306.03076704,Will Trump visit China by March 31?
V3,2.0,earlier,True,2026-03-16,SPY,short,-10.624999552965164,4,0.9999999999999999,-1.0842021724855044e-15,12.0,-12.000000000000002,-12.000000000000002,40000.0,6050404925.860184,Strait of Hormuz traffic returns to normal by end of April?
V3,2.0,earlier,True,2026-03-23,SPY,long,14.750000461935997,4,1.0,0.0,12.0,-12.0,-12.0,40000.0,10316140333.071339,Strait of Hormuz traffic returns to normal by end of April?
V3,2.0,earlier,True,2026-03-23,XLE,short,-11.285713953631264,7,0.1723244124202351,-304.1724357056021,8.68929764968094,-312.86173335528304,-312.86173335528304,23446.4882484047,830267176.7007679,Strait of Hormuz traffic returns to normal by end of April?
V3,2.0,earlier,True,2026-04-13,SPY,short,-13.099999938692365,7,1.0,-0.0,12.0,-12.0,-12.0,40000.0,3385571026.90475,Strait of Hormuz traffic returns to normal by end of April?
V3,2.0,earlier,True,2026-05-11,EWU,short,-16.00000113248825,1,1.0515226046035853,72.17319825653696,12.206090418414341,59.96710783812262,59.96710783812263,41030.452092071704,2706256.3505053995,"Starmer out by June 30, 2026?"
V3,2.0,earlier,True,2026-05-11,XOP,long,12.500001986821493,3,-1.0150899835701432,94.78426709153551,12.060359934280573,82.72390715725494,82.72390715725494,40301.79967140286,71008527.29562627,"US x Iran permanent peace deal by December 31, 2026?"
V3,2.0,earlier,True,2026-05-18,EWU,short,-21.000000834465027,1,1.0820281208305085,-122.56034430373238,12.328112483322034,-134.88845678705442,-134.88845678705442,41640.56241661017,6386896.884524758,"Starmer out by June 30, 2026?"
V3,2.0,earlier,True,2026-05-18,IBIT,long,11.525000631809235,2,1.7250695173706347,-19.541366642374076,14.900278069482539,-34.44164471185661,-34.44164471185661,54501.39034741269,312614057.7486825,"MicroStrategy sells any Bitcoin by May 31, 2026?"
V3,2.0,earlier,True,2026-05-18,MSTR,long,11.525000631809235,2,2.9365407632460143,-90.56930771866843,19.74616305298406,-110.31547077165249,-110.31547077165249,78730.81526492028,587014699.2048044,"MicroStrategy sells any Bitcoin by May 31, 2026?"
V3,2.0,earlier,True,2026-06-01,IBIT,short,-44.09999921917915,2,1.4343969938495296,86.61267588021121,13.737587975398117,72.8750879048131,72.8750879048131,48687.93987699059,486240380.5154171,"MicroStrategy sells any Bitcoin by May 31, 2026?"
V3,2.0,earlier,True,2026-06-01,MSTR,short,-44.09999921917915,2,2.6208870966632025,17.273755727787773,18.48354838665281,-1.2097926588650374,-1.2097926588650374,72417.74193326406,545297269.530413,"MicroStrategy sells any Bitcoin by May 31, 2026?"
V3,2.0,earlier,True,2026-06-01,SPY,short,-12.125001224922016,4,1.0,-0.0,12.0,-12.0,-12.0,40000.0,3840530464.3732686,Strait of Hormuz traffic returns to normal by end of May?
V3,2.0,earlier,True,2026-06-01,USO,long,10.219231199544783,13,-3.3467630093200365,127.91295720263096,21.387052037280146,106.52590516535082,106.5259051653508,86935.26018640073,241157320.53699073, Iran agrees to end enrichment of uranium by June 30?
V3,2.0,earlier,True,2026-06-01,XLE,long,10.219231199544783,13,-0.8371002467694542,84.0002381985668,11.348400987077817,72.65183721148898,72.65183721148898,36742.004935389086,760346365.5490105, Iran agrees to end enrichment of uranium by June 30?
V3,2.0,earlier,True,2026-06-15,SPY,long,34.16666587193807,3,0.9999999999999999,4.336808689942018e-15,12.0,-11.999999999999996,-11.999999999999996,40000.0,4181030092.3398404,"US x Iran permanent peace deal by July 31, 2026?"
V3,2.0,earlier,True,2026-06-15,XOP,short,-24.46250148350373,4,-1.0704968212387653,-95.87517985356024,12.281987284955061,-108.1571671385153,-108.15716713851529,41409.936424775304,212518427.46709487,"US x Iran permanent peace deal by December 31, 2026?"
V3,2.0,earlier,True,2026-06-15,USO,short,-22.981818625703454,11,-2.24798716427117,-198.33643509818444,16.99194865708468,-215.32838375526913,-215.32838375526913,64959.74328542341,160888648.0829464, Iran agrees to end enrichment of uranium by June 30?
V3,2.0,earlier,True,2026-06-15,XLE,short,-22.981818625703454,11,-0.7359824105271304,-94.53594266068521,10.943929642108522,-105.47987230279372,-105.47987230279371,34719.64821054261,671480386.250997, Iran agrees to end enrichment of uranium by June 30?
V3,2.0,earlier,True,2026-06-29,SPY,short,-15.000000596046448,2,0.9999999999999998,-1.734723475976807e-14,12.0,-12.000000000000018,-12.000000000000018,39999.99999999999,3931571079.3664546,Strait of Hormuz traffic returns to normal by July 15?
V3,2.0,recent,True,2026-07-27,SPY,long,13.966667465865612,3,1.0,0.0,12.0,-12.0,-12.0,40000.0,2953265433.9474688,US x Iran Effective Ceasefire by July 31?
V3,2.0,recent,True,2026-07-27,USO,short,-13.966667465865612,3,-1.2325665943868414,414.197549234004,12.930266377547365,401.26728285645663,401.26728285645663,44651.33188773683,138274761.80189905,US x Iran Effective Ceasefire by July 31?
V3,2.0,recent,True,2026-07-27,XLE,short,-13.966667465865612,3,-0.6745119473733101,58.46973599466178,10.698047789493241,47.771688205168545,47.771688205168545,33490.238947466205,381507777.67686254,US x Iran Effective Ceasefire by July 31?
V3,2.0,recent,True,2026-08-03,SPY,long,17.500000198682148,3,1.0,0.0,12.0,-12.0,-12.0,40000.0,4781798264.977551,US x Iran Effective Ceasefire by July 31?
V3,2.0,recent,True,2026-08-03,USO,short,-17.500000198682148,3,-1.2756126553146798,-252.6646045947581,13.102450621258718,-265.7670552160168,-265.7670552160168,45512.25310629359,133552275.55306269,US x Iran Effective Ceasefire by July 31?
V3,2.0,recent,True,2026-08-03,XLE,short,-17.500000198682148,3,-0.6551435571868317,-88.98348292839928,10.620574228747326,-99.60405715714661,-99.60405715714661,33102.87114373663,267808730.34620717,US x Iran Effective Ceasefire by July 31?
