variant,cost_mult,day,pnl,gross
V0,1.0,2025-10-07,0.0,0.0
V0,1.0,2025-10-08,0.0,0.0
V0,1.0,2025-10-09,0.0,0.0
V0,1.0,2025-10-10,0.0,0.0
V0,1.0,2025-10-13,0.0,0.0
V0,1.0,2025-10-14,0.0,0.0
V0,1.0,2025-10-15,0.0,0.0
V0,1.0,2025-10-16,0.0,0.0
V0,1.0,2025-10-17,0.0,0.0
V0,1.0,2025-10-20,0.0,0.0
V0,1.0,2025-10-21,0.0,0.0
V0,1.0,2025-10-22,0.0,0.0
V0,1.0,2025-10-23,0.0,0.0
V0,1.0,2025-10-24,0.0,0.0
V0,1.0,2025-10-27,0.0,0.0
V0,1.0,2025-10-28,0.0,0.0
V0,1.0,2025-10-29,0.0,0.0
V0,1.0,2025-10-30,0.0,0.0
V0,1.0,2025-10-31,0.0,0.0
V0,1.0,2025-11-03,0.0,0.0
V0,1.0,2025-11-04,0.0,0.0
V0,1.0,2025-11-05,0.0,0.0
V0,1.0,2025-11-06,0.0,0.0
V0,1.0,2025-11-07,0.0,0.0
V0,1.0,2025-11-10,0.0,0.0
V0,1.0,2025-11-11,0.0,0.0
V0,1.0,2025-11-12,0.0,0.0
V0,1.0,2025-11-13,0.0,0.0
V0,1.0,2025-11-14,0.0,0.0
V0,1.0,2025-11-17,0.0,0.0
V0,1.0,2025-11-18,0.0,0.0
V0,1.0,2025-11-19,0.0,0.0
V0,1.0,2025-11-20,0.0,0.0
V0,1.0,2025-11-21,0.0,0.0
V0,1.0,2025-11-24,0.0,0.0
V0,1.0,2025-11-25,0.0,0.0
V0,1.0,2025-11-26,0.0,0.0
V0,1.0,2025-11-28,0.0,0.0
V0,1.0,2025-12-01,0.0,0.0
V0,1.0,2025-12-02,0.0,0.0
V0,1.0,2025-12-03,-9.27000023841858,0.0
V0,1.0,2025-12-04,-21.72000059604645,-0.4999995231628418
V0,1.0,2025-12-05,-21.72000059604645,-0.4999995231628418
V0,1.0,2025-12-08,-32.9299989271164,-0.4999995231628418
V0,1.0,2025-12-09,-32.9299989271164,-0.4999995231628418
V0,1.0,2025-12-10,-32.9299989271164,-0.4999995231628418
V0,1.0,2025-12-11,-32.9299989271164,-0.4999995231628418
V0,1.0,2025-12-12,-32.9299989271164,-0.4999995231628418
V0,1.0,2025-12-15,-32.9299989271164,-0.4999995231628418
V0,1.0,2025-12-16,-32.9299989271164,-0.4999995231628418
V0,1.0,2025-12-17,-32.9299989271164,-0.4999995231628418
V0,1.0,2025-12-18,-32.9299989271164,-0.4999995231628418
V0,1.0,2025-12-19,-32.9299989271164,-0.4999995231628418
V0,1.0,2025-12-22,-41.3000001192093,0.9999990463256836
V0,1.0,2025-12-23,-41.3000001192093,0.9999990463256836
V0,1.0,2025-12-24,-41.3000001192093,0.9999990463256836
V0,1.0,2025-12-26,-41.3000001192093,0.9999990463256836
V0,1.0,2025-12-29,-49.6500013113022,0.9999990463256836
V0,1.0,2025-12-30,-49.6500013113022,0.9999990463256836
V0,1.0,2025-12-31,-56.709997496604934,0.9999990463256836
V0,1.0,2026-01-02,-57.579997913837445,5.499998480081558
V0,1.0,2026-01-05,-64.53000005960466,3.999996930360794
V0,1.0,2026-01-06,-64.53000005960466,3.999996930360794
V0,1.0,2026-01-07,-64.53000005960466,3.999996930360794
V0,1.0,2026-01-08,-64.53000005960466,3.999996930360794
V0,1.0,2026-01-09,-64.53000005960466,3.999996930360794
V0,1.0,2026-01-12,-64.53000005960466,3.999996930360794
V0,1.0,2026-01-13,-64.53000005960466,3.999996930360794
V0,1.0,2026-01-14,-64.53000005960466,3.999996930360794
V0,1.0,2026-01-15,-70.75000315904619,4.999995976686478
V0,1.0,2026-01-16,-70.75000315904619,4.999995976686478
V0,1.0,2026-01-20,-70.75000315904619,4.999995976686478
V0,1.0,2026-01-21,-70.75000315904619,4.999995976686478
V0,1.0,2026-01-22,-70.75000315904619,4.999995976686478
V0,1.0,2026-01-23,-70.75000315904619,4.999995976686478
V0,1.0,2026-01-26,-70.75000315904619,4.999995976686478
V0,1.0,2026-01-27,-70.75000315904619,4.999995976686478
V0,1.0,2026-01-28,-70.75000315904619,4.999995976686478
V0,1.0,2026-01-29,-70.75000315904619,4.999995976686478
V0,1.0,2026-01-30,-70.75000315904619,4.999995976686478
V0,1.0,2026-02-02,-70.75000315904619,4.999995976686478
V0,1.0,2026-02-03,-70.75000315904619,4.999995976686478
V0,1.0,2026-02-04,-70.75000315904619,4.999995976686478
V0,1.0,2026-02-05,-70.75000315904619,4.999995976686478
V0,1.0,2026-02-06,-70.75000315904619,4.999995976686478
V0,1.0,2026-02-09,-70.75000315904619,4.999995976686478
V0,1.0,2026-02-10,-70.75000315904619,4.999995976686478
V0,1.0,2026-02-11,-70.75000315904619,4.999995976686478
V0,1.0,2026-02-12,-70.75000315904619,4.999995976686478
V0,1.0,2026-02-13,-70.75000315904619,4.999995976686478
V0,1.0,2026-02-17,-70.75000315904619,4.999995976686478
V0,1.0,2026-02-18,-70.75000315904619,4.999995976686478
V0,1.0,2026-02-19,-70.75000315904619,4.999995976686478
V0,1.0,2026-02-20,-71.2400035762787,7.999996095895767
V0,1.0,2026-02-23,-71.2400035762787,7.999996095895767
V0,1.0,2026-02-24,-71.2400035762787,7.999996095895767
V0,1.0,2026-02-25,-71.2400035762787,7.999996095895767
V0,1.0,2026-02-26,-79.09000379234553,7.999996095895767
V0,1.0,2026-02-27,-79.09000379234553,7.999996095895767
V0,1.0,2026-03-02,-79.09000379234553,7.999996095895767
V0,1.0,2026-03-03,-79.09000379234553,7.999996095895767
V0,1.0,2026-03-04,-79.09000379234553,7.999996095895767
V0,1.0,2026-03-05,-79.09000379234553,7.999996095895767
V0,1.0,2026-03-06,-79.09000379234553,7.999996095895767
V0,1.0,2026-03-09,-82.59000379234553,11.99999526143074
V0,1.0,2026-03-10,-82.59000379234553,11.99999526143074
V0,1.0,2026-03-11,-82.59000379234553,11.99999526143074
V0,1.0,2026-03-12,-82.59000379234553,11.99999526143074
V0,1.0,2026-03-13,-82.59000379234553,11.99999526143074
V0,1.0,2026-03-16,-82.59000379234553,11.99999526143074
V0,1.0,2026-03-17,-82.59000379234553,11.99999526143074
V0,1.0,2026-03-18,-82.59000379234553,11.99999526143074
V0,1.0,2026-03-19,-82.59000379234553,11.99999526143074
V0,1.0,2026-03-20,-85.99000379234553,14.499994367361069
V0,1.0,2026-03-23,-85.99000379234553,14.499994367361069
V0,1.0,2026-03-24,-85.99000379234553,14.499994367361069
V0,1.0,2026-03-25,-85.99000379234553,14.499994367361069
V0,1.0,2026-03-26,-85.99000379234553,14.499994367361069
V0,1.0,2026-03-27,-114.21000379234553,2.4999938905239105
V0,1.0,2026-03-30,-120.66000093132259,4.4999949634075165
V0,1.0,2026-03-31,-120.66000093132259,4.4999949634075165
V0,1.0,2026-04-01,-120.66000093132259,4.4999949634075165
V0,1.0,2026-04-02,-120.66000093132259,4.4999949634075165
V0,1.0,2026-04-06,-120.66000093132259,4.4999949634075165
V0,1.0,2026-04-07,-120.66000093132259,4.4999949634075165
V0,1.0,2026-04-08,-127.01000403076411,4.999994486570358
V0,1.0,2026-04-09,-127.01000403076411,4.999994486570358
V0,1.0,2026-04-10,-127.01000403076411,4.999994486570358
V0,1.0,2026-04-13,-127.01000403076411,4.999994486570358
V0,1.0,2026-04-14,-127.01000403076411,4.999994486570358
V0,1.0,2026-04-15,-131.76000414997338,21.49999514222145
V0,1.0,2026-04-16,-126.58000412017105,29.499995335936546
V0,1.0,2026-04-17,-126.58000412017105,29.499995335936546
V0,1.0,2026-04-20,-130.93000316649673,29.499995335936546
V0,1.0,2026-04-21,-130.93000316649673,29.499995335936546
V0,1.0,2026-04-22,-132.67000295788048,29.499995335936546
V0,1.0,2026-04-23,-130.16000271946191,39.99999426305294
V0,1.0,2026-04-24,-130.16000271946191,39.99999426305294
V0,1.0,2026-04-27,-130.16000271946191,39.99999426305294
V0,1.0,2026-04-28,-130.16000271946191,39.99999426305294
V0,1.0,2026-04-29,-130.16000271946191,39.99999426305294
V0,1.0,2026-04-30,-130.16000271946191,39.99999426305294
V0,1.0,2026-05-01,-130.16000271946191,39.99999426305294
V0,1.0,2026-05-04,-130.16000271946191,39.99999426305294
V0,1.0,2026-05-05,-130.16000271946191,39.99999426305294
V0,1.0,2026-05-06,-141.14000701099633,35.99999211728573
V0,1.0,2026-05-07,-141.14000701099633,35.99999211728573
V0,1.0,2026-05-08,-141.14000701099633,35.99999211728573
V0,1.0,2026-05-11,-141.14000701099633,35.99999211728573
V0,1.0,2026-05-12,-141.14000701099633,35.99999211728573
V0,1.0,2026-05-13,-141.14000701099633,35.99999211728573
V0,1.0,2026-05-14,-141.14000701099633,35.99999211728573
V0,1.0,2026-05-15,-141.14000701099633,35.99999211728573
V0,1.0,2026-05-18,-141.14000701099633,35.99999211728573
V0,1.0,2026-05-19,-141.14000701099633,35.99999211728573
V0,1.0,2026-05-20,-141.14000701099633,35.99999211728573
V0,1.0,2026-05-21,-141.14000701099633,35.99999211728573
V0,1.0,2026-05-22,-141.14000701099633,35.99999211728573
V0,1.0,2026-05-26,-141.14000701099633,35.99999211728573
V0,1.0,2026-05-27,-141.14000701099633,35.99999211728573
V0,1.0,2026-05-28,-149.05000820308922,34.999993070960045
V0,1.0,2026-05-29,-154.58000534206627,34.999996051192284
V0,1.0,2026-06-01,-154.58000534206627,34.999996051192284
V0,1.0,2026-06-02,-154.58000534206627,34.999996051192284
V0,1.0,2026-06-03,-154.58000534206627,34.999996051192284
V0,1.0,2026-06-04,-154.58000534206627,34.999996051192284
V0,1.0,2026-06-05,-154.58000534206627,34.999996051192284
V0,1.0,2026-06-08,-154.58000534206627,34.999996051192284
V0,1.0,2026-06-09,-154.58000534206627,34.999996051192284
V0,1.0,2026-06-10,-154.58000534206627,34.999996051192284
V0,1.0,2026-06-11,-154.58000534206627,34.999996051192284
V0,1.0,2026-06-12,-154.58000534206627,34.999996051192284
V0,1.0,2026-06-15,-154.58000534206627,34.999996051192284
V0,1.0,2026-06-16,-154.58000534206627,34.999996051192284
V0,1.0,2026-06-17,-154.58000534206627,34.999996051192284
V0,1.0,2026-06-18,-154.58000534206627,34.999996051192284
V0,1.0,2026-06-22,-154.58000534206627,34.999996051192284
V0,1.0,2026-06-23,-173.55000647455452,32.499996200203896
V0,1.0,2026-06-24,-173.55000647455452,32.499996200203896
V0,1.0,2026-06-25,-173.55000647455452,32.499996200203896
V0,1.0,2026-06-26,-180.04000713020562,32.499996200203896
V0,1.0,2026-06-29,-190.1000073686242,33.99999476969242
V0,1.0,2026-06-30,-190.1000073686242,33.99999476969242
V0,1.0,2026-07-01,-190.1000073686242,33.99999476969242
V0,1.0,2026-07-02,-190.1000073686242,33.99999476969242
V0,1.0,2026-07-06,-190.1000073686242,33.99999476969242
V0,1.0,2026-07-07,-190.1000073686242,33.99999476969242
V0,1.0,2026-07-08,-190.1000073686242,33.99999476969242
V0,1.0,2026-07-09,-190.1000073686242,33.99999476969242
V0,1.0,2026-07-10,-190.1000073686242,33.99999476969242
V0,1.0,2026-07-13,-190.1000073686242,33.99999476969242
V0,1.0,2026-07-14,-190.1000073686242,33.99999476969242
V0,1.0,2026-07-15,-190.1000073686242,33.99999476969242
V0,1.0,2026-07-16,-205.04000677257775,32.499996200203896
V0,1.0,2026-07-17,-205.04000677257775,32.499996200203896
V0,1.0,2026-07-20,-205.04000677257775,32.499996200203896
V0,1.0,2026-07-21,-205.04000677257775,32.499996200203896
V0,1.0,2026-07-22,-205.04000677257775,32.499996200203896
V0,1.0,2026-07-23,-211.12000689178706,34.99999679625034
V0,1.0,2026-07-24,-211.12000689178706,34.99999679625034
V0,1.0,2026-07-27,-218.00000605732203,35.499997809529305
V0,1.0,2026-07-28,-218.00000605732203,35.499997809529305
V0,1.0,2026-07-29,-218.00000605732203,35.499997809529305
V0,1.0,2026-07-30,-222.41000713020563,36.49999760091305
V0,1.0,2026-07-31,-225.35000766664743,36.99999786913395
V0,1.0,2026-08-03,-225.35000766664743,36.99999786913395
V0,1.0,2026-08-04,-225.35000766664743,36.99999786913395
V0,1.0,2026-08-05,-228.87000671297312,36.99999786913395
V0,1.0,2026-08-06,-228.87000671297312,36.99999786913395
V0,1.0,2026-08-07,-228.87000671297312,36.99999786913395
V0,1.0,2026-08-10,-228.87000671297312,36.99999786913395
V0,1.0,2026-08-11,-234.66000885874033,33.99999476969242
V0,1.0,2026-08-12,-242.02000856071712,34.49999429285526
V0,1.0,2026-08-13,-259.060008828938,30.99999390542507
V0,1.0,2026-08-14,-259.060008828938,30.99999390542507
V0,1.0,2026-08-17,-263.6200084117055,31.999994441866875
V0,1.0,2026-08-18,-263.6200084117055,31.999994441866875
V0,1.0,2026-08-19,-265.3200084117055,32.99999497830868
V0,1.0,2026-08-20,-265.3200084117055,32.99999497830868
V0,1.0,2026-08-21,-267.65000745803115,33.9999970048666
V0,1.0,2026-08-24,-267.65000745803115,33.9999970048666
V0,1.0,2026-08-25,-267.65000745803115,33.9999970048666
V0,1.0,2026-08-26,-267.65000745803115,33.9999970048666
V0,1.0,2026-08-27,-275.82000865012407,33.9999970048666
V0,1.0,2026-08-28,-282.8800048354268,34.99999903142452
V0,1.0,2026-08-31,-309.8800026896596,30.000000819563866
V0,1.0,2026-09-01,-413.06999935925006,34.00000296533108
V0,1.0,2026-09-02,-445.3399943524599,41.00000523030758
V0,1.0,2026-09-03,-452.4399964982271,43.000003322958946
V0,1.0,2026-09-04,-495.0900019818544,62.00000122189522
V0,1.0,2026-09-08,-504.9400012665987,60.50000265240669
V0,1.0,2026-09-09,-514.1600015050172,60.50000265240669
V0,1.0,2026-09-10,-520.3600026971102,64.00000229477882
V0,1.0,2026-09-11,-549.9800057965517,51.500002294778824
V0,1.0,2026-09-14,-553.8000067502261,62.00000420212746
V0,1.0,2026-09-15,-558.0500048428775,62.000007182359695
V0,1.0,2026-09-16,-558.0500048428775,62.000007182359695
V0,1.0,2026-09-17,-582.0600080019236,78.00000533461571
V0,1.0,2026-09-18,-652.0200019073487,111.00000916048884
V0,1.0,2026-09-21,-709.0900008344652,111.5000101737678
V0,1.0,2026-09-22,-713.2199998807909,111.5000101737678
V0,1.0,2026-09-23,-745.4099990463258,112.00000969693065
V0,1.0,2026-09-24,-763.7499976158143,120.50001053139567
V0,1.0,2026-09-25,-786.2099992847444,120.50000755116343
V0,1.0,2026-09-28,-803.2900005960466,123.50000767037272
V0,1.0,2026-09-29,-869.109992966652,91.00001631304622
V0,1.0,2026-09-30,-959.1799884068967,66.50001956149936
V0,1.0,2026-10-01,-985.0999893307686,99.00001911446452
V0,1.0,2026-10-02,-1021.8499899864197,78.00002051517367
V0,2.0,2025-10-07,0.0,0.0
V0,2.0,2025-10-08,0.0,0.0
V0,2.0,2025-10-09,0.0,0.0
V0,2.0,2025-10-10,0.0,0.0
V0,2.0,2025-10-13,0.0,0.0
V0,2.0,2025-10-14,0.0,0.0
V0,2.0,2025-10-15,0.0,0.0
V0,2.0,2025-10-16,0.0,0.0
V0,2.0,2025-10-17,0.0,0.0
V0,2.0,2025-10-20,0.0,0.0
V0,2.0,2025-10-21,0.0,0.0
V0,2.0,2025-10-22,0.0,0.0
V0,2.0,2025-10-23,0.0,0.0
V0,2.0,2025-10-24,0.0,0.0
V0,2.0,2025-10-27,0.0,0.0
V0,2.0,2025-10-28,0.0,0.0
V0,2.0,2025-10-29,0.0,0.0
V0,2.0,2025-10-30,0.0,0.0
V0,2.0,2025-10-31,0.0,0.0
V0,2.0,2025-11-03,0.0,0.0
V0,2.0,2025-11-04,0.0,0.0
V0,2.0,2025-11-05,0.0,0.0
V0,2.0,2025-11-06,0.0,0.0
V0,2.0,2025-11-07,0.0,0.0
V0,2.0,2025-11-10,0.0,0.0
V0,2.0,2025-11-11,0.0,0.0
V0,2.0,2025-11-12,0.0,0.0
V0,2.0,2025-11-13,0.0,0.0
V0,2.0,2025-11-14,0.0,0.0
V0,2.0,2025-11-17,0.0,0.0
V0,2.0,2025-11-18,0.0,0.0
V0,2.0,2025-11-19,0.0,0.0
V0,2.0,2025-11-20,0.0,0.0
V0,2.0,2025-11-21,0.0,0.0
V0,2.0,2025-11-24,0.0,0.0
V0,2.0,2025-11-25,0.0,0.0
V0,2.0,2025-11-26,0.0,0.0
V0,2.0,2025-11-28,0.0,0.0
V0,2.0,2025-12-01,0.0,0.0
V0,2.0,2025-12-02,0.0,0.0
V0,2.0,2025-12-03,-18.42000047683716,0.0
V0,2.0,2025-12-04,-42.68000166893005,-0.4999995231628418
V0,2.0,2025-12-05,-42.68000166893005,-0.4999995231628418
V0,2.0,2025-12-08,-64.97999833106995,-0.4999995231628418
V0,2.0,2025-12-09,-64.97999833106995,-0.4999995231628418
V0,2.0,2025-12-10,-64.97999833106995,-0.4999995231628418
V0,2.0,2025-12-11,-64.97999833106995,-0.4999995231628418
V0,2.0,2025-12-12,-64.97999833106995,-0.4999995231628418
V0,2.0,2025-12-15,-64.97999833106995,-0.4999995231628418
V0,2.0,2025-12-16,-64.97999833106995,-0.4999995231628418
V0,2.0,2025-12-17,-64.97999833106995,-0.4999995231628418
V0,2.0,2025-12-18,-64.97999833106995,-0.4999995231628418
V0,2.0,2025-12-19,-64.97999833106995,-0.4999995231628418
V0,2.0,2025-12-22,-83.17999928474427,0.9999990463256836
V0,2.0,2025-12-23,-83.17999928474427,0.9999990463256836
V0,2.0,2025-12-24,-83.17999928474427,0.9999990463256836
V0,2.0,2025-12-26,-83.17999928474427,0.9999990463256836
V0,2.0,2025-12-29,-99.82000166893006,0.9999990463256836
V0,2.0,2025-12-30,-99.82000166893006,0.9999990463256836
V0,2.0,2025-12-31,-113.89999403953553,0.9999990463256836
V0,2.0,2026-01-02,-120.09999430775643,5.499998480081558
V0,2.0,2026-01-05,-132.37999704957008,3.999996930360794
V0,2.0,2026-01-06,-132.37999704957008,3.999996930360794
V0,2.0,2026-01-07,-132.37999704957008,3.999996930360794
V0,2.0,2026-01-08,-132.37999704957008,3.999996930360794
V0,2.0,2026-01-09,-132.37999704957008,3.999996930360794
V0,2.0,2026-01-12,-132.37999704957008,3.999996930360794
V0,2.0,2026-01-13,-132.37999704957008,3.999996930360794
V0,2.0,2026-01-14,-132.37999704957008,3.999996930360794
V0,2.0,2026-01-15,-145.78000229477882,4.999995976686478
V0,2.0,2026-01-16,-145.78000229477882,4.999995976686478
V0,2.0,2026-01-20,-145.78000229477882,4.999995976686478
V0,2.0,2026-01-21,-145.78000229477882,4.999995976686478
V0,2.0,2026-01-22,-145.78000229477882,4.999995976686478
V0,2.0,2026-01-23,-145.78000229477882,4.999995976686478
V0,2.0,2026-01-26,-145.78000229477882,4.999995976686478
V0,2.0,2026-01-27,-145.78000229477882,4.999995976686478
V0,2.0,2026-01-28,-145.78000229477882,4.999995976686478
V0,2.0,2026-01-29,-145.78000229477882,4.999995976686478
V0,2.0,2026-01-30,-145.78000229477882,4.999995976686478
V0,2.0,2026-02-02,-145.78000229477882,4.999995976686478
V0,2.0,2026-02-03,-145.78000229477882,4.999995976686478
V0,2.0,2026-02-04,-145.78000229477882,4.999995976686478
V0,2.0,2026-02-05,-145.78000229477882,4.999995976686478
V0,2.0,2026-02-06,-145.78000229477882,4.999995976686478
V0,2.0,2026-02-09,-145.78000229477882,4.999995976686478
V0,2.0,2026-02-10,-145.78000229477882,4.999995976686478
V0,2.0,2026-02-11,-145.78000229477882,4.999995976686478
V0,2.0,2026-02-12,-145.78000229477882,4.999995976686478
V0,2.0,2026-02-13,-145.78000229477882,4.999995976686478
V0,2.0,2026-02-17,-145.78000229477882,4.999995976686478
V0,2.0,2026-02-18,-145.78000229477882,4.999995976686478
V0,2.0,2026-02-19,-145.78000229477882,4.999995976686478
V0,2.0,2026-02-20,-149.76000324845313,7.999996095895767
V0,2.0,2026-02-23,-149.76000324845313,7.999996095895767
V0,2.0,2026-02-24,-149.76000324845313,7.999996095895767
V0,2.0,2026-02-25,-149.76000324845313,7.999996095895767
V0,2.0,2026-02-26,-164.04000350549816,7.999996095895767
V0,2.0,2026-02-27,-164.04000350549816,7.999996095895767
V0,2.0,2026-03-02,-164.04000350549816,7.999996095895767
V0,2.0,2026-03-03,-164.04000350549816,7.999996095895767
V0,2.0,2026-03-04,-164.04000350549816,7.999996095895767
V0,2.0,2026-03-05,-164.04000350549816,7.999996095895767
V0,2.0,2026-03-06,-164.04000350549816,7.999996095895767
V0,2.0,2026-03-09,-175.02000267103313,11.99999526143074
V0,2.0,2026-03-10,-175.02000267103313,11.99999526143074
V0,2.0,2026-03-11,-175.02000267103313,11.99999526143074
V0,2.0,2026-03-12,-175.02000267103313,11.99999526143074
V0,2.0,2026-03-13,-175.02000267103313,11.99999526143074
V0,2.0,2026-03-16,-175.02000267103313,11.99999526143074
V0,2.0,2026-03-17,-175.02000267103313,11.99999526143074
V0,2.0,2026-03-18,-175.02000267103313,11.99999526143074
V0,2.0,2026-03-19,-175.02000267103313,11.99999526143074
V0,2.0,2026-03-20,-184.34000177696345,14.499994367361069
V0,2.0,2026-03-23,-184.34000177696345,14.499994367361069
V0,2.0,2026-03-24,-184.34000177696345,14.499994367361069
V0,2.0,2026-03-25,-184.34000177696345,14.499994367361069
V0,2.0,2026-03-26,-184.34000177696345,14.499994367361069
V0,2.0,2026-03-27,-228.3200013001263,2.4999938905239105
V0,2.0,2026-03-30,-243.199996650964,4.4999949634075165
V0,2.0,2026-03-31,-243.199996650964,4.4999949634075165
V0,2.0,2026-04-01,-243.199996650964,4.4999949634075165
V0,2.0,2026-04-02,-243.199996650964,4.4999949634075165
V0,2.0,2026-04-06,-243.199996650964,4.4999949634075165
V0,2.0,2026-04-07,-243.199996650964,4.4999949634075165
V0,2.0,2026-04-08,-256.3400023730099,4.999994486570358
V0,2.0,2026-04-09,-256.3400023730099,4.999994486570358
V0,2.0,2026-04-10,-256.3400023730099,4.999994486570358
V0,2.0,2026-04-13,-256.3400023730099,4.999994486570358
V0,2.0,2026-04-14,-256.3400023730099,4.999994486570358
V0,2.0,2026-04-15,-275.0200020749867,21.49999514222145
V0,2.0,2026-04-16,-272.68000220909715,29.499995335936546
V0,2.0,2026-04-17,-272.68000220909715,29.499995335936546
V0,2.0,2026-04-20,-281.3800003017485,29.499995335936546
V0,2.0,2026-04-21,-281.3800003017485,29.499995335936546
V0,2.0,2026-04-22,-284.859999884516,29.499995335936546
V0,2.0,2026-04-23,-290.33999833479527,39.99999426305294
V0,2.0,2026-04-24,-290.33999833479527,39.99999426305294
V0,2.0,2026-04-27,-290.33999833479527,39.99999426305294
V0,2.0,2026-04-28,-290.33999833479527,39.99999426305294
V0,2.0,2026-04-29,-290.33999833479527,39.99999426305294
V0,2.0,2026-04-30,-290.33999833479527,39.99999426305294
V0,2.0,2026-05-01,-290.33999833479527,39.99999426305294
V0,2.0,2026-05-04,-290.33999833479527,39.99999426305294
V0,2.0,2026-05-05,-290.33999833479527,39.99999426305294
V0,2.0,2026-05-06,-308.2000047720969,35.99999211728573
V0,2.0,2026-05-07,-308.2000047720969,35.99999211728573
V0,2.0,2026-05-08,-308.2000047720969,35.99999211728573
V0,2.0,2026-05-11,-308.2000047720969,35.99999211728573
V0,2.0,2026-05-12,-308.2000047720969,35.99999211728573
V0,2.0,2026-05-13,-308.2000047720969,35.99999211728573
V0,2.0,2026-05-14,-308.2000047720969,35.99999211728573
V0,2.0,2026-05-15,-308.2000047720969,35.99999211728573
V0,2.0,2026-05-18,-308.2000047720969,35.99999211728573
V0,2.0,2026-05-19,-308.2000047720969,35.99999211728573
V0,2.0,2026-05-20,-308.2000047720969,35.99999211728573
V0,2.0,2026-05-21,-308.2000047720969,35.99999211728573
V0,2.0,2026-05-22,-308.2000047720969,35.99999211728573
V0,2.0,2026-05-26,-308.2000047720969,35.99999211728573
V0,2.0,2026-05-27,-308.2000047720969,35.99999211728573
V0,2.0,2026-05-28,-323.00000810995704,34.999993070960045
V0,2.0,2026-05-29,-334.1800053681434,34.999996051192284
V0,2.0,2026-06-01,-334.1800053681434,34.999996051192284
V0,2.0,2026-06-02,-334.1800053681434,34.999996051192284
V0,2.0,2026-06-03,-334.1800053681434,34.999996051192284
V0,2.0,2026-06-04,-334.1800053681434,34.999996051192284
V0,2.0,2026-06-05,-334.1800053681434,34.999996051192284
V0,2.0,2026-06-08,-334.1800053681434,34.999996051192284
V0,2.0,2026-06-09,-334.1800053681434,34.999996051192284
V0,2.0,2026-06-10,-334.1800053681434,34.999996051192284
V0,2.0,2026-06-11,-334.1800053681434,34.999996051192284
V0,2.0,2026-06-12,-334.1800053681434,34.999996051192284
V0,2.0,2026-06-15,-334.1800053681434,34.999996051192284
V0,2.0,2026-06-16,-334.1800053681434,34.999996051192284
V0,2.0,2026-06-17,-334.1800053681434,34.999996051192284
V0,2.0,2026-06-18,-334.1800053681434,34.999996051192284
V0,2.0,2026-06-22,-334.1800053681434,34.999996051192284
V0,2.0,2026-06-23,-369.2600077821315,32.499996200203896
V0,2.0,2026-06-24,-369.2600077821315,32.499996200203896
V0,2.0,2026-06-25,-369.2600077821315,32.499996200203896
V0,2.0,2026-06-26,-382.1800090934337,32.499996200203896
V0,2.0,2026-06-29,-403.64000813975935,33.99999476969242
V0,2.0,2026-06-30,-403.64000813975935,33.99999476969242
V0,2.0,2026-07-01,-403.64000813975935,33.99999476969242
V0,2.0,2026-07-02,-403.64000813975935,33.99999476969242
V0,2.0,2026-07-06,-403.64000813975935,33.99999476969242
V0,2.0,2026-07-07,-403.64000813975935,33.99999476969242
V0,2.0,2026-07-08,-403.64000813975935,33.99999476969242
V0,2.0,2026-07-09,-403.64000813975935,33.99999476969242
V0,2.0,2026-07-10,-403.64000813975935,33.99999476969242
V0,2.0,2026-07-13,-403.64000813975935,33.99999476969242
V0,2.0,2026-07-14,-403.64000813975935,33.99999476969242
V0,2.0,2026-07-15,-403.64000813975935,33.99999476969242
V0,2.0,2026-07-16,-432.1600083781779,32.499996200203896
V0,2.0,2026-07-17,-432.1600083781779,32.499996200203896
V0,2.0,2026-07-20,-432.1600083781779,32.499996200203896
V0,2.0,2026-07-21,-432.1600083781779,32.499996200203896
V0,2.0,2026-07-22,-432.1600083781779,32.499996200203896
V0,2.0,2026-07-23,-446.76000921264296,34.99999679625034
V0,2.0,2026-07-24,-446.76000921264296,34.99999679625034
V0,2.0,2026-07-27,-461.02000855699185,35.499997809529305
V0,2.0,2026-07-28,-461.02000855699185,35.499997809529305
V0,2.0,2026-07-29,-461.02000855699185,35.499997809529305
V0,2.0,2026-07-30,-470.9000104941428,36.49999760091305
V0,2.0,2026-07-31,-477.2400118352473,36.99999786913395
V0,2.0,2026-08-03,-477.2400118352473,36.99999786913395
V0,2.0,2026-08-04,-477.2400118352473,36.99999786913395
V0,2.0,2026-08-05,-484.30000992789866,36.99999786913395
V0,2.0,2026-08-06,-484.30000992789866,36.99999786913395
V0,2.0,2026-08-07,-484.30000992789866,36.99999786913395
V0,2.0,2026-08-10,-484.30000992789866,36.99999786913395
V0,2.0,2026-08-11,-492.88001111999154,33.99999476969242
V0,2.0,2026-08-12,-508.0800100471079,34.49999429285526
V0,2.0,2026-08-13,-538.4600101961196,30.99999390542507
V0,2.0,2026-08-14,-538.4600101961196,30.99999390542507
V0,2.0,2026-08-17,-548.4200098980964,31.999994441866875
V0,2.0,2026-08-18,-548.4200098980964,31.999994441866875
V0,2.0,2026-08-19,-552.8000104345382,32.99999497830868
V0,2.0,2026-08-20,-552.8000104345382,32.99999497830868
V0,2.0,2026-08-21,-558.5600105537475,33.9999970048666
V0,2.0,2026-08-24,-558.5600105537475,33.9999970048666
V0,2.0,2026-08-25,-558.5600105537475,33.9999970048666
V0,2.0,2026-08-26,-558.5600105537475,33.9999970048666
V0,2.0,2026-08-27,-574.8400129379332,33.9999970048666
V0,2.0,2026-08-28,-589.9600073350966,34.99999903142452
V0,2.0,2026-08-31,-638.7600048317015,30.000000819563866
V0,2.0,2026-09-01,-762.3800011362135,34.00000296533108
V0,2.0,2026-09-02,-833.5399933876097,41.00000523030758
V0,2.0,2026-09-03,-849.5799957717954,43.000003322958946
V0,2.0,2026-09-04,-920.7200007785856,62.00000122189522
V0,2.0,2026-09-08,-938.7600007785855,60.50000265240669
V0,2.0,2026-09-09,-957.1200012554227,60.50000265240669
V0,2.0,2026-09-10,-972.6400032819806,64.00000229477882
V0,2.0,2026-09-11,-1006.3200060237942,51.500002294778824
V0,2.0,2026-09-14,-1024.8200098384914,62.00000420212746
V0,2.0,2026-09-15,-1033.2400090040264,62.000007182359695
V0,2.0,2026-09-16,-1033.2400090040264,62.000007182359695
V0,2.0,2026-09-17,-1080.9800098980961,78.00000533461571
V0,2.0,2026-09-18,-1225.6800002756713,111.00000916048884
V0,2.0,2026-09-21,-1336.139999143183,111.5000101737678
V0,2.0,2026-09-22,-1344.3999972358345,111.5000101737678
V0,2.0,2026-09-23,-1407.2599950900672,112.00000969693065
V0,2.0,2026-09-24,-1443.379996758997,120.50001053139567
V0,2.0,2026-09-25,-1487.939997116625,120.50000755116343
V0,2.0,2026-09-28,-1525.0999998584387,123.50000767037272
V0,2.0,2026-09-29,-1622.319993242323,91.00001631304622
V0,2.0,2026-09-30,-1774.3199872669575,66.50001956149936
V0,2.0,2026-10-01,-1833.4999873414633,99.00001911446452
V0,2.0,2026-10-02,-1886.0199900534747,78.00002051517367
V1,1.0,2025-10-07,0.0,0.0
V1,1.0,2025-10-08,0.0,0.0
V1,1.0,2025-10-09,0.0,0.0
V1,1.0,2025-10-10,0.0,0.0
V1,1.0,2025-10-13,0.0,0.0
V1,1.0,2025-10-14,0.0,0.0
V1,1.0,2025-10-15,0.0,0.0
V1,1.0,2025-10-16,0.0,0.0
V1,1.0,2025-10-17,0.0,0.0
V1,1.0,2025-10-20,0.0,0.0
V1,1.0,2025-10-21,0.0,0.0
V1,1.0,2025-10-22,0.0,0.0
V1,1.0,2025-10-23,0.0,0.0
V1,1.0,2025-10-24,0.0,0.0
V1,1.0,2025-10-27,0.0,0.0
V1,1.0,2025-10-28,0.0,0.0
V1,1.0,2025-10-29,0.0,0.0
V1,1.0,2025-10-30,0.0,0.0
V1,1.0,2025-10-31,0.0,0.0
V1,1.0,2025-11-03,0.0,0.0
V1,1.0,2025-11-04,0.0,0.0
V1,1.0,2025-11-05,0.0,0.0
V1,1.0,2025-11-06,0.0,0.0
V1,1.0,2025-11-07,0.0,0.0
V1,1.0,2025-11-10,0.0,0.0
V1,1.0,2025-11-11,0.0,0.0
V1,1.0,2025-11-12,0.0,0.0
V1,1.0,2025-11-13,-6.249999165534973,0.0
V1,1.0,2025-11-14,-6.249999165534973,0.0
V1,1.0,2025-11-17,-6.249999165534973,0.0
V1,1.0,2025-11-18,-6.249999165534973,0.0
V1,1.0,2025-11-19,-6.249999165534973,0.0
V1,1.0,2025-11-20,-6.249999165534973,0.0
V1,1.0,2025-11-21,-9.849999701976776,0.4999995231628418
V1,1.0,2025-11-24,-9.849999701976776,0.4999995231628418
V1,1.0,2025-11-25,-13.719998748302459,0.9999990463256836
V1,1.0,2025-11-26,-18.209998331069947,0.4999987781047821
V1,1.0,2025-11-28,-22.459997913837434,-7.450580596923828e-07
V1,1.0,2025-12-01,-22.459997913837434,-7.450580596923828e-07
V1,1.0,2025-12-02,-22.459997913837434,-7.450580596923828e-07
V1,1.0,2025-12-03,-31.729998152256016,-7.450580596923828e-07
V1,1.0,2025-12-04,-44.17999850988389,-0.5000002682209015
V1,1.0,2025-12-05,-44.17999850988389,-0.5000002682209015
V1,1.0,2025-12-08,-55.389996840953835,-0.5000002682209015
V1,1.0,2025-12-09,-55.389996840953835,-0.5000002682209015
V1,1.0,2025-12-10,-55.389996840953835,-0.5000002682209015
V1,1.0,2025-12-11,-53.70999618530274,4.999999701976776
V1,1.0,2025-12-12,-53.70999618530274,4.999999701976776
V1,1.0,2025-12-15,-57.87999576807023,4.499999433755875
V1,1.0,2025-12-16,-57.87999576807023,4.499999433755875
V1,1.0,2025-12-17,-58.90999523162843,6.499999761581421
V1,1.0,2025-12-18,-58.90999523162843,6.499999761581421
V1,1.0,2025-12-19,-58.90999523162843,6.499999761581421
V1,1.0,2025-12-22,-71.07999600648881,6.999998539686203
V1,1.0,2025-12-23,-71.07999600648881,6.999998539686203
V1,1.0,2025-12-24,-71.07999600648881,6.999998539686203
V1,1.0,2025-12-26,-71.07999600648881,6.999998539686203
V1,1.0,2025-12-29,-82.07999773502351,6.999998539686203
V1,1.0,2025-12-30,-82.07999773502351,6.999998539686203
V1,1.0,2025-12-31,-91.21999392032625,8.99999886751175
V1,1.0,2026-01-02,-92.08999433755876,13.499998301267624
V1,1.0,2026-01-05,-99.03999648332598,11.99999675154686
V1,1.0,2026-01-06,-101.36999627470972,11.99999675154686
V1,1.0,2026-01-07,-101.36999627470972,11.99999675154686
V1,1.0,2026-01-08,-106.60999436736108,13.499995321035385
V1,1.0,2026-01-09,-106.60999436736108,13.499995321035385
V1,1.0,2026-01-12,-114.05999055266382,13.999994844198227
V1,1.0,2026-01-13,-114.05999055266382,13.999994844198227
V1,1.0,2026-01-14,-114.05999055266382,13.999994844198227
V1,1.0,2026-01-15,-120.27999365210535,14.99999389052391
V1,1.0,2026-01-16,-126.62999675154687,14.499994367361069
V1,1.0,2026-01-20,-126.62999675154687,14.499994367361069
V1,1.0,2026-01-21,-126.62999675154687,14.499994367361069
V1,1.0,2026-01-22,-126.62999675154687,14.499994367361069
V1,1.0,2026-01-23,-126.62999675154687,14.499994367361069
V1,1.0,2026-01-26,-126.62999675154687,14.499994367361069
V1,1.0,2026-01-27,-126.62999675154687,14.499994367361069
V1,1.0,2026-01-28,-126.62999675154687,14.499994367361069
V1,1.0,2026-01-29,-126.62999675154687,14.499994367361069
V1,1.0,2026-01-30,-132.6599938905239,13.499995321035385
V1,1.0,2026-02-02,-142.85999317526816,10.999997705221176
V1,1.0,2026-02-03,-142.85999317526816,10.999997705221176
V1,1.0,2026-02-04,-142.85999317526816,10.999997705221176
V1,1.0,2026-02-05,-142.85999317526816,10.999997705221176
V1,1.0,2026-02-06,-142.85999317526816,10.999997705221176
V1,1.0,2026-02-09,-142.85999317526816,10.999997705221176
V1,1.0,2026-02-10,-142.85999317526816,10.999997705221176
V1,1.0,2026-02-11,-152.97999246001243,11.99999675154686
V1,1.0,2026-02-12,-152.97999246001243,11.99999675154686
V1,1.0,2026-02-13,-155.91999299645423,11.99999675154686
V1,1.0,2026-02-17,-155.91999299645423,11.99999675154686
V1,1.0,2026-02-18,-160.9699910891056,11.499997228384018
V1,1.0,2026-02-19,-160.9699910891056,11.499997228384018
V1,1.0,2026-02-20,-161.45999150633813,14.499997347593307
V1,1.0,2026-02-23,-161.45999150633813,14.499997347593307
V1,1.0,2026-02-24,-179.0999903738499,12.999998778104782
V1,1.0,2026-02-25,-183.5899899566174,11.999998986721039
V1,1.0,2026-02-26,-191.43999017268422,11.999998986721039
V1,1.0,2026-02-27,-191.43999017268422,11.999998986721039
V1,1.0,2026-03-02,-191.43999017268422,11.999998986721039
V1,1.0,2026-03-03,-191.43999017268422,11.999998986721039
V1,1.0,2026-03-04,-196.99998996406796,14.499999582767487
V1,1.0,2026-03-05,-196.99998996406796,14.499999582767487
V1,1.0,2026-03-06,-204.8499901801348,13.499999418854713
V1,1.0,2026-03-09,-208.3499901801348,17.499998584389687
V1,1.0,2026-03-10,-208.3499901801348,17.499998584389687
V1,1.0,2026-03-11,-208.3499901801348,17.499998584389687
V1,1.0,2026-03-12,-208.3499901801348,17.499998584389687
V1,1.0,2026-03-13,-212.75998922646048,17.499998584389687
V1,1.0,2026-03-16,-219.21998934566977,17.499998584389687
V1,1.0,2026-03-17,-219.21998934566977,17.499998584389687
V1,1.0,2026-03-18,-219.21998934566977,17.499998584389687
V1,1.0,2026-03-19,-219.21998934566977,17.499998584389687
V1,1.0,2026-03-20,-222.61998934566978,19.999997690320015
V1,1.0,2026-03-23,-222.61998934566978,19.999997690320015
V1,1.0,2026-03-24,-222.61998934566978,19.999997690320015
V1,1.0,2026-03-25,-222.61998934566978,19.999997690320015
V1,1.0,2026-03-26,-228.11999041855339,21.9999972730875
V1,1.0,2026-03-27,-256.3399904185534,9.999996796250343
V1,1.0,2026-03-30,-262.7899875575304,11.99999786913395
V1,1.0,2026-03-31,-274.20999184906486,12.999995425343513
V1,1.0,2026-04-01,-274.20999184906486,12.999995425343513
V1,1.0,2026-04-02,-274.20999184906486,12.999995425343513
V1,1.0,2026-04-06,-279.6699899417162,13.499994948506355
V1,1.0,2026-04-07,-279.6699899417162,13.499994948506355
V1,1.0,2026-04-08,-286.01999304115776,13.999994471669197
V1,1.0,2026-04-09,-286.01999304115776,13.999994471669197
V1,1.0,2026-04-10,-286.01999304115776,13.999994471669197
V1,1.0,2026-04-13,-286.01999304115776,13.999994471669197
V1,1.0,2026-04-14,-292.3999961405993,13.999994471669197
V1,1.0,2026-04-15,-302.58999435245994,32.499996200203896
V1,1.0,2026-04-16,-297.4099943226576,40.49999639391899
V1,1.0,2026-04-17,-297.4099943226576,40.49999639391899
V1,1.0,2026-04-20,-301.7599933689833,40.49999639391899
V1,1.0,2026-04-21,-301.7599933689833,40.49999639391899
V1,1.0,2026-04-22,-303.49999316036707,40.49999639391899
V1,1.0,2026-04-23,-300.9899929219485,50.999995321035385
V1,1.0,2026-04-24,-300.9899929219485,50.999995321035385
V1,1.0,2026-04-27,-309.3099941140414,48.49999472498894
V1,1.0,2026-04-28,-309.3099941140414,48.49999472498894
V1,1.0,2026-04-29,-309.3099941140414,48.49999472498894
V1,1.0,2026-04-30,-309.3099941140414,48.49999472498894
V1,1.0,2026-05-01,-309.3099941140414,48.49999472498894
V1,1.0,2026-05-04,-309.3099941140414,48.49999472498894
V1,1.0,2026-05-05,-309.3099941140414,48.49999472498894
V1,1.0,2026-05-06,-320.28999840557583,44.499992579221725
V1,1.0,2026-05-07,-320.28999840557583,44.499992579221725
V1,1.0,2026-05-08,-320.28999840557583,44.499992579221725
V1,1.0,2026-05-11,-327.55999459087855,42.9999940097332
V1,1.0,2026-05-12,-327.55999459087855,42.9999940097332
V1,1.0,2026-05-13,-327.55999459087855,42.9999940097332
V1,1.0,2026-05-14,-327.55999459087855,42.9999940097332
V1,1.0,2026-05-15,-327.55999459087855,42.9999940097332
V1,1.0,2026-05-18,-327.55999459087855,42.9999940097332
V1,1.0,2026-05-19,-327.55999459087855,42.9999940097332
V1,1.0,2026-05-20,-327.55999459087855,42.9999940097332
V1,1.0,2026-05-21,-327.55999459087855,42.9999940097332
V1,1.0,2026-05-22,-330.9399995976687,43.999993056058884
V1,1.0,2026-05-26,-330.9399995976687,43.999993056058884
V1,1.0,2026-05-27,-330.9399995976687,43.999993056058884
V1,1.0,2026-05-28,-338.8500007897616,42.9999940097332
V1,1.0,2026-05-29,-344.37999792873865,42.99999698996544
V1,1.0,2026-06-01,-344.37999792873865,42.99999698996544
V1,1.0,2026-06-02,-344.37999792873865,42.99999698996544
V1,1.0,2026-06-03,-344.37999792873865,42.99999698996544
V1,1.0,2026-06-04,-344.37999792873865,42.99999698996544
V1,1.0,2026-06-05,-344.37999792873865,42.99999698996544
V1,1.0,2026-06-08,-344.37999792873865,42.99999698996544
V1,1.0,2026-06-09,-344.37999792873865,42.99999698996544
V1,1.0,2026-06-10,-344.37999792873865,42.99999698996544
V1,1.0,2026-06-11,-344.37999792873865,42.99999698996544
V1,1.0,2026-06-12,-344.37999792873865,42.99999698996544
V1,1.0,2026-06-15,-347.8999969750643,42.99999698996544
V1,1.0,2026-06-16,-347.8999969750643,42.99999698996544
V1,1.0,2026-06-17,-347.8999969750643,42.99999698996544
V1,1.0,2026-06-18,-347.8999969750643,42.99999698996544
V1,1.0,2026-06-22,-347.8999969750643,42.99999698996544
V1,1.0,2026-06-23,-366.86999810755253,40.49999713897705
V1,1.0,2026-06-24,-366.86999810755253,40.49999713897705
V1,1.0,2026-06-25,-366.86999810755253,40.49999713897705
V1,1.0,2026-06-26,-378.7200018626452,38.499993085861206
V1,1.0,2026-06-29,-388.78000210106376,39.99999165534973
V1,1.0,2026-06-30,-388.78000210106376,39.99999165534973
V1,1.0,2026-07-01,-388.78000210106376,39.99999165534973
V1,1.0,2026-07-02,-388.78000210106376,39.99999165534973
V1,1.0,2026-07-06,-388.78000210106376,39.99999165534973
V1,1.0,2026-07-07,-394.66000168383124,39.99999165534973
V1,1.0,2026-07-08,-394.66000168383124,39.99999165534973
V1,1.0,2026-07-09,-394.66000168383124,39.99999165534973
V1,1.0,2026-07-10,-394.66000168383124,39.99999165534973
V1,1.0,2026-07-13,-394.66000168383124,39.99999165534973
V1,1.0,2026-07-14,-401.45000210851435,40.499991457909346
V1,1.0,2026-07-15,-401.45000210851435,40.499991457909346
V1,1.0,2026-07-16,-419.2400005587936,44.9999931268394
V1,1.0,2026-07-17,-419.2400005587936,44.9999931268394
V1,1.0,2026-07-20,-419.2400005587936,44.9999931268394
V1,1.0,2026-07-21,-421.9400005587936,46.499991696327925
V1,1.0,2026-07-22,-421.9400005587936,46.499991696327925
V1,1.0,2026-07-23,-428.0200006780029,48.99999229237437
V1,1.0,2026-07-24,-444.9499991282821,49.999991338700056
V1,1.0,2026-07-27,-456.7300023469329,50.99998889490962
V1,1.0,2026-07-28,-456.7300023469329,50.99998889490962
V1,1.0,2026-07-29,-456.7300023469329,50.99998889490962
V1,1.0,2026-07-30,-461.14000341981654,51.999988686293364
V1,1.0,2026-07-31,-477.2500038966537,51.49998916313052
V1,1.0,2026-08-03,-481.4200034794212,51.49998916313052
V1,1.0,2026-08-04,-481.4200034794212,51.49998916313052
V1,1.0,2026-08-05,-484.9400025257469,51.49998916313052
V1,1.0,2026-08-06,-498.3000047907234,50.99998963996768
V1,1.0,2026-08-07,-498.3000047907234,50.99998963996768
V1,1.0,2026-08-10,-501.23000404566534,53.999990690499544
V1,1.0,2026-08-11,-509.7700067278744,55.499987583607435
V1,1.0,2026-08-12,-598.2500036582352,36.99998967349529
V1,1.0,2026-08-13,-634.9800053569676,31.999990716576576
V1,1.0,2026-08-14,-634.9800053569676,31.999990716576576
V1,1.0,2026-08-17,-643.6400050589443,32.99999125301838
V1,1.0,2026-08-18,-643.6400050589443,32.99999125301838
V1,1.0,2026-08-19,-645.3400050589444,33.99999178946018
V1,1.0,2026-08-20,-651.9000042244793,35.49999184906483
V1,1.0,2026-08-21,-654.230003270805,36.49999387562275
V1,1.0,2026-08-24,-654.230003270805,36.49999387562275
V1,1.0,2026-08-25,-654.230003270805,36.49999387562275
V1,1.0,2026-08-26,-654.230003270805,36.49999387562275
V1,1.0,2026-08-27,-711.1000007078053,41.99999384582043
V1,1.0,2026-08-28,-718.159996893108,42.99999587237835
V1,1.0,2026-08-31,-749.6499937936665,37.99999766051769
V1,1.0,2026-09-01,-858.2799915361405,41.999999806284904
V1,1.0,2026-09-02,-890.5499865293503,49.000002071261406
V1,1.0,2026-09-03,-908.8799849796296,51.00000165402889
V1,1.0,2026-09-04,-951.5299904632569,69.99999955296516
V1,1.0,2026-09-08,-961.3799897480012,68.50000098347664
V1,1.0,2026-09-09,-970.5999899864198,68.50000098347664
V1,1.0,2026-09-10,-1000.3799928474427,63.00000175833702
V1,1.0,2026-09-11,-1033.4399959468842,52.000000327825546
V1,1.0,2026-09-14,-1041.549995946884,62.50000223517418
V1,1.0,2026-09-15,-1045.7999940395355,62.50000521540642
V1,1.0,2026-09-16,-1058.1399923706053,65.50000533461571
V1,1.0,2026-09-17,-1082.1499955296515,81.50000348687172
V1,1.0,2026-09-18,-1158.4299915808438,113.50000528618693
V1,1.0,2026-09-21,-1215.49999050796,114.0000062994659
V1,1.0,2026-09-22,-1219.6299895542859,114.0000062994659
V1,1.0,2026-09-23,-1263.3499880045651,113.00000725314021
V1,1.0,2026-09-24,-1322.8499813884496,128.50000811740756
V1,1.0,2026-09-25,-1345.3099830573797,128.50000513717532
V1,1.0,2026-09-28,-1368.4199815076588,129.50000716373324
V1,1.0,2026-09-29,-1434.2399738782642,97.00001580640674
V1,1.0,2026-09-30,-1602.4699796301124,76.00001199170947
V1,1.0,2026-10-01,-1643.2999821633098,163.5000097565353
V1,1.0,2026-10-02,-1691.9499899715183,147.00000984594226
V1,2.0,2025-10-07,0.0,0.0
V1,2.0,2025-10-08,0.0,0.0
V1,2.0,2025-10-09,0.0,0.0
V1,2.0,2025-10-10,0.0,0.0
V1,2.0,2025-10-13,0.0,0.0
V1,2.0,2025-10-14,0.0,0.0
V1,2.0,2025-10-15,0.0,0.0
V1,2.0,2025-10-16,0.0,0.0
V1,2.0,2025-10-17,0.0,0.0
V1,2.0,2025-10-20,0.0,0.0
V1,2.0,2025-10-21,0.0,0.0
V1,2.0,2025-10-22,0.0,0.0
V1,2.0,2025-10-23,0.0,0.0
V1,2.0,2025-10-24,0.0,0.0
V1,2.0,2025-10-27,0.0,0.0
V1,2.0,2025-10-28,0.0,0.0
V1,2.0,2025-10-29,0.0,0.0
V1,2.0,2025-10-30,0.0,0.0
V1,2.0,2025-10-31,0.0,0.0
V1,2.0,2025-11-03,0.0,0.0
V1,2.0,2025-11-04,0.0,0.0
V1,2.0,2025-11-05,0.0,0.0
V1,2.0,2025-11-06,0.0,0.0
V1,2.0,2025-11-07,0.0,0.0
V1,2.0,2025-11-10,0.0,0.0
V1,2.0,2025-11-11,0.0,0.0
V1,2.0,2025-11-12,0.0,0.0
V1,2.0,2025-11-13,-12.459998331069947,0.0
V1,2.0,2025-11-14,-12.459998331069947,0.0
V1,2.0,2025-11-17,-12.459998331069947,0.0
V1,2.0,2025-11-18,-12.459998331069947,0.0
V1,2.0,2025-11-19,-12.459998331069947,0.0
V1,2.0,2025-11-20,-12.459998331069947,0.0
V1,2.0,2025-11-21,-20.179998927116394,0.4999995231628418
V1,2.0,2025-11-24,-20.179998927116394,0.4999995231628418
V1,2.0,2025-11-25,-28.4199965429306,0.9999990463256836
V1,2.0,2025-11-26,-36.859995440244674,0.4999987781047821
V1,2.0,2025-11-28,-44.899995082616805,-7.450580596923828e-07
V1,2.0,2025-12-01,-44.899995082616805,-7.450580596923828e-07
V1,2.0,2025-12-02,-44.899995082616805,-7.450580596923828e-07
V1,2.0,2025-12-03,-63.319995559453965,-7.450580596923828e-07
V1,2.0,2025-12-04,-87.57999675154686,-0.5000002682209015
V1,2.0,2025-12-05,-87.57999675154686,-0.5000002682209015
V1,2.0,2025-12-08,-109.87999341368675,-0.5000002682209015
V1,2.0,2025-12-09,-109.87999341368675,-0.5000002682209015
V1,2.0,2025-12-10,-109.87999341368675,-0.5000002682209015
V1,2.0,2025-12-11,-112.07999207258224,4.999999701976776
V1,2.0,2025-12-12,-112.07999207258224,4.999999701976776
V1,2.0,2025-12-15,-119.95999096989631,4.499999433755875
V1,2.0,2025-12-16,-119.95999096989631,4.499999433755875
V1,2.0,2025-12-17,-124.03999022483825,6.499999761581421
V1,2.0,2025-12-18,-124.03999022483825,6.499999761581421
V1,2.0,2025-12-19,-124.03999022483825,6.499999761581421
V1,2.0,2025-12-22,-148.8199905526638,6.999998539686203
V1,2.0,2025-12-23,-148.8199905526638,6.999998539686203
V1,2.0,2025-12-24,-148.8199905526638,6.999998539686203
V1,2.0,2025-12-26,-148.8199905526638,6.999998539686203
V1,2.0,2025-12-29,-170.7399940097332,6.999998539686203
V1,2.0,2025-12-30,-170.7399940097332,6.999998539686203
V1,2.0,2025-12-31,-190.95998670816422,8.99999886751175
V1,2.0,2026-01-02,-197.1599869763851,13.499998301267624
V1,2.0,2026-01-05,-209.43998971819877,11.99999675154686
V1,2.0,2026-01-06,-214.09998930096626,11.99999675154686
V1,2.0,2026-01-07,-214.09998930096626,11.99999675154686
V1,2.0,2026-01-08,-225.9799840557575,13.499995321035385
V1,2.0,2026-01-09,-225.9799840557575,13.499995321035385
V1,2.0,2026-01-12,-241.35997594952582,13.999994844198227
V1,2.0,2026-01-13,-241.35997594952582,13.999994844198227
V1,2.0,2026-01-14,-241.35997594952582,13.999994844198227
V1,2.0,2026-01-15,-254.75998119473456,14.99999389052391
V1,2.0,2026-01-16,-266.89998787045477,14.499994367361069
V1,2.0,2026-01-20,-266.89998787045477,14.499994367361069
V1,2.0,2026-01-21,-266.89998787045477,14.499994367361069
V1,2.0,2026-01-22,-266.89998787045477,14.499994367361069
V1,2.0,2026-01-23,-266.89998787045477,14.499994367361069
V1,2.0,2026-01-26,-266.89998787045477,14.499994367361069
V1,2.0,2026-01-27,-266.89998787045477,14.499994367361069
V1,2.0,2026-01-28,-266.89998787045477,14.499994367361069
V1,2.0,2026-01-29,-266.89998787045477,14.499994367361069
V1,2.0,2026-01-30,-277.9599831020832,13.499995321035385
V1,2.0,2026-02-02,-295.7999840557575,10.999997705221176
V1,2.0,2026-02-03,-295.7999840557575,10.999997705221176
V1,2.0,2026-02-04,-295.7999840557575,10.999997705221176
V1,2.0,2026-02-05,-295.7999840557575,10.999997705221176
V1,2.0,2026-02-06,-295.7999840557575,10.999997705221176
V1,2.0,2026-02-09,-295.7999840557575,10.999997705221176
V1,2.0,2026-02-10,-295.7999840557575,10.999997705221176
V1,2.0,2026-02-11,-316.8399816715717,11.99999675154686
V1,2.0,2026-02-12,-316.8399816715717,11.99999675154686
V1,2.0,2026-02-13,-322.7199827444553,11.99999675154686
V1,2.0,2026-02-17,-322.7199827444553,11.99999675154686
V1,2.0,2026-02-18,-332.2999794065952,11.499997228384018
V1,2.0,2026-02-19,-332.2999794065952,11.499997228384018
V1,2.0,2026-02-20,-336.2799803602695,14.499997347593307
V1,2.0,2026-02-23,-336.2799803602695,14.499997347593307
V1,2.0,2026-02-24,-370.05997952580447,12.999998778104782
V1,2.0,2026-02-25,-378.0399788999557,11.999998986721039
V1,2.0,2026-02-26,-392.3199791570007,11.999998986721039
V1,2.0,2026-02-27,-392.3199791570007,11.999998986721039
V1,2.0,2026-03-02,-392.3199791570007,11.999998986721039
V1,2.0,2026-03-03,-392.3199791570007,11.999998986721039
V1,2.0,2026-03-04,-405.89997933581463,14.499999582767487
V1,2.0,2026-03-05,-405.89997933581463,14.499999582767487
V1,2.0,2026-03-06,-420.17997959285964,13.499999418854713
V1,2.0,2026-03-09,-431.15997875839463,17.499998584389687
V1,2.0,2026-03-10,-431.15997875839463,17.499998584389687
V1,2.0,2026-03-11,-431.15997875839463,17.499998584389687
V1,2.0,2026-03-12,-431.15997875839463,17.499998584389687
V1,2.0,2026-03-13,-439.979976851046,17.499998584389687
V1,2.0,2026-03-16,-452.87997708946455,17.499998584389687
V1,2.0,2026-03-17,-452.87997708946455,17.499998584389687
V1,2.0,2026-03-18,-452.87997708946455,17.499998584389687
V1,2.0,2026-03-19,-452.87997708946455,17.499998584389687
V1,2.0,2026-03-20,-462.19997619539487,19.999997690320015
V1,2.0,2026-03-23,-462.19997619539487,19.999997690320015
V1,2.0,2026-03-24,-462.19997619539487,19.999997690320015
V1,2.0,2026-03-25,-462.19997619539487,19.999997690320015
V1,2.0,2026-03-26,-475.19997792392957,21.9999972730875
V1,2.0,2026-03-27,-519.1799774470924,9.999996796250343
V1,2.0,2026-03-30,-534.0599727979301,11.99999786913395
V1,2.0,2026-03-31,-557.6199789372084,12.999995425343513
V1,2.0,2026-04-01,-557.6199789372084,12.999995425343513
V1,2.0,2026-04-02,-557.6199789372084,12.999995425343513
V1,2.0,2026-04-06,-568.999974645674,13.499994948506355
V1,2.0,2026-04-07,-568.999974645674,13.499994948506355
V1,2.0,2026-04-08,-582.1399803677199,13.999994471669197
V1,2.0,2026-04-09,-582.1399803677199,13.999994471669197
V1,2.0,2026-04-10,-582.1399803677199,13.999994471669197
V1,2.0,2026-04-13,-582.1399803677199,13.999994471669197
V1,2.0,2026-04-14,-594.8999865666029,13.999994471669197
V1,2.0,2026-04-15,-626.439983526766,32.499996200203896
V1,2.0,2026-04-16,-624.0999836608764,40.49999639391899
V1,2.0,2026-04-17,-624.0999836608764,40.49999639391899
V1,2.0,2026-04-20,-632.7999817535278,40.49999639391899
V1,2.0,2026-04-21,-632.7999817535278,40.49999639391899
V1,2.0,2026-04-22,-636.2799813362954,40.49999639391899
V1,2.0,2026-04-23,-641.7599797865746,50.999995321035385
V1,2.0,2026-04-24,-641.7599797865746,50.999995321035385
V1,2.0,2026-04-27,-655.8199815747139,48.49999472498894
V1,2.0,2026-04-28,-655.8199815747139,48.49999472498894
V1,2.0,2026-04-29,-655.8199815747139,48.49999472498894
V1,2.0,2026-04-30,-655.8199815747139,48.49999472498894
V1,2.0,2026-05-01,-655.8199815747139,48.49999472498894
V1,2.0,2026-05-04,-655.8199815747139,48.49999472498894
V1,2.0,2026-05-05,-655.8199815747139,48.49999472498894
V1,2.0,2026-05-06,-673.6799880120155,44.499992579221725
V1,2.0,2026-05-07,-673.6799880120155,44.499992579221725
V1,2.0,2026-05-08,-673.6799880120155,44.499992579221725
V1,2.0,2026-05-11,-686.6599818131325,42.9999940097332
V1,2.0,2026-05-12,-686.6599818131325,42.9999940097332
V1,2.0,2026-05-13,-686.6599818131325,42.9999940097332
V1,2.0,2026-05-14,-686.6599818131325,42.9999940097332
V1,2.0,2026-05-15,-686.6599818131325,42.9999940097332
V1,2.0,2026-05-18,-686.6599818131325,42.9999940097332
V1,2.0,2026-05-19,-686.6599818131325,42.9999940097332
V1,2.0,2026-05-20,-686.6599818131325,42.9999940097332
V1,2.0,2026-05-21,-686.6599818131325,42.9999940097332
V1,2.0,2026-05-22,-694.3799908730385,43.999993056058884
V1,2.0,2026-05-26,-694.3799908730385,43.999993056058884
V1,2.0,2026-05-27,-694.3799908730385,43.999993056058884
V1,2.0,2026-05-28,-709.1799942108986,42.9999940097332
V1,2.0,2026-05-29,-720.3599914690849,42.99999698996544
V1,2.0,2026-06-01,-720.3599914690849,42.99999698996544
V1,2.0,2026-06-02,-720.3599914690849,42.99999698996544
V1,2.0,2026-06-03,-720.3599914690849,42.99999698996544
V1,2.0,2026-06-04,-720.3599914690849,42.99999698996544
V1,2.0,2026-06-05,-720.3599914690849,42.99999698996544
V1,2.0,2026-06-08,-720.3599914690849,42.99999698996544
V1,2.0,2026-06-09,-720.3599914690849,42.99999698996544
V1,2.0,2026-06-10,-720.3599914690849,42.99999698996544
V1,2.0,2026-06-11,-720.3599914690849,42.99999698996544
V1,2.0,2026-06-12,-720.3599914690849,42.99999698996544
V1,2.0,2026-06-15,-727.4199895617362,42.99999698996544
V1,2.0,2026-06-16,-727.4199895617362,42.99999698996544
V1,2.0,2026-06-17,-727.4199895617362,42.99999698996544
V1,2.0,2026-06-18,-727.4199895617362,42.99999698996544
V1,2.0,2026-06-22,-727.4199895617362,42.99999698996544
V1,2.0,2026-06-23,-762.4999919757244,40.49999713897705
V1,2.0,2026-06-24,-762.4999919757244,40.49999713897705
V1,2.0,2026-06-25,-762.4999919757244,40.49999713897705
V1,2.0,2026-06-26,-784.1399954327937,38.499993085861206
V1,2.0,2026-06-29,-805.5999944791195,39.99999165534973
V1,2.0,2026-06-30,-805.5999944791195,39.99999165534973
V1,2.0,2026-07-01,-805.5999944791195,39.99999165534973
V1,2.0,2026-07-02,-805.5999944791195,39.99999165534973
V1,2.0,2026-07-06,-805.5999944791195,39.99999165534973
V1,2.0,2026-07-07,-817.3399936446544,39.99999165534973
V1,2.0,2026-07-08,-817.3399936446544,39.99999165534973
V1,2.0,2026-07-09,-817.3399936446544,39.99999165534973
V1,2.0,2026-07-10,-817.3399936446544,39.99999165534973
V1,2.0,2026-07-13,-817.3399936446544,39.99999165534973
V1,2.0,2026-07-14,-829.4199942257998,40.499991457909346
V1,2.0,2026-07-15,-829.4199942257998,40.499991457909346
V1,2.0,2026-07-16,-868.9799927952884,44.9999931268394
V1,2.0,2026-07-17,-868.9799927952884,44.9999931268394
V1,2.0,2026-07-20,-868.9799927952884,44.9999931268394
V1,2.0,2026-07-21,-875.8599913647769,46.499991696327925
V1,2.0,2026-07-22,-875.8599913647769,46.499991696327925
V1,2.0,2026-07-23,-890.4599921992419,48.99999229237437
V1,2.0,2026-07-24,-925.0999881461261,49.999991338700056
V1,2.0,2026-07-27,-949.5399921396372,50.99998889490962
V1,2.0,2026-07-28,-949.5399921396372,50.99998889490962
V1,2.0,2026-07-29,-949.5399921396372,50.99998889490962
V1,2.0,2026-07-30,-959.4199940767882,51.999988686293364
V1,2.0,2026-07-31,-991.4199955072996,51.49998916313052
V1,2.0,2026-08-03,-999.7399946728347,51.49998916313052
V1,2.0,2026-08-04,-999.7399946728347,51.49998916313052
V1,2.0,2026-08-05,-1006.799992765486,51.49998916313052
V1,2.0,2026-08-06,-1032.919997772276,50.99998963996768
V1,2.0,2026-08-07,-1032.919997772276,50.99998963996768
V1,2.0,2026-08-10,-1041.6799973326918,53.999990690499544
V1,2.0,2026-08-11,-1060.6599995902177,55.499987583607435
V1,2.0,2026-08-12,-1192.2399980330463,36.99998967349529
V1,2.0,2026-08-13,-1260.5800024735922,31.999990716576576
V1,2.0,2026-08-14,-1260.5800024735922,31.999990716576576
V1,2.0,2026-08-17,-1278.7200024139877,32.99999125301838
V1,2.0,2026-08-18,-1278.7200024139877,32.99999125301838
V1,2.0,2026-08-19,-1283.1000029504296,33.99999178946018
V1,2.0,2026-08-20,-1297.5600013411042,35.49999184906483
V1,2.0,2026-08-21,-1303.3200014603135,36.49999387562275
V1,2.0,2026-08-24,-1303.3200014603135,36.49999387562275
V1,2.0,2026-08-25,-1303.3200014603135,36.49999387562275
V1,2.0,2026-08-26,-1303.3200014603135,36.49999387562275
V1,2.0,2026-08-27,-1407.7999956190583,41.99999384582043
V1,2.0,2026-08-28,-1422.9199900162216,42.99999587237835
V1,2.0,2026-08-31,-1480.6999856054779,37.99999766051769
V1,2.0,2026-09-01,-1615.199984055757,41.999999806284904
V1,2.0,2026-09-02,-1686.3599763071534,49.000002071261406
V1,2.0,2026-09-03,-1724.7399727904794,51.00000165402889
V1,2.0,2026-09-04,-1795.8799777972697,69.99999955296516
V1,2.0,2026-09-08,-1813.9199777972697,68.50000098347664
V1,2.0,2026-09-09,-1832.2799782741067,68.50000098347664
V1,2.0,2026-09-10,-1885.779984771013,63.00000175833702
V1,2.0,2026-09-11,-1927.8399860823151,52.000000327825546
V1,2.0,2026-09-14,-1954.9199879896637,62.50000223517418
V1,2.0,2026-09-15,-1963.3399871551987,62.50000521540642
V1,2.0,2026-09-16,-1991.079983936548,65.50000533461571
V1,2.0,2026-09-17,-2038.8199848306176,81.50000348687172
V1,2.0,2026-09-18,-2195.2999774731693,113.50000528618693
V1,2.0,2026-09-21,-2305.759976340681,114.0000062994659
V1,2.0,2026-09-22,-2314.0199744333327,114.0000062994659
V1,2.0,2026-09-23,-2398.3999722875656,113.00000725314021
V1,2.0,2026-09-24,-2522.23996361509,128.50000811740756
V1,2.0,2026-09-25,-2566.7999639727177,128.50000513717532
V1,2.0,2026-09-28,-2613.999962899834,129.50000716373324
V1,2.0,2026-09-29,-2711.219956283718,97.00001580640674
V1,2.0,2026-09-30,-2990.299960083514,76.00001199170947
V1,2.0,2026-10-01,-3111.839961558729,163.5000097565353
V1,2.0,2026-10-02,-3192.5799772645532,147.00000984594226
V2,1.0,2025-10-07,0.0,0.0
V2,1.0,2025-10-08,0.0,0.0
V2,1.0,2025-10-09,0.0,0.0
V2,1.0,2025-10-10,0.0,0.0
V2,1.0,2025-10-13,0.0,0.0
V2,1.0,2025-10-14,0.0,0.0
V2,1.0,2025-10-15,0.0,0.0
V2,1.0,2025-10-16,0.0,0.0
V2,1.0,2025-10-17,0.0,0.0
V2,1.0,2025-10-20,0.0,0.0
V2,1.0,2025-10-21,0.0,0.0
V2,1.0,2025-10-22,0.0,0.0
V2,1.0,2025-10-23,0.0,0.0
V2,1.0,2025-10-24,0.0,0.0
V2,1.0,2025-10-27,0.0,0.0
V2,1.0,2025-10-28,0.0,0.0
V2,1.0,2025-10-29,0.0,0.0
V2,1.0,2025-10-30,0.0,0.0
V2,1.0,2025-10-31,0.0,0.0
V2,1.0,2025-11-03,0.0,0.0
V2,1.0,2025-11-04,0.0,0.0
V2,1.0,2025-11-05,0.0,0.0
V2,1.0,2025-11-06,0.0,0.0
V2,1.0,2025-11-07,0.0,0.0
V2,1.0,2025-11-10,0.0,0.0
V2,1.0,2025-11-11,0.0,0.0
V2,1.0,2025-11-12,0.0,0.0
V2,1.0,2025-11-13,0.0,0.0
V2,1.0,2025-11-14,0.0,0.0
V2,1.0,2025-11-17,0.0,0.0
V2,1.0,2025-11-18,0.0,0.0
V2,1.0,2025-11-19,0.0,0.0
V2,1.0,2025-11-20,0.0,0.0
V2,1.0,2025-11-21,0.0,0.0
V2,1.0,2025-11-24,0.0,0.0
V2,1.0,2025-11-25,0.0,0.0
V2,1.0,2025-11-26,0.0,0.0
V2,1.0,2025-11-28,0.0,0.0
V2,1.0,2025-12-01,0.0,0.0
V2,1.0,2025-12-02,0.0,0.0
V2,1.0,2025-12-03,-9.27000023841858,0.0
V2,1.0,2025-12-04,-9.27000023841858,0.0
V2,1.0,2025-12-05,-9.27000023841858,0.0
V2,1.0,2025-12-08,-9.27000023841858,0.0
V2,1.0,2025-12-09,-9.27000023841858,0.0
V2,1.0,2025-12-10,-9.27000023841858,0.0
V2,1.0,2025-12-11,-9.27000023841858,0.0
V2,1.0,2025-12-12,-9.27000023841858,0.0
V2,1.0,2025-12-15,-9.27000023841858,0.0
V2,1.0,2025-12-16,-9.27000023841858,0.0
V2,1.0,2025-12-17,-9.27000023841858,0.0
V2,1.0,2025-12-18,-9.27000023841858,0.0
V2,1.0,2025-12-19,-9.27000023841858,0.0
V2,1.0,2025-12-22,-9.27000023841858,0.0
V2,1.0,2025-12-23,-9.27000023841858,0.0
V2,1.0,2025-12-24,-9.27000023841858,0.0
V2,1.0,2025-12-26,-9.27000023841858,0.0
V2,1.0,2025-12-29,-9.27000023841858,0.0
V2,1.0,2025-12-30,-9.27000023841858,0.0
V2,1.0,2025-12-31,-9.27000023841858,0.0
V2,1.0,2026-01-02,-9.27000023841858,0.0
V2,1.0,2026-01-05,-9.27000023841858,0.0
V2,1.0,2026-01-06,-9.27000023841858,0.0
V2,1.0,2026-01-07,-9.27000023841858,0.0
V2,1.0,2026-01-08,-9.27000023841858,0.0
V2,1.0,2026-01-09,-9.27000023841858,0.0
V2,1.0,2026-01-12,-9.27000023841858,0.0
V2,1.0,2026-01-13,-9.27000023841858,0.0
V2,1.0,2026-01-14,-9.27000023841858,0.0
V2,1.0,2026-01-15,-9.27000023841858,0.0
V2,1.0,2026-01-16,-9.27000023841858,0.0
V2,1.0,2026-01-20,-9.27000023841858,0.0
V2,1.0,2026-01-21,-9.27000023841858,0.0
V2,1.0,2026-01-22,-9.27000023841858,0.0
V2,1.0,2026-01-23,-9.27000023841858,0.0
V2,1.0,2026-01-26,-9.27000023841858,0.0
V2,1.0,2026-01-27,-9.27000023841858,0.0
V2,1.0,2026-01-28,-9.27000023841858,0.0
V2,1.0,2026-01-29,-9.27000023841858,0.0
V2,1.0,2026-01-30,-9.27000023841858,0.0
V2,1.0,2026-02-02,-9.27000023841858,0.0
V2,1.0,2026-02-03,-9.27000023841858,0.0
V2,1.0,2026-02-04,-9.27000023841858,0.0
V2,1.0,2026-02-05,-9.27000023841858,0.0
V2,1.0,2026-02-06,-9.27000023841858,0.0
V2,1.0,2026-02-09,-9.27000023841858,0.0
V2,1.0,2026-02-10,-9.27000023841858,0.0
V2,1.0,2026-02-11,-9.27000023841858,0.0
V2,1.0,2026-02-12,-9.27000023841858,0.0
V2,1.0,2026-02-13,-9.27000023841858,0.0
V2,1.0,2026-02-17,-9.27000023841858,0.0
V2,1.0,2026-02-18,-9.27000023841858,0.0
V2,1.0,2026-02-19,-9.27000023841858,0.0
V2,1.0,2026-02-20,-9.27000023841858,0.0
V2,1.0,2026-02-23,-9.27000023841858,0.0
V2,1.0,2026-02-24,-9.27000023841858,0.0
V2,1.0,2026-02-25,-9.27000023841858,0.0
V2,1.0,2026-02-26,-9.27000023841858,0.0
V2,1.0,2026-02-27,-9.27000023841858,0.0
V2,1.0,2026-03-02,-9.27000023841858,0.0
V2,1.0,2026-03-03,-9.27000023841858,0.0
V2,1.0,2026-03-04,-9.27000023841858,0.0
V2,1.0,2026-03-05,-9.27000023841858,0.0
V2,1.0,2026-03-06,-9.27000023841858,0.0
V2,1.0,2026-03-09,-12.77000023841858,3.999999165534973
V2,1.0,2026-03-10,-12.77000023841858,3.999999165534973
V2,1.0,2026-03-11,-12.77000023841858,3.999999165534973
V2,1.0,2026-03-12,-12.77000023841858,3.999999165534973
V2,1.0,2026-03-13,-12.77000023841858,3.999999165534973
V2,1.0,2026-03-16,-12.77000023841858,3.999999165534973
V2,1.0,2026-03-17,-12.77000023841858,3.999999165534973
V2,1.0,2026-03-18,-12.77000023841858,3.999999165534973
V2,1.0,2026-03-19,-12.77000023841858,3.999999165534973
V2,1.0,2026-03-20,-12.77000023841858,3.999999165534973
V2,1.0,2026-03-23,-12.77000023841858,3.999999165534973
V2,1.0,2026-03-24,-12.77000023841858,3.999999165534973
V2,1.0,2026-03-25,-12.77000023841858,3.999999165534973
V2,1.0,2026-03-26,-12.77000023841858,3.999999165534973
V2,1.0,2026-03-27,-12.77000023841858,3.999999165534973
V2,1.0,2026-03-30,-19.219997377395632,6.000000238418579
V2,1.0,2026-03-31,-19.219997377395632,6.000000238418579
V2,1.0,2026-04-01,-19.219997377395632,6.000000238418579
V2,1.0,2026-04-02,-19.219997377395632,6.000000238418579
V2,1.0,2026-04-06,-19.219997377395632,6.000000238418579
V2,1.0,2026-04-07,-19.219997377395632,6.000000238418579
V2,1.0,2026-04-08,-19.219997377395632,6.000000238418579
V2,1.0,2026-04-09,-19.219997377395632,6.000000238418579
V2,1.0,2026-04-10,-19.219997377395632,6.000000238418579
V2,1.0,2026-04-13,-19.219997377395632,6.000000238418579
V2,1.0,2026-04-14,-19.219997377395632,6.000000238418579
V2,1.0,2026-04-15,-23.969997496604922,22.50000089406967
V2,1.0,2026-04-16,-23.969997496604922,22.50000089406967
V2,1.0,2026-04-17,-23.969997496604922,22.50000089406967
V2,1.0,2026-04-20,-23.969997496604922,22.50000089406967
V2,1.0,2026-04-21,-23.969997496604922,22.50000089406967
V2,1.0,2026-04-22,-23.969997496604922,22.50000089406967
V2,1.0,2026-04-23,-21.45999725818634,32.999999821186066
V2,1.0,2026-04-24,-21.45999725818634,32.999999821186066
V2,1.0,2026-04-27,-21.45999725818634,32.999999821186066
V2,1.0,2026-04-28,-21.45999725818634,32.999999821186066
V2,1.0,2026-04-29,-21.45999725818634,32.999999821186066
V2,1.0,2026-04-30,-21.45999725818634,32.999999821186066
V2,1.0,2026-05-01,-21.45999725818634,32.999999821186066
V2,1.0,2026-05-04,-21.45999725818634,32.999999821186066
V2,1.0,2026-05-05,-21.45999725818634,32.999999821186066
V2,1.0,2026-05-06,-21.45999725818634,32.999999821186066
V2,1.0,2026-05-07,-21.45999725818634,32.999999821186066
V2,1.0,2026-05-08,-21.45999725818634,32.999999821186066
V2,1.0,2026-05-11,-21.45999725818634,32.999999821186066
V2,1.0,2026-05-12,-21.45999725818634,32.999999821186066
V2,1.0,2026-05-13,-21.45999725818634,32.999999821186066
V2,1.0,2026-05-14,-21.45999725818634,32.999999821186066
V2,1.0,2026-05-15,-21.45999725818634,32.999999821186066
V2,1.0,2026-05-18,-21.45999725818634,32.999999821186066
V2,1.0,2026-05-19,-21.45999725818634,32.999999821186066
V2,1.0,2026-05-20,-21.45999725818634,32.999999821186066
V2,1.0,2026-05-21,-21.45999725818634,32.999999821186066
V2,1.0,2026-05-22,-21.45999725818634,32.999999821186066
V2,1.0,2026-05-26,-21.45999725818634,32.999999821186066
V2,1.0,2026-05-27,-21.45999725818634,32.999999821186066
V2,1.0,2026-05-28,-21.45999725818634,32.999999821186066
V2,1.0,2026-05-29,-21.45999725818634,32.999999821186066
V2,1.0,2026-06-01,-21.45999725818634,32.999999821186066
V2,1.0,2026-06-02,-21.45999725818634,32.999999821186066
V2,1.0,2026-06-03,-21.45999725818634,32.999999821186066
V2,1.0,2026-06-04,-21.45999725818634,32.999999821186066
V2,1.0,2026-06-05,-21.45999725818634,32.999999821186066
V2,1.0,2026-06-08,-21.45999725818634,32.999999821186066
V2,1.0,2026-06-09,-21.45999725818634,32.999999821186066
V2,1.0,2026-06-10,-21.45999725818634,32.999999821186066
V2,1.0,2026-06-11,-21.45999725818634,32.999999821186066
V2,1.0,2026-06-12,-21.45999725818634,32.999999821186066
V2,1.0,2026-06-15,-21.45999725818634,32.999999821186066
V2,1.0,2026-06-16,-21.45999725818634,32.999999821186066
V2,1.0,2026-06-17,-21.45999725818634,32.999999821186066
V2,1.0,2026-06-18,-21.45999725818634,32.999999821186066
V2,1.0,2026-06-22,-21.45999725818634,32.999999821186066
V2,1.0,2026-06-23,-21.45999725818634,32.999999821186066
V2,1.0,2026-06-24,-21.45999725818634,32.999999821186066
V2,1.0,2026-06-25,-21.45999725818634,32.999999821186066
V2,1.0,2026-06-26,-21.45999725818634,32.999999821186066
V2,1.0,2026-06-29,-21.45999725818634,32.999999821186066
V2,1.0,2026-06-30,-21.45999725818634,32.999999821186066
V2,1.0,2026-07-01,-21.45999725818634,32.999999821186066
V2,1.0,2026-07-02,-21.45999725818634,32.999999821186066
V2,1.0,2026-07-06,-21.45999725818634,32.999999821186066
V2,1.0,2026-07-07,-21.45999725818634,32.999999821186066
V2,1.0,2026-07-08,-21.45999725818634,32.999999821186066
V2,1.0,2026-07-09,-21.45999725818634,32.999999821186066
V2,1.0,2026-07-10,-21.45999725818634,32.999999821186066
V2,1.0,2026-07-13,-21.45999725818634,32.999999821186066
V2,1.0,2026-07-14,-21.45999725818634,32.999999821186066
V2,1.0,2026-07-15,-21.45999725818634,32.999999821186066
V2,1.0,2026-07-16,-21.45999725818634,32.999999821186066
V2,1.0,2026-07-17,-21.45999725818634,32.999999821186066
V2,1.0,2026-07-20,-21.45999725818634,32.999999821186066
V2,1.0,2026-07-21,-21.45999725818634,32.999999821186066
V2,1.0,2026-07-22,-21.45999725818634,32.999999821186066
V2,1.0,2026-07-23,-21.45999725818634,32.999999821186066
V2,1.0,2026-07-24,-21.45999725818634,32.999999821186066
V2,1.0,2026-07-27,-21.45999725818634,32.999999821186066
V2,1.0,2026-07-28,-21.45999725818634,32.999999821186066
V2,1.0,2026-07-29,-21.45999725818634,32.999999821186066
V2,1.0,2026-07-30,-21.45999725818634,32.999999821186066
V2,1.0,2026-07-31,-21.45999725818634,32.999999821186066
V2,1.0,2026-08-03,-21.45999725818634,32.999999821186066
V2,1.0,2026-08-04,-21.45999725818634,32.999999821186066
V2,1.0,2026-08-05,-21.45999725818634,32.999999821186066
V2,1.0,2026-08-06,-21.45999725818634,32.999999821186066
V2,1.0,2026-08-07,-21.45999725818634,32.999999821186066
V2,1.0,2026-08-10,-21.45999725818634,32.999999821186066
V2,1.0,2026-08-11,-27.249999403953552,29.999996721744537
V2,1.0,2026-08-12,-34.60999910593033,30.49999624490738
V2,1.0,2026-08-13,-41.869998599290845,30.49999624490738
V2,1.0,2026-08-14,-41.869998599290845,30.49999624490738
V2,1.0,2026-08-17,-41.869998599290845,30.49999624490738
V2,1.0,2026-08-18,-41.869998599290845,30.49999624490738
V2,1.0,2026-08-19,-41.869998599290845,30.49999624490738
V2,1.0,2026-08-20,-41.869998599290845,30.49999624490738
V2,1.0,2026-08-21,-41.869998599290845,30.49999624490738
V2,1.0,2026-08-24,-41.869998599290845,30.49999624490738
V2,1.0,2026-08-25,-41.869998599290845,30.49999624490738
V2,1.0,2026-08-26,-41.869998599290845,30.49999624490738
V2,1.0,2026-08-27,-41.869998599290845,30.49999624490738
V2,1.0,2026-08-28,-41.869998599290845,30.49999624490738
V2,1.0,2026-08-31,-41.869998599290845,30.49999624490738
V2,1.0,2026-09-01,-145.05999526888132,34.49999839067459
V2,1.0,2026-09-02,-177.32999026209114,41.50000065565109
V2,1.0,2026-09-03,-177.32999026209114,41.50000065565109
V2,1.0,2026-09-04,-212.61999455362556,52.99999974668026
V2,1.0,2026-09-08,-212.61999455362556,52.99999974668026
V2,1.0,2026-09-09,-212.61999455362556,52.99999974668026
V2,1.0,2026-09-10,-212.61999455362556,52.99999974668026
V2,1.0,2026-09-11,-212.61999455362556,52.99999974668026
V2,1.0,2026-09-14,-216.43999550729987,63.50000165402889
V2,1.0,2026-09-15,-216.43999550729987,63.50000165402889
V2,1.0,2026-09-16,-216.43999550729987,63.50000165402889
V2,1.0,2026-09-17,-235.81999908357855,77.50000022351742
V2,1.0,2026-09-18,-245.6499990686774,101.5000014565885
V2,1.0,2026-09-21,-292.4799988302588,102.00000246986747
V2,1.0,2026-09-22,-292.4799988302588,102.00000246986747
V2,1.0,2026-09-23,-324.6699979957938,102.50000199303031
V2,1.0,2026-09-24,-340.5899965652823,108.00000270828605
V2,1.0,2026-09-25,-340.5899965652823,108.00000270828605
V2,1.0,2026-09-28,-354.2199988302588,108.50000223144889
V2,1.0,2026-09-29,-354.2199988302588,108.50000223144889
V2,1.0,2026-09-30,-444.2899942705035,84.00000547990203
V2,1.0,2026-10-01,-456.8099938830733,110.50000628456473
V2,1.0,2026-10-02,-461.29999292939897,113.50000640377402
V2,2.0,2025-10-07,0.0,0.0
V2,2.0,2025-10-08,0.0,0.0
V2,2.0,2025-10-09,0.0,0.0
V2,2.0,2025-10-10,0.0,0.0
V2,2.0,2025-10-13,0.0,0.0
V2,2.0,2025-10-14,0.0,0.0
V2,2.0,2025-10-15,0.0,0.0
V2,2.0,2025-10-16,0.0,0.0
V2,2.0,2025-10-17,0.0,0.0
V2,2.0,2025-10-20,0.0,0.0
V2,2.0,2025-10-21,0.0,0.0
V2,2.0,2025-10-22,0.0,0.0
V2,2.0,2025-10-23,0.0,0.0
V2,2.0,2025-10-24,0.0,0.0
V2,2.0,2025-10-27,0.0,0.0
V2,2.0,2025-10-28,0.0,0.0
V2,2.0,2025-10-29,0.0,0.0
V2,2.0,2025-10-30,0.0,0.0
V2,2.0,2025-10-31,0.0,0.0
V2,2.0,2025-11-03,0.0,0.0
V2,2.0,2025-11-04,0.0,0.0
V2,2.0,2025-11-05,0.0,0.0
V2,2.0,2025-11-06,0.0,0.0
V2,2.0,2025-11-07,0.0,0.0
V2,2.0,2025-11-10,0.0,0.0
V2,2.0,2025-11-11,0.0,0.0
V2,2.0,2025-11-12,0.0,0.0
V2,2.0,2025-11-13,0.0,0.0
V2,2.0,2025-11-14,0.0,0.0
V2,2.0,2025-11-17,0.0,0.0
V2,2.0,2025-11-18,0.0,0.0
V2,2.0,2025-11-19,0.0,0.0
V2,2.0,2025-11-20,0.0,0.0
V2,2.0,2025-11-21,0.0,0.0
V2,2.0,2025-11-24,0.0,0.0
V2,2.0,2025-11-25,0.0,0.0
V2,2.0,2025-11-26,0.0,0.0
V2,2.0,2025-11-28,0.0,0.0
V2,2.0,2025-12-01,0.0,0.0
V2,2.0,2025-12-02,0.0,0.0
V2,2.0,2025-12-03,-18.42000047683716,0.0
V2,2.0,2025-12-04,-18.42000047683716,0.0
V2,2.0,2025-12-05,-18.42000047683716,0.0
V2,2.0,2025-12-08,-18.42000047683716,0.0
V2,2.0,2025-12-09,-18.42000047683716,0.0
V2,2.0,2025-12-10,-18.42000047683716,0.0
V2,2.0,2025-12-11,-18.42000047683716,0.0
V2,2.0,2025-12-12,-18.42000047683716,0.0
V2,2.0,2025-12-15,-18.42000047683716,0.0
V2,2.0,2025-12-16,-18.42000047683716,0.0
V2,2.0,2025-12-17,-18.42000047683716,0.0
V2,2.0,2025-12-18,-18.42000047683716,0.0
V2,2.0,2025-12-19,-18.42000047683716,0.0
V2,2.0,2025-12-22,-18.42000047683716,0.0
V2,2.0,2025-12-23,-18.42000047683716,0.0
V2,2.0,2025-12-24,-18.42000047683716,0.0
V2,2.0,2025-12-26,-18.42000047683716,0.0
V2,2.0,2025-12-29,-18.42000047683716,0.0
V2,2.0,2025-12-30,-18.42000047683716,0.0
V2,2.0,2025-12-31,-18.42000047683716,0.0
V2,2.0,2026-01-02,-18.42000047683716,0.0
V2,2.0,2026-01-05,-18.42000047683716,0.0
V2,2.0,2026-01-06,-18.42000047683716,0.0
V2,2.0,2026-01-07,-18.42000047683716,0.0
V2,2.0,2026-01-08,-18.42000047683716,0.0
V2,2.0,2026-01-09,-18.42000047683716,0.0
V2,2.0,2026-01-12,-18.42000047683716,0.0
V2,2.0,2026-01-13,-18.42000047683716,0.0
V2,2.0,2026-01-14,-18.42000047683716,0.0
V2,2.0,2026-01-15,-18.42000047683716,0.0
V2,2.0,2026-01-16,-18.42000047683716,0.0
V2,2.0,2026-01-20,-18.42000047683716,0.0
V2,2.0,2026-01-21,-18.42000047683716,0.0
V2,2.0,2026-01-22,-18.42000047683716,0.0
V2,2.0,2026-01-23,-18.42000047683716,0.0
V2,2.0,2026-01-26,-18.42000047683716,0.0
V2,2.0,2026-01-27,-18.42000047683716,0.0
V2,2.0,2026-01-28,-18.42000047683716,0.0
V2,2.0,2026-01-29,-18.42000047683716,0.0
V2,2.0,2026-01-30,-18.42000047683716,0.0
V2,2.0,2026-02-02,-18.42000047683716,0.0
V2,2.0,2026-02-03,-18.42000047683716,0.0
V2,2.0,2026-02-04,-18.42000047683716,0.0
V2,2.0,2026-02-05,-18.42000047683716,0.0
V2,2.0,2026-02-06,-18.42000047683716,0.0
V2,2.0,2026-02-09,-18.42000047683716,0.0
V2,2.0,2026-02-10,-18.42000047683716,0.0
V2,2.0,2026-02-11,-18.42000047683716,0.0
V2,2.0,2026-02-12,-18.42000047683716,0.0
V2,2.0,2026-02-13,-18.42000047683716,0.0
V2,2.0,2026-02-17,-18.42000047683716,0.0
V2,2.0,2026-02-18,-18.42000047683716,0.0
V2,2.0,2026-02-19,-18.42000047683716,0.0
V2,2.0,2026-02-20,-18.42000047683716,0.0
V2,2.0,2026-02-23,-18.42000047683716,0.0
V2,2.0,2026-02-24,-18.42000047683716,0.0
V2,2.0,2026-02-25,-18.42000047683716,0.0
V2,2.0,2026-02-26,-18.42000047683716,0.0
V2,2.0,2026-02-27,-18.42000047683716,0.0
V2,2.0,2026-03-02,-18.42000047683716,0.0
V2,2.0,2026-03-03,-18.42000047683716,0.0
V2,2.0,2026-03-04,-18.42000047683716,0.0
V2,2.0,2026-03-05,-18.42000047683716,0.0
V2,2.0,2026-03-06,-18.42000047683716,0.0
V2,2.0,2026-03-09,-29.399999642372133,3.999999165534973
V2,2.0,2026-03-10,-29.399999642372133,3.999999165534973
V2,2.0,2026-03-11,-29.399999642372133,3.999999165534973
V2,2.0,2026-03-12,-29.399999642372133,3.999999165534973
V2,2.0,2026-03-13,-29.399999642372133,3.999999165534973
V2,2.0,2026-03-16,-29.399999642372133,3.999999165534973
V2,2.0,2026-03-17,-29.399999642372133,3.999999165534973
V2,2.0,2026-03-18,-29.399999642372133,3.999999165534973
V2,2.0,2026-03-19,-29.399999642372133,3.999999165534973
V2,2.0,2026-03-20,-29.399999642372133,3.999999165534973
V2,2.0,2026-03-23,-29.399999642372133,3.999999165534973
V2,2.0,2026-03-24,-29.399999642372133,3.999999165534973
V2,2.0,2026-03-25,-29.399999642372133,3.999999165534973
V2,2.0,2026-03-26,-29.399999642372133,3.999999165534973
V2,2.0,2026-03-27,-29.399999642372133,3.999999165534973
V2,2.0,2026-03-30,-44.27999499320984,6.000000238418579
V2,2.0,2026-03-31,-44.27999499320984,6.000000238418579
V2,2.0,2026-04-01,-44.27999499320984,6.000000238418579
V2,2.0,2026-04-02,-44.27999499320984,6.000000238418579
V2,2.0,2026-04-06,-44.27999499320984,6.000000238418579
V2,2.0,2026-04-07,-44.27999499320984,6.000000238418579
V2,2.0,2026-04-08,-44.27999499320984,6.000000238418579
V2,2.0,2026-04-09,-44.27999499320984,6.000000238418579
V2,2.0,2026-04-10,-44.27999499320984,6.000000238418579
V2,2.0,2026-04-13,-44.27999499320984,6.000000238418579
V2,2.0,2026-04-14,-44.27999499320984,6.000000238418579
V2,2.0,2026-04-15,-62.95999469518661,22.50000089406967
V2,2.0,2026-04-16,-62.95999469518661,22.50000089406967
V2,2.0,2026-04-17,-62.95999469518661,22.50000089406967
V2,2.0,2026-04-20,-62.95999469518661,22.50000089406967
V2,2.0,2026-04-21,-62.95999469518661,22.50000089406967
V2,2.0,2026-04-22,-62.95999469518661,22.50000089406967
V2,2.0,2026-04-23,-68.43999314546585,32.999999821186066
V2,2.0,2026-04-24,-68.43999314546585,32.999999821186066
V2,2.0,2026-04-27,-68.43999314546585,32.999999821186066
V2,2.0,2026-04-28,-68.43999314546585,32.999999821186066
V2,2.0,2026-04-29,-68.43999314546585,32.999999821186066
V2,2.0,2026-04-30,-68.43999314546585,32.999999821186066
V2,2.0,2026-05-01,-68.43999314546585,32.999999821186066
V2,2.0,2026-05-04,-68.43999314546585,32.999999821186066
V2,2.0,2026-05-05,-68.43999314546585,32.999999821186066
V2,2.0,2026-05-06,-68.43999314546585,32.999999821186066
V2,2.0,2026-05-07,-68.43999314546585,32.999999821186066
V2,2.0,2026-05-08,-68.43999314546585,32.999999821186066
V2,2.0,2026-05-11,-68.43999314546585,32.999999821186066
V2,2.0,2026-05-12,-68.43999314546585,32.999999821186066
V2,2.0,2026-05-13,-68.43999314546585,32.999999821186066
V2,2.0,2026-05-14,-68.43999314546585,32.999999821186066
V2,2.0,2026-05-15,-68.43999314546585,32.999999821186066
V2,2.0,2026-05-18,-68.43999314546585,32.999999821186066
V2,2.0,2026-05-19,-68.43999314546585,32.999999821186066
V2,2.0,2026-05-20,-68.43999314546585,32.999999821186066
V2,2.0,2026-05-21,-68.43999314546585,32.999999821186066
V2,2.0,2026-05-22,-68.43999314546585,32.999999821186066
V2,2.0,2026-05-26,-68.43999314546585,32.999999821186066
V2,2.0,2026-05-27,-68.43999314546585,32.999999821186066
V2,2.0,2026-05-28,-68.43999314546585,32.999999821186066
V2,2.0,2026-05-29,-68.43999314546585,32.999999821186066
V2,2.0,2026-06-01,-68.43999314546585,32.999999821186066
V2,2.0,2026-06-02,-68.43999314546585,32.999999821186066
V2,2.0,2026-06-03,-68.43999314546585,32.999999821186066
V2,2.0,2026-06-04,-68.43999314546585,32.999999821186066
V2,2.0,2026-06-05,-68.43999314546585,32.999999821186066
V2,2.0,2026-06-08,-68.43999314546585,32.999999821186066
V2,2.0,2026-06-09,-68.43999314546585,32.999999821186066
V2,2.0,2026-06-10,-68.43999314546585,32.999999821186066
V2,2.0,2026-06-11,-68.43999314546585,32.999999821186066
V2,2.0,2026-06-12,-68.43999314546585,32.999999821186066
V2,2.0,2026-06-15,-68.43999314546585,32.999999821186066
V2,2.0,2026-06-16,-68.43999314546585,32.999999821186066
V2,2.0,2026-06-17,-68.43999314546585,32.999999821186066
V2,2.0,2026-06-18,-68.43999314546585,32.999999821186066
V2,2.0,2026-06-22,-68.43999314546585,32.999999821186066
V2,2.0,2026-06-23,-68.43999314546585,32.999999821186066
V2,2.0,2026-06-24,-68.43999314546585,32.999999821186066
V2,2.0,2026-06-25,-68.43999314546585,32.999999821186066
V2,2.0,2026-06-26,-68.43999314546585,32.999999821186066
V2,2.0,2026-06-29,-68.43999314546585,32.999999821186066
V2,2.0,2026-06-30,-68.43999314546585,32.999999821186066
V2,2.0,2026-07-01,-68.43999314546585,32.999999821186066
V2,2.0,2026-07-02,-68.43999314546585,32.999999821186066
V2,2.0,2026-07-06,-68.43999314546585,32.999999821186066
V2,2.0,2026-07-07,-68.43999314546585,32.999999821186066
V2,2.0,2026-07-08,-68.43999314546585,32.999999821186066
V2,2.0,2026-07-09,-68.43999314546585,32.999999821186066
V2,2.0,2026-07-10,-68.43999314546585,32.999999821186066
V2,2.0,2026-07-13,-68.43999314546585,32.999999821186066
V2,2.0,2026-07-14,-68.43999314546585,32.999999821186066
V2,2.0,2026-07-15,-68.43999314546585,32.999999821186066
V2,2.0,2026-07-16,-68.43999314546585,32.999999821186066
V2,2.0,2026-07-17,-68.43999314546585,32.999999821186066
V2,2.0,2026-07-20,-68.43999314546585,32.999999821186066
V2,2.0,2026-07-21,-68.43999314546585,32.999999821186066
V2,2.0,2026-07-22,-68.43999314546585,32.999999821186066
V2,2.0,2026-07-23,-68.43999314546585,32.999999821186066
V2,2.0,2026-07-24,-68.43999314546585,32.999999821186066
V2,2.0,2026-07-27,-68.43999314546585,32.999999821186066
V2,2.0,2026-07-28,-68.43999314546585,32.999999821186066
V2,2.0,2026-07-29,-68.43999314546585,32.999999821186066
V2,2.0,2026-07-30,-68.43999314546585,32.999999821186066
V2,2.0,2026-07-31,-68.43999314546585,32.999999821186066
V2,2.0,2026-08-03,-68.43999314546585,32.999999821186066
V2,2.0,2026-08-04,-68.43999314546585,32.999999821186066
V2,2.0,2026-08-05,-68.43999314546585,32.999999821186066
V2,2.0,2026-08-06,-68.43999314546585,32.999999821186066
V2,2.0,2026-08-07,-68.43999314546585,32.999999821186066
V2,2.0,2026-08-10,-68.43999314546585,32.999999821186066
V2,2.0,2026-08-11,-77.01999433755874,29.999996721744537
V2,2.0,2026-08-12,-92.21999326467514,30.49999624490738
V2,2.0,2026-08-13,-106.65999225139618,30.49999624490738
V2,2.0,2026-08-14,-106.65999225139618,30.49999624490738
V2,2.0,2026-08-17,-106.65999225139618,30.49999624490738
V2,2.0,2026-08-18,-106.65999225139618,30.49999624490738
V2,2.0,2026-08-19,-106.65999225139618,30.49999624490738
V2,2.0,2026-08-20,-106.65999225139618,30.49999624490738
V2,2.0,2026-08-21,-106.65999225139618,30.49999624490738
V2,2.0,2026-08-24,-106.65999225139618,30.49999624490738
V2,2.0,2026-08-25,-106.65999225139618,30.49999624490738
V2,2.0,2026-08-26,-106.65999225139618,30.49999624490738
V2,2.0,2026-08-27,-106.65999225139618,30.49999624490738
V2,2.0,2026-08-28,-106.65999225139618,30.49999624490738
V2,2.0,2026-08-31,-106.65999225139618,30.49999624490738
V2,2.0,2026-09-01,-230.2799885559082,34.49999839067459
V2,2.0,2026-09-02,-301.4399808073044,41.50000065565109
V2,2.0,2026-09-03,-301.4399808073044,41.50000065565109
V2,2.0,2026-09-04,-350.05998462200165,52.99999974668026
V2,2.0,2026-09-08,-350.05998462200165,52.99999974668026
V2,2.0,2026-09-09,-350.05998462200165,52.99999974668026
V2,2.0,2026-09-10,-350.05998462200165,52.99999974668026
V2,2.0,2026-09-11,-350.05998462200165,52.99999974668026
V2,2.0,2026-09-14,-368.5599884366989,63.50000165402889
V2,2.0,2026-09-15,-368.5599884366989,63.50000165402889
V2,2.0,2026-09-16,-368.5599884366989,63.50000165402889
V2,2.0,2026-09-17,-405.11999058246613,77.50000022351742
V2,2.0,2026-09-18,-421.0599905265868,101.5000014565885
V2,2.0,2026-09-21,-511.07999106302856,102.00000246986747
V2,2.0,2026-09-22,-511.07999106302856,102.00000246986747
V2,2.0,2026-09-23,-573.9399889172613,102.50000199303031
V2,2.0,2026-09-24,-602.3199904669821,108.00000270828605
V2,2.0,2026-09-25,-602.3199904669821,108.00000270828605
V2,2.0,2026-09-28,-630.0399945200979,108.50000223144889
V2,2.0,2026-09-29,-630.0399945200979,108.50000223144889
V2,2.0,2026-09-30,-782.0399885447323,84.00000547990203
V2,2.0,2026-10-01,-808.7399872483313,110.50000628456473
V2,2.0,2026-10-02,-820.699985460192,113.50000640377402
V3,1.0,2025-10-07,0.0,0.0
V3,1.0,2025-10-08,0.0,0.0
V3,1.0,2025-10-09,0.0,0.0
V3,1.0,2025-10-10,0.0,0.0
V3,1.0,2025-10-13,0.0,0.0
V3,1.0,2025-10-14,0.0,0.0
V3,1.0,2025-10-15,0.0,0.0
V3,1.0,2025-10-16,0.0,0.0
V3,1.0,2025-10-17,0.0,0.0
V3,1.0,2025-10-20,0.0,0.0
V3,1.0,2025-10-21,0.0,0.0
V3,1.0,2025-10-22,0.0,0.0
V3,1.0,2025-10-23,0.0,0.0
V3,1.0,2025-10-24,0.0,0.0
V3,1.0,2025-10-27,0.0,0.0
V3,1.0,2025-10-28,0.0,0.0
V3,1.0,2025-10-29,0.0,0.0
V3,1.0,2025-10-30,0.0,0.0
V3,1.0,2025-10-31,0.0,0.0
V3,1.0,2025-11-03,0.0,0.0
V3,1.0,2025-11-04,0.0,0.0
V3,1.0,2025-11-05,0.0,0.0
V3,1.0,2025-11-06,0.0,0.0
V3,1.0,2025-11-07,0.0,0.0
V3,1.0,2025-11-10,0.0,0.0
V3,1.0,2025-11-11,0.0,0.0
V3,1.0,2025-11-12,0.0,0.0
V3,1.0,2025-11-13,0.0,0.0
V3,1.0,2025-11-14,0.0,0.0
V3,1.0,2025-11-17,0.0,0.0
V3,1.0,2025-11-18,0.0,0.0
V3,1.0,2025-11-19,0.0,0.0
V3,1.0,2025-11-20,0.0,0.0
V3,1.0,2025-11-21,0.0,0.0
V3,1.0,2025-11-24,0.0,0.0
V3,1.0,2025-11-25,0.0,0.0
V3,1.0,2025-11-26,0.0,0.0
V3,1.0,2025-11-28,0.0,0.0
V3,1.0,2025-12-01,0.0,0.0
V3,1.0,2025-12-02,0.0,0.0
V3,1.0,2025-12-03,0.0,0.0
V3,1.0,2025-12-04,0.0,0.0
V3,1.0,2025-12-05,0.0,0.0
V3,1.0,2025-12-08,0.0,0.0
V3,1.0,2025-12-09,0.0,0.0
V3,1.0,2025-12-10,0.0,0.0
V3,1.0,2025-12-11,0.0,0.0
V3,1.0,2025-12-12,0.0,0.0
V3,1.0,2025-12-15,0.0,0.0
V3,1.0,2025-12-16,0.0,0.0
V3,1.0,2025-12-17,0.0,0.0
V3,1.0,2025-12-18,0.0,0.0
V3,1.0,2025-12-19,0.0,0.0
V3,1.0,2025-12-22,0.0,0.0
V3,1.0,2025-12-23,0.0,0.0
V3,1.0,2025-12-24,0.0,0.0
V3,1.0,2025-12-26,0.0,0.0
V3,1.0,2025-12-29,-8.350001192092895,0.0
V3,1.0,2025-12-30,-8.350001192092895,0.0
V3,1.0,2025-12-31,-15.40999737739563,0.0
V3,1.0,2026-01-02,-14.899997794628144,2.9999997466802597
V3,1.0,2026-01-05,-21.849999940395357,1.4999981969594955
V3,1.0,2026-01-06,-21.849999940395357,1.4999981969594955
V3,1.0,2026-01-07,-21.849999940395357,1.4999981969594955
V3,1.0,2026-01-08,-21.849999940395357,1.4999981969594955
V3,1.0,2026-01-09,-21.849999940395357,1.4999981969594955
V3,1.0,2026-01-12,-21.849999940395357,1.4999981969594955
V3,1.0,2026-01-13,-21.849999940395357,1.4999981969594955
V3,1.0,2026-01-14,-21.849999940395357,1.4999981969594955
V3,1.0,2026-01-15,-28.070003039836884,2.499997243285179
V3,1.0,2026-01-16,-28.070003039836884,2.499997243285179
V3,1.0,2026-01-20,-28.070003039836884,2.499997243285179
V3,1.0,2026-01-21,-28.070003039836884,2.499997243285179
V3,1.0,2026-01-22,-28.070003039836884,2.499997243285179
V3,1.0,2026-01-23,-28.070003039836884,2.499997243285179
V3,1.0,2026-01-26,-28.070003039836884,2.499997243285179
V3,1.0,2026-01-27,-28.070003039836884,2.499997243285179
V3,1.0,2026-01-28,-28.070003039836884,2.499997243285179
V3,1.0,2026-01-29,-28.070003039836884,2.499997243285179
V3,1.0,2026-01-30,-28.070003039836884,2.499997243285179
V3,1.0,2026-02-02,-28.070003039836884,2.499997243285179
V3,1.0,2026-02-03,-28.070003039836884,2.499997243285179
V3,1.0,2026-02-04,-28.070003039836884,2.499997243285179
V3,1.0,2026-02-05,-28.070003039836884,2.499997243285179
V3,1.0,2026-02-06,-28.070003039836884,2.499997243285179
V3,1.0,2026-02-09,-28.070003039836884,2.499997243285179
V3,1.0,2026-02-10,-28.070003039836884,2.499997243285179
V3,1.0,2026-02-11,-28.070003039836884,2.499997243285179
V3,1.0,2026-02-12,-28.070003039836884,2.499997243285179
V3,1.0,2026-02-13,-28.070003039836884,2.499997243285179
V3,1.0,2026-02-17,-28.070003039836884,2.499997243285179
V3,1.0,2026-02-18,-28.070003039836884,2.499997243285179
V3,1.0,2026-02-19,-28.070003039836884,2.499997243285179
V3,1.0,2026-02-20,-28.560003457069396,5.499997362494469
V3,1.0,2026-02-23,-28.560003457069396,5.499997362494469
V3,1.0,2026-02-24,-28.560003457069396,5.499997362494469
V3,1.0,2026-02-25,-28.560003457069396,5.499997362494469
V3,1.0,2026-02-26,-28.560003457069396,5.499997362494469
V3,1.0,2026-02-27,-28.560003457069396,5.499997362494469
V3,1.0,2026-03-02,-28.560003457069396,5.499997362494469
V3,1.0,2026-03-03,-28.560003457069396,5.499997362494469
V3,1.0,2026-03-04,-28.560003457069396,5.499997362494469
V3,1.0,2026-03-05,-28.560003457069396,5.499997362494469
V3,1.0,2026-03-06,-28.560003457069396,5.499997362494469
V3,1.0,2026-03-09,-28.560003457069396,5.499997362494469
V3,1.0,2026-03-10,-28.560003457069396,5.499997362494469
V3,1.0,2026-03-11,-28.560003457069396,5.499997362494469
V3,1.0,2026-03-12,-28.560003457069396,5.499997362494469
V3,1.0,2026-03-13,-28.560003457069396,5.499997362494469
V3,1.0,2026-03-16,-28.560003457069396,5.499997362494469
V3,1.0,2026-03-17,-28.560003457069396,5.499997362494469
V3,1.0,2026-03-18,-28.560003457069396,5.499997362494469
V3,1.0,2026-03-19,-28.560003457069396,5.499997362494469
V3,1.0,2026-03-20,-28.560003457069396,5.499997362494469
V3,1.0,2026-03-23,-28.560003457069396,5.499997362494469
V3,1.0,2026-03-24,-28.560003457069396,5.499997362494469
V3,1.0,2026-03-25,-28.560003457069396,5.499997362494469
V3,1.0,2026-03-26,-28.560003457069396,5.499997362494469
V3,1.0,2026-03-27,-28.560003457069396,5.499997362494469
V3,1.0,2026-03-30,-35.010000596046446,7.499998435378075
V3,1.0,2026-03-31,-35.010000596046446,7.499998435378075
V3,1.0,2026-04-01,-35.010000596046446,7.499998435378075
V3,1.0,2026-04-02,-35.010000596046446,7.499998435378075
V3,1.0,2026-04-06,-35.010000596046446,7.499998435378075
V3,1.0,2026-04-07,-35.010000596046446,7.499998435378075
V3,1.0,2026-04-08,-41.360003695487976,7.999997958540916
V3,1.0,2026-04-09,-41.360003695487976,7.999997958540916
V3,1.0,2026-04-10,-41.360003695487976,7.999997958540916
V3,1.0,2026-04-13,-41.360003695487976,7.999997958540916
V3,1.0,2026-04-14,-41.360003695487976,7.999997958540916
V3,1.0,2026-04-15,-41.360003695487976,7.999997958540916
V3,1.0,2026-04-16,-36.18000366568565,15.999998152256012
V3,1.0,2026-04-17,-36.18000366568565,15.999998152256012
V3,1.0,2026-04-20,-40.53000271201134,15.999998152256012
V3,1.0,2026-04-21,-40.53000271201134,15.999998152256012
V3,1.0,2026-04-22,-40.53000271201134,15.999998152256012
V3,1.0,2026-04-23,-40.53000271201134,15.999998152256012
V3,1.0,2026-04-24,-40.53000271201134,15.999998152256012
V3,1.0,2026-04-27,-40.53000271201134,15.999998152256012
V3,1.0,2026-04-28,-40.53000271201134,15.999998152256012
V3,1.0,2026-04-29,-40.53000271201134,15.999998152256012
V3,1.0,2026-04-30,-40.53000271201134,15.999998152256012
V3,1.0,2026-05-01,-40.53000271201134,15.999998152256012
V3,1.0,2026-05-04,-40.53000271201134,15.999998152256012
V3,1.0,2026-05-05,-40.53000271201134,15.999998152256012
V3,1.0,2026-05-06,-40.53000271201134,15.999998152256012
V3,1.0,2026-05-07,-40.53000271201134,15.999998152256012
V3,1.0,2026-05-08,-40.53000271201134,15.999998152256012
V3,1.0,2026-05-11,-40.53000271201134,15.999998152256012
V3,1.0,2026-05-12,-40.53000271201134,15.999998152256012
V3,1.0,2026-05-13,-40.53000271201134,15.999998152256012
V3,1.0,2026-05-14,-40.53000271201134,15.999998152256012
V3,1.0,2026-05-15,-40.53000271201134,15.999998152256012
V3,1.0,2026-05-18,-40.53000271201134,15.999998152256012
V3,1.0,2026-05-19,-40.53000271201134,15.999998152256012
V3,1.0,2026-05-20,-40.53000271201134,15.999998152256012
V3,1.0,2026-05-21,-40.53000271201134,15.999998152256012
V3,1.0,2026-05-22,-40.53000271201134,15.999998152256012
V3,1.0,2026-05-26,-40.53000271201134,15.999998152256012
V3,1.0,2026-05-27,-40.53000271201134,15.999998152256012
V3,1.0,2026-05-28,-40.53000271201134,15.999998152256012
V3,1.0,2026-05-29,-46.05999985098839,16.00000113248825
V3,1.0,2026-06-01,-46.05999985098839,16.00000113248825
V3,1.0,2026-06-02,-46.05999985098839,16.00000113248825
V3,1.0,2026-06-03,-46.05999985098839,16.00000113248825
V3,1.0,2026-06-04,-46.05999985098839,16.00000113248825
V3,1.0,2026-06-05,-46.05999985098839,16.00000113248825
V3,1.0,2026-06-08,-46.05999985098839,16.00000113248825
V3,1.0,2026-06-09,-46.05999985098839,16.00000113248825
V3,1.0,2026-06-10,-46.05999985098839,16.00000113248825
V3,1.0,2026-06-11,-46.05999985098839,16.00000113248825
V3,1.0,2026-06-12,-46.05999985098839,16.00000113248825
V3,1.0,2026-06-15,-46.05999985098839,16.00000113248825
V3,1.0,2026-06-16,-46.05999985098839,16.00000113248825
V3,1.0,2026-06-17,-46.05999985098839,16.00000113248825
V3,1.0,2026-06-18,-46.05999985098839,16.00000113248825
V3,1.0,2026-06-22,-46.05999985098839,16.00000113248825
V3,1.0,2026-06-23,-46.05999985098839,16.00000113248825
V3,1.0,2026-06-24,-46.05999985098839,16.00000113248825
V3,1.0,2026-06-25,-46.05999985098839,16.00000113248825
V3,1.0,2026-06-26,-46.05999985098839,16.00000113248825
V3,1.0,2026-06-29,-46.05999985098839,16.00000113248825
V3,1.0,2026-06-30,-46.05999985098839,16.00000113248825
V3,1.0,2026-07-01,-46.05999985098839,16.00000113248825
V3,1.0,2026-07-02,-46.05999985098839,16.00000113248825
V3,1.0,2026-07-06,-46.05999985098839,16.00000113248825
V3,1.0,2026-07-07,-46.05999985098839,16.00000113248825
V3,1.0,2026-07-08,-46.05999985098839,16.00000113248825
V3,1.0,2026-07-09,-46.05999985098839,16.00000113248825
V3,1.0,2026-07-10,-46.05999985098839,16.00000113248825
V3,1.0,2026-07-13,-46.05999985098839,16.00000113248825
V3,1.0,2026-07-14,-46.05999985098839,16.00000113248825
V3,1.0,2026-07-15,-46.05999985098839,16.00000113248825
V3,1.0,2026-07-16,-46.05999985098839,16.00000113248825
V3,1.0,2026-07-17,-46.05999985098839,16.00000113248825
V3,1.0,2026-07-20,-46.05999985098839,16.00000113248825
V3,1.0,2026-07-21,-46.05999985098839,16.00000113248825
V3,1.0,2026-07-22,-46.05999985098839,16.00000113248825
V3,1.0,2026-07-23,-52.13999997019768,18.5000017285347
V3,1.0,2026-07-24,-52.13999997019768,18.5000017285347
V3,1.0,2026-07-27,-52.13999997019768,18.5000017285347
V3,1.0,2026-07-28,-52.13999997019768,18.5000017285347
V3,1.0,2026-07-29,-52.13999997019768,18.5000017285347
V3,1.0,2026-07-30,-56.55000104308128,19.50000151991844
V3,1.0,2026-07-31,-56.55000104308128,19.50000151991844
V3,1.0,2026-08-03,-56.55000104308128,19.50000151991844
V3,1.0,2026-08-04,-56.55000104308128,19.50000151991844
V3,1.0,2026-08-05,-56.55000104308128,19.50000151991844
V3,1.0,2026-08-06,-56.55000104308128,19.50000151991844
V3,1.0,2026-08-07,-56.55000104308128,19.50000151991844
V3,1.0,2026-08-10,-56.55000104308128,19.50000151991844
V3,1.0,2026-08-11,-62.34000318884849,16.499998420476913
V3,1.0,2026-08-12,-62.34000318884849,16.499998420476913
V3,1.0,2026-08-13,-62.34000318884849,16.499998420476913
V3,1.0,2026-08-14,-62.34000318884849,16.499998420476913
V3,1.0,2026-08-17,-62.34000318884849,16.499998420476913
V3,1.0,2026-08-18,-62.34000318884849,16.499998420476913
V3,1.0,2026-08-19,-62.34000318884849,16.499998420476913
V3,1.0,2026-08-20,-62.34000318884849,16.499998420476913
V3,1.0,2026-08-21,-64.67000223517418,17.500000447034836
V3,1.0,2026-08-24,-64.67000223517418,17.500000447034836
V3,1.0,2026-08-25,-64.67000223517418,17.500000447034836
V3,1.0,2026-08-26,-64.67000223517418,17.500000447034836
V3,1.0,2026-08-27,-64.67000223517418,17.500000447034836
V3,1.0,2026-08-28,-64.67000223517418,17.500000447034836
V3,1.0,2026-08-31,-64.67000223517418,17.500000447034836
V3,1.0,2026-09-01,-64.67000223517418,17.500000447034836
V3,1.0,2026-09-02,-64.67000223517418,17.500000447034836
V3,1.0,2026-09-03,-71.77000438094139,19.499998539686203
V3,1.0,2026-09-04,-71.77000438094139,19.499998539686203
V3,1.0,2026-09-08,-71.77000438094139,19.499998539686203
V3,1.0,2026-09-09,-71.77000438094139,19.499998539686203
V3,1.0,2026-09-10,-71.77000438094139,19.499998539686203
V3,1.0,2026-09-11,-71.77000438094139,19.499998539686203
V3,1.0,2026-09-14,-71.77000438094139,19.499998539686203
V3,1.0,2026-09-15,-71.77000438094139,19.499998539686203
V3,1.0,2026-09-16,-71.77000438094139,19.499998539686203
V3,1.0,2026-09-17,-71.77000438094139,19.499998539686203
V3,1.0,2026-09-18,-75.84000247359275,20.500000566244125
V3,1.0,2026-09-21,-75.84000247359275,20.500000566244125
V3,1.0,2026-09-22,-75.84000247359275,20.500000566244125
V3,1.0,2026-09-23,-75.84000247359275,20.500000566244125
V3,1.0,2026-09-24,-78.26000247359275,23.500000685453415
V3,1.0,2026-09-25,-100.72000414252281,23.499997705221176
V3,1.0,2026-09-28,-100.72000414252281,23.499997705221176
V3,1.0,2026-09-29,-100.72000414252281,23.499997705221176
V3,1.0,2026-09-30,-132.83999710917473,23.500002175569534
V3,1.0,2026-10-01,-143.37999883770942,33.000000566244125
V3,1.0,2026-10-02,-180.12999949336051,12.000001966953278
V3,2.0,2025-10-07,0.0,0.0
V3,2.0,2025-10-08,0.0,0.0
V3,2.0,2025-10-09,0.0,0.0
V3,2.0,2025-10-10,0.0,0.0
V3,2.0,2025-10-13,0.0,0.0
V3,2.0,2025-10-14,0.0,0.0
V3,2.0,2025-10-15,0.0,0.0
V3,2.0,2025-10-16,0.0,0.0
V3,2.0,2025-10-17,0.0,0.0
V3,2.0,2025-10-20,0.0,0.0
V3,2.0,2025-10-21,0.0,0.0
V3,2.0,2025-10-22,0.0,0.0
V3,2.0,2025-10-23,0.0,0.0
V3,2.0,2025-10-24,0.0,0.0
V3,2.0,2025-10-27,0.0,0.0
V3,2.0,2025-10-28,0.0,0.0
V3,2.0,2025-10-29,0.0,0.0
V3,2.0,2025-10-30,0.0,0.0
V3,2.0,2025-10-31,0.0,0.0
V3,2.0,2025-11-03,0.0,0.0
V3,2.0,2025-11-04,0.0,0.0
V3,2.0,2025-11-05,0.0,0.0
V3,2.0,2025-11-06,0.0,0.0
V3,2.0,2025-11-07,0.0,0.0
V3,2.0,2025-11-10,0.0,0.0
V3,2.0,2025-11-11,0.0,0.0
V3,2.0,2025-11-12,0.0,0.0
V3,2.0,2025-11-13,0.0,0.0
V3,2.0,2025-11-14,0.0,0.0
V3,2.0,2025-11-17,0.0,0.0
V3,2.0,2025-11-18,0.0,0.0
V3,2.0,2025-11-19,0.0,0.0
V3,2.0,2025-11-20,0.0,0.0
V3,2.0,2025-11-21,0.0,0.0
V3,2.0,2025-11-24,0.0,0.0
V3,2.0,2025-11-25,0.0,0.0
V3,2.0,2025-11-26,0.0,0.0
V3,2.0,2025-11-28,0.0,0.0
V3,2.0,2025-12-01,0.0,0.0
V3,2.0,2025-12-02,0.0,0.0
V3,2.0,2025-12-03,0.0,0.0
V3,2.0,2025-12-04,0.0,0.0
V3,2.0,2025-12-05,0.0,0.0
V3,2.0,2025-12-08,0.0,0.0
V3,2.0,2025-12-09,0.0,0.0
V3,2.0,2025-12-10,0.0,0.0
V3,2.0,2025-12-11,0.0,0.0
V3,2.0,2025-12-12,0.0,0.0
V3,2.0,2025-12-15,0.0,0.0
V3,2.0,2025-12-16,0.0,0.0
V3,2.0,2025-12-17,0.0,0.0
V3,2.0,2025-12-18,0.0,0.0
V3,2.0,2025-12-19,0.0,0.0
V3,2.0,2025-12-22,0.0,0.0
V3,2.0,2025-12-23,0.0,0.0
V3,2.0,2025-12-24,0.0,0.0
V3,2.0,2025-12-26,0.0,0.0
V3,2.0,2025-12-29,-16.64000238418579,0.0
V3,2.0,2025-12-30,-16.64000238418579,0.0
V3,2.0,2025-12-31,-30.719994754791262,0.0
V3,2.0,2026-01-02,-32.69999533593655,2.9999997466802597
V3,2.0,2026-01-05,-44.97999807775021,1.4999981969594955
V3,2.0,2026-01-06,-44.97999807775021,1.4999981969594955
V3,2.0,2026-01-07,-44.97999807775021,1.4999981969594955
V3,2.0,2026-01-08,-44.97999807775021,1.4999981969594955
V3,2.0,2026-01-09,-44.97999807775021,1.4999981969594955
V3,2.0,2026-01-12,-44.97999807775021,1.4999981969594955
V3,2.0,2026-01-13,-44.97999807775021,1.4999981969594955
V3,2.0,2026-01-14,-44.97999807775021,1.4999981969594955
V3,2.0,2026-01-15,-58.38000332295895,2.499997243285179
V3,2.0,2026-01-16,-58.38000332295895,2.499997243285179
V3,2.0,2026-01-20,-58.38000332295895,2.499997243285179
V3,2.0,2026-01-21,-58.38000332295895,2.499997243285179
V3,2.0,2026-01-22,-58.38000332295895,2.499997243285179
V3,2.0,2026-01-23,-58.38000332295895,2.499997243285179
V3,2.0,2026-01-26,-58.38000332295895,2.499997243285179
V3,2.0,2026-01-27,-58.38000332295895,2.499997243285179
V3,2.0,2026-01-28,-58.38000332295895,2.499997243285179
V3,2.0,2026-01-29,-58.38000332295895,2.499997243285179
V3,2.0,2026-01-30,-58.38000332295895,2.499997243285179
V3,2.0,2026-02-02,-58.38000332295895,2.499997243285179
V3,2.0,2026-02-03,-58.38000332295895,2.499997243285179
V3,2.0,2026-02-04,-58.38000332295895,2.499997243285179
V3,2.0,2026-02-05,-58.38000332295895,2.499997243285179
V3,2.0,2026-02-06,-58.38000332295895,2.499997243285179
V3,2.0,2026-02-09,-58.38000332295895,2.499997243285179
V3,2.0,2026-02-10,-58.38000332295895,2.499997243285179
V3,2.0,2026-02-11,-58.38000332295895,2.499997243285179
V3,2.0,2026-02-12,-58.38000332295895,2.499997243285179
V3,2.0,2026-02-13,-58.38000332295895,2.499997243285179
V3,2.0,2026-02-17,-58.38000332295895,2.499997243285179
V3,2.0,2026-02-18,-58.38000332295895,2.499997243285179
V3,2.0,2026-02-19,-58.38000332295895,2.499997243285179
V3,2.0,2026-02-20,-62.36000427663326,5.499997362494469
V3,2.0,2026-02-23,-62.36000427663326,5.499997362494469
V3,2.0,2026-02-24,-62.36000427663326,5.499997362494469
V3,2.0,2026-02-25,-62.36000427663326,5.499997362494469
V3,2.0,2026-02-26,-62.36000427663326,5.499997362494469
V3,2.0,2026-02-27,-62.36000427663326,5.499997362494469
V3,2.0,2026-03-02,-62.36000427663326,5.499997362494469
V3,2.0,2026-03-03,-62.36000427663326,5.499997362494469
V3,2.0,2026-03-04,-62.36000427663326,5.499997362494469
V3,2.0,2026-03-05,-62.36000427663326,5.499997362494469
V3,2.0,2026-03-06,-62.36000427663326,5.499997362494469
V3,2.0,2026-03-09,-62.36000427663326,5.499997362494469
V3,2.0,2026-03-10,-62.36000427663326,5.499997362494469
V3,2.0,2026-03-11,-62.36000427663326,5.499997362494469
V3,2.0,2026-03-12,-62.36000427663326,5.499997362494469
V3,2.0,2026-03-13,-62.36000427663326,5.499997362494469
V3,2.0,2026-03-16,-62.36000427663326,5.499997362494469
V3,2.0,2026-03-17,-62.36000427663326,5.499997362494469
V3,2.0,2026-03-18,-62.36000427663326,5.499997362494469
V3,2.0,2026-03-19,-62.36000427663326,5.499997362494469
V3,2.0,2026-03-20,-62.36000427663326,5.499997362494469
V3,2.0,2026-03-23,-62.36000427663326,5.499997362494469
V3,2.0,2026-03-24,-62.36000427663326,5.499997362494469
V3,2.0,2026-03-25,-62.36000427663326,5.499997362494469
V3,2.0,2026-03-26,-62.36000427663326,5.499997362494469
V3,2.0,2026-03-27,-62.36000427663326,5.499997362494469
V3,2.0,2026-03-30,-77.23999962747097,7.499998435378075
V3,2.0,2026-03-31,-77.23999962747097,7.499998435378075
V3,2.0,2026-04-01,-77.23999962747097,7.499998435378075
V3,2.0,2026-04-02,-77.23999962747097,7.499998435378075
V3,2.0,2026-04-06,-77.23999962747097,7.499998435378075
V3,2.0,2026-04-07,-77.23999962747097,7.499998435378075
V3,2.0,2026-04-08,-90.38000534951686,7.999997958540916
V3,2.0,2026-04-09,-90.38000534951686,7.999997958540916
V3,2.0,2026-04-10,-90.38000534951686,7.999997958540916
V3,2.0,2026-04-13,-90.38000534951686,7.999997958540916
V3,2.0,2026-04-14,-90.38000534951686,7.999997958540916
V3,2.0,2026-04-15,-90.38000534951686,7.999997958540916
V3,2.0,2026-04-16,-88.04000548362731,15.999998152256012
V3,2.0,2026-04-17,-88.04000548362731,15.999998152256012
V3,2.0,2026-04-20,-96.74000357627868,15.999998152256012
V3,2.0,2026-04-21,-96.74000357627868,15.999998152256012
V3,2.0,2026-04-22,-96.74000357627868,15.999998152256012
V3,2.0,2026-04-23,-96.74000357627868,15.999998152256012
V3,2.0,2026-04-24,-96.74000357627868,15.999998152256012
V3,2.0,2026-04-27,-96.74000357627868,15.999998152256012
V3,2.0,2026-04-28,-96.74000357627868,15.999998152256012
V3,2.0,2026-04-29,-96.74000357627868,15.999998152256012
V3,2.0,2026-04-30,-96.74000357627868,15.999998152256012
V3,2.0,2026-05-01,-96.74000357627868,15.999998152256012
V3,2.0,2026-05-04,-96.74000357627868,15.999998152256012
V3,2.0,2026-05-05,-96.74000357627868,15.999998152256012
V3,2.0,2026-05-06,-96.74000357627868,15.999998152256012
V3,2.0,2026-05-07,-96.74000357627868,15.999998152256012
V3,2.0,2026-05-08,-96.74000357627868,15.999998152256012
V3,2.0,2026-05-11,-96.74000357627868,15.999998152256012
V3,2.0,2026-05-12,-96.74000357627868,15.999998152256012
V3,2.0,2026-05-13,-96.74000357627868,15.999998152256012
V3,2.0,2026-05-14,-96.74000357627868,15.999998152256012
V3,2.0,2026-05-15,-96.74000357627868,15.999998152256012
V3,2.0,2026-05-18,-96.74000357627868,15.999998152256012
V3,2.0,2026-05-19,-96.74000357627868,15.999998152256012
V3,2.0,2026-05-20,-96.74000357627868,15.999998152256012
V3,2.0,2026-05-21,-96.74000357627868,15.999998152256012
V3,2.0,2026-05-22,-96.74000357627868,15.999998152256012
V3,2.0,2026-05-26,-96.74000357627868,15.999998152256012
V3,2.0,2026-05-27,-96.74000357627868,15.999998152256012
V3,2.0,2026-05-28,-96.74000357627868,15.999998152256012
V3,2.0,2026-05-29,-107.92000083446501,16.00000113248825
V3,2.0,2026-06-01,-107.92000083446501,16.00000113248825
V3,2.0,2026-06-02,-107.92000083446501,16.00000113248825
V3,2.0,2026-06-03,-107.92000083446501,16.00000113248825
V3,2.0,2026-06-04,-107.92000083446501,16.00000113248825
V3,2.0,2026-06-05,-107.92000083446501,16.00000113248825
V3,2.0,2026-06-08,-107.92000083446501,16.00000113248825
V3,2.0,2026-06-09,-107.92000083446501,16.00000113248825
V3,2.0,2026-06-10,-107.92000083446501,16.00000113248825
V3,2.0,2026-06-11,-107.92000083446501,16.00000113248825
V3,2.0,2026-06-12,-107.92000083446501,16.00000113248825
V3,2.0,2026-06-15,-107.92000083446501,16.00000113248825
V3,2.0,2026-06-16,-107.92000083446501,16.00000113248825
V3,2.0,2026-06-17,-107.92000083446501,16.00000113248825
V3,2.0,2026-06-18,-107.92000083446501,16.00000113248825
V3,2.0,2026-06-22,-107.92000083446501,16.00000113248825
V3,2.0,2026-06-23,-107.92000083446501,16.00000113248825
V3,2.0,2026-06-24,-107.92000083446501,16.00000113248825
V3,2.0,2026-06-25,-107.92000083446501,16.00000113248825
V3,2.0,2026-06-26,-107.92000083446501,16.00000113248825
V3,2.0,2026-06-29,-107.92000083446501,16.00000113248825
V3,2.0,2026-06-30,-107.92000083446501,16.00000113248825
V3,2.0,2026-07-01,-107.92000083446501,16.00000113248825
V3,2.0,2026-07-02,-107.92000083446501,16.00000113248825
V3,2.0,2026-07-06,-107.92000083446501,16.00000113248825
V3,2.0,2026-07-07,-107.92000083446501,16.00000113248825
V3,2.0,2026-07-08,-107.92000083446501,16.00000113248825
V3,2.0,2026-07-09,-107.92000083446501,16.00000113248825
V3,2.0,2026-07-10,-107.92000083446501,16.00000113248825
V3,2.0,2026-07-13,-107.92000083446501,16.00000113248825
V3,2.0,2026-07-14,-107.92000083446501,16.00000113248825
V3,2.0,2026-07-15,-107.92000083446501,16.00000113248825
V3,2.0,2026-07-16,-107.92000083446501,16.00000113248825
V3,2.0,2026-07-17,-107.92000083446501,16.00000113248825
V3,2.0,2026-07-20,-107.92000083446501,16.00000113248825
V3,2.0,2026-07-21,-107.92000083446501,16.00000113248825
V3,2.0,2026-07-22,-107.92000083446501,16.00000113248825
V3,2.0,2026-07-23,-122.52000166893004,18.5000017285347
V3,2.0,2026-07-24,-122.52000166893004,18.5000017285347
V3,2.0,2026-07-27,-122.52000166893004,18.5000017285347
V3,2.0,2026-07-28,-122.52000166893004,18.5000017285347
V3,2.0,2026-07-29,-122.52000166893004,18.5000017285347
V3,2.0,2026-07-30,-132.400003606081,19.50000151991844
V3,2.0,2026-07-31,-132.400003606081,19.50000151991844
V3,2.0,2026-08-03,-132.400003606081,19.50000151991844
V3,2.0,2026-08-04,-132.400003606081,19.50000151991844
V3,2.0,2026-08-05,-132.400003606081,19.50000151991844
V3,2.0,2026-08-06,-132.400003606081,19.50000151991844
V3,2.0,2026-08-07,-132.400003606081,19.50000151991844
V3,2.0,2026-08-10,-132.400003606081,19.50000151991844
V3,2.0,2026-08-11,-140.9800047981739,16.499998420476913
V3,2.0,2026-08-12,-140.9800047981739,16.499998420476913
V3,2.0,2026-08-13,-140.9800047981739,16.499998420476913
V3,2.0,2026-08-14,-140.9800047981739,16.499998420476913
V3,2.0,2026-08-17,-140.9800047981739,16.499998420476913
V3,2.0,2026-08-18,-140.9800047981739,16.499998420476913
V3,2.0,2026-08-19,-140.9800047981739,16.499998420476913
V3,2.0,2026-08-20,-140.9800047981739,16.499998420476913
V3,2.0,2026-08-21,-146.74000491738317,17.500000447034836
V3,2.0,2026-08-24,-146.74000491738317,17.500000447034836
V3,2.0,2026-08-25,-146.74000491738317,17.500000447034836
V3,2.0,2026-08-26,-146.74000491738317,17.500000447034836
V3,2.0,2026-08-27,-146.74000491738317,17.500000447034836
V3,2.0,2026-08-28,-146.74000491738317,17.500000447034836
V3,2.0,2026-08-31,-146.74000491738317,17.500000447034836
V3,2.0,2026-09-01,-146.74000491738317,17.500000447034836
V3,2.0,2026-09-02,-146.74000491738317,17.500000447034836
V3,2.0,2026-09-03,-162.78000730156896,19.499998539686203
V3,2.0,2026-09-04,-162.78000730156896,19.499998539686203
V3,2.0,2026-09-08,-162.78000730156896,19.499998539686203
V3,2.0,2026-09-09,-162.78000730156896,19.499998539686203
V3,2.0,2026-09-10,-162.78000730156896,19.499998539686203
V3,2.0,2026-09-11,-162.78000730156896,19.499998539686203
V3,2.0,2026-09-14,-162.78000730156896,19.499998539686203
V3,2.0,2026-09-15,-162.78000730156896,19.499998539686203
V3,2.0,2026-09-16,-162.78000730156896,19.499998539686203
V3,2.0,2026-09-17,-162.78000730156896,19.499998539686203
V3,2.0,2026-09-18,-172.02000551342962,20.500000566244125
V3,2.0,2026-09-21,-172.02000551342962,20.500000566244125
V3,2.0,2026-09-22,-172.02000551342962,20.500000566244125
V3,2.0,2026-09-23,-172.02000551342962,20.500000566244125
V3,2.0,2026-09-24,-179.76000563263892,23.500000685453415
V3,2.0,2026-09-25,-224.3200059902668,23.499997705221176
V3,2.0,2026-09-28,-224.3200059902668,23.499997705221176
V3,2.0,2026-09-29,-224.3200059902668,23.499997705221176
V3,2.0,2026-09-30,-287.699996393919,23.500002175569534
V3,2.0,2026-10-01,-318.179998241663,33.000000566244125
V3,2.0,2026-10-02,-370.7000009536743,12.000001966953278
