market,event,segment,universe,asset_class,sign,question,outcome,mid_at_entry,prints_in_window,sell_prints,sell_size,sell_price,sell_pnl_points,sell_pnl_points_2x_fee,buy_prints,buy_size,buy_price,buy_pnl_points,buy_pnl_points_2x_fee
1467771,237260,IS,S9,crude,-1,Will Crude Oil (CL) hit (LOW) $65 by end of March?,0.0,0.1099999994039535,272,134,45088.330996,0.06305107896442617,6.3051078964426175,6.3051078964426175,138,36356.708426,0.07203870086814493,-7.203870086814493,-7.203870086814493
1467772,237260,IS,S9,crude,-1,Will Crude Oil (CL) hit (LOW) $60 by end of March?,0.0,0.0434999987483024,170,93,24621.478014,0.028333469488219902,2.83334694882199,2.83334694882199,77,17221.73131,0.036047820975577245,-3.6047820975577247,-3.6047820975577247
1515806,237260,IS,S9,crude,1,Will Crude Oil (CL) hit (HIGH) $130 by end of March?,0.0,0.2899999916553497,1316,588,98232.154902,0.3962379769080056,39.62379769080056,39.62379769080056,728,121568.105205,0.4277713987184069,-42.77713987184069,-42.77713987184069
1515807,237260,IS,S9,crude,1,Will Crude Oil (CL) hit (HIGH) $140 by end of March?,0.0,0.2150000035762787,1082,472,74721.374937,0.31055070613058694,31.055070613058692,31.055070613058692,610,122567.58573199999,0.31711760493726204,-31.711760493726203,-31.711760493726203
1516203,237260,IS,S9,crude,1,Will Crude Oil (CL) hit (HIGH) $180 by end of March?,0.0,0.0734999999403953,1143,555,119010.989076,0.09054882672918277,9.054882672918277,9.054882672918277,588,398994.107142,0.10039469283534698,-10.039469283534698,-10.039469283534698
1538069,237260,IS,S9,crude,-1,Will Crude Oil (CL) hit (LOW) $70 by end of March?,0.0,0.1150000020861625,117,65,23931.92594,0.06889038208479412,6.889038208479412,6.889038208479412,52,32850.371806,0.0729688358219721,-7.29688358219721,-7.29688358219721
1538078,237260,IS,S9,crude,-1,Will Crude Oil (CL) hit (LOW) $75 by end of March?,0.0,0.1599999964237213,208,90,22460.851985,0.1275537889992281,12.755378899922809,12.755378899922809,118,30898.037675,0.13449988360652462,-13.449988360652462,-13.449988360652462
1538079,237260,IS,S9,crude,-1,Will Crude Oil (CL) hit (LOW) $80 by end of March?,0.0,0.2899999916553497,519,235,58801.364751,0.2205677001219724,22.05677001219724,22.05677001219724,284,48851.070917,0.24250122894873202,-24.2501228948732,-24.2501228948732
1652533,237260,IS,S9,crude,-1,Will Crude Oil (CL) hit (LOW) $85 by end of March?,0.0,0.1749999970197677,225,157,22468.170467,0.14912785416461405,14.912785416461405,14.912785416461405,68,14967.626049,0.14914950827176474,-14.914950827176474,-14.914950827176474
1980675,305510,IS,S9,crude,1,Will WTI Crude Oil (WTI) hit (HIGH) $105 in April?,1.0,0.1400000005960464,401,141,51304.793282,0.2739612026130868,-73.39950558699483,-74.19513143529835,260,46714.966541,0.26218899216275954,73.0073170855183,72.23353338731255
1980676,305510,IS,S9,crude,1,Will WTI Crude Oil (WTI) hit (HIGH) $100 in April?,1.0,0.3350000083446502,1012,419,130993.81272,0.3970416365223604,-61.25343464932398,-62.21103295088402,593,118849.001742,0.4131330916765542,57.71687427139127,56.74705771043798
2034302,305510,IS,S9,crude,-1,Will WTI Crude Oil (WTI) hit (LOW) $80 in April?,0.0,0.1749999970197677,108,66,26889.100552,0.09700095844351367,9.349728754333153,8.99936166431494,42,7344.875804,0.08059908708871814,-8.356320205868547,-8.652731702865282
2034303,305510,IS,S9,crude,-1,Will WTI Crude Oil (WTI) hit (LOW) $85 in April?,0.0,0.2800000011920929,159,87,16912.463496,0.18408699928536604,17.8079040246187,17.2071081207008,72,11903.404769,0.16979210812023984,-17.54306180458528,-18.10691279714658
2060360,305510,IS,S9,crude,-1,Will WTI Crude Oil (WTI) hit (LOW) $90 in April?,0.0,0.5899999737739563,266,144,29925.954562,0.43138973595560376,42.15780306888934,41.176632542218314,122,13127.457604,0.48260531858926514,-49.25932155916099,-50.25811125939546
1712294,305510,IS,S9,crude,1,Will WTI Crude Oil (WTI) hit (HIGH) $150 in April?,0.0,0.1800000071525573,157,68,17568.805968,0.17820483052692843,17.234691577077655,16.648900101462466,89,19654.767494,0.19232422032875104,-19.85376449128986,-20.475106949704617
1712295,305510,IS,S9,crude,1,Will WTI Crude Oil (WTI) hit (HIGH) $140 in April?,0.0,0.2349999994039535,120,48,13919.604498,0.2628341919100746,25.508409673115253,24.73340015522304,72,12269.843699000001,0.2611496548601887,-26.88676753652524,-27.658569587031618
1712296,305510,IS,S9,crude,1,Will WTI Crude Oil (WTI) hit (HIGH) $130 in April?,0.0,0.3449999988079071,104,39,3937.223217,0.35199156506906093,34.286782494148916,33.37440848139174,65,10746.577803,0.43060456243690953,-44.04119333667266,-45.021930429654375
1712297,305510,IS,S9,crude,1,Will WTI Crude Oil (WTI) hit (HIGH) $120 in April?,0.0,0.5099999904632568,125,45,5542.018818,0.5447407811389985,53.48208506388757,52.49009201387527,80,19653.105322,0.5817032508643188,-59.14362340162469,-60.11692171681751
1712298,305510,IS,S9,crude,1,Will WTI Crude Oil (WTI) hit (HIGH) $110 in April?,1.0,0.675000011920929,70,15,1030.7504959999999,0.7083967341688552,-29.986609787865504,-30.812892992616526,55,10666.845402,0.7231813457230468,26.88110508001032,26.080344732325315
1712299,305510,IS,S9,crude,1,Will WTI Crude Oil (WTI) hit (HIGH) $100 in April?,1.0,0.7950000166893005,79,29,3283.580185,0.8919818730586023,-11.187213538913642,-11.57261438368753,50,28955.641131,0.8994989430886946,9.688503313246475,9.326900935362412
1712300,305510,IS,S9,crude,1,Will WTI Crude Oil (WTI) hit (HIGH) $90 in April?,1.0,0.9350000023841858,72,28,8146.17294,0.9662301240592939,-3.50750547974924,-3.638023365427856,44,38363.325984999996,0.9847122314121782,1.468560647904469,1.4083444370267613
1712301,305510,IS,S9,crude,-1,Will WTI Crude Oil (WTI) hit (LOW) $80 in April?,1.0,0.4699999988079071,54,39,5398.81808,0.37227484219342744,-63.7072609169104,-64.64200605316354,15,235.633316,0.36407954794785813,62.66594268235842,61.739840159502656
1712302,305510,IS,S9,crude,-1,Will WTI Crude Oil (WTI) hit (LOW) $70 in April?,0.0,0.1800000071525573,45,26,7804.876927,0.13084621506180052,12.629719573916844,12.17481764165364,19,5963.743237,0.12472498282312793,-12.909172928244386,-13.345847574175979
1712303,305510,IS,S9,crude,-1,Will WTI Crude Oil (WTI) hit (LOW) $60 in April?,0.0,0.0549999997019767,14,7,8676.157334,0.04020290807941161,3.8659442708956813,3.7115977338502013,7,884.361699,0.041191594770647794,-4.277138866228373,-4.435118255391968
1712304,305510,IS,S9,crude,-1,Will WTI Crude Oil (WTI) hit (LOW) $50 in April?,0.0,0.0309999994933605,5,5,1965.0548000000001,0.015928298813842022,1.5301315289412463,1.4674331764982904,0,0,nan,nan,nan
1712305,305510,IS,S9,crude,-1,Will WTI Crude Oil (WTI) hit (LOW) $40 in April?,0.0,0.0225000008940696,4,3,247.77594,0.009760740974648748,0.9374122218237765,0.8987503461826782,1,99.8432,0.02,-2.0784000000000002,-2.1568
1712306,305510,IS,S9,crude,-1,Will WTI Crude Oil (WTI) hit (LOW) $30 in April?,0.0,0.0209999997168779,3,2,75.94042,0.013284978408073078,1.2760638897802272,1.2236299387531469,1,19.98104,0.012,-1.247424,-1.294848
1807965,305510,IS,S9,crude,1,Will WTI Crude Oil (WTI) hit (HIGH) $160 in April?,0.0,0.1019999980926513,353,197,15072.218053,0.08321260318833446,8.016107255397625,7.710954191961804,156,40733.940073,0.09236515374996711,-9.571850703487558,-9.907186031978407
1807966,305510,IS,S9,crude,1,Will WTI Crude Oil (WTI) hit (HIGH) $170 in April?,0.0,0.0434999987483024,369,187,22135.331028,0.04779086392424692,4.597058803426208,4.4150312144277235,182,88757.655018,0.05561743019963849,-5.771839546594356,-5.981936073224864
1894790,305510,IS,S9,crude,-1,Will WTI Crude Oil (WTI) hit (LOW) $90 in April?,1.0,0.8450000286102295,667,374,74571.778209,0.6552218137662276,-35.38144337750173,-36.28506813162622,293,101774.074867,0.7714025205751552,22.154385255182664,21.449022567880856
1929111,305510,IS,S9,crude,-1,Will WTI Crude Oil (WTI) hit (LOW) $75 in April?,0.0,0.2150000035762787,219,132,83094.406755,0.1566933496622319,15.140772790887743,14.612210615552298,87,19094.071926,0.16147898995260399,-16.689513098286362,-17.231127201312326
1929133,305510,IS,S9,crude,-1,Will WTI Crude Oil (WTI) hit (LOW) $85 in April?,1.0,0.6100000143051147,297,168,29093.020129,0.42837785766952513,-58.14169530795946,-59.12117638287143,129,14291.776313,0.4461752537223399,54.39406304101343,53.40565145426085
1929148,305510,IS,S9,crude,-1,Will WTI Crude Oil (WTI) hit (LOW) $95 in April?,1.0,0.925000011920929,672,363,99689.382014,0.8010264265731664,-20.53488970470172,-21.172422066720088,309,86851.643912,0.8131532243925386,18.07693732853592,17.469197096325694
1929170,305510,IS,S9,crude,1,Will WTI Crude Oil (WTI) hit (HIGH) $110 in April?,1.0,0.4699999988079071,605,221,30461.627912,0.5756359263687754,-43.41352418969181,-44.390641016261156,384,79082.990755,0.616549582604613,37.39937696035994,36.453712181181174
1929173,305510,IS,S9,crude,1,Will WTI Crude Oil (WTI) hit (HIGH) $105 in April?,1.0,0.5649999976158142,912,464,319339.720201,0.9369810127195074,-6.538089106139799,-6.774279484230328,448,318338.066828,0.909750474973104,8.696534309652336,8.368116116615074
1929187,305510,IS,S9,crude,1,Will WTI Crude Oil (WTI) hit (HIGH) $115 in April?,0.0,0.3600000143051147,340,126,16642.311476,0.456957424556281,44.703153108831415,43.710563762034724,214,26389.150873,0.4488040745891501,-45.86992336780032,-46.85943927668563
1929195,305510,IS,S9,crude,1,Will WTI Crude Oil (WTI) hit (HIGH) $125 in April?,0.0,0.1599999964237213,485,202,15478.827092,0.18956788876765687,18.342261259502365,17.727733642239045,283,46027.097466,0.23082038466072,-23.792207804815188,-24.502377143558377
2074233,415443,IS,S9,crude,1,Will WTI Crude Oil (WTI) hit (HIGH) $150 in May?,0.0,0.0549999997019767,346,173,108385.550194,0.046436606709734915,4.46653967790541,4.289418684837329,173,121224.589938,0.05563985131367838,-5.774161364405718,-5.984337597443599
2074234,415443,IS,S9,crude,1,Will WTI Crude Oil (WTI) hit (HIGH) $140 in May?,0.0,0.124499998986721,287,153,86157.76945,0.11056871043836293,10.663497960994851,10.27012487815341,134,97476.168664,0.11163890740671269,-11.560593387710261,-11.957296034749254
2074235,415443,IS,S9,crude,1,Will WTI Crude Oil (WTI) hit (HIGH) $130 in May?,0.0,0.2249999940395355,293,157,73192.571155,0.2140331616401588,20.730424294581972,20.057532425148068,136,79496.724801,0.21414195852105392,-22.087336572592676,-22.760477293079962
2074236,415443,IS,S9,crude,1,Will WTI Crude Oil (WTI) hit (HIGH) $120 in May?,0.0,0.4350000023841858,417,213,80271.554541,0.40143617209151194,39.182476521839085,38.22133583452699,204,62308.724885,0.4205411176910877,-43.02885691319764,-44.003602057286514
2074237,415443,IS,S9,crude,1,Will WTI Crude Oil (WTI) hit (HIGH) $110 in May?,0.0,0.7049999833106995,598,267,142074.975942,0.6948018103641302,68.63197201769759,67.78376299898217,331,94411.31796,0.727289702565461,-73.52232782097691,-74.31568538540773
2074240,415443,IS,S9,crude,-1,Will WTI Crude Oil (WTI) hit (LOW) $80 in May?,0.0,0.2949999868869781,205,112,21536.449804,0.2704048272128517,26.251338494753814,25.462194268222454,93,49562.671332,0.27946636630375327,-28.752096296010244,-29.557555961645164
2074241,415443,IS,S9,crude,-1,Will WTI Crude Oil (WTI) hit (LOW) $70 in May?,0.0,0.0750000029802322,100,46,12149.954786,0.06921927413029284,6.664215548152612,6.406503683275938,54,12581.838553,0.0726674868119332,-7.536296373882803,-7.805844066572286
2132637,415443,IS,S9,crude,-1,Will WTI Crude Oil (WTI) hit (LOW) $85 in May?,0.0,0.4199999868869781,181,101,9905.164555,0.4805523393865978,47.056746784673116,46.05825963068646,80,23262.339359,0.4651024262326332,-47.505371260643926,-48.50049989802453
2132638,415443,IS,S9,crude,1,Will WTI Crude Oil (WTI) hit (HIGH) $115 in May?,0.0,0.6050000190734863,331,183,22346.004715,0.5582430934063783,54.83787837235601,53.85144740407418,148,29451.02161,0.5746225244836061,-58.43997836371938,-59.41770427907815
2132639,415443,IS,S9,crude,1,Will WTI Crude Oil (WTI) hit (HIGH) $105 in May?,1.0,0.9100000262260436,574,292,40416.44872,0.8880007543564304,-11.597746222832317,-11.995567881307679,282,101491.067162,0.8977466146137826,9.858148016368641,9.490957494115541
2132648,415443,IS,S9,crude,-1,Will WTI Crude Oil (WTI) hit (LOW) $90 in May?,1.0,0.699999988079071,214,122,20348.898148,0.6758446224088889,-33.291852434190616,-34.16816710927012,92,16789.599907,0.6783853936943849,31.288746025295517,30.416031420029515
2132649,415443,IS,S9,crude,-1,Will WTI Crude Oil (WTI) hit (LOW) $95 in May?,1.0,0.7799999713897705,289,127,21966.020574000002,0.7885085355209437,-21.816197747631872,-22.48324904735811,162,23008.412975,0.8110735110531812,18.2797158117977,17.666782728913514
2182198,415443,IS,S9,crude,1,Will WTI Crude Oil (WTI) hit (HIGH) $100 in May?,1.0,0.7599999904632568,494,236,38248.563109,0.7782295271045453,-22.867400610534194,-23.557753931522917,258,38732.62897,0.785186318018069,20.80669314213191,20.132018086070723
2182203,415443,IS,S9,crude,1,Will WTI Crude Oil (WTI) hit (HIGH) $105 in May?,1.0,0.5849999785423279,438,191,24024.146015,0.5422419540720484,-46.768667062059855,-47.761529531324555,247,32803.344092,0.5691549420789667,42.103635416159115,41.122765040214894
2230535,415443,IS,S9,crude,-1,Will WTI Crude Oil (WTI) hit (LOW) $95 in May?,1.0,0.5899999737739563,322,173,40649.033946999996,0.5961998809543541,-41.342994236182065,-42.30597656779954,149,32673.864125,0.6662885246436213,32.48175502935048,31.592362523063088
2230536,415443,IS,S9,crude,-1,Will WTI Crude Oil (WTI) hit (LOW) $90 in May?,1.0,0.3650000095367431,115,83,12925.306596,0.35084252116631864,-65.82675606940005,-66.73776425543197,32,14401.596241,0.36767066667360415,62.30297754247401,61.37302175230845
2322404,415443,IS,S9,crude,1,Will WTI Crude Oil (WTI) hit (HIGH) $105 in May?,0.0,0.675000011920929,554,276,47492.679425,0.22931230428878624,22.22431774331641,21.517405057754196,278,34167.58025,0.20319630890818044,-20.967261166635133,-21.614891442452215
2213806,125877,IS,S9,crude,1,Will Crude Oil (CL) hit (HIGH) $110 by end of June?,0.0,0.6349999904632568,17,6,228.015554,0.6395412612970248,63.03201318411994,62.1099002385374,11,338.957014,0.671406932453045,-68.02317189933265,-68.9056505533608
2233174,125877,IS,S9,crude,-1,Will Crude Oil (CL) hit (LOW) $90 by end of June?,1.0,0.6200000047683716,5,2,17.380951,0.5800000241643714,-42.974397568097665,-43.94879755263247,3,44.957141,0.6551127884222098,33.58496106630748,32.681200974835924
2233175,125877,IS,S9,crude,-1,Will Crude Oil (CL) hit (LOW) $85 by end of June?,1.0,0.4600000083446502,7,3,83.535159,0.379654044839313,-62.97666292037455,-63.918730324680396,4,155.263155,0.4572881312375765,53.27848409117506,52.28578130610778
2235983,125877,IS,S9,crude,1,Will Crude Oil (CL) hit (HIGH) $105 by end of June?,0.0,0.8849999904632568,12,5,355.816486,0.8612591070779823,85.64794327758534,85.16997584737247,7,267.36715,0.8988676320117719,-90.25038164971048,-90.61400009824376
2487322,125877,IS,S9,crude,1,Will Crude Oil (CL) hit (HIGH) $95 by end of June?,0.0,0.2899999916553497,147,93,6463.072077,0.2037394075553623,19.72502211007882,19.07610346462141,54,6936.815773,0.31629349297448656,-32.49435697455459,-33.359364651660535
2487323,125877,IS,S9,crude,1,Will Crude Oil (CL) hit (HIGH) $100 by end of June?,0.0,0.1599999964237213,93,62,9560.342541,0.07607800608451683,7.326640036152798,7.045479463853914,31,9476.122745,0.12972885019774277,-13.424482122270733,-13.876079224767194
2501440,125877,IS,S9,crude,-1,Will Crude Oil (CL) hit (LOW) $75 by end of June?,1.0,0.3449999988079071,213,124,13058.861045,0.43445509645002733,-57.53730581747176,-58.52012127994626,89,9243.333666,0.45509006135345914,53.499061475011025,52.507129085367964
1494693,125877,IS,S9,crude,1,Will Crude Oil (CL) hit (HIGH) $100 by end of June?,1.0,0.875,73,27,3803.983703,0.913367790513827,-8.979729227680167,-9.296237506743033,46,24042.941213,0.9623087129885274,3.6240460855676964,3.4789634699881304
1494694,125877,IS,S9,crude,1,Will Crude Oil (CL) hit (HIGH) $110 by end of June?,1.0,0.7250000238418579,86,33,2959.471627,0.7604652839093373,-24.682102952578376,-25.4107342960905,53,4559.434384,0.845434609286423,14.933839348529155,14.411139625700608
1494702,125877,IS,S9,crude,1,Will Crude Oil (CL) hit (HIGH) $150 by end of June?,0.0,0.324999988079071,165,65,5495.379485,0.39299888567948765,38.34568552181209,37.39148247567542,100,11718.692936,0.4335522122406079,-44.33755999006832,-45.31989875607586
1494703,125877,IS,S9,crude,1,Will Crude Oil (CL) hit (HIGH) $200 by end of June?,0.0,0.1049999967217445,205,75,15521.144444,0.14651507651885545,14.151314016399427,13.651120380913309,130,32653.239546,0.16899147278448157,-17.460880698090612,-18.022614117733063
1652672,125877,IS,S9,crude,1,Will Crude Oil (CL) hit (HIGH) $115 by end of June?,0.0,0.7099999785423279,9,5,36.571598,0.4996117752421449,48.96117812708834,47.96117872996219,4,92.889837,0.6125513386149914,-62.20446264620304,-63.153791430906935
1652674,125877,IS,S9,crude,1,Will Crude Oil (CL) hit (HIGH) $105 by end of June?,1.0,0.699999988079071,25,11,340.98258799999996,0.7487467131063396,-25.877828980241212,-26.63032927111638,14,2850.953628,0.7746596694167192,21.83578479434449,21.137536530360894
1652677,125877,IS,S9,crude,1,Will Crude Oil (CL) hit (HIGH) $120 by end of June?,0.0,0.4850000143051147,4,1,10.0,0.61,60.0484,59.096799999999995,3,537.876035,0.6507075445347449,-65.97990339755572,-66.88905234163695
1652685,125877,IS,S9,crude,1,Will Crude Oil (CL) hit (HIGH) $130 by end of June?,0.0,0.4650000035762787,15,6,298.17436,0.38557460811594596,37.60983349282587,36.66220617405715,9,118.754295,0.5439289164205976,-55.38517264326821,-56.37745364447666
1652690,125877,IS,S9,crude,1,Will Crude Oil (CL) hit (HIGH) $140 by end of June?,0.0,0.3449999988079071,11,3,85.726164,0.35842226650782666,34.92240366926579,34.00258068774891,8,598.9577889999999,0.4601018620663324,-47.003818760990946,-47.99745131534865
1652691,125877,IS,S9,crude,1,Will Crude Oil (CL) hit (HIGH) $175 by end of June?,0.0,0.1599999964237213,50,30,13836.07871,0.18502249161214213,17.899092484375103,17.295935807535997,20,2506.639204,0.19375133452944504,-19.99998047253452,-20.62482749212454
1652695,125877,IS,S9,crude,-1,Will Crude Oil (CL) hit (LOW) $60 by end of June?,0.0,0.2450000047683715,10,6,336.215427,0.154098622021304,14.888453255280643,14.367044308430888,4,172.916665,0.2724323824105963,-28.036090158758363,-28.828942076457093
1652697,125877,IS,S9,crude,-1,Will Crude Oil (CL) hit (LOW) $70 by end of June?,1.0,0.3650000095367431,9,6,255.465713,0.3148242989461368,-69.38040994434316,-70.24324978330002,3,69.98,0.3682252072020577,62.24693766386199,61.31639604792974
1652706,125877,IS,S9,crude,-1,Will Crude Oil (CL) hit (LOW) $80 by end of June?,1.0,0.5,2,1,74.5,0.3396644295,-66.93072706932976,-67.82789708865951,1,1.694914,0.5899998466,40.032415229552086,39.06481511910418
1652707,125877,IS,S9,crude,-1,Will Crude Oil (CL) hit (LOW) $85 by end of June?,1.0,0.5249999761581421,10,7,252.372092,0.4488546855749822,-56.10406806975124,-57.093604697000714,3,123.816934,0.5386920580650468,45.13678249492455,44.14277079635379
2677859,631914,OOS,S9,crude,1,Will WTI Crude Oil (WTI) hit (HIGH) $130 in July?,0.0,0.2599999904632568,24,16,1141.00262,0.04898115922369399,4.711787901310211,4.525459880251022,8,1544.519082,0.1023333416836294,-10.600779083816905,-10.968223999270869
2677860,631914,OOS,S9,crude,1,Will WTI Crude Oil (WTI) hit (HIGH) $120 in July?,0.0,0.2549999952316284,2,2,32.700900000000004,0.030000000000000027,2.8836000000000026,2.767200000000002,0,0,nan,nan,nan
2677861,631914,OOS,S9,crude,1,Will WTI Crude Oil (WTI) hit (HIGH) $110 in July?,0.0,0.1899999976158142,5,3,38.243912,0.06612328259556662,6.365324283179248,6.118320306801834,2,6.0,0.23083333333333336,-23.79353055555556,-24.50372777777778
2677862,631914,OOS,S9,crude,1,Will WTI Crude Oil (WTI) hit (HIGH) $100 in July?,0.0,0.1650000065565109,15,9,2597.419059,0.13361508830590893,12.898460444659241,12.435412058727588,6,331.350423,0.24751861263095923,-25.49687385922474,-26.24188645535356
2677863,631914,OOS,S9,crude,1,Will WTI Crude Oil (WTI) hit (HIGH) $90 in July?,1.0,0.1949999928474426,13,5,168.78279,0.21718917548928204,-78.96115460123006,-79.64122675138834,8,1019.731708,0.2862910839225856,70.55357761098537,69.73626361422932
2677864,631914,OOS,S9,crude,1,Will WTI Crude Oil (WTI) hit (HIGH) $80 in July?,1.0,0.4199999868869781,14,4,773.075,0.4954564563324482,-51.45427179159894,-52.45418921644271,10,446.706988,0.601151542762598,38.92577226215322,37.966698800566235
2677866,631914,OOS,S9,crude,-1,Will WTI Crude Oil (WTI) hit (LOW) $60 in July?,0.0,0.3100000023841858,9,5,589.940214,0.10988132944700171,10.596903253156327,10.205673561612482,4,541.8282,0.37450487073193656,-38.387490963313624,-39.32449485343359
2677867,631914,OOS,S9,crude,-1,Will WTI Crude Oil (WTI) hit (LOW) $50 in July?,0.0,0.1150000020861625,5,4,213.34709999999998,0.03298728693667989,3.171132190319041,3.0435356869700927,1,148.8765,0.0738867451,-7.66238448599411,-7.936094461988221
2730117,631914,OOS,S9,crude,1,Will WTI Crude Oil (WTI) hit (HIGH) $95 in July?,0.0,0.0205000005662441,32,20,13453.412137,0.013416279323471685,1.2886828012568234,1.2357376701664784,12,3650.136332,0.018825116045368726,-1.956394528741861,-2.0302774529468497
2730118,631914,OOS,S9,crude,1,Will WTI Crude Oil (WTI) hit (HIGH) $85 in July?,1.0,0.0549999997019767,51,21,9545.170999,0.056085193147015544,-94.60323926232516,-94.81499783935186,30,8930.103948,0.0762258749583311,92.0957505403862,91.81408857660554
2730119,631914,OOS,S9,crude,-1,Will WTI Crude Oil (WTI) hit (LOW) $65 in July?,0.0,0.6650000214576721,275,166,81089.031432,0.6510373389959967,64.19498301068364,63.286232121767604,109,57090.611248,0.6601413691024723,-66.91155587785518,-67.80897484546313
2730120,631914,OOS,S9,crude,-1,Will WTI Crude Oil (WTI) hit (LOW) $55 in July?,0.0,0.0364999994635582,83,59,12579.129134,0.0185639822433393,1.783520781107497,1.7106433378810637,24,6518.595211,0.026781966568797468,-2.782455428221768,-2.886714199563789
3001462,631914,OOS,S9,crude,-1,Will WTI Crude Oil (WTI) hit (LOW) $75 in July?,0.0,0.0799999982118606,299,155,64096.295696,0.08348493622364964,8.042432815775433,7.736372009185902,144,40849.812165,0.09647496216149547,-9.996166391499282,-10.344836566849015
3002524,631914,OOS,S9,crude,-1,Will WTI Crude Oil (WTI) hit (LOW) $80 in July?,1.0,0.1949999928474426,553,283,31214.283179,0.3588725287736376,-65.03307927009725,-65.95341141755826,270,49672.991318,0.3609778222915047,62.97952643442877,62.05683509800802
3031051,631914,OOS,S9,crude,-1,Will WTI Crude Oil (WTI) hit (LOW) $85 in July?,1.0,0.4199999868869781,529,244,35669.90463,0.6777829666987099,-33.095276197136236,-33.968849064143456,285,48699.364443,0.7159120008456233,27.595271883874307,26.781743852310953
3096408,746379,OOS,S9,crude,1,Will WTI Crude Oil (WTI) hit (HIGH) $140 in August?,0.0,0.0219999998807907,82,42,75260.874209,0.014511865259862563,1.3939814418800875,1.336776357773919,40,36113.32366,0.022386002504663046,-2.326139728052402,-2.413679205638499
3096409,746379,OOS,S9,crude,1,Will WTI Crude Oil (WTI) hit (HIGH) $130 in August?,0.0,0.0364999994635582,70,36,27804.296648,0.01883712563148645,1.8097834098309247,1.7358542565132047,34,23007.427821,0.030067238869925537,-3.1233766870592112,-3.240029487125869
3096410,746379,OOS,S9,crude,1,Will WTI Crude Oil (WTI) hit (HIGH) $120 in August?,0.0,0.06700000166893,95,56,41404.066462,0.04485829713004681,4.314445591770124,4.143061470535567,39,12172.308571,0.05947548115239659,-6.17130070841601,-6.39505330159236
3096411,746379,OOS,S9,crude,1,Will WTI Crude Oil (WTI) hit (HIGH) $110 in August?,0.0,0.1800000071525573,283,187,66007.279269,0.12250028505203886,11.820052644347054,11.390076783490223,96,26608.509058,0.152888614321734,-15.806916175903456,-16.324970919633515
3096412,746379,OOS,S9,crude,1,Will WTI Crude Oil (WTI) hit (HIGH) $100 in August?,0.0,0.4550000131130218,255,120,29329.339072,0.3188449426046636,31.01576287974599,30.147031499025623,135,38822.461768,0.32204921771175443,-33.07825584750745,-33.95158992383946
3096413,746379,OOS,S9,crude,1,Will WTI Crude Oil (WTI) hit (HIGH) $90 in August?,0.0,0.8899999856948853,317,137,20305.203104,0.6464372049202177,63.72949591196115,62.81527133190053,180,27424.782453,0.5988438698850929,-60.84530654605385,-61.80622610359839
3096415,746379,OOS,S9,crude,-1,Will WTI Crude Oil (WTI) hit (LOW) $70 in August?,0.0,0.125,178,103,13937.42596,0.2716189260315784,26.370524262945715,25.579155922733598,75,14585.507491,0.3459202906178899,-35.49706683441589,-36.40210460704279
3096416,746379,OOS,S9,crude,-1,Will WTI Crude Oil (WTI) hit (LOW) $60 in August?,0.0,0.025000000372529,86,44,61867.038588999996,0.02946768827514943,2.8323714530234705,2.7179740785319986,42,30341.414181,0.030385935418554957,-3.156444063244673,-3.274294584633851
3102462,746379,OOS,S9,crude,1,Will WTI Crude Oil (WTI) hit (HIGH) $95 in August?,0.0,0.7149999737739563,245,100,14012.226831,0.4983128266597303,48.831294052188554,47.83130543840407,145,38556.473199,0.519909370562633,-52.9893515241185,-53.98776599197369
3102463,746379,OOS,S9,crude,-1,Will WTI Crude Oil (WTI) hit (LOW) $85 in August?,1.0,0.8475000262260437,176,77,44629.164447,0.9750805935555135,-2.5891343629564134,-2.6863280814641843,99,77485.576655,0.968743793460455,3.004503629585288,2.883386605216079
3102464,746379,OOS,S9,crude,1,Will WTI Crude Oil (WTI) hit (HIGH) $105 in August?,0.0,0.2750000059604645,170,81,32545.43317,0.17816620235435104,17.230928208663187,16.645236181891267,89,31291.11332,0.23905202072954512,-24.632826681413178,-25.360451289871843
3102465,746379,OOS,S9,crude,-1,Will WTI Crude Oil (WTI) hit (LOW) $75 in August?,1.0,0.3549999892711639,219,107,12892.519073,0.6554923238214434,-35.35405616678609,-36.25734471571652,112,17360.277305,0.6103816589863741,38.01057054392493,37.059306986487265
3102466,746379,OOS,S9,crude,1,Will WTI Crude Oil (WTI) hit (HIGH) $115 in August?,0.0,0.1400000005960464,161,100,52278.988856,0.07153232124282395,6.887570331240646,6.6219085381988965,61,10627.745142,0.10752689857502903,-11.136549316134362,-11.52040877476582
3102467,746379,OOS,S9,crude,-1,Will WTI Crude Oil (WTI) hit (LOW) $65 in August?,0.0,0.0700000002980232,164,89,26552.199336,0.0712867221668767,6.863852515049354,6.5990328134110365,75,54128.526998,0.13013031551999663,-13.465817218010315,-13.918602884020965
3310013,746379,OOS,S9,crude,1,Will WTI Crude Oil (WTI) hit (HIGH) $85 in August?,1.0,0.3449999988079071,161,69,4594.012073,0.4002634853154099,-60.933861979013294,-61.89407248956758,92,189293.050633,0.4106404018105956,57.967900370094725,56.99984092124901
3340541,746379,OOS,S9,crude,1,Will WTI Crude Oil (WTI) hit (HIGH) $80 in August?,1.0,0.6399999856948853,206,98,31001.923901,0.7673890883024092,-23.975103471586312,-24.68911577341354,108,81844.843426,0.7128342790903076,27.897765812392805,27.078959533816366
3383654,746379,OOS,S9,crude,-1,Will WTI Crude Oil (WTI) hit (LOW) $75 in August?,0.0,0.9100000262260436,118,66,24707.987213,0.7949602794331263,78.8440342090857,78.19204047485877,52,10384.568226,0.8282057140728525,-83.38969544428497,-83.95881948128469
1273327,189792,IS,S9,gold,1,"Will Gold (GC) hit (HIGH) $6,000 by end of February?",0.0,0.1449999958276748,152,70,16637.447838,0.153649078748199,15.364907874819899,15.364907874819899,82,20880.145304,0.16597610378564762,-16.597610378564763,-16.597610378564763
1273328,189792,IS,S9,gold,1,"Will Gold (GC) hit (HIGH) $5,500 by end of February?",0.0,0.4040000140666961,472,206,31010.821333,0.3812323029469378,38.123230294693776,38.123230294693776,266,56294.206458,0.39769558349868905,-39.7695583498689,-39.7695583498689
1273333,189792,IS,S9,gold,-1,"Will Gold (GC) hit (LOW) $4,900 by end of February?",1.0,0.9639999866485596,219,141,235075.342261,0.9908687694750392,-0.9131230524960787,-0.9131230524960787,78,120591.588709,0.993619040228107,0.6380959771893013,0.6380959771893013
1273334,189792,IS,S9,gold,-1,"Will Gold (GC) hit (LOW) $4,700 by end of February?",1.0,0.7049999833106995,240,123,27108.012303,0.756782832644882,-24.3217167355118,-24.3217167355118,117,6957.349984,0.7761666589190181,22.383334108098186,22.383334108098186
1273335,189792,IS,S9,gold,-1,"Will Gold (GC) hit (LOW) $4,600 by end of February?",0.0,0.6054999828338623,129,63,9373.385913,0.5816897832419566,58.16897832419566,58.16897832419566,66,16066.395596,0.573136108218677,-57.3136108218677,-57.3136108218677
1273336,189792,IS,S9,gold,-1,"Will Gold (GC) hit (LOW) $4,450 by end of February?",0.0,0.4199999868869781,132,68,5797.403063,0.39487564949759907,39.48756494975991,39.48756494975991,64,16453.694910000002,0.3854192151169004,-38.54192151169004,-38.54192151169004
1273338,189792,IS,S9,gold,-1,"Will Gold (GC) hit (LOW) $4,200 by end of February?",0.0,0.25,99,49,4877.902653,0.22355854013582727,22.355854013582725,22.355854013582725,50,3153.075842,0.24098426903450762,-24.09842690345076,-24.09842690345076
1273339,189792,IS,S9,gold,-1,"Will Gold (GC) hit (LOW) $4,000 by end of February?",0.0,0.158500000834465,72,38,2267.850958,0.11637513659012802,11.637513659012802,11.637513659012802,34,3274.364169,0.1304179260404556,-13.04179260404556,-13.04179260404556
1273340,189792,IS,S9,gold,-1,"Will Gold (GC) hit (LOW) $3,600 by end of February?",0.0,0.0529999993741512,71,29,4721.103496,0.040271485714654484,4.027148571465449,4.027148571465449,42,8071.093946,0.04281787503314404,-4.281787503314404,-4.281787503314404
1278513,189792,IS,S9,gold,1,"Will Gold (GC) hit (HIGH) $5,800 by end of February?",0.0,0.2150000035762787,180,78,8926.089785,0.21707659306866794,21.707659306866795,21.707659306866795,102,9099.550575,0.22139402867396657,-22.139402867396658,-22.139402867396658
1278514,189792,IS,S9,gold,1,"Will Gold (GC) hit (HIGH) $6,200 by end of February?",0.0,0.0734999999403953,80,42,2671.183898,0.10040222171849887,10.040222171849887,10.040222171849887,38,4711.783208,0.09903727388008605,-9.903727388008605,-9.903727388008605
1278516,189792,IS,S9,gold,1,"Will Gold (GC) hit (HIGH) $6,400 by end of February?",0.0,0.0535000003874301,128,62,10195.050196,0.05050544402843165,5.0505444028431645,5.0505444028431645,66,17540.299087,0.052311643693228264,-5.231164369322826,-5.231164369322826
1294322,189792,IS,S9,gold,1,"Will Gold (GC) hit (HIGH) $6,600 by end of February?",0.0,0.0599999986588954,109,58,7049.996293,0.036233865867157766,3.6233865867157764,3.6233865867157764,51,18954.483592,0.04774654036397567,-4.774654036397568,-4.774654036397568
1295948,189792,IS,S9,gold,1,"Will Gold (GC) hit (HIGH) $7,000 by end of February?",0.0,0.0305000003427267,153,90,13165.407287,0.023610177139067656,2.3610177139067656,2.3610177139067656,63,26602.916714,0.029021586134971824,-2.9021586134971824,-2.9021586134971824
3866510,907966,OOS,S9,crude,1,Will WTI Crude Oil (WTI) hit (HIGH) $130 in September?,0.0,0.0230000000447034,3,2,920.0,0.011630434797826076,1.1170628086456493,1.0710821375086907,1,926.086955,0.0215962431,-2.2441436915358626,-2.3286630730717253
3866511,907966,OOS,S9,crude,1,Will WTI Crude Oil (WTI) hit (HIGH) $120 in September?,0.0,0.0285000000149011,6,5,2333.4,0.016390845979986288,1.5745958534064421,1.5101071088142555,1,4714.471698,0.0318169266,-3.304911099126921,-3.428129538253842
3866512,907966,OOS,S9,crude,1,Will WTI Crude Oil (WTI) hit (HIGH) $110 in September?,0.0,0.0549999997019767,18,9,2437.539732,0.039882423545496724,3.835075091199135,3.6819078278485975,9,1182.451425,0.06544226373034069,-6.788864668426826,-7.033502963819583
3866513,907966,OOS,S9,crude,1,Will WTI Crude Oil (WTI) hit (HIGH) $100 in September?,1.0,0.1500000059604644,39,21,3923.197628,0.10556000748180776,-89.82166762102823,-90.19933599023722,18,3095.412353,0.18004166469397426,81.4053268759298,80.814820221257
3866514,907966,OOS,S9,crude,1,Will WTI Crude Oil (WTI) hit (HIGH) $90 in September?,1.0,0.5299999713897705,40,13,412.426161,0.49801804158574736,-51.19818012878864,-52.19816441615202,27,2463.736148,0.5521942745902023,43.79146951017976,42.80236647937975
3866515,907966,OOS,S9,crude,-1,Will WTI Crude Oil (WTI) hit (LOW) $80 in September?,0.0,0.7850000262260437,17,13,375.75,0.7935159015302727,78.6961964908318,78.0408028286363,4,97.47,0.9340422694162307,-93.6506561750631,-93.89708540850313
3866516,907966,OOS,S9,crude,-1,Will WTI Crude Oil (WTI) hit (LOW) $70 in September?,0.0,0.2249999940395355,4,3,424.999994,0.24000000103250754,23.27040010110314,22.540800098955525,1,100.0,0.25,-25.75,-26.5
3866517,907966,OOS,S9,crude,-1,Will WTI Crude Oil (WTI) hit (LOW) $60 in September?,0.0,0.0264999996870756,4,2,175.0,0.028714285714285737,2.7598694693877572,2.648310367346941,2,220.57,0.03948936845296731,-4.100656678225343,-4.252376511153956
3954342,907966,OOS,S9,crude,-1,Will WTI Crude Oil (WTI) hit (LOW) $75 in September?,0.0,0.5400000214576721,6,5,76.53774,0.5756538146973964,56.58827546845271,55.61116946716579,1,28.84,0.95,-95.19,-95.38
3954343,907966,OOS,S9,crude,1,Will WTI Crude Oil (WTI) hit (HIGH) $95 in September?,1.0,0.3000000119209289,13,11,838.311448,0.3350593155813811,-67.38524672435597,-68.27642500685003,2,77.61607500000001,0.3865178443891513,60.39972835965322,59.451241158221556
3954344,907966,OOS,S9,crude,-1,Will WTI Crude Oil (WTI) hit (LOW) $65 in September?,0.0,0.4799999892711639,3,3,42.223252,0.14281367999881722,13.791696268665671,13.302024537449622,0,0,nan,nan,nan
3954346,907966,OOS,S9,crude,1,Will WTI Crude Oil (WTI) hit (HIGH) $105 in September?,1.0,0.2599999904632568,19,14,784.556524,0.05907823539533697,-94.31452845045794,-94.5368804404496,5,330.82106,0.08947204874111804,90.72692792094745,90.40106071600673
4035901,907966,OOS,S9,crude,1,Will WTI Crude Oil (WTI) hit (HIGH) $115 in September?,0.0,0.0564999990165233,25,14,859.21131,0.049130917521503475,4.7262234702903525,4.539355188430358,11,24254.040049,0.05712545062813318,-5.9279935968879816,-6.1434421309626455
4063373,907966,OOS,S9,crude,-1,Will WTI Crude Oil (WTI) hit (LOW) $85 in September?,0.0,0.6549999713897705,48,26,4592.453571,0.6067095366300956,59.7165013638408,58.76204906467204,22,1797.810758,0.6178945025549964,-62.73385380056888,-63.67825734563812
4218286,907966,OOS,S9,crude,-1,Will WTI Crude Oil (WTI) hit (LOW) $90 in September?,1.0,0.949999988079071,79,43,5208.526048,0.9064650155240506,-9.69264321221508,-10.031787976835204,36,3467.86714,0.8948251593053714,10.141031695144905,9.764579320826952
4413392,907966,OOS,S9,crude,-1,Will WTI Crude Oil (WTI) hit (LOW) $95 in September?,1.0,0.8199999928474426,74,34,10278.119281,0.7672475737218212,-23.989557565177076,-24.703872502536285,40,3601.4200570000003,0.8235850720208546,17.060321993253506,16.47915118859247
4413393,907966,OOS,S9,crude,1,Will WTI Crude Oil (WTI) hit (HIGH) $125 in September?,0.0,0.0654999986290931,33,16,2017.534989,0.06440023379332187,6.199012004609437,5.958000629886688,17,4962.375049,0.07520987154545926,-7.799200541616225,-8.077413928686525
4618778,907966,OOS,S9,crude,1,Will WTI Crude Oil (WTI) hit (HIGH) $105 in September?,0.0,0.3400000035762787,148,71,12566.094357,0.3229991236331867,31.425229604257154,30.55054684519563,77,44117.988326,0.32864504369071124,-33.74705428486409,-34.62960420065706
4690431,907966,OOS,S9,crude,1,Will WTI Crude Oil (WTI) hit (HIGH) $100 in September?,0.0,0.6150000095367432,112,64,8756.675063,0.6712353285635084,66.24081900734386,65.35810515833687,48,12213.706153,0.6628188360323571,-67.17584370976799,-68.06980381630025
4884203,907966,OOS,S9,crude,-1,Will WTI Crude Oil (WTI) hit (LOW) $90 in September?,1.0,0.6449999809265137,175,93,10554.481321,0.4439419986175313,-56.59323014017088,-57.5806601420949,82,5767.711711,0.4295146020005003,56.06841256527456,55.08828533059915
1272517,189698,IS,S9,silver,1,Will Silver (SI) hit (HIGH) $150 by end of February?,0.0,0.1150000020861625,121,49,9960.0672,0.09779571829535942,9.779571829535943,9.779571829535943,72,15516.087764,0.09656199447703205,-9.656199447703205,-9.656199447703205
1272518,189698,IS,S9,silver,1,Will Silver (SI) hit (HIGH) $140 by end of February?,0.0,0.1550000011920929,118,61,10215.604195,0.1353891938804396,13.53891938804396,13.53891938804396,57,18210.784647,0.13574488601458637,-13.574488601458636,-13.574488601458636
1272519,189698,IS,S9,silver,1,Will Silver (SI) hit (HIGH) $130 by end of February?,0.0,0.25,158,77,25541.898011,0.1822782412289806,18.22782412289806,18.22782412289806,81,16943.775825,0.20547748071167057,-20.547748071167057,-20.547748071167057
1272520,189698,IS,S9,silver,1,Will Silver (SI) hit (HIGH) $120 by end of February?,0.0,0.3244999945163727,323,159,27417.139903,0.28586785298686657,28.586785298686657,28.586785298686657,164,31358.347147,0.3157701034984662,-31.577010349846617,-31.577010349846617
1272525,189698,IS,S9,silver,-1,Will Silver (SI) hit (LOW) $85 by end of February?,1.0,0.9704999923706056,129,57,67540.461083,0.990218802875019,-0.9781197124981045,-0.9781197124981045,72,93603.607176,0.9880531641112843,1.1946835888715701,1.1946835888715701
1272526,189698,IS,S9,silver,-1,Will Silver (SI) hit (LOW) $75 by end of February?,1.0,0.625,204,82,13482.152842,0.6952942886647585,-30.47057113352415,-30.47057113352415,122,12616.503826,0.6975611397037917,30.243886029620825,30.243886029620825
1272527,189698,IS,S9,silver,-1,Will Silver (SI) hit (LOW) $70 by end of February?,0.0,0.574999988079071,120,56,5857.221222,0.5416804701088357,54.16804701088357,54.16804701088357,64,3308.520179,0.5332722448572994,-53.32722448572994,-53.32722448572994
1272528,189698,IS,S9,silver,-1,Will Silver (SI) hit (LOW) $65 by end of February?,0.0,0.3149999976158142,120,50,3937.372272,0.35938668946089347,35.93866894608935,35.93866894608935,70,5131.202536,0.3650902424584994,-36.50902424584994,-36.50902424584994
1272529,189698,IS,S9,silver,-1,Will Silver (SI) hit (LOW) $55 by end of February?,0.0,0.135000005364418,86,40,3554.669655,0.16696368034544726,16.696368034544726,16.696368034544726,46,5155.665069,0.17607555530268404,-17.607555530268403,-17.607555530268403
1272530,189698,IS,S9,silver,-1,Will Silver (SI) hit (LOW) $40 by end of February?,0.0,0.0355000011622905,83,42,2524.417552,0.04437034868498814,4.437034868498814,4.437034868498814,41,7953.276116999999,0.04840688003996868,-4.840688003996868,-4.840688003996868
1278382,189698,IS,S9,silver,1,Will Silver (SI) hit (HIGH) $160 by end of February?,0.0,0.1000000014901161,86,55,19142.374006000002,0.07905225028240126,7.905225028240126,7.905225028240126,31,22014.345059,0.08486669901258882,-8.486669901258882,-8.486669901258882
1278409,189698,IS,S9,silver,1,Will Silver (SI) hit (HIGH) $170 by end of February?,0.0,0.0649999976158142,87,41,8820.68591,0.05305716843229788,5.305716843229788,5.305716843229788,46,14187.774142,0.045049242577739707,-4.504924257773971,-4.504924257773971
1278412,189698,IS,S9,silver,1,Will Silver (SI) hit (HIGH) $180 by end of February?,0.0,0.050000000745058,99,46,8751.851427,0.0259860127876463,2.59860127876463,2.59860127876463,53,15723.779472,0.034513704354145226,-3.4513704354145225,-3.4513704354145225
1293937,189698,IS,S9,silver,1,Will Silver (SI) hit (HIGH) $185 by end of February?,0.0,0.0379999987781047,70,43,3431.474395,0.02770721651930592,2.770721651930592,2.770721651930592,27,9123.791658,0.02934470480722916,-2.9344704807229163,-2.9344704807229163
1293938,189698,IS,S9,silver,1,Will Silver (SI) hit (HIGH) $190 by end of February?,0.0,0.0274999998509883,250,153,31679.625052,0.018388710010621354,1.8388710010621354,1.8388710010621354,97,38725.911639,0.025304097086197297,-2.5304097086197297,-2.5304097086197297
2350568,522294,IS,S9,crude,1,Will WTI Crude Oil (WTI) hit (HIGH) $150 in June?,0.0,0.0549999997019767,31,22,1818.0456769999998,0.03221972183111015,3.097245737686071,2.972519292261127,9,7909.86111,0.025388876890265033,-2.6378648163085674,-2.736841943590631
2350569,522294,IS,S9,crude,1,Will WTI Crude Oil (WTI) hit (HIGH) $140 in June?,0.0,0.125,29,18,5119.950471,0.03114133545826924,2.993447335090345,2.872761124353766,11,9197.379165,0.03653802819742723,-3.7946148225142076,-3.9354268252856928
2350570,522294,IS,S9,crude,1,Will WTI Crude Oil (WTI) hit (HIGH) $130 in June?,0.0,0.1500000059604644,41,27,11770.689669,0.05598395188110181,5.3869961920586755,5.17559719600717,14,7976.150000000001,0.06268533063696144,-6.503556583535729,-6.738580103375313
2350571,522294,IS,S9,crude,1,Will WTI Crude Oil (WTI) hit (HIGH) $120 in June?,0.0,0.1850000023841858,53,34,7118.058652,0.08972702379039289,8.645998039070845,8.3192936991024,19,3162.419692,0.10724793956625799,-11.107777232726,-11.4907605088262
2350572,522294,IS,S9,crude,1,Will WTI Crude Oil (WTI) hit (HIGH) $110 in June?,0.0,0.4799999892711639,50,21,1469.850687,0.20287496929202678,19.640630064695532,18.99376320018839,29,3356.116219,0.237068126719485,-24.430279992001296,-25.153747312054094
2350573,522294,IS,S9,crude,1,Will WTI Crude Oil (WTI) hit (HIGH) $100 in June?,0.0,0.6299999952316284,98,39,5655.259609,0.49663221909185146,48.663267276978125,47.6633126447711,59,8706.509283,0.5533632967539848,-56.32493910963666,-57.313548543874845
2350575,522294,IS,S9,crude,-1,Will WTI Crude Oil (WTI) hit (LOW) $80 in June?,1.0,0.6600000262260437,89,36,2907.742457,0.5389107863503436,-47.10286516778803,-48.09680897061042,53,4806.557623,0.6652563680332416,32.58360186537799,31.692840534080148
2350576,522294,IS,S9,crude,-1,Will WTI Crude Oil (WTI) hit (LOW) $70 in June?,1.0,0.2800000011920929,49,31,5411.759643,0.14049898169292005,-86.43313790205268,-86.91617397339738,18,7366.5125,0.17143697239527253,82.28811741290788,81.71993206534303
2350577,522294,IS,S9,crude,-1,Will WTI Crude Oil (WTI) hit (LOW) $60 in June?,0.0,0.0750000029802322,12,11,1271.68186,0.027031911894726108,2.5979864389364433,2.492781688400276,1,10.0,0.043,-4.464604,-4.629208
2386369,522294,IS,S9,crude,1,Will WTI Crude Oil (WTI) hit (HIGH) $200 in June?,0.0,0.4799999892711639,29,25,1773.856332,0.005586643518782345,0.5364426201463289,0.5142208884144234,4,4173.632856,0.005311535730049976,-0.5522868662779511,-0.5734201595509046
2386370,522294,IS,S9,crude,1,Will WTI Crude Oil (WTI) hit (HIGH) $175 in June?,0.0,0.0549999997019767,9,9,227.7579,0.01150805746011533,1.105303257717093,1.0598007694226528,0,0,nan,nan,nan
2423566,522294,IS,S9,crude,-1,Will WTI Crude Oil (WTI) hit (LOW) $85 in June?,1.0,0.7250000238418579,126,89,38172.256802,0.6884483764760565,-32.0131111900085,-32.871060027622654,37,22707.876571,0.6706210484864916,32.05434132009736,31.170787488843878
2423576,522294,IS,S9,crude,-1,Will WTI Crude Oil (WTI) hit (LOW) $75 in June?,1.0,0.2150000035762787,55,42,36296.53086,0.18905930714198635,-81.70733282790128,-82.3205963700012,13,19432.73,0.20647180811150445,78.69745438658288,78.04208958431619
2423577,522294,IS,S9,crude,-1,Will WTI Crude Oil (WTI) hit (LOW) $65 in June?,0.0,0.0405000001192092,23,18,7323.906964,0.038679761142883066,3.7192415654050563,3.570507016521806,5,1598.403195,0.043471770603607233,-4.5135049634175015,-4.67983286647428
2423578,522294,IS,S9,crude,1,Will WTI Crude Oil (WTI) hit (HIGH) $105 in June?,0.0,0.3350000083446502,181,82,6939.3247949999995,0.3528937209640017,34.375933125727435,33.462494155054706,99,13957.075356,0.37904180783975716,-38.84565724697302,-39.78713370997033
2423579,522294,IS,S9,crude,1,Will WTI Crude Oil (WTI) hit (HIGH) $115 in June?,0.0,0.135000005364418,54,23,3415.326538,0.13626880030982091,13.156081573494319,12.685283116006547,31,11536.695262,0.14975862262099843,-15.48518617238648,-15.994510082673122
2423580,522294,IS,S9,crude,1,Will WTI Crude Oil (WTI) hit (HIGH) $125 in June?,0.0,0.0599999986588954,48,14,2481.425628,0.06336502663046265,6.0991030629239305,5.861703462801597,34,13607.073787,0.06952473388904201,-7.211237569971001,-7.4700017510378
2492328,522294,IS,S9,crude,1,Will WTI Crude Oil (WTI) hit (HIGH) $95 in June?,0.0,0.3350000083446502,171,82,9598.190148,0.266920362539246,25.909340723519946,25.126645193115294,89,11357.945536,0.2814793897206835,-28.956933943600973,-29.76592891513359
2569220,522294,IS,S9,crude,1,Will WTI Crude Oil (WTI) hit (HIGH) $90 in June?,0.0,0.0850000008940696,71,39,13146.526972,0.12668498855790472,12.225955246862519,11.783411637934565,32,8563.483806,0.12629799057503946,-13.071186290110933,-13.512573522717918
2569221,522294,IS,S9,crude,1,Will WTI Crude Oil (WTI) hit (HIGH) $85 in June?,0.0,0.2049999982118606,146,87,9169.207752,0.2494779215214676,24.198837399367576,23.449882646588392,59,7545.675576,0.2955872079946342,-30.391582441321706,-31.224444083179993
2569222,522294,IS,S9,crude,1,Will WTI Crude Oil (WTI) hit (HIGH) $80 in June?,0.0,0.4749999940395355,178,83,7446.5316490000005,0.6118816086127286,60.23823083865594,59.28830081603903,95,10176.333056,0.576138026704486,-58.590614674006794,-59.567426677564974
2001179,125865,IS,S9,gold,-1,"Will Gold (GC) hit (LOW) $4,400 by end of June?",1.0,0.324999988079071,6,5,208.955222,0.33000000353999925,-67.88439965081447,-68.76879965562888,1,10.0,0.35,64.09,63.18
2001188,125865,IS,S9,gold,-1,"Will Gold (GC) hit (LOW) $4,300 by end of June?",1.0,0.1899999976158142,13,5,677.76,0.2652047922568461,-74.25900561599879,-75.03849045768219,8,982.761903,0.21284911265178397,78.04491126324108,77.37473379166055
2001189,125865,IS,S9,gold,-1,"Will Gold (GC) hit (LOW) $4,500 by end of June?",1.0,0.4449999928474426,6,6,270.53571,0.44924092645728175,-56.065601420084164,-57.05529548589651,0,0,nan,nan,nan
2001191,125865,IS,S9,gold,-1,"Will Gold (GC) hit (LOW) $4,700 by end of June?",1.0,0.6949999928474426,18,5,301.13,0.73,-27.788400000000003,-28.576800000000002,13,2766.713285,0.7307011929859507,26.142772863185492,25.355665024966058
2001214,125865,IS,S9,gold,1,"Will Gold (GC) hit (HIGH) $4,900 by end of June?",0.0,0.9449999928474426,11,6,1029.769226,0.9006864893261942,89.71084758353362,89.35304623444782,5,56.0355,0.8818908549044802,-88.60572299020932,-89.02236048997062
2001237,125865,IS,S9,gold,1,"Will Gold (GC) hit (HIGH) $5,000 by end of June?",0.0,0.8299999833106995,15,12,710.35571,0.7907340014269215,78.411505181035,77.74961021937783,3,28.5247,0.8071178662702851,-81.33450109189886,-81.95721555676921
2001245,125865,IS,S9,gold,1,"Will Gold (GC) hit (HIGH) $5,100 by end of June?",0.0,0.6449999809265137,6,4,141.66666,0.6400000112862729,63.07840114126792,62.156801153908546,2,21.53846,0.65,-65.91,-66.82000000000001
2001248,125865,IS,S9,gold,1,"Will Gold (GC) hit (HIGH) $5,300 by end of June?",0.0,0.3600000143051147,10,6,179.709228,0.4271179107174173,41.73303826749451,40.75428546324728,4,393.045944,0.37279865429775794,-38.21514470038195,-39.1504239709881
2001254,125865,IS,S9,gold,1,"Will Gold (GC) hit (HIGH) $5,400 by end of June?",0.0,0.3100000023841858,6,1,218.85714,0.30000000000000004,29.160000000000004,28.320000000000007,5,796.29,0.3136418892614499,-32.225271544392825,-33.08635416264066
2251146,125865,IS,S9,gold,1,"Will Gold (GC) hit (HIGH) $4,800 by end of June?",0.0,0.4850000143051147,2,1,14.285713,0.3000000069999999,29.160000688799993,28.320000677599992,1,14.28,0.91,-91.3276,-91.65520000000001
1272712,125865,IS,S9,gold,1,"Will Gold (GC) hit (HIGH) $5,700 by end of June?",0.0,0.574999988079071,7,2,65.96000000000001,0.5848392965433595,57.512720479287836,56.541511304239734,5,117.813154,0.59186935951143,-60.15317603427485,-61.11941611740668
1272717,125865,IS,S9,gold,1,"Will Gold (GC) hit (HIGH) $8,500 by end of June?",0.0,0.0700000002980232,29,16,837.917062,0.08685403161936472,8.368161526693164,8.050919891449855,13,7896.13,0.09819811729746115,-10.174032717972896,-10.528253706199678
1295944,125865,IS,S9,gold,1,"Will Gold (GC) hit (HIGH) $9,000 by end of June?",0.0,0.0649999976158142,6,1,12.5,0.05,4.8100000000000005,4.62,5,627.91875,0.0796281366041098,-8.25596364627125,-8.549113632131517
1295945,125865,IS,S9,gold,1,"Will Gold (GC) hit (HIGH) $10,000 by end of June?",0.0,0.0524999983608722,30,24,6660.001869,0.05620112476879508,5.407942243505438,5.195772010131369,6,3168.012793,0.06405277069233298,-6.645077122269171,-6.884877175305045
2236171,125871,IS,S9,silver,1,Will Silver (SI) hit (HIGH) $85 by end of June?,0.0,0.7649999856948853,2,1,10.0,0.55,54.010000000000005,53.02,1,10.0,0.59,-59.9676,-60.9352
1032334,125871,IS,S9,silver,1,Will Silver (SI) hit (HIGH) $200 by end of June?,0.0,0.5,17,9,194.123816,0.06190909105145285,5.958603683158742,5.726298261172199,8,711.81,0.09069709612818028,-9.39959414434641,-9.729478675874795
1032335,125871,IS,S9,silver,1,Will Silver (SI) hit (HIGH) $150 by end of June?,0.0,0.5,20,5,31.956487,0.08000000124897473,7.705600120700917,7.411200116504363,15,973.076665,0.11458500961437436,-11.864322102181628,-12.27014324292582
1032336,125871,IS,S9,silver,1,Will Silver (SI) hit (HIGH) $120 by end of June?,0.0,0.5,4,0,0,nan,nan,nan,4,108.0,0.33787037037592593,-34.68189297038444,-35.57674890317628
1032337,125871,IS,S9,silver,1,Will Silver (SI) hit (HIGH) $110 by end of June?,1.0,0.5,5,1,1.724135,0.420000174,-58.97438271135989,-59.94878282271976,4,90.0,0.45999999999999996,53.006400000000006,52.012800000000006
1032338,125871,IS,S9,silver,1,Will Silver (SI) hit (HIGH) $100 by end of June?,1.0,0.5,1,1,40.0,0.575,-43.4775,-44.455,0,0,nan,nan,nan
1032339,125871,IS,S9,silver,1,Will Silver (SI) hit (HIGH) $90 by end of June?,1.0,0.5,5,1,44.0,0.7900000000000001,-21.66359999999998,-22.32719999999998,4,104.0,0.8,19.359999999999996,18.719999999999995
1032344,125871,IS,S9,silver,-1,Will Silver (SI) hit (LOW) $65 by end of June?,1.0,0.5,10,3,60.0,0.5333333333333333,-47.662222222222226,-48.65777777777778,7,280.0,0.5750000000178571,41.522499998225,40.54499999823572
1032345,125871,IS,S9,silver,-1,Will Silver (SI) hit (LOW) $60 by end of June?,1.0,0.5,17,5,130.0,0.36923076923076925,-64.00852071005917,-64.94011834319527,12,420.0,0.42928571428571427,56.0914306122449,55.11143265306122
1032346,125871,IS,S9,silver,-1,Will Silver (SI) hit (LOW) $55 by end of June?,0.0,0.5,22,5,134.0,0.24320223880000003,23.58400424062933,22.84778460125866,17,514.0,0.31220019455136183,-32.07894438743,-32.93786931972381
1032347,125871,IS,S9,silver,-1,Will Silver (SI) hit (LOW) $45 by end of June?,0.0,0.5,8,1,20.0,0.02,1.9216,1.8432,7,204.0,0.2548039215833333,-26.239907690849684,-26.999423223366037
1032348,125871,IS,S9,silver,-1,Will Silver (SI) hit (LOW) $35 by end of June?,0.0,0.5,4,2,40.0,0.075,7.2225,6.944999999999999,2,40.0,0.095,-9.8439,-10.1878
1272493,125871,IS,S9,silver,1,Will Silver (SI) hit (HIGH) $130 by end of June?,0.0,0.5450000166893005,74,31,3640.113213,0.45651723360891816,44.6592863647839,43.66684936867598,43,5089.740969,0.4814376825734907,-49.142390018836096,-50.14101178032313
1272495,125871,IS,S9,silver,1,Will Silver (SI) hit (HIGH) $170 by end of June?,0.0,0.2849999964237213,35,19,1019.360502,0.24989599900505682,24.239807945760397,23.490015991015113,16,613.433328,0.19593017123027198,-20.22318327995499,-20.853349436882784
1272496,125871,IS,S9,silver,1,Will Silver (SI) hit (HIGH) $210 by end of June?,0.0,0.1299999952316284,10,9,2569.685554,0.10035023763845301,9.673903494067865,9.31278322429043,1,146.65,0.1275451756,-13.199627175124661,-13.644736790249324
1293941,125871,IS,S9,silver,1,Will Silver (SI) hit (HIGH) $230 by end of June?,0.0,0.1199999973177909,11,10,1197.066924,0.09782036964877253,9.429030785155053,9.076024605432853,1,41.314614,0.1210225273,-12.527757030743683,-12.953261331487367
1294089,125871,IS,S9,silver,1,Will Silver (SI) hit (HIGH) $250 by end of June?,0.0,0.0750000029802322,30,17,546.442523,0.059633230629991374,5.739014629260651,5.514706195522164,13,10308.872997,0.06386206311445462,-6.625341111482343,-6.864475911519223
1483728,241666,IS,S9,gold,1,"Will Gold (GC) hit (HIGH) $6,400 by end of March?",0.0,0.0230000000447034,22,14,1288.76541,0.027285416507956874,2.7285416507956874,2.7285416507956874,8,897.879787,0.038691570390250105,-3.8691570390250103,-3.8691570390250103
1483729,241666,IS,S9,gold,1,"Will Gold (GC) hit (HIGH) $6,200 by end of March?",0.0,0.033500000834465,31,23,1499.572777,0.05154623782931779,5.154623782931779,5.154623782931779,8,2881.3758040000002,0.05719110112899217,-5.719110112899218,-5.719110112899218
1483730,241666,IS,S9,gold,1,"Will Gold (GC) hit (HIGH) $6,000 by end of March?",0.0,0.0309999994933605,49,29,1673.676399,0.08761852595096328,8.761852595096329,8.761852595096329,20,2000.89987,0.10694701127406776,-10.694701127406777,-10.694701127406777
1483731,241666,IS,S9,gold,1,"Will Gold (GC) hit (HIGH) $5,800 by end of March?",0.0,0.0750000029802322,61,24,3392.618697,0.10952065622776588,10.952065622776589,10.952065622776589,37,4139.938346,0.11594728032640317,-11.594728032640317,-11.594728032640317
1483732,241666,IS,S9,gold,1,"Will Gold (GC) hit (HIGH) $5,600 by end of March?",0.0,0.2150000035762787,28,11,590.057401,0.2758450444123786,27.58450444123786,27.58450444123786,17,2290.125844,0.2627083129825866,-26.270831298258663,-26.270831298258663
1483733,241666,IS,S9,gold,1,"Will Gold (GC) hit (HIGH) $5,500 by end of March?",0.0,0.3600000143051147,28,11,228.407967,0.37159724381233156,37.159724381233154,37.159724381233154,17,596.2634,0.3930635185694728,-39.30635185694728,-39.30635185694728
1483734,241666,IS,S9,gold,1,"Will Gold (GC) hit (HIGH) $5,400 by end of March?",0.0,0.4900000095367431,50,24,832.8744429999999,0.5194248060229507,51.94248060229507,51.94248060229507,26,1432.160403,0.5352438032585086,-53.52438032585086,-53.52438032585086
1483739,241666,IS,S9,gold,-1,"Will Gold (GC) hit (LOW) $4,700 by end of March?",1.0,0.4000000059604645,15,6,148.912169,0.2227788112962887,-77.72211887037113,-77.72211887037113,9,178.936933,0.2985040489060637,70.14959510939363,70.14959510939363
1483741,241666,IS,S9,gold,-1,"Will Gold (GC) hit (LOW) $4,300 by end of March?",0.0,0.0405000001192092,12,6,1532.209443,0.015930849472506455,1.5930849472506454,1.5930849472506454,6,2031.674116,0.03766958411213662,-3.766958411213662,-3.766958411213662
657160,69121,IS,S9,stock,1,Will Meta reach $960 in November?,0.0,0.0350000001490116,25,21,580.311604,0.018679135355326414,1.8679135355326413,1.8679135355326413,4,510.15999999999997,0.014434922377293404,-1.4434922377293404,-1.4434922377293404
657161,69121,IS,S9,stock,1,Will Meta reach $910 in November?,0.0,0.050000000745058,16,13,2324.965416,0.021869127852501325,2.1869127852501324,2.1869127852501324,3,245.454544,0.032999996120740845,-3.2999996120740844,-3.2999996120740844
657162,69121,IS,S9,stock,1,Will Meta reach $870 in November?,0.0,0.0750000029802322,2,2,864.0,0.044212962967361116,4.421296296736112,4.421296296736112,0,0,nan,nan,nan
657164,69121,IS,S9,stock,1,Will Meta reach $800 in November?,0.0,0.1000000014901161,5,5,1445.5268800000001,0.08445839623393887,8.445839623393887,8.445839623393887,0,0,nan,nan,nan
657167,69121,IS,S9,stock,-1,Will Meta dip to $740 in November?,1.0,0.959500014781952,372,92,27997.270698,0.9803253573222901,-1.9674642677709908,-1.9674642677709908,280,51747.770089,0.9874457876372814,1.2554212362718586,1.2554212362718586
657171,69121,IS,S9,stock,-1,Will Meta dip to $640 in November?,1.0,0.4749999940395355,1,1,12.0,0.91,-8.999999999999996,-8.999999999999996,0,0,nan,nan,nan
657173,69121,IS,S9,stock,-1,Will Meta dip to $550 in November?,0.0,0.0549999997019767,4,1,25.0,0.07999999999999996,7.9999999999999964,7.9999999999999964,3,1553.555554,0.08239164587344681,-8.239164587344682,-8.239164587344682
657174,69122,IS,S9,stock,1,Will Tesla reach $615 in November?,0.0,0.0949999988079071,6,6,965.65314,0.0567243606719904,5.67243606719904,5.67243606719904,0,0,nan,nan,nan
657175,69122,IS,S9,stock,1,Will Tesla reach $578 in November?,0.0,0.1949999928474426,6,4,1864.47263,0.07264361504732798,7.264361504732799,7.264361504732799,2,529.5760849999999,0.09453410078996184,-9.453410078996184,-9.453410078996184
657177,69122,IS,S9,stock,1,Will Tesla reach $518 in November?,0.0,0.4300000071525574,6,6,954.351576,0.40169009894582314,40.16900989458232,40.16900989458232,0,0,nan,nan,nan
657178,69122,IS,S9,stock,1,Will Tesla reach $495 in November?,0.0,0.6100000143051147,5,5,352.397561,0.5781752927842171,57.81752927842171,57.81752927842171,0,0,nan,nan,nan
657186,69122,IS,S9,stock,-1,Will Tesla dip to $345 in November?,0.0,0.2549999952316284,5,0,0,nan,nan,nan,5,1725.138887,0.06191530421335224,-6.191530421335225,-6.191530421335225
657187,69122,IS,S9,stock,-1,Will Tesla dip to $308 in November?,0.0,0.050000000745058,1,1,17.608233,0.030000000599999965,3.0000000599999965,3.0000000599999965,0,0,nan,nan,nan
1486031,242027,IS,S9,silver,1,Will Silver (SI) hit (HIGH) $140 by end of March?,0.0,0.0309999994933605,6,5,1182.60408,0.028045144245232145,2.8045144245232145,2.8045144245232145,1,5.0,0.026000000000000023,-2.6000000000000023,-2.6000000000000023
1486032,242027,IS,S9,silver,1,Will Silver (SI) hit (HIGH) $130 by end of March?,0.0,0.0289999991655349,6,3,103.31,0.03223569840410415,3.2235698404104154,3.2235698404104154,3,223.23,0.030831250264422346,-3.0831250264422345,-3.0831250264422345
1486033,242027,IS,S9,silver,1,Will Silver (SI) hit (HIGH) $125 by end of March?,0.0,0.0264999996870756,7,4,132.233845,0.030413310582778776,3.0413310582778776,3.0413310582778776,3,519.696879,0.08274053536867172,-8.274053536867171,-8.274053536867171
1486034,242027,IS,S9,silver,1,Will Silver (SI) hit (HIGH) $120 by end of March?,0.0,0.0340000018477439,11,6,211.429036,0.05033452926841463,5.033452926841463,5.033452926841463,5,332.660946,0.06981642506445744,-6.981642506445744,-6.981642506445744
1486036,242027,IS,S9,silver,1,Will Silver (SI) hit (HIGH) $110 by end of March?,0.0,0.0850000008940696,16,6,1383.705036,0.0717881632397265,7.178816323972651,7.178816323972651,10,1217.003664,0.0916927379102879,-9.16927379102879,-9.16927379102879
1486039,242027,IS,S9,silver,1,Will Silver (SI) hit (HIGH) $95 by end of March?,0.0,0.4850000143051147,24,9,1250.723053,0.4326924803274746,43.26924803274746,43.26924803274746,15,1164.044856,0.5327715566882624,-53.27715566882624,-53.27715566882624
1486046,242027,IS,S9,silver,-1,Will Silver (SI) hit (LOW) $50 by end of March?,0.0,0.0309999994933605,8,5,290.33,0.02181331588050495,2.181331588050495,2.181331588050495,3,438.09333200000003,0.02785931241158408,-2.785931241158408,-2.785931241158408
1487351,242350,IS,S9,crude,0,Will Crude Oil (CL) settle at $60-$65 in March?,0.0,0.0230000000447034,185,174,4729.609251,0.01166383776520768,1.166383776520768,1.166383776520768,11,872.115141,0.01632943440927371,-1.6329434409273709,-1.6329434409273709
1487352,242350,IS,S9,crude,0,Will Crude Oil (CL) settle at $65-$70 in March?,0.0,0.0474999994039535,184,168,4197.912331,0.01997004806095284,1.997004806095284,1.997004806095284,16,1579.670073,0.02774920264140855,-2.774920264140855,-2.774920264140855
1487353,242350,IS,S9,crude,0,Will Crude Oil (CL) settle at $70-$75 in March?,0.0,0.0799999982118606,196,177,4256.139667,0.044097808505112225,4.409780850511223,4.409780850511223,19,1054.293719,0.054957730428951086,-5.495773042895109,-5.495773042895109
1487354,242350,IS,S9,crude,0,Will Crude Oil (CL) settle at $75-$80 in March?,0.0,0.1000000014901161,194,163,4477.388544,0.056394300944686636,5.639430094468664,5.639430094468664,31,2393.496783,0.07934950584289467,-7.934950584289467,-7.934950584289467
1487355,242350,IS,S9,crude,0,Will Crude Oil (CL) settle at $80-$85 in March?,0.0,0.1000000014901161,198,169,4248.818715,0.06730563226564303,6.7305632265643025,6.7305632265643025,29,3764.4403819999998,0.10254363087769165,-10.254363087769166,-10.254363087769166
1487356,242350,IS,S9,crude,0,Will Crude Oil (CL) settle at $85-$90 in March?,0.0,0.1099999994039535,198,145,3692.386498,0.0891421900720723,8.91421900720723,8.91421900720723,53,4966.094108,0.12192694335787459,-12.19269433578746,-12.19269433578746
1487357,242350,IS,S9,crude,0,Will Crude Oil (CL) settle at $90+ in March?,1.0,0.5699999928474426,280,167,5033.146715,0.6950916267922564,-30.490837320774354,-30.490837320774354,113,6642.352192,0.7042568797634791,29.574312023652094,29.574312023652094
657188,69123,IS,S9,stock,1,Will NVIDIA reach $288 in November?,0.0,0.0599999986588954,6,3,806.61,0.03247951302364218,3.247951302364218,3.247951302364218,3,494.433332,0.033876557092635574,-3.3876557092635573,-3.3876557092635573
657189,69123,IS,S9,stock,1,Will NVIDIA reach $268 in November?,0.0,0.0649999976158142,2,2,408.41665,0.04974495040787396,4.974495040787396,4.974495040787396,0,0,nan,nan,nan
657191,69123,IS,S9,stock,1,Will NVIDIA reach $236 in November?,0.0,0.5099999904632568,5,5,234.238217,0.2785383181071125,27.85383181071125,27.85383181071125,0,0,nan,nan,nan
657193,69123,IS,S9,stock,1,Will NVIDIA reach $216 in November?,0.0,0.6499999761581421,8,1,5.0,0.65,65.0,65.0,7,621.212091,0.6583902678825774,-65.83902678825774,-65.83902678825774
657198,69123,IS,S9,stock,-1,Will NVIDIA dip to $172 in November?,1.0,0.4799999892711639,0,0,0,nan,nan,nan,0,0,nan,nan,nan
657200,69123,IS,S9,stock,-1,Will NVIDIA dip to $144 in November?,0.0,0.0450000017881393,4,2,700.0,0.03728571428571431,3.7285714285714313,3.7285714285714313,2,700.0,0.05,-5.0,-5.0
2074171,415432,IS,S9,sp500,1,Will S&P 500 (SPY) hit (HIGH) $770 in May?,0.0,0.135000005364418,2,2,488.0,0.05897540983524589,5.675551740044547,5.453562496564504,0,0,nan,nan,nan
2074172,415432,IS,S9,sp500,1,Will S&P 500 (SPY) hit (HIGH) $760 in May?,0.0,0.2300000041723251,10,9,825.0,0.11733333333696969,11.319068444796947,10.904803555896926,1,43.478259,0.06899998,-7.1569539310399986,-7.413909862079997
2074173,415432,IS,S9,sp500,1,Will S&P 500 (SPY) hit (HIGH) $750 in May?,1.0,0.5649999976158142,4,1,38.38,0.25,-75.75,-76.5,3,125.0,0.312,67.94137599999999,67.08275199999999
2074174,415432,IS,S9,sp500,1,Will S&P 500 (SPY) hit (HIGH) $740 in May?,1.0,0.5249999761581421,31,17,6129.389997,0.5068369120615288,-50.316121820380964,-51.31593484691482,14,89.499258,0.5162679561105868,47.37426297452538,46.37532156010945
2074177,415432,IS,S9,sp500,-1,Will S&P 500 (SPY) hit (LOW) $710 in May?,0.0,0.5099999904632568,40,17,1017.64,0.781262332457942,77.44266724443293,76.75910124307165,23,1333.91463,0.7861600408369039,-79.28845380780328,-79.96090353191616
2074178,415432,IS,S9,sp500,-1,Will S&P 500 (SPY) hit (LOW) $700 in May?,0.0,0.5249999761581421,63,33,2369.44,0.6894574245584568,68.08931891872697,67.23289538160827,30,3171.971793,0.6204155709592328,-62.98355745700553,-63.925557818087775
2236283,415432,IS,S9,sp500,-1,Will S&P 500 (SPY) hit (LOW) $730 in May?,0.0,0.625,33,8,1336.646102,0.682019648762971,67.33448948644029,66.46701409658347,25,5690.640409,0.6917282428777839,-70.02578541131038,-70.87874653484238
2236284,415432,IS,S9,sp500,-1,Will S&P 500 (SPY) hit (LOW) $720 in May?,0.0,0.3849999904632568,42,20,5044.887626,0.4999765735059005,48.997657352785254,47.997657354980454,22,4948.1230399999995,0.43949404193706343,-44.934760309861886,-45.92011642601743
657146,69120,IS,S9,stock,1,Will Google reach $380 in November?,0.0,0.0350000001490116,1,0,0,nan,nan,nan,1,100.0,0.06,-6.0,-6.0
657154,69120,IS,S9,stock,-1,Will Google dip to $260 in November?,0.0,0.4950000047683716,5,2,14.285710000000002,0.37000002097777956,37.00000209777796,37.00000209777796,3,38.07,0.4,-40.0,-40.0
657155,69120,IS,S9,stock,-1,Will Google dip to $250 in November?,0.0,0.4550000131130218,2,2,32.530111,0.1700000040407392,17.00000040407392,17.00000040407392,0,0,nan,nan,nan
657156,69120,IS,S9,stock,-1,Will Google dip to $235 in November?,0.0,0.1000000014901161,2,0,0,nan,nan,nan,2,440.0,0.11568181818181818,-11.568181818181818,-11.568181818181818
657157,69120,IS,S9,stock,-1,Will Google dip to $220 in November?,0.0,0.1000000014901161,3,1,5.494504,0.09000011649999995,9.000011649999994,9.000011649999994,2,709.333332,0.11999999879934212,-11.999999879934212,-11.999999879934212
2677833,631912,OOS,S9,gold,1,"Will Gold (XAUUSD) hit (HIGH) $4,400 in July?",0.0,0.2450000047683715,1,1,2.325578,0.14000003439999997,13.518403340928002,13.036803241856006,0,0,nan,nan,nan
2677834,631912,OOS,S9,gold,1,"Will Gold (XAUUSD) hit (HIGH) $4,300 in July?",0.0,0.3899999856948852,0,0,0,nan,nan,nan,0,0,nan,nan,nan
2677842,631912,OOS,S9,gold,-1,"Will Gold (XAUUSD) hit (LOW) $3,500 in July?",0.0,0.5049999952316284,1,0,0,nan,nan,nan,1,2.040815,0.4899998285,-49.999582836279885,-50.99918282255976
657132,69119,IS,S9,stock,1,Will Amazon reach $312 in November?,0.0,0.0324999988079071,3,3,21.0204,0.02000000000000001,2.000000000000001,2.000000000000001,0,0,nan,nan,nan
657134,69119,IS,S9,stock,1,Will Amazon reach $276 in November?,0.0,0.135000005364418,1,1,23.255807,0.14000000089999998,14.000000089999997,14.000000089999997,0,0,nan,nan,nan
657142,69119,IS,S9,stock,-1,Will Amazon dip to $196 in November?,0.0,0.1550000011920929,16,4,451.70503,0.11671901019261295,11.671901019261295,11.671901019261295,12,1137.96,0.058660770139449536,-5.866077013944953,-5.866077013944953
657143,69119,IS,S9,stock,-1,Will Amazon dip to $184 in November?,0.0,0.0900000035762786,6,6,390.346443,0.0638893256033178,6.38893256033178,6.38893256033178,0,0,nan,nan,nan
3096357,746375,OOS,S9,gold,1,"Will Gold (XAUUSD) hit (HIGH) $4,700 in August?",0.0,0.02449999935925,13,9,1345.580189,0.015362711321475984,1.4757643384582826,1.4152575447689666,4,2530.995465,0.01939948124408901,-2.0160406898950978,-2.092133255381295
3096358,746375,OOS,S9,gold,1,"Will Gold (XAUUSD) hit (HIGH) $4,600 in August?",1.0,0.0590000003576278,3,2,1440.38,0.03587261692271209,-96.5510813968401,-96.68942448595142,1,20.0,0.027000000000000003,97.19491599999999,97.089832
3096359,746375,OOS,S9,gold,1,"Will Gold (XAUUSD) hit (HIGH) $4,500 in August?",1.0,0.0850000008940696,14,11,1201.036871,0.060725763515929614,-94.15557622905239,-94.38372880969773,3,1832.12,0.0691812763356112,92.82429145707813,92.56671054771738
3096360,746375,OOS,S9,gold,1,"Will Gold (XAUUSD) hit (HIGH) $4,400 in August?",1.0,0.209999993443489,48,21,5329.298483,0.12299921088958075,-88.13156053108241,-88.5630421511229,27,3737.381564,0.12820470395887137,86.7324565727461,86.28538354137935
3096364,746375,OOS,S9,gold,-1,"Will Gold (XAUUSD) hit (LOW) $4,000 in August?",0.0,0.8650000095367432,20,12,1327.261665,0.8045385428647506,79.8248291828358,79.19580407919653,8,797.983922,0.6731511465221756,-68.19518937404978,-69.075264095882
3096365,746375,OOS,S9,gold,-1,"Will Gold (XAUUSD) hit (LOW) $3,900 in August?",0.0,0.5400000214576721,31,17,3302.199299,0.47526698479531504,46.52914536769596,45.531592255860424,14,1738.520752,0.4528173144291765,-46.27282661964695,-47.263921796376245
3096366,746375,OOS,S9,gold,-1,"Will Gold (XAUUSD) hit (LOW) $3,800 in August?",0.0,0.324999988079071,78,50,1775.416616,0.2910981154221752,28.284371531738184,27.45893152125885,28,1699.256536,0.2765610601126573,-28.45640617183381,-29.256706332401894
2652150,125877,IS,S15,crude,1,Will Crude Oil (CL) hit (HIGH) $85 by end of June?,0.0,0.0209999997168779,15,5,362.305458,0.006501850711829693,0.6243467645863662,0.5985084579897632,10,4587.113689,0.02781151126292312,-2.889303250709094,-2.9974553751258752
2652151,125877,IS,S15,crude,1,Will Crude Oil (CL) hit (HIGH) $80 by end of June?,0.0,0.0460000000894069,89,46,3911.774903,0.03495130174615727,3.360211341606102,3.2252925085964765,43,16877.948512,0.06610846621497142,-6.857799169135843,-7.104751716774545
3096414,746379,OOS,S15,crude,-1,Will WTI Crude Oil (WTI) hit (LOW) $80 in August?,1.0,0.574999988079071,135,47,14713.974633,0.8293675614049646,-17.629311897480125,-18.195379935456714,88,31580.79369,0.8514435989072079,14.349690522130611,13.843740934982016
3903826,746379,OOS,S15,crude,-1,Will WTI Crude Oil (WTI) hit (LOW) $80 in August?,0.0,0.2300000041723251,122,84,17632.861694,0.06706912284523078,6.456628862099071,6.2063454396750615,38,3606.187156,0.0878947431847821,-9.110151347699263,-9.430828376920317
3903827,746379,OOS,S15,crude,1,Will WTI Crude Oil (WTI) hit (HIGH) $85 in August?,1.0,0.3799999952316284,130,52,7990.839058,0.7910281859165892,-21.558391788349475,-22.219602168357877,78,7359.875846,0.6082914856979273,38.21775961370592,37.26466779720458
3954339,907966,OOS,S15,crude,1,Will WTI Crude Oil (WTI) hit (HIGH) $85 in September?,1.0,0.6800000071525574,5,1,600.0,0.9033333333,-10.015955558996447,-10.365244447992893,4,525.3033300000001,0.9674416056310512,3.1298460555946215,3.0038526742943623
4951222,907966,OOS,S15,crude,1,Will WTI Crude Oil (WTI) hit (HIGH) $95 in September?,1.0,0.6200000047683716,310,124,19158.559276,0.7434159777263498,-26.421396874515125,-27.18439152166522,186,10369.656302,0.8463004917830351,14.849646944133173,14.329343066569864
2350574,522294,IS,S15,crude,1,Will WTI Crude Oil (WTI) hit (HIGH) $90 in June?,1.0,0.8650000095367432,84,43,7072.985819,0.9686443294697413,-3.2570570228492968,-3.378546992672715,41,9187.971857,0.9644947130829278,3.413550045635188,3.276571399563153
2350578,522294,IS,S15,crude,-1,Will WTI Crude Oil (WTI) hit (LOW) $50 in June?,0.0,0.0450000017881393,8,7,354.900706,0.011457035562280369,1.1004004686344169,1.0550973810407969,1,215.31,0.019539269,-2.0305568438677826,-2.1071867877355652
2350586,522294,IS,S15,crude,-1,Will WTI Crude Oil (WTI) hit (LOW) $20 in June?,0.0,0.0599999986588954,15,13,3522.421721,0.007959201142128844,0.7643367051756526,0.7327532961384207,2,476.29,0.005580108757269734,-0.5802067603010805,-0.6024026448751876
2001190,125865,IS,S15,gold,-1,"Will Gold (GC) hit (LOW) $4,600 by end of June?",1.0,0.6100000143051147,0,0,0,nan,nan,nan,0,0,nan,nan,nan
2001247,125865,IS,S15,gold,1,"Will Gold (GC) hit (HIGH) $5,200 by end of June?",0.0,0.5149999856948853,13,13,439.646541,0.5709605799034735,56.1161996059483,55.136341221549245,0,0,nan,nan,nan
2481205,125865,IS,S15,gold,1,"Will Gold (GC) hit (HIGH) $4,400 by end of June? (copy)",0.0,0.5199999809265137,5,3,4.586664,0.24162790210924542,24.16279021092454,24.16279021092454,2,13.754365,0.8360978496419786,-83.60978496419787,-83.60978496419787
2233147,125871,IS,S15,silver,1,Will Silver (SI) hit (HIGH) $110 by end of June?,0.0,0.1550000011920929,2,2,30.0,0.07833333333333331,7.544544444444442,7.255755555555552,0,0,nan,nan,nan
2233148,125871,IS,S15,silver,1,Will Silver (SI) hit (HIGH) $100 by end of June?,0.0,0.3050000071525574,6,5,99.64675000000001,0.2531818950448904,24.561866212223567,23.805542919958096,1,13.36842,0.3740157027,-38.3380820973353,-39.274593924670604
2236170,125871,IS,S15,silver,1,Will Silver (SI) hit (HIGH) $90 by end of June?,0.0,0.6050000190734863,8,6,323.8,0.49,48.0004,47.0008,2,90.0,0.5366666666666667,-54.66128888888889,-55.65591111111112
1032340,125871,IS,S15,silver,1,Will Silver (SI) hit (HIGH) $85 by end of June?,1.0,0.5,4,0,0,nan,nan,nan,4,150.0,0.92,7.705599999999996,7.411199999999996
1032341,125871,IS,S15,silver,1,Will Silver (SI) hit (HIGH) $80 by end of June?,1.0,0.5,12,2,126.8,0.92,-8.29439999999999,-8.588799999999996,10,525.42,0.9490681740322029,4.899831496494178,4.7064803962086454
1032342,125871,IS,S15,silver,-1,Will Silver (SI) hit (LOW) $75 by end of June?,1.0,0.4950000047683716,15,10,200.0,0.8465,-15.869750999999999,-16.389502,5,110.0,0.8172727272727274,17.67537520661156,17.07802314049586
657166,69121,IS,S15,stock,1,Will Meta reach $760 in November?,0.0,0.1500000059604644,9,6,86.142283,0.1409655465260031,14.09655465260031,14.09655465260031,3,211.764702,0.1699999936722242,-16.999999367222422,-16.999999367222422
657168,69121,IS,S15,stock,-1,Will Meta dip to $720 in November?,1.0,0.8744999766349792,17,15,7354.222221,0.9768618633154224,-2.313813668457765,-2.313813668457765,2,200.0,0.8895000000000001,11.049999999999994,11.049999999999994
657169,69121,IS,S15,stock,-1,Will Meta dip to $700 in November?,1.0,0.9745000004768372,10,9,1547.0,0.955304460258565,-4.469553974143503,-4.469553974143503,1,94.0,0.978,2.200000000000002,2.200000000000002
657172,69121,IS,S15,stock,-1,Will Meta dip to $600 in November?,1.0,0.2599999904632568,5,0,0,nan,nan,nan,5,129.224228,0.2785669340414323,72.14330659585677,72.14330659585677
657176,69122,IS,S15,stock,1,Will Tesla reach $548 in November?,0.0,0.1700000017881393,1,1,600.76,0.14,14.000000000000002,14.000000000000002,0,0,nan,nan,nan
657179,69122,IS,S15,stock,1,Will Tesla reach $480 in November?,0.0,0.75,6,4,484.761903,0.7862868382419069,78.62868382419069,78.62868382419069,2,113.29113799999999,0.7944134077019569,-79.4413407701957,-79.4413407701957
657183,69122,IS,S15,stock,-1,Will Tesla dip to $420 in November?,1.0,0.5799999833106995,9,5,40.9,0.5877848410757947,-41.221515892420534,-41.221515892420534,4,186.42666499999999,0.5932949505908932,40.67050494091068,40.67050494091068
657184,69122,IS,S15,stock,-1,Will Tesla dip to $398 in November?,1.0,0.375,4,1,15.87,0.37,-63.0,-63.0,3,30.0,0.39333333333333337,60.66666666666667,60.66666666666667
657185,69122,IS,S15,stock,-1,Will Tesla dip to $375 in November?,0.0,0.375,1,1,1.35135,0.26,26.0,26.0,0,0,nan,nan,nan
1486035,242027,IS,S15,silver,1,Will Silver (SI) hit (HIGH) $115 by end of March?,0.0,0.0599999986588954,12,3,155.469233,0.035179185574746655,3.5179185574746654,3.5179185574746654,9,151.321302,0.08855327585530819,-8.85532758553082,-8.85532758553082
1486037,242027,IS,S15,silver,1,Will Silver (SI) hit (HIGH) $105 by end of March?,0.0,0.3849999904632568,6,0,0,nan,nan,nan,6,160.604853,0.16365941944415935,-16.365941944415933,-16.365941944415933
1486038,242027,IS,S15,silver,1,Will Silver (SI) hit (HIGH) $100 by end of March?,0.0,0.1500000059604644,2,0,0,nan,nan,nan,2,20.0,0.5,-50.0,-50.0
1486045,242027,IS,S15,silver,-1,Will Silver (SI) hit (LOW) $60 by end of March?,0.0,0.0900000035762786,12,8,134.637345,0.06415338180128642,6.415338180128642,6.415338180128642,4,88.525554,0.09392654011393042,-9.392654011393041,-9.392654011393041
657190,69123,IS,S15,stock,1,Will NVIDIA reach $252 in November?,0.0,0.1049999967217445,3,1,111.59,0.09999999999999998,9.999999999999998,9.999999999999998,2,215.0,0.10069767441860464,-10.069767441860463,-10.069767441860463
657192,69123,IS,S15,stock,1,Will NVIDIA reach $224 in November?,0.0,0.4699999988079071,5,3,12.85185,0.46,46.0,46.0,2,205.0,0.47,-47.0,-47.0
657195,69123,IS,S15,stock,-1,Will NVIDIA dip to $200 in November?,1.0,0.9200000166893004,3,0,0,nan,nan,nan,3,75.0,0.9226666666666667,7.733333333333325,7.733333333333325
657196,69123,IS,S15,stock,-1,Will NVIDIA dip to $192 in November?,1.0,0.6800000071525574,4,4,129.986665,0.6639732314080062,-33.60267685919938,-33.60267685919938,0,0,nan,nan,nan
657199,69123,IS,S15,stock,-1,Will NVIDIA dip to $160 in November?,0.0,0.2399999946355819,5,5,29.922836,0.19459515802166785,19.459515802166784,19.459515802166784,0,0,nan,nan,nan
2074170,415432,IS,S15,sp500,1,Will S&P 500 (SPY) hit (HIGH) $780 in May?,0.0,0.1000000014901161,9,7,607.177022,0.02241033752840801,2.1534012956397177,2.0657688384386343,2,144.461409,0.04153356974980154,-4.312591104314714,-4.471825233649273
2074175,415432,IS,S15,sp500,1,Will S&P 500 (SPY) hit (HIGH) $730 in May?,1.0,0.7699999809265137,14,7,808.403332,0.7397166851132075,-26.79847513219259,-27.568618775705932,7,799.939943,0.7414556582523808,25.087637514370282,24.320840853978645
2074179,415432,IS,S15,sp500,-1,Will S&P 500 (SPY) hit (LOW) $690 in May?,0.0,0.375,25,20,2704.87,0.45353403305889006,44.36203965022409,43.370675994559186,5,635.564101,0.40090369893311556,-41.051089585771,-42.01180927823045
2074180,415432,IS,S15,sp500,-1,Will S&P 500 (SPY) hit (LOW) $680 in May?,0.0,0.2649999856948852,4,1,1.35135,0.26,25.230400000000003,24.460800000000003,3,42.142856,0.27999998386440894,-28.80639835804225,-29.612798329643613
2074181,415432,IS,S15,sp500,-1,Will S&P 500 (SPY) hit (LOW) $670 in May?,0.0,0.1800000071525573,4,3,232.176466,0.15297187786465669,14.778901856676798,14.260615926887931,1,30.0,0.2,-20.64,-21.28
2074183,415432,IS,S15,sp500,-1,Will S&P 500 (SPY) hit (LOW) $650 in May?,0.0,0.1000000014901161,25,21,1385.747654,0.07985066377772307,7.691168236684387,7.397270095596466,4,197.242221,0.0846132177667171,-8.771137061255226,-9.080952345838742
657148,69120,IS,S15,stock,1,Will Google reach $335 in November?,0.0,0.0949999988079071,1,0,0,nan,nan,nan,1,11.11111,0.089999919,-8.9999919,-8.9999919
657150,69120,IS,S15,stock,1,Will Google reach $300 in November?,1.0,0.4699999988079071,3,1,5.0,0.5,-50.0,-50.0,2,150.0,0.5033333333333333,49.66666666666667,49.66666666666667
657153,69120,IS,S15,stock,-1,Will Google dip to $270 in November?,0.0,0.5199999809265137,1,0,0,nan,nan,nan,1,101.59,0.69,-69.0,-69.0
657159,69120,IS,S15,stock,-1,Will Google dip to $175 in November?,0.0,0.0439999997615814,1,1,2.0408,0.020000000000000018,2.0000000000000018,2.0000000000000018,0,0,nan,nan,nan
2677835,631912,OOS,S15,gold,1,"Will Gold (XAUUSD) hit (HIGH) $4,200 in July?",1.0,0.5400000214576721,2,1,2.0,0.5,-51.0,-52.0,1,1.136358,0.8799999648,11.577603412992007,11.155203305984012
657135,69119,IS,S15,stock,1,Will Amazon reach $260 in November?,0.0,0.5149999856948853,5,4,35.01,0.68,68.0,68.0,1,11.267603,0.7099999885,-70.99999885,-70.99999885
657136,69119,IS,S15,stock,1,Will Amazon reach $248 in November?,1.0,0.8999999761581421,6,4,451.0,0.88,-12.0,-12.0,2,56.4382,0.8900000000000001,10.999999999999988,10.999999999999988
657138,69119,IS,S15,stock,1,Will Amazon reach $232 in November?,1.0,0.975000023841858,6,4,550.0,0.9457272727272726,-5.427272727272737,-5.427272727272737,2,350.0,0.979,2.100000000000002,2.100000000000002
657139,69119,IS,S15,stock,-1,Will Amazon dip to $224 in November?,1.0,0.3100000023841858,2,2,82.35042,0.29173405548392134,-70.82659445160786,-70.82659445160786,0,0,nan,nan,nan
657141,69119,IS,S15,stock,-1,Will Amazon dip to $208 in November?,0.0,0.0700000002980232,3,0,0,nan,nan,nan,3,701.74,0.11408327871986206,-11.408327871986206,-11.408327871986206
3096361,746375,OOS,S15,gold,1,"Will Gold (XAUUSD) hit (HIGH) $4,300 in August?",1.0,0.3549999892711639,45,25,1133.581317,0.32086152405074403,-68.78548522066392,-69.65712284640222,20,2393.076152,0.31954586917379646,67.17566785594931,66.30592262927829
3096367,746375,OOS,S15,gold,-1,"Will Gold (XAUUSD) hit (LOW) $3,700 in August?",0.0,0.1000000014901161,39,25,1081.557178,0.1353016650196213,13.062186004111972,12.594205506261813,14,2083.839521,0.12095902562016247,-12.521214320980981,-12.946526079945714
3096368,746375,OOS,S15,gold,-1,"Will Gold (XAUUSD) hit (LOW) $3,600 in August?",0.0,0.0700000002980232,28,17,1414.206719,0.04731003615068031,4.5507164285476245,4.3704292420272175,11,1905.61,0.11616941556824324,-12.02763788664343,-12.438334216462533
3096369,746375,OOS,S15,gold,-1,"Will Gold (XAUUSD) hit (LOW) $3,500 in August?",0.0,0.02449999935925,7,2,11.184833000000001,0.01653211992319711,1.5881767565835425,1.523141520847374,5,1422.77,0.08926936188040231,-9.252137559679703,-9.577338931319176
3096370,746375,OOS,S15,gold,-1,"Will Gold (XAUUSD) hit (LOW) $3,400 in August?",0.0,0.0320000015199184,15,9,46.710142,0.00451722026540126,0.43373476659422555,0.4157475066483251,6,2061.67,0.06583992588532596,-6.83001270871156,-7.076032828890522
3933981,746375,OOS,S15,gold,-1,"Will Gold (XAUUSD) hit (LOW) $4,400 in August?",1.0,0.6464999914169312,30,18,946.809665,0.3246112363790121,-68.41583148848079,-69.2927866148628,12,807.49558,0.3851495372850217,60.5378087866412,59.59057130178458
1492657,243792,IS,S15,sp500,1,"Will S&P 500 (SPX) hit $7,300 (HIGH) in March 2026?",0.0,0.0205000005662441,22,16,188.249788,0.11474903228290323,11.474903228290323,11.474903228290323,6,388.951276,0.10946031449588946,-10.946031449588945,-10.946031449588945
1492659,243792,IS,S15,sp500,1,"Will S&P 500 (SPX) hit $7,100 (HIGH) in March 2026?",0.0,0.1400000005960464,13,11,230.564802,0.21368749945972337,21.368749945972336,21.368749945972336,2,247.93,0.519933852252426,-51.993385225242605,-51.993385225242605
1492660,243792,IS,S15,sp500,1,"Will S&P 500 (SPX) hit $7,000 (HIGH) in March 2026?",0.0,0.3650000095367431,20,12,702.708087,0.269073321483464,26.907332148346402,26.907332148346402,8,139.94333,0.2785277297603273,-27.852772976032732,-27.852772976032732
1492661,243792,IS,S15,sp500,1,"Will S&P 500 (SPX) hit $6,900 (HIGH) in March 2026?",0.0,0.550000011920929,14,11,319.726915,0.34351070193762057,34.351070193762055,34.351070193762055,3,80.384575,0.5559673481756132,-55.59673481756132,-55.59673481756132
1492665,243792,IS,S15,sp500,-1,"Will S&P 500 (SPX) hit $6,400 (LOW) in March 2026?",1.0,0.4050000011920929,3,0,0,nan,nan,nan,3,188.554125,0.5219403075904097,47.80596924095904,47.80596924095904
1492666,243792,IS,S15,sp500,-1,"Will S&P 500 (SPX) hit $6,300 (LOW) in March 2026?",0.0,0.3000000119209289,3,1,5.0,0.30000000000000004,30.000000000000004,30.000000000000004,2,14.591159000000001,0.41120777311638673,-41.120777311638676,-41.120777311638676
1492667,243792,IS,S15,sp500,-1,"Will S&P 500 (SPX) hit $6,200 (LOW) in March 2026?",0.0,0.2249999940395355,4,2,2.36111,0.15294120138409473,15.294120138409472,15.294120138409472,2,21.149423,0.28369558829099123,-28.369558829099123,-28.369558829099123
1492668,243792,IS,S15,sp500,-1,"Will S&P 500 (SPX) hit $6,000 (LOW) in March 2026?",0.0,0.1199999973177909,19,9,1097.795484,0.11700940555153493,11.700940555153492,11.700940555153492,10,2289.846665,0.1573530247712024,-15.73530247712024,-15.73530247712024
1432259,229249,IS,S15,stock,1,Will NVIDIA reach $280 in March?,0.0,0.025000000372529,27,21,446.0557,0.00845562784871935,0.845562784871935,0.845562784871935,6,393.9085,0.025710437839893026,-2.5710437839893028,-2.5710437839893028
1432268,229249,IS,S15,stock,1,Will NVIDIA reach $244 in March?,0.0,0.0305000003427267,4,2,37.18,0.020166218396987647,2.0166218396987645,2.0166218396987645,2,324.459,0.0388030536967099,-3.88030536967099,-3.88030536967099
1432272,229249,IS,S15,stock,1,Will NVIDIA reach $228 in March?,0.0,0.0355000011622905,7,2,10.072454,0.022000001187666082,2.2000001187666083,2.2000001187666083,5,205.368814,0.046258225971714896,-4.6258225971714895,-4.6258225971714895
1432282,229249,IS,S15,stock,1,Will NVIDIA reach $208 in March?,0.0,0.4399999976158142,5,0,0,nan,nan,nan,5,192.195678,0.2130120636739835,-21.30120636739835,-21.30120636739835
1432287,229249,IS,S15,stock,1,Will NVIDIA reach $200 in March?,0.0,0.5849999785423279,18,10,585.116162,0.35864650240539225,35.86465024053923,35.86465024053923,8,119.516559,0.5354905925807733,-53.54905925807733,-53.54905925807733
1432293,229249,IS,S15,stock,-1,Will NVIDIA dip to $192 in March?,1.0,0.949999988079071,212,59,21831.424527,0.9572727266613991,-4.272727333860093,-4.272727333860093,153,29537.541641,0.9858468232062239,1.4153176793776145,1.4153176793776145
1432298,229249,IS,S15,stock,-1,Will NVIDIA dip to $184 in March?,1.0,0.7300000190734863,97,29,3650.660581,0.9671327179521529,-3.2867282047847057,-3.2867282047847057,68,13496.464691000001,0.986717100806323,1.3282899193676978,1.3282899193676978
1432305,229249,IS,S15,stock,-1,Will NVIDIA dip to $176 in March?,1.0,0.5600000023841858,7,2,6.106881,0.6725009051295098,-32.749909487049024,-32.749909487049024,5,494.40999999999997,0.9879061507380169,1.2093849261983092,1.2093849261983092
1432319,229249,IS,S15,stock,-1,Will NVIDIA dip to $164 in March?,0.0,0.5099999904632568,10,6,72.216486,0.6470474068803771,64.7047406880377,64.7047406880377,4,44.597588,0.8531851094479895,-85.31851094479896,-85.31851094479896
1432334,229249,IS,S15,stock,-1,Will NVIDIA dip to $152 in March?,0.0,0.4399999976158142,9,8,252.598608,0.13451465654718753,13.451465654718753,13.451465654718753,1,19.6,0.3628571429,-36.28571429,-36.28571429
1432337,229249,IS,S15,stock,-1,Will NVIDIA dip to $136 in March?,0.0,0.0549999997019767,5,3,151.26,0.030593415307272245,3.0593415307272243,3.0593415307272243,2,103.81,0.08646334653844524,-8.646334653844525,-8.646334653844525
1432342,229249,IS,S15,stock,-1,Will NVIDIA dip to $116 in March?,0.0,0.050000000745058,4,3,396.2,0.010101463907117627,1.0101463907117627,1.0101463907117627,1,165.67,0.0480202209,-4.80202209,-4.80202209
2350542,522292,IS,S15,gold,1,"Will Gold (XAUUSD) hit (HIGH) $5,000 in June?",0.0,0.5099999904632568,3,3,43.088229999999996,0.3200000092918039,31.129600915800193,30.25920090241999,0,0,nan,nan,nan
2350544,522292,IS,S15,gold,1,"Will Gold (XAUUSD) hit (HIGH) $4,800 in June?",0.0,0.5099999904632568,3,0,0,nan,nan,nan,3,43.08,0.25,-25.75,-26.5
2350546,522292,IS,S15,gold,1,"Will Gold (XAUUSD) hit (HIGH) $4,600 in June?",0.0,0.6150000095367432,2,0,0,nan,nan,nan,2,14.14275,0.9807142175319511,-98.14707711744568,-98.22273248169626
2350549,522292,IS,S15,gold,-1,"Will Gold (XAUUSD) hit (LOW) $4,300 in June?",1.0,0.5699999928474426,0,0,0,nan,nan,nan,0,0,nan,nan,nan
657202,69124,IS,S15,stock,1,Will Netflix reach $147 in November?,0.0,0.0305000003427267,11,7,1225.702733,0.030989318190663615,3.0989318190663617,3.0989318190663617,4,320.0,0.05500000000000003,-5.500000000000003,-5.500000000000003
657203,69124,IS,S15,stock,1,Will Netflix reach $138.30 in November?,0.0,0.0399999991059303,2,1,25.0,0.040000000000000036,4.0000000000000036,4.0000000000000036,1,100.0,0.06,-6.0,-6.0
657204,69124,IS,S15,stock,1,Will Netflix reach $131.30 in November?,0.0,0.1500000059604644,8,7,2209.0,0.08603893164327749,8.603893164327749,8.603893164327749,1,35.0,0.08999999999999997,-8.999999999999996,-8.999999999999996
657205,69124,IS,S15,stock,1,Will Netflix reach $124.30 in November?,0.0,0.5149999856948853,28,19,1295.78,0.3427199833279569,34.27199833279569,34.27199833279569,9,617.157434,0.319944455210768,-31.9944455210768,-31.9944455210768
657208,69124,IS,S15,stock,1,Will Netflix reach $112 in November?,1.0,0.7900000214576721,1,0,0,nan,nan,nan,1,4.994869,0.9769999974,2.3000002600000014,2.3000002600000014
657210,69124,IS,S15,stock,-1,Will Netflix dip to $105 in November?,1.0,0.5299999713897705,10,2,34.41,0.658546934030805,-34.1453065969195,-34.1453065969195,8,516.0,0.5251503875988371,47.484961240116284,47.484961240116284
657212,69124,IS,S15,stock,-1,Will Netflix dip to $96.30 in November?,0.0,0.5149999856948853,6,6,705.0,0.2825531914893617,28.25531914893617,28.25531914893617,0,0,nan,nan,nan
657213,69124,IS,S15,stock,-1,Will Netflix dip to $91 in November?,0.0,0.550000011920929,8,4,474.12111,0.13990625939435603,13.990625939435603,13.990625939435603,4,459.0,0.14217864923747278,-14.217864923747278,-14.217864923747278
657214,69124,IS,S15,stock,-1,Will Netflix dip to $84 in November?,0.0,0.6150000095367432,5,5,1822.46,0.060578668366383905,6.05786683663839,6.05786683663839,0,0,nan,nan,nan
657215,69124,IS,S15,stock,-1,Will Netflix dip to $75.30 in November?,0.0,0.4699999988079071,10,6,2034.1408999999999,0.036848099853849875,3.6848099853849874,3.6848099853849874,4,157.185944,0.07220746785951583,-7.220746785951583,-7.220746785951583
1032326,125870,IS,S15,silver,0,Will Silver (SI) settle at <$50 in June?,0.0,0.4900000095367431,38,19,510.28999,0.0992161319880094,9.564124034235551,9.206634869670161,19,750.0,0.10439999999999999,-10.814002559999999,-11.18800512
1032327,125870,IS,S15,silver,0,Will Silver (SI) settle at $50-$60 in June?,1.0,0.4950000047683716,15,13,1601.59,0.05287807741057325,-94.91252020430241,-95.11284814966216,2,1232.0,0.8440746753246754,15.066081996331585,14.539631525130705
1032328,125870,IS,S15,silver,0,Will Silver (SI) settle at $60-$70 in June?,0.0,0.4950000047683716,13,12,399.59,0.09331139417277709,8.99272190571647,8.654304394155231,1,10.0,0.13,-13.4524,-13.9048
1032329,125870,IS,S15,silver,0,Will Silver (SI) settle at $70-$80 in June?,0.0,0.4950000047683716,15,12,352.26,0.1010690966828479,9.743493130770545,9.380076593256302,3,115.4,0.12606585788561525,-13.047278818006241,-13.487971847450957
1032330,125870,IS,S15,silver,0,Will Silver (SI) settle at $80-$90 in June?,0.0,0.4950000047683716,14,13,419.99,0.11253244125455367,10.853768561775992,10.454292998096614,1,5.0,0.09,-9.3276,-9.6552
1032331,125870,IS,S15,silver,0,Will Silver (SI) settle at $90-$100 in June?,0.0,0.4850000143051147,15,13,433.80111,0.08592165888696779,8.278009379012461,7.963852869328145,2,50.336922,0.1541929599894092,-15.940965963257375,-16.462635927573828
1032332,125870,IS,S15,silver,0,Will Silver (SI) settle at $100-$115 in June?,0.0,0.4900000095367431,16,12,407.26,0.08601581300029462,8.287112928372691,7.9726445567159185,4,263.09,0.1957470827371622,-20.204428923064434,-20.834149572412645
1032333,125870,IS,S15,silver,0,Will Silver (SI) settle at >$115 in June?,0.0,0.4749999940395355,24,5,122.035819,0.2808169132949398,27.27385623148421,26.46602113347444,19,1213.184733,0.32940234584123534,-33.82382034570564,-34.707406107287746
657122,69118,IS,S15,stock,1,Will Microsoft reach $585 in November?,0.0,0.1449999958276748,5,4,965.91,0.06465881914464085,6.4658819144640844,6.4658819144640844,1,100.0,0.06999999999999995,-6.999999999999995,-6.999999999999995
657124,69118,IS,S15,stock,1,Will Microsoft reach $555 in November?,0.0,0.4699999988079071,1,0,0,nan,nan,nan,1,9.375,0.32,-32.0,-32.0
657125,69118,IS,S15,stock,-1,Will Microsoft dip to $540 in November?,1.0,0.5299999713897705,2,2,558.063029,0.9663908769625368,-3.3609123037463218,-3.3609123037463218,0,0,nan,nan,nan
657128,69118,IS,S15,stock,-1,Will Microsoft dip to $488 in November?,1.0,0.2949999868869781,3,2,15.70857,0.30000000000000004,-70.0,-70.0,1,31.25,0.32,68.0,68.0
2074058,415424,IS,S15,stock,1,Will NVIDIA (NVDA) hit (HIGH) $264 in May?,0.0,0.0289999991655349,18,15,624.118071,0.01580501103519965,1.5182802528744574,1.45605940222895,3,144.57666500000002,0.02890023089611378,-3.0022831198124384,-3.114543150013499
2074059,415424,IS,S15,stock,1,Will NVIDIA (NVDA) hit (HIGH) $256 in May?,0.0,0.0439999997615814,4,4,151.36,0.044141120507399614,4.245341322788958,4.076570594837955,0,0,nan,nan,nan
2074060,415424,IS,S15,stock,1,Will NVIDIA (NVDA) hit (HIGH) $248 in May?,0.0,0.0900000035762786,0,0,0,nan,nan,nan,0,0,nan,nan,nan
2074061,415424,IS,S15,stock,1,Will NVIDIA (NVDA) hit (HIGH) $240 in May?,0.0,0.1299999952316284,12,10,102.116282,0.11726134916353824,11.312090415730284,10.898045915106744,2,679.666665,0.14792545252756797,-15.296719304845126,-15.800893356933454
2074062,415424,IS,S15,stock,1,Will NVIDIA (NVDA) hit (HIGH) $232 in May?,1.0,0.1749999970197677,3,2,501.190475,0.16000000000000003,-84.5376,-85.0752,1,11.11111,0.179999928,81.40960738432003,80.81920756864004
2074063,415424,IS,S15,stock,1,Will NVIDIA (NVDA) hit (HIGH) $224 in May?,1.0,0.3000000119209289,3,1,50.0,0.28,-72.80640000000001,-73.6128,2,28.419352,0.30999996060976204,68.14440399889696,67.28880405877013
2074064,415424,IS,S15,stock,1,Will NVIDIA (NVDA) hit (HIGH) $216 in May?,1.0,0.4699999988079071,12,9,42.81,0.44,-56.98559999999999,-57.9712,3,34.900000000000006,0.44999999999999996,54.010000000000005,53.02
2074067,415424,IS,S15,stock,-1,Will NVIDIA (NVDA) hit (LOW) $192 in May?,0.0,0.7649999856948853,7,3,18.060000000000002,0.7844296788482835,77.76656885366731,77.09016982250625,4,25.278319,0.7864841408184631,-79.32012143008433,-79.99182877832236
2074068,415424,IS,S15,stock,-1,Will NVIDIA (NVDA) hit (LOW) $184 in May?,0.0,0.5149999856948853,17,11,152.82,0.49647820965842165,48.647870577871004,47.64792018989984,6,184.146152,0.5199999997827813,-52.9983999783129,-53.996799978347646
2074069,415424,IS,S15,stock,-1,Will NVIDIA (NVDA) hit (LOW) $176 in May?,0.0,0.3449999988079071,1,0,0,nan,nan,nan,1,100.0,0.35,-35.91,-36.82
2074070,415424,IS,S15,stock,-1,Will NVIDIA (NVDA) hit (LOW) $168 in May?,0.0,0.2249999940395355,17,16,633.94002,0.14119999238526554,13.634949020383887,13.149898802241221,1,119.98,0.19,-19.6156,-20.231199999999998
2074071,415424,IS,S15,stock,-1,Will NVIDIA (NVDA) hit (LOW) $160 in May?,0.0,0.135000005364418,46,28,1809.745235,0.09828557609096045,9.47405552260233,9.119553436108617,18,172.32,0.1382590529247911,-14.302479241315632,-14.779053190152158
1432262,229251,IS,S15,stock,1,Will Google reach $420 in March?,0.0,0.0299999993294477,2,2,56.0,0.020000000000000018,2.0000000000000018,2.0000000000000018,0,0,nan,nan,nan
1432267,229251,IS,S15,stock,1,Will Google reach $395 in March?,0.0,0.1099999994039535,2,2,34.12,0.02472450175849944,2.4724501758499438,2.4724501758499438,0,0,nan,nan,nan
1432344,229251,IS,S15,stock,-1,Will Google dip to $240 in March?,0.0,0.0599999986588954,3,3,44.21,0.030000000000000027,3.0000000000000027,3.0000000000000027,0,0,nan,nan,nan
1432347,229251,IS,S15,stock,-1,Will Google dip to $215 in March?,0.0,0.0535000003874301,0,0,0,nan,nan,nan,0,0,nan,nan,nan
2074212,415435,IS,S15,silver,1,Will Silver (XAGUSD) hit (HIGH) $88 in May?,1.0,0.2750000059604645,15,13,748.240719,0.20751173259781033,-79.90662919394723,-80.56443164767548,2,280.3,0.17,82.4356,81.8712
2074213,415435,IS,S15,silver,1,Will Silver (XAGUSD) hit (HIGH) $86 in May?,1.0,0.2599999904632568,2,1,1.42857,0.30000000000000004,-70.83999999999999,-71.67999999999999,1,1.42,0.35,64.09,63.18
2074214,415435,IS,S15,silver,1,Will Silver (XAGUSD) hit (HIGH) $84 in May?,1.0,0.6050000190734863,8,6,57.6825,0.36182030945260696,-64.74159454722022,-65.66522003970113,2,102.0,0.36999999999999994,62.06760000000001,61.13520000000001
2074215,415435,IS,S15,silver,1,Will Silver (XAGUSD) hit (HIGH) $82 in May?,1.0,0.4149999916553497,28,7,297.63,0.40685851559221514,-60.27944709630775,-61.244745751837,21,3190.996594,0.4598644516835933,53.01999828059532,52.026441729549944
2074216,415435,IS,S15,silver,1,Will Silver (XAGUSD) hit (HIGH) $80 in May?,1.0,0.5899999737739563,11,7,796.48,0.7420547910895465,-26.56015880348773,-27.325796715930117,4,843.48,0.6447807891154408,34.60576699604348,33.68961290363104
2074217,415435,IS,S15,silver,1,Will Silver (XAGUSD) hit (HIGH) $78 in May?,1.0,0.7950000166893005,5,4,245.75,0.8128179043724313,-19.32678939757303,-19.9353692323892,1,1.176466,0.849999915,14.490008262000023,13.980008024000053
2074220,415435,IS,S15,silver,-1,Will Silver (XAGUSD) hit (LOW) $72 in May?,1.0,0.800000011920929,2,2,56.666665,0.7670588342937087,-24.00883488673188,-24.723553202834616,0,0,nan,nan,nan
2074221,415435,IS,S15,silver,-1,Will Silver (XAGUSD) hit (LOW) $70 in May?,0.0,0.3700000047683716,7,7,173.607271,0.5524611466354372,54.25712335116894,53.26813203879416,0,0,nan,nan,nan
2074222,415435,IS,S15,silver,-1,Will Silver (XAGUSD) hit (LOW) $68 in May?,0.0,0.449999988079071,13,7,1106.81,0.4115869932508742,40.18996676413711,39.22123420318679,6,709.322652,0.4085852851062713,-41.82510191023072,-42.79167530983432
2074223,415435,IS,S15,silver,-1,Will Silver (XAGUSD) hit (LOW) $66 in May?,0.0,0.2199999988079071,13,9,391.898622,0.274392204942145,26.64281600297797,25.846411511741437,4,881.66,0.28235612367579344,-29.04613693997364,-29.856661512367932
2074225,415435,IS,S15,silver,-1,Will Silver (XAGUSD) hit (LOW) $62 in May?,0.0,0.1500000059604644,28,24,247.354556,0.1277345180565253,12.32777816183896,11.88210451802539,4,883.3,0.1634269217706329,-16.889566429108122,-17.436440681152956
2231022,415435,IS,S15,silver,1,Will Silver (XAGUSD) hit (HIGH) $92 in May?,0.0,0.1309999972581863,11,4,208.827321,0.11596820226277724,11.186741912970856,10.776663599663989,7,710.100173,0.1227425964867642,-12.704967054654226,-13.135674460632032
2231023,415435,IS,S15,silver,1,Will Silver (XAGUSD) hit (HIGH) $90 in May?,0.0,0.1599999964237213,22,17,39.95237,0.1600000200231165,15.462401947848775,14.9248018933859,5,1598.472351,0.16999999959620274,-17.56439995855425,-18.128799957488223
2305412,415435,IS,S15,silver,1,Will Silver (XAGUSD) hit (HIGH) $82 in May?,0.0,0.3000000119209289,12,3,302.0,0.3264900662195364,31.769429410435645,30.88985219891765,9,892.980486,0.35581079764095025,-36.49791765978727,-37.41475555547951
2305413,415435,IS,S15,silver,1,Will Silver (XAGUSD) hit (HIGH) $80 in May?,0.0,0.4550000131130218,53,23,5817.972943,0.6765205666094378,66.77669470268826,65.90133274443272,30,7268.197088,0.48474615538480453,-49.47368481937828,-50.4727541002761
2305665,415435,IS,S15,silver,1,Will Silver (XAGUSD) hit (HIGH) $78 in May?,1.0,0.6399999856948853,71,34,7197.2422209999995,0.8241115054762425,-18.168656380447445,-18.74846330851915,37,7811.901774,0.7517836190122879,24.075218061982913,23.328798025194615
2350515,522290,IS,S15,sp500,1,Will S&P 500 (SPY) hit (HIGH) $780 in June?,0.0,0.5,12,5,64.07,0.3249414702530045,31.61672898064917,30.73931093599789,7,445.22636,0.23249049764259241,-23.96280442885321,-24.676559093447178
2350516,522290,IS,S15,sp500,1,Will S&P 500 (SPY) hit (HIGH) $770 in June?,0.0,0.4699999988079071,1,0,0,nan,nan,nan,1,1.333332,0.75,-75.75,-76.5
2350518,522290,IS,S15,sp500,1,Will S&P 500 (SPY) hit (HIGH) $750 in June?,1.0,0.9520000219345092,4,2,35.0,0.9177142857142858,-8.530630530612237,-8.832689632653047,2,29.78,0.989,1.0564840000000009,1.012968000000001
2350519,522290,IS,S15,sp500,-1,Will S&P 500 (SPY) hit (LOW) $740 in June?,1.0,0.5600000023841858,2,2,52.083332,0.5776000083865559,-43.215912116138036,-44.19182507093167,0,0,nan,nan,nan
2350520,522290,IS,S15,sp500,-1,Will S&P 500 (SPY) hit (LOW) $730 in June?,1.0,0.5299999713897705,4,3,502.5873,0.37,-63.9324,-64.8648,1,49.99,0.35000000000000003,64.08999999999999,63.17999999999999
2350521,522290,IS,S15,sp500,-1,Will S&P 500 (SPY) hit (LOW) $720 in June?,0.0,0.5400000214576721,4,1,1.0989,0.08999999999999997,8.672399999999996,8.344799999999996,3,126.0,0.24896984126984129,-25.644919564615776,-26.392855002247416
2350522,522290,IS,S15,sp500,-1,Will S&P 500 (SPY) hit (LOW) $710 in June?,0.0,0.5149999856948853,3,2,55.947391,0.03516541105871578,3.3808258861764293,3.2451106664812794,1,400.0,0.16,-16.5376,-17.075200000000002
2350525,522290,IS,S15,sp500,-1,Will S&P 500 (SPY) hit (LOW) $680 in June?,0.0,0.2549999952316284,1,1,5.0,0.010000000000000009,0.9604000000000008,0.9208000000000007,0,0,nan,nan,nan
1262890,186962,IS,S15,stock,-1,Will Palantir dip to $168 in February?,1.0,0.5954999923706055,25,14,733.409539,0.9181904068352024,-8.180959316479763,-8.180959316479763,11,749.696753,0.95126199646083,4.873800353917002,4.873800353917002
1262892,186962,IS,S15,stock,-1,Will Palantir dip to $156 in February?,1.0,0.9505000114440918,9,3,71.559013,0.9150264551328842,-8.497354486711583,-8.497354486711583,6,351.04,0.9917679466727438,0.8232053327256184,0.8232053327256184
1262893,186962,IS,S15,stock,-1,Will Palantir dip to $147 in February?,1.0,0.5049999952316284,8,4,112.86,0.9436204146730462,-5.637958532695375,-5.637958532695375,4,170.0,0.9529411764705882,4.705882352941182,4.705882352941182
1262895,186962,IS,S15,stock,-1,Will Palantir dip to $126 in February?,0.0,0.4950000047683716,1,1,44.0,0.37999999999999995,37.99999999999999,37.99999999999999,0,0,nan,nan,nan
2074249,415444,IS,S15,natgas,1,Will Natural Gas (NG) hit (HIGH) $4.00 in May?,0.0,0.0785000026226043,19,10,112.510292,0.06769878438539187,6.517415802626658,6.26495316671413,9,41.4,0.08509661835748789,-8.821082571355221,-9.132503306961652
2074252,415444,IS,S15,natgas,1,Will Natural Gas (NG) hit (HIGH) $3.40 in May?,0.0,0.1599999964237213,3,3,3.6395109999999997,0.18000000549523834,17.409600535456025,16.819200521388215,0,0,nan,nan,nan
2074253,415444,IS,S15,natgas,1,Will Natural Gas (NG) hit (HIGH) $3.20 in May?,1.0,0.3700000047683716,28,10,1502.38,0.35103928433552095,-65.80731438720281,-66.71855720795772,18,2143.49,0.3249065775903527,66.63197306724923,65.75460389353371
2074254,415444,IS,S15,natgas,1,Will Natural Gas (NG) hit (HIGH) $3.00 in May?,1.0,0.5699999928474426,29,12,861.190793,0.5758995567870503,-43.38700135041309,-44.36395837953121,17,2973.80804,0.5808717209603438,40.93898884496997,39.965149785974326
2074256,415444,IS,S15,natgas,-1,Will Natural Gas (NG) hit (LOW) $2.60 in May?,0.0,0.5350000262260437,45,34,516.445316,0.5300000010068822,52.00360010092987,51.00720010117152,11,161.0,0.54,-54.9936,-55.9872
2183009,415444,IS,S15,natgas,-1,Will Natural Gas (NG) hit (LOW) $2.50 in May?,0.0,0.3300000131130218,10,2,2.29,0.15,14.49,13.979999999999999,8,1334.857141,0.2178660098367785,-22.468202630056165,-23.149804276434484
2251293,415444,IS,S15,natgas,-1,Will Natural Gas (NG) hit (LOW) $2.70 in May?,0.0,0.1550000011920929,4,1,14.87,0.15,14.49,13.979999999999999,3,166.575,0.16,-16.5376,-17.075200000000002
2279016,415444,IS,S15,natgas,-1,Will Natural Gas (NG) hit (LOW) $2.80 in May?,0.0,0.1480000019073486,40,23,1652.228022,0.25992041550815,25.222594378374115,24.453147205933234,17,1962.2875080000001,0.18830943758109484,-19.44233973130543,-20.053735704501378
2305730,415444,IS,S15,natgas,-1,Will Natural Gas (NG) hit (LOW) $2.90 in May?,0.0,0.4050000011920929,113,39,17782.11,0.46543222934011985,45.54800265708556,44.55278238015914,74,24603.08889,0.43512085988853616,-44.495248777567205,-45.47841156628079
2236208,148013,IS,S15,sp500,1,"Will S&P 500 (SPX) hit $7,850 (HIGH) in June?",0.0,0.3199999928474426,0,0,0,nan,nan,nan,0,0,nan,nan,nan
2236209,148013,IS,S15,sp500,-1,"Will S&P 500 (SPX) hit $7,100 (LOW) in June?",0.0,0.4000000059604645,6,3,483.51,0.6418723501150918,63.2677460664179,62.34825712132661,3,33.505025,0.6922662197704841,-70.07875677998908,-70.93089158292976
2236210,148013,IS,S15,sp500,-1,"Will S&P 500 (SPX) hit $6,900 (LOW) in June?",0.0,0.2649999856948852,6,1,86.0,0.38,37.0576,36.1152,5,2413.9433790000003,0.3900202072587478,-39.95363850662915,-40.905256287383516
2236211,148013,IS,S15,sp500,-1,"Will S&P 500 (SPX) hit $6,700 (LOW) in June?",0.0,0.2150000035762787,6,1,7.49,0.19999999999999996,19.359999999999996,18.719999999999995,5,202.51,0.22715915263443784,-23.418146751479153,-24.12037823951452
2236212,148013,IS,S15,sp500,-1,"Will S&P 500 (SPX) hit $6,500 (LOW) in June?",0.0,0.2199999988079071,0,0,0,nan,nan,nan,0,0,nan,nan,nan
1125373,148013,IS,S15,sp500,1,"Will S&P 500 (SPX) hit $8,000 (HIGH) in June?",0.0,0.1500000059604644,3,1,5.681816,0.12000001410000005,11.577601367136007,11.155201324272007,2,11.562351,0.1715307725994671,-17.7215091265503,-18.289940993153884
1125374,148013,IS,S15,sp500,1,"Will S&P 500 (SPX) hit $7,700 (HIGH) in June?",0.0,0.3499999940395355,0,0,0,nan,nan,nan,0,0,nan,nan,nan
1125376,148013,IS,S15,sp500,1,"Will S&P 500 (SPX) hit $7,300 (HIGH) in June?",1.0,0.4650000035762787,0,0,0,nan,nan,nan,0,0,nan,nan,nan
1125382,148013,IS,S15,sp500,-1,"Will S&P 500 (SPX) hit $6,300 (LOW) in June?",0.0,0.5400000214576721,0,0,0,nan,nan,nan,0,0,nan,nan,nan
1125383,148013,IS,S15,sp500,-1,"Will S&P 500 (SPX) hit $6,000 (LOW) in June?",0.0,0.3300000131130218,0,0,0,nan,nan,nan,0,0,nan,nan,nan
2677812,631910,OOS,S15,sp500,-1,Will S&P 500 (SPY) hit (LOW) $710 in July?,0.0,0.5,4,1,5.0,0.4,39.04,38.080000000000005,3,4.61538,0.65,-65.91,-66.82000000000001
2677813,631910,OOS,S15,sp500,-1,Will S&P 500 (SPY) hit (LOW) $700 in July?,0.0,0.5,5,0,0,nan,nan,nan,5,21.818174,0.5499999679166636,-55.98999680449969,-56.979996817333024
2677814,631910,OOS,S15,sp500,-1,Will S&P 500 (SPY) hit (LOW) $690 in July?,0.0,0.5,2,0,0,nan,nan,nan,2,4.0,0.5,-51.0,-52.0
657105,69117,IS,S15,stock,1,Will Apple reach $332 in November?,0.0,0.0549999997019767,2,1,75.0,0.050000000000000044,5.000000000000004,5.000000000000004,1,100.0,0.06,-6.0,-6.0
657107,69117,IS,S15,stock,1,Will Apple reach $300 in November?,0.0,0.1049999967217445,2,1,7.14,0.1,10.0,10.0,1,7.142856,0.1399998824,-13.99998824,-13.99998824
657109,69117,IS,S15,stock,1,Will Apple reach $280 in November?,1.0,0.6200000047683716,1,1,5.0,0.61,-39.0,-39.0,0,0,nan,nan,nan
657112,69117,IS,S15,stock,-1,Will Apple dip to $256 in November?,0.0,0.3899999856948852,1,1,25.42,0.41000000000000003,41.0,41.0,0,0,nan,nan,nan
657113,69117,IS,S15,stock,-1,Will Apple dip to $248 in November?,0.0,0.1949999928474426,5,1,50.0,0.23,23.0,23.0,4,493.73,0.2150675470398801,-21.50675470398801,-21.50675470398801
657114,69117,IS,S15,stock,-1,Will Apple dip to $236 in November?,0.0,0.1949999928474426,6,4,160.429511,0.17688336651041708,17.68833665104171,17.68833665104171,2,164.39,0.19999999999999993,-19.999999999999993,-19.999999999999993
657115,69117,IS,S15,stock,-1,Will Apple dip to $224 in November?,0.0,0.1550000011920929,4,4,464.57890000000003,0.12003666330950459,12.003666330950459,12.003666330950459,0,0,nan,nan,nan
657116,69117,IS,S15,stock,-1,Will Apple dip to $208 in November?,0.0,0.0700000002980232,2,2,231.31165000000001,0.04995496768104853,4.995496768104854,4.995496768104854,0,0,nan,nan,nan
694387,86622,IS,S15,stock,1,Will NVIDIA (NVDA) hit $260 before 2026??,0.0,0.02449999935925,153,100,30156.02,0.006994555980832683,0.6994555980832683,0.6994555980832683,53,11475.35,0.00789040770014457,-0.7890407700144569,-0.7890407700144569
694388,86622,IS,S15,stock,1,Will NVIDIA (NVDA) hit $245 before 2026??,0.0,0.0390000008046627,3,1,3.0612,0.020000000000000018,2.0000000000000018,2.0000000000000018,2,44.999997,0.044444402950767826,-4.444440295076783,-4.444440295076783
694389,86622,IS,S15,stock,1,Will NVIDIA (NVDA) hit $230 before 2026??,0.0,0.0949999988079071,2,2,300.0,0.06999999999999997,6.9999999999999964,6.9999999999999964,0,0,nan,nan,nan
694390,86622,IS,S15,stock,1,Will NVIDIA (NVDA) hit $215 before 2026??,0.0,0.2450000047683715,4,1,110.0,0.20999999999999994,20.999999999999993,20.999999999999993,3,535.045452,0.21119700689247334,-21.119700689247335,-21.119700689247335
694391,86622,IS,S15,stock,1,Will NVIDIA (NVDA) hit $200 before 2026??,0.0,0.4850000143051147,6,2,150.0,0.47,47.0,47.0,4,98.450222,0.5170125162387992,-51.70125162387992,-51.70125162387992
694392,86622,IS,S15,stock,1,Will NVIDIA (NVDA) hit $190 before 2026??,1.0,0.7350000143051147,5,3,168.035711,0.7200000064426131,-27.99999935573869,-27.99999935573869,2,5.486839,0.7599997011094173,24.000029889058272,24.000029889058272
694393,86622,IS,S15,stock,1,Will NVIDIA (NVDA) hit $185 before 2026??,1.0,0.8799999952316284,1,1,150.0,0.86,-14.000000000000002,-14.000000000000002,0,0,nan,nan,nan
694396,86622,IS,S15,stock,-1,Will NVIDIA (NVDA) hit $170 before 2026??,1.0,0.6650000214576721,2,0,0,nan,nan,nan,2,33.985506,0.6899999959061833,31.000000409381666,31.000000409381666
694397,86622,IS,S15,stock,-1,Will NVIDIA (NVDA) hit $165 before 2026??,0.0,0.4950000047683716,4,2,220.0,0.49,49.0,49.0,2,371.0,0.5120485175202156,-51.20485175202156,-51.20485175202156
694398,86622,IS,S15,stock,-1,Will NVIDIA (NVDA) hit $160 before 2026??,0.0,0.3849999904632568,2,1,51.206895,0.420000002,42.000000199999995,42.000000199999995,1,110.0,0.41,-41.0,-41.0
694399,86622,IS,S15,stock,-1,Will NVIDIA (NVDA) hit $145 before 2026??,0.0,0.1449999958276748,5,4,743.47,0.18145977640962374,18.145977640962375,18.145977640962375,1,25.0,0.2,-20.0,-20.0
694400,86622,IS,S15,stock,-1,Will NVIDIA (NVDA) hit $125 before 2026??,0.0,0.032999999821186,2,0,0,nan,nan,nan,2,775.384614,0.04758928450343336,-4.758928450343336,-4.758928450343336
657244,69127,IS,S15,stock,1,Will Rocket Lab reach $108 in November?,0.0,0.125,5,5,2561.11111,0.10019522776581138,10.01952277658114,10.01952277658114,0,0,nan,nan,nan
657255,69127,IS,S15,stock,-1,Will Rocket Lab dip to $44 in November?,1.0,0.4600000083446502,11,11,841.975402,0.3963836748924725,-60.36163251075275,-60.36163251075275,0,0,nan,nan,nan
694401,86623,IS,S15,stock,1,Will Google (GOOGL) hit $375 before 2026??,0.0,0.0750000029802322,6,2,40.03156,0.05000000000000001,5.000000000000001,5.000000000000001,4,205.0,0.07999999999999999,-7.999999999999999,-7.999999999999999
694402,86623,IS,S15,stock,1,Will Google (GOOGL) hit $355 before 2026??,0.0,0.1550000011920929,6,1,11.081392,0.14000001080000002,14.000001080000002,14.000001080000002,5,1460.134918,0.17327850657486593,-17.327850657486593,-17.327850657486593
694403,86623,IS,S15,stock,1,Will Google (GOOGL) hit $345 before 2026??,0.0,0.2399999946355819,6,3,36.653835,0.2200000082,22.00000082,22.00000082,3,500.0,0.26,-26.0,-26.0
694404,86623,IS,S15,stock,1,Will Google (GOOGL) hit $335 before 2026??,0.0,0.3600000143051147,5,2,181.984847,0.34000000009010073,34.00000000901007,34.00000000901007,3,392.50631400000003,0.37490453976292093,-37.490453976292095,-37.490453976292095
694405,86623,IS,S15,stock,1,Will Google (GOOGL) hit $320 before 2026??,1.0,0.5799999833106995,9,5,326.268288,0.5900000033105552,-40.999999668944476,-40.999999668944476,4,94.687449,0.6341917290329877,36.58082709670123,36.58082709670123
694409,86623,IS,S15,stock,-1,Will Google (GOOGL) hit $285 before 2026??,0.0,0.5950000286102295,0,0,0,nan,nan,nan,0,0,nan,nan,nan
694413,86623,IS,S15,stock,-1,Will Google (GOOGL) hit $230 before 2026??,0.0,0.0395000018179416,1,0,0,nan,nan,nan,1,120.0,0.0599166667,-5.99166667,-5.99166667
657216,69125,IS,S15,stock,1,Will Palantir reach $264 in November?,0.0,0.1000000014901161,3,3,1650.0,0.09696969696969696,9.696969696969695,9.696969696969695,0,0,nan,nan,nan
657217,69125,IS,S15,stock,1,Will Palantir reach $249 in November?,0.0,0.1400000005960464,0,0,0,nan,nan,nan,0,0,nan,nan,nan
657220,69125,IS,S15,stock,1,Will Palantir reach $216 in November?,0.0,0.7300000190734863,1,0,0,nan,nan,nan,1,4.0,0.75,-75.0,-75.0
657221,69125,IS,S15,stock,1,Will Palantir reach $210 in November?,0.0,0.8399999737739563,5,0,0,nan,nan,nan,5,232.238696,0.8626899584527468,-86.26899584527467,-86.26899584527467
657223,69125,IS,S15,stock,-1,Will Palantir dip to $198 in November?,1.0,0.9200000166893004,2,1,50.0,0.9,-9.999999999999998,-9.999999999999998,1,5.0,0.9399999999999998,6.000000000000016,6.000000000000016
657224,69125,IS,S15,stock,-1,Will Palantir dip to $192 in November?,1.0,0.7900000214576721,1,1,50.0,0.8,-19.999999999999996,-19.999999999999996,0,0,nan,nan,nan
657226,69125,IS,S15,stock,-1,Will Palantir dip to $177 in November?,1.0,0.4799999892711639,4,1,72.463767,0.3100000032,-68.99999968,-68.99999968,3,650.0,0.32999999999999996,67.0,67.0
657228,69125,IS,S15,stock,-1,Will Palantir dip to $156 in November?,1.0,0.1199999973177909,1,1,5.0,0.10999999999999999,-89.0,-89.0,0,0,nan,nan,nan
657229,69125,IS,S15,stock,-1,Will Palantir dip to $141 in November?,0.0,0.0649999976158142,0,0,0,nan,nan,nan,0,0,nan,nan,nan
3866484,907964,OOS,S15,gold,1,"Will Gold (XAUUSD) hit (HIGH) $4,900 in September?",0.0,0.3899999856948852,0,0,0,nan,nan,nan,0,0,nan,nan,nan
3866485,907964,OOS,S15,gold,1,"Will Gold (XAUUSD) hit (HIGH) $4,800 in September?",0.0,0.675000011920929,1,1,68.0,0.44999999999999996,44.00999999999999,43.019999999999996,0,0,nan,nan,nan
3866486,907964,OOS,S15,gold,1,"Will Gold (XAUUSD) hit (HIGH) $4,700 in September?",0.0,0.7149999737739563,1,0,0,nan,nan,nan,1,167.94444,0.8931524973,-89.6969741854671,-90.07869864093419
3866492,907964,OOS,S15,gold,-1,"Will Gold (XAUUSD) hit (LOW) $4,100 in September?",0.0,0.1599999964237213,5,1,114.22222,0.12451361920000004,12.015322008665134,11.579282097330264,4,71.164702,0.18677796191713755,-19.285364011150627,-19.8929318305875
3866493,907964,OOS,S15,gold,-1,"Will Gold (XAUUSD) hit (LOW) $4,000 in September?",0.0,0.1400000005960464,4,2,87.909,0.0637501279732451,6.13626860069795,5.89752440407139,2,80.0,0.10500000000000001,-10.875900000000001,-11.251800000000001
4063374,907964,OOS,S15,gold,1,"Will Gold (XAUUSD) hit (HIGH) $4,600 in September?",0.0,0.5649999976158142,2,1,211.54,0.56,55.01440000000001,54.02880000000001,1,75.75,0.568679868,-57.84911910292602,-58.83025140585202
4063375,907964,OOS,S15,gold,-1,"Will Gold (XAUUSD) hit (LOW) $3,800 in September?",0.0,0.0344999991357326,1,1,2.0202,0.010000000000000009,0.9604000000000008,0.9208000000000007,0,0,nan,nan,nan
4218280,907964,OOS,S15,gold,1,"Will Gold (XAUUSD) hit (HIGH) $4,500 in September?",0.0,0.7799999713897705,5,5,633.446954,0.7708474291838135,76.37817623796327,75.67160955754521,0,0,nan,nan,nan
4472224,907964,OOS,S15,gold,1,"Will Gold (XAUUSD) hit (HIGH) $4,400 in September?",0.0,0.824999988079071,6,2,259.50473700000003,0.8177690297766987,81.18081160281078,80.58472022795166,4,513.11,0.8318265089357058,-83.74221556544074,-84.30178023731091
2350594,522302,IS,S15,natgas,1,Will Natural Gas (NG) hit (HIGH) $3.40 in June?,0.0,0.6000000238418579,6,0,0,nan,nan,nan,6,101.0,0.57,-57.980399999999996,-58.96079999999999
2350596,522302,IS,S15,natgas,-1,Will Natural Gas (NG) hit (LOW) $3.00 in June?,0.0,0.5,0,0,0,nan,nan,nan,0,0,nan,nan,nan
1016024,122439,IS,S15,stock,1,Will Tesla reach $645 in January?,0.0,0.0850000008940696,0,0,0,nan,nan,nan,0,0,nan,nan,nan
1016025,122439,IS,S15,stock,1,Will Tesla reach $608 in January?,0.0,0.1299999952316284,1,1,27.73,0.06000000000000005,6.000000000000005,6.000000000000005,0,0,nan,nan,nan
1016027,122439,IS,S15,stock,1,Will Tesla reach $548 in January?,0.0,0.5,2,2,175.0,0.23028571428571426,23.028571428571425,23.028571428571425,0,0,nan,nan,nan
1016031,122439,IS,S15,stock,-1,Will Tesla dip to $480 in January?,1.0,0.9589999914169312,2,2,83.333332,0.9400000110399996,-5.9999988960000366,-5.9999988960000366,0,0,nan,nan,nan
1016040,122439,IS,S15,stock,-1,Will Tesla dip to $338 in January?,0.0,0.0599999986588954,0,0,0,nan,nan,nan,0,0,nan,nan,nan
2135307,439138,IS,S15,crude,1,Will WTI Crude Oil (WTI) hit (HIGH) $130 Week of May 4 2026?,0.0,0.4850000143051147,9,8,278.994936,0.062293041042451515,5.995653631924611,5.762003159604072,1,20.0,0.05,-5.19,-5.38
2135308,439138,IS,S15,crude,1,Will WTI Crude Oil (WTI) hit (HIGH) $125 Week of May 4 2026?,0.0,0.5049999952316284,5,4,96.79,0.05892860832730654,5.671036722939,5.449212613147346,1,14.285713,0.0699999363,-7.260393410871983,-7.520793191743967
2135309,439138,IS,S15,crude,1,Will WTI Crude Oil (WTI) hit (HIGH) $120 Week of May 4 2026?,0.0,0.4850000143051147,6,3,56.5934,0.08823300950287484,8.501509168139721,8.17971738599196,3,64.583332,0.10838708350841446,-11.225265645389264,-11.611822939937081
2135310,439138,IS,S15,crude,1,Will WTI Crude Oil (WTI) hit (HIGH) $115 Week of May 4 2026?,0.0,0.4850000143051147,4,1,25.316452,0.2100000032,20.336400312576,19.672800305152,3,218.71797199999997,0.1279277452626512,-13.239023475283782,-13.685272424302442
2135311,439138,IS,S15,crude,1,Will WTI Crude Oil (WTI) hit (HIGH) $110 Week of May 4 2026?,0.0,0.4850000143051147,2,0,0,nan,nan,nan,2,6.245,0.5450760608486789,-55.49947867982136,-56.491351274774814
2135314,439138,IS,S15,crude,-1,Will WTI Crude Oil (WTI) hit (LOW) $95 Week of May 4 2026?,1.0,0.4850000143051147,1,0,0,nan,nan,nan,1,1.333332,0.75,24.25,23.5
2135316,439138,IS,S15,crude,-1,Will WTI Crude Oil (WTI) hit (LOW) $85 Week of May 4 2026?,0.0,0.4799999892711639,6,1,10.0,0.25,24.25,23.5,5,274.0,0.1686131386861314,-17.42204486120731,-17.982775853801485
2135317,439138,IS,S15,crude,-1,Will WTI Crude Oil (WTI) hit (LOW) $80 Week of May 4 2026?,0.0,0.4950000047683716,6,4,220.0,0.055000000000000056,5.292100000000005,5.084200000000005,2,510.0,0.0707843137254902,-7.341526951172626,-7.604622529796232
1322353,196998,IS,S15,sp500,1,"Will S&P 500 (SPX) hit $7,350 (HIGH) in February 2026?",0.0,0.095499999821186,1,1,69.0,0.04020289860000004,4.020289860000004,4.020289860000004,0,0,nan,nan,nan
1322354,196998,IS,S15,sp500,1,"Will S&P 500 (SPX) hit $7,200 (HIGH) in February 2026?",0.0,0.0949999988079071,6,5,170.0,0.19799999999999998,19.799999999999997,19.799999999999997,1,75.0,0.1,-10.0,-10.0
1322355,196998,IS,S15,sp500,1,"Will S&P 500 (SPX) hit $7,100 (HIGH) in February 2026?",0.0,0.4950000047683716,4,4,440.246407,0.40945253870583664,40.94525387058366,40.94525387058366,0,0,nan,nan,nan
1322356,196998,IS,S15,sp500,1,"Will S&P 500 (SPX) hit $7,040 (HIGH) in February 2026?",0.0,0.6600000262260437,2,2,21.07,0.6257854769814902,62.57854769814902,62.57854769814902,0,0,nan,nan,nan
1322357,196998,IS,S15,sp500,1,"Will S&P 500 (SPX) hit $7,000 (HIGH) in February 2026?",0.0,0.7599999904632568,2,1,6.88,0.7,70.0,70.0,1,2.81,0.78,-78.0,-78.0
1322360,196998,IS,S15,sp500,-1,"Will S&P 500 (SPX) hit $6,750 (LOW) in February 2026?",0.0,0.4749999940395355,4,2,51.666665,0.4387096786680541,43.87096786680541,43.87096786680541,2,51.92,0.4792604006163328,-47.92604006163328,-47.92604006163328
1322361,196998,IS,S15,sp500,-1,"Will S&P 500 (SPX) hit $6,700 (LOW) in February 2026?",0.0,0.270000010728836,2,0,0,nan,nan,nan,2,116.214861,0.4345356227959713,-43.45356227959713,-43.45356227959713
1322362,196998,IS,S15,sp500,-1,"Will S&P 500 (SPX) hit $6,600 (LOW) in February 2026?",0.0,0.270000010728836,2,0,0,nan,nan,nan,2,52.347825,0.22159466988561655,-22.159466988561654,-22.159466988561654
1322363,196998,IS,S15,sp500,-1,"Will S&P 500 (SPX) hit $6,500 (LOW) in February 2026?",0.0,0.2750000059604645,7,5,329.68,0.19367780878253457,19.367780878253456,19.367780878253456,2,82.34,0.19929560357391304,-19.929560357391303,-19.929560357391303
1432258,229254,IS,S15,stock,1,Will Amazon reach $296 in March?,0.0,0.0205000005662441,0,0,0,nan,nan,nan,0,0,nan,nan,nan
1432269,229254,IS,S15,stock,1,Will Amazon reach $260 in March?,0.0,0.3199999928474426,1,1,12.0,0.040000000000000036,4.0000000000000036,4.0000000000000036,0,0,nan,nan,nan
1432327,229254,IS,S15,stock,-1,Will Amazon dip to $152 in March?,0.0,0.1800000071525573,0,0,0,nan,nan,nan,0,0,nan,nan,nan
1432338,229254,IS,S15,stock,-1,Will Amazon dip to $132 in March?,0.0,0.0515000000596046,2,1,29.38,0.015000000000000013,1.5000000000000013,1.5000000000000013,1,101.5811,0.0984435097,-9.84435097,-9.84435097
1262843,186955,IS,S15,stock,1,Will NVIDIA reach $272 in February?,0.0,0.4000000059604645,5,5,200.075,0.010123078845432973,1.0123078845432973,1.0123078845432973,0,0,nan,nan,nan
1262844,186955,IS,S15,stock,1,Will NVIDIA reach $252 in February?,0.0,0.4900000095367431,3,2,129.0,0.29046511627906973,29.046511627906973,29.046511627906973,1,29.0,0.06000000000000005,-6.000000000000005,-6.000000000000005
1262846,186955,IS,S15,stock,1,Will NVIDIA reach $220 in February?,0.0,0.0949999988079071,1,1,5.6,0.18999999999999997,18.999999999999996,18.999999999999996,0,0,nan,nan,nan
1262847,186955,IS,S15,stock,1,Will NVIDIA reach $208 in February?,0.0,0.5950000286102295,4,0,0,nan,nan,nan,4,589.0,0.5,-50.0,-50.0
1262848,186955,IS,S15,stock,1,Will NVIDIA reach $200 in February?,0.0,0.8349999785423279,6,5,1410.282856,0.6999635943790428,69.99635943790427,69.99635943790427,1,13.14,0.72,-72.0,-72.0
1262849,186955,IS,S15,stock,1,Will NVIDIA reach $192 in February?,1.0,0.9549999833106996,8,6,534.89,0.7987580624034849,-20.12419375965151,-20.12419375965151,2,25.52,0.76,24.0,24.0
1262850,186955,IS,S15,stock,-1,Will NVIDIA dip to $184 in February?,1.0,0.8349999785423279,4,1,5.555554,0.8200001296,-17.999987039999997,-17.999987039999997,3,376.83,0.8388995037550089,16.110049624499112,16.110049624499112
1262853,186955,IS,S15,stock,-1,Will NVIDIA dip to $168 in February?,0.0,0.1049999967217445,2,0,0,nan,nan,nan,2,20.0,0.16,-16.0,-16.0
1262855,186955,IS,S15,stock,-1,Will NVIDIA dip to $156 in February?,0.0,0.0649999976158142,1,0,0,nan,nan,nan,1,30.0,0.1,-10.0,-10.0
1262856,186955,IS,S15,stock,-1,Will NVIDIA dip to $144 in February?,0.0,0.5,1,0,0,nan,nan,nan,1,25.0,0.07,-7.000000000000001,-7.000000000000001
2074044,415423,IS,S15,stock,1,"Will Tesla, Inc. (TSLA) hit (HIGH) $480 in May?",0.0,0.0874999985098838,18,13,249.34253,0.08550554129137128,8.237776754337764,7.924999379538401,5,234.92,0.0841967903967308,-8.728109803207557,-9.036540566742039
2074045,415423,IS,S15,stock,1,"Will Tesla, Inc. (TSLA) hit (HIGH) $465 in May?",0.0,0.1650000065565109,4,4,482.26718,0.14789766535636747,14.285670751882733,13.781574968128721,0,0,nan,nan,nan
2074046,415423,IS,S15,stock,1,"Will Tesla, Inc. (TSLA) hit (HIGH) $450 in May?",1.0,0.2300000041723251,4,1,1.25,0.19999999999999996,-80.64,-81.28,3,64.0,0.25,74.25,73.5
2074048,415423,IS,S15,stock,1,"Will Tesla, Inc. (TSLA) hit (HIGH) $420 in May?",1.0,0.5450000166893005,6,1,10.869564,0.5400000405000001,-46.99359593703999,-47.987195924079984,5,52.37,0.5858373114378461,40.445741032354896,39.47521320849441
2074049,415423,IS,S15,stock,1,"Will Tesla, Inc. (TSLA) hit (HIGH) $405 in May?",1.0,0.7450000047683716,4,2,10.41,0.7364553314121037,-27.130822363776797,-27.907177868763966,2,160.0,0.78,21.313599999999997,20.6272
2074051,415423,IS,S15,stock,-1,"Will Tesla, Inc. (TSLA) hit (LOW) $375 in May?",0.0,0.6995000243186951,7,2,239.632181,0.7078856533196453,69.96143111138907,69.1342968908136,5,460.28000000000003,0.7212777439900929,-72.93191903906792,-73.73606367912653
2074052,415423,IS,S15,stock,-1,"Will Tesla, Inc. (TSLA) hit (LOW) $360 in May?",0.0,0.3849999904632568,2,0,0,nan,nan,nan,2,202.857141,0.419999998943662,-42.97439989369015,-43.94879989301409
2074053,415423,IS,S15,stock,-1,"Will Tesla, Inc. (TSLA) hit (LOW) $345 in May?",0.0,0.2750000059604645,0,0,0,nan,nan,nan,0,0,nan,nan,nan
2074054,415423,IS,S15,stock,-1,"Will Tesla, Inc. (TSLA) hit (LOW) $330 in May?",0.0,0.1850000023841858,23,3,88.12481700000001,0.1700000012482272,16.4356001215274,15.871200118232082,20,342.8,0.18,-18.5904,-19.1808
2074056,415423,IS,S15,stock,-1,"Will Tesla, Inc. (TSLA) hit (LOW) $300 in May?",0.0,0.0799999982118606,4,3,145.410314,0.061808009025855495,5.948849786401088,5.716898670216628,1,62.12,0.110341275,-11.426791812125497,-11.819456124250996
2264476,415423,IS,S15,stock,-1,"Will Tesla, Inc. (TSLA) hit (LOW) $390 in May?",0.0,0.6449999809265137,2,1,10.0,0.38,37.0576,36.1152,1,10.0,0.99,-99.0396,-99.0792
2278809,415423,IS,S15,stock,1,"Will Tesla, Inc. (TSLA) hit (HIGH) $450 in May?",0.0,0.2450000047683715,69,25,382.590162,0.29160023200000756,28.333745053210556,27.507466906420362,44,6219.655653,0.2850559884419142,-29.32079513177269,-30.135991419353957
1262783,186942,IS,S15,stock,1,Will Google reach $430 in February?,0.0,0.0610000006854534,6,5,348.9898,0.015729820753141624,1.5729820753141623,1.5729820753141623,1,70.0,0.0387142857,-3.8714285700000004,-3.8714285700000004
1262785,186942,IS,S15,stock,1,Will Google reach $385 in February?,0.0,0.3849999904632568,7,3,155.0,0.2036129032258064,20.36129032258064,20.36129032258064,4,137.0,0.24226277373065697,-24.226277373065695,-24.226277373065695
1262786,186942,IS,S15,stock,1,Will Google reach $365 in February?,0.0,0.449999988079071,6,3,75.754383,0.46933766195415355,46.93376619541535,46.93376619541535,3,59.96,0.4733288859239492,-47.33288859239492,-47.33288859239492
1262787,186942,IS,S15,stock,1,Will Google reach $350 in February?,0.0,0.5649999976158142,1,1,80.0,0.72,72.0,72.0,0,0,nan,nan,nan
1262789,186942,IS,S15,stock,1,Will Google reach $330 in February?,1.0,0.5600000023841858,6,0,0,nan,nan,nan,6,608.115044,0.9780040863450434,2.1995913654956567,2.1995913654956567
1262790,186942,IS,S15,stock,-1,Will Google dip to $320 in February?,1.0,0.5299999713897705,4,3,160.0,0.5787500000000001,-42.12499999999999,-42.12499999999999,1,48.0,0.62,38.0,38.0
1262792,186942,IS,S15,stock,-1,Will Google dip to $300 in February?,1.0,0.3849999904632568,1,1,70.0,0.28,-72.0,-72.0,0,0,nan,nan,nan
1262793,186942,IS,S15,stock,-1,Will Google dip to $285 in February?,0.0,0.1199999973177909,5,3,105.0,0.07010380954285714,7.010380954285714,7.010380954285714,2,125.0,0.10960000001600001,-10.960000001600001,-10.960000001600001
1262795,186942,IS,S15,stock,-1,Will Google dip to $250 in February?,0.0,0.4835000038146972,4,4,249.13,0.018575041143178282,1.8575041143178281,1.8575041143178281,0,0,nan,nan,nan
3096382,746377,OOS,S15,silver,1,Will Silver (XAGUSD) hit (HIGH) $72 in August?,0.0,0.0949999988079071,9,5,1620.0,0.05722222222222225,5.506430864197533,5.290639506172842,4,229.42,0.0539595501699939,-5.600146685461174,-5.804338353922957
3096383,746377,OOS,S15,silver,1,Will Silver (XAGUSD) hit (HIGH) $70 in August?,1.0,0.1049999967217445,14,4,1296.33333,0.0830367703343707,-92.00088962699016,-92.3054562874174,10,2061.996152,0.11300893978839355,88.29815434389546,87.89720266663026
3096384,746377,OOS,S15,silver,1,Will Silver (XAGUSD) hit (HIGH) $68 in August?,1.0,0.1850000023841858,27,14,808.820261,0.1680495291154028,-83.75428262797769,-84.31351816749567,13,1781.175554,0.17619004387031928,81.8004071637229,81.21981871447773
3096385,746377,OOS,S15,silver,1,Will Silver (XAGUSD) hit (HIGH) $66 in August?,1.0,0.2899999916553497,15,7,84.0,0.27666666666666667,-73.13382222222222,-73.9343111111111,8,278.0,0.2642446043165468,72.79786199472078,72.02018442109622
3096390,746377,OOS,S15,silver,-1,Will Silver (XAGUSD) hit (LOW) $56 in August?,0.0,0.824999988079071,24,16,690.364254,0.765262471137179,75.80770382809312,75.08916054246832,8,341.383361,0.6299662478176613,-63.92905987947892,-64.86149497719171
3096391,746377,OOS,S15,silver,-1,Will Silver (XAGUSD) hit (LOW) $54 in August?,0.0,0.6050000190734863,52,34,4228.68,0.5307331838508961,52.07709649944806,51.080874613806515,18,718.931672,0.36112902394323926,-37.03576180236009,-37.95862121039627
3096392,746377,OOS,S15,silver,-1,Will Silver (XAGUSD) hit (LOW) $52 in August?,0.0,0.3849999904632568,39,23,522.278184,0.3065747237891641,29.807125728825362,28.956779078734318,16,500.621577,0.3342430823759106,-34.314406814630104,-35.20450539166915
3096393,746377,OOS,S15,silver,-1,Will Silver (XAGUSD) hit (LOW) $50 in August?,0.0,0.2450000047683715,27,11,748.525057,0.21763862477267779,21.08277426214884,20.401686047029894,16,995.56,0.2324876451500422,-23.96251307501474,-24.676261635025263
3096394,746377,OOS,S15,silver,-1,Will Silver (XAGUSD) hit (LOW) $48 in August?,0.0,0.0949999988079071,25,11,604.708814,0.17174021544855345,16.605039489470393,16.03605743408544,14,1975.403,0.14169584636668064,-14.656057170624507,-15.142529704580951
1432261,229253,IS,S15,stock,1,Will Tesla reach $570 in March?,0.0,0.0750000029802322,1,1,5.055545,0.011000000999999981,1.1000000999999981,1.1000000999999981,0,0,nan,nan,nan
1432266,229253,IS,S15,stock,1,Will Tesla reach $533 in March?,0.0,0.5,4,4,38.0,0.03578947368421055,3.5789473684210553,3.5789473684210553,0,0,nan,nan,nan
1432270,229253,IS,S15,stock,1,Will Tesla reach $503 in March?,0.0,0.5,2,2,10.308325,0.04494745751613385,4.494745751613385,4.494745751613385,0,0,nan,nan,nan
1432296,229253,IS,S15,stock,-1,Will Tesla dip to $405 in March?,1.0,0.8700000047683716,10,3,81.56461200000001,0.9472796118670394,-5.272038813296065,-5.272038813296065,7,738.07,0.9840120042814366,1.5987995718563353,1.5987995718563353
1432303,229253,IS,S15,stock,-1,Will Tesla dip to $390 in March?,1.0,0.6050000190734863,3,2,10.620000000000001,0.91,-8.999999999999996,-8.999999999999996,1,5.208325,0.9599999999999999,4.000000000000014,4.000000000000014
1432329,229253,IS,S15,stock,-1,Will Tesla dip to $353 in March?,1.0,0.5099999904632568,3,2,9.70176,0.17439763506827632,-82.56023649317237,-82.56023649317237,1,7.895825,0.96,4.0000000000000036,4.0000000000000036
1432341,229253,IS,S15,stock,-1,Will Tesla dip to $300 in March?,0.0,0.0399999991059303,4,3,21.52,0.05066914498141267,5.0669144981412675,5.0669144981412675,1,10.0,0.05,-5.0,-5.0
1432345,229253,IS,S15,stock,-1,Will Tesla dip to $263 in March?,0.0,0.273499995470047,0,0,0,nan,nan,nan,0,0,nan,nan,nan
2074089,415426,IS,S15,stock,1,Will Palantir Technologies Inc. (PLTR) hit (HIGH) $162 in May?,0.0,0.4449999928474426,4,1,107.0,0.4556074766,44.56863044453528,43.57651322907056,3,116.33,0.4901719246969827,-50.016806105441624,-51.01641974118497
2074090,415426,IS,S15,stock,1,Will Palantir Technologies Inc. (PLTR) hit (HIGH) $156 in May?,1.0,0.6299999952316284,1,0,0,nan,nan,nan,1,1.53846,0.65,34.089999999999996,33.18
2074091,415426,IS,S15,stock,1,Will Palantir Technologies Inc. (PLTR) hit (HIGH) $150 in May?,1.0,0.800000011920929,2,1,5.0,0.78,-22.686399999999995,-23.372799999999994,1,5.0,0.85,14.490000000000002,13.980000000000004
2074095,415426,IS,S15,stock,-1,Will Palantir Technologies Inc. (PLTR) hit (LOW) $126 in May?,0.0,0.4300000071525574,0,0,0,nan,nan,nan,0,0,nan,nan,nan
2074096,415426,IS,S15,stock,-1,Will Palantir Technologies Inc. (PLTR) hit (LOW) $120 in May?,0.0,0.2849999964237213,0,0,0,nan,nan,nan,0,0,nan,nan,nan
2074097,415426,IS,S15,stock,-1,Will Palantir Technologies Inc. (PLTR) hit (LOW) $114 in May?,0.0,0.1800000071525573,0,0,0,nan,nan,nan,0,0,nan,nan,nan
1262802,186945,IS,S15,stock,1,Will Meta reach $860 in February?,0.0,0.4850000143051147,1,0,0,nan,nan,nan,1,20.0,0.1,-10.0,-10.0
1262804,186945,IS,S15,stock,1,Will Meta reach $770 in February?,0.0,0.4749999940395355,1,1,20.0,0.31000000000000005,31.000000000000007,31.000000000000007,0,0,nan,nan,nan
1262805,186945,IS,S15,stock,1,Will Meta reach $730 in February?,0.0,0.7400000095367432,3,1,40.0,0.905,90.5,90.5,2,20.25,0.9130864197530865,-91.30864197530865,-91.30864197530865
1262806,186945,IS,S15,stock,1,Will Meta reach $700 in February?,1.0,0.9660000205039978,4,1,14.0,0.952,-4.800000000000004,-4.800000000000004,3,164.57999999999998,0.9860744926296999,1.3925507370300072,1.3925507370300072
1262809,186945,IS,S15,stock,-1,Will Meta dip to $640 in February?,1.0,0.375,2,1,26.92,0.21,-79.0,-79.0,1,26.92,0.74,26.0,26.0
1262810,186945,IS,S15,stock,-1,Will Meta dip to $620 in February?,0.0,0.0949999988079071,2,0,0,nan,nan,nan,2,10.0,0.09,-9.0,-9.0
1262811,186945,IS,S15,stock,-1,Will Meta dip to $600 in February?,0.0,0.4650000035762787,3,1,32.0,0.08,8.0,8.0,2,1032.0,0.11666666666666667,-11.666666666666666,-11.666666666666666
1262812,186945,IS,S15,stock,-1,Will Meta dip to $570 in February?,0.0,0.4760000109672546,3,0,0,nan,nan,nan,3,1060.0,0.06152830184528302,-6.152830184528302,-6.152830184528302
2135250,439134,IS,S15,sp500,1,Will S&P 500 (SPY) hit (HIGH) $755 Week of May 4 2026?,0.0,0.5,4,3,490.8163,0.02103908529525198,2.0215227607844337,1.9391369920436694,1,80.0,0.0397055,-4.123065893079,-4.275581786158
2135251,439134,IS,S15,sp500,1,Will S&P 500 (SPY) hit (HIGH) $750 Week of May 4 2026?,0.0,0.5,4,1,43.04,0.030000000000000023,2.883600000000002,2.767200000000002,3,93.02,0.059859922597290914,-6.211099108784841,-6.436205957840589
2135254,439134,IS,S15,sp500,1,Will S&P 500 (SPY) hit (HIGH) $735 Week of May 4 2026?,1.0,0.5,1,0,0,nan,nan,nan,1,1.81818,0.55,44.00999999999999,43.019999999999996
2135256,439134,IS,S15,sp500,1,Will S&P 500 (SPY) hit (HIGH) $725 Week of May 4 2026?,1.0,0.5299999713897705,2,0,0,nan,nan,nan,2,50.0,0.54,45.0064,44.0128
2135257,439134,IS,S15,sp500,-1,Will S&P 500 (SPY) hit (LOW) $720 Week of May 4 2026?,1.0,0.5,6,0,0,nan,nan,nan,6,300.0,0.7983333333333333,19.522677777777776,18.878688888888888
2135258,439134,IS,S15,sp500,-1,Will S&P 500 (SPY) hit (LOW) $715 Week of May 4 2026?,0.0,0.5,2,1,10.909088,0.4500000367,44.010003655320006,43.020003640640006,1,10.0,0.45,-45.99,-46.98
2135259,439134,IS,S15,sp500,-1,Will S&P 500 (SPY) hit (LOW) $710 Week of May 4 2026?,0.0,0.5,2,1,6.25,0.19999999999999996,19.359999999999996,18.719999999999995,1,6.25,0.55,-55.99000000000001,-56.98000000000001
1432271,229245,IS,S15,stock,1,Will Netflix reach $298 in March?,0.0,0.0295000001788139,4,3,97.3104,0.010000000000000007,1.0000000000000007,1.0000000000000007,1,109.92,0.011911845000000003,-1.1911845000000003,-1.1911845000000003
1432278,229245,IS,S15,stock,1,Will Netflix reach $228 in March?,0.0,0.0465000011026859,17,13,6592.37,0.012710609386305693,1.2710609386305693,1.2710609386305693,4,3198.35,0.012111541888786418,-1.2111541888786417,-1.2111541888786417
1432292,229245,IS,S15,stock,1,Will Netflix reach $105 in March?,0.0,0.4900000095367431,4,1,5.0,0.5,50.0,50.0,3,41.818179,0.5260869441276,-52.60869441276,-52.60869441276
1432302,229245,IS,S15,stock,-1,Will Netflix dip to $35 in March?,0.0,0.0280000008642673,3,2,101.53,0.01656781246922092,1.656781246922092,1.656781246922092,1,31.55,0.015,-1.5,-1.5
2073979,415417,IS,S15,stock,1,Will Alphabet Inc. (GOOGL) hit (HIGH) $410 in May?,0.0,0.449999988079071,39,27,974.988105,0.44981312669497603,43.99138755850614,43.00146244751468,12,65.869009,0.45127193273409566,-46.11769557525168,-47.10819787709381
2073982,415417,IS,S15,stock,1,Will Alphabet Inc. (GOOGL) hit (HIGH) $400 in May?,1.0,0.6299999952316284,6,2,600.0,0.6216666666666667,-38.77412222222222,-39.71491111111111,4,250.0,0.634,35.671823999999994,34.743648
2264680,415417,IS,S15,stock,-1,Will Alphabet Inc. (GOOGL) hit (LOW) $380 in May?,1.0,0.4900000095367431,7,5,335.33858499999997,0.44831879994589163,-56.1574362196547,-57.14675243389857,2,38.0,0.5086842105263158,48.131880609418275,47.13218227146814
1262826,186950,IS,S15,stock,1,Will Tesla reach $533 in February?,0.0,0.1299999952316284,0,0,0,nan,nan,nan,0,0,nan,nan,nan
1262827,186950,IS,S15,stock,1,Will Tesla reach $503 in February?,0.0,0.1949999928474426,1,0,0,nan,nan,nan,1,125.714284,0.3181818146,-31.81818146,-31.81818146
1262828,186950,IS,S15,stock,1,Will Tesla reach $480 in February?,0.0,0.550000011920929,1,1,7.575755,0.3400000396,34.00000396,34.00000396,0,0,nan,nan,nan
1262830,186950,IS,S15,stock,1,Will Tesla reach $450 in February?,0.0,0.7300000190734863,4,3,59.0,0.6632203389830509,66.3220338983051,66.3220338983051,1,39.0,0.77,-77.0,-77.0
1262831,186950,IS,S15,stock,-1,Will Tesla dip to $435 in February?,1.0,0.959999978542328,3,1,4.32,0.952,-4.800000000000004,-4.800000000000004,2,80.0,0.989625,1.0375000000000023,1.0375000000000023
1262832,186950,IS,S15,stock,-1,Will Tesla dip to $420 in February?,1.0,0.915000021457672,0,0,0,nan,nan,nan,0,0,nan,nan,nan
1262834,186950,IS,S15,stock,-1,Will Tesla dip to $383 in February?,0.0,0.5550000071525574,7,3,25.0,0.36,36.0,36.0,4,515.993332,0.358352690884463,-35.835269088446296,-35.835269088446296
1262837,186950,IS,S15,stock,-1,Will Tesla dip to $293 in February?,0.0,0.4950000047683716,1,1,107.9,0.030000000000000027,3.0000000000000027,3.0000000000000027,0,0,nan,nan,nan
2074156,415431,IS,S15,stock,1,"Will Robinhood Markets, Inc. (HOOD) hit (HIGH) $115 in May?",0.0,0.0474999994039535,9,9,492.73,0.02333568081910984,2.24240357463171,2.1512390673524364,0,0,nan,nan,nan
2074157,415431,IS,S15,stock,1,"Will Robinhood Markets, Inc. (HOOD) hit (HIGH) $110 in May?",0.0,0.050000000745058,4,4,174.69263,0.07035815992256941,6.774184435237424,6.512552878217905,0,0,nan,nan,nan
2074158,415431,IS,S15,stock,1,"Will Robinhood Markets, Inc. (HOOD) hit (HIGH) $105 in May?",0.0,0.0750000029802322,1,1,68.59,0.08799999999999997,8.478975999999996,8.157951999999998,0,0,nan,nan,nan
2074162,415431,IS,S15,stock,1,"Will Robinhood Markets, Inc. (HOOD) hit (HIGH) $85 in May?",1.0,0.3224999904632568,21,12,354.44,0.3599576797201219,-64.92578462211031,-65.84733721623283,9,110.092518,0.3799619607216047,61.06144045133474,60.119076974829945
2074165,415431,IS,S15,stock,-1,"Will Robinhood Markets, Inc. (HOOD) hit (LOW) $70 in May?",0.0,0.7749999761581421,5,4,22.6,0.7599999999999999,75.2704,74.54079999999999,1,1.234563,0.8099999757,-81.615597630264,-82.231197690528
2074168,415431,IS,S15,stock,-1,"Will Robinhood Markets, Inc. (HOOD) hit (LOW) $55 in May?",0.0,0.1049999967217445,13,13,451.48,0.04248418534597325,4.085701417231476,3.922984299865627,0,0,nan,nan,nan
2074169,415431,IS,S15,stock,-1,"Will Robinhood Markets, Inc. (HOOD) hit (LOW) $50 in May?",0.0,0.1115000024437904,7,7,242.872426,0.06846035290588581,6.590941158645032,6.335847026701483,0,0,nan,nan,nan
2677637,631876,OOS,S15,stock,1,Will NVIDIA (NVDA) hit (HIGH) $208 in July?,1.0,0.4749999940395355,2,0,0,nan,nan,nan,2,6.666664,0.59999994,39.040005952000016,38.080005904000025
2677640,631876,OOS,S15,stock,-1,Will NVIDIA (NVDA) hit (LOW) $184 in July?,0.0,0.5,1,0,0,nan,nan,nan,1,3.076922,0.6499999025,-65.90999036699996,-66.81999048399992
2677642,631876,OOS,S15,stock,-1,Will NVIDIA (NVDA) hit (LOW) $176 in July?,0.0,0.5,1,0,0,nan,nan,nan,1,22.0,0.28,-28.806400000000004,-29.6128
2677644,631876,OOS,S15,stock,-1,Will NVIDIA (NVDA) hit (LOW) $168 in July?,0.0,0.5,1,0,0,nan,nan,nan,1,22.0,0.15,-15.509999999999998,-16.02
2677645,631876,OOS,S15,stock,-1,Will NVIDIA (NVDA) hit (LOW) $160 in July?,0.0,0.4950000047683716,3,0,0,nan,nan,nan,3,185.29000000000002,0.08557936209355604,-8.87095834886447,-9.183980488373333
2350382,522280,IS,S15,stock,-1,"Will Meta Platforms, Inc. (META) hit (LOW) $540 in June?",0.0,0.5049999952316284,1,0,0,nan,nan,nan,1,5.0,0.23000000000000004,-23.708400000000005,-24.416800000000006
2350384,522280,IS,S15,stock,-1,"Will Meta Platforms, Inc. (META) hit (LOW) $500 in June?",0.0,0.5,4,3,54.644786,0.0850000034599995,8.188900334512752,7.8778003230255536,1,10.0,0.18999999999999995,-19.615599999999993,-20.231199999999994
2350385,522280,IS,S15,stock,-1,"Will Meta Platforms, Inc. (META) hit (LOW) $480 in June?",0.0,0.4670000076293945,22,16,5991.260143,0.05214345842394129,5.016647769724001,4.818949697053873,6,32.769999999999996,0.2765492828918523,-28.455207397280653,-29.255486505376073
2073892,415404,IS,S15,stock,1,Will Microsoft Corporation (MSFT) hit (HIGH) $450 in May?,0.0,0.2349999994039535,2,0,0,nan,nan,nan,2,21.428568,0.27999995145000606,-28.80639505955261,-29.612794974104606
2073895,415404,IS,S15,stock,1,Will Microsoft Corporation (MSFT) hit (HIGH) $435 in May?,1.0,0.4900000095367431,10,0,0,nan,nan,nan,10,773.36,0.5,49.0,48.0
2073901,415404,IS,S15,stock,-1,Will Microsoft Corporation (MSFT) hit (LOW) $390 in May?,0.0,0.4099999964237213,2,2,24.590161,0.390000008533333,38.04840084582396,37.096800838314635,0,0,nan,nan,nan
3866496,907965,OOS,S15,silver,1,Will Silver (XAGUSD) hit (HIGH) $76 in September?,0.0,0.4050000011920929,2,1,35.0,0.4414171429,43.155442094584,42.16916989916799,1,35.0,0.63,-63.9324,-64.8648
2964823,715297,OOS,S15,crude,1,Will WTI Crude Oil (WTI) hit (HIGH) $110 Week of July 20 2026?,0.0,0.1949999928474426,15,15,361.644,0.01680344758934201,1.614260391980384,1.5481760250265668,0,0,nan,nan,nan
2964827,715297,OOS,S15,crude,1,Will WTI Crude Oil (WTI) hit (HIGH) $90 Week of July 20 2026?,1.0,0.1500000059604644,5,0,0,nan,nan,nan,5,105.855554,0.24820236640583077,74.4333715525514,73.6869797456859
1016041,122441,IS,S15,stock,1,Will NVIDIA reach $272 in January?,0.0,0.0395000018179416,0,0,0,nan,nan,nan,0,0,nan,nan,nan
1016054,122441,IS,S15,stock,-1,Will NVIDIA dip to $108 in January?,0.0,0.1049999967217445,1,1,20.0,0.040000000000000036,4.0000000000000036,4.0000000000000036,0,0,nan,nan,nan
2350560,522293,IS,S15,silver,1,Will Silver (XAGUSD) hit (HIGH) $78 in June?,0.0,0.5950000286102295,2,0,0,nan,nan,nan,2,38.0,0.535,-54.49510000000001,-55.4902
2073759,415380,IS,S15,stock,1,Will Apple (AAPL) hit (HIGH) $320 in May?,0.0,0.0450000017881393,3,3,82.488607,0.04180733710360042,4.020495775688417,3.860257841016791,0,0,nan,nan,nan
2073771,415380,IS,S15,stock,1,Will Apple (AAPL) hit (HIGH) $312 in May?,1.0,0.1099999994039535,0,0,0,nan,nan,nan,0,0,nan,nan,nan
2073784,415380,IS,S15,stock,1,Will Apple (AAPL) hit (HIGH) $304 in May?,1.0,0.1700000017881393,1,1,1.234563,0.19000002429999996,-81.615597630264,-82.231197690528,0,0,nan,nan,nan
2073796,415380,IS,S15,stock,1,Will Apple (AAPL) hit (HIGH) $296 in May?,1.0,0.375,6,1,5.0,0.39,-61.9516,-62.903200000000005,5,258.9,0.39693124758594056,59.34936791230271,58.391860583199474
2073808,415380,IS,S15,stock,1,Will Apple (AAPL) hit (HIGH) $288 in May?,1.0,0.6399999856948853,8,4,207.14,0.68,-32.8704,-33.74079999999999,4,235.37887899999998,0.676568762982019,31.467829814042105,30.592535926286107
2073828,415380,IS,S15,stock,-1,Will Apple (AAPL) hit (LOW) $264 in May?,0.0,0.324999988079071,20,8,466.12838600000003,0.37594146433057335,36.65570851414711,35.71727059523687,12,942.32,0.3928568851487647,-40.23976992663637,-41.19385133839627
2253947,415380,IS,S15,stock,-1,Will Apple (AAPL) hit (LOW) $288 in May?,0.0,0.3600000143051147,4,3,19.207456,0.34400490101342945,33.497827984974265,32.595165868605584,1,10.0,0.9800000000000001,-98.07840000000002,-98.1568
1015994,122434,IS,S15,stock,-1,Will Google dip to $310 in January?,0.0,0.5,2,0,0,nan,nan,nan,2,25.0,0.848,-84.8,-84.8
1016000,122434,IS,S15,stock,-1,Will Google dip to $215 in January?,0.0,0.0399999991059303,0,0,0,nan,nan,nan,0,0,nan,nan,nan
1542552,257175,IS,S15,stock,1,Will Google reach $400 in April?,0.0,0.0289999991655349,0,0,0,nan,nan,nan,0,0,nan,nan,nan
1542553,257175,IS,S15,stock,1,Will Google reach $375 in April?,1.0,0.0750000029802322,1,1,100.0,0.040000000000000036,-96.1536,-96.3072,0,0,nan,nan,nan
1016007,122436,IS,S15,stock,1,Will Meta reach $880 in January?,0.0,0.4799999892711639,0,0,0,nan,nan,nan,0,0,nan,nan,nan
1262763,186936,IS,S15,stock,1,Will Amazon reach $256 in February?,0.0,0.4950000047683716,10,10,1043.708694,0.5481497838335573,54.81497838335573,54.81497838335573,0,0,nan,nan,nan
1262765,186936,IS,S15,stock,1,Will Amazon reach $240 in February?,1.0,0.550000011920929,2,1,20.0,0.9200000000000002,-7.999999999999985,-7.999999999999985,1,30.0,0.98,2.0000000000000018,2.0000000000000018
1262767,186936,IS,S15,stock,-1,Will Amazon dip to $224 in February?,1.0,0.5299999713897705,2,2,40.0,0.54,-46.0,-46.0,0,0,nan,nan,nan
1262768,186936,IS,S15,stock,-1,Will Amazon dip to $216 in February?,1.0,0.4950000047683716,1,1,30.0,0.35,-65.0,-65.0,0,0,nan,nan,nan
1262769,186936,IS,S15,stock,-1,Will Amazon dip to $204 in February?,1.0,0.4950000047683716,2,2,64.0,0.17375000000000004,-82.625,-82.625,0,0,nan,nan,nan
1262770,186936,IS,S15,stock,-1,Will Amazon dip to $192 in February?,0.0,0.4950000047683716,3,2,49.09,0.10999999999999999,10.999999999999998,10.999999999999998,1,10.0,0.2,-20.0,-20.0
1262771,186936,IS,S15,stock,-1,Will Amazon dip to $176 in February?,0.0,0.0719999969005584,2,2,38.0,0.028886842105263173,2.8886842105263173,2.8886842105263173,0,0,nan,nan,nan
3866442,907961,OOS,S15,sp500,1,Will S&P 500 (SPY) hit (HIGH) $790 in September?,0.0,0.4950000047683716,3,1,10.0,0.30500000000000005,29.652100000000004,28.8042,2,30.0,0.06333333333333334,-6.570622222222222,-6.807911111111112
3866447,907961,OOS,S15,sp500,-1,Will S&P 500 (SPY) hit (LOW) $740 in September?,0.0,0.5550000071525574,1,1,20.0,0.26,25.230400000000003,24.460800000000003,0,0,nan,nan,nan
3866448,907961,OOS,S15,sp500,-1,Will S&P 500 (SPY) hit (LOW) $730 in September?,0.0,0.5299999713897705,1,1,28.0,0.18000000000000002,17.409600000000005,16.819200000000002,0,0,nan,nan,nan
1262900,186966,IS,S15,stock,1,Will Opendoor reach $11.50 in February?,0.0,0.1299999952316284,0,0,0,nan,nan,nan,0,0,nan,nan,nan
1262901,186966,IS,S15,stock,1,Will Opendoor reach $10.25 in February?,0.0,0.484499990940094,1,1,10.98,0.097,9.700000000000001,9.700000000000001,0,0,nan,nan,nan
1262904,186966,IS,S15,stock,1,Will Opendoor reach $7.50 in February?,0.0,0.4099999964237213,2,1,20.0,0.19,19.0,19.0,1,20.0,0.24,-24.0,-24.0
1262905,186966,IS,S15,stock,1,Will Opendoor reach $7 in February?,0.0,0.375,1,0,0,nan,nan,nan,1,24.0,0.29,-28.999999999999996,-28.999999999999996
1262906,186966,IS,S15,stock,1,Will Opendoor reach $6.50 in February?,0.0,0.4250000119209289,4,0,0,nan,nan,nan,4,54.0,0.48148148148148145,-48.148148148148145,-48.148148148148145
1262908,186966,IS,S15,stock,-1,Will Opendoor dip to $5.50 in February?,1.0,0.5099999904632568,3,0,0,nan,nan,nan,3,182.4,0.9876754385964913,1.2324561403508683,1.2324561403508683
1262910,186966,IS,S15,stock,-1,Will Opendoor dip to $4.25 in February?,0.0,0.5049999952316284,1,1,44.0,0.42,42.0,42.0,0,0,nan,nan,nan
1262911,186966,IS,S15,stock,-1,Will Opendoor dip to $3.50 in February?,0.0,0.5,0,0,0,nan,nan,nan,0,0,nan,nan,nan
694415,86624,IS,S15,stock,1,Will Tesla (TSLA) hit $505 before 2026??,0.0,0.1599999964237213,1,1,20.0,0.13,13.0,13.0,0,0,nan,nan,nan
694416,86624,IS,S15,stock,1,Will Tesla (TSLA) hit $475 before 2026??,1.0,0.2800000011920929,0,0,0,nan,nan,nan,0,0,nan,nan,nan
694418,86624,IS,S15,stock,1,Will Tesla (TSLA) hit $445 before 2026??,1.0,0.4850000143051147,1,0,0,nan,nan,nan,1,5.0,0.49000000000000005,51.0,51.0
694419,86624,IS,S15,stock,1,Will Tesla (TSLA) hit $420 before 2026??,1.0,0.7250000238418579,6,2,445.3,0.7634886593307881,-23.651134066921188,-23.651134066921188,4,1500.0,0.7806000000000001,21.939999999999994,21.939999999999994
694424,86624,IS,S15,stock,-1,Will Tesla (TSLA) hit $375 before 2026??,0.0,0.7300000190734863,0,0,0,nan,nan,nan,0,0,nan,nan,nan
694425,86624,IS,S15,stock,-1,Will Tesla (TSLA) hit $360 before 2026??,0.0,0.5,2,1,100.0,0.59,59.0,59.0,1,100.0,0.54,-54.0,-54.0
694426,86624,IS,S15,stock,-1,Will Tesla (TSLA) hit $350 before 2026??,0.0,0.6499999761581421,1,1,500.0,0.48,48.0,48.0,0,0,nan,nan,nan
694427,86624,IS,S15,stock,-1,Will Tesla (TSLA) hit $315 before 2026??,0.0,0.1550000011920929,7,5,961.62195,0.17251265011161615,17.251265011161614,17.251265011161614,2,660.0,0.18954545454545454,-18.954545454545453,-18.954545454545453
3096329,746373,OOS,S15,sp500,1,Will S&P 500 (SPY) hit (HIGH) $800 in August?,0.0,0.050000000745058,8,7,563.7551990000001,0.01764752147782552,1.6954078019284915,1.6260634560744305,1,9.58,0.04300000000000004,-4.464604000000004,-4.629208000000004
3096330,746373,OOS,S15,sp500,1,Will S&P 500 (SPY) hit (HIGH) $790 in August?,0.0,0.0599999986588954,22,16,531.410909,0.045512287365099775,4.3774650602543925,4.203701383998807,6,1405.305468,0.06328872766891809,-6.56600582536768,-6.80313888384355
3096331,746373,OOS,S15,sp500,1,Will S&P 500 (SPY) hit (HIGH) $780 in August?,0.0,0.1049999967217445,11,3,152.69565,0.10226651512338429,9.859419212306818,9.492186912275207,8,1411.566425,0.1373605900630518,-14.210029639747507,-14.684000273189834
3096336,746373,OOS,S15,sp500,-1,Will S&P 500 (SPY) hit (LOW) $730 in August?,0.0,0.3449999988079071,23,16,1801.110293,0.5583182217576719,54.845426235723096,53.859030295679,7,585.989005,0.435658512059973,-44.54929189771595,-45.53273258943461
3096339,746373,OOS,S15,sp500,-1,Will S&P 500 (SPY) hit (LOW) $700 in August?,0.0,0.0799999982118606,29,21,1845.442334,0.13609996711856676,13.139689647581108,12.669382583305541,8,1072.95,0.12033831959208537,-12.457259992927892,-12.880688026647244
3096340,746373,OOS,S15,sp500,-1,Will S&P 500 (SPY) hit (LOW) $690 in August?,0.0,0.0549999997019767,25,5,573.04,0.09790503280805704,9.437224731370062,9.083946181934422,20,2489.896362,0.08478802660982182,-8.789198729595919,-9.099594798209655
2074104,415427,IS,S15,stock,1,Will Opendoor Technologies Inc. (OPEN) hit (HIGH) $6.50 in May?,0.0,0.4799999892711639,1,1,40.0,0.43999999999999995,43.014399999999995,42.0288,0,0,nan,nan,nan
2074108,415427,IS,S15,stock,-1,Will Opendoor Technologies Inc. (OPEN) hit (LOW) $4.50 in May?,1.0,0.324999988079071,3,3,43.77,0.46999999999999986,-53.99640000000001,-54.99280000000002,0,0,nan,nan,nan
2074109,415427,IS,S15,stock,-1,Will Opendoor Technologies Inc. (OPEN) hit (LOW) $4.00 in May?,0.0,0.2599999904632568,0,0,0,nan,nan,nan,0,0,nan,nan,nan
1487128,242331,IS,S15,gold,0,"Will Gold (GC) settle at <$4,750 in March?",1.0,0.2649999856948852,5,4,87.3,0.03644215350859107,-96.3557846491409,-96.3557846491409,1,90.114753,0.5548480946,44.515190540000006,44.515190540000006
1487129,242331,IS,S15,gold,0,"Will Gold (GC) settle at $4,750-$4,875 in March?",0.0,0.2649999856948852,4,3,77.0,0.041933766220779246,4.193376622077925,4.193376622077925,1,103.593845,0.482654148,-48.2654148,-48.2654148
1487132,242331,IS,S15,gold,0,"Will Gold (GC) settle at $5,125-$5,250 in March?",0.0,0.2649999856948852,7,6,110.968385,0.06813640660835273,6.813640660835272,6.813640660835272,1,133.35125,0.3749496161,-37.49496161,-37.49496161
1487133,242331,IS,S15,gold,0,"Will Gold (GC) settle at $5,250-$5,375 in March?",0.0,0.2649999856948852,6,4,76.42,0.060164878304108924,6.016487830410893,6.016487830410893,2,155.328968,0.32511126961547054,-32.511126961547056,-32.511126961547056
1487135,242331,IS,S15,gold,0,"Will Gold (GC) settle at $5,500-$5,625 in March?",0.0,0.2649999856948852,5,5,106.42,0.050000000000000044,5.000000000000004,5.000000000000004,0,0,nan,nan,nan
1015951,122423,IS,S15,stock,-1,Will Microsoft dip to $428 in January?,1.0,0.0599999986588954,0,0,0,nan,nan,nan,0,0,nan,nan,nan
3096167,746354,OOS,S15,stock,1,Will NVIDIA (NVDA) hit (HIGH) $248 in August?,0.0,0.0769999995827674,10,10,680.517787,0.06178471276933505,5.946601828784122,5.7147323806347385,0,0,nan,nan,nan
3096169,746354,OOS,S15,stock,1,Will NVIDIA (NVDA) hit (HIGH) $240 in August?,0.0,0.1049999967217445,0,0,0,nan,nan,nan,0,0,nan,nan,nan
3096170,746354,OOS,S15,stock,1,Will NVIDIA (NVDA) hit (HIGH) $232 in August?,0.0,0.3100000023841858,13,4,200.31,0.20698067994608357,20.041509282307796,19.384950570007234,9,315.928944,0.19513089627871366,-20.141308946256085,-20.7695282646408
3096177,746354,OOS,S15,stock,-1,Will NVIDIA (NVDA) hit (LOW) $184 in August?,0.0,0.2949999868869781,9,1,56.5,0.59,58.032399999999996,57.06479999999999,8,518.29,0.42250574004128966,-43.226552562822775,-44.20253112151658
3096178,746354,OOS,S15,stock,-1,Will NVIDIA (NVDA) hit (LOW) $176 in August?,0.0,0.2000000029802322,16,5,320.156247,0.3100400318163106,30.148342339680458,29.29268149772985,11,1496.681537,0.2468400857931733,-25.427648810672498,-26.171289042027666
2350403,522282,IS,S15,stock,1,Will NVIDIA (NVDA) hit (HIGH) $240 in June?,0.0,0.4250000119209289,0,0,0,nan,nan,nan,0,0,nan,nan,nan
2350408,522282,IS,S15,stock,-1,Will NVIDIA (NVDA) hit (LOW) $200 in June?,1.0,0.5400000214576721,0,0,0,nan,nan,nan,0,0,nan,nan,nan
2350409,522282,IS,S15,stock,-1,Will NVIDIA (NVDA) hit (LOW) $192 in June?,1.0,0.4600000083446502,4,3,43.643332,0.33134805106081267,-67.75142097439479,-68.63764705487084,1,49.315066,0.7299999963,26.211600363192,25.423200356384
2350410,522282,IS,S15,stock,-1,Will NVIDIA (NVDA) hit (LOW) $184 in June?,0.0,0.5199999809265137,2,2,76.78988,0.10404871056606664,10.031980751024241,9.65909044544182,0,0,nan,nan,nan
2350411,522282,IS,S15,stock,-1,Will NVIDIA (NVDA) hit (LOW) $176 in June?,0.0,0.1400000005960464,7,5,115.381155,0.09014608148098358,8.686529086199927,8.358450024301497,2,55.980000000000004,0.08999999999999997,-9.327599999999997,-9.655199999999997
2350412,522282,IS,S15,stock,-1,Will NVIDIA (NVDA) hit (LOW) $168 in June?,0.0,0.5,10,9,4889.49748,0.04852007797790947,4.6673442777472385,4.48268075770353,1,200.0,0.05,-5.19,-5.38
2350413,522282,IS,S15,stock,-1,Will NVIDIA (NVDA) hit (LOW) $160 in June?,0.0,0.4900000095367431,3,3,289.4901,0.02076098975405379,1.9947790911714354,1.913459206937492,0,0,nan,nan,nan
1015914,122415,IS,S15,stock,-1,Will Apple dip to $272 in January?,1.0,0.5149999856948853,1,0,0,nan,nan,nan,1,5.0,0.93,6.999999999999995,6.999999999999995
1262702,186921,IS,S15,stock,1,Will Apple reach $284 in February?,0.0,0.5,3,1,91.0,0.1476648352,14.766483520000001,14.766483520000001,2,111.0,0.1963963963945946,-19.63963963945946,-19.63963963945946
1262703,186921,IS,S15,stock,1,Will Apple reach $272 in February?,1.0,0.4900000095367431,18,1,20.0,0.43,-57.00000000000001,-57.00000000000001,17,1880.0,0.45063829787234044,54.93617021276596,54.93617021276596
1262704,186921,IS,S15,stock,1,Will Apple reach $264 in February?,1.0,0.5149999856948853,2,1,12.0,0.75,-25.0,-25.0,1,20.0,0.8,19.999999999999996,19.999999999999996
1262706,186921,IS,S15,stock,-1,Will Apple dip to $248 in February?,0.0,0.4950000047683716,16,14,1641.65,0.5623780952095757,56.23780952095757,56.23780952095757,2,556.0,0.62611510795,-62.611510795,-62.611510795
1262707,186921,IS,S15,stock,-1,Will Apple dip to $240 in February?,0.0,0.4900000095367431,9,0,0,nan,nan,nan,9,1413.0,0.36999999999999994,-36.99999999999999,-36.99999999999999
1262708,186921,IS,S15,stock,-1,Will Apple dip to $232 in February?,0.0,0.4950000047683716,4,2,2.32557,0.14000008600000002,14.000008600000003,14.000008600000003,2,26.16,0.16,-16.0,-16.0
694429,86625,IS,S15,stock,1,Will Amazon (AMZN) hit $300 before 2026??,0.0,0.0209999997168779,1,1,51.0,0.01200000000000001,1.200000000000001,1.200000000000001,0,0,nan,nan,nan
694430,86625,IS,S15,stock,1,Will Amazon (AMZN) hit $275 before 2026??,0.0,0.0390000008046627,0,0,0,nan,nan,nan,0,0,nan,nan,nan
694432,86625,IS,S15,stock,1,Will Amazon (AMZN) hit $245 before 2026??,0.0,0.3400000035762787,1,0,0,nan,nan,nan,1,27.5,0.36,-36.0,-36.0
694439,86625,IS,S15,stock,-1,Will Amazon (AMZN) hit $195 before 2026??,0.0,0.2549999952316284,1,0,0,nan,nan,nan,1,3.448274,0.2899998666,-28.999986659999998,-28.999986659999998
2073940,415411,IS,S15,stock,1,"Will Amazon.com, Inc. (AMZN) hit (HIGH) $288 in May?",0.0,0.3100000023841858,0,0,0,nan,nan,nan,0,0,nan,nan,nan
2073943,415411,IS,S15,stock,1,"Will Amazon.com, Inc. (AMZN) hit (HIGH) $280 in May?",0.0,0.5649999976158142,4,0,0,nan,nan,nan,4,213.0,0.5898591549295775,-59.95361682205912,-60.921318151160484
2073951,415411,IS,S15,stock,-1,"Will Amazon.com, Inc. (AMZN) hit (LOW) $256 in May?",1.0,0.550000011920929,6,2,252.88,0.558136665612148,-45.172813951231205,-46.159294463677206,4,353.83000000000004,0.5554311392476613,43.46917652002704,42.48146696482022
2073953,415411,IS,S15,stock,-1,"Will Amazon.com, Inc. (AMZN) hit (LOW) $248 in May?",0.0,0.3149999976158142,4,4,161.82,0.39758991472438515,38.80094277470315,37.84289407696779,0,0,nan,nan,nan
657230,69126,IS,S15,stock,1,Will Opendoor reach $13 in November?,0.0,0.0900000035762786,2,2,300.0,0.1,10.0,10.0,0,0,nan,nan,nan
657233,69126,IS,S15,stock,1,Will Opendoor reach $9.75 in November?,0.0,0.5,5,3,165.0,0.3024242424212121,30.242424242121206,30.242424242121206,2,165.18,0.28030270008475605,-28.030270008475604,-28.030270008475604
657235,69126,IS,S15,stock,1,Will Opendoor reach $8.50 in November?,1.0,0.5049999952316284,1,0,0,nan,nan,nan,1,100.0,0.875,12.5,12.5
657236,69126,IS,S15,stock,1,Will Opendoor reach $8 in November?,1.0,0.7649999856948853,2,1,50.0,0.93,-6.999999999999995,-6.999999999999995,1,100.0,0.98,2.0000000000000018,2.0000000000000018
657241,69126,IS,S15,stock,-1,Will Opendoor dip to $5 in November?,0.0,0.4600000083446502,10,7,510.0,0.4172549019607843,41.72549019607843,41.72549019607843,3,403.0,0.43000000000000005,-43.00000000000001,-43.00000000000001
1015964,122429,IS,S15,stock,1,Will Amazon reach $320 in January?,0.0,0.0949999988079071,1,1,20.0,0.050000000000000044,5.000000000000004,5.000000000000004,0,0,nan,nan,nan
1015980,122429,IS,S15,stock,-1,Will Amazon dip to $156 in January?,0.0,0.0799999982118606,0,0,0,nan,nan,nan,0,0,nan,nan,nan
1542740,257201,IS,S15,stock,1,Will Netflix reach $455 in April?,0.0,0.0230000000447034,1,1,34.42,0.01200000000000001,1.152576000000001,1.1051520000000008,0,0,nan,nan,nan
1542756,257201,IS,S15,stock,-1,Will Netflix dip to $35 in April?,0.0,0.0260000005364418,0,0,0,nan,nan,nan,0,0,nan,nan,nan
1262737,186927,IS,S15,stock,1,Will Microsoft reach $480 in February?,0.0,0.324999988079071,5,3,43.72,0.18558554437328453,18.558554437328453,18.558554437328453,2,52.19,0.2554493197930638,-25.54493197930638,-25.54493197930638
1262738,186927,IS,S15,stock,-1,Will Microsoft dip to $465 in February?,1.0,0.8964999914169312,5,2,136.633125,0.9772908656171961,-2.2709134382803864,-2.2709134382803864,3,1351.97,0.9870482185028499,1.295178149715015,1.295178149715015
1262740,186927,IS,S15,stock,-1,Will Microsoft dip to $435 in February?,1.0,0.5,16,5,158.959997,0.9340274459104103,-6.597255408958969,-6.597255408958969,11,2169.48,0.9549200730128878,4.507992698711217,4.507992698711217
1262742,186927,IS,S15,stock,-1,Will Microsoft dip to $390 in February?,1.0,0.3199999928474426,0,0,0,nan,nan,nan,0,0,nan,nan,nan
1262743,186927,IS,S15,stock,-1,Will Microsoft dip to $360 in February?,0.0,0.1850000023841858,0,0,0,nan,nan,nan,0,0,nan,nan,nan
2272048,489388,IS,S15,crude,1,Will WTI Crude Oil (WTI) hit (HIGH) $105 Week of May 18 2026?,1.0,0.5,5,5,173.162522,0.7710035777946782,-23.60587046382211,-24.31209870711205,0,0,nan,nan,nan
2272050,489388,IS,S15,crude,-1,Will WTI Crude Oil (WTI) hit (LOW) $95 Week of May 18 2026?,1.0,0.5,4,4,254.22111,0.19393319067798892,-81.23197336512689,-81.85726579805265,0,0,nan,nan,nan
2272051,489388,IS,S15,crude,-1,Will WTI Crude Oil (WTI) hit (LOW) $90 Week of May 18 2026?,0.0,0.4950000047683716,1,1,7.25,0.36,35.0784,34.1568,0,0,nan,nan,nan
2272053,489388,IS,S15,crude,-1,Will WTI Crude Oil (WTI) hit (LOW) $80 Week of May 18 2026?,0.0,0.0700000002980232,4,4,777.0,0.02382419562419565,2.289393149111342,2.1963667358031196,0,0,nan,nan,nan
2009439,390018,IS,S15,natgas,-1,Will Natural Gas (NG) hit (LOW) $2.80 Week of April 20 2026?,1.0,0.4950000047683716,1,0,0,nan,nan,nan,1,117.392,0.9885106383,1.103506744929097,1.0580773198581905
2074020,415420,IS,S15,stock,1,"Will Meta Platforms, Inc. (META) hit (HIGH) $680 in May?",0.0,0.1650000065565109,1,0,0,nan,nan,nan,1,89.134781,0.2243792914,-23.13406203996334,-23.83019493992667
2074029,415420,IS,S15,stock,-1,"Will Meta Platforms, Inc. (META) hit (LOW) $580 in May?",0.0,0.550000011920929,5,5,500.0,0.5465,53.658649000000004,52.667297999999995,0,0,nan,nan,nan
2074031,415420,IS,S15,stock,-1,"Will Meta Platforms, Inc. (META) hit (LOW) $560 in May?",0.0,0.2849999964237213,4,1,15.16,0.29,28.176399999999997,27.3528,3,45.480000000000004,0.32999999999999996,-33.8844,-34.76879999999999
2278827,415420,IS,S15,stock,1,"Will Meta Platforms, Inc. (META) hit (HIGH) $640 in May?",1.0,0.1829999983310699,12,0,0,nan,nan,nan,12,573.24842,0.1902148443711743,80.36238293347448,79.74625030406638
1262870,186959,IS,S15,stock,1,Will Netflix reach $105 in February?,0.0,0.5,5,1,74.0,0.03337837840000002,3.337837840000002,3.337837840000002,4,88.34,0.06065995019243832,-6.065995019243832,-6.065995019243832
1262871,186959,IS,S15,stock,-1,Will Netflix dip to $70 in February?,0.0,0.3000000119209289,2,1,10.0,0.09999999999999998,9.999999999999998,9.999999999999998,1,10.0,0.08999999999999997,-8.999999999999996,-8.999999999999996
2677457,631830,OOS,S15,stock,1,Will Microsoft Corporation (MSFT) hit (HIGH) $465 in July?,1.0,0.4954999983310699,0,0,0,nan,nan,nan,0,0,nan,nan,nan
2677473,631830,OOS,S15,stock,-1,Will Microsoft Corporation (MSFT) hit (LOW) $360 in July?,0.0,0.5,1,0,0,nan,nan,nan,1,22.0,0.53,-53.9964,-54.992799999999995
2677475,631830,OOS,S15,stock,-1,Will Microsoft Corporation (MSFT) hit (LOW) $345 in July?,0.0,0.4950000047683716,1,0,0,nan,nan,nan,1,22.0,0.37999999999999995,-38.94239999999999,-39.88479999999999
2677477,631830,OOS,S15,stock,-1,Will Microsoft Corporation (MSFT) hit (LOW) $330 in July?,0.0,0.4950000047683716,1,0,0,nan,nan,nan,1,22.0,0.13,-13.4524,-13.9048
1542510,257169,IS,S15,sp500,-1,Will S&P 500 (SPX) hit 5500 (LOW) in March?,0.0,0.3199999928474426,4,3,49.730000000000004,0.061766137134928636,6.176613713492864,6.176613713492864,1,64.24,0.0216483499,-2.1648349899999997,-2.1648349899999997
1542511,257169,IS,S15,sp500,-1,Will S&P 500 (SPX) hit 5350 (LOW) in March?,0.0,0.4004999995231628,4,3,96.221615,0.03616715435765902,3.616715435765902,3.616715435765902,1,41.66,0.0132863658,-1.32863658,-1.32863658
1542514,257169,IS,S15,sp500,-1,Will S&P 500 (SPX) hit 4750 (LOW) in March?,0.0,0.1679999977350235,76,62,33594.379042,0.013639602488593703,1.3639602488593703,1.3639602488593703,14,386.575164,0.07393658118247506,-7.393658118247506,-7.393658118247506
1016072,122443,IS,S15,stock,-1,Will Palantir dip to $192 in January?,1.0,0.9229999780654908,0,0,0,nan,nan,nan,0,0,nan,nan,nan
2074078,415425,IS,S15,stock,1,"Will Netflix, Inc. (NFLX) hit (HIGH) $95 in May?",0.0,0.6800000071525574,5,5,786.86,0.6635256589482245,65.45952845936026,64.56649102389805,0,0,nan,nan,nan
2074080,415425,IS,S15,stock,-1,"Will Netflix, Inc. (NFLX) hit (LOW) $85 in May?",0.0,0.2750000059604645,0,0,0,nan,nan,nan,0,0,nan,nan,nan
2074081,415425,IS,S15,stock,-1,"Will Netflix, Inc. (NFLX) hit (LOW) $80 in May?",0.0,0.1299999952316284,2,2,30.663330000000002,0.08907815945803033,8.583242981940632,8.258670018078233,0,0,nan,nan,nan
694364,86620,IS,S15,stock,1,Will Apple (AAPL) hit $285 before 2026??,1.0,0.5299999713897705,2,1,4.255318,0.5300001081,-46.99998919,-46.99998919,1,3.964284,0.5599999899,44.00000101,44.00000101
694367,86620,IS,S15,stock,-1,Will Apple (AAPL) hit $265 before 2026??,0.0,0.824999988079071,0,0,0,nan,nan,nan,0,0,nan,nan,nan
4798164,907947,OOS,S15,stock,1,"Will Meta Platforms, Inc. (META) hit (HIGH) $820 in September?",0.0,0.0649999976158142,4,2,319.505264,0.05000000245490748,4.810000236653082,4.620000227815415,2,40.0,0.07,-7.260400000000001,-7.520800000000001
702411,89780,IS,S15,stock,1,Will NVIDIA reach $264 in December?,0.0,0.1299999952316284,2,2,19.7,0.03500000000000002,3.5000000000000018,3.5000000000000018,0,0,nan,nan,nan
702416,89780,IS,S15,stock,1,Will NVIDIA reach $192 in December?,1.0,0.699999988079071,3,3,13.444488,0.3853690077283315,-61.46309922716685,-61.46309922716685,0,0,nan,nan,nan
702423,89780,IS,S15,stock,-1,Will NVIDIA dip to $120 in December?,0.0,0.1599999964237213,2,2,26.5959,0.07767960475110822,7.767960475110821,7.767960475110821,0,0,nan,nan,nan
1016055,122442,IS,S15,stock,1,Will Netflix reach $455 in January?,0.0,0.0264999996870756,0,0,0,nan,nan,nan,0,0,nan,nan,nan
1016057,122442,IS,S15,stock,1,Will Netflix reach $298 in January?,0.0,0.4650000035762787,3,3,63.56,0.02524386406544999,2.5243864065449992,2.5243864065449992,0,0,nan,nan,nan
1016059,122442,IS,S15,stock,1,Will Netflix reach $175 in January?,0.0,0.4650000035762787,4,4,74.43,0.024478033051189056,2.4478033051189056,2.4478033051189056,0,0,nan,nan,nan
1016060,122442,IS,S15,stock,1,Will Netflix reach $140 in January?,0.0,0.0850000008940696,1,1,20.0,0.06000000000000005,6.000000000000005,6.000000000000005,0,0,nan,nan,nan
1016062,122442,IS,S15,stock,-1,Will Netflix dip to $70 in January?,0.0,0.0395000018179416,0,0,0,nan,nan,nan,0,0,nan,nan,nan
2074119,415428,IS,S15,stock,1,"Will Rocket Lab USA, Inc. (RKLB) hit (HIGH) $84 in May?",1.0,0.7450000047683716,1,0,0,nan,nan,nan,1,1.204817,0.8299999087,16.435608888968037,15.871208647936072
4232006,966844,OOS,S15,crude,1,Will WTI Crude Oil (WTI) hit (HIGH) $105 Week of September 7 2026?,0.0,0.4850000143051147,2,2,60.0,0.041666666666666706,4.006944444444448,3.8472222222222263,0,0,nan,nan,nan
4232007,966844,OOS,S15,crude,1,Will WTI Crude Oil (WTI) hit (HIGH) $100 Week of September 7 2026?,1.0,0.5049999952316284,9,5,796.0,0.08296482413366837,-92.00784423499371,-92.31217088335426,4,289.0,0.10356401384083046,89.27224458040493,88.9008905448929
4232008,966844,OOS,S15,crude,1,Will WTI Crude Oil (WTI) hit (HIGH) $95 Week of September 7 2026?,1.0,0.5049999952316284,4,2,220.764704,0.5008260061622938,-50.917396654625904,-51.91739392548118,2,150.57,0.5266666666666667,46.33617777777777,45.33902222222221
4232009,966844,OOS,S15,crude,-1,Will WTI Crude Oil (WTI) hit (LOW) $90 Week of September 7 2026?,0.0,0.5049999952316284,7,0,0,nan,nan,nan,7,652.0,0.659079754601227,-66.80674998682676,-67.70552451353082
3248880,778890,OOS,S15,gold,1,"Will Gold (XAUUSD) hit (HIGH) $4,350 Week of August 3 2026?",1.0,0.5,5,3,33.05151,0.05868185751239039,-94.35276743720611,-94.57372062565125,2,53.333332,0.043499982337500256,95.48357083075342,95.31713989525687
3248881,778890,OOS,S15,gold,1,"Will Gold (XAUUSD) hit (HIGH) $4,300 Week of August 3 2026?",1.0,0.5,3,3,452.0,0.021946902654867272,-97.89117067898817,-97.97703162346308,0,0,nan,nan,nan
3248882,778890,OOS,S15,gold,1,"Will Gold (XAUUSD) hit (HIGH) $4,250 Week of August 3 2026?",1.0,0.5,6,6,557.45,0.07696833796753069,-92.58734305491912,-92.8715199065913,0,0,nan,nan,nan
3248887,778890,OOS,S15,gold,-1,"Will Gold (XAUUSD) hit (LOW) $4,000 Week of August 3 2026?",0.0,0.7400000095367432,5,5,786.03,0.4207914456253184,41.10424054287635,40.12933652322086,0,0,nan,nan,nan
3096434,746381,OOS,S15,natgas,1,Will Natural Gas (NG) hit (HIGH) $3.20 in August?,0.0,0.2399999946355819,9,6,229.503332,0.24891069119641365,24.143252483623215,23.395435847605068,3,184.0,0.19217391304347825,-19.838363705103966,-20.459336105860114
3096436,746381,OOS,S15,natgas,1,Will Natural Gas (NG) hit (HIGH) $3.00 in August?,0.0,0.6449999809265137,14,12,1004.127658,0.5311751496441698,52.12140252423833,51.12529008405967,2,212.04,0.5999509526504433,-60.9551344933014,-61.91517372155848
3096440,746381,OOS,S15,natgas,-1,Will Natural Gas (NG) hit (LOW) $2.60 in August?,0.0,0.5899999737739563,11,7,404.761903,0.7784870603298842,77.15892620407314,76.46914637515788,4,130.0,0.6284615384615385,-63.78014437869823,-64.71413491124261
3248911,778892,OOS,S15,crude,1,Will WTI Crude Oil (WTI) hit (HIGH) $105 Week of August 3 2026?,0.0,0.5,22,17,9887.135044,0.023385308163705848,2.2471770742674075,2.1558233321642297,5,5230.0,0.017258126196175907,-1.7936537527230816,-1.861494885828573
3248912,778892,OOS,S15,crude,1,Will WTI Crude Oil (WTI) hit (HIGH) $100 Week of August 3 2026?,0.0,0.5,4,3,1390.0,0.04100719424820147,3.94341700774778,3.786114590675413,1,4.166665,0.239999856,-24.72958530047992,-25.459185000959835
3248917,778892,OOS,S15,crude,-1,Will WTI Crude Oil (WTI) hit (LOW) $75 Week of August 3 2026?,1.0,0.5,8,2,170.13126,0.19515086766766573,-81.11318125929832,-81.74144928536322,6,168.996548,0.2223281980940377,77.07558670889104,76.38399322718587
3248918,778892,OOS,S15,crude,-1,Will WTI Crude Oil (WTI) hit (LOW) $70 Week of August 3 2026?,0.0,0.5,5,2,271.804,0.017162381710993234,1.6487668336393257,1.5812954961793282,3,929.0,0.029956942949407962,-3.1119323930149316,-3.228170491089067
1327169,197689,IS,S15,crude,1,Will Crude Oil (CL) hit (HIGH) $80 by end of February?,0.0,0.125,4,2,9.991109999999999,0.09999999999999999,10.0,10.0,2,37.882351,0.16868010650257728,-16.868010650257727,-16.868010650257727
1327170,197689,IS,S15,crude,1,Will Crude Oil (CL) hit (HIGH) $75 by end of February?,0.0,0.2249999940395355,2,1,1.05,0.06,6.0,6.0,1,2.5,0.4,-40.0,-40.0
1327174,197689,IS,S15,crude,1,Will Crude Oil (CL) hit (HIGH) $66 by end of February?,1.0,0.5899999737739563,2,0,0,nan,nan,nan,2,4.063816,0.9473822141554928,5.261778584450716,5.261778584450716
1327180,197689,IS,S15,crude,-1,Will Crude Oil (CL) hit (LOW) $50 by end of February?,0.0,0.1749999970197677,1,1,1.05262,0.050000000000000044,5.000000000000004,5.000000000000004,0,0,nan,nan,nan
1327181,197689,IS,S15,crude,-1,Will Crude Oil (CL) hit (LOW) $45 by end of February?,0.0,0.0799999982118606,3,3,30.2309,0.03000000000000003,3.000000000000003,3.000000000000003,0,0,nan,nan,nan
1542610,257185,IS,S15,stock,1,Will Tesla reach $555 in April?,0.0,0.0965000018477439,0,0,0,nan,nan,nan,0,0,nan,nan,nan
1542645,257185,IS,S15,stock,-1,Will Tesla dip to $285 in April?,0.0,0.1099999994039535,0,0,0,nan,nan,nan,0,0,nan,nan,nan
1542648,257185,IS,S15,stock,-1,Will Tesla dip to $248 in April?,0.0,0.0754999965429306,0,0,0,nan,nan,nan,0,0,nan,nan,nan
694377,86621,IS,S15,stock,1,Will Microsoft (MSFT) hit $525 before 2026??,0.0,0.3549999892711639,2,1,110.0,0.31999999999999995,31.999999999999996,31.999999999999996,1,500.0,0.2,-20.0,-20.0
694378,86621,IS,S15,stock,1,Will Microsoft (MSFT) hit $500 before 2026??,0.0,0.6650000214576721,3,3,210.0,0.5847619047619047,58.47619047619047,58.47619047619047,0,0,nan,nan,nan
694379,86621,IS,S15,stock,1,Will Microsoft (MSFT) hit $485 before 2026??,1.0,0.8349999785423279,1,1,110.0,0.8,-19.999999999999996,-19.999999999999996,0,0,nan,nan,nan
694382,86621,IS,S15,stock,-1,Will Microsoft (MSFT) hit $455 before 2026??,0.0,0.4149999916553497,0,0,0,nan,nan,nan,0,0,nan,nan,nan
694386,86621,IS,S15,stock,-1,Will Microsoft (MSFT) hit $335 before 2026??,0.0,0.0285000000149011,2,1,21.0,0.046,4.6,4.6,1,21.0,0.048,-4.8,-4.8
2350399,522281,IS,S15,stock,-1,"Will Tesla, Inc. (TSLA) hit (LOW) $330 in June?",0.0,0.4799999892711639,1,1,1.0309,0.030000000000000027,2.8836000000000026,2.767200000000002,0,0,nan,nan,nan
2272061,489389,IS,S15,natgas,1,Will Natural Gas (NG) hit (HIGH) $3.30 Week of May 18 2026?,0.0,0.5,4,0,0,nan,nan,nan,4,34.264541,0.21999994106219578,-22.686393974198882,-23.37279384217819
2272063,489389,IS,S15,natgas,-1,Will Natural Gas (NG) hit (LOW) $3.10 Week of May 18 2026?,1.0,0.5,10,2,518.917665,0.9698801947722174,-3.1288309330215536,-3.245681343264839,8,17770.3729,0.9969023116915875,0.2974164602990248,0.2850640897567991
2874897,689397,OOS,S15,crude,1,Will WTI Crude Oil (WTI) hit (HIGH) $95 Week of July 13 2026?,0.0,0.5049999952316284,5,5,57.9216,0.017926231319576824,1.722203605756667,1.6517840795556515,0,0,nan,nan,nan
2874898,689397,OOS,S15,crude,1,Will WTI Crude Oil (WTI) hit (HIGH) $90 Week of July 13 2026?,0.0,0.5049999952316284,1,1,70.96,0.010000000000000009,0.9604000000000008,0.9208000000000007,0,0,nan,nan,nan
2874902,689397,OOS,S15,crude,-1,Will WTI Crude Oil (WTI) hit (LOW) $70 Week of July 13 2026?,0.0,0.5450000166893005,2,2,226.260361,0.3326272603753361,32.37478057341147,31.48683510928933,0,0,nan,nan,nan
2677616,631869,OOS,S15,stock,-1,"Will Tesla, Inc. (TSLA) hit (LOW) $315 in July?",1.0,0.5149999856948853,1,0,0,nan,nan,nan,1,22.0,0.13,86.5476,86.09519999999999
2677618,631869,OOS,S15,stock,-1,"Will Tesla, Inc. (TSLA) hit (LOW) $300 in July?",1.0,0.4950000047683716,2,0,0,nan,nan,nan,2,231.0,0.08038961038961039,91.6653304773149,91.36962199359083
2677620,631869,OOS,S15,stock,-1,"Will Tesla, Inc. (TSLA) hit (LOW) $270 in July?",0.0,0.4970000088214874,1,0,0,nan,nan,nan,1,100.0,0.04,-4.1536,-4.3072
702371,89777,IS,S15,stock,1,Will Google reach $375 in December?,0.0,0.0700000002980232,1,0,0,nan,nan,nan,1,10.0,0.1,-10.0,-10.0
702373,89777,IS,S15,stock,1,Will Google reach $340 in December?,0.0,0.5350000262260437,0,0,0,nan,nan,nan,0,0,nan,nan,nan
702374,89777,IS,S15,stock,1,Will Google reach $330 in December?,0.0,0.7850000262260437,0,0,0,nan,nan,nan,0,0,nan,nan,nan
4486055,1006767,OOS,S15,crude,-1,Will WTI Crude Oil (WTI) hit (LOW) $95 Week of September 14 2026?,1.0,0.5,5,3,160.0,0.6875,-32.10937499999999,-32.96875,2,16.0,0.22749999999999998,76.547025,75.84405
