variant,set,kind,event,event_title,ladder,rich,cheap,rich_q,cheap_q,date,t_entry,t_sale,t_buy,seconds_apart,sale_print,buy_print,sale_raw,buy_raw,size_sale,size_buy,fee_rate_rich,fee_exp_rich,fee_rate_cheap,fee_exp_cheap,close_rich_catalogue,close_cheap_catalogue
W600,a,strike,what-price-will-bitcoin-hit-in-2025,What price will Bitcoin hit in 2025?,1,574073,516864,"Will Bitcoin reach $170,000 by December 31, 2025?","Will Bitcoin reach $150,000 by December 31, 2025?",2025-12-05,1764959583,1764959447,1764959583,136,0.040000000000000036,0.009,BUY No @0.9600,BUY Yes @0.0090,50.0,122.0,0.0,1.0,0.0,1.0,2026-01-01 07:20:29+00,2026-01-01 07:20:27+00
W600,a,strike,what-price-will-ethereum-hit-in-2025,What price will Ethereum hit in 2025?,3,516884,574068,"Will Ethereum dip to $1,000 by December 31?","Will Ethereum dip to $1,300 by December 31?",2025-08-14,1755175988,1755175988,1755175928,60,0.049000000000000044,0.048,BUY No @0.9510,BUY Yes @0.0480,10.0,314.0,0.0,1.0,0.0,1.0,2026-01-01 07:18:25+00,2026-01-01 07:18:21+00
W120,a,strike,what-price-will-ethereum-hit-in-2025,What price will Ethereum hit in 2025?,3,516884,574068,"Will Ethereum dip to $1,000 by December 31?","Will Ethereum dip to $1,300 by December 31?",2025-08-14,1755175988,1755175988,1755175928,60,0.049000000000000044,0.048,BUY No @0.9510,BUY Yes @0.0480,10.0,314.0,0.0,1.0,0.0,1.0,2026-01-01 07:18:25+00,2026-01-01 07:18:21+00
W600,a,strike,what-price-will-bitcoin-hit-by-march-31,What price will Bitcoin hit by March 31?,8,515504,515505,"Will Bitcoin reach $130,000 by March 31?","Will Bitcoin reach $120,000 by March 31?",2025-02-27,1740697352,1740697352,1740697230,122,0.088,0.0699999363,SELL Yes @0.0880,BUY Yes @0.0700,100.0,14.285713,0.0,1.0,0.0,1.0,2025-04-01 07:51:44+00,2025-04-01 07:51:34+00
W120,a,strike,what-price-will-bitcoin-hit-by-march-31,What price will Bitcoin hit by March 31?,8,515504,515505,"Will Bitcoin reach $130,000 by March 31?","Will Bitcoin reach $120,000 by March 31?",2025-02-27,1740697400,1740697358,1740697400,42,0.07999999999999996,0.0699999363,BUY No @0.9200,BUY Yes @0.0700,100.0,14.285713,0.0,1.0,0.0,1.0,2025-04-01 07:51:44+00,2025-04-01 07:51:34+00
W600,a,strike,what-price-will-bitcoin-hit-in-november,What price will Bitcoin hit in November?,9,511526,511528,"Will Bitcoin reach $65,000 in November?","Will Bitcoin reach $60,000 in November?",2024-11-01,1730496598,1730496185,1730496598,413,0.65,0.299999997,BUY No @0.3500,BUY Yes @0.3000,55.0,166.666665,0.0,1.0,0.0,1.0,2024-12-01 07:20:09+00,2024-12-01 07:10:46+00
W600,a,strike,what-price-will-bitcoin-hit-in-november,What price will Bitcoin hit in November?,9,511526,511528,"Will Bitcoin reach $65,000 in November?","Will Bitcoin reach $60,000 in November?",2024-11-02,1730561958,1730561512,1730561958,446,0.5900000031,0.3099999622,BUY No @0.4100,BUY Yes @0.3100,121.951218,16.129031,0.0,1.0,0.0,1.0,2024-12-01 07:20:09+00,2024-12-01 07:10:46+00
W600,a,strike,what-price-will-bitcoin-hit-in-november,What price will Bitcoin hit in November?,9,511526,511528,"Will Bitcoin reach $65,000 in November?","Will Bitcoin reach $60,000 in November?",2024-11-03,1730652214,1730652214,1730651743,471,0.6300000727999999,0.33,BUY No @0.3700,BUY Yes @0.3300,8.108107,1144.95,0.0,1.0,0.0,1.0,2024-12-01 07:20:09+00,2024-12-01 07:10:46+00
W600,a,strike,what-price-will-bitcoin-hit-in-november,What price will Bitcoin hit in November?,9,511526,511528,"Will Bitcoin reach $65,000 in November?","Will Bitcoin reach $60,000 in November?",2024-11-04,1730711119,1730711119,1730710999,120,0.690000014,0.2999999981,BUY No @0.3100,BUY Yes @0.3000,45.580644,266.666665,0.0,1.0,0.0,1.0,2024-12-01 07:20:09+00,2024-12-01 07:10:46+00
W600,a,strike,what-price-will-bitcoin-hit-in-november,What price will Bitcoin hit in November?,9,511526,511528,"Will Bitcoin reach $65,000 in November?","Will Bitcoin reach $60,000 in November?",2024-11-05,1730798977,1730798977,1730798973,4,0.6799999999999999,0.335275958,BUY No @0.3200,BUY Yes @0.3353,10.0,149.130881,0.0,1.0,0.0,1.0,2024-12-01 07:20:09+00,2024-12-01 07:10:46+00
W600,a,strike,what-price-will-bitcoin-hit-in-november,What price will Bitcoin hit in November?,9,511526,511528,"Will Bitcoin reach $65,000 in November?","Will Bitcoin reach $60,000 in November?",2024-11-06,1730879503,1730879085,1730879503,418,0.44999999999999996,0.18,BUY No @0.5500,BUY Yes @0.1800,153.0,1000.0,0.0,1.0,0.0,1.0,2024-12-01 07:20:09+00,2024-12-01 07:10:46+00
W600,a,strike,what-price-will-bitcoin-hit-in-november,What price will Bitcoin hit in November?,9,511526,511528,"Will Bitcoin reach $65,000 in November?","Will Bitcoin reach $60,000 in November?",2024-11-07,1730960228,1730960228,1730960164,64,0.3389867763,0.16000000000000003,SELL Yes @0.3390,SELL No @0.8400,447.68,2000.0,0.0,1.0,0.0,1.0,2024-12-01 07:20:09+00,2024-12-01 07:10:46+00
W600,a,strike,what-price-will-bitcoin-hit-in-november,What price will Bitcoin hit in November?,9,511526,511528,"Will Bitcoin reach $65,000 in November?","Will Bitcoin reach $60,000 in November?",2024-11-08,1731051194,1731051194,1731050680,514,0.25,0.09,BUY No @0.7500,BUY Yes @0.0900,4.0,20.0,0.0,1.0,0.0,1.0,2024-12-01 07:20:09+00,2024-12-01 07:10:46+00
W600,a,strike,what-price-will-bitcoin-hit-in-november,What price will Bitcoin hit in November?,9,511526,511528,"Will Bitcoin reach $65,000 in November?","Will Bitcoin reach $60,000 in November?",2024-11-09,1731135834,1731135766,1731135834,68,0.15000000000000002,0.05,BUY No @0.8500,BUY Yes @0.0500,350.0,0.2,0.0,1.0,0.0,1.0,2024-12-01 07:20:09+00,2024-12-01 07:10:46+00
W600,a,strike,what-price-will-bitcoin-hit-in-november,What price will Bitcoin hit in November?,9,511526,511528,"Will Bitcoin reach $65,000 in November?","Will Bitcoin reach $60,000 in November?",2024-11-10,1731221987,1731221987,1731221663,324,0.1100000001,0.049000000000000044,BUY No @0.8900,SELL No @0.9510,112.348309,37.33,0.0,1.0,0.0,1.0,2024-12-01 07:20:09+00,2024-12-01 07:10:46+00
W600,a,strike,what-price-will-bitcoin-hit-in-november,What price will Bitcoin hit in November?,9,511526,511528,"Will Bitcoin reach $65,000 in November?","Will Bitcoin reach $60,000 in November?",2024-11-11,1731302695,1731302603,1731302695,92,0.06000000000000005,0.038000000000000034,BUY No @0.9400,SELL No @0.9620,0.8617,0.93,0.0,1.0,0.0,1.0,2024-12-01 07:20:09+00,2024-12-01 07:10:46+00
W600,a,strike,what-price-will-bitcoin-hit-in-november,What price will Bitcoin hit in November?,9,511526,511528,"Will Bitcoin reach $65,000 in November?","Will Bitcoin reach $60,000 in November?",2024-11-12,1731387714,1731387714,1731387600,114,0.07,0.06799999999999995,SELL Yes @0.0700,SELL No @0.9320,500.0,200.0,0.0,1.0,0.0,1.0,2024-12-01 07:20:09+00,2024-12-01 07:10:46+00
W600,a,strike,what-price-will-bitcoin-hit-in-november,What price will Bitcoin hit in November?,9,511526,511528,"Will Bitcoin reach $65,000 in November?","Will Bitcoin reach $60,000 in November?",2024-11-13,1731474742,1731474734,1731474742,8,0.05,0.04500000000000004,SELL Yes @0.0500,SELL No @0.9550,7259.77,10.57,0.0,1.0,0.0,1.0,2024-12-01 07:20:09+00,2024-12-01 07:10:46+00
W600,a,strike,what-price-will-bitcoin-hit-in-november,What price will Bitcoin hit in November?,9,511526,511528,"Will Bitcoin reach $65,000 in November?","Will Bitcoin reach $60,000 in November?",2024-11-14,1731565596,1731565186,1731565596,410,0.04300000000000004,0.030000000000000027,BUY No @0.9570,SELL No @0.9700,12.0,5.2,0.0,1.0,0.0,1.0,2024-12-01 07:20:09+00,2024-12-01 07:10:46+00
W600,a,strike,what-price-will-bitcoin-hit-in-november,What price will Bitcoin hit in November?,9,511526,511528,"Will Bitcoin reach $65,000 in November?","Will Bitcoin reach $60,000 in November?",2024-11-15,1731663434,1731663300,1731663434,134,0.051000000000000045,0.035,BUY No @0.9490,BUY Yes @0.0350,21.39,246.66,0.0,1.0,0.0,1.0,2024-12-01 07:20:09+00,2024-12-01 07:10:46+00
W600,a,strike,what-price-will-bitcoin-hit-in-november,What price will Bitcoin hit in November?,9,511526,511528,"Will Bitcoin reach $65,000 in November?","Will Bitcoin reach $60,000 in November?",2024-11-16,1731757593,1731757593,1731757583,10,0.03700000000000003,0.0224390222,BUY No @0.9630,BUY Yes @0.0224,51.921054,445.652172,0.0,1.0,0.0,1.0,2024-12-01 07:20:09+00,2024-12-01 07:10:46+00
W600,a,strike,what-price-will-bitcoin-hit-in-november,What price will Bitcoin hit in November?,9,511526,511528,"Will Bitcoin reach $65,000 in November?","Will Bitcoin reach $60,000 in November?",2024-11-17,1731855123,1731854911,1731855123,212,0.032000000200000045,0.02200000000000002,BUY No @0.9680,SELL No @0.9780,66.115687,12.0,0.0,1.0,0.0,1.0,2024-12-01 07:20:09+00,2024-12-01 07:10:46+00
W600,a,strike,what-price-will-bitcoin-hit-in-november,What price will Bitcoin hit in November?,9,511526,511528,"Will Bitcoin reach $65,000 in November?","Will Bitcoin reach $60,000 in November?",2024-11-18,1731931907,1731931556,1731931907,351,0.022000005899999953,0.022,BUY No @0.9780,BUY Yes @0.0220,2.044954,1000.0,0.0,1.0,0.0,1.0,2024-12-01 07:20:09+00,2024-12-01 07:10:46+00
W600,a,strike,what-price-will-bitcoin-hit-in-november,What price will Bitcoin hit in November?,9,511526,511528,"Will Bitcoin reach $65,000 in November?","Will Bitcoin reach $60,000 in November?",2024-11-19,1732020315,1732019939,1732020315,376,0.030000000000000027,0.016000000000000014,BUY No @0.9700,SELL No @0.9840,9.38,48.86,0.0,1.0,0.0,1.0,2024-12-01 07:20:09+00,2024-12-01 07:10:46+00
W600,a,strike,what-price-will-bitcoin-hit-in-november,What price will Bitcoin hit in November?,9,511526,511528,"Will Bitcoin reach $65,000 in November?","Will Bitcoin reach $60,000 in November?",2024-11-20,1732154191,1732153995,1732154191,196,0.021000000100000027,0.01199852290000003,BUY No @0.9790,SELL No @0.9880,65.331952,636.38,0.0,1.0,0.0,1.0,2024-12-01 07:20:09+00,2024-12-01 07:10:46+00
W120,a,strike,what-price-will-bitcoin-hit-in-november,What price will Bitcoin hit in November?,9,511526,511528,"Will Bitcoin reach $65,000 in November?","Will Bitcoin reach $60,000 in November?",2024-11-01,1730507795,1730507757,1730507795,38,0.6300000325999999,0.2799999731,BUY No @0.3700,BUY Yes @0.2800,13.513512,17.857141,0.0,1.0,0.0,1.0,2024-12-01 07:20:09+00,2024-12-01 07:10:46+00
W120,a,strike,what-price-will-bitcoin-hit-in-november,What price will Bitcoin hit in November?,9,511526,511528,"Will Bitcoin reach $65,000 in November?","Will Bitcoin reach $60,000 in November?",2024-11-02,1730600584,1730600584,1730600558,26,0.63,0.31,BUY No @0.3700,BUY Yes @0.3100,800.0,100.0,0.0,1.0,0.0,1.0,2024-12-01 07:20:09+00,2024-12-01 07:10:46+00
W120,a,strike,what-price-will-bitcoin-hit-in-november,What price will Bitcoin hit in November?,9,511526,511528,"Will Bitcoin reach $65,000 in November?","Will Bitcoin reach $60,000 in November?",2024-11-03,1730672059,1730672002,1730672059,57,0.6699999999999999,0.3099999907,BUY No @0.3300,BUY Yes @0.3100,200.0,48.387095,0.0,1.0,0.0,1.0,2024-12-01 07:20:09+00,2024-12-01 07:10:46+00
W120,a,strike,what-price-will-bitcoin-hit-in-november,What price will Bitcoin hit in November?,9,511526,511528,"Will Bitcoin reach $65,000 in November?","Will Bitcoin reach $60,000 in November?",2024-11-04,1730711119,1730711119,1730710999,120,0.690000014,0.2999999981,BUY No @0.3100,BUY Yes @0.3000,45.580644,266.666665,0.0,1.0,0.0,1.0,2024-12-01 07:20:09+00,2024-12-01 07:10:46+00
W120,a,strike,what-price-will-bitcoin-hit-in-november,What price will Bitcoin hit in November?,9,511526,511528,"Will Bitcoin reach $65,000 in November?","Will Bitcoin reach $60,000 in November?",2024-11-05,1730798977,1730798977,1730798973,4,0.6799999999999999,0.335275958,BUY No @0.3200,BUY Yes @0.3353,10.0,149.130881,0.0,1.0,0.0,1.0,2024-12-01 07:20:09+00,2024-12-01 07:10:46+00
W120,a,strike,what-price-will-bitcoin-hit-in-november,What price will Bitcoin hit in November?,9,511526,511528,"Will Bitcoin reach $65,000 in November?","Will Bitcoin reach $60,000 in November?",2024-11-06,1730883276,1730883276,1730883164,112,0.4,0.2,BUY No @0.6000,BUY Yes @0.2000,200.98,5.0,0.0,1.0,0.0,1.0,2024-12-01 07:20:09+00,2024-12-01 07:10:46+00
W120,a,strike,what-price-will-bitcoin-hit-in-november,What price will Bitcoin hit in November?,9,511526,511528,"Will Bitcoin reach $65,000 in November?","Will Bitcoin reach $60,000 in November?",2024-11-07,1730960228,1730960228,1730960164,64,0.3389867763,0.16000000000000003,SELL Yes @0.3390,SELL No @0.8400,447.68,2000.0,0.0,1.0,0.0,1.0,2024-12-01 07:20:09+00,2024-12-01 07:10:46+00
W120,a,strike,what-price-will-bitcoin-hit-in-november,What price will Bitcoin hit in November?,9,511526,511528,"Will Bitcoin reach $65,000 in November?","Will Bitcoin reach $60,000 in November?",2024-11-08,1731057565,1731057491,1731057565,74,0.22000000119999996,0.07999999999999996,BUY No @0.7800,SELL No @0.9200,117.948713,133.2,0.0,1.0,0.0,1.0,2024-12-01 07:20:09+00,2024-12-01 07:10:46+00
W120,a,strike,what-price-will-bitcoin-hit-in-november,What price will Bitcoin hit in November?,9,511526,511528,"Will Bitcoin reach $65,000 in November?","Will Bitcoin reach $60,000 in November?",2024-11-09,1731135834,1731135766,1731135834,68,0.15000000000000002,0.05,BUY No @0.8500,BUY Yes @0.0500,350.0,0.2,0.0,1.0,0.0,1.0,2024-12-01 07:20:09+00,2024-12-01 07:10:46+00
W120,a,strike,what-price-will-bitcoin-hit-in-november,What price will Bitcoin hit in November?,9,511526,511528,"Will Bitcoin reach $65,000 in November?","Will Bitcoin reach $60,000 in November?",2024-11-10,1731265875,1731265865,1731265875,10,0.06999999999999995,0.0441534499,BUY No @0.9300,BUY Yes @0.0442,1090.860214,1019.172887,0.0,1.0,0.0,1.0,2024-12-01 07:20:09+00,2024-12-01 07:10:46+00
W120,a,strike,what-price-will-bitcoin-hit-in-november,What price will Bitcoin hit in November?,9,511526,511528,"Will Bitcoin reach $65,000 in November?","Will Bitcoin reach $60,000 in November?",2024-11-11,1731302695,1731302603,1731302695,92,0.06000000000000005,0.038000000000000034,BUY No @0.9400,SELL No @0.9620,0.8617,0.93,0.0,1.0,0.0,1.0,2024-12-01 07:20:09+00,2024-12-01 07:10:46+00
W120,a,strike,what-price-will-bitcoin-hit-in-november,What price will Bitcoin hit in November?,9,511526,511528,"Will Bitcoin reach $65,000 in November?","Will Bitcoin reach $60,000 in November?",2024-11-12,1731387714,1731387714,1731387600,114,0.07,0.06799999999999995,SELL Yes @0.0700,SELL No @0.9320,500.0,200.0,0.0,1.0,0.0,1.0,2024-12-01 07:20:09+00,2024-12-01 07:10:46+00
W120,a,strike,what-price-will-bitcoin-hit-in-november,What price will Bitcoin hit in November?,9,511526,511528,"Will Bitcoin reach $65,000 in November?","Will Bitcoin reach $60,000 in November?",2024-11-13,1731474742,1731474734,1731474742,8,0.05,0.04500000000000004,SELL Yes @0.0500,SELL No @0.9550,7259.77,10.57,0.0,1.0,0.0,1.0,2024-12-01 07:20:09+00,2024-12-01 07:10:46+00
W120,a,strike,what-price-will-bitcoin-hit-in-november,What price will Bitcoin hit in November?,9,511526,511528,"Will Bitcoin reach $65,000 in November?","Will Bitcoin reach $60,000 in November?",2024-11-14,1731571930,1731571930,1731571870,60,0.03800000029999995,0.029000000000000026,BUY No @0.9620,SELL No @0.9710,36.226605,255.0,0.0,1.0,0.0,1.0,2024-12-01 07:20:09+00,2024-12-01 07:10:46+00
W120,a,strike,what-price-will-bitcoin-hit-in-november,What price will Bitcoin hit in November?,9,511526,511528,"Will Bitcoin reach $65,000 in November?","Will Bitcoin reach $60,000 in November?",2024-11-15,1731678900,1731678900,1731678884,16,0.0415245253,0.03682478629999997,SELL Yes @0.0415,SELL No @0.9632,667.27,44.46,0.0,1.0,0.0,1.0,2024-12-01 07:20:09+00,2024-12-01 07:10:46+00
W120,a,strike,what-price-will-bitcoin-hit-in-november,What price will Bitcoin hit in November?,9,511526,511528,"Will Bitcoin reach $65,000 in November?","Will Bitcoin reach $60,000 in November?",2024-11-16,1731757593,1731757593,1731757583,10,0.03700000000000003,0.0224390222,BUY No @0.9630,BUY Yes @0.0224,51.921054,445.652172,0.0,1.0,0.0,1.0,2024-12-01 07:20:09+00,2024-12-01 07:10:46+00
W120,a,strike,what-price-will-bitcoin-hit-in-november,What price will Bitcoin hit in November?,9,511526,511528,"Will Bitcoin reach $65,000 in November?","Will Bitcoin reach $60,000 in November?",2024-11-17,1731878731,1731878721,1731878731,10,0.03366261859999997,0.02300000000000002,BUY No @0.9663,SELL No @0.9770,2035.56,0.71,0.0,1.0,0.0,1.0,2024-12-01 07:20:09+00,2024-12-01 07:10:46+00
W120,a,strike,what-price-will-bitcoin-hit-in-november,What price will Bitcoin hit in November?,9,511526,511528,"Will Bitcoin reach $65,000 in November?","Will Bitcoin reach $60,000 in November?",2024-11-18,1731948391,1731948285,1731948391,106,0.027000209700000055,0.022,BUY No @0.9730,BUY Yes @0.0220,4.573483,0.37,0.0,1.0,0.0,1.0,2024-12-01 07:20:09+00,2024-12-01 07:10:46+00
W120,a,strike,what-price-will-bitcoin-hit-in-november,What price will Bitcoin hit in November?,9,511526,511528,"Will Bitcoin reach $65,000 in November?","Will Bitcoin reach $60,000 in November?",2024-11-19,1732026155,1732026155,1732026133,22,0.028,0.016,SELL Yes @0.0280,BUY Yes @0.0160,50.0,30.0,0.0,1.0,0.0,1.0,2024-12-01 07:20:09+00,2024-12-01 07:10:46+00
W600,a,strike,what-price-will-bitcoin-hit-in-november,What price will Bitcoin hit in November?,9,511525,511526,"Will Bitcoin reach $67,500 in November?","Will Bitcoin reach $65,000 in November?",2024-11-01,1730483174,1730483174,1730482962,212,0.83,0.7,BUY No @0.1700,BUY Yes @0.7000,800.0,100.0,0.0,1.0,0.0,1.0,2024-11-03 17:54:00+00,2024-12-01 07:20:09+00
W600,a,strike,what-price-will-bitcoin-hit-in-november,What price will Bitcoin hit in November?,9,511525,511526,"Will Bitcoin reach $67,500 in November?","Will Bitcoin reach $65,000 in November?",2024-11-02,1730561916,1730561702,1730561916,214,0.84,0.6199999864,BUY No @0.1600,BUY Yes @0.6200,71.1875,16.129031,0.0,1.0,0.0,1.0,2024-11-03 17:54:00+00,2024-12-01 07:20:09+00
W600,a,strike,what-price-will-bitcoin-hit-in-november,What price will Bitcoin hit in November?,9,511525,511526,"Will Bitcoin reach $67,500 in November?","Will Bitcoin reach $65,000 in November?",2024-11-03,1730642343,1730642335,1730642343,8,0.8507462687,0.6699999625,BUY No @0.1493,BUY Yes @0.6700,134.0,7.462684,0.0,1.0,0.0,1.0,2024-11-03 17:54:00+00,2024-12-01 07:20:09+00
W120,a,strike,what-price-will-bitcoin-hit-in-november,What price will Bitcoin hit in November?,9,511525,511526,"Will Bitcoin reach $67,500 in November?","Will Bitcoin reach $65,000 in November?",2024-11-02,1730600658,1730600658,1730600610,48,0.87,0.63,BUY No @0.1300,BUY Yes @0.6300,287.71,200.0,0.0,1.0,0.0,1.0,2024-11-03 17:54:00+00,2024-12-01 07:20:09+00
W120,a,strike,what-price-will-bitcoin-hit-in-november,What price will Bitcoin hit in November?,9,511525,511526,"Will Bitcoin reach $67,500 in November?","Will Bitcoin reach $65,000 in November?",2024-11-03,1730642343,1730642335,1730642343,8,0.8507462687,0.6699999625,BUY No @0.1493,BUY Yes @0.6700,134.0,7.462684,0.0,1.0,0.0,1.0,2024-11-03 17:54:00+00,2024-12-01 07:20:09+00
W600,a,strike,what-price-will-bitcoin-hit-in-november,What price will Bitcoin hit in November?,9,511581,512254,"Will Bitcoin reach $85,000 in November?","Will Bitcoin reach $82,500 in November?",2024-11-07,1731004244,1731003826,1731004244,418,0.5633333333,0.55,BUY No @0.4367,SELL No @0.4500,120.0,5.0,0.0,1.0,0.0,1.0,2024-11-11 21:05:08+00,2024-11-11 16:49:42+00
W600,a,strike,what-price-will-bitcoin-hit-in-november,What price will Bitcoin hit in November?,9,512255,511581,"Will Bitcoin reach $87,500 in November?","Will Bitcoin reach $85,000 in November?",2024-11-07,1731009699,1731009699,1731009261,438,0.33000029480000004,0.31,BUY No @0.6700,BUY Yes @0.3100,0.746266,1503.0,0.0,1.0,0.0,1.0,2024-11-11 23:32:03+00,2024-11-11 21:05:08+00
W600,a,strike,what-price-will-bitcoin-hit-in-november,What price will Bitcoin hit in November?,9,512255,511581,"Will Bitcoin reach $87,500 in November?","Will Bitcoin reach $85,000 in November?",2024-11-11,1731350365,1731350365,1731350327,38,0.99,0.979,BUY No @0.0100,SELL No @0.0210,10000.0,500.42,0.0,1.0,0.0,1.0,2024-11-11 23:32:03+00,2024-11-11 21:05:08+00
W120,a,strike,what-price-will-bitcoin-hit-in-november,What price will Bitcoin hit in November?,9,512255,511581,"Will Bitcoin reach $87,500 in November?","Will Bitcoin reach $85,000 in November?",2024-11-11,1731350365,1731350365,1731350327,38,0.99,0.979,BUY No @0.0100,SELL No @0.0210,10000.0,500.42,0.0,1.0,0.0,1.0,2024-11-11 23:32:03+00,2024-11-11 21:05:08+00
W600,b,date,starmer-out-in-2025,Starmer out by...?,10,2624123,2624124,"Starmer out by June 24, 2026?","Starmer out by June 25, 2026?",2026-06-21,1782078572,1782078572,1782078572,0,0.8700000453,0.85,BUY No @0.1300,BUY Yes @0.8500,18.307691,18.30588,0.04,1.0,0.04,1.0,2026-06-22 10:38:02+00,2026-06-22 10:38:02+00
W600,b,date,starmer-out-in-2025,Starmer out by...?,10,2624123,2624124,"Starmer out by June 24, 2026?","Starmer out by June 25, 2026?",2026-06-22,1782115762,1782115762,1782115693,69,0.9299999999999999,0.92,BUY No @0.0700,BUY Yes @0.9200,6.48,111.92,0.04,1.0,0.04,1.0,2026-06-22 10:38:02+00,2026-06-22 10:38:02+00
W120,b,date,starmer-out-in-2025,Starmer out by...?,10,2624123,2624124,"Starmer out by June 24, 2026?","Starmer out by June 25, 2026?",2026-06-21,1782078572,1782078572,1782078572,0,0.8700000453,0.85,BUY No @0.1300,BUY Yes @0.8500,18.307691,18.30588,0.04,1.0,0.04,1.0,2026-06-22 10:38:02+00,2026-06-22 10:38:02+00
W120,b,date,starmer-out-in-2025,Starmer out by...?,10,2624123,2624124,"Starmer out by June 24, 2026?","Starmer out by June 25, 2026?",2026-06-22,1782115762,1782115762,1782115693,69,0.9299999999999999,0.92,BUY No @0.0700,BUY Yes @0.9200,6.48,111.92,0.04,1.0,0.04,1.0,2026-06-22 10:38:02+00,2026-06-22 10:38:02+00
W600,b,date,military-action-against-iran-ends-by-522,Military action against Iran ends by...?,19,1706349,1706351,"Military action against Iran ends by April 8, 2026?","Military action against Iran ends by April 10, 2026?",2026-04-07,1775592965,1775592965,1775592845,120,0.133,0.079,BUY No @0.8670,BUY Yes @0.0790,11.49,50.1,0.0,1.0,0.0,1.0,2026-04-08 09:48:11+00,2026-04-12 22:58:15+00
W120,b,date,military-action-against-iran-ends-by-522,Military action against Iran ends by...?,19,1706349,1706351,"Military action against Iran ends by April 8, 2026?","Military action against Iran ends by April 10, 2026?",2026-04-07,1775592965,1775592965,1775592845,120,0.133,0.079,BUY No @0.8670,BUY Yes @0.0790,11.49,50.1,0.0,1.0,0.0,1.0,2026-04-08 09:48:11+00,2026-04-12 22:58:15+00
W600,b,date,military-action-against-iran-ends-by-522,Military action against Iran ends by...?,19,1706351,1706352,"Military action against Iran ends by April 10, 2026?","Military action against Iran ends by April 11, 2026?",2026-04-09,1775730781,1775730657,1775730781,124,0.8540001232,0.84,BUY No @0.1460,SELL No @0.1600,6.849314,6.21,0.0,1.0,0.0,1.0,2026-04-12 22:58:15+00,2026-04-12 22:59:47+00
W600,b,date,military-action-against-iran-ends-by-522,Military action against Iran ends by...?,19,1706351,1706352,"Military action against Iran ends by April 10, 2026?","Military action against Iran ends by April 11, 2026?",2026-04-10,1775812491,1775812105,1775812491,386,0.974000025,0.9737482193,BUY No @0.0260,SELL No @0.0263,38.461537,96.87,0.0,1.0,0.0,1.0,2026-04-12 22:58:15+00,2026-04-12 22:59:47+00
W120,b,date,military-action-against-iran-ends-by-522,Military action against Iran ends by...?,19,1706351,1706352,"Military action against Iran ends by April 10, 2026?","Military action against Iran ends by April 11, 2026?",2026-04-09,1775733493,1775733493,1775733493,0,0.8630000587,0.84,BUY No @0.1370,BUY Yes @0.8400,12.992699,15.0,0.0,1.0,0.0,1.0,2026-04-12 22:58:15+00,2026-04-12 22:59:47+00
W600,a,strike,what-price-will-bitcoin-hit-in-august,What price will Bitcoin hit in August?,28,570849,570848,Will Bitcoin dip to $100K in August?,Will Bitcoin dip to $105K in August?,2025-08-24,1756064381,1756064381,1756064147,234,0.07199999999999995,0.07,BUY No @0.9280,BUY Yes @0.0700,970.0,750.0,0.0,1.0,0.0,1.0,2025-09-01 06:11:36+00,2025-09-01 06:09:34+00
W120,a,strike,what-price-will-bitcoin-hit-in-august,What price will Bitcoin hit in August?,28,570849,570848,Will Bitcoin dip to $100K in August?,Will Bitcoin dip to $105K in August?,2025-08-24,1756064481,1756064451,1756064481,30,0.07799999999999996,0.07,BUY No @0.9220,BUY Yes @0.0700,1000.0,4612.25,0.0,1.0,0.0,1.0,2025-09-01 06:11:36+00,2025-09-01 06:09:34+00
W600,a,strike,what-price-will-bitcoin-hit-in-august,What price will Bitcoin hit in August?,28,570847,571730,Will Bitcoin dip to $110K in August?,Will Bitcoin dip to $111K in August?,2025-08-10,1754841558,1754841558,1754841404,154,0.260000019,0.26,BUY No @0.7400,BUY Yes @0.2600,9.459457,350.0,0.0,1.0,0.0,1.0,2025-08-25 22:15:27+00,2025-08-24 21:50:57+00
W600,a,strike,what-price-will-bitcoin-hit-in-august,What price will Bitcoin hit in August?,28,570847,571730,Will Bitcoin dip to $110K in August?,Will Bitcoin dip to $111K in August?,2025-08-14,1755174966,1755174966,1755174924,42,0.28,0.25,BUY No @0.7200,BUY Yes @0.2500,328.0,250.0,0.0,1.0,0.0,1.0,2025-08-25 22:15:27+00,2025-08-24 21:50:57+00
W600,a,strike,what-price-will-bitcoin-hit-in-august,What price will Bitcoin hit in August?,28,570847,571730,Will Bitcoin dip to $110K in August?,Will Bitcoin dip to $111K in August?,2025-08-22,1755871780,1755871650,1755871780,130,0.49,0.47,SELL Yes @0.4900,BUY Yes @0.4700,300.0,1000.0,0.0,1.0,0.0,1.0,2025-08-25 22:15:27+00,2025-08-24 21:50:57+00
W600,a,strike,what-price-will-bitcoin-hit-in-august,What price will Bitcoin hit in August?,28,570847,571730,Will Bitcoin dip to $110K in August?,Will Bitcoin dip to $111K in August?,2025-08-24,1756064199,1756064199,1756063989,210,0.38,0.37,SELL Yes @0.3800,BUY Yes @0.3700,300.0,31.0,0.0,1.0,0.0,1.0,2025-08-25 22:15:27+00,2025-08-24 21:50:57+00
W120,a,strike,what-price-will-bitcoin-hit-in-august,What price will Bitcoin hit in August?,28,570847,571730,Will Bitcoin dip to $110K in August?,Will Bitcoin dip to $111K in August?,2025-08-14,1755174966,1755174966,1755174924,42,0.28,0.25,BUY No @0.7200,BUY Yes @0.2500,328.0,250.0,0.0,1.0,0.0,1.0,2025-08-25 22:15:27+00,2025-08-24 21:50:57+00
W120,a,strike,what-price-will-bitcoin-hit-in-august,What price will Bitcoin hit in August?,28,570847,571730,Will Bitcoin dip to $110K in August?,Will Bitcoin dip to $111K in August?,2025-08-24,1756064437,1756064437,1756064435,2,0.66,0.53,SELL Yes @0.6600,BUY Yes @0.5300,3000.0,5.0,0.0,1.0,0.0,1.0,2025-08-25 22:15:27+00,2025-08-24 21:50:57+00
W600,a,strike,what-price-will-ethereum-hit-in-august,What price will Ethereum hit in August?,33,570864,570863,Will Ethereum dip to $2800 in August?,Will Ethereum dip to $3000 in August?,2025-08-12,1755024585,1755024319,1755024585,266,0.022,0.020000000000000018,SELL Yes @0.0220,SELL No @0.9800,45.0,25.1,0.0,1.0,0.0,1.0,2025-09-01 06:08:44+00,2025-09-01 06:14:42+00
W600,a,strike,what-price-will-ethereum-hit-in-august,What price will Ethereum hit in August?,33,570862,570861,Will Ethereum dip to $3200 in August?,Will Ethereum dip to $3300 in August?,2025-08-19,1755596478,1755596064,1755596478,414,0.0530000424,0.051197449,BUY No @0.9470,BUY Yes @0.0512,18.585004,934.52,0.0,1.0,0.0,1.0,2025-09-01 06:15:46+00,2025-09-01 06:08:44+00
W600,a,strike,what-price-will-ethereum-hit-in-august,What price will Ethereum hit in August?,33,570862,570861,Will Ethereum dip to $3200 in August?,Will Ethereum dip to $3300 in August?,2025-08-20,1755742139,1755741617,1755742139,522,0.02800004619999996,0.027000000000000024,BUY No @0.9720,SELL No @0.9730,2.335389,37.0,0.0,1.0,0.0,1.0,2025-09-01 06:15:46+00,2025-09-01 06:08:44+00
W120,a,strike,what-price-will-ethereum-hit-in-august,What price will Ethereum hit in August?,33,570862,570861,Will Ethereum dip to $3200 in August?,Will Ethereum dip to $3300 in August?,2025-08-19,1755604826,1755604826,1755604826,0,0.05289433489999995,0.050000000000000044,BUY No @0.9471,SELL No @0.9500,166.760694,3.64,0.0,1.0,0.0,1.0,2025-09-01 06:15:46+00,2025-09-01 06:08:44+00
W600,a,strike,what-price-will-ethereum-hit-in-november,What price will Ethereum hit in November?,37,511534,511530,"Will Ethereum reach $3,500 in November?","Will Ethereum reach $2,250 in November?",2024-11-07,1731017386,1731017079,1731017386,307,0.29000000130000003,0.18999999999999995,BUY No @0.7100,SELL No @0.8100,84.507041,58.31,0.0,1.0,0.0,1.0,2024-11-25 13:07:25+00,2024-12-01 07:20:23+00
W600,a,strike,what-price-will-ethereum-hit-in-november,What price will Ethereum hit in November?,37,511534,511530,"Will Ethereum reach $3,500 in November?","Will Ethereum reach $2,250 in November?",2024-11-08,1731047256,1731047256,1731046988,268,0.2748440497,0.1699874197,BUY No @0.7252,BUY Yes @0.1700,13.790133,0.058822,0.0,1.0,0.0,1.0,2024-11-25 13:07:25+00,2024-12-01 07:20:23+00
W600,a,strike,what-price-will-ethereum-hit-in-november,What price will Ethereum hit in November?,37,511534,511530,"Will Ethereum reach $3,500 in November?","Will Ethereum reach $2,250 in November?",2024-11-09,1731146200,1731145852,1731146200,348,0.432701432,0.08999999999999997,BUY No @0.5673,SELL No @0.9100,37.017541,48.0,0.0,1.0,0.0,1.0,2024-11-25 13:07:25+00,2024-12-01 07:20:23+00
W600,a,strike,what-price-will-ethereum-hit-in-november,What price will Ethereum hit in November?,37,511534,511530,"Will Ethereum reach $3,500 in November?","Will Ethereum reach $2,250 in November?",2024-11-10,1731218147,1731218147,1731217811,336,0.65,0.06000000000000005,BUY No @0.3500,SELL No @0.9400,130.0,26.66,0.0,1.0,0.0,1.0,2024-11-25 13:07:25+00,2024-12-01 07:20:23+00
W600,a,strike,what-price-will-ethereum-hit-in-november,What price will Ethereum hit in November?,37,511534,511530,"Will Ethereum reach $3,500 in November?","Will Ethereum reach $2,250 in November?",2024-11-11,1731302859,1731302857,1731302859,2,0.5400000001,0.0699999992,BUY No @0.4600,BUY Yes @0.0700,1166.652172,1093.142856,0.0,1.0,0.0,1.0,2024-11-25 13:07:25+00,2024-12-01 07:20:23+00
W600,a,strike,what-price-will-ethereum-hit-in-november,What price will Ethereum hit in November?,37,511534,511530,"Will Ethereum reach $3,500 in November?","Will Ethereum reach $2,250 in November?",2024-11-12,1731388080,1731388080,1731387708,372,0.84,0.0699999688,BUY No @0.1600,BUY Yes @0.0700,166.5625,28.571427,0.0,1.0,0.0,1.0,2024-11-25 13:07:25+00,2024-12-01 07:20:23+00
W600,a,strike,what-price-will-ethereum-hit-in-november,What price will Ethereum hit in November?,37,511534,511530,"Will Ethereum reach $3,500 in November?","Will Ethereum reach $2,250 in November?",2024-11-13,1731479415,1731479059,1731479415,356,0.6198367269,0.049924357,BUY No @0.3802,BUY Yes @0.0499,210.435896,66.1,0.0,1.0,0.0,1.0,2024-11-25 13:07:25+00,2024-12-01 07:20:23+00
W600,a,strike,what-price-will-ethereum-hit-in-november,What price will Ethereum hit in November?,37,511534,511530,"Will Ethereum reach $3,500 in November?","Will Ethereum reach $2,250 in November?",2024-11-14,1731578382,1731577832,1731578382,550,0.618,0.05246424000000005,SELL Yes @0.6180,SELL No @0.9475,429.26,1000.0,0.0,1.0,0.0,1.0,2024-11-25 13:07:25+00,2024-12-01 07:20:23+00
W600,a,strike,what-price-will-ethereum-hit-in-november,What price will Ethereum hit in November?,37,511534,511530,"Will Ethereum reach $3,500 in November?","Will Ethereum reach $2,250 in November?",2024-11-15,1731649219,1731649129,1731649219,90,0.45299999999999996,0.049000000000000044,BUY No @0.5470,SELL No @0.9510,60.0,23.8,0.0,1.0,0.0,1.0,2024-11-25 13:07:25+00,2024-12-01 07:20:23+00
W600,a,strike,what-price-will-ethereum-hit-in-november,What price will Ethereum hit in November?,37,511534,511530,"Will Ethereum reach $3,500 in November?","Will Ethereum reach $2,250 in November?",2024-11-16,1731737554,1731737318,1731737554,236,0.45000004839999996,0.0577988932,BUY No @0.5500,BUY Yes @0.0578,5.163635,17301.369332,0.0,1.0,0.0,1.0,2024-11-25 13:07:25+00,2024-12-01 07:20:23+00
W600,a,strike,what-price-will-ethereum-hit-in-november,What price will Ethereum hit in November?,37,511534,511530,"Will Ethereum reach $3,500 in November?","Will Ethereum reach $2,250 in November?",2024-11-17,1731828892,1731828866,1731828892,26,0.4620000069,0.0449998128,BUY No @0.5380,BUY Yes @0.0450,5.76208,4.888887,0.0,1.0,0.0,1.0,2024-11-25 13:07:25+00,2024-12-01 07:20:23+00
W600,a,strike,what-price-will-ethereum-hit-in-november,What price will Ethereum hit in November?,37,511534,511530,"Will Ethereum reach $3,500 in November?","Will Ethereum reach $2,250 in November?",2024-11-18,1731906722,1731906272,1731906722,450,0.401,0.04700000000000004,SELL Yes @0.4010,SELL No @0.9530,3.94,0.68,0.0,1.0,0.0,1.0,2024-11-25 13:07:25+00,2024-12-01 07:20:23+00
W600,a,strike,what-price-will-ethereum-hit-in-november,What price will Ethereum hit in November?,37,511534,511530,"Will Ethereum reach $3,500 in November?","Will Ethereum reach $2,250 in November?",2024-11-19,1731997420,1731996918,1731997420,502,0.4,0.03500000000000003,BUY No @0.6000,SELL No @0.9650,295.79,0.13,0.0,1.0,0.0,1.0,2024-11-25 13:07:25+00,2024-12-01 07:20:23+00
W600,a,strike,what-price-will-ethereum-hit-in-november,What price will Ethereum hit in November?,37,511534,511530,"Will Ethereum reach $3,500 in November?","Will Ethereum reach $2,250 in November?",2024-11-20,1732108185,1732107973,1732108185,212,0.3010000154,0.032,BUY No @0.6990,BUY Yes @0.0320,50.071529,0.625,0.0,1.0,0.0,1.0,2024-11-25 13:07:25+00,2024-12-01 07:20:23+00
W600,a,strike,what-price-will-ethereum-hit-in-november,What price will Ethereum hit in November?,37,511534,511530,"Will Ethereum reach $3,500 in November?","Will Ethereum reach $2,250 in November?",2024-11-21,1732184118,1732184118,1732183786,332,0.31000000000000005,0.031058996,BUY No @0.6900,BUY Yes @0.0311,136.6,321.967877,0.0,1.0,0.0,1.0,2024-11-25 13:07:25+00,2024-12-01 07:20:23+00
W600,a,strike,what-price-will-ethereum-hit-in-november,What price will Ethereum hit in November?,37,511534,511530,"Will Ethereum reach $3,500 in November?","Will Ethereum reach $2,250 in November?",2024-11-22,1732255875,1732255625,1732255875,250,0.768,0.016000000000000014,SELL Yes @0.7680,SELL No @0.9840,374.45,2.08,0.0,1.0,0.0,1.0,2024-11-25 13:07:25+00,2024-12-01 07:20:23+00
W600,a,strike,what-price-will-ethereum-hit-in-november,What price will Ethereum hit in November?,37,511534,511530,"Will Ethereum reach $3,500 in November?","Will Ethereum reach $2,250 in November?",2024-11-23,1732369418,1732369112,1732369418,306,0.767,0.015,SELL Yes @0.7670,BUY Yes @0.0150,15.26,14.0,0.0,1.0,0.0,1.0,2024-11-25 13:07:25+00,2024-12-01 07:20:23+00
W600,a,strike,what-price-will-ethereum-hit-in-november,What price will Ethereum hit in November?,37,511534,511530,"Will Ethereum reach $3,500 in November?","Will Ethereum reach $2,250 in November?",2024-11-24,1732424402,1732424402,1732423941,461,0.738,0.016,SELL Yes @0.7380,BUY Yes @0.0160,0.24,5.0,0.0,1.0,0.0,1.0,2024-11-25 13:07:25+00,2024-12-01 07:20:23+00
W600,a,strike,what-price-will-ethereum-hit-in-november,What price will Ethereum hit in November?,37,511534,511530,"Will Ethereum reach $3,500 in November?","Will Ethereum reach $2,250 in November?",2024-11-25,1732514639,1732514593,1732514639,46,0.718,0.01200000000000001,BUY No @0.2820,SELL No @0.9880,0.14,5.0,0.0,1.0,0.0,1.0,2024-11-25 13:07:25+00,2024-12-01 07:20:23+00
W120,a,strike,what-price-will-ethereum-hit-in-november,What price will Ethereum hit in November?,37,511534,511530,"Will Ethereum reach $3,500 in November?","Will Ethereum reach $2,250 in November?",2024-11-07,1731030314,1731030290,1731030314,24,0.33999999999999997,0.17000000000000004,BUY No @0.6600,SELL No @0.8300,1760.81,13.0,0.0,1.0,0.0,1.0,2024-11-25 13:07:25+00,2024-12-01 07:20:23+00
W120,a,strike,what-price-will-ethereum-hit-in-november,What price will Ethereum hit in November?,37,511534,511530,"Will Ethereum reach $3,500 in November?","Will Ethereum reach $2,250 in November?",2024-11-08,1731053612,1731053612,1731053560,52,0.28,0.17000000000000004,SELL Yes @0.2800,SELL No @0.8300,10.0,15940.39,0.0,1.0,0.0,1.0,2024-11-25 13:07:25+00,2024-12-01 07:20:23+00
W120,a,strike,what-price-will-ethereum-hit-in-november,What price will Ethereum hit in November?,37,511534,511530,"Will Ethereum reach $3,500 in November?","Will Ethereum reach $2,250 in November?",2024-11-09,1731146282,1731146282,1731146200,82,0.43,0.08999999999999997,SELL Yes @0.4300,SELL No @0.9100,13.07,48.0,0.0,1.0,0.0,1.0,2024-11-25 13:07:25+00,2024-12-01 07:20:23+00
W120,a,strike,what-price-will-ethereum-hit-in-november,What price will Ethereum hit in November?,37,511534,511530,"Will Ethereum reach $3,500 in November?","Will Ethereum reach $2,250 in November?",2024-11-10,1731234276,1731234272,1731234276,4,0.5900000106000001,0.06999999999999995,BUY No @0.4100,SELL No @0.9300,52.707316,1.03,0.0,1.0,0.0,1.0,2024-11-25 13:07:25+00,2024-12-01 07:20:23+00
W120,a,strike,what-price-will-ethereum-hit-in-november,What price will Ethereum hit in November?,37,511534,511530,"Will Ethereum reach $3,500 in November?","Will Ethereum reach $2,250 in November?",2024-11-11,1731302859,1731302857,1731302859,2,0.5400000001,0.0699999992,BUY No @0.4600,BUY Yes @0.0700,1166.652172,1093.142856,0.0,1.0,0.0,1.0,2024-11-25 13:07:25+00,2024-12-01 07:20:23+00
W120,a,strike,what-price-will-ethereum-hit-in-november,What price will Ethereum hit in November?,37,511534,511530,"Will Ethereum reach $3,500 in November?","Will Ethereum reach $2,250 in November?",2024-11-12,1731397239,1731397221,1731397239,18,0.86,0.039000000000000035,SELL Yes @0.8600,SELL No @0.9610,2.22,1014.21,0.0,1.0,0.0,1.0,2024-11-25 13:07:25+00,2024-12-01 07:20:23+00
W120,a,strike,what-price-will-ethereum-hit-in-november,What price will Ethereum hit in November?,37,511534,511530,"Will Ethereum reach $3,500 in November?","Will Ethereum reach $2,250 in November?",2024-11-13,1731526594,1731526580,1731526594,14,0.5980000896,0.05700000000000005,BUY No @0.4020,SELL No @0.9430,4.975123,5.0,0.0,1.0,0.0,1.0,2024-11-25 13:07:25+00,2024-12-01 07:20:23+00
W120,a,strike,what-price-will-ethereum-hit-in-november,What price will Ethereum hit in November?,37,511534,511530,"Will Ethereum reach $3,500 in November?","Will Ethereum reach $2,250 in November?",2024-11-14,1731595389,1731595389,1731595317,72,0.595,0.043,SELL Yes @0.5950,BUY Yes @0.0430,1200.0,40.0,0.0,1.0,0.0,1.0,2024-11-25 13:07:25+00,2024-12-01 07:20:23+00
W120,a,strike,what-price-will-ethereum-hit-in-november,What price will Ethereum hit in November?,37,511534,511530,"Will Ethereum reach $3,500 in November?","Will Ethereum reach $2,250 in November?",2024-11-15,1731649219,1731649129,1731649219,90,0.45299999999999996,0.049000000000000044,BUY No @0.5470,SELL No @0.9510,60.0,23.8,0.0,1.0,0.0,1.0,2024-11-25 13:07:25+00,2024-12-01 07:20:23+00
W120,a,strike,what-price-will-ethereum-hit-in-november,What price will Ethereum hit in November?,37,511534,511530,"Will Ethereum reach $3,500 in November?","Will Ethereum reach $2,250 in November?",2024-11-16,1731790285,1731790203,1731790285,82,0.487,0.03805752849999999,SELL Yes @0.4870,SELL No @0.9619,3.77,530.52,0.0,1.0,0.0,1.0,2024-11-25 13:07:25+00,2024-12-01 07:20:23+00
W120,a,strike,what-price-will-ethereum-hit-in-november,What price will Ethereum hit in November?,37,511534,511530,"Will Ethereum reach $3,500 in November?","Will Ethereum reach $2,250 in November?",2024-11-17,1731828892,1731828866,1731828892,26,0.4620000069,0.0449998128,BUY No @0.5380,BUY Yes @0.0450,5.76208,4.888887,0.0,1.0,0.0,1.0,2024-11-25 13:07:25+00,2024-12-01 07:20:23+00
W120,a,strike,what-price-will-ethereum-hit-in-november,What price will Ethereum hit in November?,37,511534,511530,"Will Ethereum reach $3,500 in November?","Will Ethereum reach $2,250 in November?",2024-11-18,1731920865,1731920865,1731920833,32,0.414,0.03693526810000003,SELL Yes @0.4140,SELL No @0.9631,0.1,230.18,0.0,1.0,0.0,1.0,2024-11-25 13:07:25+00,2024-12-01 07:20:23+00
W120,a,strike,what-price-will-ethereum-hit-in-november,What price will Ethereum hit in November?,37,511534,511530,"Will Ethereum reach $3,500 in November?","Will Ethereum reach $2,250 in November?",2024-11-19,1732000186,1732000186,1732000118,68,0.383,0.03500000000000003,SELL Yes @0.3830,SELL No @0.9650,8.11,0.14,0.0,1.0,0.0,1.0,2024-11-25 13:07:25+00,2024-12-01 07:20:23+00
W120,a,strike,what-price-will-ethereum-hit-in-november,What price will Ethereum hit in November?,37,511534,511530,"Will Ethereum reach $3,500 in November?","Will Ethereum reach $2,250 in November?",2024-11-20,1732119005,1732118897,1732119005,108,0.31499999999999995,0.030000000000000027,BUY No @0.6850,SELL No @0.9700,400.0,10.0,0.0,1.0,0.0,1.0,2024-11-25 13:07:25+00,2024-12-01 07:20:23+00
W120,a,strike,what-price-will-ethereum-hit-in-november,What price will Ethereum hit in November?,37,511534,511530,"Will Ethereum reach $3,500 in November?","Will Ethereum reach $2,250 in November?",2024-11-21,1732201846,1732201846,1732201728,118,0.63,0.02100000000000002,SELL Yes @0.6300,SELL No @0.9790,824.54,5.0,0.0,1.0,0.0,1.0,2024-11-25 13:07:25+00,2024-12-01 07:20:23+00
W120,a,strike,what-price-will-ethereum-hit-in-november,What price will Ethereum hit in November?,37,511534,511530,"Will Ethereum reach $3,500 in November?","Will Ethereum reach $2,250 in November?",2024-11-22,1732270657,1732270649,1732270657,8,0.7,0.014,BUY No @0.3000,BUY Yes @0.0140,25.0,180.83,0.0,1.0,0.0,1.0,2024-11-25 13:07:25+00,2024-12-01 07:20:23+00
W120,a,strike,what-price-will-ethereum-hit-in-november,What price will Ethereum hit in November?,37,511534,511530,"Will Ethereum reach $3,500 in November?","Will Ethereum reach $2,250 in November?",2024-11-23,1732369488,1732369488,1732369418,70,0.7670006337999999,0.015,BUY No @0.2330,BUY Yes @0.0150,1.07296,14.0,0.0,1.0,0.0,1.0,2024-11-25 13:07:25+00,2024-12-01 07:20:23+00
W120,a,strike,what-price-will-ethereum-hit-in-november,What price will Ethereum hit in November?,37,511534,511530,"Will Ethereum reach $3,500 in November?","Will Ethereum reach $2,250 in November?",2024-11-24,1732442306,1732442306,1732442208,98,0.741,0.016,SELL Yes @0.7410,BUY Yes @0.0160,0.21,0.625,0.0,1.0,0.0,1.0,2024-11-25 13:07:25+00,2024-12-01 07:20:23+00
W120,a,strike,what-price-will-ethereum-hit-in-november,What price will Ethereum hit in November?,37,511534,511530,"Will Ethereum reach $3,500 in November?","Will Ethereum reach $2,250 in November?",2024-11-25,1732514639,1732514593,1732514639,46,0.718,0.01200000000000001,BUY No @0.2820,SELL No @0.9880,0.14,5.0,0.0,1.0,0.0,1.0,2024-11-25 13:07:25+00,2024-12-01 07:20:23+00
W600,b,date,us-x-iran-diplomatic-meeting-by-833,US x Iran diplomatic meeting by...?,45,1937464,1937465,"US x Iran meeting by April 13, 2026?","US x Iran meeting by April 14, 2026?",2026-04-10,1775837093,1775836539,1775837093,554,0.8200000000000001,0.79,BUY No @0.1800,BUY Yes @0.7900,10.0,18.0,0.0,1.0,0.0,1.0,2026-04-11 18:19:07+00,2026-04-11 18:20:09+00
W600,b,date,us-x-iran-diplomatic-meeting-by-833,US x Iran diplomatic meeting by...?,45,1937464,1937465,"US x Iran meeting by April 13, 2026?","US x Iran meeting by April 14, 2026?",2026-04-11,1775910419,1775910419,1775909867,552,0.984371795,0.977,BUY No @0.0156,BUY Yes @0.9770,63.986875,30.0,0.0,1.0,0.0,1.0,2026-04-11 18:19:07+00,2026-04-11 18:20:09+00
W120,b,date,us-x-iran-diplomatic-meeting-by-833,US x Iran diplomatic meeting by...?,45,1937464,1937465,"US x Iran meeting by April 13, 2026?","US x Iran meeting by April 14, 2026?",2026-04-10,1775837175,1775837175,1775837175,0,0.8171732735,0.79,BUY No @0.1828,BUY Yes @0.7900,10.009472,10.0,0.0,1.0,0.0,1.0,2026-04-11 18:19:07+00,2026-04-11 18:20:09+00
W600,a,strike,what-price-will-ethereum-hit-in-june,What price will Ethereum hit in June?,46,548727,548726,Will Ethereum dip to $2200 in June?,Will Ethereum dip to $2300 in June?,2025-06-21,1750541565,1750541565,1750541177,388,0.7966666667,0.79,SELL Yes @0.7967,BUY Yes @0.7900,300.0,198.22,0.0,1.0,0.0,1.0,2025-06-22 15:39:37+00,2025-06-22 01:31:59+00
W600,a,strike,what-price-will-solana-hit-in-march,What price will Solana hit in March?,55,526239,526238,Will Solana dip to $120 in March?,Will Solana dip to $130 in March?,2025-03-02,1740929582,1740929170,1740929582,412,0.61,0.57,BUY No @0.3900,BUY Yes @0.5700,1959.89,141.57,0.0,1.0,0.0,1.0,2025-03-10 19:19:07+00,2025-03-09 17:58:10+00
W600,a,date,when-will-gpt-5-be-released,GPT-5 released by…?,57,517603,514502,Will GPT-5 be released by December 31?,Will GPT-5 be released by March 31?,2025-01-28,1738070034,1738069754,1738070034,280,0.76,0.12,SELL Yes @0.7600,BUY Yes @0.1200,160.1,10.0,0.0,1.0,0.0,1.0,2025-08-07 21:17:35+00,2025-04-01 09:57:35+00
W600,a,date,when-will-gpt-5-be-released,GPT-5 released by…?,57,517603,514502,Will GPT-5 be released by December 31?,Will GPT-5 be released by March 31?,2025-02-01,1738396895,1738396895,1738396367,528,0.73,0.15000000000000002,SELL Yes @0.7300,SELL No @0.8500,68.98,0.46,0.0,1.0,0.0,1.0,2025-08-07 21:17:35+00,2025-04-01 09:57:35+00
W600,a,date,when-will-gpt-5-be-released,GPT-5 released by…?,57,517603,514502,Will GPT-5 be released by December 31?,Will GPT-5 be released by March 31?,2025-02-06,1738838157,1738838157,1738837979,178,0.7163683807,0.07999999999999996,BUY No @0.2836,SELL No @0.9200,70.514,1.28,0.0,1.0,0.0,1.0,2025-08-07 21:17:35+00,2025-04-01 09:57:35+00
W600,a,date,when-will-gpt-5-be-released,GPT-5 released by…?,57,517603,514502,Will GPT-5 be released by December 31?,Will GPT-5 be released by March 31?,2025-02-20,1740098285,1740098207,1740098285,78,0.78,0.0589414122,SELL Yes @0.7800,BUY Yes @0.0589,30.0,339.32,0.0,1.0,0.0,1.0,2025-08-07 21:17:35+00,2025-04-01 09:57:35+00
W600,a,date,when-will-gpt-5-be-released,GPT-5 released by…?,57,517603,514502,Will GPT-5 be released by December 31?,Will GPT-5 be released by March 31?,2025-02-27,1740703848,1740703848,1740703740,108,0.861281152,0.0469999569,SELL Yes @0.8613,BUY Yes @0.0470,70.14,21.276594,0.0,1.0,0.0,1.0,2025-08-07 21:17:35+00,2025-04-01 09:57:35+00
W600,a,date,when-will-gpt-5-be-released,GPT-5 released by…?,57,517603,514502,Will GPT-5 be released by December 31?,Will GPT-5 be released by March 31?,2025-03-03,1741029206,1741029206,1741028962,244,0.959,0.0219123506,SELL Yes @0.9590,BUY Yes @0.0219,19.34,228.181818,0.0,1.0,0.0,1.0,2025-08-07 21:17:35+00,2025-04-01 09:57:35+00
W600,a,date,when-will-gpt-5-be-released,GPT-5 released by…?,57,517603,514502,Will GPT-5 be released by December 31?,Will GPT-5 be released by March 31?,2025-03-25,1742919246,1742919246,1742919002,244,0.946,0.0190647773,SELL Yes @0.9460,BUY Yes @0.0191,9.13,104.9055,0.0,1.0,0.0,1.0,2025-08-07 21:17:35+00,2025-04-01 09:57:35+00
W120,a,date,when-will-gpt-5-be-released,GPT-5 released by…?,57,517603,514502,Will GPT-5 be released by December 31?,Will GPT-5 be released by March 31?,2025-02-20,1740098285,1740098207,1740098285,78,0.78,0.0589414122,SELL Yes @0.7800,BUY Yes @0.0589,30.0,339.32,0.0,1.0,0.0,1.0,2025-08-07 21:17:35+00,2025-04-01 09:57:35+00
W120,a,date,when-will-gpt-5-be-released,GPT-5 released by…?,57,517603,514502,Will GPT-5 be released by December 31?,Will GPT-5 be released by March 31?,2025-02-27,1740703848,1740703848,1740703740,108,0.861281152,0.0469999569,SELL Yes @0.8613,BUY Yes @0.0470,70.14,21.276594,0.0,1.0,0.0,1.0,2025-08-07 21:17:35+00,2025-04-01 09:57:35+00
W120,a,date,when-will-gpt-5-be-released,GPT-5 released by…?,57,517603,514502,Will GPT-5 be released by December 31?,Will GPT-5 be released by March 31?,2025-03-03,1741047860,1741047852,1741047860,8,0.9411755737,0.0229030742,BUY No @0.0588,BUY Yes @0.0229,84.998687,218.311304,0.0,1.0,0.0,1.0,2025-08-07 21:17:35+00,2025-04-01 09:57:35+00
W600,a,date,when-will-gpt-5-be-released,GPT-5 released by…?,57,570815,568122,Will GPT-5 be released by August 10?,Will GPT-5 be released by August 15?,2025-08-05,1754409271,1754409271,1754409195,76,0.9066151206,0.9,BUY No @0.0934,BUY Yes @0.9000,255.823,923.28,0.0,1.0,0.0,1.0,2025-08-07 21:25:45+00,2025-08-07 21:21:49+00
W600,a,date,when-will-gpt-5-be-released,GPT-5 released by…?,57,570815,568122,Will GPT-5 be released by August 10?,Will GPT-5 be released by August 15?,2025-08-06,1754499831,1754499831,1754499789,42,0.97,0.9699999945,SELL Yes @0.9700,BUY Yes @0.9700,25.99,25.515462,0.0,1.0,0.0,1.0,2025-08-07 21:25:45+00,2025-08-07 21:21:49+00
W120,a,date,when-will-gpt-5-be-released,GPT-5 released by…?,57,570815,568122,Will GPT-5 be released by August 10?,Will GPT-5 be released by August 15?,2025-08-05,1754409271,1754409271,1754409195,76,0.9066151206,0.9,BUY No @0.0934,BUY Yes @0.9000,255.823,923.28,0.0,1.0,0.0,1.0,2025-08-07 21:25:45+00,2025-08-07 21:21:49+00
W120,a,date,when-will-gpt-5-be-released,GPT-5 released by…?,57,570815,568122,Will GPT-5 be released by August 10?,Will GPT-5 be released by August 15?,2025-08-06,1754499831,1754499831,1754499789,42,0.97,0.9699999945,SELL Yes @0.9700,BUY Yes @0.9700,25.99,25.515462,0.0,1.0,0.0,1.0,2025-08-07 21:25:45+00,2025-08-07 21:21:49+00
W600,a,date,when-will-gpt-5-be-released,GPT-5 released by…?,57,568122,565367,Will GPT-5 be released by August 15?,Will GPT-5 be released by August 31?,2025-08-05,1754409639,1754409639,1754409195,444,0.94,0.9399999999,BUY No @0.0600,BUY Yes @0.9400,401.0,255.319133,0.0,1.0,0.0,1.0,2025-08-07 21:21:49+00,2025-08-07 21:21:49+00
W600,a,strike,what-price-will-solana-hit-in-august,What price will Solana hit in August?,60,570881,570880,Will Solana dip to $140 in August?,Will Solana dip to $145 in August?,2025-08-22,1755911929,1755911781,1755911929,148,0.02700000030000005,0.01100000000000001,BUY No @0.9730,SELL No @0.9890,14.635148,14.93,0.0,1.0,0.0,1.0,2025-09-01 06:13:42+00,2025-09-01 06:09:36+00
W120,a,strike,what-price-will-solana-hit-in-august,What price will Solana hit in August?,60,570881,570880,Will Solana dip to $140 in August?,Will Solana dip to $145 in August?,2025-08-22,1755915337,1755915269,1755915337,68,0.027000782300000026,0.015000000000000013,BUY No @0.9730,SELL No @0.9850,1.027748,12.0,0.0,1.0,0.0,1.0,2025-09-01 06:13:42+00,2025-09-01 06:09:36+00
W600,a,strike,what-price-will-solana-hit-in-august,What price will Solana hit in August?,60,570880,570879,Will Solana dip to $145 in August?,Will Solana dip to $150 in August?,2025-08-14,1755174932,1755174932,1755174902,30,0.15000000000000002,0.14,BUY No @0.8500,BUY Yes @0.1400,7.0,7.0,0.0,1.0,0.0,1.0,2025-09-01 06:09:36+00,2025-09-01 06:13:48+00
W120,a,strike,what-price-will-solana-hit-in-august,What price will Solana hit in August?,60,570880,570879,Will Solana dip to $145 in August?,Will Solana dip to $150 in August?,2025-08-14,1755174932,1755174932,1755174902,30,0.15000000000000002,0.14,BUY No @0.8500,BUY Yes @0.1400,7.0,7.0,0.0,1.0,0.0,1.0,2025-09-01 06:09:36+00,2025-09-01 06:13:48+00
W600,a,strike,what-price-will-solana-hit-in-august,What price will Solana hit in August?,61,575900,570869,Will Solana reach $220 in August?,Will Solana reach $210 in August?,2025-08-14,1755174932,1755174706,1755174932,226,0.6,0.58,BUY No @0.4000,BUY Yes @0.5800,100.0,7.0,0.0,1.0,0.0,1.0,2025-09-01 06:14:40+00,2025-08-24 06:16:31+00
W600,b,strike,fifwc-esp-arg-2026-07-19-player-props,Spain vs. Argentina - Player Props,64,2944546,2944544,Lamine Yamal: 3+ shots,Lamine Yamal: 2+ shots,2026-07-17,1784308914,1784308914,1784308914,0,0.47,0.44,BUY No @0.5300,BUY Yes @0.4400,37.73,37.73,0.05,1.0,0.05,1.0,2026-07-19 22:28:58+00,2026-07-19 22:24:45+00
W120,b,strike,fifwc-esp-arg-2026-07-19-player-props,Spain vs. Argentina - Player Props,64,2944546,2944544,Lamine Yamal: 3+ shots,Lamine Yamal: 2+ shots,2026-07-17,1784308914,1784308914,1784308914,0,0.47,0.44,BUY No @0.5300,BUY Yes @0.4400,37.73,37.73,0.05,1.0,0.05,1.0,2026-07-19 22:28:58+00,2026-07-19 22:24:45+00
W600,a,strike,what-price-will-solana-hit-in-may,What price will Solana hit in May?,68,540439,540438,Will Solana dip to $110 in May?,Will Solana dip to $120 in May?,2025-05-23,1748013146,1748013146,1748013144,2,0.02300000000000002,0.015,BUY No @0.9770,BUY Yes @0.0150,208.25,200.0,0.0,1.0,0.0,1.0,2025-06-01 06:54:05+00,2025-06-01 07:15:05+00
W120,a,strike,what-price-will-solana-hit-in-may,What price will Solana hit in May?,68,540439,540438,Will Solana dip to $110 in May?,Will Solana dip to $120 in May?,2025-05-23,1748013146,1748013146,1748013144,2,0.02300000000000002,0.015,BUY No @0.9770,BUY Yes @0.0150,208.25,200.0,0.0,1.0,0.0,1.0,2025-06-01 06:54:05+00,2025-06-01 07:15:05+00
W600,a,strike,what-price-will-solana-hit-in-september,What price will Solana hit in September?,70,584986,584985,Will Solana dip to $170 in September?,Will Solana dip to $175 in September?,2025-09-27,1758985059,1758984653,1758985059,406,0.03995675430000001,0.038,BUY No @0.9600,BUY Yes @0.0380,28.332056,127.91,0.0,1.0,0.0,1.0,2025-10-01 06:01:55+00,2025-10-01 06:05:55+00
W600,a,strike,what-price-will-solana-hit-in-september,What price will Solana hit in September?,70,584984,584983,Will Solana dip to $180 in September?,Will Solana dip to $185 in September?,2025-09-29,1759134251,1759133839,1759134251,412,0.02100000000000002,0.019000000000000017,BUY No @0.9790,SELL No @0.9810,500.0,26.0,0.0,1.0,0.0,1.0,2025-10-01 06:05:07+00,2025-10-01 06:06:03+00
W600,a,strike,what-will-powell-say-during-june-press-conference,What will Powell say during June Press Conference?,73,542932,542931,"Will Powell say ""Inflation"" 60+ times during June Press Conference?","Will Powell say ""Inflation"" 50+ times during June Press Conference?",2025-06-18,1750273422,1750273422,1750273260,162,0.10000002559999999,0.1,BUY No @0.9000,BUY Yes @0.1000,23.455554,30.0,0.0,1.0,0.0,1.0,2025-06-18 21:23:34+00,2025-06-18 21:28:42+00
W600,b,date,claude-fable-5-restored-for-us-customers-by-20260613193753196,Claude Fable 5 restored for US customers by…?,74,2743690,2743691,Will Claude Fable 5 be restored for US customers by July 6?,Will Claude Fable 5 be restored for US customers by July 8?,2026-06-30,1782858727,1782858727,1782858169,558,0.79,0.6156143136,SELL Yes @0.7900,BUY Yes @0.6156,19.66,81.88,0.04,1.0,0.04,1.0,2026-07-01 22:20:55+00,2026-07-01 22:20:55+00
W120,b,date,claude-fable-5-restored-for-us-customers-by-20260613193753196,Claude Fable 5 restored for US customers by…?,74,2743690,2743691,Will Claude Fable 5 be restored for US customers by July 6?,Will Claude Fable 5 be restored for US customers by July 8?,2026-06-30,1782863680,1782863680,1782863680,0,0.96,0.9483333333,SELL Yes @0.9600,BUY Yes @0.9483,10.0,60.0,0.04,1.0,0.04,1.0,2026-07-01 22:20:55+00,2026-07-01 22:20:55+00
W600,a,strike,what-price-will-xrp-hit-in-july,What price will XRP hit in July?,79,564495,565001,Will XRP reach $5.0 in July?,Will XRP reach $3.7 in July?,2025-07-18,1752841128,1752840534,1752841128,594,0.08999999999999997,0.01,BUY No @0.9100,BUY Yes @0.0100,64.47,20.0,0.0,1.0,0.0,1.0,2025-08-01 06:01:14+00,2025-08-01 06:17:36+00
W600,a,strike,what-price-will-xrp-hit-in-april,What price will XRP hit in April?,84,532857,532858,Will XRP reach $2.70 in April?,Will XRP reach $2.50 in April?,2025-04-07,1744009739,1744009739,1744009703,36,0.096,0.08999999999999997,SELL Yes @0.0960,SELL No @0.9100,1000.0,830.0,0.0,1.0,0.0,1.0,2025-05-01 07:44:41+00,2025-05-01 07:49:51+00
W600,a,strike,what-price-will-xrp-hit-in-april,What price will XRP hit in April?,84,532857,532858,Will XRP reach $2.70 in April?,Will XRP reach $2.50 in April?,2025-04-09,1744219861,1744219861,1744219283,578,0.203,0.2,SELL Yes @0.2030,BUY Yes @0.2000,100.0,33.0,0.0,1.0,0.0,1.0,2025-05-01 07:44:41+00,2025-05-01 07:49:51+00
W120,a,strike,what-price-will-xrp-hit-in-april,What price will XRP hit in April?,84,532857,532858,Will XRP reach $2.70 in April?,Will XRP reach $2.50 in April?,2025-04-07,1744009739,1744009739,1744009703,36,0.096,0.08999999999999997,SELL Yes @0.0960,SELL No @0.9100,1000.0,830.0,0.0,1.0,0.0,1.0,2025-05-01 07:44:41+00,2025-05-01 07:49:51+00
W600,a,strike,what-price-will-xrp-hit-in-april,What price will XRP hit in April?,84,532856,532857,Will XRP reach $3.00 in April?,Will XRP reach $2.70 in April?,2025-04-07,1744009685,1744009685,1744009631,54,0.062017,0.06,SELL Yes @0.0620,BUY Yes @0.0600,1000.0,20.0,0.0,1.0,0.0,1.0,2025-05-01 07:34:13+00,2025-05-01 07:44:41+00
W120,a,strike,what-price-will-xrp-hit-in-april,What price will XRP hit in April?,84,532856,532857,Will XRP reach $3.00 in April?,Will XRP reach $2.70 in April?,2025-04-07,1744009685,1744009685,1744009631,54,0.062017,0.06,SELL Yes @0.0620,BUY Yes @0.0600,1000.0,20.0,0.0,1.0,0.0,1.0,2025-05-01 07:34:13+00,2025-05-01 07:44:41+00
W600,a,strike,what-price-will-xrp-hit-in-april,What price will XRP hit in April?,84,532855,532856,Will XRP reach $3.50 in April?,Will XRP reach $3.00 in April?,2025-04-07,1744007237,1744007227,1744007237,10,0.028,0.02300000000000002,SELL Yes @0.0280,SELL No @0.9770,17.0,10.0,0.0,1.0,0.0,1.0,2025-05-01 07:24:13+00,2025-05-01 07:34:13+00
W120,a,strike,what-price-will-xrp-hit-in-april,What price will XRP hit in April?,84,532855,532856,Will XRP reach $3.50 in April?,Will XRP reach $3.00 in April?,2025-04-07,1744007237,1744007227,1744007237,10,0.028,0.02300000000000002,SELL Yes @0.0280,SELL No @0.9770,17.0,10.0,0.0,1.0,0.0,1.0,2025-05-01 07:24:13+00,2025-05-01 07:34:13+00
W600,b,strike,laptop-fdv-above-one-day-after-launch,$LAPTOP FDV above ___ one day after launch?,85,4409109,4409115,LAPTOP FDV above $4B one day after launch?,LAPTOP FDV above $3B one day after launch?,2026-09-09,1788967326,1788966960,1788967326,366,0.03,0.01200000000000001,SELL Yes @0.0300,SELL No @0.9880,20.0,30.0,0.07,1.0,0.07,1.0,2026-09-10 22:01:09+00,2026-09-10 22:01:09+00
W600,b,date,gpt-5pt6-released-by,GPT-5.6 released by...?,88,2132399,2132400,"GPT-5.6 released by May 15, 2026?","GPT-5.6 released by May 22, 2026?",2026-05-12,1778567838,1778567838,1778567838,0,0.5790000021999999,0.17000000000000004,BUY No @0.4210,SELL No @0.8300,103.966744,14.9,0.04,1.0,0.04,1.0,2026-05-16 15:23:42+00,2026-05-25 01:26:02+00
W120,b,date,gpt-5pt6-released-by,GPT-5.6 released by...?,88,2132399,2132400,"GPT-5.6 released by May 15, 2026?","GPT-5.6 released by May 22, 2026?",2026-05-12,1778567838,1778567838,1778567838,0,0.5790000021999999,0.17000000000000004,BUY No @0.4210,SELL No @0.8300,103.966744,14.9,0.04,1.0,0.04,1.0,2026-05-16 15:23:42+00,2026-05-25 01:26:02+00
W600,a,date,will-russia-capture-pokrovsk-by,Will Russia capture Pokrovsk by...?,93,521026,521017,Will Russia capture Pokrovsk by December 31?,Will Russia capture Pokrovsk by March 31?,2025-01-31,1738313460,1738313460,1738313262,198,0.6799999999999999,0.11,BUY No @0.3200,BUY Yes @0.1100,3.125,20.0,0.0,1.0,0.0,1.0,2025-08-08 22:07:17+00,2025-04-01 07:56:18+00
W600,a,date,will-russia-capture-pokrovsk-by,Will Russia capture Pokrovsk by...?,93,521026,521017,Will Russia capture Pokrovsk by December 31?,Will Russia capture Pokrovsk by March 31?,2025-02-09,1739080890,1739080890,1739080784,106,0.66000017,0.07999999999999996,BUY No @0.3400,SELL No @0.9200,2.941175,1141.68,0.0,1.0,0.0,1.0,2025-08-08 22:07:17+00,2025-04-01 07:56:18+00
W600,a,date,will-russia-capture-pokrovsk-by,Will Russia capture Pokrovsk by...?,93,521026,521017,Will Russia capture Pokrovsk by December 31?,Will Russia capture Pokrovsk by March 31?,2025-02-17,1739809217,1739809071,1739809217,146,0.5700000000000001,0.06,BUY No @0.4300,BUY Yes @0.0600,10.0,57.7,0.0,1.0,0.0,1.0,2025-08-08 22:07:17+00,2025-04-01 07:56:18+00
W600,a,date,will-russia-capture-pokrovsk-by,Will Russia capture Pokrovsk by...?,93,521026,521017,Will Russia capture Pokrovsk by December 31?,Will Russia capture Pokrovsk by March 31?,2025-03-05,1741159426,1741159173,1741159426,253,0.441902606,0.027000000000000024,BUY No @0.5581,SELL No @0.9730,157.67857,10.0,0.0,1.0,0.0,1.0,2025-08-08 22:07:17+00,2025-04-01 07:56:18+00
W600,a,date,will-russia-capture-pokrovsk-by,Will Russia capture Pokrovsk by...?,93,521026,521017,Will Russia capture Pokrovsk by December 31?,Will Russia capture Pokrovsk by March 31?,2025-03-11,1741721640,1741721640,1741721190,450,0.54,0.0189999817,SELL Yes @0.5400,BUY Yes @0.0190,147.97,52.631577,0.0,1.0,0.0,1.0,2025-08-08 22:07:17+00,2025-04-01 07:56:18+00
W600,a,date,will-russia-capture-pokrovsk-by,Will Russia capture Pokrovsk by...?,93,521026,521017,Will Russia capture Pokrovsk by December 31?,Will Russia capture Pokrovsk by March 31?,2025-03-19,1742411498,1742411498,1742411216,282,0.59,0.009,SELL Yes @0.5900,BUY Yes @0.0090,200.0,115.01,0.0,1.0,0.0,1.0,2025-08-08 22:07:17+00,2025-04-01 07:56:18+00
W600,a,date,will-russia-capture-pokrovsk-by,Will Russia capture Pokrovsk by...?,93,521026,521017,Will Russia capture Pokrovsk by December 31?,Will Russia capture Pokrovsk by March 31?,2025-03-21,1742569129,1742568537,1742569129,592,0.6200001165,0.009,BUY No @0.3800,BUY Yes @0.0090,3.947367,152.32,0.0,1.0,0.0,1.0,2025-08-08 22:07:17+00,2025-04-01 07:56:18+00
W600,a,date,will-russia-capture-pokrovsk-by,Will Russia capture Pokrovsk by...?,93,521026,521017,Will Russia capture Pokrovsk by December 31?,Will Russia capture Pokrovsk by March 31?,2025-03-23,1742748482,1742748482,1742748260,222,0.6300001369,0.005,BUY No @0.3700,BUY Yes @0.0050,2.702701,175.24,0.0,1.0,0.0,1.0,2025-08-08 22:07:17+00,2025-04-01 07:56:18+00
W600,a,date,will-russia-capture-pokrovsk-by,Will Russia capture Pokrovsk by...?,93,521026,521017,Will Russia capture Pokrovsk by December 31?,Will Russia capture Pokrovsk by March 31?,2025-03-24,1742807992,1742807992,1742807982,10,0.6399677773,0.004,BUY No @0.3600,BUY Yes @0.0040,150.625404,240.0,0.0,1.0,0.0,1.0,2025-08-08 22:07:17+00,2025-04-01 07:56:18+00
W600,a,date,will-russia-capture-pokrovsk-by,Will Russia capture Pokrovsk by...?,93,521026,521017,Will Russia capture Pokrovsk by December 31?,Will Russia capture Pokrovsk by March 31?,2025-03-25,1742946146,1742946028,1742946146,118,0.6450324135000001,0.007,BUY No @0.3550,BUY Yes @0.0070,402.61,150.0,0.0,1.0,0.0,1.0,2025-08-08 22:07:17+00,2025-04-01 07:56:18+00
W600,a,date,will-russia-capture-pokrovsk-by,Will Russia capture Pokrovsk by...?,93,521026,521017,Will Russia capture Pokrovsk by December 31?,Will Russia capture Pokrovsk by March 31?,2025-03-26,1742978811,1742978811,1742978223,588,0.63,0.006,BUY No @0.3700,BUY Yes @0.0060,366.0,180.0,0.0,1.0,0.0,1.0,2025-08-08 22:07:17+00,2025-04-01 07:56:18+00
W600,a,date,will-russia-capture-pokrovsk-by,Will Russia capture Pokrovsk by...?,93,521026,521017,Will Russia capture Pokrovsk by December 31?,Will Russia capture Pokrovsk by March 31?,2025-03-27,1743129300,1743128868,1743129300,432,0.6126484473,0.005,BUY No @0.3874,BUY Yes @0.0050,824.03,204.0,0.0,1.0,0.0,1.0,2025-08-08 22:07:17+00,2025-04-01 07:56:18+00
W600,a,date,will-russia-capture-pokrovsk-by,Will Russia capture Pokrovsk by...?,93,521026,521017,Will Russia capture Pokrovsk by December 31?,Will Russia capture Pokrovsk by March 31?,2025-03-28,1743146942,1743146942,1743146916,26,0.6,0.0050000000000000044,SELL Yes @0.6000,SELL No @0.9950,100.0,254.0,0.0,1.0,0.0,1.0,2025-08-08 22:07:17+00,2025-04-01 07:56:18+00
W120,a,date,will-russia-capture-pokrovsk-by,Will Russia capture Pokrovsk by...?,93,521026,521017,Will Russia capture Pokrovsk by December 31?,Will Russia capture Pokrovsk by March 31?,2025-02-09,1739080890,1739080890,1739080784,106,0.66000017,0.07999999999999996,BUY No @0.3400,SELL No @0.9200,2.941175,1141.68,0.0,1.0,0.0,1.0,2025-08-08 22:07:17+00,2025-04-01 07:56:18+00
W120,a,date,will-russia-capture-pokrovsk-by,Will Russia capture Pokrovsk by...?,93,521026,521017,Will Russia capture Pokrovsk by December 31?,Will Russia capture Pokrovsk by March 31?,2025-03-19,1742411564,1742411498,1742411564,66,0.59,0.009,SELL Yes @0.5900,BUY Yes @0.0090,200.0,101.99,0.0,1.0,0.0,1.0,2025-08-08 22:07:17+00,2025-04-01 07:56:18+00
W120,a,date,will-russia-capture-pokrovsk-by,Will Russia capture Pokrovsk by...?,93,521026,521017,Will Russia capture Pokrovsk by December 31?,Will Russia capture Pokrovsk by March 31?,2025-03-24,1742807992,1742807992,1742807982,10,0.6399677773,0.004,BUY No @0.3600,BUY Yes @0.0040,150.625404,240.0,0.0,1.0,0.0,1.0,2025-08-08 22:07:17+00,2025-04-01 07:56:18+00
W120,a,date,will-russia-capture-pokrovsk-by,Will Russia capture Pokrovsk by...?,93,521026,521017,Will Russia capture Pokrovsk by December 31?,Will Russia capture Pokrovsk by March 31?,2025-03-25,1742946146,1742946028,1742946146,118,0.6450324135000001,0.007,BUY No @0.3550,BUY Yes @0.0070,402.61,150.0,0.0,1.0,0.0,1.0,2025-08-08 22:07:17+00,2025-04-01 07:56:18+00
W120,a,date,will-russia-capture-pokrovsk-by,Will Russia capture Pokrovsk by...?,93,521026,521017,Will Russia capture Pokrovsk by December 31?,Will Russia capture Pokrovsk by March 31?,2025-03-26,1742978863,1742978811,1742978863,52,0.63,0.006,BUY No @0.3700,BUY Yes @0.0060,366.0,180.0,0.0,1.0,0.0,1.0,2025-08-08 22:07:17+00,2025-04-01 07:56:18+00
W120,a,date,will-russia-capture-pokrovsk-by,Will Russia capture Pokrovsk by...?,93,521026,521017,Will Russia capture Pokrovsk by December 31?,Will Russia capture Pokrovsk by March 31?,2025-03-28,1743146942,1743146942,1743146916,26,0.6,0.0050000000000000044,SELL Yes @0.6000,SELL No @0.9950,100.0,254.0,0.0,1.0,0.0,1.0,2025-08-08 22:07:17+00,2025-04-01 07:56:18+00
W600,a,date,will-russia-capture-pokrovsk-by,Will Russia capture Pokrovsk by...?,93,545880,560559,Will Russia capture Pokrovsk by August 31?,Will Russia capture Pokrovsk by October 31?,2025-08-08,1754674893,1754674893,1754674651,242,0.954,0.94,SELL Yes @0.9540,BUY Yes @0.9400,205.0,61.36,0.0,1.0,0.0,1.0,2025-08-08 20:44:05+00,2025-08-08 21:47:41+00
W120,a,date,will-russia-capture-pokrovsk-by,Will Russia capture Pokrovsk by...?,93,545880,560559,Will Russia capture Pokrovsk by August 31?,Will Russia capture Pokrovsk by October 31?,2025-08-08,1754675349,1754675321,1754675349,28,0.99,0.96,SELL Yes @0.9900,SELL No @0.0400,464.0,74.0,0.0,1.0,0.0,1.0,2025-08-08 20:44:05+00,2025-08-08 21:47:41+00
W600,b,strike,fifwc-fra-eng-2026-07-18-player-props,France vs. England - Player Props,99,2944253,2944252,Bukayo Saka: 2+ goals,Bukayo Saka: 1+ goals,2026-07-18,1784411170,1784411170,1784410590,580,0.9100000671,0.9,BUY No @0.0900,BUY Yes @0.9000,12.666665,40.0,0.05,1.0,0.05,1.0,2026-07-18 23:20:18+00,2026-07-18 23:20:15+00
W600,b,date,ukraine-strikes-another-tanker-in-black-sea-by-835,Ukraine strikes another tanker in Black Sea by...?,125,1170477,1170478,"Ukraine strikes another tanker in Black Sea by January 17, 2026?","Ukraine strikes another tanker in Black Sea by January 24, 2026?",2026-01-13,1768334144,1768334144,1768333840,304,0.3177570195,0.2,BUY No @0.6822,BUY Yes @0.2000,29.315066,20.0,0.0,1.0,0.0,1.0,2026-01-18 09:40:28+00,2026-01-25 09:56:36+00
W600,b,date,ukraine-strikes-another-tanker-in-black-sea-by-835,Ukraine strikes another tanker in Black Sea by...?,125,1170477,1170478,"Ukraine strikes another tanker in Black Sea by January 17, 2026?","Ukraine strikes another tanker in Black Sea by January 24, 2026?",2026-01-14,1768382722,1768382384,1768382722,338,0.31999999999999995,0.27,BUY No @0.6800,BUY Yes @0.2700,20.0,20.0,0.0,1.0,0.0,1.0,2026-01-18 09:40:28+00,2026-01-25 09:56:36+00
W600,b,date,ukraine-strikes-another-tanker-in-black-sea-by-835,Ukraine strikes another tanker in Black Sea by...?,125,1170478,1170479,"Ukraine strikes another tanker in Black Sea by January 24, 2026?","Ukraine strikes another tanker in Black Sea by January 31, 2026?",2026-01-14,1768383256,1768383228,1768383256,28,0.74,0.66125,BUY No @0.2600,BUY Yes @0.6613,20.0,8.0,0.0,1.0,0.0,1.0,2026-01-25 09:56:36+00,2026-02-01 00:46:54+00
W600,b,date,ukraine-strikes-another-tanker-in-black-sea-by-835,Ukraine strikes another tanker in Black Sea by...?,125,1170478,1170479,"Ukraine strikes another tanker in Black Sea by January 24, 2026?","Ukraine strikes another tanker in Black Sea by January 31, 2026?",2026-01-22,1769115514,1769115514,1769115514,0,0.22999999999999998,0.2,BUY No @0.7700,BUY Yes @0.2000,20.0,20.0,0.0,1.0,0.0,1.0,2026-01-25 09:56:36+00,2026-02-01 00:46:54+00
W120,b,date,ukraine-strikes-another-tanker-in-black-sea-by-835,Ukraine strikes another tanker in Black Sea by...?,125,1170478,1170479,"Ukraine strikes another tanker in Black Sea by January 24, 2026?","Ukraine strikes another tanker in Black Sea by January 31, 2026?",2026-01-14,1768383256,1768383228,1768383256,28,0.74,0.66125,BUY No @0.2600,BUY Yes @0.6613,20.0,8.0,0.0,1.0,0.0,1.0,2026-01-25 09:56:36+00,2026-02-01 00:46:54+00
W120,b,date,ukraine-strikes-another-tanker-in-black-sea-by-835,Ukraine strikes another tanker in Black Sea by...?,125,1170478,1170479,"Ukraine strikes another tanker in Black Sea by January 24, 2026?","Ukraine strikes another tanker in Black Sea by January 31, 2026?",2026-01-22,1769115514,1769115514,1769115514,0,0.22999999999999998,0.2,BUY No @0.7700,BUY Yes @0.2000,20.0,20.0,0.0,1.0,0.0,1.0,2026-01-25 09:56:36+00,2026-02-01 00:46:54+00
W600,b,strike,solana-above-on-october-13,Solana above ___ on October 13?,129,623489,623486,Will the price of Solana be above $230 on October 13?,Will the price of Solana be above $220 on October 13?,2025-10-10,1760133132,1760133132,1760133014,118,0.09699999999999998,0.064,BUY No @0.9030,BUY Yes @0.0640,1480.0,6.6,0.0,1.0,0.0,1.0,2025-10-13 18:20:47+00,2025-10-13 18:20:47+00
W120,b,strike,solana-above-on-october-13,Solana above ___ on October 13?,129,623489,623486,Will the price of Solana be above $230 on October 13?,Will the price of Solana be above $220 on October 13?,2025-10-10,1760133132,1760133132,1760133014,118,0.09699999999999998,0.064,BUY No @0.9030,BUY Yes @0.0640,1480.0,6.6,0.0,1.0,0.0,1.0,2025-10-13 18:20:47+00,2025-10-13 18:20:47+00
W600,b,strike,fifwc-eng-arg-2026-07-15-player-props,England vs. Argentina - Player Props,131,2895265,2895263,Lionel Messi: 4+ shots,Lionel Messi: 3+ shots,2026-07-15,1784149406,1784149406,1784149406,0,0.31000000000000005,0.01,BUY No @0.6900,BUY Yes @0.0100,36.0,216.0,0.05,1.0,0.05,1.0,2026-07-15 21:23:01+00,2026-07-15 21:22:50+00
W120,b,strike,fifwc-eng-arg-2026-07-15-player-props,England vs. Argentina - Player Props,131,2895265,2895263,Lionel Messi: 4+ shots,Lionel Messi: 3+ shots,2026-07-15,1784149406,1784149406,1784149406,0,0.31000000000000005,0.01,BUY No @0.6900,BUY Yes @0.0100,36.0,216.0,0.05,1.0,0.05,1.0,2026-07-15 21:23:01+00,2026-07-15 21:22:50+00
W600,a,strike,bitcoin-above-on-august-25,Bitcoin above ___ on August 25?,133,577873,579431,Bitcoin above $112K on August 25?,Bitcoin above $110K on August 25?,2025-08-22,1755871734,1755871734,1755871480,254,0.79,0.78,BUY No @0.2100,BUY Yes @0.7800,73.0,4500.0,0.0,1.0,0.0,1.0,2025-08-25 18:10:47+00,2025-08-25 18:10:45+00
W600,a,strike,bitcoin-above-on-august-25,Bitcoin above ___ on August 25?,133,577873,579431,Bitcoin above $112K on August 25?,Bitcoin above $110K on August 25?,2025-08-24,1756064351,1756064141,1756064351,210,0.919,0.822,BUY No @0.0810,BUY Yes @0.8220,400.0,100.0,0.0,1.0,0.0,1.0,2025-08-25 18:10:47+00,2025-08-25 18:10:45+00
W120,a,strike,bitcoin-above-on-august-25,Bitcoin above ___ on August 25?,133,577873,579431,Bitcoin above $112K on August 25?,Bitcoin above $110K on August 25?,2025-08-24,1756064403,1756064403,1756064395,8,0.81,0.742,BUY No @0.1900,BUY Yes @0.7420,80.0,500.0,0.0,1.0,0.0,1.0,2025-08-25 18:10:47+00,2025-08-25 18:10:45+00
W600,a,strike,bitcoin-above-on-august-25,Bitcoin above ___ on August 25?,133,577874,577873,Bitcoin above $114K on August 25?,Bitcoin above $112K on August 25?,2025-08-22,1755871656,1755871656,1755871480,176,0.61,0.6,BUY No @0.3900,SELL No @0.4000,7.0,2.0,0.0,1.0,0.0,1.0,2025-08-25 18:09:47+00,2025-08-25 18:10:47+00
W600,a,strike,bitcoin-above-on-august-25,Bitcoin above ___ on August 25?,133,577874,577873,Bitcoin above $114K on August 25?,Bitcoin above $112K on August 25?,2025-08-24,1756064343,1756064135,1756064343,208,0.56,0.5,BUY No @0.4400,SELL No @0.5000,121.0,20.0,0.0,1.0,0.0,1.0,2025-08-25 18:09:47+00,2025-08-25 18:10:47+00
W120,a,strike,bitcoin-above-on-august-25,Bitcoin above ___ on August 25?,133,577874,577873,Bitcoin above $114K on August 25?,Bitcoin above $112K on August 25?,2025-08-24,1756064403,1756064403,1756064399,4,0.38,0.33,SELL Yes @0.3800,BUY Yes @0.3300,54.0,100.0,0.0,1.0,0.0,1.0,2025-08-25 18:09:47+00,2025-08-25 18:10:47+00
W600,a,strike,bitcoin-above-on-august-25,Bitcoin above ___ on August 25?,133,577875,577874,Bitcoin above $116K on August 25?,Bitcoin above $114K on August 25?,2025-08-22,1755871624,1755871624,1755871140,484,0.37,0.35,BUY No @0.6300,SELL No @0.6500,281.0,171.42,0.0,1.0,0.0,1.0,2025-08-25 18:08:43+00,2025-08-25 18:09:47+00
W600,a,strike,bitcoin-above-on-august-25,Bitcoin above ___ on August 25?,133,577875,577874,Bitcoin above $116K on August 25?,Bitcoin above $114K on August 25?,2025-08-24,1756064343,1756064003,1756064343,340,0.18999999999999995,0.17,BUY No @0.8100,BUY Yes @0.1700,750.0,5.0,0.0,1.0,0.0,1.0,2025-08-25 18:08:43+00,2025-08-25 18:09:47+00
W120,a,strike,bitcoin-above-on-august-25,Bitcoin above ___ on August 25?,133,577875,577874,Bitcoin above $116K on August 25?,Bitcoin above $114K on August 25?,2025-08-24,1756064403,1756064403,1756064399,4,0.14,0.1027272727,BUY No @0.8600,BUY Yes @0.1027,5.0,11.0,0.0,1.0,0.0,1.0,2025-08-25 18:08:43+00,2025-08-25 18:09:47+00
W600,a,strike,bitcoin-above-on-august-22,Bitcoin above ___ on August 22?,138,577734,579430,Bitcoin above $112K on August 22?,Bitcoin above $110K on August 22?,2025-08-22,1755871744,1755871744,1755871516,228,0.98,0.97,SELL Yes @0.9800,SELL No @0.0300,97.01,20.0,0.0,1.0,0.0,1.0,2025-08-22 18:01:10+00,2025-08-22 18:03:18+00
W600,a,strike,bitcoin-above-on-august-22,Bitcoin above ___ on August 22?,138,576711,577734,Bitcoin above $114K on August 22?,Bitcoin above $112K on August 22?,2025-08-22,1755871614,1755871614,1755871474,140,0.72,0.69,SELL Yes @0.7200,BUY Yes @0.6900,2500.0,5.0,0.0,1.0,0.0,1.0,2025-08-22 18:02:10+00,2025-08-22 18:01:10+00
W600,a,strike,bitcoin-above-on-august-22,Bitcoin above ___ on August 22?,138,576712,576711,Bitcoin above $116K on August 22?,Bitcoin above $114K on August 22?,2025-08-22,1755871524,1755871524,1755871474,50,0.10199999999999998,0.09,BUY No @0.8980,BUY Yes @0.0900,5000.0,7500.0,0.0,1.0,0.0,1.0,2025-08-22 18:01:10+00,2025-08-22 18:02:10+00
W120,a,strike,bitcoin-above-on-august-22,Bitcoin above ___ on August 22?,138,576712,576711,Bitcoin above $116K on August 22?,Bitcoin above $114K on August 22?,2025-08-22,1755871524,1755871524,1755871474,50,0.10199999999999998,0.09,BUY No @0.8980,BUY Yes @0.0900,5000.0,7500.0,0.0,1.0,0.0,1.0,2025-08-22 18:01:10+00,2025-08-22 18:02:10+00
W600,b,strike,bitcoin-above-on-june-7-2026,Bitcoin above ___ on June 7?,140,2403012,2403010,"Will the price of Bitcoin be above $78,000 on June 7?","Will the price of Bitcoin be above $76,000 on June 7?",2026-06-02,1780444568,1780444568,1780444568,0,0.021000000100000027,0.0119418283,BUY No @0.9790,BUY Yes @0.0119,180.490285,180.5,0.07,1.0,0.07,1.0,2026-06-07 18:04:39+00,2026-06-07 18:05:03+00
W120,b,strike,bitcoin-above-on-june-7-2026,Bitcoin above ___ on June 7?,140,2403012,2403010,"Will the price of Bitcoin be above $78,000 on June 7?","Will the price of Bitcoin be above $76,000 on June 7?",2026-06-02,1780444568,1780444568,1780444568,0,0.021000000100000027,0.0119418283,BUY No @0.9790,BUY Yes @0.0119,180.490285,180.5,0.07,1.0,0.07,1.0,2026-06-07 18:04:39+00,2026-06-07 18:05:03+00
W600,a,strike,bitcoin-above-on-august-15,Bitcoin above ___ on August 15?,141,574903,574228,Bitcoin above $122000 on August 15?,Bitcoin above $120000 on August 15?,2025-08-14,1755174970,1755174870,1755174970,100,0.21,0.2,SELL Yes @0.2100,BUY Yes @0.2000,9.6,97.0,0.0,1.0,0.0,1.0,2025-08-15 18:02:00+00,2025-08-15 18:02:54+00
W120,a,strike,bitcoin-above-on-august-15,Bitcoin above ___ on August 15?,141,574903,574228,Bitcoin above $122000 on August 15?,Bitcoin above $120000 on August 15?,2025-08-14,1755174970,1755174870,1755174970,100,0.21,0.2,SELL Yes @0.2100,BUY Yes @0.2000,9.6,97.0,0.0,1.0,0.0,1.0,2025-08-15 18:02:00+00,2025-08-15 18:02:54+00
W600,a,strike,bitcoin-above-on-august-15,Bitcoin above ___ on August 15?,141,574904,574903,Bitcoin above $124000 on August 15?,Bitcoin above $122000 on August 15?,2025-08-14,1755174980,1755174662,1755174980,318,0.12996143959999995,0.12,BUY No @0.8700,SELL No @0.8800,31.12,24.21,0.0,1.0,0.0,1.0,2025-08-15 18:04:58+00,2025-08-15 18:02:00+00
W600,a,strike,bitcoin-above-on-august-27,Bitcoin above ___ on August 27?,142,578908,578907,Bitcoin above $108K on August 27?,Bitcoin above $106K on August 27?,2025-08-24,1756064381,1756064167,1756064381,214,0.955,0.952,BUY No @0.0450,BUY Yes @0.9520,10.0,5.0,0.0,1.0,0.0,1.0,2025-08-27 18:10:07+00,2025-08-27 18:08:27+00
W600,a,strike,bitcoin-above-on-august-27,Bitcoin above ___ on August 27?,142,578908,578907,Bitcoin above $108K on August 27?,Bitcoin above $106K on August 27?,2025-08-26,1756245923,1756245611,1756245923,312,0.967,0.966,SELL Yes @0.9670,BUY Yes @0.9660,200.0,20.0,0.0,1.0,0.0,1.0,2025-08-27 18:10:07+00,2025-08-27 18:08:27+00
W600,a,strike,bitcoin-above-on-august-27,Bitcoin above ___ on August 27?,142,578910,578909,Bitcoin above $112K on August 27?,Bitcoin above $110K on August 27?,2025-08-24,1756064347,1756064151,1756064347,196,0.75,0.74,BUY No @0.2500,BUY Yes @0.7400,100.0,500.0,0.0,1.0,0.0,1.0,2025-08-27 18:10:07+00,2025-08-27 18:06:13+00
W120,a,strike,bitcoin-above-on-august-27,Bitcoin above ___ on August 27?,142,578910,578909,Bitcoin above $112K on August 27?,Bitcoin above $110K on August 27?,2025-08-24,1756064427,1756064427,1756064401,26,0.78,0.76,BUY No @0.2200,BUY Yes @0.7600,12.0,20.0,0.0,1.0,0.0,1.0,2025-08-27 18:10:07+00,2025-08-27 18:06:13+00
W600,a,strike,bitcoin-above-on-august-27,Bitcoin above ___ on August 27?,142,578911,578910,Bitcoin above $114K on August 27?,Bitcoin above $112K on August 27?,2025-08-22,1755871880,1755871880,1755871476,404,0.5900000000000001,0.58,BUY No @0.4100,BUY Yes @0.5800,6.24,5000.0,0.0,1.0,0.0,1.0,2025-08-27 18:09:11+00,2025-08-27 18:10:07+00
W600,a,strike,bitcoin-above-on-august-27,Bitcoin above ___ on August 27?,142,578911,578910,Bitcoin above $114K on August 27?,Bitcoin above $112K on August 27?,2025-08-24,1756064349,1756064151,1756064349,198,0.53,0.45,BUY No @0.4700,BUY Yes @0.4500,20.0,4500.0,0.0,1.0,0.0,1.0,2025-08-27 18:09:11+00,2025-08-27 18:10:07+00
W120,a,strike,bitcoin-above-on-august-27,Bitcoin above ___ on August 27?,142,578911,578910,Bitcoin above $114K on August 27?,Bitcoin above $112K on August 27?,2025-08-24,1756064427,1756064427,1756064399,28,0.53,0.42,BUY No @0.4700,BUY Yes @0.4200,2468.37,500.0,0.0,1.0,0.0,1.0,2025-08-27 18:09:11+00,2025-08-27 18:10:07+00
W600,a,strike,bitcoin-above-on-august-27,Bitcoin above ___ on August 27?,142,578912,578911,Bitcoin above $116K on August 27?,Bitcoin above $114K on August 27?,2025-08-24,1756064361,1756063967,1756064361,394,0.32,0.3,SELL Yes @0.3200,BUY Yes @0.3000,11.0,614.0,0.0,1.0,0.0,1.0,2025-08-27 18:09:07+00,2025-08-27 18:09:11+00
W120,a,strike,bitcoin-above-on-august-27,Bitcoin above ___ on August 27?,142,578912,578911,Bitcoin above $116K on August 27?,Bitcoin above $114K on August 27?,2025-08-24,1756064427,1756064427,1756064399,28,0.27,0.22,BUY No @0.7300,BUY Yes @0.2200,100.0,480.0,0.0,1.0,0.0,1.0,2025-08-27 18:09:07+00,2025-08-27 18:09:11+00
W600,a,date,pumpfun-airdop-by,Pump.fun airdrop by ....? ,146,561699,549618,Will Pump.fun perform an airdrop by July 18? ,Will Pump.fun perform an airdrop by July 31? ,2025-07-13,1752463237,1752463237,1752462735,502,0.72,0.6008398481,SELL Yes @0.7200,BUY Yes @0.6008,100.0,1664.337013,0.07,1.0,0.07,1.0,2025-07-19 06:01:12+00,2025-08-01 06:18:28+00
W600,a,date,will-russia-capture-siversk-by-september-30,Will Russia capture Siversk by...?,151,585601,575196,Will Russia capture Siversk by December 31?,Will Russia capture Siversk by September 30?,2025-09-02,1756799177,1756799177,1756798927,250,0.44999999999999996,0.09999999999999998,BUY No @0.5500,SELL No @0.9000,97.0,9.62,0.0,1.0,0.0,1.0,2025-12-19 05:42:41+00,2025-10-01 06:14:43+00
W600,a,date,will-russia-capture-siversk-by-september-30,Will Russia capture Siversk by...?,151,585601,575196,Will Russia capture Siversk by December 31?,Will Russia capture Siversk by September 30?,2025-09-03,1756900236,1756900236,1756900078,158,0.44999999999999996,0.1246538462,BUY No @0.5500,BUY Yes @0.1247,10.0,520.0,0.0,1.0,0.0,1.0,2025-12-19 05:42:41+00,2025-10-01 06:14:43+00
W600,a,date,will-russia-capture-siversk-by-september-30,Will Russia capture Siversk by...?,151,585601,575196,Will Russia capture Siversk by December 31?,Will Russia capture Siversk by September 30?,2025-09-04,1756963310,1756963108,1756963310,202,0.5100000196000001,0.14,BUY No @0.4900,SELL No @0.8600,10.20408,9.64,0.0,1.0,0.0,1.0,2025-12-19 05:42:41+00,2025-10-01 06:14:43+00
W600,a,date,will-russia-capture-siversk-by-september-30,Will Russia capture Siversk by...?,151,585601,575196,Will Russia capture Siversk by December 31?,Will Russia capture Siversk by September 30?,2025-09-08,1757310868,1757310660,1757310868,208,0.5200000124999999,0.06,BUY No @0.4800,BUY Yes @0.0600,28.708332,194.0,0.0,1.0,0.0,1.0,2025-12-19 05:42:41+00,2025-10-01 06:14:43+00
W600,a,date,will-russia-capture-siversk-by-september-30,Will Russia capture Siversk by...?,151,585601,575196,Will Russia capture Siversk by December 31?,Will Russia capture Siversk by September 30?,2025-09-11,1757625979,1757625979,1757625861,118,0.5600000352000001,0.05,BUY No @0.4400,BUY Yes @0.0500,11.363635,111.75,0.0,1.0,0.0,1.0,2025-12-19 05:42:41+00,2025-10-01 06:14:43+00
W600,a,date,will-russia-capture-siversk-by-september-30,Will Russia capture Siversk by...?,151,585601,575196,Will Russia capture Siversk by December 31?,Will Russia capture Siversk by September 30?,2025-09-13,1757780798,1757780798,1757780470,328,0.5600000352000001,0.0429999606,BUY No @0.4400,BUY Yes @0.0430,11.363635,23.255812,0.0,1.0,0.0,1.0,2025-12-19 05:42:41+00,2025-10-01 06:14:43+00
W600,a,date,will-russia-capture-siversk-by-september-30,Will Russia capture Siversk by...?,151,585601,575196,Will Russia capture Siversk by December 31?,Will Russia capture Siversk by September 30?,2025-09-14,1757885104,1757885104,1757884886,218,0.58,0.0679999383,SELL Yes @0.5800,BUY Yes @0.0680,3.31,14.705881,0.0,1.0,0.0,1.0,2025-12-19 05:42:41+00,2025-10-01 06:14:43+00
W600,a,date,will-russia-capture-siversk-by-september-30,Will Russia capture Siversk by...?,151,585601,575196,Will Russia capture Siversk by December 31?,Will Russia capture Siversk by September 30?,2025-09-20,1758398500,1758398186,1758398500,314,0.5484172694,0.0336129609,SELL Yes @0.5484,BUY Yes @0.0336,222.59,179.0,0.0,1.0,0.0,1.0,2025-12-19 05:42:41+00,2025-10-01 06:14:43+00
W600,a,date,will-russia-capture-siversk-by-september-30,Will Russia capture Siversk by...?,151,585601,575196,Will Russia capture Siversk by December 31?,Will Russia capture Siversk by September 30?,2025-09-21,1758485634,1758485634,1758485582,52,0.56,0.0418,BUY No @0.4400,BUY Yes @0.0418,50.0,50.0,0.0,1.0,0.0,1.0,2025-12-19 05:42:41+00,2025-10-01 06:14:43+00
W600,a,date,will-russia-capture-siversk-by-september-30,Will Russia capture Siversk by...?,151,585601,575196,Will Russia capture Siversk by December 31?,Will Russia capture Siversk by September 30?,2025-09-22,1758549104,1758549104,1758549094,10,0.5500000375,0.025000000000000022,BUY No @0.4500,SELL No @0.9750,6.666665,3.27,0.0,1.0,0.0,1.0,2025-12-19 05:42:41+00,2025-10-01 06:14:43+00
W600,a,date,will-russia-capture-siversk-by-september-30,Will Russia capture Siversk by...?,151,585601,575196,Will Russia capture Siversk by December 31?,Will Russia capture Siversk by September 30?,2025-09-29,1759145813,1759145485,1759145813,328,0.52,0.007000000000000006,SELL Yes @0.5200,SELL No @0.9930,3.44,17.46,0.0,1.0,0.0,1.0,2025-12-19 05:42:41+00,2025-10-01 06:14:43+00
W600,a,date,will-russia-capture-siversk-by-september-30,Will Russia capture Siversk by...?,151,585601,575196,Will Russia capture Siversk by December 31?,Will Russia capture Siversk by September 30?,2025-09-30,1759215747,1759215747,1759215405,342,0.53,0.003,SELL Yes @0.5300,BUY Yes @0.0030,188.67,333.333333,0.0,1.0,0.0,1.0,2025-12-19 05:42:41+00,2025-10-01 06:14:43+00
W120,a,date,will-russia-capture-siversk-by-september-30,Will Russia capture Siversk by...?,151,585601,575196,Will Russia capture Siversk by December 31?,Will Russia capture Siversk by September 30?,2025-09-11,1757625979,1757625979,1757625861,118,0.5600000352000001,0.05,BUY No @0.4400,BUY Yes @0.0500,11.363635,111.75,0.0,1.0,0.0,1.0,2025-12-19 05:42:41+00,2025-10-01 06:14:43+00
W120,a,date,will-russia-capture-siversk-by-september-30,Will Russia capture Siversk by...?,151,585601,575196,Will Russia capture Siversk by December 31?,Will Russia capture Siversk by September 30?,2025-09-21,1758485634,1758485634,1758485582,52,0.56,0.0418,BUY No @0.4400,BUY Yes @0.0418,50.0,50.0,0.0,1.0,0.0,1.0,2025-12-19 05:42:41+00,2025-10-01 06:14:43+00
W120,a,date,will-russia-capture-siversk-by-september-30,Will Russia capture Siversk by...?,151,585601,575196,Will Russia capture Siversk by December 31?,Will Russia capture Siversk by September 30?,2025-09-22,1758549104,1758549104,1758549094,10,0.5500000375,0.025000000000000022,BUY No @0.4500,SELL No @0.9750,6.666665,3.27,0.0,1.0,0.0,1.0,2025-12-19 05:42:41+00,2025-10-01 06:14:43+00
W600,a,date,israeli-parliament-dissolved-by-october-31,Israeli parliament dissolved by...?,152,604675,604674,Israeli parliament dissolved by March 31?,Israeli parliament dissolved by December 31?,2025-10-18,1760807258,1760806948,1760807258,310,0.4,0.25,BUY No @0.6000,BUY Yes @0.2500,9.0,8.0,0.0,1.0,0.0,1.0,2026-04-01 10:00:53+00,2026-01-01 09:47:31+00
W600,a,date,israeli-parliament-dissolved-by-october-31,Israeli parliament dissolved by...?,152,604675,604674,Israeli parliament dissolved by March 31?,Israeli parliament dissolved by December 31?,2025-11-26,1764187401,1764187401,1764187387,14,0.16000000000000003,0.0599999865,BUY No @0.8400,BUY Yes @0.0600,5.952375,66.666665,0.0,1.0,0.0,1.0,2026-04-01 10:00:53+00,2026-01-01 09:47:31+00
W600,a,date,israeli-parliament-dissolved-by-october-31,Israeli parliament dissolved by...?,152,604675,604674,Israeli parliament dissolved by March 31?,Israeli parliament dissolved by December 31?,2025-12-01,1764629856,1764629844,1764629856,12,0.31000000000000005,0.0706121188,BUY No @0.6900,BUY Yes @0.0706,28.0,28.32375,0.0,1.0,0.0,1.0,2026-04-01 10:00:53+00,2026-01-01 09:47:31+00
W600,a,date,israeli-parliament-dissolved-by-october-31,Israeli parliament dissolved by...?,152,604675,604674,Israeli parliament dissolved by March 31?,Israeli parliament dissolved by December 31?,2025-12-05,1764968929,1764968785,1764968929,144,0.1803378378,0.06000000000000005,BUY No @0.8197,SELL No @0.9400,148.0,189.0,0.0,1.0,0.0,1.0,2026-04-01 10:00:53+00,2026-01-01 09:47:31+00
W600,a,date,israeli-parliament-dissolved-by-october-31,Israeli parliament dissolved by...?,152,604675,604674,Israeli parliament dissolved by March 31?,Israeli parliament dissolved by December 31?,2025-12-10,1765383138,1765383138,1765382972,166,0.25,0.047279884800000005,SELL Yes @0.2500,SELL No @0.9527,13.69,41.66,0.0,1.0,0.0,1.0,2026-04-01 10:00:53+00,2026-01-01 09:47:31+00
W600,a,date,israeli-parliament-dissolved-by-october-31,Israeli parliament dissolved by...?,152,604675,604674,Israeli parliament dissolved by March 31?,Israeli parliament dissolved by December 31?,2025-12-15,1765807303,1765806869,1765807303,434,0.19999999999999996,0.017000000000000015,BUY No @0.8000,SELL No @0.9830,10.0,22.45,0.0,1.0,0.0,1.0,2026-04-01 10:00:53+00,2026-01-01 09:47:31+00
W600,a,date,israeli-parliament-dissolved-by-october-31,Israeli parliament dissolved by...?,152,604675,604674,Israeli parliament dissolved by March 31?,Israeli parliament dissolved by December 31?,2025-12-24,1766566465,1766566165,1766566465,300,0.23,0.007,SELL Yes @0.2300,BUY Yes @0.0070,0.76,59.13,0.0,1.0,0.0,1.0,2026-04-01 10:00:53+00,2026-01-01 09:47:31+00
W600,a,date,israeli-parliament-dissolved-by-october-31,Israeli parliament dissolved by...?,152,604675,604674,Israeli parliament dissolved by March 31?,Israeli parliament dissolved by December 31?,2025-12-29,1767005927,1767005927,1767005919,8,0.34318878750000004,0.0040000000000000036,BUY No @0.6568,SELL No @0.9960,7.612536,7.29,0.0,1.0,0.0,1.0,2026-04-01 10:00:53+00,2026-01-01 09:47:31+00
W120,a,date,israeli-parliament-dissolved-by-october-31,Israeli parliament dissolved by...?,152,604675,604674,Israeli parliament dissolved by March 31?,Israeli parliament dissolved by December 31?,2025-11-26,1764187401,1764187401,1764187387,14,0.16000000000000003,0.0599999865,BUY No @0.8400,BUY Yes @0.0600,5.952375,66.666665,0.0,1.0,0.0,1.0,2026-04-01 10:00:53+00,2026-01-01 09:47:31+00
W120,a,date,israeli-parliament-dissolved-by-october-31,Israeli parliament dissolved by...?,152,604675,604674,Israeli parliament dissolved by March 31?,Israeli parliament dissolved by December 31?,2025-12-01,1764629856,1764629844,1764629856,12,0.31000000000000005,0.0706121188,BUY No @0.6900,BUY Yes @0.0706,28.0,28.32375,0.0,1.0,0.0,1.0,2026-04-01 10:00:53+00,2026-01-01 09:47:31+00
W120,a,date,israeli-parliament-dissolved-by-october-31,Israeli parliament dissolved by...?,152,604675,604674,Israeli parliament dissolved by March 31?,Israeli parliament dissolved by December 31?,2025-12-24,1766585745,1766585745,1766585743,2,0.3200000272,0.0151059807,BUY No @0.6800,BUY Yes @0.0151,7.35294,66.198946,0.0,1.0,0.0,1.0,2026-04-01 10:00:53+00,2026-01-01 09:47:31+00
W120,a,date,israeli-parliament-dissolved-by-october-31,Israeli parliament dissolved by...?,152,604675,604674,Israeli parliament dissolved by March 31?,Israeli parliament dissolved by December 31?,2025-12-29,1767005927,1767005927,1767005919,8,0.34318878750000004,0.0040000000000000036,BUY No @0.6568,SELL No @0.9960,7.612536,7.29,0.0,1.0,0.0,1.0,2026-04-01 10:00:53+00,2026-01-01 09:47:31+00
W600,b,date,jd-vance-diplomatic-meeting-with-iran-by,JD Vance diplomatic meeting with Iran by...?,153,1937572,1937573,JD Vance diplomatic meeting with Iran by April 12?,JD Vance diplomatic meeting with Iran by April 13?,2026-04-11,1775888371,1775888347,1775888371,24,0.9809424291,0.97,BUY No @0.0191,BUY Yes @0.9700,118.81,20.0,0.0,1.0,0.0,1.0,2026-04-11 18:09:07+00,2026-04-11 18:10:01+00
W120,b,date,jd-vance-diplomatic-meeting-with-iran-by,JD Vance diplomatic meeting with Iran by...?,153,1937572,1937573,JD Vance diplomatic meeting with Iran by April 12?,JD Vance diplomatic meeting with Iran by April 13?,2026-04-11,1775888371,1775888347,1775888371,24,0.9809424291,0.97,BUY No @0.0191,BUY Yes @0.9700,118.81,20.0,0.0,1.0,0.0,1.0,2026-04-11 18:09:07+00,2026-04-11 18:10:01+00
W600,b,date,jd-vance-diplomatic-meeting-with-iran-by,JD Vance diplomatic meeting with Iran by...?,153,1937573,1937574,JD Vance diplomatic meeting with Iran by April 13?,JD Vance diplomatic meeting with Iran by April 14?,2026-04-10,1775861355,1775861355,1775861273,82,0.9745338768,0.9664539175,BUY No @0.0255,BUY Yes @0.9665,196.339229,413.884185,0.0,1.0,0.0,1.0,2026-04-11 18:10:01+00,2026-04-11 18:10:09+00
W600,b,date,jd-vance-diplomatic-meeting-with-iran-by,JD Vance diplomatic meeting with Iran by...?,153,1937573,1937574,JD Vance diplomatic meeting with Iran by April 13?,JD Vance diplomatic meeting with Iran by April 14?,2026-04-11,1775898595,1775898571,1775898595,24,0.969,0.953,SELL Yes @0.9690,SELL No @0.0470,5.0,4.56,0.0,1.0,0.0,1.0,2026-04-11 18:10:01+00,2026-04-11 18:10:09+00
W120,b,date,jd-vance-diplomatic-meeting-with-iran-by,JD Vance diplomatic meeting with Iran by...?,153,1937573,1937574,JD Vance diplomatic meeting with Iran by April 13?,JD Vance diplomatic meeting with Iran by April 14?,2026-04-10,1775861355,1775861355,1775861273,82,0.9745338768,0.9664539175,BUY No @0.0255,BUY Yes @0.9665,196.339229,413.884185,0.0,1.0,0.0,1.0,2026-04-11 18:10:01+00,2026-04-11 18:10:09+00
W120,b,date,jd-vance-diplomatic-meeting-with-iran-by,JD Vance diplomatic meeting with Iran by...?,153,1937573,1937574,JD Vance diplomatic meeting with Iran by April 13?,JD Vance diplomatic meeting with Iran by April 14?,2026-04-11,1775898595,1775898571,1775898595,24,0.969,0.953,SELL Yes @0.9690,SELL No @0.0470,5.0,4.56,0.0,1.0,0.0,1.0,2026-04-11 18:10:01+00,2026-04-11 18:10:09+00
W600,b,date,jd-vance-diplomatic-meeting-with-iran-by,JD Vance diplomatic meeting with Iran by...?,153,1937574,1937593,JD Vance diplomatic meeting with Iran by April 14?,JD Vance diplomatic meeting with Iran by April 15?,2026-04-10,1775844811,1775844811,1775844727,84,0.966,0.9494,BUY No @0.0340,SELL No @0.0506,12.5,100.0,0.0,1.0,0.0,1.0,2026-04-11 18:10:09+00,2026-04-11 18:10:05+00
W120,b,date,jd-vance-diplomatic-meeting-with-iran-by,JD Vance diplomatic meeting with Iran by...?,153,1937574,1937593,JD Vance diplomatic meeting with Iran by April 14?,JD Vance diplomatic meeting with Iran by April 15?,2026-04-10,1775844811,1775844811,1775844727,84,0.966,0.9494,BUY No @0.0340,SELL No @0.0506,12.5,100.0,0.0,1.0,0.0,1.0,2026-04-11 18:10:09+00,2026-04-11 18:10:05+00
W600,b,strike,what-price-will-hyperliquid-hit-before-2027,What price will Hyperliquid hit in 2026?,157,701733,701734,"Will Hyperliquid reach $50 by December 31, 2026?","Will Hyperliquid reach $46 by December 31, 2026?",2026-05-08,1778216582,1778216582,1778216582,0,0.83,0.8049999964,BUY No @0.1700,BUY Yes @0.8050,33.0,32.993784,0.07,1.0,0.07,1.0,2026-05-20 14:42:21+00,2026-05-15 05:27:31+00
W120,b,strike,what-price-will-hyperliquid-hit-before-2027,What price will Hyperliquid hit in 2026?,157,701733,701734,"Will Hyperliquid reach $50 by December 31, 2026?","Will Hyperliquid reach $46 by December 31, 2026?",2026-05-08,1778216582,1778216582,1778216582,0,0.83,0.8049999964,BUY No @0.1700,BUY Yes @0.8050,33.0,32.993784,0.07,1.0,0.07,1.0,2026-05-20 14:42:21+00,2026-05-15 05:27:31+00
W600,b,date,gpt-6-released-by,GPT-6 released by…?,160,3584200,3584209,"Will GPT-6 be released by October 31, 2026?","Will GPT-6 be released by November 30, 2026?",2026-08-30,1788077751,1788077751,1788077751,0,0.6799999999999999,0.65,BUY No @0.3200,BUY Yes @0.6500,9.0,0.54,0.04,1.0,0.04,1.0,2026-09-04 22:44:58+00,2026-09-04 22:44:31+00
W600,b,date,gpt-6-released-by,GPT-6 released by…?,160,3584200,3584209,"Will GPT-6 be released by October 31, 2026?","Will GPT-6 be released by November 30, 2026?",2026-09-02,1788365883,1788365883,1788365883,0,0.6200000049000001,0.5822411765,BUY No @0.3800,BUY Yes @0.5822,89.815788,51.0,0.04,1.0,0.04,1.0,2026-09-04 22:44:58+00,2026-09-04 22:44:31+00
W120,b,date,gpt-6-released-by,GPT-6 released by…?,160,3584200,3584209,"Will GPT-6 be released by October 31, 2026?","Will GPT-6 be released by November 30, 2026?",2026-08-30,1788077751,1788077751,1788077751,0,0.6799999999999999,0.65,BUY No @0.3200,BUY Yes @0.6500,9.0,0.54,0.04,1.0,0.04,1.0,2026-09-04 22:44:58+00,2026-09-04 22:44:31+00
W120,b,date,gpt-6-released-by,GPT-6 released by…?,160,3584200,3584209,"Will GPT-6 be released by October 31, 2026?","Will GPT-6 be released by November 30, 2026?",2026-09-02,1788365883,1788365883,1788365883,0,0.6200000049000001,0.5822411765,BUY No @0.3800,BUY Yes @0.5822,89.815788,51.0,0.04,1.0,0.04,1.0,2026-09-04 22:44:58+00,2026-09-04 22:44:31+00
W600,b,date,deepseek-v4-released-by-march-31,DeepSeek V4 released by...?,168,2060040,2060039,DeepSeek V4 released by April 26?,DeepSeek V4 released by April 28?,2026-04-23,1776999378,1776999378,1776999378,0,0.8838710108,0.8730707781,BUY No @0.1161,BUY Yes @0.8731,19.633332,19.150791,0.0,1.0,0.0,1.0,2026-04-24 06:13:54+00,2026-04-24 06:23:48+00
W600,b,date,deepseek-v4-released-by-march-31,DeepSeek V4 released by...?,168,2060040,2060039,DeepSeek V4 released by April 26?,DeepSeek V4 released by April 28?,2026-04-24,1777003222,1777003088,1777003222,134,0.837,0.8046975089,BUY No @0.1630,BUY Yes @0.8047,58.5,281.0,0.0,1.0,0.0,1.0,2026-04-24 06:13:54+00,2026-04-24 06:23:48+00
W120,b,date,deepseek-v4-released-by-march-31,DeepSeek V4 released by...?,168,2060040,2060039,DeepSeek V4 released by April 26?,DeepSeek V4 released by April 28?,2026-04-23,1776999378,1776999378,1776999378,0,0.8838710108,0.8730707781,BUY No @0.1161,BUY Yes @0.8731,19.633332,19.150791,0.0,1.0,0.0,1.0,2026-04-24 06:13:54+00,2026-04-24 06:23:48+00
W120,b,date,deepseek-v4-released-by-march-31,DeepSeek V4 released by...?,168,2060040,2060039,DeepSeek V4 released by April 26?,DeepSeek V4 released by April 28?,2026-04-24,1777003272,1777003272,1777003222,50,0.835,0.8046975089,BUY No @0.1650,BUY Yes @0.8047,13.29,281.0,0.0,1.0,0.0,1.0,2026-04-24 06:13:54+00,2026-04-24 06:23:48+00
W600,a,strike,bitcoin-above-on-august-29,Bitcoin above ___ on August 29?,170,579944,579943,Bitcoin above $110K on August 29?,Bitcoin above $108K on August 29?,2025-08-24,1756064379,1756064147,1756064379,232,0.85,0.785,BUY No @0.1500,BUY Yes @0.7850,20.0,20.0,0.0,1.0,0.0,1.0,2025-08-29 18:10:17+00,2025-08-29 18:22:51+00
W120,a,strike,bitcoin-above-on-august-29,Bitcoin above ___ on August 29?,170,579944,579943,Bitcoin above $110K on August 29?,Bitcoin above $108K on August 29?,2025-08-24,1756064427,1756064427,1756064407,20,0.8600000425000001,0.846,BUY No @0.1400,SELL No @0.1540,19.285713,6.96,0.0,1.0,0.0,1.0,2025-08-29 18:10:17+00,2025-08-29 18:22:51+00
W600,a,strike,bitcoin-above-on-august-29,Bitcoin above ___ on August 29?,170,579945,579944,Bitcoin above $112K on August 29?,Bitcoin above $110K on August 29?,2025-08-24,1756064407,1756064147,1756064407,260,0.73,0.66,BUY No @0.2700,BUY Yes @0.6600,36.0,5000.0,0.0,1.0,0.0,1.0,2025-08-29 18:10:27+00,2025-08-29 18:10:17+00
W120,a,strike,bitcoin-above-on-august-29,Bitcoin above ___ on August 29?,170,579945,579944,Bitcoin above $112K on August 29?,Bitcoin above $110K on August 29?,2025-08-24,1756064433,1756064433,1756064407,26,0.73,0.66,BUY No @0.2700,BUY Yes @0.6600,36.0,5000.0,0.0,1.0,0.0,1.0,2025-08-29 18:10:27+00,2025-08-29 18:10:17+00
W600,a,strike,bitcoin-above-on-august-29,Bitcoin above ___ on August 29?,170,579946,579945,Bitcoin above $114K on August 29?,Bitcoin above $112K on August 29?,2025-08-24,1756064377,1756064145,1756064377,232,0.47,0.45999999999999996,BUY No @0.5300,SELL No @0.5400,20.0,20.0,0.0,1.0,0.0,1.0,2025-08-29 18:10:45+00,2025-08-29 18:10:27+00
W120,a,strike,bitcoin-above-on-august-29,Bitcoin above ___ on August 29?,170,579946,579945,Bitcoin above $114K on August 29?,Bitcoin above $112K on August 29?,2025-08-24,1756064427,1756064427,1756064399,28,0.49,0.42,BUY No @0.5100,BUY Yes @0.4200,20.0,100.0,0.0,1.0,0.0,1.0,2025-08-29 18:10:45+00,2025-08-29 18:10:27+00
W600,a,strike,bitcoin-above-on-august-29,Bitcoin above ___ on August 29?,170,579947,579946,Bitcoin above $116K on August 29?,Bitcoin above $114K on August 29?,2025-08-24,1756064481,1756064481,1756064473,8,0.31000000000000005,0.26,BUY No @0.6900,BUY Yes @0.2600,4500.0,20.0,0.0,1.0,0.0,1.0,2025-08-29 18:23:07+00,2025-08-29 18:10:45+00
W120,a,strike,bitcoin-above-on-august-29,Bitcoin above ___ on August 29?,170,579947,579946,Bitcoin above $116K on August 29?,Bitcoin above $114K on August 29?,2025-08-24,1756064481,1756064481,1756064473,8,0.31000000000000005,0.26,BUY No @0.6900,BUY Yes @0.2600,4500.0,20.0,0.0,1.0,0.0,1.0,2025-08-29 18:23:07+00,2025-08-29 18:10:45+00
W600,a,strike,ethereum-above-on-august-22,Ethereum above ___ on August 22?,176,576716,577726,Ethereum above $4400 on August 22?,Ethereum above $4200 on August 22?,2025-08-22,1755872224,1755872224,1755871688,536,0.97,0.96,SELL Yes @0.9700,SELL No @0.0400,440.0,100.0,0.0,1.0,0.0,1.0,2025-08-22 18:06:14+00,2025-08-22 18:06:12+00
W600,a,strike,ethereum-above-on-august-22,Ethereum above ___ on August 22?,176,576717,576716,Ethereum above $4500 on August 22?,Ethereum above $4400 on August 22?,2025-08-22,1755871494,1755871494,1755871486,8,0.17300000000000004,0.14,BUY No @0.8270,BUY Yes @0.1400,3190.0,3195.0,0.0,1.0,0.0,1.0,2025-08-22 18:05:18+00,2025-08-22 18:06:14+00
W120,a,strike,ethereum-above-on-august-22,Ethereum above ___ on August 22?,176,576717,576716,Ethereum above $4500 on August 22?,Ethereum above $4400 on August 22?,2025-08-22,1755871494,1755871494,1755871486,8,0.17300000000000004,0.14,BUY No @0.8270,BUY Yes @0.1400,3190.0,3195.0,0.0,1.0,0.0,1.0,2025-08-22 18:05:18+00,2025-08-22 18:06:14+00
W600,a,strike,ethereum-above-on-august-22,Ethereum above ___ on August 22?,176,576718,576717,Ethereum above $4600 on August 22?,Ethereum above $4500 on August 22?,2025-08-22,1755871550,1755871550,1755871550,0,0.05300000000000005,0.028,BUY No @0.9470,BUY Yes @0.0280,5.0,7.71,0.0,1.0,0.0,1.0,2025-08-22 18:06:14+00,2025-08-22 18:05:18+00
W120,a,strike,ethereum-above-on-august-22,Ethereum above ___ on August 22?,176,576718,576717,Ethereum above $4600 on August 22?,Ethereum above $4500 on August 22?,2025-08-22,1755871550,1755871550,1755871550,0,0.05300000000000005,0.028,BUY No @0.9470,BUY Yes @0.0280,5.0,7.71,0.0,1.0,0.0,1.0,2025-08-22 18:06:14+00,2025-08-22 18:05:18+00
W600,a,strike,ethereum-above-on-august-22,Ethereum above ___ on August 22?,176,576719,576718,Ethereum above $4700 on August 22?,Ethereum above $4600 on August 22?,2025-08-22,1755872262,1755872262,1755871970,292,0.19499999999999995,0.152,BUY No @0.8050,BUY Yes @0.1520,3190.0,3190.0,0.0,1.0,0.0,1.0,2025-08-22 18:02:12+00,2025-08-22 18:06:14+00
W600,a,strike,ethereum-above-on-august-22,Ethereum above ___ on August 22?,176,576720,576719,Ethereum above $4800 on August 22?,Ethereum above $4700 on August 22?,2025-08-22,1755872506,1755872506,1755872066,440,0.030000000000000027,0.018,BUY No @0.9700,BUY Yes @0.0180,5000.0,3.84,0.0,1.0,0.0,1.0,2025-08-22 18:11:10+00,2025-08-22 18:02:12+00
W600,b,date,openais-astra-released-by-20260801214557729,OpenAI’s Astra released by…?,191,4201770,4201769,"Will OpenAI’s Astra model be released by September 6, 2026?","Will OpenAI’s Astra model be released by September 8, 2026?",2026-09-04,1788547341,1788547341,1788547170,171,0.8,0.75,SELL Yes @0.8000,BUY Yes @0.7500,12.98,5.0,0.04,1.0,0.04,1.0,2026-09-04 22:06:33+00,2026-09-04 22:06:33+00
W120,b,date,openais-astra-released-by-20260801214557729,OpenAI’s Astra released by…?,191,4201770,4201769,"Will OpenAI’s Astra model be released by September 6, 2026?","Will OpenAI’s Astra model be released by September 8, 2026?",2026-09-04,1788547407,1788547407,1788547347,60,0.92,0.91,BUY No @0.0800,BUY Yes @0.9100,12.5,6.28,0.04,1.0,0.04,1.0,2026-09-04 22:06:33+00,2026-09-04 22:06:33+00
W600,b,strike,fifwc-arg-cvi-2026-07-03-player-props,Argentina vs. Cabo Verde - Player Props,204,2782263,2782262,Lautaro Martínez: 2+ assists,Lautaro Martínez: 1+ assists,2026-07-03,1783118933,1783118929,1783118933,4,0.12,0.11,BUY No @0.8800,BUY Yes @0.1100,61.0,97.08,0.03,1.0,0.03,1.0,2026-07-04 00:55:56+00,2026-07-04 00:58:28+00
W120,b,strike,fifwc-arg-cvi-2026-07-03-player-props,Argentina vs. Cabo Verde - Player Props,204,2782263,2782262,Lautaro Martínez: 2+ assists,Lautaro Martínez: 1+ assists,2026-07-03,1783118933,1783118929,1783118933,4,0.12,0.11,BUY No @0.8800,BUY Yes @0.1100,61.0,97.08,0.03,1.0,0.03,1.0,2026-07-04 00:55:56+00,2026-07-04 00:58:28+00
W600,a,strike,how-high-will-inflation-get-in-2025,How high will inflation get in 2025?,215,522149,522148,Will inflation reach more than 8% in 2025?,Will inflation reach more than 6% in 2025?,2025-10-13,1760358159,1760358159,1760358125,34,0.02300000000000002,0.02292879999999997,BUY No @0.9770,SELL No @0.9771,200.0,50.0,0.0,1.0,0.0,1.0,2026-01-13 15:41:11+00,2026-01-13 16:05:57+00
W120,a,strike,how-high-will-inflation-get-in-2025,How high will inflation get in 2025?,215,522149,522148,Will inflation reach more than 8% in 2025?,Will inflation reach more than 6% in 2025?,2025-10-13,1760358159,1760358159,1760358125,34,0.02300000000000002,0.02292879999999997,BUY No @0.9770,SELL No @0.9771,200.0,50.0,0.0,1.0,0.0,1.0,2026-01-13 15:41:11+00,2026-01-13 16:05:57+00
W600,a,strike,how-high-will-inflation-get-in-2025,How high will inflation get in 2025?,215,522150,522149,Will inflation reach more than 10% in 2025?,Will inflation reach more than 8% in 2025?,2025-08-05,1754443737,1754443737,1754443655,82,0.036,0.03500000000000003,SELL Yes @0.0360,SELL No @0.9650,123.0,21.23,0.0,1.0,0.0,1.0,2026-01-13 15:39:07+00,2026-01-13 15:41:11+00
W600,a,strike,how-high-will-inflation-get-in-2025,How high will inflation get in 2025?,215,522150,522149,Will inflation reach more than 10% in 2025?,Will inflation reach more than 8% in 2025?,2025-08-07,1754583279,1754583279,1754582925,354,0.03600000000000003,0.035,BUY No @0.9640,BUY Yes @0.0350,7.0,59.0,0.0,1.0,0.0,1.0,2026-01-13 15:39:07+00,2026-01-13 15:41:11+00
W120,a,strike,how-high-will-inflation-get-in-2025,How high will inflation get in 2025?,215,522150,522149,Will inflation reach more than 10% in 2025?,Will inflation reach more than 8% in 2025?,2025-08-05,1754443737,1754443737,1754443655,82,0.036,0.03500000000000003,SELL Yes @0.0360,SELL No @0.9650,123.0,21.23,0.0,1.0,0.0,1.0,2026-01-13 15:39:07+00,2026-01-13 15:41:11+00
W120,a,strike,how-high-will-inflation-get-in-2025,How high will inflation get in 2025?,215,522150,522149,Will inflation reach more than 10% in 2025?,Will inflation reach more than 8% in 2025?,2025-08-07,1754586671,1754586671,1754586611,60,0.036,0.03500000000000003,SELL Yes @0.0360,SELL No @0.9650,249.0,5.0,0.0,1.0,0.0,1.0,2026-01-13 15:39:07+00,2026-01-13 15:41:11+00
W600,a,date,reconciliation-bill-passed-by,Reconciliation bill passed by...?,235,558010,555432,Will reconciliation bill be passed by July 3?,Will reconciliation bill be passed by July 4?,2025-06-30,1751331091,1751330510,1751331091,581,0.35,0.32,SELL Yes @0.3500,BUY Yes @0.3200,500.0,83.0,0.0,1.0,0.0,1.0,2025-07-03 20:57:29+00,2025-07-03 20:57:29+00
W600,a,date,reconciliation-bill-passed-by,Reconciliation bill passed by...?,235,558010,555432,Will reconciliation bill be passed by July 3?,Will reconciliation bill be passed by July 4?,2025-07-02,1751493359,1751493359,1751492909,450,0.69,0.689202494,BUY No @0.3100,BUY Yes @0.6892,10.0,435.285713,0.0,1.0,0.0,1.0,2025-07-03 20:57:29+00,2025-07-03 20:57:29+00
W600,a,date,reconciliation-bill-passed-by,Reconciliation bill passed by...?,235,558010,555432,Will reconciliation bill be passed by July 3?,Will reconciliation bill be passed by July 4?,2025-07-03,1751536636,1751536179,1751536636,457,0.865749203,0.85,SELL Yes @0.8657,SELL No @0.1500,470.5,20.0,0.0,1.0,0.0,1.0,2025-07-03 20:57:29+00,2025-07-03 20:57:29+00
W600,a,date,reconciliation-bill-passed-by,Reconciliation bill passed by...?,235,555432,558009,Will reconciliation bill be passed by July 4?,Will reconciliation bill be passed by July 5?,2025-07-01,1751379847,1751379847,1751379683,164,0.5286538462,0.5235000000000001,BUY No @0.4713,SELL No @0.4765,52.0,300.0,0.0,1.0,0.0,1.0,2025-07-03 20:57:29+00,2025-07-03 20:57:31+00
W600,a,date,reconciliation-bill-passed-by,Reconciliation bill passed by...?,235,555432,558009,Will reconciliation bill be passed by July 4?,Will reconciliation bill be passed by July 5?,2025-07-02,1751506305,1751506305,1751506303,2,0.79,0.7870228829,SELL Yes @0.7900,BUY Yes @0.7870,44.0,588.826587,0.0,1.0,0.0,1.0,2025-07-03 20:57:29+00,2025-07-03 20:57:31+00
W600,a,date,reconciliation-bill-passed-by,Reconciliation bill passed by...?,235,555432,558009,Will reconciliation bill be passed by July 4?,Will reconciliation bill be passed by July 5?,2025-07-03,1751521222,1751521222,1751521222,0,0.7100000556,0.67,BUY No @0.2900,BUY Yes @0.6700,10.068964,9.36,0.0,1.0,0.0,1.0,2025-07-03 20:57:29+00,2025-07-03 20:57:31+00
W120,a,date,reconciliation-bill-passed-by,Reconciliation bill passed by...?,235,555432,558009,Will reconciliation bill be passed by July 4?,Will reconciliation bill be passed by July 5?,2025-07-02,1751506305,1751506305,1751506303,2,0.79,0.7870228829,SELL Yes @0.7900,BUY Yes @0.7870,44.0,588.826587,0.0,1.0,0.0,1.0,2025-07-03 20:57:29+00,2025-07-03 20:57:31+00
W120,a,date,reconciliation-bill-passed-by,Reconciliation bill passed by...?,235,555432,558009,Will reconciliation bill be passed by July 4?,Will reconciliation bill be passed by July 5?,2025-07-03,1751521222,1751521222,1751521222,0,0.7100000556,0.67,BUY No @0.2900,BUY Yes @0.6700,10.068964,9.36,0.0,1.0,0.0,1.0,2025-07-03 20:57:29+00,2025-07-03 20:57:31+00
W600,a,date,reconciliation-bill-passed-by,Reconciliation bill passed by...?,236,541058,541059,Will reconciliation bill be passed by July 31? ,Will reconciliation bill be passed by August 31? ,2025-05-06,1746527198,1746527198,1746526862,336,0.6461920892999999,0.49,BUY No @0.3538,SELL No @0.5100,820.66,30.0,0.0,1.0,0.0,1.0,2025-07-03 20:57:33+00,2025-07-03 20:57:31+00
W600,a,strike,measles-cases-in-us-before-2026,Measles cases in U.S. before 2026?,251,561972,561971,Will there be at least 1700 measles cases in the U.S. in 2025?,Will there be at least 1600 measles cases in the U.S. in 2025?,2025-08-21,1755803655,1755803499,1755803655,156,0.36,0.35,BUY No @0.6400,SELL No @0.6500,54.4,110.0,0.0,1.0,0.0,1.0,2025-11-13 17:41:06+00,2025-10-22 15:39:38+00
W600,b,strike,fifwc-esp-bel-2026-07-10-player-props,Spain vs. Belgium - Player Props,259,2847107,2847106,Youri Tielemans: 2+ shots,Youri Tielemans: 1+ shots,2026-07-10,1783709012,1783709012,1783709012,0,0.3300000351,0.31,BUY No @0.6700,BUY Yes @0.3100,8.820893,8.69,0.03,1.0,0.03,1.0,2026-07-10 21:34:16+00,2026-07-10 21:33:14+00
W120,b,strike,fifwc-esp-bel-2026-07-10-player-props,Spain vs. Belgium - Player Props,259,2847107,2847106,Youri Tielemans: 2+ shots,Youri Tielemans: 1+ shots,2026-07-10,1783709012,1783709012,1783709012,0,0.3300000351,0.31,BUY No @0.6700,BUY Yes @0.3100,8.820893,8.69,0.03,1.0,0.03,1.0,2026-07-10 21:34:16+00,2026-07-10 21:33:14+00
W600,b,strike,standx-fdv-above-one-day-after-launch,StandX FDV above ___ one day after launch?,264,1370033,2831225,StandX FDV above $200M one day after launch?,StandX FDV above $50M one day after launch?,2026-07-08,1783500892,1783500892,1783500892,0,0.6200000213,0.53,BUY No @0.3800,BUY Yes @0.5300,22.578946,22.0,0.07,1.0,0.07,1.0,,
W120,b,strike,standx-fdv-above-one-day-after-launch,StandX FDV above ___ one day after launch?,264,1370033,2831225,StandX FDV above $200M one day after launch?,StandX FDV above $50M one day after launch?,2026-07-08,1783500892,1783500892,1783500892,0,0.6200000213,0.53,BUY No @0.3800,BUY Yes @0.5300,22.578946,22.0,0.07,1.0,0.07,1.0,,
W600,b,date,next-mythos-class-model-released-by,Next Mythos-Class Model released by…?,266,4054581,3949523,"Next Mythos-Class Model released by September 3, 2026?","Next Mythos-Class Model released by September 7, 2026?",2026-09-01,1788283210,1788283210,1788282946,264,0.8100000691,0.7963214668,BUY No @0.1900,BUY Yes @0.7963,9.263156,86.4475,0.04,1.0,0.04,1.0,2026-09-01 20:19:07+00,2026-09-01 20:19:16+00
W600,a,date,fed-rate-cut-by-467,Fed rate cut by...?,276,563715,563712,Fed rate cut by December meeting?,Fed rate cut by July meeting?,2025-07-16,1752692152,1752691724,1752692152,428,0.86,0.039883261,SELL Yes @0.8600,BUY Yes @0.0399,1.14,125.365852,0.0,1.0,0.0,1.0,2025-09-17 20:21:00+00,2025-07-30 20:02:07+00
W600,a,date,fed-rate-cut-by-467,Fed rate cut by...?,276,563715,563712,Fed rate cut by December meeting?,Fed rate cut by July meeting?,2025-07-18,1752845054,1752844484,1752845054,570,0.83,0.045,BUY No @0.1700,BUY Yes @0.0450,783.65,2309.11111,0.0,1.0,0.0,1.0,2025-09-17 20:21:00+00,2025-07-30 20:02:07+00
W600,a,date,fed-rate-cut-by-467,Fed rate cut by...?,276,563714,563713,Fed rate cut by October meeting?,Fed rate cut by September meeting?,2025-07-16,1752693026,1752693004,1752693026,22,0.78,0.53,SELL Yes @0.7800,SELL No @0.4700,20.0,5.15,0.0,1.0,0.0,1.0,2025-09-17 20:28:12+00,2025-09-17 20:03:24+00
W600,a,date,fed-rate-cut-by-467,Fed rate cut by...?,276,563714,563713,Fed rate cut by October meeting?,Fed rate cut by September meeting?,2025-07-21,1753146009,1753145985,1753146009,24,0.6699999999999999,0.53,BUY No @0.3300,BUY Yes @0.5300,120.0,300.0,0.0,1.0,0.0,1.0,2025-09-17 20:28:12+00,2025-09-17 20:03:24+00
W600,a,date,fed-rate-cut-by-467,Fed rate cut by...?,276,563714,563713,Fed rate cut by October meeting?,Fed rate cut by September meeting?,2025-07-27,1753638223,1753638223,1753638097,126,0.68,0.57,SELL Yes @0.6800,BUY Yes @0.5700,5.0,6.0,0.0,1.0,0.0,1.0,2025-09-17 20:28:12+00,2025-09-17 20:03:24+00
W600,a,date,fed-rate-cut-by-467,Fed rate cut by...?,276,563714,563713,Fed rate cut by October meeting?,Fed rate cut by September meeting?,2025-08-03,1754234121,1754233777,1754234121,344,0.8300000423,0.8,BUY No @0.1700,BUY Yes @0.8000,16.52941,20.0,0.0,1.0,0.0,1.0,2025-09-17 20:28:12+00,2025-09-17 20:03:24+00
W600,a,date,fed-rate-cut-by-467,Fed rate cut by...?,276,563714,563713,Fed rate cut by October meeting?,Fed rate cut by September meeting?,2025-08-04,1754348641,1754348101,1754348641,540,0.87,0.81,SELL Yes @0.8700,BUY Yes @0.8100,12.69,30.0,0.0,1.0,0.0,1.0,2025-09-17 20:28:12+00,2025-09-17 20:03:24+00
W600,a,date,fed-rate-cut-by-467,Fed rate cut by...?,276,563714,563713,Fed rate cut by October meeting?,Fed rate cut by September meeting?,2025-08-05,1754419241,1754419241,1754419231,10,0.86,0.8200000000000001,SELL Yes @0.8600,SELL No @0.1800,304.55,12.77,0.0,1.0,0.0,1.0,2025-09-17 20:28:12+00,2025-09-17 20:03:24+00
W600,a,date,fed-rate-cut-by-467,Fed rate cut by...?,276,563714,563713,Fed rate cut by October meeting?,Fed rate cut by September meeting?,2025-08-14,1755176400,1755176278,1755176400,122,0.91,0.84,SELL Yes @0.9100,SELL No @0.1600,121.1,357.14,0.0,1.0,0.0,1.0,2025-09-17 20:28:12+00,2025-09-17 20:03:24+00
W600,a,date,fed-rate-cut-by-467,Fed rate cut by...?,276,563714,563713,Fed rate cut by October meeting?,Fed rate cut by September meeting?,2025-08-17,1755437978,1755437978,1755437430,548,0.87,0.76,BUY No @0.1300,SELL No @0.2400,800.0,476.04,0.0,1.0,0.0,1.0,2025-09-17 20:28:12+00,2025-09-17 20:03:24+00
W600,a,date,fed-rate-cut-by-467,Fed rate cut by...?,276,563714,563713,Fed rate cut by October meeting?,Fed rate cut by September meeting?,2025-08-19,1755649087,1755649087,1755648677,410,0.84,0.7299998102,BUY No @0.1600,BUY Yes @0.7300,125.0,1.369862,0.0,1.0,0.0,1.0,2025-09-17 20:28:12+00,2025-09-17 20:03:24+00
W600,a,date,fed-rate-cut-by-467,Fed rate cut by...?,276,563714,563713,Fed rate cut by October meeting?,Fed rate cut by September meeting?,2025-08-20,1755714373,1755714073,1755714373,300,0.7600001439999999,0.7,BUY No @0.2400,BUY Yes @0.7000,4.166665,30.0,0.0,1.0,0.0,1.0,2025-09-17 20:28:12+00,2025-09-17 20:03:24+00
W600,a,date,fed-rate-cut-by-467,Fed rate cut by...?,276,563714,563713,Fed rate cut by October meeting?,Fed rate cut by September meeting?,2025-08-22,1755878488,1755878488,1755878474,14,0.89,0.8599995911,SELL Yes @0.8900,BUY Yes @0.8600,5.83,1.418603,0.0,1.0,0.0,1.0,2025-09-17 20:28:12+00,2025-09-17 20:03:24+00
W600,a,date,fed-rate-cut-by-467,Fed rate cut by...?,276,563714,563713,Fed rate cut by October meeting?,Fed rate cut by September meeting?,2025-08-26,1756237853,1756237853,1756237843,10,0.8900000968,0.8299992198,BUY No @0.1100,BUY Yes @0.8300,9.090908,1.204818,0.0,1.0,0.0,1.0,2025-09-17 20:28:12+00,2025-09-17 20:03:24+00
W600,a,date,fed-rate-cut-by-467,Fed rate cut by...?,276,563714,563713,Fed rate cut by October meeting?,Fed rate cut by September meeting?,2025-08-27,1756309039,1756309039,1756309035,4,0.8900000062,0.8399999966,BUY No @0.1100,BUY Yes @0.8400,136.363635,11.904756,0.0,1.0,0.0,1.0,2025-09-17 20:28:12+00,2025-09-17 20:03:24+00
W600,a,date,fed-rate-cut-by-467,Fed rate cut by...?,276,563714,563713,Fed rate cut by October meeting?,Fed rate cut by September meeting?,2025-09-06,1757154888,1757154888,1757154882,6,0.983,0.976999999,SELL Yes @0.9830,BUY Yes @0.9770,11.0,8.188304,0.0,1.0,0.0,1.0,2025-09-17 20:28:12+00,2025-09-17 20:03:24+00
W600,a,date,fed-rate-cut-by-467,Fed rate cut by...?,276,563714,563713,Fed rate cut by October meeting?,Fed rate cut by September meeting?,2025-09-07,1757256798,1757256422,1757256798,376,0.9896809673,0.967,BUY No @0.0103,SELL No @0.0330,193.81652,83.33,0.0,1.0,0.0,1.0,2025-09-17 20:28:12+00,2025-09-17 20:03:24+00
W600,a,date,fed-rate-cut-by-467,Fed rate cut by...?,276,563714,563713,Fed rate cut by October meeting?,Fed rate cut by September meeting?,2025-09-11,1757600229,1757599785,1757600229,444,0.98,0.973,BUY No @0.0200,BUY Yes @0.9730,233.1,194.85,0.0,1.0,0.0,1.0,2025-09-17 20:28:12+00,2025-09-17 20:03:24+00
W600,a,date,fed-rate-cut-by-467,Fed rate cut by...?,276,563714,563713,Fed rate cut by October meeting?,Fed rate cut by September meeting?,2025-09-12,1757667145,1757667145,1757667055,90,0.983,0.974,SELL Yes @0.9830,SELL No @0.0260,64.07,29.41,0.0,1.0,0.0,1.0,2025-09-17 20:28:12+00,2025-09-17 20:03:24+00
W600,a,date,fed-rate-cut-by-467,Fed rate cut by...?,276,563714,563713,Fed rate cut by October meeting?,Fed rate cut by September meeting?,2025-09-15,1757934648,1757934648,1757934284,364,0.9830000041,0.9779999928,BUY No @0.0170,BUY Yes @0.9780,235.294116,105.74642,0.0,1.0,0.0,1.0,2025-09-17 20:28:12+00,2025-09-17 20:03:24+00
W600,a,date,fed-rate-cut-by-467,Fed rate cut by...?,276,563714,563713,Fed rate cut by October meeting?,Fed rate cut by September meeting?,2025-09-16,1758009624,1758009380,1758009624,244,0.9840146121,0.974,BUY No @0.0160,BUY Yes @0.9740,967.69,500.0,0.0,1.0,0.0,1.0,2025-09-17 20:28:12+00,2025-09-17 20:03:24+00
W600,a,date,fed-rate-cut-by-467,Fed rate cut by...?,276,563714,563713,Fed rate cut by October meeting?,Fed rate cut by September meeting?,2025-09-17,1758128290,1758128200,1758128290,90,0.9896226414,0.975,BUY No @0.0104,BUY Yes @0.9750,96.363635,100.0,0.0,1.0,0.0,1.0,2025-09-17 20:28:12+00,2025-09-17 20:03:24+00
W120,a,date,fed-rate-cut-by-467,Fed rate cut by...?,276,563714,563713,Fed rate cut by October meeting?,Fed rate cut by September meeting?,2025-07-16,1752693026,1752693004,1752693026,22,0.78,0.53,SELL Yes @0.7800,SELL No @0.4700,20.0,5.15,0.0,1.0,0.0,1.0,2025-09-17 20:28:12+00,2025-09-17 20:03:24+00
W120,a,date,fed-rate-cut-by-467,Fed rate cut by...?,276,563714,563713,Fed rate cut by October meeting?,Fed rate cut by September meeting?,2025-07-21,1753146009,1753145985,1753146009,24,0.6699999999999999,0.53,BUY No @0.3300,BUY Yes @0.5300,120.0,300.0,0.0,1.0,0.0,1.0,2025-09-17 20:28:12+00,2025-09-17 20:03:24+00
W120,a,date,fed-rate-cut-by-467,Fed rate cut by...?,276,563714,563713,Fed rate cut by October meeting?,Fed rate cut by September meeting?,2025-08-05,1754419241,1754419241,1754419231,10,0.86,0.8200000000000001,SELL Yes @0.8600,SELL No @0.1800,304.55,12.77,0.0,1.0,0.0,1.0,2025-09-17 20:28:12+00,2025-09-17 20:03:24+00
W120,a,date,fed-rate-cut-by-467,Fed rate cut by...?,276,563714,563713,Fed rate cut by October meeting?,Fed rate cut by September meeting?,2025-08-22,1755878488,1755878488,1755878474,14,0.89,0.8599995911,SELL Yes @0.8900,BUY Yes @0.8600,5.83,1.418603,0.0,1.0,0.0,1.0,2025-09-17 20:28:12+00,2025-09-17 20:03:24+00
W120,a,date,fed-rate-cut-by-467,Fed rate cut by...?,276,563714,563713,Fed rate cut by October meeting?,Fed rate cut by September meeting?,2025-08-26,1756237853,1756237853,1756237843,10,0.8900000968,0.8299992198,BUY No @0.1100,BUY Yes @0.8300,9.090908,1.204818,0.0,1.0,0.0,1.0,2025-09-17 20:28:12+00,2025-09-17 20:03:24+00
W120,a,date,fed-rate-cut-by-467,Fed rate cut by...?,276,563714,563713,Fed rate cut by October meeting?,Fed rate cut by September meeting?,2025-08-27,1756309039,1756309039,1756309035,4,0.8900000062,0.8399999966,BUY No @0.1100,BUY Yes @0.8400,136.363635,11.904756,0.0,1.0,0.0,1.0,2025-09-17 20:28:12+00,2025-09-17 20:03:24+00
W120,a,date,fed-rate-cut-by-467,Fed rate cut by...?,276,563714,563713,Fed rate cut by October meeting?,Fed rate cut by September meeting?,2025-09-06,1757154888,1757154888,1757154882,6,0.983,0.976999999,SELL Yes @0.9830,BUY Yes @0.9770,11.0,8.188304,0.0,1.0,0.0,1.0,2025-09-17 20:28:12+00,2025-09-17 20:03:24+00
W120,a,date,fed-rate-cut-by-467,Fed rate cut by...?,276,563714,563713,Fed rate cut by October meeting?,Fed rate cut by September meeting?,2025-09-11,1757605421,1757605421,1757605373,48,0.982,0.972,BUY No @0.0180,BUY Yes @0.9720,194.44,5.144,0.0,1.0,0.0,1.0,2025-09-17 20:28:12+00,2025-09-17 20:03:24+00
W120,a,date,fed-rate-cut-by-467,Fed rate cut by...?,276,563714,563713,Fed rate cut by October meeting?,Fed rate cut by September meeting?,2025-09-12,1757667145,1757667145,1757667055,90,0.983,0.974,SELL Yes @0.9830,SELL No @0.0260,64.07,29.41,0.0,1.0,0.0,1.0,2025-09-17 20:28:12+00,2025-09-17 20:03:24+00
W120,a,date,fed-rate-cut-by-467,Fed rate cut by...?,276,563714,563713,Fed rate cut by October meeting?,Fed rate cut by September meeting?,2025-09-17,1758128290,1758128200,1758128290,90,0.9896226414,0.975,BUY No @0.0104,BUY Yes @0.9750,96.363635,100.0,0.0,1.0,0.0,1.0,2025-09-17 20:28:12+00,2025-09-17 20:03:24+00
W600,b,date,next-google-gemini-pro-model-released-byptptpt,Next Google Gemini Pro Model released by...?,278,2414227,2414228,"Will the next Google Gemini Pro model be released by June 19, 2026?","Will the next Google Gemini Pro model be released by June 26, 2026?",2026-06-01,1780366298,1780366298,1780366298,0,0.8635714286,0.8499999963,BUY No @0.1364,BUY Yes @0.8500,14.0,13.635293,0.04,1.0,0.04,1.0,2026-06-20 06:19:01+00,2026-06-27 06:06:05+00
W600,b,date,next-google-gemini-pro-model-released-byptptpt,Next Google Gemini Pro Model released by...?,278,2414227,2414228,"Will the next Google Gemini Pro model be released by June 19, 2026?","Will the next Google Gemini Pro model be released by June 26, 2026?",2026-06-02,1780413423,1780413423,1780413423,0,0.640000028,0.62,BUY No @0.3600,BUY Yes @0.6200,19.972221,19.0,0.04,1.0,0.04,1.0,2026-06-20 06:19:01+00,2026-06-27 06:06:05+00
W120,b,date,next-google-gemini-pro-model-released-byptptpt,Next Google Gemini Pro Model released by...?,278,2414227,2414228,"Will the next Google Gemini Pro model be released by June 19, 2026?","Will the next Google Gemini Pro model be released by June 26, 2026?",2026-06-01,1780366298,1780366298,1780366298,0,0.8635714286,0.8499999963,BUY No @0.1364,BUY Yes @0.8500,14.0,13.635293,0.04,1.0,0.04,1.0,2026-06-20 06:19:01+00,2026-06-27 06:06:05+00
W120,b,date,next-google-gemini-pro-model-released-byptptpt,Next Google Gemini Pro Model released by...?,278,2414227,2414228,"Will the next Google Gemini Pro model be released by June 19, 2026?","Will the next Google Gemini Pro model be released by June 26, 2026?",2026-06-02,1780413423,1780413423,1780413423,0,0.640000028,0.62,BUY No @0.3600,BUY Yes @0.6200,19.972221,19.0,0.04,1.0,0.04,1.0,2026-06-20 06:19:01+00,2026-06-27 06:06:05+00
W600,b,date,next-google-gemini-pro-model-released-byptptpt,Next Google Gemini Pro Model released by...?,278,2698662,2698663,"Will the next Google Gemini Pro model be released by July 17, 2026?","Will the next Google Gemini Pro model be released by July 24, 2026?",2026-06-28,1782637142,1782637142,1782637142,0,0.26,0.2,BUY No @0.7400,BUY Yes @0.2000,5.0,5.0,0.04,1.0,0.04,1.0,2026-07-18 06:02:12+00,2026-07-25 06:02:12+00
W600,b,date,next-google-gemini-pro-model-released-byptptpt,Next Google Gemini Pro Model released by...?,278,2698662,2698663,"Will the next Google Gemini Pro model be released by July 17, 2026?","Will the next Google Gemini Pro model be released by July 24, 2026?",2026-06-30,1782824290,1782824290,1782824290,0,0.41983341139999997,0.38,BUY No @0.5802,BUY Yes @0.3800,5.084743,5.0,0.04,1.0,0.04,1.0,2026-07-18 06:02:12+00,2026-07-25 06:02:12+00
W120,b,date,next-google-gemini-pro-model-released-byptptpt,Next Google Gemini Pro Model released by...?,278,2698662,2698663,"Will the next Google Gemini Pro model be released by July 17, 2026?","Will the next Google Gemini Pro model be released by July 24, 2026?",2026-06-28,1782637142,1782637142,1782637142,0,0.26,0.2,BUY No @0.7400,BUY Yes @0.2000,5.0,5.0,0.04,1.0,0.04,1.0,2026-07-18 06:02:12+00,2026-07-25 06:02:12+00
W120,b,date,next-google-gemini-pro-model-released-byptptpt,Next Google Gemini Pro Model released by...?,278,2698662,2698663,"Will the next Google Gemini Pro model be released by July 17, 2026?","Will the next Google Gemini Pro model be released by July 24, 2026?",2026-06-30,1782824290,1782824290,1782824290,0,0.41983341139999997,0.38,BUY No @0.5802,BUY Yes @0.3800,5.084743,5.0,0.04,1.0,0.04,1.0,2026-07-18 06:02:12+00,2026-07-25 06:02:12+00
W600,b,date,next-google-gemini-pro-model-released-byptptpt,Next Google Gemini Pro Model released by...?,278,2698663,2874987,"Will the next Google Gemini Pro model be released by July 24, 2026?","Will the next Google Gemini Pro model be released by July 30, 2026?",2026-07-14,1784053018,1784052616,1784053018,402,0.13000000170000003,0.10999999999999999,BUY No @0.8700,SELL No @0.8900,11.494246,7.49,0.04,1.0,0.04,1.0,2026-07-25 06:02:12+00,2026-07-31 06:02:12+00
W600,b,date,next-google-gemini-pro-model-released-byptptpt,Next Google Gemini Pro Model released by...?,278,4366394,4838804,"Will the next Google Gemini Pro model be released by October 15, 2026?","Will the next Google Gemini Pro model be released by October 23, 2026?",2026-09-22,1790084866,1790084866,1790084866,0,0.47,0.26,BUY No @0.5300,BUY Yes @0.2600,19.0,19.0,0.04,1.0,0.04,1.0,,
W120,b,date,next-google-gemini-pro-model-released-byptptpt,Next Google Gemini Pro Model released by...?,278,4366394,4838804,"Will the next Google Gemini Pro model be released by October 15, 2026?","Will the next Google Gemini Pro model be released by October 23, 2026?",2026-09-22,1790084866,1790084866,1790084866,0,0.47,0.26,BUY No @0.5300,BUY Yes @0.2600,19.0,19.0,0.04,1.0,0.04,1.0,,
W600,a,strike,what-will-powell-say-during-september-press-conference,What will Powell say during September Press Conference?,283,570383,570382,"Will Powell say ""Inflation"" 60+ times during September press conference?","Will Powell say ""Inflation"" 50+ times during September press conference?",2025-09-17,1758136974,1758136850,1758136974,124,0.06,0.040000000000000036,SELL Yes @0.0600,SELL No @0.9600,35.0,222.0,0.0,1.0,0.0,1.0,2025-09-17 21:33:04+00,2025-09-21 04:52:22+00
W600,a,strike,what-price-will-solana-hit-in-november,What price will Solana hit in November?,293,511539,511541,Will Solana reach $150 in November?,Will Solana reach $130 in November?,2024-11-04,1730757532,1730757532,1730757466,66,0.86,0.35,BUY No @0.1400,BUY Yes @0.3500,10.0,150.0,0.0,1.0,0.0,1.0,2024-12-01 07:20:43+00,2024-12-01 07:15:45+00
W600,a,strike,what-price-will-solana-hit-in-november,What price will Solana hit in November?,293,511539,511541,Will Solana reach $150 in November?,Will Solana reach $130 in November?,2024-11-06,1730895348,1730894902,1730895348,446,0.28,0.12,SELL Yes @0.2800,SELL No @0.8800,179.99,5.0,0.0,1.0,0.0,1.0,2024-12-01 07:20:43+00,2024-12-01 07:15:45+00
W600,a,strike,what-price-will-solana-hit-in-november,What price will Solana hit in November?,293,511539,511541,Will Solana reach $150 in November?,Will Solana reach $130 in November?,2024-11-07,1730999642,1730999390,1730999642,252,0.18000000000000005,0.09599999999999997,BUY No @0.8200,SELL No @0.9040,80.0,28.98,0.0,1.0,0.0,1.0,2024-12-01 07:20:43+00,2024-12-01 07:15:45+00
W600,a,strike,what-price-will-solana-hit-in-november,What price will Solana hit in November?,293,511539,511541,Will Solana reach $150 in November?,Will Solana reach $130 in November?,2024-11-08,1731121035,1731120643,1731121035,392,0.18000000159999996,0.044,BUY No @0.8200,BUY Yes @0.0440,60.975605,128.13,0.0,1.0,0.0,1.0,2024-12-01 07:20:43+00,2024-12-01 07:15:45+00
W600,a,strike,what-price-will-solana-hit-in-november,What price will Solana hit in November?,293,511539,511541,Will Solana reach $150 in November?,Will Solana reach $130 in November?,2024-11-09,1731144879,1731144879,1731144731,148,0.18000000000000005,0.0449999857,BUY No @0.8200,BUY Yes @0.0450,923.43,66.222221,0.0,1.0,0.0,1.0,2024-12-01 07:20:43+00,2024-12-01 07:15:45+00
W600,a,strike,what-price-will-solana-hit-in-november,What price will Solana hit in November?,293,511539,511541,Will Solana reach $150 in November?,Will Solana reach $130 in November?,2024-11-10,1731265847,1731265825,1731265847,22,0.14,0.038961919899999975,BUY No @0.8600,SELL No @0.9610,10.0,1055.67,0.0,1.0,0.0,1.0,2024-12-01 07:20:43+00,2024-12-01 07:15:45+00
W600,a,strike,what-price-will-solana-hit-in-november,What price will Solana hit in November?,293,511539,511541,Will Solana reach $150 in November?,Will Solana reach $130 in November?,2024-11-11,1731323895,1731323689,1731323895,206,0.12,0.038000000000000034,BUY No @0.8800,SELL No @0.9620,600.0,0.89,0.0,1.0,0.0,1.0,2024-12-01 07:20:43+00,2024-12-01 07:15:45+00
W600,a,strike,what-price-will-solana-hit-in-november,What price will Solana hit in November?,293,511539,511541,Will Solana reach $150 in November?,Will Solana reach $130 in November?,2024-11-12,1731391286,1731391262,1731391286,24,0.12,0.0496508922,SELL Yes @0.1200,BUY Yes @0.0497,799.99,1933.5,0.0,1.0,0.0,1.0,2024-12-01 07:20:43+00,2024-12-01 07:15:45+00
W600,a,strike,what-price-will-solana-hit-in-november,What price will Solana hit in November?,293,511539,511541,Will Solana reach $150 in November?,Will Solana reach $130 in November?,2024-11-17,1731852769,1731852769,1731852367,402,0.040000000000000036,0.030000000000000027,BUY No @0.9600,SELL No @0.9700,14.23,0.28,0.0,1.0,0.0,1.0,2024-12-01 07:20:43+00,2024-12-01 07:15:45+00
W120,a,strike,what-price-will-solana-hit-in-november,What price will Solana hit in November?,293,511539,511541,Will Solana reach $150 in November?,Will Solana reach $130 in November?,2024-11-04,1730757532,1730757532,1730757466,66,0.86,0.35,BUY No @0.1400,BUY Yes @0.3500,10.0,150.0,0.0,1.0,0.0,1.0,2024-12-01 07:20:43+00,2024-12-01 07:15:45+00
W120,a,strike,what-price-will-solana-hit-in-november,What price will Solana hit in November?,293,511539,511541,Will Solana reach $150 in November?,Will Solana reach $130 in November?,2024-11-10,1731265847,1731265825,1731265847,22,0.14,0.038961919899999975,BUY No @0.8600,SELL No @0.9610,10.0,1055.67,0.0,1.0,0.0,1.0,2024-12-01 07:20:43+00,2024-12-01 07:15:45+00
W120,a,strike,what-price-will-solana-hit-in-november,What price will Solana hit in November?,293,511539,511541,Will Solana reach $150 in November?,Will Solana reach $130 in November?,2024-11-11,1731326390,1731326380,1731326390,10,0.12,0.038000000000000034,BUY No @0.8800,SELL No @0.9620,600.0,0.73,0.0,1.0,0.0,1.0,2024-12-01 07:20:43+00,2024-12-01 07:15:45+00
W120,a,strike,what-price-will-solana-hit-in-november,What price will Solana hit in November?,293,511539,511541,Will Solana reach $150 in November?,Will Solana reach $130 in November?,2024-11-12,1731391286,1731391262,1731391286,24,0.12,0.0496508922,SELL Yes @0.1200,BUY Yes @0.0497,799.99,1933.5,0.0,1.0,0.0,1.0,2024-12-01 07:20:43+00,2024-12-01 07:15:45+00
W600,a,strike,what-price-will-solana-hit-in-november,What price will Solana hit in November?,293,512251,511539,Will Solana reach $210 in November?,Will Solana reach $150 in November?,2024-11-08,1731084610,1731084271,1731084610,339,0.8200000000000001,0.20999999999999996,BUY No @0.1800,SELL No @0.7900,300.0,2.0,0.0,1.0,0.0,1.0,2024-11-10 18:08:39+00,2024-12-01 07:20:43+00
W600,a,strike,what-price-will-solana-hit-in-november,What price will Solana hit in November?,293,512251,511539,Will Solana reach $210 in November?,Will Solana reach $150 in November?,2024-11-09,1731169100,1731169054,1731169100,46,0.8,0.189999934,BUY No @0.2000,BUY Yes @0.1900,20.0,10.157893,0.0,1.0,0.0,1.0,2024-11-10 18:08:39+00,2024-12-01 07:20:43+00
W600,a,strike,what-price-will-solana-hit-in-november,What price will Solana hit in November?,293,512251,511539,Will Solana reach $210 in November?,Will Solana reach $150 in November?,2024-11-10,1731241734,1731241726,1731241734,8,0.89,0.17,BUY No @0.1100,BUY Yes @0.1700,100.0,40544.53,0.0,1.0,0.0,1.0,2024-11-10 18:08:39+00,2024-12-01 07:20:43+00
W120,a,strike,what-price-will-solana-hit-in-november,What price will Solana hit in November?,293,512251,511539,Will Solana reach $210 in November?,Will Solana reach $150 in November?,2024-11-08,1731084632,1731084632,1731084610,22,0.7700001048,0.20999999999999996,BUY No @0.2300,SELL No @0.7900,6.869564,2.0,0.0,1.0,0.0,1.0,2024-11-10 18:08:39+00,2024-12-01 07:20:43+00
W120,a,strike,what-price-will-solana-hit-in-november,What price will Solana hit in November?,293,512251,511539,Will Solana reach $210 in November?,Will Solana reach $150 in November?,2024-11-09,1731169100,1731169054,1731169100,46,0.8,0.189999934,BUY No @0.2000,BUY Yes @0.1900,20.0,10.157893,0.0,1.0,0.0,1.0,2024-11-10 18:08:39+00,2024-12-01 07:20:43+00
W120,a,strike,what-price-will-solana-hit-in-november,What price will Solana hit in November?,293,512251,511539,Will Solana reach $210 in November?,Will Solana reach $150 in November?,2024-11-10,1731241734,1731241726,1731241734,8,0.89,0.17,BUY No @0.1100,BUY Yes @0.1700,100.0,40544.53,0.0,1.0,0.0,1.0,2024-11-10 18:08:39+00,2024-12-01 07:20:43+00
W600,b,strike,fabric-fdv-above-one-day-after-launch,Fabric ($ROBO) FDV above ___ one day after launch?,294,1278354,1278353,Fabric FDV above $800M one day after launch?,Fabric FDV above $700M one day after launch?,2026-02-17,1771320731,1771320731,1771320721,10,0.06599999999999995,0.06,BUY No @0.9340,BUY Yes @0.0600,15.19,15.82,0.0,1.0,0.0,1.0,2026-02-28 23:24:41+00,2026-02-28 23:41:45+00
W120,b,strike,fabric-fdv-above-one-day-after-launch,Fabric ($ROBO) FDV above ___ one day after launch?,294,1278354,1278353,Fabric FDV above $800M one day after launch?,Fabric FDV above $700M one day after launch?,2026-02-17,1771320731,1771320731,1771320721,10,0.06599999999999995,0.06,BUY No @0.9340,BUY Yes @0.0600,15.19,15.82,0.0,1.0,0.0,1.0,2026-02-28 23:24:41+00,2026-02-28 23:41:45+00
W600,b,strike,fabric-fdv-above-one-day-after-launch,Fabric ($ROBO) FDV above ___ one day after launch?,294,1278355,1278354,Fabric FDV above $1B one day after launch?,Fabric FDV above $800M one day after launch?,2026-02-21,1771709590,1771709590,1771709588,2,0.028000000000000025,0.026,BUY No @0.9720,BUY Yes @0.0260,42.03,41.94,0.0,1.0,0.0,1.0,2026-02-28 23:20:33+00,2026-02-28 23:24:41+00
W120,b,strike,fabric-fdv-above-one-day-after-launch,Fabric ($ROBO) FDV above ___ one day after launch?,294,1278355,1278354,Fabric FDV above $1B one day after launch?,Fabric FDV above $800M one day after launch?,2026-02-21,1771709590,1771709590,1771709588,2,0.028000000000000025,0.026,BUY No @0.9720,BUY Yes @0.0260,42.03,41.94,0.0,1.0,0.0,1.0,2026-02-28 23:20:33+00,2026-02-28 23:24:41+00
W600,b,strike,bitcoin-above-on-september-28-2026,Bitcoin above ___ on September 28?,306,4797523,4797521,"Will the price of Bitcoin be above $96,000 on September 28?","Will the price of Bitcoin be above $94,000 on September 28?",2026-09-21,1790013342,1790013193,1790013342,149,0.09999999999999998,0.08,BUY No @0.9000,BUY Yes @0.0800,10.0,10.0,0.07,1.0,0.07,1.0,2026-09-28 16:13:08+00,2026-09-28 16:13:35+00
W600,a,date,arch-will-russia-capture-myrnohard-by-september-30,Will Russia capture Myrnohrad by...?,313,595723,566502,Will Russia capture Myrnohrad by December 31?,Will Russia capture Myrnohrad by September 30?,2025-09-19,1758286590,1758286514,1758286590,76,0.49,0.047,BUY No @0.5100,BUY Yes @0.0470,200.0,50.0,0.0,1.0,0.0,1.0,2025-11-16 05:45:21+00,2025-10-01 06:12:49+00
W120,a,date,arch-will-russia-capture-myrnohard-by-september-30,Will Russia capture Myrnohrad by...?,313,595723,566502,Will Russia capture Myrnohrad by December 31?,Will Russia capture Myrnohrad by September 30?,2025-09-19,1758286590,1758286514,1758286590,76,0.49,0.047,BUY No @0.5100,BUY Yes @0.0470,200.0,50.0,0.0,1.0,0.0,1.0,2025-11-16 05:45:21+00,2025-10-01 06:12:49+00
W600,a,date,james-comey-arrested-by-september-30,James Comey arrested by...?,329,614689,612701,James Comey arrested by October 31?,James Comey arrested by September 30?,2025-09-27,1758981969,1758981969,1758981647,322,0.22999999999999998,0.014000000000000012,BUY No @0.7700,SELL No @0.9860,5.0,6.9,0.0,1.0,0.0,1.0,2025-11-04 00:36:11+00,2025-10-01 06:08:57+00
W600,a,date,james-comey-arrested-by-september-30,James Comey arrested by...?,329,614689,612701,James Comey arrested by October 31?,James Comey arrested by September 30?,2025-09-28,1759095245,1759095245,1759095069,176,0.37,0.026000000000000023,BUY No @0.6300,SELL No @0.9740,39.24,101.49,0.0,1.0,0.0,1.0,2025-11-04 00:36:11+00,2025-10-01 06:08:57+00
W600,a,date,james-comey-arrested-by-september-30,James Comey arrested by...?,329,614689,612701,James Comey arrested by October 31?,James Comey arrested by September 30?,2025-09-29,1759119867,1759119733,1759119867,134,0.47771708479999997,0.019000000000000017,BUY No @0.5223,SELL No @0.9810,67.37,100.0,0.0,1.0,0.0,1.0,2025-11-04 00:36:11+00,2025-10-01 06:08:57+00
W120,a,date,james-comey-arrested-by-september-30,James Comey arrested by...?,329,614689,612701,James Comey arrested by October 31?,James Comey arrested by September 30?,2025-09-27,1758987257,1758987257,1758987239,18,0.43,0.025,SELL Yes @0.4300,BUY Yes @0.0250,50.0,200.0,0.0,1.0,0.0,1.0,2025-11-04 00:36:11+00,2025-10-01 06:08:57+00
W600,a,strike,ethereum-above-on-august-25,Ethereum above ___ on August 25?,341,577880,577879,Ethereum above $4300 on August 25?,Ethereum above $4200 on August 25?,2025-08-22,1755872232,1755872232,1755871748,484,0.88,0.86,BUY No @0.1200,BUY Yes @0.8600,30.0,25.0,0.0,1.0,0.0,1.0,2025-08-25 18:06:43+00,2025-08-25 18:06:41+00
W600,a,strike,ethereum-above-on-august-25,Ethereum above ___ on August 25?,341,577881,577880,Ethereum above $4400 on August 25?,Ethereum above $4300 on August 25?,2025-08-22,1755871498,1755871498,1755871482,16,0.55,0.52,BUY No @0.4500,BUY Yes @0.5200,4.0,10000.0,0.0,1.0,0.0,1.0,2025-08-25 18:06:03+00,2025-08-25 18:06:43+00
W120,a,strike,ethereum-above-on-august-25,Ethereum above ___ on August 25?,341,577881,577880,Ethereum above $4400 on August 25?,Ethereum above $4300 on August 25?,2025-08-22,1755871498,1755871498,1755871482,16,0.55,0.52,BUY No @0.4500,BUY Yes @0.5200,4.0,10000.0,0.0,1.0,0.0,1.0,2025-08-25 18:06:03+00,2025-08-25 18:06:43+00
W600,a,strike,ethereum-above-on-august-25,Ethereum above ___ on August 25?,341,577882,577881,Ethereum above $4500 on August 25?,Ethereum above $4400 on August 25?,2025-08-22,1755871564,1755871564,1755871482,82,0.42000000000000004,0.36,BUY No @0.5800,BUY Yes @0.3600,20.0,18.0,0.0,1.0,0.0,1.0,2025-08-25 18:06:01+00,2025-08-25 18:06:03+00
W120,a,strike,ethereum-above-on-august-25,Ethereum above ___ on August 25?,341,577882,577881,Ethereum above $4500 on August 25?,Ethereum above $4400 on August 25?,2025-08-22,1755871564,1755871564,1755871482,82,0.42000000000000004,0.36,BUY No @0.5800,BUY Yes @0.3600,20.0,18.0,0.0,1.0,0.0,1.0,2025-08-25 18:06:01+00,2025-08-25 18:06:03+00
W600,a,strike,ethereum-above-on-august-25,Ethereum above ___ on August 25?,341,580211,580369,Ethereum above $4800 on August 25?,Ethereum above $4700 on August 25?,2025-08-24,1756064429,1756064427,1756064429,2,0.6799999999999999,0.67,BUY No @0.3200,BUY Yes @0.6700,100.0,4500.0,0.0,1.0,0.0,1.0,2025-08-25 18:09:45+00,2025-08-25 18:08:45+00
W120,a,strike,ethereum-above-on-august-25,Ethereum above ___ on August 25?,341,580211,580369,Ethereum above $4800 on August 25?,Ethereum above $4700 on August 25?,2025-08-24,1756064429,1756064427,1756064429,2,0.6799999999999999,0.67,BUY No @0.3200,BUY Yes @0.6700,100.0,4500.0,0.0,1.0,0.0,1.0,2025-08-25 18:09:45+00,2025-08-25 18:08:45+00
W600,b,strike,what-price-will-xauusd-hit-in-may-2026,What will Gold (XAUUSD) hit in May 2026?,343,2305701,2305702,"Will Gold (XAUUSD) hit (HIGH) $4,700 in May?","Will Gold (XAUUSD) hit (HIGH) $4,650 in May?",2026-05-20,1779287978,1779287978,1779287978,0,0.33000006179999997,0.2599998514,BUY No @0.6700,BUY Yes @0.2600,4.044775,4.03846,0.04,1.0,0.04,1.0,2026-05-30 03:24:05+00,2026-05-30 03:24:05+00
W120,b,strike,what-price-will-xauusd-hit-in-may-2026,What will Gold (XAUUSD) hit in May 2026?,343,2305701,2305702,"Will Gold (XAUUSD) hit (HIGH) $4,700 in May?","Will Gold (XAUUSD) hit (HIGH) $4,650 in May?",2026-05-20,1779287978,1779287978,1779287978,0,0.33000006179999997,0.2599998514,BUY No @0.6700,BUY Yes @0.2600,4.044775,4.03846,0.04,1.0,0.04,1.0,2026-05-30 03:24:05+00,2026-05-30 03:24:05+00
W600,b,strike,what-price-will-xauusd-hit-in-may-2026,What will Gold (XAUUSD) hit in May 2026?,343,2305672,2305701,"Will Gold (XAUUSD) hit (HIGH) $4,750 in May?","Will Gold (XAUUSD) hit (HIGH) $4,700 in May?",2026-05-21,1779384673,1779384673,1779384673,0,0.21000001700000004,0.16,BUY No @0.7900,BUY Yes @0.1600,7.050628,7.0,0.04,1.0,0.04,1.0,2026-05-30 03:21:38+00,2026-05-30 03:24:05+00
W120,b,strike,what-price-will-xauusd-hit-in-may-2026,What will Gold (XAUUSD) hit in May 2026?,343,2305672,2305701,"Will Gold (XAUUSD) hit (HIGH) $4,750 in May?","Will Gold (XAUUSD) hit (HIGH) $4,700 in May?",2026-05-21,1779384673,1779384673,1779384673,0,0.21000001700000004,0.16,BUY No @0.7900,BUY Yes @0.1600,7.050628,7.0,0.04,1.0,0.04,1.0,2026-05-30 03:21:38+00,2026-05-30 03:24:05+00
W600,b,date,military-action-against-iran-ends-by,Military action against Iran ends by...?,349,1551569,1551570,"Military action against Iran ends by March 27, 2026?","Military action against Iran ends by March 28, 2026?",2026-03-19,1773960435,1773960435,1773960435,0,0.12,0.11,BUY No @0.8800,BUY Yes @0.1100,15.0,15.0,0.0,1.0,0.0,1.0,2026-03-27 22:32:09+00,2026-03-28 04:18:23+00
W120,b,date,military-action-against-iran-ends-by,Military action against Iran ends by...?,349,1551569,1551570,"Military action against Iran ends by March 27, 2026?","Military action against Iran ends by March 28, 2026?",2026-03-19,1773960435,1773960435,1773960435,0,0.12,0.11,BUY No @0.8800,BUY Yes @0.1100,15.0,15.0,0.0,1.0,0.0,1.0,2026-03-27 22:32:09+00,2026-03-28 04:18:23+00
W600,b,date,military-action-against-iran-ends-by,Military action against Iran ends by...?,349,1551570,1551571,"Military action against Iran ends by March 28, 2026?","Military action against Iran ends by March 29, 2026?",2026-03-16,1773670883,1773670883,1773670883,0,0.19999999999999996,0.19,BUY No @0.8000,BUY Yes @0.1900,18.0,18.0,0.0,1.0,0.0,1.0,2026-03-28 04:18:23+00,2026-03-29 16:07:30+00
W600,b,date,military-action-against-iran-ends-by,Military action against Iran ends by...?,349,1551570,1551571,"Military action against Iran ends by March 28, 2026?","Military action against Iran ends by March 29, 2026?",2026-03-17,1773740433,1773740433,1773740433,0,0.13,0.11,BUY No @0.8700,BUY Yes @0.1100,11.0,11.0,0.0,1.0,0.0,1.0,2026-03-28 04:18:23+00,2026-03-29 16:07:30+00
W120,b,date,military-action-against-iran-ends-by,Military action against Iran ends by...?,349,1551570,1551571,"Military action against Iran ends by March 28, 2026?","Military action against Iran ends by March 29, 2026?",2026-03-16,1773670883,1773670883,1773670883,0,0.19999999999999996,0.19,BUY No @0.8000,BUY Yes @0.1900,18.0,18.0,0.0,1.0,0.0,1.0,2026-03-28 04:18:23+00,2026-03-29 16:07:30+00
W120,b,date,military-action-against-iran-ends-by,Military action against Iran ends by...?,349,1551570,1551571,"Military action against Iran ends by March 28, 2026?","Military action against Iran ends by March 29, 2026?",2026-03-17,1773740433,1773740433,1773740433,0,0.13,0.11,BUY No @0.8700,BUY Yes @0.1100,11.0,11.0,0.0,1.0,0.0,1.0,2026-03-28 04:18:23+00,2026-03-29 16:07:30+00
W600,b,date,military-action-against-iran-ends-by,Military action against Iran ends by...?,349,1551571,1551572,"Military action against Iran ends by March 29, 2026?","Military action against Iran ends by March 30, 2026?",2026-03-17,1773743743,1773743199,1773743743,544,0.13,0.12,BUY No @0.8700,SELL No @0.8800,6.0,45.0,0.0,1.0,0.0,1.0,2026-03-29 16:07:30+00,2026-04-03 10:09:51+00
W600,b,date,military-action-against-iran-ends-by,Military action against Iran ends by...?,349,1551571,1551572,"Military action against Iran ends by March 29, 2026?","Military action against Iran ends by March 30, 2026?",2026-03-19,1773938131,1773938131,1773938131,0,0.12,0.11,BUY No @0.8800,BUY Yes @0.1100,33.0,33.0,0.0,1.0,0.0,1.0,2026-03-29 16:07:30+00,2026-04-03 10:09:51+00
W600,b,date,military-action-against-iran-ends-by,Military action against Iran ends by...?,349,1551571,1551572,"Military action against Iran ends by March 29, 2026?","Military action against Iran ends by March 30, 2026?",2026-03-20,1774038159,1774038159,1774038159,0,0.08999999999999997,0.08,BUY No @0.9100,BUY Yes @0.0800,24.0,24.0,0.0,1.0,0.0,1.0,2026-03-29 16:07:30+00,2026-04-03 10:09:51+00
W120,b,date,military-action-against-iran-ends-by,Military action against Iran ends by...?,349,1551571,1551572,"Military action against Iran ends by March 29, 2026?","Military action against Iran ends by March 30, 2026?",2026-03-17,1773746175,1773746175,1773746175,0,0.12,0.11,BUY No @0.8800,BUY Yes @0.1100,15.0,15.0,0.0,1.0,0.0,1.0,2026-03-29 16:07:30+00,2026-04-03 10:09:51+00
W120,b,date,military-action-against-iran-ends-by,Military action against Iran ends by...?,349,1551571,1551572,"Military action against Iran ends by March 29, 2026?","Military action against Iran ends by March 30, 2026?",2026-03-19,1773938131,1773938131,1773938131,0,0.12,0.11,BUY No @0.8800,BUY Yes @0.1100,33.0,33.0,0.0,1.0,0.0,1.0,2026-03-29 16:07:30+00,2026-04-03 10:09:51+00
W120,b,date,military-action-against-iran-ends-by,Military action against Iran ends by...?,349,1551571,1551572,"Military action against Iran ends by March 29, 2026?","Military action against Iran ends by March 30, 2026?",2026-03-20,1774038159,1774038159,1774038159,0,0.08999999999999997,0.08,BUY No @0.9100,BUY Yes @0.0800,24.0,24.0,0.0,1.0,0.0,1.0,2026-03-29 16:07:30+00,2026-04-03 10:09:51+00
W600,b,strike,will-openais-valuation-hit-by-december-31,Will OpenAI's valuation hit __ by December 31?,351,2307896,2299984,Will OpenAI's valuation hit (HIGH) $4.0T by December 31?,Will OpenAI's valuation hit (HIGH) $3.0T by December 31?,2026-06-06,1780730278,1780730277,1780730278,1,0.12,0.1,BUY No @0.8800,BUY Yes @0.1000,28.5,28.4,0.04,1.0,0.04,1.0,,
W120,b,strike,will-openais-valuation-hit-by-december-31,Will OpenAI's valuation hit __ by December 31?,351,2307896,2299984,Will OpenAI's valuation hit (HIGH) $4.0T by December 31?,Will OpenAI's valuation hit (HIGH) $3.0T by December 31?,2026-06-06,1780730278,1780730277,1780730278,1,0.12,0.1,BUY No @0.8800,BUY Yes @0.1000,28.5,28.4,0.04,1.0,0.04,1.0,,
W600,b,strike,will-openais-valuation-hit-by-december-31,Will OpenAI's valuation hit __ by December 31?,351,2307904,2307896,Will OpenAI's valuation hit (HIGH) $5.0T by December 31?,Will OpenAI's valuation hit (HIGH) $4.0T by December 31?,2026-05-20,1779257801,1779257801,1779257801,0,0.06000000000000005,0.05,BUY No @0.9400,BUY Yes @0.0500,95.0,95.0,0.04,1.0,0.04,1.0,,
W120,b,strike,will-openais-valuation-hit-by-december-31,Will OpenAI's valuation hit __ by December 31?,351,2307904,2307896,Will OpenAI's valuation hit (HIGH) $5.0T by December 31?,Will OpenAI's valuation hit (HIGH) $4.0T by December 31?,2026-05-20,1779257801,1779257801,1779257801,0,0.06000000000000005,0.05,BUY No @0.9400,BUY Yes @0.0500,95.0,95.0,0.04,1.0,0.04,1.0,,
W600,b,strike,what-will-powell-say-during-april-press-conference,What will Powell say during April Press Conference?,364,1847922,1847921,"Will Powell say ""Inflation"" 60+ times during April press conference?","Will Powell say ""Inflation"" 50+ times during April press conference?",2026-04-29,1777488308,1777488192,1777488308,116,0.18,0.13,SELL Yes @0.1800,SELL No @0.8700,6.0,11.0,0.04,1.0,0.04,1.0,2026-04-29 21:36:32+00,2026-04-29 21:36:38+00
W120,b,strike,what-will-powell-say-during-april-press-conference,What will Powell say during April Press Conference?,364,1847922,1847921,"Will Powell say ""Inflation"" 60+ times during April press conference?","Will Powell say ""Inflation"" 50+ times during April press conference?",2026-04-29,1777488308,1777488192,1777488308,116,0.18,0.13,SELL Yes @0.1800,SELL No @0.8700,6.0,11.0,0.04,1.0,0.04,1.0,2026-04-29 21:36:32+00,2026-04-29 21:36:38+00
W600,b,strike,humidifi-fdv-above-one-day-after-launch,HumidiFi FDV above ___ one day after launch?,374,814138,814137,HumidiFi FDV above $700M one day after launch?,HumidiFi FDV above $600M one day after launch?,2025-12-04,1764849871,1764849871,1764849351,520,0.02200000000000002,0.016000000000000014,BUY No @0.9780,SELL No @0.9840,5.0,75.0,0.0,1.0,0.0,1.0,2025-12-11 03:26:07+00,2025-12-11 03:39:55+00
W600,b,strike,measles-cases-in-us-by-february-28,Measles cases in U.S. by February 28?,375,1386645,1385621,"Will there be at least 1,300 measles cases in the U.S. by February 28, 2026?","Will there be at least 1,250 measles cases in the U.S. by February 28, 2026?",2026-02-20,1771600376,1771600046,1771600376,330,0.036233415799999946,0.03,BUY No @0.9638,BUY Yes @0.0300,129.34,9.0,0.0,1.0,0.0,1.0,2026-03-01 08:08:11+00,2026-03-01 08:07:15+00
W600,a,date,will-eric-adams-drop-out-by-friday,Will Eric Adams drop out by...?,382,588095,600687,Will Eric Adams drop out by September 30?,Will Eric Adams drop out by October 15?,2025-09-28,1759078949,1759078949,1759078935,14,0.88,0.8377145511,BUY No @0.1200,BUY Yes @0.8377,15.0,12942.14,0.0,1.0,0.0,1.0,2025-09-28 19:35:37+00,2025-09-28 19:47:11+00
W120,a,date,will-eric-adams-drop-out-by-friday,Will Eric Adams drop out by...?,382,588095,600687,Will Eric Adams drop out by September 30?,Will Eric Adams drop out by October 15?,2025-09-28,1759078949,1759078949,1759078935,14,0.88,0.8377145511,BUY No @0.1200,BUY Yes @0.8377,15.0,12942.14,0.0,1.0,0.0,1.0,2025-09-28 19:35:37+00,2025-09-28 19:47:11+00
W600,a,date,will-trump-lower-tariffs-on-china-by,Will Trump lower tariffs on China by...?,384,537638,537636,Will Trump lower tariffs on China by July 31?,Will Trump lower tariffs on China by May 31?,2025-04-16,1744835705,1744835681,1744835705,24,0.61,0.3599998704,BUY No @0.3900,BUY Yes @0.3600,15.0,2.777776,0.0,1.0,0.0,1.0,2025-05-13 17:12:36+00,2025-05-13 17:12:36+00
W600,a,date,will-trump-lower-tariffs-on-china-by,Will Trump lower tariffs on China by...?,384,537638,537636,Will Trump lower tariffs on China by July 31?,Will Trump lower tariffs on China by May 31?,2025-04-17,1744876837,1744876775,1744876837,62,0.62,0.402252546,SELL Yes @0.6200,BUY Yes @0.4023,5.08,821.87,0.0,1.0,0.0,1.0,2025-05-13 17:12:36+00,2025-05-13 17:12:36+00
W600,a,date,will-trump-lower-tariffs-on-china-by,Will Trump lower tariffs on China by...?,384,537638,537636,Will Trump lower tariffs on China by July 31?,Will Trump lower tariffs on China by May 31?,2025-04-20,1745206431,1745206431,1745205957,474,0.6799999999999999,0.4699999453,BUY No @0.3200,BUY Yes @0.4700,4.6875,8.042552,0.0,1.0,0.0,1.0,2025-05-13 17:12:36+00,2025-05-13 17:12:36+00
W600,a,date,will-trump-lower-tariffs-on-china-by,Will Trump lower tariffs on China by...?,384,537638,537636,Will Trump lower tariffs on China by July 31?,Will Trump lower tariffs on China by May 31?,2025-04-21,1745293818,1745293818,1745293590,228,0.69,0.55,SELL Yes @0.6900,BUY Yes @0.5500,1.5,1.81818,0.0,1.0,0.0,1.0,2025-05-13 17:12:36+00,2025-05-13 17:12:36+00
W600,a,date,will-trump-lower-tariffs-on-china-by,Will Trump lower tariffs on China by...?,384,537638,537636,Will Trump lower tariffs on China by July 31?,Will Trump lower tariffs on China by May 31?,2025-04-22,1745321314,1745321314,1745320934,380,0.6900001705000001,0.6799998409,BUY No @0.3100,BUY Yes @0.6800,3.225805,5.02941,0.0,1.0,0.0,1.0,2025-05-13 17:12:36+00,2025-05-13 17:12:36+00
W600,a,date,will-trump-lower-tariffs-on-china-by,Will Trump lower tariffs on China by...?,384,537638,537636,Will Trump lower tariffs on China by July 31?,Will Trump lower tariffs on China by May 31?,2025-04-23,1745400685,1745400685,1745400397,288,0.808549339,0.77,SELL Yes @0.8085,BUY Yes @0.7700,84.72,64.8961,0.0,1.0,0.0,1.0,2025-05-13 17:12:36+00,2025-05-13 17:12:36+00
W600,a,date,will-trump-lower-tariffs-on-china-by,Will Trump lower tariffs on China by...?,384,537638,537636,Will Trump lower tariffs on China by July 31?,Will Trump lower tariffs on China by May 31?,2025-04-24,1745496671,1745496135,1745496671,536,0.89,0.7899999573,SELL Yes @0.8900,BUY Yes @0.7900,4.08,12.658226,0.0,1.0,0.0,1.0,2025-05-13 17:12:36+00,2025-05-13 17:12:36+00
W600,a,date,will-trump-lower-tariffs-on-china-by,Will Trump lower tariffs on China by...?,384,537638,537636,Will Trump lower tariffs on China by July 31?,Will Trump lower tariffs on China by May 31?,2025-04-25,1745634627,1745634211,1745634627,416,0.8600000213,0.6899999586,BUY No @0.1400,BUY Yes @0.6900,35.714284,1.449274,0.0,1.0,0.0,1.0,2025-05-13 17:12:36+00,2025-05-13 17:12:36+00
W600,a,date,will-trump-lower-tariffs-on-china-by,Will Trump lower tariffs on China by...?,384,537638,537636,Will Trump lower tariffs on China by July 31?,Will Trump lower tariffs on China by May 31?,2025-04-26,1745667607,1745667607,1745667391,216,0.87,0.74,SELL Yes @0.8700,BUY Yes @0.7400,7.69,1.35135,0.0,1.0,0.0,1.0,2025-05-13 17:12:36+00,2025-05-13 17:12:36+00
W600,a,date,will-trump-lower-tariffs-on-china-by,Will Trump lower tariffs on China by...?,384,537638,537636,Will Trump lower tariffs on China by July 31?,Will Trump lower tariffs on China by May 31?,2025-04-28,1745855560,1745854966,1745855560,594,0.78,0.7099999997,SELL Yes @0.7800,BUY Yes @0.7100,385.15,778.929575,0.0,1.0,0.0,1.0,2025-05-13 17:12:36+00,2025-05-13 17:12:36+00
W600,a,date,will-trump-lower-tariffs-on-china-by,Will Trump lower tariffs on China by...?,384,537638,537636,Will Trump lower tariffs on China by July 31?,Will Trump lower tariffs on China by May 31?,2025-04-30,1745998911,1745998747,1745998911,164,0.7434514094,0.5399999784,BUY No @0.2565,BUY Yes @0.5400,52.036922,3.703702,0.0,1.0,0.0,1.0,2025-05-13 17:12:36+00,2025-05-13 17:12:36+00
W600,a,date,will-trump-lower-tariffs-on-china-by,Will Trump lower tariffs on China by...?,384,537638,537636,Will Trump lower tariffs on China by July 31?,Will Trump lower tariffs on China by May 31?,2025-05-01,1746086235,1746086235,1746086185,50,0.7790203908,0.558370253,BUY No @0.2210,BUY Yes @0.5584,226.265216,89.546314,0.0,1.0,0.0,1.0,2025-05-13 17:12:36+00,2025-05-13 17:12:36+00
W600,a,date,will-trump-lower-tariffs-on-china-by,Will Trump lower tariffs on China by...?,384,537638,537636,Will Trump lower tariffs on China by July 31?,Will Trump lower tariffs on China by May 31?,2025-05-02,1746188767,1746188767,1746188723,44,0.83,0.61,BUY No @0.1700,SELL No @0.3900,500.0,45.21,0.0,1.0,0.0,1.0,2025-05-13 17:12:36+00,2025-05-13 17:12:36+00
W600,a,date,will-trump-lower-tariffs-on-china-by,Will Trump lower tariffs on China by...?,384,537638,537636,Will Trump lower tariffs on China by July 31?,Will Trump lower tariffs on China by May 31?,2025-05-03,1746248064,1746248064,1746247810,254,0.8116667631,0.6099998597,BUY No @0.1883,BUY Yes @0.6100,53.097367,1.639343,0.0,1.0,0.0,1.0,2025-05-13 17:12:36+00,2025-05-13 17:12:36+00
W600,a,date,will-trump-lower-tariffs-on-china-by,Will Trump lower tariffs on China by...?,384,537638,537636,Will Trump lower tariffs on China by July 31?,Will Trump lower tariffs on China by May 31?,2025-05-04,1746374894,1746374582,1746374894,312,0.77,0.5373346488,SELL Yes @0.7700,BUY Yes @0.5373,131.68,56.277776,0.0,1.0,0.0,1.0,2025-05-13 17:12:36+00,2025-05-13 17:12:36+00
W600,a,date,will-trump-lower-tariffs-on-china-by,Will Trump lower tariffs on China by...?,384,537638,537636,Will Trump lower tariffs on China by July 31?,Will Trump lower tariffs on China by May 31?,2025-05-05,1746422950,1746422950,1746422866,84,0.7800001452,0.48,BUY No @0.2200,BUY Yes @0.4800,4.545453,21.0,0.0,1.0,0.0,1.0,2025-05-13 17:12:36+00,2025-05-13 17:12:36+00
W600,a,date,will-trump-lower-tariffs-on-china-by,Will Trump lower tariffs on China by...?,384,537638,537636,Will Trump lower tariffs on China by July 31?,Will Trump lower tariffs on China by May 31?,2025-05-06,1746540770,1746540714,1746540770,56,0.8,0.45999999999999996,BUY No @0.2000,SELL No @0.5400,5.0,4.65,0.0,1.0,0.0,1.0,2025-05-13 17:12:36+00,2025-05-13 17:12:36+00
W600,a,date,will-trump-lower-tariffs-on-china-by,Will Trump lower tariffs on China by...?,384,537638,537636,Will Trump lower tariffs on China by July 31?,Will Trump lower tariffs on China by May 31?,2025-05-07,1746613734,1746613734,1746613712,22,0.86,0.6,BUY No @0.1400,SELL No @0.4000,1635.0,574.11,0.0,1.0,0.0,1.0,2025-05-13 17:12:36+00,2025-05-13 17:12:36+00
W600,a,date,will-trump-lower-tariffs-on-china-by,Will Trump lower tariffs on China by...?,384,537638,537636,Will Trump lower tariffs on China by July 31?,Will Trump lower tariffs on China by May 31?,2025-05-08,1746685823,1746685823,1746685399,424,0.8100001216,0.5,BUY No @0.1900,BUY Yes @0.5000,5.263156,9.0,0.0,1.0,0.0,1.0,2025-05-13 17:12:36+00,2025-05-13 17:12:36+00
W600,a,date,will-trump-lower-tariffs-on-china-by,Will Trump lower tariffs on China by...?,384,537638,537636,Will Trump lower tariffs on China by July 31?,Will Trump lower tariffs on China by May 31?,2025-05-09,1746767028,1746767028,1746766956,72,0.8900000479,0.75,BUY No @0.1100,BUY Yes @0.7500,18.181817,5.0,0.0,1.0,0.0,1.0,2025-05-13 17:12:36+00,2025-05-13 17:12:36+00
W600,a,date,will-trump-lower-tariffs-on-china-by,Will Trump lower tariffs on China by...?,384,537638,537636,Will Trump lower tariffs on China by July 31?,Will Trump lower tariffs on China by May 31?,2025-05-10,1746850108,1746850108,1746849824,284,0.92,0.6799999999999999,SELL Yes @0.9200,SELL No @0.3200,91.42,198.8,0.0,1.0,0.0,1.0,2025-05-13 17:12:36+00,2025-05-13 17:12:36+00
W600,a,date,will-trump-lower-tariffs-on-china-by,Will Trump lower tariffs on China by...?,384,537638,537636,Will Trump lower tariffs on China by July 31?,Will Trump lower tariffs on China by May 31?,2025-05-11,1746939105,1746939105,1746938963,142,0.910000081,0.7199995392,BUY No @0.0900,BUY Yes @0.7200,11.11111,1.388887,0.0,1.0,0.0,1.0,2025-05-13 17:12:36+00,2025-05-13 17:12:36+00
W600,a,date,will-trump-lower-tariffs-on-china-by,Will Trump lower tariffs on China by...?,384,537638,537636,Will Trump lower tariffs on China by July 31?,Will Trump lower tariffs on China by May 31?,2025-05-12,1747023580,1747023384,1747023580,196,0.947,0.82,SELL Yes @0.9470,BUY Yes @0.8200,21.0,279.9,0.0,1.0,0.0,1.0,2025-05-13 17:12:36+00,2025-05-13 17:12:36+00
W120,a,date,will-trump-lower-tariffs-on-china-by,Will Trump lower tariffs on China by...?,384,537638,537636,Will Trump lower tariffs on China by July 31?,Will Trump lower tariffs on China by May 31?,2025-04-16,1744835705,1744835681,1744835705,24,0.61,0.3599998704,BUY No @0.3900,BUY Yes @0.3600,15.0,2.777776,0.0,1.0,0.0,1.0,2025-05-13 17:12:36+00,2025-05-13 17:12:36+00
W120,a,date,will-trump-lower-tariffs-on-china-by,Will Trump lower tariffs on China by...?,384,537638,537636,Will Trump lower tariffs on China by July 31?,Will Trump lower tariffs on China by May 31?,2025-04-17,1744876837,1744876775,1744876837,62,0.62,0.402252546,SELL Yes @0.6200,BUY Yes @0.4023,5.08,821.87,0.0,1.0,0.0,1.0,2025-05-13 17:12:36+00,2025-05-13 17:12:36+00
W120,a,date,will-trump-lower-tariffs-on-china-by,Will Trump lower tariffs on China by...?,384,537638,537636,Will Trump lower tariffs on China by July 31?,Will Trump lower tariffs on China by May 31?,2025-04-22,1745339505,1745339505,1745339501,4,0.6974429114,0.6425233359,BUY No @0.3026,BUY Yes @0.6425,66.103224,31.127271,0.0,1.0,0.0,1.0,2025-05-13 17:12:36+00,2025-05-13 17:12:36+00
W120,a,date,will-trump-lower-tariffs-on-china-by,Will Trump lower tariffs on China by...?,384,537638,537636,Will Trump lower tariffs on China by July 31?,Will Trump lower tariffs on China by May 31?,2025-04-23,1745414945,1745414945,1745414885,60,0.8100000627,0.7399999985,BUY No @0.1900,BUY Yes @0.7400,10.526314,67.567565,0.0,1.0,0.0,1.0,2025-05-13 17:12:36+00,2025-05-13 17:12:36+00
W120,a,date,will-trump-lower-tariffs-on-china-by,Will Trump lower tariffs on China by...?,384,537638,537636,Will Trump lower tariffs on China by July 31?,Will Trump lower tariffs on China by May 31?,2025-04-26,1745667671,1745667607,1745667671,64,0.87,0.74,SELL Yes @0.8700,BUY Yes @0.7400,7.69,1.35135,0.0,1.0,0.0,1.0,2025-05-13 17:12:36+00,2025-05-13 17:12:36+00
W120,a,date,will-trump-lower-tariffs-on-china-by,Will Trump lower tariffs on China by...?,384,537638,537636,Will Trump lower tariffs on China by July 31?,Will Trump lower tariffs on China by May 31?,2025-04-28,1745874680,1745874680,1745874598,82,0.7700000308,0.65,BUY No @0.2300,BUY Yes @0.6500,21.739129,100.0,0.0,1.0,0.0,1.0,2025-05-13 17:12:36+00,2025-05-13 17:12:36+00
W120,a,date,will-trump-lower-tariffs-on-china-by,Will Trump lower tariffs on China by...?,384,537638,537636,Will Trump lower tariffs on China by July 31?,Will Trump lower tariffs on China by May 31?,2025-04-30,1746001583,1746001547,1746001583,36,0.74,0.5199999844,BUY No @0.2600,BUY Yes @0.5200,15.92,7.692306,0.0,1.0,0.0,1.0,2025-05-13 17:12:36+00,2025-05-13 17:12:36+00
W120,a,date,will-trump-lower-tariffs-on-china-by,Will Trump lower tariffs on China by...?,384,537638,537636,Will Trump lower tariffs on China by July 31?,Will Trump lower tariffs on China by May 31?,2025-05-01,1746086235,1746086235,1746086185,50,0.7790203908,0.558370253,BUY No @0.2210,BUY Yes @0.5584,226.265216,89.546314,0.0,1.0,0.0,1.0,2025-05-13 17:12:36+00,2025-05-13 17:12:36+00
W120,a,date,will-trump-lower-tariffs-on-china-by,Will Trump lower tariffs on China by...?,384,537638,537636,Will Trump lower tariffs on China by July 31?,Will Trump lower tariffs on China by May 31?,2025-05-02,1746188767,1746188767,1746188723,44,0.83,0.61,BUY No @0.1700,SELL No @0.3900,500.0,45.21,0.0,1.0,0.0,1.0,2025-05-13 17:12:36+00,2025-05-13 17:12:36+00
W120,a,date,will-trump-lower-tariffs-on-china-by,Will Trump lower tariffs on China by...?,384,537638,537636,Will Trump lower tariffs on China by July 31?,Will Trump lower tariffs on China by May 31?,2025-05-04,1746406704,1746406704,1746406600,104,0.7800000273000001,0.476485331,BUY No @0.2200,BUY Yes @0.4765,22.727271,21.196875,0.0,1.0,0.0,1.0,2025-05-13 17:12:36+00,2025-05-13 17:12:36+00
W120,a,date,will-trump-lower-tariffs-on-china-by,Will Trump lower tariffs on China by...?,384,537638,537636,Will Trump lower tariffs on China by July 31?,Will Trump lower tariffs on China by May 31?,2025-05-05,1746422950,1746422950,1746422866,84,0.7800001452,0.48,BUY No @0.2200,BUY Yes @0.4800,4.545453,21.0,0.0,1.0,0.0,1.0,2025-05-13 17:12:36+00,2025-05-13 17:12:36+00
W120,a,date,will-trump-lower-tariffs-on-china-by,Will Trump lower tariffs on China by...?,384,537638,537636,Will Trump lower tariffs on China by July 31?,Will Trump lower tariffs on China by May 31?,2025-05-06,1746540770,1746540714,1746540770,56,0.8,0.45999999999999996,BUY No @0.2000,SELL No @0.5400,5.0,4.65,0.0,1.0,0.0,1.0,2025-05-13 17:12:36+00,2025-05-13 17:12:36+00
W120,a,date,will-trump-lower-tariffs-on-china-by,Will Trump lower tariffs on China by...?,384,537638,537636,Will Trump lower tariffs on China by July 31?,Will Trump lower tariffs on China by May 31?,2025-05-07,1746613734,1746613734,1746613712,22,0.86,0.6,BUY No @0.1400,SELL No @0.4000,1635.0,574.11,0.0,1.0,0.0,1.0,2025-05-13 17:12:36+00,2025-05-13 17:12:36+00
W120,a,date,will-trump-lower-tariffs-on-china-by,Will Trump lower tariffs on China by...?,384,537638,537636,Will Trump lower tariffs on China by July 31?,Will Trump lower tariffs on China by May 31?,2025-05-08,1746695329,1746695275,1746695329,54,0.8270594352,0.48568999999999996,BUY No @0.1729,SELL No @0.5143,578.233332,20.0,0.0,1.0,0.0,1.0,2025-05-13 17:12:36+00,2025-05-13 17:12:36+00
W120,a,date,will-trump-lower-tariffs-on-china-by,Will Trump lower tariffs on China by...?,384,537638,537636,Will Trump lower tariffs on China by July 31?,Will Trump lower tariffs on China by May 31?,2025-05-09,1746767028,1746767028,1746766956,72,0.8900000479,0.75,BUY No @0.1100,BUY Yes @0.7500,18.181817,5.0,0.0,1.0,0.0,1.0,2025-05-13 17:12:36+00,2025-05-13 17:12:36+00
W120,a,date,will-trump-lower-tariffs-on-china-by,Will Trump lower tariffs on China by...?,384,537638,537636,Will Trump lower tariffs on China by July 31?,Will Trump lower tariffs on China by May 31?,2025-05-10,1746851454,1746851454,1746851406,48,0.92,0.7,BUY No @0.0800,BUY Yes @0.7000,555.0,286.67,0.0,1.0,0.0,1.0,2025-05-13 17:12:36+00,2025-05-13 17:12:36+00
W120,a,date,will-trump-lower-tariffs-on-china-by,Will Trump lower tariffs on China by...?,384,537638,537636,Will Trump lower tariffs on China by July 31?,Will Trump lower tariffs on China by May 31?,2025-05-11,1746952673,1746952653,1746952673,20,0.91,0.69,BUY No @0.0900,BUY Yes @0.6900,12.0,5.0,0.0,1.0,0.0,1.0,2025-05-13 17:12:36+00,2025-05-13 17:12:36+00
W120,a,date,will-trump-lower-tariffs-on-china-by,Will Trump lower tariffs on China by...?,384,537638,537636,Will Trump lower tariffs on China by July 31?,Will Trump lower tariffs on China by May 31?,2025-05-12,1747029446,1747029410,1747029446,36,0.965,0.8796734161,SELL Yes @0.9650,BUY Yes @0.8797,41.99,3062.0,0.0,1.0,0.0,1.0,2025-05-13 17:12:36+00,2025-05-13 17:12:36+00
W600,a,date,will-trump-lower-tariffs-on-china-by,Will Trump lower tariffs on China by...?,384,537636,537635,Will Trump lower tariffs on China by May 31?,Will Trump lower tariffs on China by April 30?,2025-04-16,1744829705,1744829695,1744829705,10,0.21999999999999997,0.1399998824,BUY No @0.7800,BUY Yes @0.1400,51.0,7.142856,0.0,1.0,0.0,1.0,2025-05-13 17:12:36+00,2025-05-01 19:15:36+00
W600,a,date,will-trump-lower-tariffs-on-china-by,Will Trump lower tariffs on China by...?,384,537636,537635,Will Trump lower tariffs on China by May 31?,Will Trump lower tariffs on China by April 30?,2025-04-17,1744884757,1744884757,1744884163,594,0.43000000000000005,0.12,BUY No @0.5700,BUY Yes @0.1200,185.0,111.29,0.0,1.0,0.0,1.0,2025-05-13 17:12:36+00,2025-05-01 19:15:36+00
W600,a,date,will-trump-lower-tariffs-on-china-by,Will Trump lower tariffs on China by...?,384,537636,537635,Will Trump lower tariffs on China by May 31?,Will Trump lower tariffs on China by April 30?,2025-04-20,1745134003,1745133717,1745134003,286,0.45999999999999996,0.1463414081,BUY No @0.5400,BUY Yes @0.1463,42544.0,13.666665,0.0,1.0,0.0,1.0,2025-05-13 17:12:36+00,2025-05-01 19:15:36+00
W600,a,date,will-trump-lower-tariffs-on-china-by,Will Trump lower tariffs on China by...?,384,537636,537635,Will Trump lower tariffs on China by May 31?,Will Trump lower tariffs on China by April 30?,2025-04-22,1745357173,1745357173,1745356745,428,0.6600000578,0.129416787,BUY No @0.3400,BUY Yes @0.1294,5.882351,318.58,0.0,1.0,0.0,1.0,2025-05-13 17:12:36+00,2025-05-01 19:15:36+00
W600,a,date,will-trump-lower-tariffs-on-china-by,Will Trump lower tariffs on China by...?,384,537636,537635,Will Trump lower tariffs on China by May 31?,Will Trump lower tariffs on China by April 30?,2025-04-23,1745407287,1745406729,1745407287,558,0.73,0.11,SELL Yes @0.7300,BUY Yes @0.1100,4.32,20.0,0.0,1.0,0.0,1.0,2025-05-13 17:12:36+00,2025-05-01 19:15:36+00
W600,a,date,will-trump-lower-tariffs-on-china-by,Will Trump lower tariffs on China by...?,384,537636,537635,Will Trump lower tariffs on China by May 31?,Will Trump lower tariffs on China by April 30?,2025-04-24,1745467373,1745467373,1745466931,442,0.79,0.1299998986,SELL Yes @0.7900,BUY Yes @0.1300,3.61,7.692306,0.0,1.0,0.0,1.0,2025-05-13 17:12:36+00,2025-05-01 19:15:36+00
W600,a,date,will-trump-lower-tariffs-on-china-by,Will Trump lower tariffs on China by...?,384,537636,537635,Will Trump lower tariffs on China by May 31?,Will Trump lower tariffs on China by April 30?,2025-04-25,1745555550,1745555550,1745555216,334,0.7340036323,0.13,BUY No @0.2660,SELL No @0.8700,1651.85,12.06,0.0,1.0,0.0,1.0,2025-05-13 17:12:36+00,2025-05-01 19:15:36+00
W600,a,date,will-trump-lower-tariffs-on-china-by,Will Trump lower tariffs on China by...?,384,537636,537635,Will Trump lower tariffs on China by May 31?,Will Trump lower tariffs on China by April 30?,2025-04-26,1745671758,1745671758,1745671227,531,0.7100000522000001,0.12,BUY No @0.2900,SELL No @0.8800,10.344826,5.61,0.0,1.0,0.0,1.0,2025-05-13 17:12:36+00,2025-05-01 19:15:36+00
W600,a,date,will-trump-lower-tariffs-on-china-by,Will Trump lower tariffs on China by...?,384,537636,537635,Will Trump lower tariffs on China by May 31?,Will Trump lower tariffs on China by April 30?,2025-04-27,1745739887,1745739741,1745739887,146,0.71,0.10999999999999999,BUY No @0.2900,SELL No @0.8900,20.0,500.0,0.0,1.0,0.0,1.0,2025-05-13 17:12:36+00,2025-05-01 19:15:36+00
W600,a,date,will-trump-lower-tariffs-on-china-by,Will Trump lower tariffs on China by...?,384,537636,537635,Will Trump lower tariffs on China by May 31?,Will Trump lower tariffs on China by April 30?,2025-04-28,1745864084,1745864084,1745864062,22,0.6727813339,0.0554350054,BUY No @0.3272,BUY Yes @0.0554,2596.092726,901.957141,0.0,1.0,0.0,1.0,2025-05-13 17:12:36+00,2025-05-01 19:15:36+00
W600,a,date,will-trump-lower-tariffs-on-china-by,Will Trump lower tariffs on China by...?,384,537636,537635,Will Trump lower tariffs on China by May 31?,Will Trump lower tariffs on China by April 30?,2025-04-29,1745914884,1745914884,1745914872,12,0.64,0.050000000000000044,SELL Yes @0.6400,SELL No @0.9500,304.41,106.38,0.0,1.0,0.0,1.0,2025-05-13 17:12:36+00,2025-05-01 19:15:36+00
W600,a,date,will-trump-lower-tariffs-on-china-by,Will Trump lower tariffs on China by...?,384,537636,537635,Will Trump lower tariffs on China by May 31?,Will Trump lower tariffs on China by April 30?,2025-04-30,1745993443,1745993129,1745993443,314,0.52,0.015000000000000013,BUY No @0.4800,SELL No @0.9850,686.28,7.86,0.0,1.0,0.0,1.0,2025-05-13 17:12:36+00,2025-05-01 19:15:36+00
W600,a,date,will-trump-lower-tariffs-on-china-by,Will Trump lower tariffs on China by...?,384,537636,537635,Will Trump lower tariffs on China by May 31?,Will Trump lower tariffs on China by April 30?,2025-05-01,1746096881,1746096489,1746096881,392,0.5440669379,0.0333,BUY No @0.4559,BUY Yes @0.0333,21.933042,30.0,0.0,1.0,0.0,1.0,2025-05-13 17:12:36+00,2025-05-01 19:15:36+00
W120,a,date,will-trump-lower-tariffs-on-china-by,Will Trump lower tariffs on China by...?,384,537636,537635,Will Trump lower tariffs on China by May 31?,Will Trump lower tariffs on China by April 30?,2025-04-16,1744829705,1744829695,1744829705,10,0.21999999999999997,0.1399998824,BUY No @0.7800,BUY Yes @0.1400,51.0,7.142856,0.0,1.0,0.0,1.0,2025-05-13 17:12:36+00,2025-05-01 19:15:36+00
W120,a,date,will-trump-lower-tariffs-on-china-by,Will Trump lower tariffs on China by...?,384,537636,537635,Will Trump lower tariffs on China by May 31?,Will Trump lower tariffs on China by April 30?,2025-04-20,1745151157,1745151155,1745151157,2,0.46,0.1,SELL Yes @0.4600,BUY Yes @0.1000,54.0,40.0,0.0,1.0,0.0,1.0,2025-05-13 17:12:36+00,2025-05-01 19:15:36+00
W120,a,date,will-trump-lower-tariffs-on-china-by,Will Trump lower tariffs on China by...?,384,537636,537635,Will Trump lower tariffs on China by May 31?,Will Trump lower tariffs on China by April 30?,2025-04-22,1745365713,1745365713,1745365675,38,0.67,0.2,SELL Yes @0.6700,BUY Yes @0.2000,18.68,60.0,0.0,1.0,0.0,1.0,2025-05-13 17:12:36+00,2025-05-01 19:15:36+00
W120,a,date,will-trump-lower-tariffs-on-china-by,Will Trump lower tariffs on China by...?,384,537636,537635,Will Trump lower tariffs on China by May 31?,Will Trump lower tariffs on China by April 30?,2025-04-23,1745415541,1745415541,1745415541,0,0.74,0.1436596964,SELL Yes @0.7400,BUY Yes @0.1437,5.02,164.03,0.0,1.0,0.0,1.0,2025-05-13 17:12:36+00,2025-05-01 19:15:36+00
W120,a,date,will-trump-lower-tariffs-on-china-by,Will Trump lower tariffs on China by...?,384,537636,537635,Will Trump lower tariffs on China by May 31?,Will Trump lower tariffs on China by April 30?,2025-04-24,1745494869,1745494869,1745494861,8,0.77,0.11,SELL Yes @0.7700,BUY Yes @0.1100,1.38,113.23,0.0,1.0,0.0,1.0,2025-05-13 17:12:36+00,2025-05-01 19:15:36+00
W120,a,date,will-trump-lower-tariffs-on-china-by,Will Trump lower tariffs on China by...?,384,537636,537635,Will Trump lower tariffs on China by May 31?,Will Trump lower tariffs on China by April 30?,2025-04-25,1745555616,1745555550,1745555616,66,0.7340036323,0.1289933523,BUY No @0.2660,BUY Yes @0.1290,1651.85,157.95,0.0,1.0,0.0,1.0,2025-05-13 17:12:36+00,2025-05-01 19:15:36+00
W120,a,date,will-trump-lower-tariffs-on-china-by,Will Trump lower tariffs on China by...?,384,537636,537635,Will Trump lower tariffs on China by May 31?,Will Trump lower tariffs on China by April 30?,2025-04-26,1745681079,1745681079,1745681061,18,0.7100001334,0.1199998992,BUY No @0.2900,BUY Yes @0.1200,3.448274,8.333332,0.0,1.0,0.0,1.0,2025-05-13 17:12:36+00,2025-05-01 19:15:36+00
W120,a,date,will-trump-lower-tariffs-on-china-by,Will Trump lower tariffs on China by...?,384,537636,537635,Will Trump lower tariffs on China by May 31?,Will Trump lower tariffs on China by April 30?,2025-04-28,1745864084,1745864084,1745864062,22,0.6727813339,0.0554350054,BUY No @0.3272,BUY Yes @0.0554,2596.092726,901.957141,0.0,1.0,0.0,1.0,2025-05-13 17:12:36+00,2025-05-01 19:15:36+00
W120,a,date,will-trump-lower-tariffs-on-china-by,Will Trump lower tariffs on China by...?,384,537636,537635,Will Trump lower tariffs on China by May 31?,Will Trump lower tariffs on China by April 30?,2025-04-29,1745914884,1745914884,1745914872,12,0.64,0.050000000000000044,SELL Yes @0.6400,SELL No @0.9500,304.41,106.38,0.0,1.0,0.0,1.0,2025-05-13 17:12:36+00,2025-05-01 19:15:36+00
W120,a,date,will-trump-lower-tariffs-on-china-by,Will Trump lower tariffs on China by...?,384,537636,537635,Will Trump lower tariffs on China by May 31?,Will Trump lower tariffs on China by April 30?,2025-04-30,1746032510,1746032510,1746032510,0,0.5500000558,0.009888774800000055,BUY No @0.4500,SELL No @0.9901,2.688887,126.59,0.0,1.0,0.0,1.0,2025-05-13 17:12:36+00,2025-05-01 19:15:36+00
W120,a,date,will-trump-lower-tariffs-on-china-by,Will Trump lower tariffs on China by...?,384,537636,537635,Will Trump lower tariffs on China by May 31?,Will Trump lower tariffs on China by April 30?,2025-05-01,1746120763,1746120763,1746120661,102,0.4536987279,0.0010000000000000009,BUY No @0.5463,SELL No @0.9990,54.072726,57.79,0.0,1.0,0.0,1.0,2025-05-13 17:12:36+00,2025-05-01 19:15:36+00
W600,a,strike,bitcoin-above-on-august-18,Bitcoin above ___ on August 18?,389,574920,574919,Bitcoin above $122K on August 18?,Bitcoin above $120K on August 18?,2025-08-14,1755174970,1755174656,1755174970,314,0.4,0.3299999963,BUY No @0.6000,BUY Yes @0.3300,178.14,100.909089,0.0,1.0,0.0,1.0,2025-08-18 18:04:02+00,2025-08-18 18:03:00+00
W600,a,strike,bitcoin-above-on-august-18,Bitcoin above ___ on August 18?,389,574921,574920,Bitcoin above $124K on August 18?,Bitcoin above $122K on August 18?,2025-08-14,1755174968,1755174638,1755174968,330,0.22999999999999998,0.19,BUY No @0.7700,BUY Yes @0.1900,6381.18,5.0,0.0,1.0,0.0,1.0,2025-08-18 18:05:06+00,2025-08-18 18:04:02+00
W600,b,strike,what-will-powell-say-during-december-press-conference,What will Powell say during December Press Conference?,409,658178,658177,"Will Powell say ""Inflation"" 60+ times during December press conference?","Will Powell say ""Inflation"" 50+ times during December press conference?",2025-12-10,1765397282,1765397282,1765397178,104,0.86,0.7690789318,BUY No @0.1400,BUY Yes @0.7691,10.0,28.150554,0.0,1.0,0.0,1.0,2025-12-10 22:55:18+00,2025-12-10 22:26:54+00
W120,b,strike,what-will-powell-say-during-december-press-conference,What will Powell say during December Press Conference?,409,658178,658177,"Will Powell say ""Inflation"" 60+ times during December press conference?","Will Powell say ""Inflation"" 50+ times during December press conference?",2025-12-10,1765397282,1765397282,1765397178,104,0.86,0.7690789318,BUY No @0.1400,BUY Yes @0.7691,10.0,28.150554,0.0,1.0,0.0,1.0,2025-12-10 22:55:18+00,2025-12-10 22:26:54+00
W600,b,date,another-gta-vi-trailer-released-by,Another GTA VI trailer released by...?,434,2599475,2361216,Another GTA VI trailer released by June 26?,Another GTA VI trailer released by June 30?,2026-06-21,1782045725,1782045725,1782045725,0,0.76,0.74,BUY No @0.2400,BUY Yes @0.7400,50.0,50.0,0.05,1.0,0.05,1.0,2026-06-27 07:08:05+00,2026-07-01 21:40:20+00
W600,b,date,another-gta-vi-trailer-released-by,Another GTA VI trailer released by...?,434,2599475,2361216,Another GTA VI trailer released by June 26?,Another GTA VI trailer released by June 30?,2026-06-22,1782146287,1782146287,1782146287,0,0.77,0.75,BUY No @0.2300,BUY Yes @0.7500,25.0,25.0,0.05,1.0,0.05,1.0,2026-06-27 07:08:05+00,2026-07-01 21:40:20+00
W600,b,date,another-gta-vi-trailer-released-by,Another GTA VI trailer released by...?,434,2599475,2361216,Another GTA VI trailer released by June 26?,Another GTA VI trailer released by June 30?,2026-06-23,1782228082,1782228082,1782228082,0,0.8800000182,0.8,BUY No @0.1200,BUY Yes @0.8000,43.916665,109.0,0.05,1.0,0.05,1.0,2026-06-27 07:08:05+00,2026-07-01 21:40:20+00
W120,b,date,another-gta-vi-trailer-released-by,Another GTA VI trailer released by...?,434,2599475,2361216,Another GTA VI trailer released by June 26?,Another GTA VI trailer released by June 30?,2026-06-21,1782045725,1782045725,1782045725,0,0.76,0.74,BUY No @0.2400,BUY Yes @0.7400,50.0,50.0,0.05,1.0,0.05,1.0,2026-06-27 07:08:05+00,2026-07-01 21:40:20+00
W120,b,date,another-gta-vi-trailer-released-by,Another GTA VI trailer released by...?,434,2599475,2361216,Another GTA VI trailer released by June 26?,Another GTA VI trailer released by June 30?,2026-06-22,1782146287,1782146287,1782146287,0,0.77,0.75,BUY No @0.2300,BUY Yes @0.7500,25.0,25.0,0.05,1.0,0.05,1.0,2026-06-27 07:08:05+00,2026-07-01 21:40:20+00
W120,b,date,another-gta-vi-trailer-released-by,Another GTA VI trailer released by...?,434,2599475,2361216,Another GTA VI trailer released by June 26?,Another GTA VI trailer released by June 30?,2026-06-23,1782228082,1782228082,1782228082,0,0.8800000182,0.8,BUY No @0.1200,BUY Yes @0.8000,43.916665,109.0,0.05,1.0,0.05,1.0,2026-06-27 07:08:05+00,2026-07-01 21:40:20+00
W600,a,date,will-russia-recapture-sudzha-by,Will Russia recapture Sudzha by...?,442,527279,521100,Will Russia recapture Sudzha by March 31?,Will Russia recapture Sudzha by April 30?,2025-03-08,1741453735,1741453735,1741453729,6,0.8,0.77,BUY No @0.2000,BUY Yes @0.7700,100.0,34.0,0.0,1.0,0.0,1.0,2025-03-12 20:45:13+00,2025-03-12 21:00:51+00
W120,a,date,will-russia-recapture-sudzha-by,Will Russia recapture Sudzha by...?,442,527279,521100,Will Russia recapture Sudzha by March 31?,Will Russia recapture Sudzha by April 30?,2025-03-08,1741453735,1741453735,1741453729,6,0.8,0.77,BUY No @0.2000,BUY Yes @0.7700,100.0,34.0,0.0,1.0,0.0,1.0,2025-03-12 20:45:13+00,2025-03-12 21:00:51+00
W600,b,strike,what-will-powell-say-during-january-press-conference-639,What will Powell say during January Press Conference?,447,915354,915353,"Will Powell say ""Inflation"" 60+ times during January press conference?","Will Powell say ""Inflation"" 50+ times during January press conference?",2026-01-28,1769629450,1769629004,1769629450,446,0.1434999762,0.1317986117,BUY No @0.8565,BUY Yes @0.1318,220.361925,22.762,0.0,1.0,0.0,1.0,2026-01-28 22:51:36+00,2026-01-28 22:51:36+00
W600,b,strike,fifwc-bra-nor-2026-07-05-player-props,Brazil vs. Norway - Player Props,453,2805575,2805574,Matheus Cunha: 2+ goals,Matheus Cunha: 1+ goals,2026-07-05,1783286402,1783286402,1783286402,0,0.033,0.02,SELL Yes @0.0330,BUY Yes @0.0200,500.0,500.0,0.03,1.0,0.03,1.0,2026-07-05 22:20:28+00,2026-07-05 22:25:23+00
W120,b,strike,fifwc-bra-nor-2026-07-05-player-props,Brazil vs. Norway - Player Props,453,2805575,2805574,Matheus Cunha: 2+ goals,Matheus Cunha: 1+ goals,2026-07-05,1783286402,1783286402,1783286402,0,0.033,0.02,SELL Yes @0.0330,BUY Yes @0.0200,500.0,500.0,0.03,1.0,0.03,1.0,2026-07-05 22:20:28+00,2026-07-05 22:25:23+00
W600,b,strike,ethereum-above-on-june-10-2026,Ethereum above ___ on June 10?,456,2428460,2428457,"Will the price of Ethereum be above $2,200 on June 10?","Will the price of Ethereum be above $2,100 on June 10?",2026-06-05,1780644877,1780644877,1780644876,1,0.08500000320000001,0.032078631,BUY No @0.9150,BUY Yes @0.0321,10.841529,5847.82,0.07,1.0,0.07,1.0,2026-06-10 18:15:07+00,2026-06-10 18:22:40+00
W120,b,strike,ethereum-above-on-june-10-2026,Ethereum above ___ on June 10?,456,2428460,2428457,"Will the price of Ethereum be above $2,200 on June 10?","Will the price of Ethereum be above $2,100 on June 10?",2026-06-05,1780644877,1780644877,1780644876,1,0.08500000320000001,0.032078631,BUY No @0.9150,BUY Yes @0.0321,10.841529,5847.82,0.07,1.0,0.07,1.0,2026-06-10 18:15:07+00,2026-06-10 18:22:40+00
W600,b,date,spacex-starship-flight-test-13,SpaceX Starship Flight Test 13,469,3071036,3071033,Will SpaceX Starship Flight Test 13 launch by July 24?,Will SpaceX Starship Flight Test 13 launch by July 25?,2026-07-23,1784838490,1784838490,1784838490,0,0.6500000863,0.51,BUY No @0.3500,BUY Yes @0.5100,4.057141,20.0,0.04,1.0,0.04,1.0,2026-07-25 01:42:57+00,2026-07-25 02:07:58+00
W600,b,date,spacex-starship-flight-test-13,SpaceX Starship Flight Test 13,469,3071036,3071033,Will SpaceX Starship Flight Test 13 launch by July 24?,Will SpaceX Starship Flight Test 13 launch by July 25?,2026-07-24,1784933476,1784933476,1784933476,0,0.94,0.8699999819,BUY No @0.0600,BUY Yes @0.8700,29.5,1.655169,0.04,1.0,0.04,1.0,2026-07-25 01:42:57+00,2026-07-25 02:07:58+00
W120,b,date,spacex-starship-flight-test-13,SpaceX Starship Flight Test 13,469,3071036,3071033,Will SpaceX Starship Flight Test 13 launch by July 24?,Will SpaceX Starship Flight Test 13 launch by July 25?,2026-07-23,1784838490,1784838490,1784838490,0,0.6500000863,0.51,BUY No @0.3500,BUY Yes @0.5100,4.057141,20.0,0.04,1.0,0.04,1.0,2026-07-25 01:42:57+00,2026-07-25 02:07:58+00
W120,b,date,spacex-starship-flight-test-13,SpaceX Starship Flight Test 13,469,3071036,3071033,Will SpaceX Starship Flight Test 13 launch by July 24?,Will SpaceX Starship Flight Test 13 launch by July 25?,2026-07-24,1784933476,1784933476,1784933476,0,0.94,0.8699999819,BUY No @0.0600,BUY Yes @0.8700,29.5,1.655169,0.04,1.0,0.04,1.0,2026-07-25 01:42:57+00,2026-07-25 02:07:58+00
W600,b,date,spacex-starship-flight-test-13,SpaceX Starship Flight Test 13,469,3071033,3071030,Will SpaceX Starship Flight Test 13 launch by July 25?,Will SpaceX Starship Flight Test 13 launch by July 26?,2026-07-23,1784852479,1784852232,1784852479,247,0.84,0.8200000000000001,SELL Yes @0.8400,SELL No @0.1800,20.0,20.0,0.04,1.0,0.04,1.0,2026-07-25 02:07:58+00,2026-07-25 02:07:58+00
W600,b,date,spacex-starship-flight-test-13,SpaceX Starship Flight Test 13,469,3071033,3071030,Will SpaceX Starship Flight Test 13 launch by July 25?,Will SpaceX Starship Flight Test 13 launch by July 26?,2026-07-24,1784933535,1784933535,1784933476,59,0.99,0.9476128637,SELL Yes @0.9900,SELL No @0.0524,12.05,653.0,0.04,1.0,0.04,1.0,2026-07-25 02:07:58+00,2026-07-25 02:07:58+00
W120,b,date,spacex-starship-flight-test-13,SpaceX Starship Flight Test 13,469,3071033,3071030,Will SpaceX Starship Flight Test 13 launch by July 25?,Will SpaceX Starship Flight Test 13 launch by July 26?,2026-07-24,1784933535,1784933535,1784933476,59,0.99,0.9476128637,SELL Yes @0.9900,SELL No @0.0524,12.05,653.0,0.04,1.0,0.04,1.0,2026-07-25 02:07:58+00,2026-07-25 02:07:58+00
W600,b,date,spacex-starship-flight-test-13,SpaceX Starship Flight Test 13,469,3071030,3071035,Will SpaceX Starship Flight Test 13 launch by July 26?,Will SpaceX Starship Flight Test 13 launch by July 27?,2026-07-24,1784933493,1784933493,1784933197,296,0.9438177778,0.9385314,SELL Yes @0.9438,SELL No @0.0615,45.0,500.0,0.04,1.0,0.04,1.0,2026-07-25 02:07:58+00,2026-07-25 02:07:58+00
W120,b,date,spacex-starship-flight-test-13,SpaceX Starship Flight Test 13,469,3071030,3071035,Will SpaceX Starship Flight Test 13 launch by July 26?,Will SpaceX Starship Flight Test 13 launch by July 27?,2026-07-24,1784933499,1784933499,1784933479,20,0.99,0.9738043875,SELL Yes @0.9900,BUY Yes @0.9738,495.82,986.44,0.04,1.0,0.04,1.0,2026-07-25 02:07:58+00,2026-07-25 02:07:58+00
W600,a,date,will-russia-capture-pokrovsk-train-station-by-september-30,Will Russia capture Pokrovsk train station by...?,475,595736,581880,Will Russia capture Pokrovsk train station by December 31?,Will Russia capture Pokrovsk train station by September 30?,2025-09-18,1758251336,1758251292,1758251336,44,0.61,0.08,SELL Yes @0.6100,BUY Yes @0.0800,26.0,500.0,0.0,1.0,0.0,1.0,2025-10-24 18:29:36+00,2025-10-01 07:15:01+00
W120,a,date,will-russia-capture-pokrovsk-train-station-by-september-30,Will Russia capture Pokrovsk train station by...?,475,595736,581880,Will Russia capture Pokrovsk train station by December 31?,Will Russia capture Pokrovsk train station by September 30?,2025-09-18,1758251336,1758251292,1758251336,44,0.61,0.08,SELL Yes @0.6100,BUY Yes @0.0800,26.0,500.0,0.0,1.0,0.0,1.0,2025-10-24 18:29:36+00,2025-10-01 07:15:01+00
W600,a,date,will-russia-capture-pokrovsk-train-station-by-september-30,Will Russia capture Pokrovsk train station by...?,475,581880,581881,Will Russia capture Pokrovsk train station by September 30?,Will Russia capture Pokrovsk train station by October 31?,2025-08-29,1756440929,1756440929,1756440651,278,0.35,0.33999983,BUY No @0.6500,BUY Yes @0.3400,34.0,2.941175,0.0,1.0,0.0,1.0,2025-10-01 07:15:01+00,2025-10-24 17:56:06+00
W600,a,strike,bitcoin-above-on-september-26,Bitcoin above ___ on September 26?,479,604275,604274,"Will the price of Bitcoin be above $108,000 on September 26?","Will the price of Bitcoin be above $106,000 on September 26?",2025-09-21,1758446960,1758446960,1758446908,52,0.996,0.96,SELL Yes @0.9960,BUY Yes @0.9600,15.0,15.0,0.0,1.0,0.0,1.0,2025-09-26 18:18:15+00,2025-09-26 18:16:43+00
W120,a,strike,bitcoin-above-on-september-26,Bitcoin above ___ on September 26?,479,604275,604274,"Will the price of Bitcoin be above $108,000 on September 26?","Will the price of Bitcoin be above $106,000 on September 26?",2025-09-21,1758446960,1758446960,1758446908,52,0.996,0.96,SELL Yes @0.9960,BUY Yes @0.9600,15.0,15.0,0.0,1.0,0.0,1.0,2025-09-26 18:18:15+00,2025-09-26 18:16:43+00
W600,a,strike,bitcoin-above-on-september-26,Bitcoin above ___ on September 26?,479,604276,604275,"Will the price of Bitcoin be above $110,000 on September 26?","Will the price of Bitcoin be above $108,000 on September 26?",2025-09-22,1758520982,1758520830,1758520982,152,0.85,0.835,BUY No @0.1500,BUY Yes @0.8350,12.0,15.0,0.0,1.0,0.0,1.0,2025-09-26 18:08:41+00,2025-09-26 18:18:15+00
W600,b,strike,base-fdv-above-one-day-after-launch,Base FDV above ___ one day after launch?,485,2491285,2491284,Base FDV above $1B one day after launch?,Base FDV above $500M one day after launch?,2026-06-17,1781685521,1781685521,1781685521,0,0.77,0.74,BUY No @0.2300,BUY Yes @0.7400,21.0,21.0,0.07,1.0,0.07,1.0,,
W120,b,strike,base-fdv-above-one-day-after-launch,Base FDV above ___ one day after launch?,485,2491285,2491284,Base FDV above $1B one day after launch?,Base FDV above $500M one day after launch?,2026-06-17,1781685521,1781685521,1781685521,0,0.77,0.74,BUY No @0.2300,BUY Yes @0.7400,21.0,21.0,0.07,1.0,0.07,1.0,,
W600,b,date,solana-all-time-high-by,Solana all time high by ___?,495,951217,951218,"Solana all time high by September 30, 2026?","Solana all time high by December 31, 2026?",2026-03-23,1774265545,1774265545,1774265545,0,0.19999999999999996,0.17,BUY No @0.8000,BUY Yes @0.1700,100.0,100.0,0.07,1.0,0.07,1.0,2026-10-01 06:10:14+00,
W120,b,date,solana-all-time-high-by,Solana all time high by ___?,495,951217,951218,"Solana all time high by September 30, 2026?","Solana all time high by December 31, 2026?",2026-03-23,1774265545,1774265545,1774265545,0,0.19999999999999996,0.17,BUY No @0.8000,BUY Yes @0.1700,100.0,100.0,0.07,1.0,0.07,1.0,2026-10-01 06:10:14+00,
W600,a,date,us-strikes-iran-by-october-3,US strikes Iran by...?,500,618823,618548,US strikes Iran by October 31?,US strikes Iran by October 3?,2025-10-01,1759305933,1759305933,1759305351,582,0.06999999999999995,0.015000000000000013,BUY No @0.9300,SELL No @0.9850,72.0,0.06,0.0,1.0,0.0,1.0,2025-11-01 06:25:08+00,2025-10-04 06:10:55+00
W600,a,date,us-strikes-iran-by-october-3,US strikes Iran by...?,500,618823,618548,US strikes Iran by October 31?,US strikes Iran by October 3?,2025-10-02,1759432347,1759432347,1759431917,430,0.07999999999999996,0.0040000000000000036,BUY No @0.9200,SELL No @0.9960,4.347825,1.23,0.0,1.0,0.0,1.0,2025-11-01 06:25:08+00,2025-10-04 06:10:55+00
W600,a,date,us-strikes-iran-by-october-3,US strikes Iran by...?,500,618823,618548,US strikes Iran by October 31?,US strikes Iran by October 3?,2025-10-03,1759488728,1759488728,1759488308,420,0.0570118191,0.0050000000000000044,SELL Yes @0.0570,SELL No @0.9950,1298.75,94.32,0.0,1.0,0.0,1.0,2025-11-01 06:25:08+00,2025-10-04 06:10:55+00
W120,a,date,us-strikes-iran-by-october-3,US strikes Iran by...?,500,618823,618548,US strikes Iran by October 31?,US strikes Iran by October 3?,2025-10-02,1759439421,1759439397,1759439421,24,0.06999999999999995,0.0069496402,BUY No @0.9300,BUY Yes @0.0069,856.0,1985.71,0.0,1.0,0.0,1.0,2025-11-01 06:25:08+00,2025-10-04 06:10:55+00
W120,a,date,us-strikes-iran-by-october-3,US strikes Iran by...?,500,618823,618548,US strikes Iran by October 31?,US strikes Iran by October 3?,2025-10-03,1759512672,1759512628,1759512672,44,0.050000000000000044,0.005,BUY No @0.9500,BUY Yes @0.0050,9.83156,200.0,0.0,1.0,0.0,1.0,2025-11-01 06:25:08+00,2025-10-04 06:10:55+00
W600,b,date,israel-x-lebanon-diplomatic-meeting-byptptpt-20260810145737299,Israel x Lebanon diplomatic meeting by...?,502,3869756,3953546,"Israel x Lebanon diplomatic meeting by September 9, 2026?","Israel x Lebanon diplomatic meeting by September 11, 2026?",2026-09-01,1788258949,1788258949,1788258949,0,0.08999999999999997,0.08,BUY No @0.9100,BUY Yes @0.0800,40.0,40.0,0.0,1.0,0.0,1.0,2026-09-10 21:15:06+00,2026-09-12 07:46:51+00
W120,b,date,israel-x-lebanon-diplomatic-meeting-byptptpt-20260810145737299,Israel x Lebanon diplomatic meeting by...?,502,3869756,3953546,"Israel x Lebanon diplomatic meeting by September 9, 2026?","Israel x Lebanon diplomatic meeting by September 11, 2026?",2026-09-01,1788258949,1788258949,1788258949,0,0.08999999999999997,0.08,BUY No @0.9100,BUY Yes @0.0800,40.0,40.0,0.0,1.0,0.0,1.0,2026-09-10 21:15:06+00,2026-09-12 07:46:51+00
W600,b,date,israel-x-lebanon-diplomatic-meeting-byptptpt-20260810145737299,Israel x Lebanon diplomatic meeting by...?,502,3953546,3953548,"Israel x Lebanon diplomatic meeting by September 11, 2026?","Israel x Lebanon diplomatic meeting by September 13, 2026?",2026-09-01,1788259329,1788259329,1788259329,0,0.13,0.1140220464,BUY No @0.8700,BUY Yes @0.1140,9.0,9.033332,0.0,1.0,0.0,1.0,2026-09-12 07:46:51+00,2026-09-14 08:25:37+00
W600,b,date,israel-x-lebanon-diplomatic-meeting-byptptpt-20260810145737299,Israel x Lebanon diplomatic meeting by...?,502,3953546,3953548,"Israel x Lebanon diplomatic meeting by September 11, 2026?","Israel x Lebanon diplomatic meeting by September 13, 2026?",2026-09-03,1788479520,1788479520,1788479520,0,0.11000000160000001,0.1,BUY No @0.8900,BUY Yes @0.1000,18.977527,18.9,0.0,1.0,0.0,1.0,2026-09-12 07:46:51+00,2026-09-14 08:25:37+00
W120,b,date,israel-x-lebanon-diplomatic-meeting-byptptpt-20260810145737299,Israel x Lebanon diplomatic meeting by...?,502,3953546,3953548,"Israel x Lebanon diplomatic meeting by September 11, 2026?","Israel x Lebanon diplomatic meeting by September 13, 2026?",2026-09-01,1788259329,1788259329,1788259329,0,0.13,0.1140220464,BUY No @0.8700,BUY Yes @0.1140,9.0,9.033332,0.0,1.0,0.0,1.0,2026-09-12 07:46:51+00,2026-09-14 08:25:37+00
W120,b,date,israel-x-lebanon-diplomatic-meeting-byptptpt-20260810145737299,Israel x Lebanon diplomatic meeting by...?,502,3953546,3953548,"Israel x Lebanon diplomatic meeting by September 11, 2026?","Israel x Lebanon diplomatic meeting by September 13, 2026?",2026-09-03,1788479520,1788479520,1788479520,0,0.11000000160000001,0.1,BUY No @0.8900,BUY Yes @0.1000,18.977527,18.9,0.0,1.0,0.0,1.0,2026-09-12 07:46:51+00,2026-09-14 08:25:37+00
W600,b,date,israel-x-lebanon-diplomatic-meeting-byptptpt-20260810145737299,Israel x Lebanon diplomatic meeting by...?,502,4503080,4503081,"Israel x Lebanon diplomatic meeting by September 16, 2026?","Israel x Lebanon diplomatic meeting by September 17, 2026?",2026-09-12,1789245189,1789245189,1789245189,0,0.5100000147,0.5,BUY No @0.4900,BUY Yes @0.5000,17.061225,17.04,0.0,1.0,0.0,1.0,2026-09-16 04:41:40+00,2026-09-16 04:41:40+00
W600,b,date,israel-x-lebanon-diplomatic-meeting-byptptpt-20260810145737299,Israel x Lebanon diplomatic meeting by...?,502,4503080,4503081,"Israel x Lebanon diplomatic meeting by September 16, 2026?","Israel x Lebanon diplomatic meeting by September 17, 2026?",2026-09-14,1789373491,1789373017,1789373491,474,0.47,0.44999999999999996,SELL Yes @0.4700,SELL No @0.5500,20.0,40.0,0.0,1.0,0.0,1.0,2026-09-16 04:41:40+00,2026-09-16 04:41:40+00
W600,b,date,israel-x-lebanon-diplomatic-meeting-byptptpt-20260810145737299,Israel x Lebanon diplomatic meeting by...?,502,4503080,4503081,"Israel x Lebanon diplomatic meeting by September 16, 2026?","Israel x Lebanon diplomatic meeting by September 17, 2026?",2026-09-15,1789499569,1789499569,1789499569,0,0.9580000009,0.9279999956,BUY No @0.0420,BUY Yes @0.9280,36.190477,36.185345,0.0,1.0,0.0,1.0,2026-09-16 04:41:40+00,2026-09-16 04:41:40+00
W120,b,date,israel-x-lebanon-diplomatic-meeting-byptptpt-20260810145737299,Israel x Lebanon diplomatic meeting by...?,502,4503080,4503081,"Israel x Lebanon diplomatic meeting by September 16, 2026?","Israel x Lebanon diplomatic meeting by September 17, 2026?",2026-09-12,1789245189,1789245189,1789245189,0,0.5100000147,0.5,BUY No @0.4900,BUY Yes @0.5000,17.061225,17.04,0.0,1.0,0.0,1.0,2026-09-16 04:41:40+00,2026-09-16 04:41:40+00
W120,b,date,israel-x-lebanon-diplomatic-meeting-byptptpt-20260810145737299,Israel x Lebanon diplomatic meeting by...?,502,4503080,4503081,"Israel x Lebanon diplomatic meeting by September 16, 2026?","Israel x Lebanon diplomatic meeting by September 17, 2026?",2026-09-14,1789417015,1789417015,1789417015,0,0.6200000235,0.5899999688,BUY No @0.3800,BUY Yes @0.5900,13.605264,6.40678,0.0,1.0,0.0,1.0,2026-09-16 04:41:40+00,2026-09-16 04:41:40+00
W120,b,date,israel-x-lebanon-diplomatic-meeting-byptptpt-20260810145737299,Israel x Lebanon diplomatic meeting by...?,502,4503080,4503081,"Israel x Lebanon diplomatic meeting by September 16, 2026?","Israel x Lebanon diplomatic meeting by September 17, 2026?",2026-09-15,1789499569,1789499569,1789499569,0,0.9580000009,0.9279999956,BUY No @0.0420,BUY Yes @0.9280,36.190477,36.185345,0.0,1.0,0.0,1.0,2026-09-16 04:41:40+00,2026-09-16 04:41:40+00
W600,b,date,israel-x-lebanon-diplomatic-meeting-byptptpt-20260810145737299,Israel x Lebanon diplomatic meeting by...?,502,4503081,4440617,"Israel x Lebanon diplomatic meeting by September 17, 2026?","Israel x Lebanon diplomatic meeting by September 25, 2026?",2026-09-15,1789481127,1789480924,1789481127,203,0.9410000028,0.94,BUY No @0.0590,BUY Yes @0.9400,17.796611,5.0,0.0,1.0,0.0,1.0,2026-09-16 04:41:40+00,2026-09-16 04:39:39+00
W600,b,date,will-the-supreme-court-rule-on-trumps-tarriffs-by,Will the Supreme Court rule on Trump's tariffs by...?,503,1385844,1385843,Will the Supreme Court rule on Trump's tarriffs by March 31?,Will the Supreme Court rule on Trump's tarriffs by February 25?,2026-02-18,1771473854,1771473854,1771473278,576,0.71,0.3849950594,BUY No @0.2900,BUY Yes @0.3850,100.0,51.948716,0.0,1.0,0.0,1.0,2026-02-20 17:13:38+00,2026-02-20 17:13:38+00
W600,b,date,will-the-supreme-court-rule-on-trumps-tarriffs-by,Will the Supreme Court rule on Trump's tariffs by...?,503,1385844,1385843,Will the Supreme Court rule on Trump's tarriffs by March 31?,Will the Supreme Court rule on Trump's tarriffs by February 25?,2026-02-19,1771483910,1771483674,1771483910,236,0.5,0.28,BUY No @0.5000,BUY Yes @0.2800,100.0,13.88,0.0,1.0,0.0,1.0,2026-02-20 17:13:38+00,2026-02-20 17:13:38+00
W600,b,date,will-the-supreme-court-rule-on-trumps-tarriffs-by,Will the Supreme Court rule on Trump's tariffs by...?,503,1385844,1385843,Will the Supreme Court rule on Trump's tarriffs by March 31?,Will the Supreme Court rule on Trump's tarriffs by February 25?,2026-02-20,1771597210,1771597210,1771596774,436,0.89,0.4,SELL Yes @0.8900,BUY Yes @0.4000,10.8,540.0,0.0,1.0,0.0,1.0,2026-02-20 17:13:38+00,2026-02-20 17:13:38+00
W120,b,date,will-the-supreme-court-rule-on-trumps-tarriffs-by,Will the Supreme Court rule on Trump's tariffs by...?,503,1385844,1385843,Will the Supreme Court rule on Trump's tarriffs by March 31?,Will the Supreme Court rule on Trump's tarriffs by February 25?,2026-02-19,1771491092,1771491092,1771491070,22,0.25,0.16,BUY No @0.7500,BUY Yes @0.1600,1.333332,194.0,0.0,1.0,0.0,1.0,2026-02-20 17:13:38+00,2026-02-20 17:13:38+00
W120,b,date,will-the-supreme-court-rule-on-trumps-tarriffs-by,Will the Supreme Court rule on Trump's tariffs by...?,503,1385844,1385843,Will the Supreme Court rule on Trump's tarriffs by March 31?,Will the Supreme Court rule on Trump's tarriffs by February 25?,2026-02-20,1771599722,1771599722,1771599700,22,0.99,0.48414356,BUY No @0.0100,BUY Yes @0.4841,100.0,1061.02,0.0,1.0,0.0,1.0,2026-02-20 17:13:38+00,2026-02-20 17:13:38+00
W600,a,strike,plasma-market-cap-fdv-one-day-after-launch,Plasma market cap (FDV) one day after launch?,514,551529,551528,Plasma >$1B market cap (FDV) one day after launch?,Plasma >$800M market cap (FDV) one day after launch?,2025-07-01,1751361711,1751361711,1751361607,104,0.85,0.699,BUY No @0.1500,BUY Yes @0.6990,340.0,340.0,0.0,1.0,0.0,1.0,2025-09-26 16:41:43+00,2025-09-26 16:40:43+00
W600,a,strike,plasma-market-cap-fdv-one-day-after-launch,Plasma market cap (FDV) one day after launch?,514,551529,551528,Plasma >$1B market cap (FDV) one day after launch?,Plasma >$800M market cap (FDV) one day after launch?,2025-08-10,1754834041,1754833791,1754834041,250,0.625047619,0.578,BUY No @0.3750,BUY Yes @0.5780,210.0,51.0,0.0,1.0,0.0,1.0,2025-09-26 16:41:43+00,2025-09-26 16:40:43+00
W120,a,strike,plasma-market-cap-fdv-one-day-after-launch,Plasma market cap (FDV) one day after launch?,514,551529,551528,Plasma >$1B market cap (FDV) one day after launch?,Plasma >$800M market cap (FDV) one day after launch?,2025-07-01,1751361711,1751361711,1751361607,104,0.85,0.699,BUY No @0.1500,BUY Yes @0.6990,340.0,340.0,0.0,1.0,0.0,1.0,2025-09-26 16:41:43+00,2025-09-26 16:40:43+00
W600,a,strike,plasma-market-cap-fdv-one-day-after-launch,Plasma market cap (FDV) one day after launch?,514,551530,551529,Plasma >$2B market cap (FDV) one day after launch?,Plasma >$1B market cap (FDV) one day after launch?,2025-08-22,1755858778,1755858268,1755858778,510,0.978,0.9778943869,SELL Yes @0.9780,BUY Yes @0.9779,21.11,40.904181,0.0,1.0,0.0,1.0,2025-09-26 16:43:45+00,2025-09-26 16:41:43+00
W600,a,strike,plasma-market-cap-fdv-one-day-after-launch,Plasma market cap (FDV) one day after launch?,514,551531,551530,Plasma >$4B market cap (FDV) one day after launch?,Plasma >$2B market cap (FDV) one day after launch?,2025-08-10,1754831675,1754831675,1754831651,24,0.42088124439999997,0.41000000000000003,BUY No @0.5791,SELL No @0.5900,167.15,10.0,0.0,1.0,0.0,1.0,2025-09-26 16:44:45+00,2025-09-26 16:43:45+00
W120,a,strike,plasma-market-cap-fdv-one-day-after-launch,Plasma market cap (FDV) one day after launch?,514,551531,551530,Plasma >$4B market cap (FDV) one day after launch?,Plasma >$2B market cap (FDV) one day after launch?,2025-08-10,1754831675,1754831675,1754831651,24,0.42088124439999997,0.41000000000000003,BUY No @0.5791,SELL No @0.5900,167.15,10.0,0.0,1.0,0.0,1.0,2025-09-26 16:44:45+00,2025-09-26 16:43:45+00
W600,a,strike,what-will-powell-say-during-october-press-conference,What will Powell say during October Press Conference?,519,603221,603220,"Will Powell say ""Inflation"" 50+ times during October press conference?","Will Powell say ""Inflation"" 40+ times during October press conference?",2025-10-29,1761763713,1761763233,1761763713,480,0.3710169176,0.34,SELL Yes @0.3710,BUY Yes @0.3400,53.79,15.66,0.0,1.0,0.0,1.0,2025-10-29 23:08:53+00,2025-10-29 21:32:39+00
W600,b,date,will-edgex-launch-a-token-by,Will edgeX launch a token by ___?,537,1242469,1242470,"Will EdgeX launch a token by September 30, 2026?","Will EdgeX launch a token by December 31, 2026?",2026-02-13,1771014503,1771014503,1771014503,0,0.9510000158,0.9359999994,BUY No @0.0490,BUY Yes @0.9360,57.959182,57.991437,0.0,1.0,0.0,1.0,2026-03-31 15:42:23+00,2026-03-31 18:18:07+00
W600,b,date,will-edgex-launch-a-token-by,Will edgeX launch a token by ___?,537,1242469,1242470,"Will EdgeX launch a token by September 30, 2026?","Will EdgeX launch a token by December 31, 2026?",2026-03-18,1773853039,1773853039,1773853039,0,0.9853720286,0.9629999997,BUY No @0.0146,BUY Yes @0.9630,142.193332,104.755945,0.0,1.0,0.0,1.0,2026-03-31 15:42:23+00,2026-03-31 18:18:07+00
W600,b,date,will-edgex-launch-a-token-by,Will edgeX launch a token by ___?,537,1242469,1242470,"Will EdgeX launch a token by September 30, 2026?","Will EdgeX launch a token by December 31, 2026?",2026-03-19,1773903589,1773903529,1773903589,60,0.9738095662,0.9673803738,SELL Yes @0.9738,BUY Yes @0.9674,44.95,79.596375,0.0,1.0,0.0,1.0,2026-03-31 15:42:23+00,2026-03-31 18:18:07+00
W120,b,date,will-edgex-launch-a-token-by,Will edgeX launch a token by ___?,537,1242469,1242470,"Will EdgeX launch a token by September 30, 2026?","Will EdgeX launch a token by December 31, 2026?",2026-02-13,1771014503,1771014503,1771014503,0,0.9510000158,0.9359999994,BUY No @0.0490,BUY Yes @0.9360,57.959182,57.991437,0.0,1.0,0.0,1.0,2026-03-31 15:42:23+00,2026-03-31 18:18:07+00
W120,b,date,will-edgex-launch-a-token-by,Will edgeX launch a token by ___?,537,1242469,1242470,"Will EdgeX launch a token by September 30, 2026?","Will EdgeX launch a token by December 31, 2026?",2026-03-18,1773853039,1773853039,1773853039,0,0.9853720286,0.9629999997,BUY No @0.0146,BUY Yes @0.9630,142.193332,104.755945,0.0,1.0,0.0,1.0,2026-03-31 15:42:23+00,2026-03-31 18:18:07+00
W120,b,date,will-edgex-launch-a-token-by,Will edgeX launch a token by ___?,537,1242469,1242470,"Will EdgeX launch a token by September 30, 2026?","Will EdgeX launch a token by December 31, 2026?",2026-03-19,1773903589,1773903529,1773903589,60,0.9738095662,0.9673803738,SELL Yes @0.9738,BUY Yes @0.9674,44.95,79.596375,0.0,1.0,0.0,1.0,2026-03-31 15:42:23+00,2026-03-31 18:18:07+00
W600,a,date,when-will-the-palisades-fire-be-fully-contained,When will the Palisades wildfire be fully contained?,566,517901,517900,Will the Palisades fire be fully contained by January 31?,Will the Palisades fire be fully contained by January 19?,2025-01-08,1736367192,1736366666,1736367192,526,0.95,0.3699999771,BUY No @0.0500,BUY Yes @0.3700,100.0,27.027026,0.0,1.0,0.0,1.0,2025-02-01 04:39:41+00,2025-01-20 10:29:52+00
W600,a,date,when-will-the-palisades-fire-be-fully-contained,When will the Palisades wildfire be fully contained?,566,517901,517900,Will the Palisades fire be fully contained by January 31?,Will the Palisades fire be fully contained by January 19?,2025-01-09,1736401207,1736400616,1736401207,591,0.6960000359,0.28,BUY No @0.3040,BUY Yes @0.2800,13.157893,12.0,0.0,1.0,0.0,1.0,2025-02-01 04:39:41+00,2025-01-20 10:29:52+00
W600,a,date,when-will-the-palisades-fire-be-fully-contained,When will the Palisades wildfire be fully contained?,566,517901,517900,Will the Palisades fire be fully contained by January 31?,Will the Palisades fire be fully contained by January 19?,2025-01-10,1736488928,1736488928,1736488728,200,0.5569999999999999,0.1427470237,BUY No @0.4430,BUY Yes @0.1427,20.0,70.054,0.0,1.0,0.0,1.0,2025-02-01 04:39:41+00,2025-01-20 10:29:52+00
W600,a,date,when-will-the-palisades-fire-be-fully-contained,When will the Palisades wildfire be fully contained?,566,517901,517900,Will the Palisades fire be fully contained by January 31?,Will the Palisades fire be fully contained by January 19?,2025-01-11,1736603947,1736603618,1736603947,329,0.6730000052,0.08999999999999997,BUY No @0.3270,SELL No @0.9100,100.366971,8.0,0.0,1.0,0.0,1.0,2025-02-01 04:39:41+00,2025-01-20 10:29:52+00
W600,a,date,when-will-the-palisades-fire-be-fully-contained,When will the Palisades wildfire be fully contained?,566,517901,517900,Will the Palisades fire be fully contained by January 31?,Will the Palisades fire be fully contained by January 19?,2025-01-12,1736659588,1736659412,1736659588,176,0.629,0.0597692204,SELL Yes @0.6290,BUY Yes @0.0598,7.71,86.666665,0.0,1.0,0.0,1.0,2025-02-01 04:39:41+00,2025-01-20 10:29:52+00
W600,a,date,when-will-the-palisades-fire-be-fully-contained,When will the Palisades wildfire be fully contained?,566,517901,517900,Will the Palisades fire be fully contained by January 31?,Will the Palisades fire be fully contained by January 19?,2025-01-13,1736748248,1736748248,1736747968,280,0.6600337655999999,0.069,BUY No @0.3400,BUY Yes @0.0690,4118.056025,15.0,0.0,1.0,0.0,1.0,2025-02-01 04:39:41+00,2025-01-20 10:29:52+00
W600,a,date,when-will-the-palisades-fire-be-fully-contained,When will the Palisades wildfire be fully contained?,566,517901,517900,Will the Palisades fire be fully contained by January 31?,Will the Palisades fire be fully contained by January 19?,2025-01-14,1736832112,1736832112,1736832108,4,0.5700730516,0.026,BUY No @0.4299,BUY Yes @0.0260,2157.482806,70.0,0.0,1.0,0.0,1.0,2025-02-01 04:39:41+00,2025-01-20 10:29:52+00
W600,a,date,when-will-the-palisades-fire-be-fully-contained,When will the Palisades wildfire be fully contained?,566,517901,517900,Will the Palisades fire be fully contained by January 31?,Will the Palisades fire be fully contained by January 19?,2025-01-15,1736919172,1736918875,1736919172,297,0.42000000000000004,0.018000000000000016,BUY No @0.5800,SELL No @0.9820,133.3,50.0,0.0,1.0,0.0,1.0,2025-02-01 04:39:41+00,2025-01-20 10:29:52+00
W600,a,date,when-will-the-palisades-fire-be-fully-contained,When will the Palisades wildfire be fully contained?,566,517901,517900,Will the Palisades fire be fully contained by January 31?,Will the Palisades fire be fully contained by January 19?,2025-01-16,1737053829,1737053829,1737053773,56,0.33699999999999997,0.01100000000000001,BUY No @0.6630,SELL No @0.9890,10.0,35.6,0.0,1.0,0.0,1.0,2025-02-01 04:39:41+00,2025-01-20 10:29:52+00
W600,a,date,when-will-the-palisades-fire-be-fully-contained,When will the Palisades wildfire be fully contained?,566,517901,517900,Will the Palisades fire be fully contained by January 31?,Will the Palisades fire be fully contained by January 19?,2025-01-17,1737126299,1737126227,1737126299,72,0.5900921801,0.011,SELL Yes @0.5901,BUY Yes @0.0110,65.09,18.34,0.0,1.0,0.0,1.0,2025-02-01 04:39:41+00,2025-01-20 10:29:52+00
W600,a,date,when-will-the-palisades-fire-be-fully-contained,When will the Palisades wildfire be fully contained?,566,517901,517900,Will the Palisades fire be fully contained by January 31?,Will the Palisades fire be fully contained by January 19?,2025-01-18,1737184647,1737184647,1737184117,530,0.7205986512,0.01200000000000001,SELL Yes @0.7206,SELL No @0.9880,215.0,10.0,0.0,1.0,0.0,1.0,2025-02-01 04:39:41+00,2025-01-20 10:29:52+00
W600,a,date,when-will-the-palisades-fire-be-fully-contained,When will the Palisades wildfire be fully contained?,566,517901,517900,Will the Palisades fire be fully contained by January 31?,Will the Palisades fire be fully contained by January 19?,2025-01-19,1737268047,1737267971,1737268047,76,0.837,0.008000000000000007,BUY No @0.1630,SELL No @0.9920,100.0,205.0,0.0,1.0,0.0,1.0,2025-02-01 04:39:41+00,2025-01-20 10:29:52+00
W120,a,date,when-will-the-palisades-fire-be-fully-contained,When will the Palisades wildfire be fully contained?,566,517901,517900,Will the Palisades fire be fully contained by January 31?,Will the Palisades fire be fully contained by January 19?,2025-01-09,1736405422,1736405382,1736405422,40,0.6915378788,0.2899999772,SELL Yes @0.6915,BUY Yes @0.2900,21.12,27.241378,0.0,1.0,0.0,1.0,2025-02-01 04:39:41+00,2025-01-20 10:29:52+00
W120,a,date,when-will-the-palisades-fire-be-fully-contained,When will the Palisades wildfire be fully contained?,566,517901,517900,Will the Palisades fire be fully contained by January 31?,Will the Palisades fire be fully contained by January 19?,2025-01-10,1736537779,1736537779,1736537731,48,0.5820000004,0.2599998648,BUY No @0.4180,BUY Yes @0.2600,4.784689,3.846152,0.0,1.0,0.0,1.0,2025-02-01 04:39:41+00,2025-01-20 10:29:52+00
W120,a,date,when-will-the-palisades-fire-be-fully-contained,When will the Palisades wildfire be fully contained?,566,517901,517900,Will the Palisades fire be fully contained by January 31?,Will the Palisades fire be fully contained by January 19?,2025-01-11,1736642328,1736642272,1736642328,56,0.63,0.1029999168,SELL Yes @0.6300,BUY Yes @0.1030,10.0,9.708736,0.0,1.0,0.0,1.0,2025-02-01 04:39:41+00,2025-01-20 10:29:52+00
W120,a,date,when-will-the-palisades-fire-be-fully-contained,When will the Palisades wildfire be fully contained?,566,517901,517900,Will the Palisades fire be fully contained by January 31?,Will the Palisades fire be fully contained by January 19?,2025-01-12,1736679243,1736679205,1736679243,38,0.6358820755,0.1178781736,SELL Yes @0.6359,BUY Yes @0.1179,2.12,42.416665,0.0,1.0,0.0,1.0,2025-02-01 04:39:41+00,2025-01-20 10:29:52+00
W120,a,date,when-will-the-palisades-fire-be-fully-contained,When will the Palisades wildfire be fully contained?,566,517901,517900,Will the Palisades fire be fully contained by January 31?,Will the Palisades fire be fully contained by January 19?,2025-01-13,1736774149,1736774071,1736774149,78,0.714,0.0579999894,SELL Yes @0.7140,BUY Yes @0.0580,18.51,86.206895,0.0,1.0,0.0,1.0,2025-02-01 04:39:41+00,2025-01-20 10:29:52+00
W120,a,date,when-will-the-palisades-fire-be-fully-contained,When will the Palisades wildfire be fully contained?,566,517901,517900,Will the Palisades fire be fully contained by January 31?,Will the Palisades fire be fully contained by January 19?,2025-01-14,1736832112,1736832112,1736832108,4,0.5700730516,0.026,BUY No @0.4299,BUY Yes @0.0260,2157.482806,70.0,0.0,1.0,0.0,1.0,2025-02-01 04:39:41+00,2025-01-20 10:29:52+00
W120,a,date,when-will-the-palisades-fire-be-fully-contained,When will the Palisades wildfire be fully contained?,566,517901,517900,Will the Palisades fire be fully contained by January 31?,Will the Palisades fire be fully contained by January 19?,2025-01-15,1736934558,1736934456,1736934558,102,0.28100005139999995,0.03,BUY No @0.7190,BUY Yes @0.0300,5.271209,60.0,0.0,1.0,0.0,1.0,2025-02-01 04:39:41+00,2025-01-20 10:29:52+00
W120,a,date,when-will-the-palisades-fire-be-fully-contained,When will the Palisades wildfire be fully contained?,566,517901,517900,Will the Palisades fire be fully contained by January 31?,Will the Palisades fire be fully contained by January 19?,2025-01-16,1737053829,1737053829,1737053773,56,0.33699999999999997,0.01100000000000001,BUY No @0.6630,SELL No @0.9890,10.0,35.6,0.0,1.0,0.0,1.0,2025-02-01 04:39:41+00,2025-01-20 10:29:52+00
W120,a,date,when-will-the-palisades-fire-be-fully-contained,When will the Palisades wildfire be fully contained?,566,517901,517900,Will the Palisades fire be fully contained by January 31?,Will the Palisades fire be fully contained by January 19?,2025-01-17,1737126299,1737126227,1737126299,72,0.5900921801,0.011,SELL Yes @0.5901,BUY Yes @0.0110,65.09,18.34,0.0,1.0,0.0,1.0,2025-02-01 04:39:41+00,2025-01-20 10:29:52+00
W120,a,date,when-will-the-palisades-fire-be-fully-contained,When will the Palisades wildfire be fully contained?,566,517901,517900,Will the Palisades fire be fully contained by January 31?,Will the Palisades fire be fully contained by January 19?,2025-01-19,1737268047,1737267971,1737268047,76,0.837,0.008000000000000007,BUY No @0.1630,SELL No @0.9920,100.0,205.0,0.0,1.0,0.0,1.0,2025-02-01 04:39:41+00,2025-01-20 10:29:52+00
W600,b,strike,aapl-above-on-january-23-2026,Will Apple (AAPL) finish week of January 19 above___?,579,1201195,1201193,Will Apple (AAPL) finish week of January 19 above $245?,Will Apple (AAPL) finish week of January 19 above $240?,2026-01-20,1768943350,1768943350,1768943350,0,0.4,0.32,BUY No @0.6000,BUY Yes @0.3200,22.0,22.0,0.0,1.0,0.0,1.0,2026-01-24 00:20:06+00,2026-01-24 00:19:12+00
W120,b,strike,aapl-above-on-january-23-2026,Will Apple (AAPL) finish week of January 19 above___?,579,1201195,1201193,Will Apple (AAPL) finish week of January 19 above $245?,Will Apple (AAPL) finish week of January 19 above $240?,2026-01-20,1768943350,1768943350,1768943350,0,0.4,0.32,BUY No @0.6000,BUY Yes @0.3200,22.0,22.0,0.0,1.0,0.0,1.0,2026-01-24 00:20:06+00,2026-01-24 00:19:12+00
W600,b,strike,aapl-above-on-january-23-2026,Will Apple (AAPL) finish week of January 19 above___?,579,1201197,1201195,Will Apple (AAPL) finish week of January 19 above $250?,Will Apple (AAPL) finish week of January 19 above $245?,2026-01-20,1768947668,1768947668,1768947668,0,0.28,0.18,BUY No @0.7200,BUY Yes @0.1800,61.0,61.0,0.0,1.0,0.0,1.0,2026-01-24 00:20:06+00,2026-01-24 00:20:06+00
W120,b,strike,aapl-above-on-january-23-2026,Will Apple (AAPL) finish week of January 19 above___?,579,1201197,1201195,Will Apple (AAPL) finish week of January 19 above $250?,Will Apple (AAPL) finish week of January 19 above $245?,2026-01-20,1768947668,1768947668,1768947668,0,0.28,0.18,BUY No @0.7200,BUY Yes @0.1800,61.0,61.0,0.0,1.0,0.0,1.0,2026-01-24 00:20:06+00,2026-01-24 00:20:06+00
W600,b,strike,what-price-will-bitcoin-hit-on-april-11,What price will Bitcoin hit on April 11?,583,1943673,1943697,"Will Bitcoin reach $78,000 on April 11?","Will Bitcoin reach $76,000 on April 11?",2026-04-11,1775945989,1775945979,1775945989,10,0.031000000000000028,0.022,BUY No @0.9690,BUY Yes @0.0220,891.00472,859.168,0.07,1.0,0.07,1.0,2026-04-12 07:14:11+00,2026-04-12 07:16:03+00
W120,b,strike,what-price-will-bitcoin-hit-on-april-11,What price will Bitcoin hit on April 11?,583,1943673,1943697,"Will Bitcoin reach $78,000 on April 11?","Will Bitcoin reach $76,000 on April 11?",2026-04-11,1775945989,1775945979,1775945989,10,0.031000000000000028,0.022,BUY No @0.9690,BUY Yes @0.0220,891.00472,859.168,0.07,1.0,0.07,1.0,2026-04-12 07:14:11+00,2026-04-12 07:16:03+00
W600,b,strike,what-price-will-zcash-hit-before-2027,What price will Zcash hit in 2026?,607,701850,701849,"Will Zcash dip to $50 by December 31, 2026?","Will Zcash dip to $100 by December 31, 2026?",2026-02-14,1771087789,1771087787,1771087789,2,0.5700000000000001,0.48,BUY No @0.4300,BUY Yes @0.4800,5.0,5.0,0.07,1.0,0.07,1.0,,
W120,b,strike,what-price-will-zcash-hit-before-2027,What price will Zcash hit in 2026?,607,701850,701849,"Will Zcash dip to $50 by December 31, 2026?","Will Zcash dip to $100 by December 31, 2026?",2026-02-14,1771087789,1771087787,1771087789,2,0.5700000000000001,0.48,BUY No @0.4300,BUY Yes @0.4800,5.0,5.0,0.07,1.0,0.07,1.0,,
W600,b,strike,what-price-will-zcash-hit-before-2027,What price will Zcash hit in 2026?,608,701842,701843,"Will Zcash reach $800 by December 31, 2026?","Will Zcash reach $700 by December 31, 2026?",2026-03-13,1773409899,1773409899,1773409899,0,0.26,0.22,BUY No @0.7400,BUY Yes @0.2200,76.0,22.76,0.07,1.0,0.07,1.0,2026-08-22 07:44:42+00,2026-08-21 22:43:10+00
W600,b,strike,what-price-will-zcash-hit-before-2027,What price will Zcash hit in 2026?,608,701842,701843,"Will Zcash reach $800 by December 31, 2026?","Will Zcash reach $700 by December 31, 2026?",2026-06-05,1780664134,1780664134,1780664134,0,0.25,0.22,BUY No @0.7500,BUY Yes @0.2200,20.0,20.0,0.07,1.0,0.07,1.0,2026-08-22 07:44:42+00,2026-08-21 22:43:10+00
W600,b,strike,what-price-will-zcash-hit-before-2027,What price will Zcash hit in 2026?,608,701842,701843,"Will Zcash reach $800 by December 31, 2026?","Will Zcash reach $700 by December 31, 2026?",2026-06-21,1782026348,1782026348,1782026348,0,0.33999999999999997,0.3,BUY No @0.6600,BUY Yes @0.3000,3.92,3.92,0.07,1.0,0.07,1.0,2026-08-22 07:44:42+00,2026-08-21 22:43:10+00
W120,b,strike,what-price-will-zcash-hit-before-2027,What price will Zcash hit in 2026?,608,701842,701843,"Will Zcash reach $800 by December 31, 2026?","Will Zcash reach $700 by December 31, 2026?",2026-03-13,1773409899,1773409899,1773409899,0,0.26,0.22,BUY No @0.7400,BUY Yes @0.2200,76.0,22.76,0.07,1.0,0.07,1.0,2026-08-22 07:44:42+00,2026-08-21 22:43:10+00
W120,b,strike,what-price-will-zcash-hit-before-2027,What price will Zcash hit in 2026?,608,701842,701843,"Will Zcash reach $800 by December 31, 2026?","Will Zcash reach $700 by December 31, 2026?",2026-06-05,1780664134,1780664134,1780664134,0,0.25,0.22,BUY No @0.7500,BUY Yes @0.2200,20.0,20.0,0.07,1.0,0.07,1.0,2026-08-22 07:44:42+00,2026-08-21 22:43:10+00
W120,b,strike,what-price-will-zcash-hit-before-2027,What price will Zcash hit in 2026?,608,701842,701843,"Will Zcash reach $800 by December 31, 2026?","Will Zcash reach $700 by December 31, 2026?",2026-06-21,1782026348,1782026348,1782026348,0,0.33999999999999997,0.3,BUY No @0.6600,BUY Yes @0.3000,3.92,3.92,0.07,1.0,0.07,1.0,2026-08-22 07:44:42+00,2026-08-21 22:43:10+00
W600,b,strike,what-price-will-zcash-hit-before-2027,What price will Zcash hit in 2026?,608,701841,701842,"Will Zcash reach $900 by December 31, 2026?","Will Zcash reach $800 by December 31, 2026?",2026-06-04,1780568374,1780568374,1780568374,0,0.36,0.31,BUY No @0.6400,BUY Yes @0.3100,7.0,7.0,0.07,1.0,0.07,1.0,2026-09-03 17:51:31+00,2026-08-22 07:44:42+00
W120,b,strike,what-price-will-zcash-hit-before-2027,What price will Zcash hit in 2026?,608,701841,701842,"Will Zcash reach $900 by December 31, 2026?","Will Zcash reach $800 by December 31, 2026?",2026-06-04,1780568374,1780568374,1780568374,0,0.36,0.31,BUY No @0.6400,BUY Yes @0.3100,7.0,7.0,0.07,1.0,0.07,1.0,2026-09-03 17:51:31+00,2026-08-22 07:44:42+00
W600,b,strike,what-price-will-zcash-hit-before-2027,What price will Zcash hit in 2026?,608,3867078,3867082,"Will Zcash reach $1500 by December 31, 2026?","Will Zcash reach $1400 by December 31, 2026?",2026-09-15,1789499403,1789499403,1789499403,0,0.5600000051,0.5099999802,BUY No @0.4400,BUY Yes @0.5100,23.727273,23.745097,0.07,1.0,0.07,1.0,2026-09-17 20:26:09+00,2026-09-17 20:26:09+00
W120,b,strike,what-price-will-zcash-hit-before-2027,What price will Zcash hit in 2026?,608,3867078,3867082,"Will Zcash reach $1500 by December 31, 2026?","Will Zcash reach $1400 by December 31, 2026?",2026-09-15,1789499403,1789499403,1789499403,0,0.5600000051,0.5099999802,BUY No @0.4400,BUY Yes @0.5100,23.727273,23.745097,0.07,1.0,0.07,1.0,2026-09-17 20:26:09+00,2026-09-17 20:26:09+00
W600,b,date,next-claude-sonnet-released-byptptpt-20260624195227239,Next Claude Sonnet released by...?,615,2685466,2685467,"Will the next Claude Sonnet model be released by July 2, 2026?","Will the next Claude Sonnet model be released by July 3, 2026?",2026-06-28,1782668593,1782668593,1782668593,0,0.4800000043,0.4499999904,BUY No @0.5200,BUY Yes @0.4500,47.03846,47.022221,0.04,1.0,0.04,1.0,2026-06-30 20:00:38+00,2026-06-30 20:00:38+00
W600,b,date,next-claude-sonnet-released-byptptpt-20260624195227239,Next Claude Sonnet released by...?,615,2685466,2685467,"Will the next Claude Sonnet model be released by July 2, 2026?","Will the next Claude Sonnet model be released by July 3, 2026?",2026-06-29,1782754271,1782754271,1782754270,1,0.3000000047,0.2799999878,BUY No @0.7000,BUY Yes @0.2800,42.742856,42.714284,0.04,1.0,0.04,1.0,2026-06-30 20:00:38+00,2026-06-30 20:00:38+00
W600,b,date,next-claude-sonnet-released-byptptpt-20260624195227239,Next Claude Sonnet released by...?,615,2685466,2685467,"Will the next Claude Sonnet model be released by July 2, 2026?","Will the next Claude Sonnet model be released by July 3, 2026?",2026-06-30,1782834350,1782834350,1782834350,0,0.9299999999999999,0.92,BUY No @0.0700,BUY Yes @0.9200,20.0,20.0,0.04,1.0,0.04,1.0,2026-06-30 20:00:38+00,2026-06-30 20:00:38+00
W120,b,date,next-claude-sonnet-released-byptptpt-20260624195227239,Next Claude Sonnet released by...?,615,2685466,2685467,"Will the next Claude Sonnet model be released by July 2, 2026?","Will the next Claude Sonnet model be released by July 3, 2026?",2026-06-28,1782668593,1782668593,1782668593,0,0.4800000043,0.4499999904,BUY No @0.5200,BUY Yes @0.4500,47.03846,47.022221,0.04,1.0,0.04,1.0,2026-06-30 20:00:38+00,2026-06-30 20:00:38+00
W120,b,date,next-claude-sonnet-released-byptptpt-20260624195227239,Next Claude Sonnet released by...?,615,2685466,2685467,"Will the next Claude Sonnet model be released by July 2, 2026?","Will the next Claude Sonnet model be released by July 3, 2026?",2026-06-29,1782754271,1782754271,1782754270,1,0.3000000047,0.2799999878,BUY No @0.7000,BUY Yes @0.2800,42.742856,42.714284,0.04,1.0,0.04,1.0,2026-06-30 20:00:38+00,2026-06-30 20:00:38+00
W120,b,date,next-claude-sonnet-released-byptptpt-20260624195227239,Next Claude Sonnet released by...?,615,2685466,2685467,"Will the next Claude Sonnet model be released by July 2, 2026?","Will the next Claude Sonnet model be released by July 3, 2026?",2026-06-30,1782834350,1782834350,1782834350,0,0.9299999999999999,0.92,BUY No @0.0700,BUY Yes @0.9200,20.0,20.0,0.04,1.0,0.04,1.0,2026-06-30 20:00:38+00,2026-06-30 20:00:38+00
W600,b,strike,solana-above-on-march-3,Solana above ___ on March 3?,616,1428007,1427995,Will the price of Solana be above $70 on March 3?,Will the price of Solana be above $60 on March 3?,2026-03-01,1772384441,1772384441,1772383995,446,0.9886144766,0.979,BUY No @0.0114,BUY Yes @0.9790,87.830833,100.0,0.0,1.0,0.0,1.0,2026-03-03 19:22:35+00,2026-03-03 19:23:27+00
W600,a,strike,bitcoin-above-on-september-22,Bitcoin above ___ on September 22?,683,598976,598975,"Will the price of Bitcoin be above $112,000 on September 22?","Will the price of Bitcoin be above $110,000 on September 22?",2025-09-21,1758446880,1758446852,1758446880,28,0.98,0.974,BUY No @0.0200,BUY Yes @0.9740,200.0,115.0,0.0,1.0,0.0,1.0,2025-09-22 18:21:36+00,2025-09-22 18:22:46+00
W600,a,strike,bitcoin-above-on-september-22,Bitcoin above ___ on September 22?,683,598976,598975,"Will the price of Bitcoin be above $112,000 on September 22?","Will the price of Bitcoin be above $110,000 on September 22?",2025-09-22,1758520966,1758520790,1758520966,176,0.953,0.933,BUY No @0.0470,BUY Yes @0.9330,100.0,15.0,0.0,1.0,0.0,1.0,2025-09-22 18:21:36+00,2025-09-22 18:22:46+00
W120,a,strike,bitcoin-above-on-september-22,Bitcoin above ___ on September 22?,683,598976,598975,"Will the price of Bitcoin be above $112,000 on September 22?","Will the price of Bitcoin be above $110,000 on September 22?",2025-09-21,1758446880,1758446852,1758446880,28,0.98,0.974,BUY No @0.0200,BUY Yes @0.9740,200.0,115.0,0.0,1.0,0.0,1.0,2025-09-22 18:21:36+00,2025-09-22 18:22:46+00
W600,a,strike,bitcoin-above-on-september-22,Bitcoin above ___ on September 22?,683,598977,598976,"Will the price of Bitcoin be above $114,000 on September 22?","Will the price of Bitcoin be above $112,000 on September 22?",2025-09-22,1758520968,1758520912,1758520968,56,0.4,0.391,SELL Yes @0.4000,BUY Yes @0.3910,15.0,100.0,0.0,1.0,0.0,1.0,2025-09-22 18:13:44+00,2025-09-22 18:21:36+00
W120,a,strike,bitcoin-above-on-september-22,Bitcoin above ___ on September 22?,683,598977,598976,"Will the price of Bitcoin be above $114,000 on September 22?","Will the price of Bitcoin be above $112,000 on September 22?",2025-09-22,1758520968,1758520912,1758520968,56,0.4,0.391,SELL Yes @0.4000,BUY Yes @0.3910,15.0,100.0,0.0,1.0,0.0,1.0,2025-09-22 18:13:44+00,2025-09-22 18:21:36+00
W600,a,date,ukraine-hits-moscow-by-september-30,Ukraine hits Moscow by....?,767,610235,580857,Ukraine hits Moscow by December 31?,Ukraine hits Moscow by September 30?,2025-09-23,1758674267,1758674141,1758674267,126,0.53,0.1199998992,BUY No @0.4700,BUY Yes @0.1200,2.07,8.333332,0.0,1.0,0.0,1.0,2026-01-01 11:45:25+00,2025-10-01 06:17:45+00
W600,a,date,ukraine-hits-moscow-by-september-30,Ukraine hits Moscow by....?,767,610235,580857,Ukraine hits Moscow by December 31?,Ukraine hits Moscow by September 30?,2025-09-24,1758694137,1758694137,1758694109,28,0.43000000000000005,0.1,BUY No @0.5700,BUY Yes @0.1000,20.0,50.0,0.0,1.0,0.0,1.0,2026-01-01 11:45:25+00,2025-10-01 06:17:45+00
W600,a,date,ukraine-hits-moscow-by-september-30,Ukraine hits Moscow by....?,767,610235,580857,Ukraine hits Moscow by December 31?,Ukraine hits Moscow by September 30?,2025-09-25,1758813956,1758813956,1758813748,208,0.36,0.06,BUY No @0.6400,BUY Yes @0.0600,139.76,120.0,0.0,1.0,0.0,1.0,2026-01-01 11:45:25+00,2025-10-01 06:17:45+00
W600,a,date,ukraine-hits-moscow-by-september-30,Ukraine hits Moscow by....?,767,610235,580857,Ukraine hits Moscow by December 31?,Ukraine hits Moscow by September 30?,2025-09-28,1759095813,1759095813,1759095441,372,0.33999999999999997,0.03,BUY No @0.6600,BUY Yes @0.0300,48.47,200.0,0.0,1.0,0.0,1.0,2026-01-01 11:45:25+00,2025-10-01 06:17:45+00
W600,a,date,ukraine-hits-moscow-by-september-30,Ukraine hits Moscow by....?,767,610235,580857,Ukraine hits Moscow by December 31?,Ukraine hits Moscow by September 30?,2025-09-30,1759265429,1759265429,1759265335,94,0.38000000069999995,0.01200000000000001,BUY No @0.6200,SELL No @0.9880,387.096773,5.81,0.0,1.0,0.0,1.0,2026-01-01 11:45:25+00,2025-10-01 06:17:45+00
W120,a,date,ukraine-hits-moscow-by-september-30,Ukraine hits Moscow by....?,767,610235,580857,Ukraine hits Moscow by December 31?,Ukraine hits Moscow by September 30?,2025-09-24,1758694137,1758694137,1758694109,28,0.43000000000000005,0.1,BUY No @0.5700,BUY Yes @0.1000,20.0,50.0,0.0,1.0,0.0,1.0,2026-01-01 11:45:25+00,2025-10-01 06:17:45+00
W120,a,date,ukraine-hits-moscow-by-september-30,Ukraine hits Moscow by....?,767,610235,580857,Ukraine hits Moscow by December 31?,Ukraine hits Moscow by September 30?,2025-09-30,1759265429,1759265429,1759265335,94,0.38000000069999995,0.01200000000000001,BUY No @0.6200,SELL No @0.9880,387.096773,5.81,0.0,1.0,0.0,1.0,2026-01-01 11:45:25+00,2025-10-01 06:17:45+00
W600,a,date,jimmy-kimmel-back-on-air-by,Jimmy Kimmel back on air by...?,792,603028,603029,"Jimmy Kimmel hosts an episode of ""Jimmy Kimmel Live!"" by September 30?","Jimmy Kimmel hosts an episode of ""Jimmy Kimmel Live!"" by October 15?",2025-09-22,1758569582,1758569582,1758569558,24,0.7,0.41,BUY No @0.3000,BUY Yes @0.4100,7.12,26.0,0.0,1.0,0.0,1.0,2025-09-24 06:09:19+00,2025-09-24 06:09:35+00
W120,a,date,jimmy-kimmel-back-on-air-by,Jimmy Kimmel back on air by...?,792,603028,603029,"Jimmy Kimmel hosts an episode of ""Jimmy Kimmel Live!"" by September 30?","Jimmy Kimmel hosts an episode of ""Jimmy Kimmel Live!"" by October 15?",2025-09-22,1758569582,1758569582,1758569558,24,0.7,0.41,BUY No @0.3000,BUY Yes @0.4100,7.12,26.0,0.0,1.0,0.0,1.0,2025-09-24 06:09:19+00,2025-09-24 06:09:35+00
W600,a,date,will-trump-lower-tariffs-on-canada-by,Will Trump lower tariffs on Canada by...?,983,537698,537697,Will Trump lower tariffs on Canada by December 31?,Will Trump lower tariffs on Canada by July 31?,2025-05-05,1746432502,1746432502,1746432008,494,0.9299999999999999,0.71,BUY No @0.0700,SELL No @0.2900,389.13,100.9,0.0,1.0,0.0,1.0,2026-01-01 16:57:49+00,2025-08-01 10:45:52+00
W600,a,date,will-trump-lower-tariffs-on-canada-by,Will Trump lower tariffs on Canada by...?,983,537698,537697,Will Trump lower tariffs on Canada by December 31?,Will Trump lower tariffs on Canada by July 31?,2025-05-15,1747367411,1747367411,1747367381,30,0.92,0.69,BUY No @0.0800,BUY Yes @0.6900,100.0,306.0,0.0,1.0,0.0,1.0,2026-01-01 16:57:49+00,2025-08-01 10:45:52+00
W600,a,date,will-trump-lower-tariffs-on-canada-by,Will Trump lower tariffs on Canada by...?,983,537698,537697,Will Trump lower tariffs on Canada by December 31?,Will Trump lower tariffs on Canada by July 31?,2025-05-29,1748508269,1748507845,1748508269,424,0.9031920777,0.59,BUY No @0.0968,BUY Yes @0.5900,954.77,5.0,0.0,1.0,0.0,1.0,2026-01-01 16:57:49+00,2025-08-01 10:45:52+00
W600,a,date,will-trump-lower-tariffs-on-canada-by,Will Trump lower tariffs on Canada by...?,983,537698,537697,Will Trump lower tariffs on Canada by December 31?,Will Trump lower tariffs on Canada by July 31?,2025-06-28,1751150207,1751149617,1751150207,590,0.8009999999999999,0.2599999181,BUY No @0.1990,BUY Yes @0.2600,21.0,6.346152,0.0,1.0,0.0,1.0,2026-01-01 16:57:49+00,2025-08-01 10:45:52+00
W600,a,date,will-trump-lower-tariffs-on-canada-by,Will Trump lower tariffs on Canada by...?,983,537698,537697,Will Trump lower tariffs on Canada by December 31?,Will Trump lower tariffs on Canada by July 31?,2025-07-14,1752517310,1752517212,1752517310,98,0.9169122511,0.3362198771,BUY No @0.0831,SELL No @0.6638,36.106394,253.96,0.0,1.0,0.0,1.0,2026-01-01 16:57:49+00,2025-08-01 10:45:52+00
W600,a,date,will-trump-lower-tariffs-on-canada-by,Will Trump lower tariffs on Canada by...?,983,537698,537697,Will Trump lower tariffs on Canada by December 31?,Will Trump lower tariffs on Canada by July 31?,2025-07-24,1753352222,1753352222,1753352218,4,0.871,0.21,BUY No @0.1290,BUY Yes @0.2100,30.0,30.0,0.0,1.0,0.0,1.0,2026-01-01 16:57:49+00,2025-08-01 10:45:52+00
W600,a,date,will-trump-lower-tariffs-on-canada-by,Will Trump lower tariffs on Canada by...?,983,537698,537697,Will Trump lower tariffs on Canada by December 31?,Will Trump lower tariffs on Canada by July 31?,2025-07-27,1753609243,1753609243,1753609235,8,0.8008081848999999,0.2,BUY No @0.1992,BUY Yes @0.2000,502.028655,500.0,0.0,1.0,0.0,1.0,2026-01-01 16:57:49+00,2025-08-01 10:45:52+00
W600,a,date,will-trump-lower-tariffs-on-canada-by,Will Trump lower tariffs on Canada by...?,983,537698,537697,Will Trump lower tariffs on Canada by December 31?,Will Trump lower tariffs on Canada by July 31?,2025-08-01,1754031112,1754031112,1754031026,86,0.8049999999999999,0.020000000000000018,BUY No @0.1950,SELL No @0.9800,10.0,5.26,0.0,1.0,0.0,1.0,2026-01-01 16:57:49+00,2025-08-01 10:45:52+00
W120,a,date,will-trump-lower-tariffs-on-canada-by,Will Trump lower tariffs on Canada by...?,983,537698,537697,Will Trump lower tariffs on Canada by December 31?,Will Trump lower tariffs on Canada by July 31?,2025-05-15,1747367411,1747367411,1747367381,30,0.92,0.69,BUY No @0.0800,BUY Yes @0.6900,100.0,306.0,0.0,1.0,0.0,1.0,2026-01-01 16:57:49+00,2025-08-01 10:45:52+00
W120,a,date,will-trump-lower-tariffs-on-canada-by,Will Trump lower tariffs on Canada by...?,983,537698,537697,Will Trump lower tariffs on Canada by December 31?,Will Trump lower tariffs on Canada by July 31?,2025-07-14,1752517310,1752517212,1752517310,98,0.9169122511,0.3362198771,BUY No @0.0831,SELL No @0.6638,36.106394,253.96,0.0,1.0,0.0,1.0,2026-01-01 16:57:49+00,2025-08-01 10:45:52+00
W120,a,date,will-trump-lower-tariffs-on-canada-by,Will Trump lower tariffs on Canada by...?,983,537698,537697,Will Trump lower tariffs on Canada by December 31?,Will Trump lower tariffs on Canada by July 31?,2025-07-24,1753352222,1753352222,1753352218,4,0.871,0.21,BUY No @0.1290,BUY Yes @0.2100,30.0,30.0,0.0,1.0,0.0,1.0,2026-01-01 16:57:49+00,2025-08-01 10:45:52+00
W120,a,date,will-trump-lower-tariffs-on-canada-by,Will Trump lower tariffs on Canada by...?,983,537698,537697,Will Trump lower tariffs on Canada by December 31?,Will Trump lower tariffs on Canada by July 31?,2025-07-27,1753609243,1753609243,1753609235,8,0.8008081848999999,0.2,BUY No @0.1992,BUY Yes @0.2000,502.028655,500.0,0.0,1.0,0.0,1.0,2026-01-01 16:57:49+00,2025-08-01 10:45:52+00
W120,a,date,will-trump-lower-tariffs-on-canada-by,Will Trump lower tariffs on Canada by...?,983,537698,537697,Will Trump lower tariffs on Canada by December 31?,Will Trump lower tariffs on Canada by July 31?,2025-08-01,1754031112,1754031112,1754031026,86,0.8049999999999999,0.020000000000000018,BUY No @0.1950,SELL No @0.9800,10.0,5.26,0.0,1.0,0.0,1.0,2026-01-01 16:57:49+00,2025-08-01 10:45:52+00
W600,a,date,will-trump-lower-tariffs-on-canada-by,Will Trump lower tariffs on Canada by...?,983,537697,537696,Will Trump lower tariffs on Canada by July 31?,Will Trump lower tariffs on Canada by May 31?,2025-04-17,1744864424,1744864356,1744864424,68,0.41000000000000003,0.17,BUY No @0.5900,BUY Yes @0.1700,10.0,333.0,0.0,1.0,0.0,1.0,2025-08-01 10:45:52+00,2025-06-01 10:35:42+00
W600,a,date,will-trump-lower-tariffs-on-canada-by,Will Trump lower tariffs on Canada by...?,983,537697,537696,Will Trump lower tariffs on Canada by July 31?,Will Trump lower tariffs on Canada by May 31?,2025-05-28,1748473970,1748473970,1748473912,58,0.39,0.02200000000000002,SELL Yes @0.3900,SELL No @0.9780,7.4,22.22,0.0,1.0,0.0,1.0,2025-08-01 10:45:52+00,2025-06-01 10:35:42+00
W120,a,date,will-trump-lower-tariffs-on-canada-by,Will Trump lower tariffs on Canada by...?,983,537697,537696,Will Trump lower tariffs on Canada by July 31?,Will Trump lower tariffs on Canada by May 31?,2025-04-17,1744864424,1744864356,1744864424,68,0.41000000000000003,0.17,BUY No @0.5900,BUY Yes @0.1700,10.0,333.0,0.0,1.0,0.0,1.0,2025-08-01 10:45:52+00,2025-06-01 10:35:42+00
W120,a,date,will-trump-lower-tariffs-on-canada-by,Will Trump lower tariffs on Canada by...?,983,537697,537696,Will Trump lower tariffs on Canada by July 31?,Will Trump lower tariffs on Canada by May 31?,2025-05-28,1748473970,1748473970,1748473912,58,0.39,0.02200000000000002,SELL Yes @0.3900,SELL No @0.9780,7.4,22.22,0.0,1.0,0.0,1.0,2025-08-01 10:45:52+00,2025-06-01 10:35:42+00
W600,a,date,nato-downs-another-russian-drone-by-september-30,NATO downs another Russian drone by...?,1105,614682,593301,NATO downs another Russian drone by October 31?,NATO downs another Russian drone by September 30?,2025-09-28,1759099135,1759098931,1759099135,204,0.34000002640000004,0.0298174085,BUY No @0.6600,BUY Yes @0.0298,10.606058,100.612332,0.0,1.0,0.0,1.0,2025-11-01 08:35:28+00,2025-10-01 07:27:49+00
W600,a,date,nato-downs-another-russian-drone-by-september-30,NATO downs another Russian drone by...?,1105,614682,593301,NATO downs another Russian drone by October 31?,NATO downs another Russian drone by September 30?,2025-09-29,1759156151,1759156151,1759155755,396,0.33000000669999996,0.02080961130000003,BUY No @0.6700,SELL No @0.9792,4.477609,152.32,0.0,1.0,0.0,1.0,2025-11-01 08:35:28+00,2025-10-01 07:27:49+00
W120,a,date,nato-downs-another-russian-drone-by-september-30,NATO downs another Russian drone by...?,1105,614682,593301,NATO downs another Russian drone by October 31?,NATO downs another Russian drone by September 30?,2025-09-29,1759159431,1759159431,1759159411,20,0.33000008039999995,0.020000000000000018,BUY No @0.6700,SELL No @0.9800,1.492536,105.0,0.0,1.0,0.0,1.0,2025-11-01 08:35:28+00,2025-10-01 07:27:49+00
