id,event,event_title,ticker,asset_class,strict,question,level,direction,window_end,end_session,entry_day,fee_rate,fee_exponent,volume,weekly,forward_start,outcome,prints,sell_prints,sell_size,sell_price,buy_prints,buy_price,print_price,served,reach_oldest,status,expiry,expiry_rank,days_expiry_minus_end,T_days,tau_days,k_lo,k_hi,stepped,leg_lo,leg_lo_bid,leg_lo_ask,leg_lo_age_s,leg_hi,leg_hi_bid,leg_hi_ask,leg_hi_age_s,zero_bid_leg,p_lo,p_mid,p_hi,s0,s0_half_spread,s0_age_s,close_end,expiries_tried,anchor_central,central_lo,central_hi,anchor_s21,sell_pnl,sell_pnl_2x_fee,in_band,gap,gap_s21,B0,B0_s21,delta,hedged_pnl,hedged_pnl_2x_fee,move_dir
1712246,305506,Will S&P 500 ETF (SPY) hit __ in April?,SPY,sp500,False,Will SPDR S&P 500 ETF Trust (SPY) hit (LOW) $640 in April?,640.0,-1,2026-04-30,2026-04-30,2026-03-27,0.04,1.0,22386.13394800001,False,True,0.0,0,0,0.0,nan,0,nan,nan,97,1774964449.0,ok,2026-04-30,1.0,0.0,34.0,34.0,639.0,641.0,0.0,O:SPY260430P00639000,21.44,21.8,0.7828278541564941,O:SPY260430P00641000,22.29,22.65,3.6783065795898438,False,0.2459145795284045,0.42658651550845705,0.6072584514885097,634.055,0.0049999999999954525,0.006575584411621094,718.66,nan,0.8531730310169141,0.49182915905680924,1.0,0.8531730310169141,nan,nan,False,nan,nan,False,False,nan,nan,nan,-0.12525266541666644
1748448,315496,Will Opendoor Technologies Inc. (OPEN) hit Week of March 30 2026?,OPEN,stock,False,Will Opendoor Technologies Inc. (OPEN) hit (LOW) $4.50 Week of March 30 2026?,4.5,-1,2026-04-03,2026-04-03,2026-03-27,0.04,1.0,14658.272598000003,True,True,1.0,0,0,0.0,nan,0,nan,nan,21,1774877439.0,ok,2026-04-02,1.0,-1.0,6.0,7.0,4.0,5.0,0.0,O:OPEN260402P00004000,0.04,0.05,300.9147856235504,O:OPEN260402P00005000,0.3,0.35,0.7344868183135986,False,0.2501644376174017,0.2801841701314899,0.3102039026455781,4.795,0.004999999999999893,0.01865243911743164,nan,nan,0.589817898838554,0.5326425759070006,0.646569414382683,0.5603683402629798,nan,nan,False,nan,nan,False,False,-1.2216955824103977,nan,nan,nan
1940777,365559,What will Apple (AAPL) hit Week of April 13 2026?,AAPL,stock,False,Will Apple (AAPL) hit (HIGH) $264 Week of April 13 2026?,264.0,1,2026-04-17,2026-04-17,2026-04-10,0.04,1.0,14489.888307999998,True,True,1.0,9,3,1344.62766,0.44999076019045514,6,0.3120650595300885,0.4239104449905626,45,1775890085.0,ok,2026-04-17,1.0,0.0,7.0,7.0,262.5,265.0,0.0,O:AAPL260417C00262500,2.18,2.24,0.18668723106384277,O:AAPL260417C00265000,1.32,1.35,0.7123956680297852,False,0.33225478264386205,0.3502685961606979,0.36828240967753384,260.01,0.009999999999990905,0.6945111751556396,270.23,nan,0.700537192321396,0.6645095652877242,0.7365648193550678,0.7005371923213958,-55.990920284689174,-56.98091658842386,True,-25.054643213094085,-25.054643213094064,False,False,0.07197196573946035,-27.418049886123217,-28.408046189857902,0.03855335641599226
1941285,365649,What will S&P 500 (SPY) hit Week of April 13 2026?,SPY,sp500,False,Will S&P 500 (SPY) hit (HIGH) $715 Week of April 13 2026?,715.0,1,2026-04-17,2026-04-17,2026-04-10,0.04,1.0,20662.453635,True,True,0.0,22,19,3047.12676,0.028223250058326446,3,0.016405680232352823,0.027881898317987167,73,1775886783.0,ok,2026-04-17,1.0,0.0,7.0,7.0,714.0,716.0,0.0,O:SPY260417C00714000,0.01,0.02,4.392690420150757,O:SPY260417C00716000,0.01,0.02,34.80671834945679,False,0.0,0.0,0.0050038370880099705,678.86,0.009999999999990905,0.008843421936035156,710.14,nan,1.999999943436137e-09,1.999999943436137e-09,0.010007674176019998,0.0,2.7126182129747582,2.6029114201168717,True,2.8223248058326504,2.822325005832645,False,False,2.0973391813981703e-09,2.7126247692570393,2.602917976399153,0.04504721296340106
2009048,389981,What will Alphabet Inc. (GOOGL) hit Week of April 20 2026?,GOOGL,stock,False,Will Alphabet Inc. (GOOGL) hit (HIGH) $345 Week of April 20 2026?,345.0,1,2026-04-24,2026-04-24,2026-04-17,0.04,1.0,10128.257690000002,True,True,1.0,0,0,0.0,nan,0,nan,nan,31,1776875804.0,ok,2026-04-24,1.0,0.0,7.0,7.0,342.5,347.5,0.0,O:GOOGL260424C00342500,5.1,5.4,0.46143245697021484,O:GOOGL260424C00347500,3.15,3.4,0.6702704429626465,False,0.3402609219846779,0.39530312995278766,0.45034533792089737,341.48,0.009999999999990905,0.03714942932128906,344.4,nan,0.7906062599055752,0.680521843969356,0.9006906758417947,0.7906062599055753,nan,nan,False,nan,nan,False,False,0.05840090844719796,nan,nan,0.008514660411470016
2009164,389991,What will NVIDIA (NVDA) hit Week of April 20 2026?,NVDA,stock,False,Will NVIDIA (NVDA) hit (LOW) $200 Week of April 20 2026?,200.0,-1,2026-04-24,2026-04-24,2026-04-17,0.04,1.0,17126.091315,True,True,1.0,1,0,0.0,nan,1,0.98,0.98,41,1776636470.0,ok,2026-04-24,1.0,0.0,7.0,7.0,197.5,202.5,0.0,O:NVDA260424P00197500,1.72,1.76,2.4804739952087402,O:NVDA260424P00202500,3.7,3.9,0.36340808868408203,False,0.3882977580295737,0.4123161760520215,0.43633459407446934,201.485,0.005000000000009663,0.11110496520996094,208.27,nan,0.8246323521040431,0.7765955160591473,0.8726691881489388,0.824632352104043,nan,nan,True,nan,nan,False,False,-0.1157437942979413,nan,nan,-0.03312037792245209
2009364,390006,What will S&P 500 (SPY) hit Week of April 20 2026?,SPY,sp500,False,Will S&P 500 (SPY) hit (LOW) $700 Week of April 20 2026?,700.0,-1,2026-04-24,2026-04-24,2026-04-17,0.04,1.0,13968.928404999999,True,True,0.0,0,0,0.0,nan,0,nan,nan,15,1776974396.0,ok,2026-04-24,1.0,0.0,7.0,7.0,699.0,701.0,0.0,O:SPY260424P00699000,1.75,1.8,2.192767381668091,O:SPY260424P00701000,2.11,2.16,2.231269121170044,False,0.155118949728309,0.18013813516835886,0.20515732060840886,710.175,0.0049999999999954525,0.04801154136657715,713.94,nan,0.3602762703367177,0.31023789945661795,0.4103146412168177,0.3602762703367177,nan,nan,False,nan,nan,False,False,-0.04686873906754404,nan,nan,-0.005287506657443752
2071710,414552,What will Apple (AAPL) hit Week of April 27 2026?,AAPL,stock,False,Will Apple (AAPL) hit (HIGH) $276 Week of April 27 2026?,276.0,1,2026-05-01,2026-05-01,2026-04-24,0.04,1.0,11021.842352999998,True,True,1.0,0,0,0.0,nan,0,nan,nan,72,1777383024.0,ok,2026-05-01,1.0,0.0,7.0,7.0,275.0,277.5,0.0,O:AAPL260501C00275000,3.9,4.0,0.32559943199157715,O:AAPL260501C00277500,2.97,3.1,0.9410576820373535,False,0.320245573632638,0.3662808748423298,0.4123161760520215,271.19,0.01999999999998181,0.04865765571594238,280.14,nan,0.7325617496846597,0.6404911472652759,0.8246323521040431,0.7325617496846596,nan,nan,False,nan,nan,False,False,0.05394257181154084,nan,nan,0.032469795980833806
2071823,414579,"What will Amazon.com, Inc. (AMZN) hit Week of April 27 2026?",AMZN,stock,False,"Will Amazon.com, Inc. (AMZN) hit (HIGH) $268 Week of April 27 2026?",268.0,1,2026-05-01,2026-05-01,2026-04-24,0.04,1.0,19976.929333,True,True,1.0,0,0,0.0,nan,0,nan,nan,51,1777305338.0,ok,2026-05-01,1.0,0.0,7.0,7.0,267.5,270.0,0.0,O:AMZN260501C00267500,8.1,8.35,0.3889350891113281,O:AMZN260501C00270000,7.1,7.3,1.6217515468597412,False,0.320245573632638,0.4103146412168177,0.500383708800997,264.275,0.01500000000001478,0.0729379653930664,268.26,nan,0.8206292824336354,0.6404911472652759,1.0,0.8206292824336354,nan,nan,False,nan,nan,False,False,0.047666494331993985,nan,nan,0.014966431819217668
2071859,414584,What will Alphabet Inc. (GOOGL) hit Week of April 27 2026?,GOOGL,stock,False,Will Alphabet Inc. (GOOGL) hit (HIGH) $365 Week of April 27 2026?,365.0,1,2026-05-01,2026-05-01,2026-04-24,0.04,1.0,19143.626664999996,True,True,1.0,0,0,0.0,nan,0,nan,nan,28,1777302590.0,ok,2026-05-01,1.0,0.0,7.0,7.0,362.5,367.5,0.0,O:GOOGL260501C00362500,3.65,3.85,0.6602768898010254,O:GOOGL260501C00367500,2.66,2.96,0.7147216796875,False,0.13810590362907516,0.18814427450917487,0.23818264538927456,345.145,0.0049999999999954525,0.445375919342041,385.69,nan,0.3762885490183496,0.2762118072581503,0.4763652907785494,0.37628854901834974,nan,nan,False,nan,nan,False,False,0.024723758714301897,nan,nan,0.11106931940250325
2071860,414584,What will Alphabet Inc. (GOOGL) hit Week of April 27 2026?,GOOGL,stock,False,Will Alphabet Inc. (GOOGL) hit (HIGH) $360 Week of April 27 2026?,360.0,1,2026-05-01,2026-05-01,2026-04-24,0.04,1.0,13523.541473000001,True,True,1.0,1,0,0.0,nan,1,0.8199999988,0.8199999988,547,1777165230.0,ok,2026-05-01,1.0,0.0,7.0,7.0,357.5,362.5,0.0,O:GOOGL260501C00357500,5.0,5.2,0.6606078147888184,O:GOOGL260501C00362500,3.65,3.85,0.6602768898010254,False,0.2301765060484586,0.2702072027525383,0.31023789945661817,345.145,0.0049999999999954525,0.445375919342041,385.69,nan,0.5404144055050766,0.4603530120969175,0.6204757989132365,0.5404144055050766,nan,nan,True,nan,nan,False,False,0.027845367101211556,nan,nan,0.11106931940250325
2071915,414588,"What will Meta Platforms, Inc. (META) hit Week of April 27 2026?",META,stock,False,"Will Meta Platforms, Inc. (META) hit (LOW) $660 Week of April 27 2026?",660.0,-1,2026-05-01,2026-05-01,2026-04-24,0.04,1.0,18203.620866999998,True,True,1.0,0,0,0.0,nan,0,nan,nan,35,1777402820.0,ok,2026-05-01,1.0,0.0,7.0,7.0,657.5,662.5,0.0,O:META260501P00657500,16.5,16.7,0.6707069873809814,O:META260501P00662500,17.75,18.8,0.6100771427154541,False,0.21016115769641888,0.33525708489666745,0.46035301209691737,675.79,0.060000000000002274,0.21174359321594238,608.745,nan,0.670514169793335,0.4203223153928377,0.9207060241938347,0.6705141697933349,nan,nan,False,nan,nan,False,False,-0.019407563788727288,nan,nan,0.104482916082701
2071916,414588,"What will Meta Platforms, Inc. (META) hit Week of April 27 2026?",META,stock,False,"Will Meta Platforms, Inc. (META) hit (LOW) $650 Week of April 27 2026?",650.0,-1,2026-05-01,2026-05-01,2026-04-24,0.04,1.0,13929.3685,True,True,1.0,0,0,0.0,nan,0,nan,nan,19,1777305776.0,ok,2026-05-01,1.0,0.0,7.0,7.0,647.5,652.5,0.0,O:META260501P00647500,12.7,13.0,0.7124197483062744,O:META260501P00652500,14.5,14.75,1.6006803512573242,False,0.3002302252805982,0.35527243324870794,0.4103146412168177,675.79,0.060000000000002274,0.21174359321594238,608.745,nan,0.710544866497416,0.6004604505611963,0.8206292824336354,0.7105448664974159,nan,nan,False,nan,nan,False,False,-0.010511822700133603,nan,nan,0.104482916082701
2071948,414592,"What will Tesla, Inc. (TSLA) hit Week of April 27 2026?",TSLA,stock,False,"Will Tesla, Inc. (TSLA) hit (HIGH) $397.50 Week of April 27 2026?",397.5,1,2026-05-01,2026-05-01,2026-04-24,0.04,1.0,17475.540499000002,True,True,1.0,0,0,0.0,nan,0,nan,nan,99,1777296184.0,ok,2026-05-01,1.0,0.0,7.0,7.0,395.0,400.0,0.0,O:TSLA260501C00395000,3.1,3.25,1.744697093963623,O:TSLA260501C00400000,2.27,2.3,5.748857021331787,False,0.16012278681631908,0.17813660033315487,0.19615041384999082,377.695,0.014999999999986358,0.0010342597961425781,390.82,nan,0.35627320066630963,0.3202455736326383,0.39230082769998154,0.35627320066630974,nan,nan,False,nan,nan,False,False,0.0249162351876983,nan,nan,0.034160104320601785
2072064,414601,What will Palantir Technologies Inc. (PLTR) hit Week of April 27 2026?,PLTR,stock,False,Will Palantir Technologies Inc. (PLTR) hit (HIGH) $147 Week of April 27 2026?,147.0,1,2026-05-01,2026-05-01,2026-04-24,0.04,1.0,12314.571766000001,True,True,0.0,0,0,0.0,nan,0,nan,nan,95,1777297572.0,ok,2026-05-01,1.0,0.0,7.0,7.0,146.0,148.0,0.0,O:PLTR260501C00146000,2.68,2.86,0.35246968269348145,O:PLTR260501C00148000,2.01,2.17,2.198568820953369,False,0.2551956914885086,0.34026092198467806,0.42532615248084754,143.22,0.020000000000010232,0.15685367584228516,144.07,nan,0.6805218439693561,0.5103913829770172,0.8506523049616952,0.6805218439693561,nan,nan,False,nan,nan,False,False,0.08089790042871559,nan,nan,0.005917382994587905
2074132,415429,"What will Airbnb, Inc. (ABNB) hit in May 2026?",ABNB,stock,True,"Will Airbnb, Inc. (ABNB) hit (HIGH) $152 in May?",152.0,1,2026-05-31,2026-05-29,2026-05-01,0.04,1.0,13837.456541,False,False,0.0,0,0,0.0,nan,0,nan,nan,122,1777896980.0,ok,2026-05-29,1.0,0.0,28.0,28.0,150.0,152.5,0.0,O:ABNB260529C00150000,3.8,4.45,0.14856576919555664,O:ABNB260529C00152500,2.76,3.55,0.12607288360595703,False,0.10030732057947986,0.38919240384838194,0.678077487117284,141.94,0.03999999999999204,0.9226953983306885,133.31,nan,0.7783848076967639,0.20061464115895977,1.0,0.7783848076967639,nan,nan,False,nan,nan,False,False,0.02220548463770522,nan,nan,-0.06272718997125118
2074133,415429,"What will Airbnb, Inc. (ABNB) hit in May 2026?",ABNB,stock,True,"Will Airbnb, Inc. (ABNB) hit (HIGH) $148 in May?",148.0,1,2026-05-31,2026-05-29,2026-05-01,0.04,1.0,11010.482143,False,False,0.0,0,0,0.0,nan,0,nan,nan,87,1777896980.0,ok,2026-05-29,1.0,0.0,28.0,28.0,147.0,149.0,0.0,O:ABNB260529C00147000,4.65,5.55,0.4228508472442627,O:ABNB260529C00149000,4.05,4.8,0.1369020938873291,False,0.0,0.33853720695574446,0.752304904346099,141.94,0.03999999999999204,0.9226953983306885,133.31,nan,0.6770744139114888,1.999999943436137e-09,1.0,0.6770744139114889,nan,nan,False,nan,nan,False,False,0.05134378428660011,nan,nan,-0.06272718997125118
2074138,415429,"What will Airbnb, Inc. (ABNB) hit in May 2026?",ABNB,stock,True,"Will Airbnb, Inc. (ABNB) hit (LOW) $128 in May?",128.0,-1,2026-05-31,2026-05-29,2026-05-01,0.04,1.0,38050.01577,False,False,0.0,0,0,0.0,nan,0,nan,nan,369,1777910724.0,ok,2026-05-29,1.0,0.0,28.0,28.0,127.0,129.0,0.0,O:ABNB260529P00127000,1.54,2.48,0.17733502388000488,O:ABNB260529P00129000,1.99,2.97,0.3778984546661377,False,0.0,0.23572220336177777,0.7171973421432811,141.94,0.03999999999999204,0.9226953983306885,133.31,nan,0.4714444067235556,1.999999943436137e-09,1.0,0.47144440672355553,nan,nan,False,nan,nan,False,False,-0.03021513985042608,nan,nan,0.06272718997125118
2074139,415429,"What will Airbnb, Inc. (ABNB) hit in May 2026?",ABNB,stock,True,"Will Airbnb, Inc. (ABNB) hit (LOW) $124 in May?",124.0,-1,2026-05-31,2026-05-29,2026-05-01,0.04,1.0,31861.81236600001,False,False,0.0,0,0,0.0,nan,0,nan,nan,196,1777901504.0,ok,2026-05-29,1.0,0.0,28.0,28.0,123.0,125.0,0.0,O:ABNB260529P00123000,1.07,1.91,0.14951324462890625,O:ABNB260529P00125000,1.25,2.09,0.17600178718566895,False,0.0,0.09027658852153185,0.5115673349553472,141.94,0.03999999999999204,0.9226953983306885,133.31,nan,0.18055317704306373,1.999999943436137e-09,1.0,0.1805531770430637,nan,nan,False,nan,nan,False,False,-0.022727167524848234,nan,nan,0.06272718997125118
2074140,415429,"What will Airbnb, Inc. (ABNB) hit in May 2026?",ABNB,stock,True,"Will Airbnb, Inc. (ABNB) hit (LOW) $120 in May?",120.0,-1,2026-05-31,2026-05-29,2026-05-01,0.04,1.0,14556.422944000002,False,False,0.0,2,2,397.56179,0.25948619711500764,0,nan,0.25948619711500764,109,1777601692.0,ok,2026-05-29,1.0,0.0,28.0,28.0,119.0,121.0,0.0,O:ABNB260529P00119000,0.45,0.99,19.84159541130066,O:ABNB260529P00121000,0.81,1.53,0.1730339527130127,False,0.0,0.22569147130382966,0.5416595311291913,141.94,0.03999999999999204,0.9226953983306885,133.31,nan,0.4513829426076592,1.999999943436137e-09,1.0,0.4513829426076593,25.180007269013565,24.411394826526372,True,-19.189674549265156,-19.189674549265167,False,False,-0.01898672684545645,41.41365872187885,40.645046279391664,0.06272718997125118
2074141,415429,"What will Airbnb, Inc. (ABNB) hit in May 2026?",ABNB,stock,True,"Will Airbnb, Inc. (ABNB) hit (LOW) $116 in May?",116.0,-1,2026-05-31,2026-05-29,2026-05-01,0.04,1.0,11281.921345999997,False,False,0.0,2,1,11.565125,0.04886466860000005,1,0.071,0.06941551278744452,66,1777592626.0,ok,2026-05-29,1.0,0.0,28.0,28.0,115.0,117.0,0.0,O:ABNB260529P00115000,0.35,0.94,0.1490321159362793,O:ABNB260529P00117000,0.45,0.88,0.1480550765991211,False,0.0,0.010030732057947996,0.26581439953562164,141.94,0.03999999999999204,0.9226953983306885,133.31,nan,0.020061464115896044,1.999999943436137e-09,0.5316287990712434,0.020061464115895992,4.7005592089495565,4.514651557899107,True,2.8803204484104006,2.880320448410406,False,False,-0.004338386783036008,8.409879908445347,8.223972257394898,0.06272718997125118
2264857,415429,"What will Airbnb, Inc. (ABNB) hit in May 2026?",ABNB,stock,True,"Will Airbnb, Inc. (ABNB) hit (HIGH) $144 in May?",144.0,1,2026-05-31,2026-05-29,2026-05-15,0.04,1.0,12499.767557,False,False,0.0,0,0,0.0,nan,0,nan,nan,81,1779111179.0,ok,2026-05-29,1.0,0.0,14.0,14.0,143.0,145.0,0.0,O:ABNB260529C00143000,0.41,0.75,0.008525609970092773,O:ABNB260529C00145000,0.05,0.71,0.47452211380004883,False,0.0,0.1001535424133764,0.3505373984468174,133.095,0.044999999999987494,1.9753878116607666,133.31,nan,0.20030708482675275,1.999999943436137e-09,0.7010747968936348,0.2003070848267528,nan,nan,False,nan,nan,False,False,0.04293545568267336,nan,nan,0.001614084170174767
2264858,415429,"What will Airbnb, Inc. (ABNB) hit in May 2026?",ABNB,stock,True,"Will Airbnb, Inc. (ABNB) hit (HIGH) $140 in May?",140.0,1,2026-05-31,2026-05-29,2026-05-15,0.04,1.0,20102.555336999994,False,False,0.0,4,1,10.0,0.35,3,0.4689473684210526,0.4551162790697674,194,1778881401.0,ok,2026-05-29,1.0,0.0,14.0,14.0,139.0,141.0,0.0,O:ABNB260529C00139000,0.96,1.59,0.17619967460632324,O:ABNB260529C00141000,0.52,1.13,0.004445075988769531,False,0.0,0.22534547043009692,0.5358214519115638,133.095,0.044999999999987494,1.9753878116607666,133.31,nan,0.4506909408601939,1.999999943436137e-09,1.0,0.45069094086019384,34.089999999999996,33.18,True,-10.069094086019392,-10.069094086019387,False,False,0.06726528085742173,34.93081601071796,34.020816010717965,0.001614084170174767
2074142,415430,"What will Coinbase Global, Inc. (COIN) hit in May 2026?",COIN,stock,True,"Will Coinbase Global, Inc. (COIN) hit (HIGH) $230 in May?",230.0,1,2026-05-31,2026-05-29,2026-05-01,0.04,1.0,20633.331869,False,False,0.0,2,2,446.44,0.2700456948302124,0,nan,0.2700456948302124,224,1777535306.0,ok,2026-05-29,1.0,0.0,28.0,28.0,225.0,235.0,2.0,O:COIN260529C00225000,4.7,5.1,0.2684037685394287,O:COIN260529C00235000,3.2,3.6,0.35804271697998047,False,0.11033805263742785,0.15046098086921977,0.19058390910101167,191.2,0.07000000000000739,1.351921558380127,189.03,nan,0.30092196173843955,0.2206761052748556,0.3811678182020233,0.30092196173843955,26.21608541288572,25.4276013427502,True,-3.087626690822715,-3.087626690822715,False,False,0.013683232576757567,23.05525868765472,22.2667746175192,-0.011414267995227018
2074143,415430,"What will Coinbase Global, Inc. (COIN) hit in May 2026?",COIN,stock,True,"Will Coinbase Global, Inc. (COIN) hit (HIGH) $225 in May?",225.0,1,2026-05-31,2026-05-29,2026-05-01,0.04,1.0,25332.114987,False,False,0.0,4,1,8.34,0.4,3,0.46999998767564066,0.4507033952893593,201,1777628756.0,ok,2026-05-29,1.0,0.0,28.0,28.0,220.0,230.0,2.0,O:COIN260529C00220000,5.55,6.05,0.26946258544921875,O:COIN260529C00230000,3.95,4.25,0.3797585964202881,False,0.13039951675332379,0.1705224449851158,0.21064537321690766,191.2,0.07000000000000739,1.351921558380127,189.03,nan,0.34104488997023163,0.2607990335066477,0.42129074643381537,0.3410448899702316,39.04,38.080000000000005,True,5.895511002976839,5.8955110029768445,True,True,0.015512792345188367,35.45654496826148,34.49654496826149,-0.011414267995227018
2074144,415430,"What will Coinbase Global, Inc. (COIN) hit in May 2026?",COIN,stock,True,"Will Coinbase Global, Inc. (COIN) hit (HIGH) $220 in May?",220.0,1,2026-05-31,2026-05-29,2026-05-01,0.04,1.0,12198.795552999998,False,False,1.0,0,0,0.0,nan,0,nan,nan,124,1777643890.0,ok,2026-05-29,1.0,0.0,28.0,28.0,215.0,225.0,2.0,O:COIN260529C00215000,6.8,7.15,0.9747524261474609,O:COIN260529C00225000,4.7,5.1,0.2684037685394287,False,0.1705224449851158,0.20813769020242062,0.24575293541972568,191.2,0.07000000000000739,1.351921558380127,189.03,nan,0.41627538040484113,0.34104488997023163,0.4915058708394513,0.41627538040484124,nan,nan,False,nan,nan,False,False,0.017374646800725754,nan,nan,-0.011414267995227018
2074146,415430,"What will Coinbase Global, Inc. (COIN) hit in May 2026?",COIN,stock,True,"Will Coinbase Global, Inc. (COIN) hit (HIGH) $210 in May?",210.0,1,2026-05-31,2026-05-29,2026-05-01,0.04,1.0,11863.533371999994,False,False,1.0,0,0,0.0,nan,0,nan,nan,101,1777873156.0,ok,2026-05-29,1.0,0.0,28.0,28.0,205.0,215.0,2.0,O:COIN260529C00205000,9.65,10.3,0.3798491954803467,O:COIN260529C00215000,6.8,7.15,0.9747524261474609,False,0.25076830144869966,0.30092196173843977,0.3510756220281796,191.2,0.07000000000000739,1.351921558380127,189.03,nan,0.6018439234768795,0.5015366028973993,0.7021512440563593,0.6018439234768795,nan,nan,False,nan,nan,False,False,0.020260840884555226,nan,nan,-0.011414267995227018
2074151,415430,"What will Coinbase Global, Inc. (COIN) hit in May 2026?",COIN,stock,True,"Will Coinbase Global, Inc. (COIN) hit (LOW) $185 in May?",185.0,-1,2026-05-31,2026-05-29,2026-05-01,0.04,1.0,11082.315998,False,False,1.0,0,0,0.0,nan,0,nan,nan,34,1777891682.0,ok,2026-05-29,1.0,0.0,28.0,28.0,180.0,190.0,2.0,O:COIN260529P00180000,9.45,10.2,0.37923336029052734,O:COIN260529P00190000,14.1,14.8,0.9484493732452393,False,0.39119855025997147,0.46392135768009435,0.5366441651002174,191.2,0.07000000000000739,1.351921558380127,189.03,nan,0.9278427153601887,0.782397100519943,1.0,0.9278427153601887,nan,nan,False,nan,nan,False,False,-0.011417276924996616,nan,nan,0.011414267995227018
2074152,415430,"What will Coinbase Global, Inc. (COIN) hit in May 2026?",COIN,stock,True,"Will Coinbase Global, Inc. (COIN) hit (LOW) $180 in May?",180.0,-1,2026-05-31,2026-05-29,2026-05-01,0.04,1.0,43595.62260199997,False,False,1.0,1,0,0.0,nan,1,0.75,0.75,422,1777642602.0,ok,2026-05-29,1.0,0.0,28.0,28.0,175.0,185.0,2.0,O:COIN260529P00175000,7.3,8.25,0.05154681205749512,O:COIN260529P00185000,11.65,12.35,0.49794602394104004,False,0.3410448899702316,0.42379842944830237,0.5065519689263732,191.2,0.07000000000000739,1.351921558380127,189.03,nan,0.8475968588966047,0.6820897799404633,1.0,0.8475968588966047,nan,nan,True,nan,nan,False,False,-0.013043094211538599,nan,nan,0.011414267995227018
2074153,415430,"What will Coinbase Global, Inc. (COIN) hit in May 2026?",COIN,stock,True,"Will Coinbase Global, Inc. (COIN) hit (LOW) $175 in May?",175.0,-1,2026-05-31,2026-05-29,2026-05-01,0.04,1.0,19260.93384900001,False,False,1.0,0,0,0.0,nan,0,nan,nan,257,1777643904.0,ok,2026-05-29,1.0,0.0,28.0,28.0,170.0,180.0,2.0,O:COIN260529P00170000,5.6,6.6,0.5509927272796631,O:COIN260529P00180000,9.45,10.2,0.37923336029052734,False,0.28587586365151757,0.37364476915856243,0.4614136746656073,191.2,0.07000000000000739,1.351921558380127,189.03,nan,0.747289538317125,0.571751727303035,0.9228273493312145,0.7472895383171249,nan,nan,False,nan,nan,False,False,-0.014419273899349277,nan,nan,0.011414267995227018
2074154,415430,"What will Coinbase Global, Inc. (COIN) hit in May 2026?",COIN,stock,True,"Will Coinbase Global, Inc. (COIN) hit (LOW) $170 in May?",170.0,-1,2026-05-31,2026-05-29,2026-05-01,0.04,1.0,23525.93429600002,False,False,1.0,0,0,0.0,nan,0,nan,nan,259,1777642544.0,ok,2026-05-29,1.0,0.0,28.0,28.0,165.0,175.0,2.0,O:COIN260529P00165000,4.45,5.0,0.5929622650146484,O:COIN260529P00175000,7.3,8.25,0.05154681205749512,False,0.23070683733280364,0.3059373277674136,0.38116781820202345,191.2,0.07000000000000739,1.351921558380127,189.03,nan,0.6118746555348272,0.46141367466560745,0.7623356364040471,0.6118746555348272,nan,nan,False,nan,nan,False,False,-0.01584087106433549,nan,nan,0.011414267995227018
2074155,415430,"What will Coinbase Global, Inc. (COIN) hit in May 2026?",COIN,stock,True,"Will Coinbase Global, Inc. (COIN) hit (LOW) $165 in May?",165.0,-1,2026-05-31,2026-05-29,2026-05-01,0.04,1.0,24651.017850000007,False,False,0.0,2,1,50.0,0.43,1,0.48,0.455,217,1777642546.0,ok,2026-05-29,1.0,0.0,28.0,28.0,160.0,170.0,2.0,O:COIN260529P00160000,3.35,4.1,0.3797647953033447,O:COIN260529P00170000,5.6,6.6,0.5509927272796631,False,0.15046098086921977,0.23822988637626466,0.3259987918833095,191.2,0.07000000000000739,1.351921558380127,189.03,nan,0.4764597727525295,0.30092196173843955,0.651997583766619,0.4764597727525293,42.019600000000004,41.0392,True,-4.64597727525295,-4.645977275252933,False,False,-0.015646985596123632,45.19593807601306,44.215538076013054,0.011414267995227018
2134817,439086,What will Apple (AAPL) hit Week of May 4 2026?,AAPL,stock,False,Will Apple (AAPL) hit (HIGH) $288 Week of May 4 2026?,288.0,1,2026-05-08,2026-05-08,2026-05-01,0.04,1.0,13831.117609,True,True,1.0,0,0,0.0,nan,0,nan,nan,54,1777901496.0,ok,2026-05-08,1.0,0.0,7.0,7.0,287.5,290.0,0.0,O:AAPL260508C00287500,1.17,1.21,8.94370150566101,O:AAPL260508C00290000,0.73,0.76,1.2842891216278076,False,0.16412585648672698,0.17813660033315493,0.19214734417958285,279.895,0.01500000000001478,0.023747682571411133,293.32,nan,0.35627320066630985,0.328251712973454,0.3842946883591658,0.35627320066630985,nan,nan,False,nan,nan,False,False,0.06019666822744869,nan,nan,0.046849630386432264
2135029,439117,"What will Tesla, Inc. (TSLA) hit Week of May 4 2026?",TSLA,stock,False,"Will Tesla, Inc. (TSLA) hit (HIGH) $435 Week of May 4 2026?",435.0,1,2026-05-08,2026-05-08,2026-05-01,0.04,1.0,15856.419028000002,True,True,0.0,0,0,0.0,nan,0,nan,nan,93,1777988364.0,ok,2026-05-08,1.0,0.0,7.0,7.0,432.5,437.5,0.0,O:TSLA260508C00432500,0.61,0.63,0.837313175201416,O:TSLA260508C00437500,0.48,0.5,0.48461294174194336,False,0.022016883187243864,0.026019952857651844,0.030023022528059825,390.42499999999995,0.025000000000005684,0.08247971534729004,428.35,nan,0.05203990571530359,0.04403376637448764,0.060046045056119546,0.05203990571530369,nan,nan,False,nan,nan,False,False,0.005563470482161721,nan,nan,0.09270472903614371
2135067,439120,What will NVIDIA (NVDA) hit Week of May 4 2026?,NVDA,stock,False,Will NVIDIA (NVDA) hit (HIGH) $220 Week of May 4 2026?,220.0,1,2026-05-08,2026-05-08,2026-05-01,0.04,1.0,22159.738126999997,True,True,0.0,1,1,100.0,0.030000000000000027,0,nan,0.030000000000000027,113,1777846270.0,ok,2026-05-08,1.0,0.0,7.0,7.0,217.5,222.5,0.0,O:NVDA260508C00217500,0.2,0.22,1.4341561794281006,O:NVDA260508C00222500,0.11,0.12,9.961280345916748,False,0.01601227868163191,0.01901458093443789,0.022016883187243867,199.04500000000002,0.005000000000009663,0.28555893898010254,215.2,nan,0.03802916186887573,0.03202455736326382,0.04403376637448764,0.03802916186887578,2.8836000000000026,2.767200000000002,True,-0.80291618688757,-0.8029161868875756,False,False,0.00965941686834926,18.478728533949837,18.362328533949835,0.07803689847355293
2135195,439130,"What will Rocket Lab USA, Inc. (RKLB) hit Week of May 4 2026?",RKLB,stock,False,"Will Rocket Lab USA, Inc. (RKLB) hit (HIGH) $90 Week of May 4 2026?",90.0,1,2026-05-08,2026-05-08,2026-05-01,0.04,1.0,13047.917521,True,True,1.0,0,0,0.0,nan,0,nan,nan,22,1778063660.0,ok,2026-05-08,1.0,0.0,7.0,7.0,89.0,91.0,0.0,O:RKLB260508C00089000,1.16,1.22,1.6185493469238281,O:RKLB260508C00091000,0.86,1.1,0.7010416984558105,False,0.030023022528059738,0.10508057884820936,0.18013813516835891,78.63499999999999,0.005000000000002558,0.5936205387115479,105.47,nan,0.21016115769641863,0.060046045056119546,0.3602762703367177,0.21016115769641872,nan,nan,False,nan,nan,False,False,0.042955363090083826,nan,nan,0.2936096593458342
2135249,439133,"What will Robinhood Markets, Inc. (HOOD) hit Week of May 4 2026?",HOOD,stock,False,"Will Robinhood Markets, Inc. (HOOD) hit (LOW) $57.50 Week of May 4 2026?",57.5,-1,2026-05-08,2026-05-08,2026-05-01,0.04,1.0,13176.743499999999,True,True,0.0,1,1,213.75,0.030000000000000027,0,nan,0.030000000000000027,8,1777828646.0,ok,2026-05-15,2.0,7.0,14.0,7.0,45.0,60.0,2.0,O:HOOD260515P00045000,0.01,0.04,7.6364922523498535,O:HOOD260515P00060000,0.17,0.19,4.669600486755371,False,0.008679973675825955,0.010349199382715562,0.012018425089605168,73.84,0.00999999999999801,0.3547704219818115,77.03,nan,0.0010690302182080336,0.0007670863303264053,0.001416689013507666,0.020698398765431125,2.8836000000000026,2.767200000000002,True,2.8930969781791993,0.9301601234568903,False,False,-0.0006697807282159307,2.6686003862426895,2.552200386242689,-0.042294366170277785
2271806,489369,What will NVIDIA (NVDA) hit Week of May 18 2026?,NVDA,stock,False,Will NVIDIA (NVDA) hit (LOW) $216 Week of May 18 2026?,216.0,-1,2026-05-22,2026-05-22,2026-05-15,0.04,1.0,26485.072802000002,True,True,1.0,0,0,0.0,nan,0,nan,nan,101,1779111904.0,ok,2026-05-22,1.0,0.0,7.0,7.0,215.0,217.5,0.0,O:NVDA260522P00215000,3.9,4.05,1.865950345993042,O:NVDA260522P00217500,4.8,4.95,1.2565498352050781,False,0.3002302252805982,0.360276270336718,0.4203223153928376,225.245,0.015000000000000568,0.02638101577758789,215.33,nan,0.720552540673436,0.6004604505611963,0.8406446307856752,0.720552540673436,nan,nan,False,nan,nan,False,False,-0.02836096236427887,nan,nan,0.04501696356529262
2271944,489381,"What will Airbnb, Inc. (ABNB) hit Week of May 18 2026?",ABNB,stock,True,"Will Airbnb, Inc. (ABNB) hit (HIGH) $146 Week of May 18 2026?",146.0,1,2026-05-22,2026-05-22,2026-05-15,0.04,1.0,14231.762026000008,True,True,0.0,0,0,0.0,nan,0,nan,nan,76,1779111057.0,ok,2026-05-22,1.0,0.0,7.0,7.0,145.0,147.0,0.0,O:ABNB260522C00145000,0.0,0.17,549.1168065071106,O:ABNB260522C00147000,0.0,2.14,0.491225004196167,True,0.0,0.0,0.0850652304961695,133.095,0.044999999999987494,1.9753878116607666,132.35,nan,1.999999943436137e-09,1.999999943436137e-09,0.17013046099233908,0.0,nan,nan,False,nan,nan,False,False,5.995670263946417e-09,nan,nan,-0.005613230282300598
2271947,489381,"What will Airbnb, Inc. (ABNB) hit Week of May 18 2026?",ABNB,stock,True,"Will Airbnb, Inc. (ABNB) hit (HIGH) $140 Week of May 18 2026?",140.0,1,2026-05-22,2026-05-22,2026-05-15,0.04,1.0,11120.724054,True,True,0.0,0,0,0.0,nan,0,nan,nan,94,1779111057.0,ok,2026-05-22,1.0,0.0,7.0,7.0,139.0,141.0,0.0,O:ABNB260522C00139000,0.29,0.6,498.02890849113464,O:ABNB260522C00141000,0.13,0.4,9.72984504699707,False,0.0,0.09006906758417943,0.2351803431364686,133.095,0.044999999999987494,1.9753878116607666,132.35,nan,0.18013813516835886,1.999999943436137e-09,0.4703606862729375,0.18013813516835886,nan,nan,False,nan,nan,False,False,0.06470173762437266,nan,nan,-0.005613230282300598
2271953,489381,"What will Airbnb, Inc. (ABNB) hit Week of May 18 2026?",ABNB,stock,True,"Will Airbnb, Inc. (ABNB) hit (LOW) $128 Week of May 18 2026?",128.0,-1,2026-05-22,2026-05-22,2026-05-15,0.04,1.0,10757.15934,True,True,0.0,0,0,0.0,nan,0,nan,nan,85,1779108665.0,ok,2026-05-22,1.0,0.0,7.0,7.0,127.0,129.0,0.0,O:ABNB260522P00127000,0.54,0.71,0.9981889724731445,O:ABNB260522P00129000,0.83,1.05,1.9045941829681396,False,0.06004604505611964,0.15762086827231403,0.2551956914885085,133.095,0.044999999999987494,1.9753878116607666,132.35,nan,0.31524173654462806,0.12009209011223942,0.5103913829770171,0.31524173654462806,nan,nan,False,nan,nan,False,False,-0.09315203717455679,nan,nan,0.005613230282300598
2271954,489381,"What will Airbnb, Inc. (ABNB) hit Week of May 18 2026?",ABNB,stock,True,"Will Airbnb, Inc. (ABNB) hit (LOW) $126 Week of May 18 2026?",126.0,-1,2026-05-22,2026-05-22,2026-05-15,0.04,1.0,16021.670207000005,True,True,0.0,0,0,0.0,nan,0,nan,nan,81,1779111057.0,ok,2026-05-22,1.0,0.0,7.0,7.0,125.0,127.0,0.0,O:ABNB260522P00125000,0.32,0.44,0.8908658027648926,O:ABNB260522P00127000,0.54,0.71,0.9981889724731445,False,0.05003837088009972,0.12259400865624427,0.19514964643238883,133.095,0.044999999999987494,1.9753878116607666,132.35,nan,0.24518801731248863,0.10007674176019965,0.3902992928647778,0.24518801731248854,nan,nan,False,nan,nan,False,False,-0.06473444654193194,nan,nan,0.005613230282300598
2271955,489381,"What will Airbnb, Inc. (ABNB) hit Week of May 18 2026?",ABNB,stock,True,"Will Airbnb, Inc. (ABNB) hit (LOW) $124 Week of May 18 2026?",124.0,-1,2026-05-22,2026-05-22,2026-05-15,0.04,1.0,14449.024605000004,True,True,0.0,0,0,0.0,nan,0,nan,nan,85,1779111057.0,ok,2026-05-22,1.0,0.0,7.0,7.0,123.0,125.0,0.0,O:ABNB260522P00123000,0.0,0.63,0.5293169021606445,O:ABNB260522P00125000,0.32,0.44,0.8908658027648926,True,0.0,0.03252494107206481,0.2201688318724387,133.095,0.044999999999987494,1.9753878116607666,132.35,nan,0.06504988214412966,1.999999943436137e-09,0.4403376637448774,0.06504988214412961,nan,nan,False,nan,nan,False,False,-0.028492314644442726,nan,nan,0.005613230282300598
2272005,489385,What will South Korea ETF (EWY) hit Week of May 18 2026?,EWY,stock,False,Will South Korea ETF (EWY) hit (HIGH) $180 Week of May 18 2026?,180.0,1,2026-05-22,2026-05-22,2026-05-15,0.04,1.0,10374.99,True,True,1.0,0,0,0.0,nan,0,nan,nan,6,1779110201.0,ok,2026-05-22,1.0,0.0,7.0,7.0,179.0,181.0,0.0,O:EWY260522C00179000,6.5,7.8,0.33214569091796875,O:EWY260522C00181000,5.7,7.4,0.5573573112487793,False,0.0,0.30023022528059806,1.0,178.985,0.0350000000000108,0.026627779006958008,182.03,nan,0.6004604505611961,1.999999943436137e-09,1.0,0.6004604505611961,nan,nan,False,nan,nan,False,False,0.3599590457711398,nan,nan,0.016869505211056544
2272006,489385,What will South Korea ETF (EWY) hit Week of May 18 2026?,EWY,stock,False,Will South Korea ETF (EWY) hit (HIGH) $179 Week of May 18 2026?,179.0,1,2026-05-22,2026-05-22,2026-05-15,0.04,1.0,25830.0,True,True,1.0,0,0,0.0,nan,0,nan,nan,7,1779110189.0,ok,2026-05-22,1.0,0.0,7.0,7.0,178.0,180.0,0.0,O:EWY260522C00178000,7.2,9.1,0.03866720199584961,O:EWY260522C00180000,6.4,7.5,0.47788357734680176,False,0.0,0.6004604505611966,1.0,178.985,0.0350000000000108,0.026627779006958008,182.03,nan,1.0,1.999999943436137e-09,1.0,1.0,nan,nan,False,nan,nan,False,False,nan,nan,nan,0.016869505211056544
2334363,514706,What will Microsoft Corporation (MSFT) hit Week of May 25 2026?,MSFT,stock,False,Will Microsoft Corporation (MSFT) hit (HIGH) $450 Week of May 25 2026?,450.0,1,2026-05-29,2026-05-29,2026-05-22,0.04,1.0,11062.162770999998,True,True,0.0,0,0,0.0,nan,0,nan,nan,33,1780062517.0,ok,2026-05-29,1.0,0.0,7.0,7.0,447.5,452.5,0.0,O:MSFT260529C00447500,0.25,0.36,0.48178744316101074,O:MSFT260529C00452500,0.17,0.25,0.4817616939544678,False,0.0,0.01901458093443788,0.03802916186887577,418.56,0.01999999999998181,0.17274260520935059,450.24,nan,0.03802916186887573,1.999999943436137e-09,0.07605832373775145,0.03802916186887576,nan,nan,False,nan,nan,False,False,0.006348357246124927,nan,nan,0.07296052509724499
2334557,514753,"What will Meta Platforms, Inc. (META) hit Week of May 25 2026?",META,stock,False,"Will Meta Platforms, Inc. (META) hit (HIGH) $640 Week of May 25 2026?",640.0,1,2026-05-29,2026-05-29,2026-05-22,0.04,1.0,10076.28,True,True,1.0,0,0,0.0,nan,0,nan,nan,5,1779906056.0,ok,2026-05-29,1.0,0.0,7.0,7.0,637.5,642.5,0.0,O:META260529C00637500,1.95,2.22,4.582000494003296,O:META260529C00642500,1.38,1.64,14.414246320724487,False,0.06204757989132364,0.11508825302422934,0.16812892615713504,610.3050000000001,0.08499999999997954,3.1769766807556152,632.51,nan,0.23017650604845863,0.12409515978264718,0.3362578523142703,0.23017650604845868,nan,nan,False,nan,nan,False,False,0.01607379969180983,nan,nan,0.03573719854436586
2334726,514770,What will Palantir Technologies Inc. (PLTR) hit Week of May 25 2026?,PLTR,stock,False,Will Palantir Technologies Inc. (PLTR) hit (HIGH) $150 Week of May 25 2026?,150.0,1,2026-05-29,2026-05-29,2026-05-22,0.04,1.0,13095.38,True,True,1.0,0,0,0.0,nan,0,nan,nan,6,1780061593.0,ok,2026-05-29,1.0,0.0,7.0,7.0,149.0,152.5,0.0,O:PLTR260529C00149000,0.24,0.25,9.294943571090698,O:PLTR260529C00152500,0.13,0.15,0.42143821716308594,False,0.02573401930976556,0.030023022528059815,0.03431202574635408,136.89499999999998,0.005000000000009663,2.8528096675872803,156.54,nan,0.060046045056119546,0.0514680386195312,0.06862405149270812,0.06004604505611963,nan,nan,False,nan,nan,False,False,0.020460304292089143,nan,nan,0.1340973597587662
2334765,514773,"What will Rocket Lab USA, Inc. (RKLB) hit Week of May 25 2026?",RKLB,stock,False,"Will Rocket Lab USA, Inc. (RKLB) hit (HIGH) $148 Week of May 25 2026?",148.0,1,2026-05-29,2026-05-29,2026-05-22,0.04,1.0,10062.713632,True,True,1.0,0,0,0.0,nan,0,nan,nan,8,1779794973.0,ok,2026-05-29,1.0,0.0,7.0,7.0,147.0,149.0,0.0,O:RKLB260529C00147000,3.05,3.4,0.47622132301330566,O:RKLB260529C00149000,2.6,2.9,0.47618627548217773,False,0.07505755632014952,0.2376822616804734,0.40030696704079755,136.675,0.07500000000000284,0.3434109687805176,143.48,nan,0.4753645233609468,0.1501151126402992,0.8006139340815951,0.4753645233609468,nan,nan,False,nan,nan,False,False,0.04057270843849132,nan,nan,0.04858980788301876
2334825,514777,What will S&P 500 (SPY) hit Week of May 25 2026?,SPY,sp500,False,Will S&P 500 (SPY) hit (HIGH) $760 Week of May 25 2026?,760.0,1,2026-05-29,2026-05-29,2026-05-22,0.04,1.0,11810.142121999997,True,True,0.0,0,0,0.0,nan,0,nan,nan,73,1779670686.0,ok,2026-05-29,1.0,0.0,7.0,7.0,759.0,761.0,0.0,O:SPY260529C00759000,0.69,0.73,1.7041411399841309,O:SPY260529C00761000,0.46,0.49,3.4367780685424805,False,0.10007674176019939,0.1175901715682343,0.13510360137626917,745.415,0.0049999999999954525,0.009777069091796875,756.48,nan,0.23518034313646852,0.20015348352039897,0.2702072027525384,0.2351803431364686,nan,nan,False,nan,nan,False,False,0.03241359501554377,nan,nan,0.014734985071274164
2334826,514777,What will S&P 500 (SPY) hit Week of May 25 2026?,SPY,sp500,False,Will S&P 500 (SPY) hit (HIGH) $755 Week of May 25 2026?,755.0,1,2026-05-29,2026-05-29,2026-05-22,0.04,1.0,11192.914214,True,True,1.0,0,0,0.0,nan,0,nan,nan,55,1779741421.0,ok,2026-05-29,1.0,0.0,7.0,7.0,754.0,756.0,0.0,O:SPY260529C00754000,1.65,1.73,3.4402265548706055,O:SPY260529C00756000,1.17,1.25,0.1393885612487793,False,0.20015348352039877,0.24018418022447857,0.28021487692855834,745.415,0.0049999999999954525,0.009777069091796875,756.48,nan,0.48036836044895737,0.4003069670407975,0.5604297538571168,0.48036836044895714,nan,nan,False,nan,nan,False,False,0.046089983046583065,nan,nan,0.014734985071274164
2334829,514777,What will S&P 500 (SPY) hit Week of May 25 2026?,SPY,sp500,False,Will S&P 500 (SPY) hit (LOW) $740 Week of May 25 2026?,740.0,-1,2026-05-29,2026-05-29,2026-05-22,0.04,1.0,11363.493473999999,True,True,0.0,0,0,0.0,nan,0,nan,nan,50,1779795319.0,ok,2026-05-29,1.0,0.0,7.0,7.0,739.0,741.0,0.0,O:SPY260529P00739000,2.71,2.78,0.8212475776672363,O:SPY260529P00741000,3.22,3.36,1.9599487781524658,False,0.22016883187243888,0.27270912129654334,0.325249410720648,745.415,0.0049999999999954525,0.009777069091796875,756.48,nan,0.5454182425930867,0.4403376637448777,0.6504988214412962,0.5454182425930867,nan,nan,False,nan,nan,False,False,-0.07393830012277648,nan,nan,-0.014734985071274164
2350184,522239,What will Apple (AAPL) hit in June 2026?,AAPL,stock,False,Will Apple (AAPL) hit (LOW) $296 in June?,296.0,-1,2026-06-30,2026-06-30,2026-05-29,0.04,1.0,12694.838773,False,True,1.0,0,0,0.0,nan,0,nan,nan,48,1780284200.0,ok,2026-07-02,3.0,2.0,34.0,32.0,295.0,300.0,1.0,O:AAPL260702P00295000,2.11,2.7,0.9177658557891846,O:AAPL260702P00300000,3.0,3.55,0.9160854816436768,False,0.06022397866001759,0.17464953811405104,0.2890750975680846,312.83500000000004,0.03499999999999659,0.0033011436462402344,289.36,nan,0.3346675958688933,0.10944589243661851,0.5665071527229627,0.3492990762281021,nan,nan,False,nan,nan,False,False,-0.027930406593175545,nan,nan,0.07800430735092567
2350194,522239,What will Apple (AAPL) hit in June 2026?,AAPL,stock,False,Will Apple (AAPL) hit (LOW) $280 in June?,280.0,-1,2026-06-30,2026-06-30,2026-05-29,0.04,1.0,20183.370251000004,False,True,1.0,2,2,16.54455,0.09335793357933576,0,nan,0.09335793357933576,240,1779979563.0,ok,2026-07-02,3.0,2.0,34.0,32.0,275.0,285.0,2.0,O:AAPL260702P00275000,0.54,0.79,1.9704439640045166,O:AAPL260702P00285000,1.12,1.44,0.8667190074920654,False,0.0331231882630097,0.06172957812651807,0.09033596799002643,312.83500000000004,0.03499999999999659,0.0033011436462402344,289.36,nan,0.11232620186090447,0.058320431870100164,0.16762080995322282,0.12345915625303613,-91.00277556133494,-91.34134448060348,True,-1.896826828156871,-3.010122267370037,False,False,-0.010353351461134594,-57.0800194989274,-57.41858841819594,0.07800430735092567
2350269,522264,What will Microsoft Corporation (MSFT) hit in June 2026?,MSFT,stock,False,Will Microsoft Corporation (MSFT) hit (LOW) $405 in June?,405.0,-1,2026-06-30,2026-06-30,2026-05-29,0.04,1.0,13543.648597999998,False,True,1.0,0,0,0.0,nan,0,nan,nan,108,1780326828.0,ok,2026-07-02,3.0,2.0,34.0,32.0,400.0,410.0,2.0,O:MSFT260702P00400000,1.83,2.64,1.2770743370056152,O:MSFT260702P00410000,2.95,3.85,1.1709668636322021,False,0.03111572230767578,0.11693489189820089,0.202754061488726,448.08500000000004,0.07500000000001705,0.0033407211303710938,373.02,nan,0.21978981279599075,0.054601966185847894,0.39121012090027585,0.23386978379640178,nan,nan,False,nan,nan,False,False,-0.010180138512423253,nan,nan,0.18335090905167467
2350282,522264,What will Microsoft Corporation (MSFT) hit in June 2026?,MSFT,stock,False,Will Microsoft Corporation (MSFT) hit (LOW) $345 in June?,345.0,-1,2026-06-30,2026-06-30,2026-05-29,0.04,1.0,12716.411702000003,False,True,0.0,1,1,10.81,0.031000000000000028,0,nan,0.031000000000000028,142,1779730396.0,ok,2026-07-02,3.0,2.0,34.0,32.0,340.0,350.0,2.0,O:MSFT260702P00340000,0.05,0.57,7.048616886138916,O:MSFT260702P00350000,0.09,0.79,1.2743418216705322,False,0.0,0.013048528709670486,0.07427624034735507,448.08500000000004,0.07500000000001705,0.0033407211303710938,373.02,nan,0.021834498179160167,6.313511935474025e-10,0.13645449412804755,0.02609705741934097,2.9798440000000026,2.8596880000000025,True,0.9165501820839861,0.4902942580659056,False,False,-0.0011264124824494019,11.418363112269699,11.298207112269699,0.18335090905167467
2350327,522272,"What will Amazon.com, Inc. (AMZN) hit in June 2026?",AMZN,stock,False,"Will Amazon.com, Inc. (AMZN) hit (LOW) $232 in June?",232.0,-1,2026-06-30,2026-06-30,2026-05-29,0.04,1.0,18849.65633599999,False,True,1.0,1,1,20.833325,0.040000000000000036,0,nan,0.040000000000000036,384,1780183575.0,ok,2026-07-02,3.0,2.0,34.0,32.0,230.0,235.0,1.0,O:AMZN260702P00230000,0.5,0.78,0.8865270614624023,O:AMZN260702P00235000,0.74,0.93,0.8251211643218994,False,0.0,0.03914558612901144,0.0863210360793586,271.515,0.025000000000005684,0.0022783279418945312,238.34,nan,0.06954297217410166,6.313511935474025e-10,0.15980281768049898,0.07829117225802289,-96.1536,-96.3072,True,-2.9542972174101623,-3.829117225802285,False,False,-0.006532592018134637,-70.37272560043166,-70.52632560043166,0.13031916080396572
2350331,522272,"What will Amazon.com, Inc. (AMZN) hit in June 2026?",AMZN,stock,False,"Will Amazon.com, Inc. (AMZN) hit (LOW) $216 in June?",216.0,-1,2026-06-30,2026-06-30,2026-05-29,0.04,1.0,12876.023067000002,False,True,0.0,2,2,278.9998,0.020681728094622282,0,nan,0.020681728094622282,102,1780099948.0,ok,2026-07-02,3.0,2.0,34.0,32.0,215.0,220.0,1.0,O:AMZN260702P00215000,0.31,0.39,297.5518891811371,O:AMZN260702P00220000,0.24,0.55,1.769742488861084,False,0.0,0.009033596799002652,0.04817918292801411,271.515,0.025000000000005684,0.0022783279418945312,238.34,nan,0.014809641723155909,6.313511935474025e-10,0.08653888377642538,0.018067193598005304,1.9871568325916589,1.906140855721089,True,0.5872086371466374,0.2614534496616978,False,False,-0.0016070524233257387,7.310517984858164,7.229502007987595,0.13031916080396572
2350355,522278,What will Alphabet Inc. (GOOGL) hit in June 2026?,GOOGL,stock,False,Will Alphabet Inc. (GOOGL) hit (HIGH) $400 in June?,400.0,1,2026-06-30,2026-06-30,2026-05-29,0.04,1.0,15748.126520000002,False,True,0.0,1,0,0.0,nan,1,0.85,0.85,170,1780150239.0,ok,2026-07-02,3.0,2.0,34.0,32.0,395.0,405.0,2.0,O:GOOGL260702C00395000,6.75,8.95,0.9211359024047852,O:GOOGL260702C00405000,4.5,6.5,0.5714724063873291,False,0.02509332444167401,0.23587724975173566,0.4466611750617973,380.31,0.06999999999999318,0.0009922981262207031,357.37,nan,0.4582237664062523,0.043524518292395564,0.8900597410162382,0.4717544995034713,nan,nan,True,nan,nan,False,False,0.02341492475841296,nan,nan,-0.06221504998005387
2350358,522278,What will Alphabet Inc. (GOOGL) hit in June 2026?,GOOGL,stock,False,Will Alphabet Inc. (GOOGL) hit (HIGH) $390 in June?,390.0,1,2026-06-30,2026-06-30,2026-05-29,0.04,1.0,17239.596822999996,False,True,0.0,0,0,0.0,nan,0,nan,nan,268,1780321106.0,ok,2026-07-02,3.0,2.0,34.0,32.0,385.0,395.0,2.0,O:GOOGL260702C00385000,10.75,12.95,0.9059245586395264,O:GOOGL260702C00395000,6.75,8.95,0.9211359024047852,False,0.18067193598005293,0.40149319106678416,0.6223144461535154,380.31,0.06999999999999318,0.0009922981262207031,357.37,nan,0.7970535120522024,0.3467559640926592,1.0,0.8029863821335683,nan,nan,False,nan,nan,False,False,0.020746170329749163,nan,nan,-0.06221504998005387
2350367,522278,What will Alphabet Inc. (GOOGL) hit in June 2026?,GOOGL,stock,False,Will Alphabet Inc. (GOOGL) hit (LOW) $340 in June?,340.0,-1,2026-06-30,2026-06-30,2026-05-29,0.04,1.0,12374.364171999998,False,True,1.0,0,0,0.0,nan,0,nan,nan,261,1779970271.0,ok,2026-07-02,3.0,2.0,34.0,32.0,335.0,345.0,2.0,O:GOOGL260702P00335000,0.67,1.65,1.9554479122161865,O:GOOGL260702P00345000,2.03,2.88,1.4007458686828613,False,0.03814185315134448,0.12998342060787138,0.22182498806439824,380.31,0.06999999999999318,0.0009922981262207031,357.37,nan,0.24558570670063995,0.06766601573399522,0.4297495293038597,0.25996684121574276,nan,nan,False,nan,nan,False,False,-0.011080054203987123,nan,nan,0.06221504998005387
2350369,522278,What will Alphabet Inc. (GOOGL) hit in June 2026?,GOOGL,stock,False,Will Alphabet Inc. (GOOGL) hit (LOW) $330 in June?,330.0,-1,2026-06-30,2026-06-30,2026-05-29,0.04,1.0,13617.399609999997,False,True,0.0,0,0,0.0,nan,0,nan,nan,135,1780313421.0,ok,2026-07-02,3.0,2.0,34.0,32.0,325.0,335.0,2.0,O:GOOGL260702P00325000,0.0,1.05,123.4090564250946,O:GOOGL260702P00335000,0.67,1.65,1.9554479122161865,True,0.0,0.06373704408185198,0.16561594131504845,380.31,0.06999999999999318,0.0009922981262207031,357.37,nan,0.11617193527496461,6.313511935474025e-10,0.31656628717344515,0.12747408816370395,nan,nan,False,nan,nan,False,False,-0.006761877327854848,nan,nan,0.06221504998005387
2350370,522278,What will Alphabet Inc. (GOOGL) hit in June 2026?,GOOGL,stock,False,Will Alphabet Inc. (GOOGL) hit (LOW) $320 in June?,320.0,-1,2026-06-30,2026-06-30,2026-05-29,0.04,1.0,14430.198215000006,False,True,0.0,3,2,35.4785,0.02701833503835594,1,0.10999999999999999,0.03129957094399164,174,1779791123.0,ok,2026-07-02,3.0,2.0,34.0,32.0,315.0,325.0,2.0,O:GOOGL260702P00315000,0.01,1.02,1.3795166015625,O:GOOGL260702P00325000,0.0,1.05,123.4090564250946,True,0.0,0.0010037329776669613,0.10438822967736389,380.31,0.06999999999999318,0.0009922981262207031,357.37,nan,0.0014515582833851681,6.313511935474025e-10,0.19510609912128063,0.0020074659553339226,2.5966801253951495,2.491526746954705,True,2.5566776754970775,2.501086908302202,False,False,-0.00024317300619049415,3.1511145795094766,3.0459612010690322,0.06221504998005387
2350436,522284,What will Palantir Technologies Inc. (PLTR) hit in June 2026?,PLTR,stock,False,Will Palantir Technologies Inc. (PLTR) hit (LOW) $126 in June?,126.0,-1,2026-06-30,2026-06-30,2026-05-29,0.04,1.0,25465.15745600001,False,True,1.0,0,0,0.0,nan,0,nan,nan,287,1779806741.0,ok,2026-07-02,1.0,2.0,34.0,32.0,125.0,127.0,0.0,O:PLTR260702P00125000,0.97,1.12,0.9249062538146973,O:PLTR260702P00127000,1.12,1.29,1.900789499282837,False,0.0,0.0802986382133569,0.16059727642671368,155.6,0.030000000000001137,0.007296562194824219,116.67,nan,0.1481079570759457,6.313511935474025e-10,0.30652705765928645,0.1605972764267138,nan,nan,False,nan,nan,False,False,-0.012350511453066936,nan,nan,0.2879391749085256
2350437,522284,What will Palantir Technologies Inc. (PLTR) hit in June 2026?,PLTR,stock,False,Will Palantir Technologies Inc. (PLTR) hit (LOW) $120 in June?,120.0,-1,2026-06-30,2026-06-30,2026-05-29,0.04,1.0,13246.530550999989,False,True,1.0,0,0,0.0,nan,0,nan,nan,190,1779806752.0,ok,2026-07-02,1.0,2.0,34.0,32.0,119.0,121.0,0.0,O:PLTR260702P00119000,0.61,0.8,3.2080585956573486,O:PLTR260702P00121000,0.66,0.92,3.8636090755462646,False,0.0,0.0426586515508458,0.15557861153837887,155.6,0.030000000000001137,0.007296562194824219,116.67,nan,0.07613121066919382,6.313511935474025e-10,0.2965006300561246,0.0853173031016916,nan,nan,False,nan,nan,False,False,-0.007262521837303664,nan,nan,0.2879391749085256
2350451,522285,What will Opendoor Technologies Inc. (OPEN) hit in June 2026?,OPEN,stock,False,Will Opendoor Technologies Inc. (OPEN) hit (LOW) $3.50 in June?,3.5,-1,2026-06-30,2026-06-30,2026-05-29,0.04,1.0,10755.083590999997,False,True,0.0,0,0,0.0,nan,0,nan,nan,178,1780373322.0,ok,2026-07-02,1.0,2.0,34.0,32.0,3.0,4.0,0.0,O:OPEN260702P00003000,0.0,0.48,1.297131061553955,O:OPEN260702P00004000,0.09,0.16,0.5337185859680176,True,0.0,0.0,0.16059727642671365,5.035,0.004999999999999893,0.9840917587280273,4.62,nan,6.313511935474025e-10,6.313511935474025e-10,0.30652705765928645,0.0,nan,nan,False,nan,nan,False,False,-1.3508332925054918e-08,nan,nan,0.08601882107687808
2350461,522286,"What will Rocket Lab USA, Inc. (RKLB) hit in June 2026?",RKLB,stock,False,"Will Rocket Lab USA, Inc. (RKLB) hit (HIGH) $140 in June?",140.0,1,2026-06-30,2026-06-30,2026-05-29,0.04,1.0,11257.313306000002,False,True,0.0,2,0,0.0,nan,2,0.5399999513041094,0.5399999513041094,153,1779802204.0,ok,2026-07-02,1.0,2.0,34.0,32.0,139.0,141.0,0.0,O:RKLB260702C00139000,17.55,21.0,0.4915769100189209,O:RKLB260702C00141000,16.6,19.4,7.476622819900513,False,0.0,0.6398797732626865,1.0,143.035,0.03499999999999659,0.12878179550170898,101.65,nan,1.0,6.313511935474025e-10,1.0,1.0,nan,nan,True,nan,nan,False,False,nan,nan,nan,-0.3415538154826283
2350467,522286,"What will Rocket Lab USA, Inc. (RKLB) hit in June 2026?",RKLB,stock,False,"Will Rocket Lab USA, Inc. (RKLB) hit (LOW) $116 in June?",116.0,-1,2026-06-30,2026-06-30,2026-05-29,0.04,1.0,10342.153439,False,True,1.0,0,0,0.0,nan,0,nan,nan,19,1780312471.0,ok,2026-07-02,1.0,2.0,34.0,32.0,115.0,117.0,0.0,O:RKLB260702P00115000,5.15,6.4,0.4466712474822998,O:RKLB260702P00117000,4.7,7.95,0.287125825881958,False,0.0,0.276026568858414,1.0,143.035,0.03499999999999659,0.12878179550170898,101.65,nan,0.5398838284944025,6.313511935474025e-10,1.0,0.552053137716828,nan,nan,False,nan,nan,False,False,-0.013526134760780874,nan,nan,0.3415538154826283
2350472,522287,"What will Airbnb, Inc. (ABNB) hit in June 2026?",ABNB,stock,False,"Will Airbnb, Inc. (ABNB) hit (HIGH) $152 in June?",152.0,1,2026-06-30,2026-06-30,2026-05-29,0.04,1.0,13232.413788999998,False,True,0.0,0,0,0.0,nan,0,nan,nan,90,1780601875.0,ok,2026-07-02,1.0,2.0,34.0,32.0,150.0,152.5,0.0,O:ABNB260702C00150000,0.93,1.8,0.29728198051452637,O:ABNB260702C00152500,0.42,1.54,0.2972712516784668,False,0.0,0.1545748785607119,0.5540606036721621,133.22,0.030000000000001137,0.0042724609375,143.1,nan,0.2944969265140015,6.313511935474025e-10,1.0,0.3091497571214238,nan,nan,False,nan,nan,False,False,0.02748218483838088,nan,nan,0.07154178957737185
2350487,522288,"What will Coinbase Global, Inc. (COIN) hit in June 2026?",COIN,stock,False,"Will Coinbase Global, Inc. (COIN) hit (HIGH) $200 in June?",200.0,1,2026-06-30,2026-06-30,2026-05-29,0.04,1.0,14513.100717000001,False,True,0.0,0,0,0.0,nan,0,nan,nan,202,1780333170.0,ok,2026-07-02,1.0,2.0,34.0,32.0,195.0,205.0,2.0,O:COIN260702C00195000,12.5,13.75,1.8766474723815918,O:COIN260702C00205000,9.05,10.25,0.023787498474121094,False,0.22583991997506608,0.3487972097392687,0.4717544995034713,189.305,0.05500000000000682,1.1888887882232666,146.19,nan,0.688767245031449,0.43787872298156727,0.9417734524534335,0.6975944194785374,nan,nan,False,nan,nan,False,False,0.028349535053293604,nan,nan,-0.25845232544383095
2350488,522288,"What will Coinbase Global, Inc. (COIN) hit in June 2026?",COIN,stock,False,"Will Coinbase Global, Inc. (COIN) hit (HIGH) $195 in June?",195.0,1,2026-06-30,2026-06-30,2026-05-29,0.04,1.0,26637.469863999995,False,True,0.0,0,0,0.0,nan,0,nan,nan,258,1780333160.0,ok,2026-07-02,1.0,2.0,34.0,32.0,190.0,200.0,2.0,O:COIN260702C00190000,14.05,16.1,0.012058258056640625,O:COIN260702C00200000,11.1,11.8,1.8478691577911377,False,0.22583991997506608,0.3638532044042733,0.5018664888334804,189.305,0.05500000000000682,1.1888887882232666,146.19,nan,0.7196745343107808,0.43787872298156727,1.0,0.7277064088085466,nan,nan,False,nan,nan,False,False,0.04785142292193262,nan,nan,-0.25845232544383095
2350489,522288,"What will Coinbase Global, Inc. (COIN) hit in June 2026?",COIN,stock,False,"Will Coinbase Global, Inc. (COIN) hit (HIGH) $190 in June?",190.0,1,2026-06-30,2026-06-30,2026-05-29,0.04,1.0,21966.173616999997,False,True,0.0,0,0,0.0,nan,0,nan,nan,201,1780462959.0,ok,2026-07-02,1.0,2.0,34.0,32.0,185.0,195.0,2.0,O:COIN260702C00185000,16.35,19.0,0.6389565467834473,O:COIN260702C00195000,12.5,13.75,1.8766474723815918,False,0.26097057419340985,0.4566985048384671,0.6524264354835243,189.305,0.05500000000000682,1.1888887882232666,146.19,nan,0.9107426605258854,0.5092128181085083,1.0,0.9133970096769342,nan,nan,False,nan,nan,False,False,0.1281253717272999,nan,nan,-0.25845232544383095
2350498,522289,"What will Robinhood Markets, Inc. (HOOD) hit in June 2026?",HOOD,stock,False,"Will Robinhood Markets, Inc. (HOOD) hit (HIGH) $105 in June?",105.0,1,2026-06-30,2026-06-30,2026-05-29,0.04,1.0,13304.332407000004,False,True,1.0,0,0,0.0,nan,0,nan,nan,154,1780316988.0,ok,2026-07-10,3.0,10.0,42.0,32.0,104.0,106.0,0.0,O:HOOD260710C00104000,3.55,5.25,9.02074122428894,O:HOOD260710C00106000,2.39,5.9,0.5449991226196289,False,0.0,0.12808820194687076,1.0,93.72999999999999,0.00999999999999801,0.004091739654541016,100.28,nan,0.19330984138423557,6.359579529657822e-12,1.0,0.2561764038937415,nan,nan,False,nan,nan,False,False,0.041847845495172835,nan,nan,0.06754796453169833
2350499,522289,"What will Robinhood Markets, Inc. (HOOD) hit in June 2026?",HOOD,stock,False,"Will Robinhood Markets, Inc. (HOOD) hit (HIGH) $100 in June?",100.0,1,2026-06-30,2026-06-30,2026-05-29,0.04,1.0,17252.310606,False,True,1.0,0,0,0.0,nan,0,nan,nan,174,1780317019.0,ok,2026-07-10,3.0,10.0,42.0,32.0,99.0,101.0,0.0,O:HOOD260710C00099000,4.6,7.05,0.7412817478179932,O:HOOD260710C00101000,4.9,6.15,0.7416777610778809,False,0.0,0.15069200229043572,1.0,93.72999999999999,0.00999999999999801,0.004091739654541016,100.28,nan,0.23641756702814065,6.359579529657822e-12,1.0,0.30138400458087145,nan,nan,False,nan,nan,False,False,0.0772241786320137,nan,nan,0.06754796453169833
2350536,522291,What will South Korea ETF (EWY) hit in June 2026?,EWY,stock,False,Will South Korea ETF (EWY) hit (LOW) $174 in June?,174.0,-1,2026-06-30,2026-06-30,2026-05-29,0.04,1.0,18372.41900900001,False,True,0.0,0,0,0.0,nan,0,nan,nan,271,1780311064.0,ok,2026-07-02,1.0,2.0,34.0,32.0,173.0,175.0,0.0,O:EWY260702P00173000,6.1,9.0,0.06741714477539062,O:EWY260702P00175000,6.9,8.8,0.07024955749511719,False,0.0,0.1505599466500444,1.0,205.92000000000002,0.010000000000005116,0.15795183181762695,201.9,nan,0.28648753069733424,6.313511935474025e-10,1.0,0.3011198933000888,nan,nan,False,nan,nan,False,False,-0.013893902822802878,nan,nan,0.019715218529024824
2350537,522291,What will South Korea ETF (EWY) hit in June 2026?,EWY,stock,False,Will South Korea ETF (EWY) hit (LOW) $172 in June?,172.0,-1,2026-06-30,2026-06-30,2026-05-29,0.04,1.0,12112.619661999996,False,True,0.0,0,0,0.0,nan,0,nan,nan,258,1780325181.0,ok,2026-07-02,1.0,2.0,34.0,32.0,171.0,172.5,0.0,O:EWY260702P00171000,5.7,8.6,0.3662562370300293,O:EWY260702P00172500,6.0,8.9,0.6814680099487305,False,0.0,0.20074659553339197,1.0,205.92000000000002,0.010000000000005116,0.15795183181762695,201.9,nan,0.3871609016983607,6.313511935474025e-10,1.0,0.40149319106678394,nan,nan,False,nan,nan,False,False,-0.012808499001346467,nan,nan,0.019715218529024824
2350538,522291,What will South Korea ETF (EWY) hit in June 2026?,EWY,stock,False,Will South Korea ETF (EWY) hit (LOW) $170 in June?,170.0,-1,2026-06-30,2026-06-30,2026-05-29,0.04,1.0,11879.566299000004,False,True,0.0,0,0,0.0,nan,0,nan,nan,198,1780325666.0,ok,2026-07-02,1.0,2.0,34.0,32.0,169.0,171.0,0.0,O:EWY260702P00169000,5.3,7.3,0.3312981128692627,O:EWY260702P00171000,5.7,8.6,0.3662562370300293,False,0.0,0.42658651550845844,1.0,205.92000000000002,0.010000000000005116,0.15795183181762695,201.9,nan,0.8487079591323277,6.313511935474025e-10,1.0,0.8531730310169169,nan,nan,False,nan,nan,False,False,-0.003786561195118336,nan,nan,0.019715218529024824
2350539,522291,What will South Korea ETF (EWY) hit in June 2026?,EWY,stock,False,Will South Korea ETF (EWY) hit (LOW) $168 in June?,168.0,-1,2026-06-30,2026-06-30,2026-05-29,0.04,1.0,17780.678227,False,True,0.0,0,0,0.0,nan,0,nan,nan,259,1780360766.0,ok,2026-07-02,1.0,2.0,34.0,32.0,167.5,169.0,0.0,O:EWY260702P00167500,5.0,7.1,0.33553218841552734,O:EWY260702P00169000,5.3,7.3,0.3312981128692627,False,0.0,0.16728882961116007,1.0,205.92000000000002,0.010000000000005116,0.15795183181762695,201.9,nan,0.3199154553422394,6.313511935474025e-10,1.0,0.33457765922232013,nan,nan,False,nan,nan,False,False,-0.011546932458603831,nan,nan,0.019715218529024824
2388775,539189,"What will Amazon.com, Inc. (AMZN) hit Week of June 1 2026?",AMZN,stock,False,"Will Amazon.com, Inc. (AMZN) hit (LOW) $248 Week of June 1 2026?",248.0,-1,2026-06-05,2026-06-05,2026-05-29,0.04,1.0,12473.9936,True,True,1.0,0,0,0.0,nan,0,nan,nan,54,1780506804.0,ok,2026-06-05,1.0,0.0,7.0,7.0,247.5,250.0,0.0,O:AMZN260605P00247500,0.12,0.16,0.9177029132843018,O:AMZN260605P00250000,0.18,0.21,1.9911079406738281,False,0.008006139340815947,0.022016883187243864,0.03602762703367178,271.515,0.025000000000005684,0.0022783279418945312,246.03,nan,0.04403376637448764,0.01601227868163191,0.07205525406734359,0.04403376637448773,nan,nan,False,nan,nan,False,False,-0.008599877222591638,nan,nan,0.0985639067501964
2388896,539209,"What will Meta Platforms, Inc. (META) hit Week of June 1 2026?",META,stock,False,"Will Meta Platforms, Inc. (META) hit (LOW) $590 Week of June 1 2026?",590.0,-1,2026-06-05,2026-06-05,2026-05-29,0.04,1.0,12444.011,True,True,1.0,0,0,0.0,nan,0,nan,nan,11,1780321029.0,ok,2026-06-05,1.0,0.0,7.0,7.0,587.5,592.5,0.0,O:META260605P00587500,0.61,0.8,5.035666465759277,O:META260605P00592500,0.82,1.09,1.8767566680908203,False,0.004003069670407957,0.0500383708800997,0.09607367208979144,632.885,0.09500000000002728,0.3504824638366699,593.0,nan,0.10007674176019943,0.008006139340815954,0.1921473441795829,0.1000767417601994,nan,nan,False,nan,nan,False,False,-0.007643297145738709,nan,nan,0.06509433207606696
2389250,539238,What will S&P 500 (SPY) hit Week of June 1 2026?,SPY,sp500,True,Will S&P 500 (SPY) hit (HIGH) $790 Week of June 1 2026?,790.0,1,2026-06-05,2026-06-05,2026-05-29,0.04,1.0,13352.130195,True,True,0.0,2,2,2.0305,0.015025363211031779,0,nan,0.015025363211031779,19,1780114049.0,ok,2026-06-05,1.0,0.0,7.0,7.0,789.0,791.0,0.0,O:SPY260605C00789000,0.0,0.01,39.836505651474,O:SPY260605C00791000,0.0,0.01,183.34090185165405,True,0.0,0.0,0.0050038370880099705,756.5699999999999,0.010000000000047748,0.0003845691680908203,737.55,nan,1.999999943436137e-09,1.999999943436137e-09,0.010007674176019998,0.0,1.4433379144175444,1.384139507731911,False,1.5025361211031836,1.502536321103178,False,False,2.2575203149867652e-09,1.4433336160988648,1.3841352094132313,-0.025461177816167347
2389254,539238,What will S&P 500 (SPY) hit Week of June 1 2026?,SPY,sp500,True,Will S&P 500 (SPY) hit (HIGH) $770 Week of June 1 2026?,770.0,1,2026-06-05,2026-06-05,2026-05-29,0.04,1.0,13128.537021,True,True,0.0,0,0,0.0,nan,0,nan,nan,114,1780275163.0,ok,2026-06-05,1.0,0.0,7.0,7.0,769.0,771.0,0.0,O:SPY260605C00769000,0.47,0.5,5.077375650405884,O:SPY260605C00771000,0.26,0.27,0.9512233734130859,False,0.10007674176019939,0.11008441593621933,0.12009209011223929,756.5699999999999,0.010000000000047748,0.0003845691680908203,737.55,nan,0.22016883187243863,0.20015348352039897,0.24018418022447863,0.22016883187243866,nan,nan,False,nan,nan,False,False,0.034655964008608355,nan,nan,-0.025461177816167347
2389255,539238,What will S&P 500 (SPY) hit Week of June 1 2026?,SPY,sp500,True,Will S&P 500 (SPY) hit (HIGH) $765 Week of June 1 2026?,765.0,1,2026-06-05,2026-06-05,2026-05-29,0.04,1.0,34229.22306299998,True,True,0.0,1,0,0.0,nan,1,0.28,0.28,224,1780270665.0,ok,2026-06-05,1.0,0.0,7.0,7.0,764.0,766.0,0.0,O:SPY260605C00764000,1.54,1.59,4.354899644851685,O:SPY260605C00766000,1.01,1.06,4.468454599380493,False,0.24018418022447857,0.26520336566452835,0.2902225511045783,756.5699999999999,0.010000000000047748,0.0003845691680908203,737.55,nan,0.5304067313290566,0.48036836044895737,0.5804451022091566,0.5304067313290567,nan,nan,True,nan,nan,False,False,0.049043714929227857,nan,nan,-0.025461177816167347
2389256,539238,What will S&P 500 (SPY) hit Week of June 1 2026?,SPY,sp500,True,Will S&P 500 (SPY) hit (HIGH) $760 Week of June 1 2026?,760.0,1,2026-06-05,2026-06-05,2026-05-29,0.04,1.0,13835.220285,True,True,1.0,5,0,0.0,nan,5,0.48465346534653464,0.48465346534653464,38,1780250628.0,ok,2026-06-05,1.0,0.0,7.0,7.0,759.0,761.0,0.0,O:SPY260605C00759000,3.53,3.59,4.468454599380493,O:SPY260605C00761000,2.6,2.67,0.09439778327941895,False,0.4303299895688574,0.46285493064092215,0.4953798717129869,756.5699999999999,0.010000000000047748,0.0003845691680908203,737.55,nan,0.9257098612818444,0.8606599791377147,0.9907597434259738,0.9257098612818443,nan,nan,True,nan,nan,False,False,0.02164515240071967,nan,nan,-0.025461177816167347
2389258,539238,What will S&P 500 (SPY) hit Week of June 1 2026?,SPY,sp500,True,Will S&P 500 (SPY) hit (LOW) $750 Week of June 1 2026?,750.0,-1,2026-06-05,2026-06-05,2026-05-29,0.04,1.0,31255.541434000006,True,True,1.0,2,0,0.0,nan,2,0.75,0.75,344,1780158560.0,ok,2026-06-05,1.0,0.0,7.0,7.0,749.0,751.0,0.0,O:SPY260605P00749000,1.99,2.04,4.466810703277588,O:SPY260605P00751000,2.43,2.49,0.0008945465087890625,False,0.1951496464323889,0.2226707504164436,0.2501918544004986,756.5699999999999,0.010000000000047748,0.0003845691680908203,737.55,nan,0.4453415008328869,0.39029929286477794,0.5003837088009973,0.4453415008328872,nan,nan,True,nan,nan,False,False,-0.06896660960692226,nan,nan,0.025461177816167347
2389259,539238,What will S&P 500 (SPY) hit Week of June 1 2026?,SPY,sp500,True,Will S&P 500 (SPY) hit (LOW) $745 Week of June 1 2026?,745.0,-1,2026-06-05,2026-06-05,2026-05-29,0.04,1.0,141228.041274,True,True,1.0,3,0,0.0,nan,3,0.45222843728624956,0.45222843728624956,232,1780159371.0,ok,2026-06-05,1.0,0.0,7.0,7.0,744.0,746.0,0.0,O:SPY260605P00744000,1.23,1.27,1.6318118572235107,O:SPY260605P00746000,1.48,1.53,6.300652980804443,False,0.10508057884820936,0.1275978457442542,0.15011511264029914,756.5699999999999,0.010000000000047748,0.0003845691680908203,737.55,nan,0.2551956914885084,0.21016115769641863,0.3002302252805982,0.2551956914885084,nan,nan,True,nan,nan,False,False,-0.04075790705595598,nan,nan,0.025461177816167347
2389260,539238,What will S&P 500 (SPY) hit Week of June 1 2026?,SPY,sp500,True,Will S&P 500 (SPY) hit (LOW) $740 Week of June 1 2026?,740.0,-1,2026-06-05,2026-06-05,2026-05-29,0.04,1.0,80520.383475,True,True,1.0,4,3,9.243815999999999,0.17774358554946154,1,0.316242766,0.31359520810538194,267,1780235373.0,ok,2026-06-05,1.0,0.0,7.0,7.0,739.0,741.0,0.0,O:SPY260605P00739000,0.79,0.81,4.510786056518555,O:SPY260605P00741000,0.93,0.97,4.468019008636475,False,0.06004604505611964,0.07505755632014952,0.09006906758417943,756.5699999999999,0.010000000000047748,0.0003845691680908203,737.55,nan,0.1501151126402992,0.12009209011223942,0.18013813516835886,0.15011511264029903,-82.81024465843578,-83.3948478718177,True,2.7628472909162345,2.762847290916251,False,False,-0.024332502425983463,-42.539953143433536,-43.12455635681546,0.025461177816167347
2389261,539238,What will S&P 500 (SPY) hit Week of June 1 2026?,SPY,sp500,True,Will S&P 500 (SPY) hit (LOW) $735 Week of June 1 2026?,735.0,-1,2026-06-05,2026-06-05,2026-05-29,0.04,1.0,137837.524408,True,True,0.0,1,1,2.268033,0.03000000439999995,0,nan,0.03000000439999995,226,1780262558.0,ok,2026-06-05,1.0,0.0,7.0,7.0,734.0,736.0,0.0,O:SPY260605P00734000,0.52,0.55,9.227360725402832,O:SPY260605P00736000,0.61,0.64,0.0013098716735839844,False,0.030023022528059794,0.045034533792089715,0.06004604505611964,756.5699999999999,0.010000000000047748,0.0003845691680908203,737.55,nan,0.09006906758417932,0.060046045056119546,0.12009209011223942,0.09006906758417943,2.883600423455995,2.7672004069119955,True,-6.006906318417937,-6.006906318417949,False,False,-0.014692927796592455,30.800163236981493,30.683763220437495,0.025461177816167347
2389262,539238,What will S&P 500 (SPY) hit Week of June 1 2026?,SPY,sp500,True,Will S&P 500 (SPY) hit (LOW) $730 Week of June 1 2026?,730.0,-1,2026-06-05,2026-06-05,2026-05-29,0.04,1.0,115830.03832800001,True,True,0.0,0,0,0.0,nan,0,nan,nan,149,1780286954.0,ok,2026-06-05,1.0,0.0,7.0,7.0,729.0,731.0,0.0,O:SPY260605P00729000,0.36,0.38,2.1384546756744385,O:SPY260605P00731000,0.42,0.44,19.287102699279785,False,0.02001534835203987,0.03002302252805982,0.04003069670407977,756.5699999999999,0.010000000000047748,0.0003845691680908203,737.55,nan,0.060046045056119546,0.04003069670407977,0.08006139340815954,0.06004604505611964,nan,nan,False,nan,nan,False,False,-0.009467046128415833,nan,nan,0.025461177816167347
2389263,539238,What will S&P 500 (SPY) hit Week of June 1 2026?,SPY,sp500,True,Will S&P 500 (SPY) hit (LOW) $725 Week of June 1 2026?,725.0,-1,2026-06-05,2026-06-05,2026-05-29,0.04,1.0,138894.467592,True,True,0.0,2,2,7.0408,0.020000000000000014,0,nan,0.020000000000000014,140,1780242550.0,ok,2026-06-05,1.0,0.0,7.0,7.0,724.0,726.0,0.0,O:SPY260605P00724000,0.26,0.28,4.395962476730347,O:SPY260605P00726000,0.3,0.32,9.973965644836426,False,0.010007674176019922,0.02001534835203987,0.03002302252805982,756.5699999999999,0.010000000000047748,0.0003845691680908203,737.55,nan,0.04003069670407977,0.020015348352039775,0.060046045056119546,0.04003069670407974,1.9216000000000015,1.8432000000000015,True,-2.003069670407976,-2.003069670407973,False,False,-0.006170264097010652,13.645101784320172,13.566701784320172,0.025461177816167347
2447856,563520,"What will Tesla, Inc. (TSLA) hit Week of June 8 2026?",TSLA,stock,False,"Will Tesla, Inc. (TSLA) hit (HIGH) $412.50 Week of June 8 2026?",412.5,1,2026-06-12,2026-06-12,2026-06-05,0.04,1.0,10030.0,True,True,1.0,0,0,0.0,nan,0,nan,nan,2,1780943445.0,ok,2026-06-12,1.0,0.0,7.0,7.0,410.0,415.0,0.0,O:TSLA260612C00410000,5.25,5.35,2.2140920162200928,O:TSLA260612C00415000,4.05,4.25,1.3806514739990234,False,0.2001534835203988,0.23017650604845852,0.2601995285765184,392.235,0.03499999999999659,0.16682028770446777,406.43,nan,0.46035301209691704,0.4003069670407975,0.5203990571530369,0.46035301209691704,nan,nan,False,nan,nan,False,False,0.0227006215791844,nan,nan,0.03555056247327168
2448115,563540,What will S&P 500 (SPY) hit Week of June 8 2026?,SPY,sp500,False,Will S&P 500 (SPY) hit (HIGH) $750 Week of June 8 2026?,750.0,1,2026-06-12,2026-06-12,2026-06-05,0.04,1.0,15377.20897300001,True,True,0.0,0,0,0.0,nan,0,nan,nan,221,1780917534.0,ok,2026-06-12,1.0,0.0,7.0,7.0,749.0,751.0,0.0,O:SPY260612C00749000,2.71,2.79,0.40129876136779785,O:SPY260612C00751000,2.09,2.19,4.180395603179932,False,0.26019952857651846,0.30523406236860834,0.350268596160698,739.115,0.014999999999986358,0.0031592845916748047,741.75,nan,0.6104681247372167,0.5203990571530369,0.700537192321396,0.6104681247372167,nan,nan,False,nan,nan,False,False,0.03303735410490686,nan,nan,0.0035587346327083575
2524704,588585,"What will Amazon.com, Inc. (AMZN) hit Week of June 15 2026?",AMZN,stock,False,"Will Amazon.com, Inc. (AMZN) hit (HIGH) $248 Week of June 15 2026?",248.0,1,2026-06-19,2026-06-19,2026-06-12,0.04,1.0,16267.909888,True,True,1.0,1,1,20.0,0.45999999999999996,0,nan,0.45999999999999996,31,1781474451.0,ok,2026-06-18,1.0,-1.0,6.0,7.0,247.5,250.0,0.0,O:AMZN260618C00247500,1.01,1.07,8.824644804000854,O:AMZN260618C00250000,0.65,0.69,0.72772216796875,False,0.1280841920601097,0.14809734706950184,0.16811050207889397,238.14,0.04000000000000625,0.015581846237182617,nan,nan,0.33347501217149444,0.29313772770394597,0.37329242977267785,0.2961946941390037,-54.9936,-55.9872,True,12.652498782850552,16.380530586099628,True,True,0.050035827933852,-6.058560280692738,-7.052160280692739,nan
2524758,588595,What will Alphabet Inc. (GOOGL) hit Week of June 15 2026?,GOOGL,stock,False,Will Alphabet Inc. (GOOGL) hit (HIGH) $370 Week of June 15 2026?,370.0,1,2026-06-19,2026-06-19,2026-06-12,0.04,1.0,12703.993325,True,True,1.0,2,2,40.0,0.805,0,nan,0.805,12,1781474806.0,ok,2026-06-18,1.0,-1.0,6.0,7.0,367.5,372.5,0.0,O:GOOGL260618C00367500,2.75,3.1,1.9302387237548828,O:GOOGL260618C00372500,1.61,1.97,0.13386082649230957,False,0.15610260907325868,0.22714930935660071,0.2981960096399428,358.945,0.045000000000015916,0.21620917320251465,nan,nan,0.488459295887115,0.34945908281596183,0.6239140657705975,0.45429861871320143,-20.127899999999997,-20.75579999999999,True,31.654070411288505,35.070138128679865,True,True,0.039935176569149466,23.66102110807229,23.033121108072297,nan
2677418,631822,What will Apple (AAPL) hit in July 2026?,AAPL,stock,False,Will Apple (AAPL) hit (HIGH) $344 in July?,344.0,1,2026-07-31,2026-07-31,2026-06-26,0.04,1.0,11839.711418,False,True,1.0,1,0,0.0,nan,1,0.036,0.036,163,1782469048.0,ok,2026-07-31,1.0,0.0,35.0,35.0,340.0,345.0,1.0,O:AAPL260731C00340000,0.07,0.66,1.4582126140594482,O:AAPL260731C00345000,0.18,0.38,68.060711145401,False,0.0,0.01706533069109324,0.0963689262555854,285.235,0.025000000000005684,0.049718379974365234,308.91,nan,0.03413066138218657,1.999999943436137e-09,0.1927378525111707,0.03413066138218648,nan,nan,True,nan,nan,False,False,0.0033541217555475436,nan,nan,0.07973657042860599
2677502,631843,"What will Amazon.com, Inc. (AMZN) hit in July 2026?",AMZN,stock,False,"Will Amazon.com, Inc. (AMZN) hit (HIGH) $280 in July?",280.0,1,2026-07-31,2026-07-31,2026-06-26,0.04,1.0,19863.911671000005,False,True,0.0,0,0,0.0,nan,0,nan,nan,179,1782740386.0,ok,2026-07-31,1.0,0.0,35.0,35.0,275.0,285.0,2.0,O:AMZN260731C00275000,0.9,1.3,1.9928977489471436,O:AMZN260731C00285000,0.4,0.75,166.15820264816284,False,0.015057644727435218,0.05270175654602327,0.0903458683646113,232.925,0.015000000000000568,0.032215118408203125,271.58,nan,0.10540351309204665,0.03011528945487041,0.18069173672922278,0.10540351309204654,nan,nan,False,nan,nan,False,False,0.008122957323235976,nan,nan,0.15354024193416
2677568,631855,What will Alphabet Inc. (GOOGL) hit in July 2026?,GOOGL,stock,False,Will Alphabet Inc. (GOOGL) hit (LOW) $280 in July?,280.0,-1,2026-07-31,2026-07-31,2026-06-26,0.04,1.0,12659.708284,False,True,0.0,2,2,110.0,0.06590909090909086,0,nan,0.06590909090909086,288,1782468733.0,ok,2026-07-31,1.0,0.0,35.0,35.0,275.0,285.0,0.0,O:GOOGL260731P00275000,0.58,1.82,1.5915074348449707,O:GOOGL260731P00285000,1.14,2.57,1.9393532276153564,False,0.0,0.06575171530980045,0.19976475338397384,336.975,0.06499999999999773,0.019866228103637695,356.13,nan,0.1315034306196008,1.999999943436137e-09,0.39952950676794774,0.1315034306196009,6.344648760330573,6.098388429752061,True,-6.559433971050993,-6.559433971051004,False,False,-0.0061826954703393016,-5.578679454218751,-5.824939784797262,-0.05528708910921889
2677588,631862,"What will Meta Platforms, Inc. (META) hit in July 2026?",META,stock,False,"Will Meta Platforms, Inc. (META) hit (LOW) $500 in July?",500.0,-1,2026-07-31,2026-07-31,2026-06-26,0.04,1.0,12661.632966,False,True,0.0,2,1,22.0,0.33,1,0.18,0.255,120,1782559961.0,ok,2026-07-31,1.0,0.0,35.0,35.0,495.0,505.0,2.0,O:META260731P00495000,7.2,9.55,0.8385941982269287,O:META260731P00505000,9.4,11.8,1.1725080013275146,False,0.0,0.22335506345695585,0.4617677716413467,550.71,0.11000000000001364,0.04878950119018555,556.71,nan,0.44671012691391176,1.999999943436137e-09,0.9235355432826933,0.4467101269139117,32.1156,31.231200000000005,True,-11.671012691391175,-11.67101269139117,False,False,-0.008543731826747093,26.801398803763284,25.91699880376329,-0.010836103213688608
2677590,631862,"What will Meta Platforms, Inc. (META) hit in July 2026?",META,stock,False,"Will Meta Platforms, Inc. (META) hit (LOW) $480 in July?",480.0,-1,2026-07-31,2026-07-31,2026-06-26,0.04,1.0,11944.051085,False,True,0.0,5,2,27.28947,0.2400000073510123,3,0.07887537993920973,0.09121648473249919,138,1782559960.0,ok,2026-07-31,1.0,0.0,35.0,35.0,475.0,485.0,0.0,O:META260731P00475000,4.85,5.85,69.2149727344513,O:META260731P00485000,5.65,8.65,0.7053959369659424,False,0.0,0.18069173672922267,0.38146033309502553,550.71,0.11000000000001364,0.04878950119018555,556.71,nan,0.36138347345844535,1.999999943436137e-09,0.762920666190051,0.36138347345844535,23.270400719811125,22.54080070452102,True,-12.138346610743305,-12.138346610743305,False,False,-0.006344572497764348,19.324076626201684,18.594476610911578,-0.010836103213688608
2677591,631862,"What will Meta Platforms, Inc. (META) hit in July 2026?",META,stock,False,"Will Meta Platforms, Inc. (META) hit (LOW) $460 in July?",460.0,-1,2026-07-31,2026-07-31,2026-06-26,0.04,1.0,11094.322987000001,False,True,0.0,4,3,640.0,0.122796875,1,0.05000000000000001,0.10404872389791182,158,1782559973.0,ok,2026-07-31,1.0,0.0,35.0,35.0,455.0,465.0,0.0,O:META260731P00455000,2.16,4.3,0.5027811527252197,O:META260731P00465000,2.89,5.65,0.43160080909729004,False,0.0,0.10439967011021754,0.350341200658326,550.71,0.11000000000001364,0.04878950119018555,556.71,nan,0.20879934022043523,1.999999943436137e-09,0.700682401316652,0.2087993402204351,11.848816290039062,11.417945080078125,True,-8.600246522043523,-8.60024652204351,False,False,-0.004592462667621901,8.992304510778228,8.56143330081729,-0.010836103213688608
2677664,631883,"What will Netflix, Inc. (NFLX) hit in July 2026?",NFLX,stock,False,"Will Netflix, Inc. (NFLX) hit (LOW) $65 in July?",65.0,-1,2026-07-31,2026-07-31,2026-06-26,0.04,1.0,11974.242249,False,True,0.0,0,0,0.0,nan,0,nan,nan,166,1782873509.0,ok,2026-07-31,1.0,0.0,35.0,35.0,64.0,66.0,0.0,O:NFLX260731P00064000,0.68,0.8,0.5245521068572998,O:NFLX260731P00066000,0.9,1.13,0.5254943370819092,False,0.05019214909145071,0.13802841000148944,0.22586467091152818,73.72,0.010000000000005116,0.00220489501953125,71.71,nan,0.27605682000297893,0.10038429818290162,0.45172934182305646,0.2760568200029789,nan,nan,False,nan,nan,False,False,-0.05174476140447377,nan,nan,0.02764392490713914
2677680,631889,What will Palantir Technologies Inc. (PLTR) hit in July 2026?,PLTR,stock,False,Will Palantir Technologies Inc. (PLTR) hit (HIGH) $144 in July?,144.0,1,2026-07-31,2026-07-31,2026-06-26,0.04,1.0,10478.891528000002,False,True,0.0,0,0,0.0,nan,0,nan,nan,150,1782893342.0,ok,2026-07-31,1.0,0.0,35.0,35.0,143.0,145.0,0.0,O:PLTR260731C00143000,0.63,0.85,0.5262718200683594,O:PLTR260731C00145000,0.56,0.68,4.97785210609436,False,0.0,0.06023057890974081,0.14555723236520707,113.05,0.01999999999999602,0.1038358211517334,123.06,nan,0.12046115781948186,1.999999943436137e-09,0.291114464730414,0.12046115781948162,nan,nan,False,nan,nan,False,False,0.01356441486986793,nan,nan,0.0848418425883654
2677734,631904,"What will Rocket Lab USA, Inc. (RKLB) hit in July 2026?",RKLB,stock,False,"Will Rocket Lab USA, Inc. (RKLB) hit (HIGH) $104 in July?",104.0,1,2026-07-31,2026-07-31,2026-06-26,0.04,1.0,13653.0,False,True,1.0,0,0,0.0,nan,0,nan,nan,2,1782916910.0,ok,2026-07-31,1.0,0.0,35.0,35.0,103.0,105.0,0.0,O:RKLB260731C00103000,2.36,3.9,1.4404325485229492,O:RKLB260731C00105000,2.08,3.35,0.8707189559936523,False,0.0,0.2082974187295205,0.9134971134644031,83.215,0.02499999999999858,0.03669452667236328,64.95,nan,0.41659483745904113,1.999999943436137e-09,1.0,0.416594837459041,nan,nan,False,nan,nan,False,False,0.025115904988180303,nan,nan,-0.24780987692208117
2699110,638477,"What will Amazon.com, Inc. (AMZN) hit Week of June 29 2026?",AMZN,stock,False,"Will Amazon.com, Inc. (AMZN) hit (HIGH) $252 Week of June 29 2026?",252.0,1,2026-07-03,2026-07-03,2026-06-26,0.04,1.0,23369.122664,True,True,0.0,0,0,0.0,nan,0,nan,nan,69,1782740732.0,ok,2026-07-02,1.0,-1.0,6.0,7.0,250.0,252.5,0.0,O:AMZN260702C00250000,0.13,0.27,1.5910561084747314,O:AMZN260702C00252500,0.1,0.15,9.714983940124512,False,0.0,0.03001973251408821,0.06804472703193327,232.925,0.015000000000000568,0.032215118408203125,nan,nan,0.08168215755646258,2.8098443349833246e-08,0.16760305418848964,0.06003946502817642,nan,nan,False,nan,nan,False,False,0.01664499347944758,nan,nan,nan
2699113,638477,"What will Amazon.com, Inc. (AMZN) hit Week of June 29 2026?",AMZN,stock,False,"Will Amazon.com, Inc. (AMZN) hit (HIGH) $248 Week of June 29 2026?",248.0,1,2026-07-03,2026-07-03,2026-06-26,0.04,1.0,10532.108201000003,True,True,0.0,1,0,0.0,nan,1,0.06,0.06,107,1782618881.0,ok,2026-07-02,1.0,-1.0,6.0,7.0,247.5,250.0,0.0,O:AMZN260702C00247500,0.34,0.44,2.185164213180542,O:AMZN260702C00250000,0.13,0.27,1.5910561084747314,False,0.028018417013148993,0.07604998903569012,0.12408156105823125,232.925,0.015000000000000568,0.032215118408203125,nan,nan,0.18486744601889127,0.0768922215569674,0.28499853437280076,0.15209997807138023,nan,nan,True,nan,nan,False,False,0.030069848299295623,nan,nan,nan
2699187,638492,What will Alphabet Inc. (GOOGL) hit Week of June 29 2026?,GOOGL,stock,False,Will Alphabet Inc. (GOOGL) hit (HIGH) $355 Week of June 29 2026?,355.0,1,2026-07-03,2026-07-03,2026-06-26,0.04,1.0,35937.058463999994,True,True,1.0,0,0,0.0,nan,0,nan,nan,34,1782739814.0,ok,2026-07-02,1.0,-1.0,6.0,7.0,352.5,357.5,0.0,O:GOOGL260702C00352500,1.07,1.69,0.41098976135253906,O:GOOGL260702C00357500,0.47,1.13,0.19962000846862793,False,0.0,0.11607629905447438,0.24416049111458404,336.975,0.06499999999999773,0.019866228103637695,nan,nan,0.26864010838019836,2.8098443349833246e-08,0.5211482175462625,0.23215259810894875,nan,nan,False,nan,nan,False,False,0.027261173391822074,nan,nan,nan
2699257,638504,"What will Meta Platforms, Inc. (META) hit Week of June 29 2026?",META,stock,False,"Will Meta Platforms, Inc. (META) hit (HIGH) $570 Week of June 29 2026?",570.0,1,2026-07-03,2026-07-03,2026-06-26,0.04,1.0,14216.990807,True,True,1.0,0,0,0.0,nan,0,nan,nan,9,1782739922.0,ok,2026-07-02,1.0,-1.0,6.0,7.0,567.5,572.5,0.0,O:META260702C00567500,3.25,4.45,0.014310121536254883,O:META260702C00572500,2.36,2.97,1.9873194694519043,False,0.056036834026297944,0.23715588686129682,0.4182749396962957,550.71,0.11000000000001364,0.04878950119018555,nan,nan,0.5077105175593978,0.14127118615903567,0.8485219680131917,0.47431177372259364,nan,nan,False,nan,nan,False,False,0.022384611431479587,nan,nan,nan
2699386,638529,What will NVIDIA (NVDA) hit Week of June 29 2026?,NVDA,stock,False,Will NVIDIA (NVDA) hit (HIGH) $196 Week of June 29 2026?,196.0,1,2026-07-03,2026-07-03,2026-06-26,0.04,1.0,66076.70093199999,True,True,1.0,0,0,0.0,nan,0,nan,nan,80,1782739808.0,ok,2026-07-02,1.0,-1.0,6.0,7.0,195.0,197.5,0.0,O:NVDA260702C00195000,2.8,2.96,1.9944026470184326,O:NVDA260702C00197500,1.82,1.92,1.8251607418060303,False,0.35223152816530157,0.4042657311897211,0.45629993421414067,193.13,0.01999999999999602,0.07802462577819824,nan,nan,0.8224883739754862,0.7254637321398933,0.9190600227003064,0.8085314623794422,nan,nan,False,nan,nan,False,False,0.0612708141413827,nan,nan,nan
2699681,638552,What will S&P 500 (SPY) hit Week of June 29 2026?,SPY,sp500,False,Will S&P 500 (SPY) hit (HIGH) $755 Week of June 29 2026?,755.0,1,2026-07-03,2026-07-03,2026-06-26,0.04,1.0,13912.524728,True,True,0.0,0,0,0.0,nan,0,nan,nan,155,1782706928.0,ok,2026-07-02,1.0,-1.0,6.0,7.0,754.0,756.0,0.0,O:SPY260702C00754000,0.13,0.14,0.04670596122741699,O:SPY260702C00756000,0.06,0.08,0.7668867111206055,False,0.02501644376174017,0.03252137689026222,0.04002631001878428,733.15,0.01999999999998181,0.018296480178833008,nan,nan,0.08761688108880272,0.06962945275353305,0.10511680913337096,0.06504275378052445,nan,nan,False,nan,nan,False,False,0.014717775745872842,nan,nan,nan
2699682,638552,What will S&P 500 (SPY) hit Week of June 29 2026?,SPY,sp500,False,Will S&P 500 (SPY) hit (HIGH) $750 Week of June 29 2026?,750.0,1,2026-07-03,2026-07-03,2026-06-26,0.04,1.0,11783.537003000001,True,True,1.0,0,0,0.0,nan,0,nan,nan,188,1782697105.0,ok,2026-07-02,1.0,-1.0,6.0,7.0,749.0,751.0,0.0,O:SPY260702C00749000,0.56,0.59,1.0036654472351074,O:SPY260702C00751000,0.33,0.35,0.05423998832702637,False,0.10506906379930875,0.11757728568017879,0.13008550756104886,733.15,0.01999999999998181,0.018296480178833008,nan,nan,0.2717157559375071,0.24595740496694507,0.29719780714085386,0.23515457136035758,nan,nan,False,nan,nan,False,False,0.028774043448137845,nan,nan,nan
2699686,638552,What will S&P 500 (SPY) hit Week of June 29 2026?,SPY,sp500,False,Will S&P 500 (SPY) hit (LOW) $730 Week of June 29 2026?,730.0,-1,2026-07-03,2026-07-03,2026-06-26,0.04,1.0,10844.673551999998,True,True,0.0,0,0,0.0,nan,0,nan,nan,99,1782739093.0,ok,2026-07-02,1.0,-1.0,6.0,7.0,729.0,731.0,0.0,O:SPY260702P00729000,3.88,3.96,0.24148869514465332,O:SPY260702P00731000,4.55,4.63,0.9064788818359375,False,0.2951940363885339,0.33522034640731824,0.37524665642610255,733.15,0.01999999999998181,0.018296480178833008,nan,nan,0.6935983868005864,0.6182411388574269,0.7684518323724938,0.6704406928146365,nan,nan,False,nan,nan,False,False,-0.09214252869394614,nan,nan,nan
2874764,689387,"What will Airbnb, Inc. (ABNB) hit Week of July 13 2026?",ABNB,stock,False,"Will Airbnb, Inc. (ABNB) hit (LOW) $144 Week of July 13 2026?",144.0,-1,2026-07-17,2026-07-17,2026-07-10,0.04,1.0,46489.825650000006,True,True,1.0,0,0,0.0,nan,0,nan,nan,71,1783949548.0,ok,2026-07-17,1.0,0.0,7.0,7.0,143.0,145.0,0.0,O:ABNB260717P00143000,0.57,0.68,0.2978637218475342,O:ABNB260717P00145000,0.92,1.11,0.2972228527069092,False,0.12009209011223929,0.1951496464323889,0.27020720275253846,148.975,0.03499999999999659,0.8170475959777832,145.98,nan,0.39029929286477794,0.24018418022447863,0.5404144055050768,0.3902992928647778,nan,nan,False,nan,nan,False,False,-0.09366269307228092,nan,nan,0.020308880609556376
2964675,715280,"What will Airbnb, Inc. (ABNB) hit Week of July 20 2026?",ABNB,stock,False,"Will Airbnb, Inc. (ABNB) hit (HIGH) $158 Week of July 20 2026?",158.0,1,2026-07-24,2026-07-24,2026-07-17,0.04,1.0,12611.511021,True,True,0.0,0,0,0.0,nan,0,nan,nan,32,1784505687.0,ok,2026-07-24,1.0,0.0,7.0,7.0,157.5,160.0,0.0,O:ABNB260724C00157500,0.16,0.31,3.3223235607147217,O:ABNB260724C00160000,0.01,0.25,526.5647706985474,False,0.0,0.04203223153928374,0.12009209011223927,146.76999999999998,0.07000000000000739,1.999262809753418,141.1,nan,0.08406446307856752,1.999999943436137e-09,0.24018418022447863,0.08406446307856748,nan,nan,False,nan,nan,False,False,0.028643509895036723,nan,nan,-0.039397876764338945
3091268,745293,What will Alphabet Inc. (GOOGL) hit Week of July 27 2026?,GOOGL,stock,False,Will Alphabet Inc. (GOOGL) hit (HIGH) $345 Week of July 27 2026?,345.0,1,2026-07-31,2026-07-31,2026-07-24,0.04,1.0,12859.51,True,True,1.0,0,0,0.0,nan,0,nan,nan,50,1785186165.0,ok,2026-07-31,1.0,0.0,7.0,7.0,342.5,347.5,0.0,O:GOOGL260731C00342500,0.43,0.6,0.18656420707702637,O:GOOGL260731C00347500,0.3,0.45,0.33475756645202637,False,0.0,0.028021487692855836,0.060046045056119636,320.555,0.014999999999986358,0.045450448989868164,356.13,nan,0.05604297538571168,1.999999943436137e-09,0.12009209011223942,0.05604297538571167,nan,nan,False,nan,nan,False,False,0.010428986829524924,nan,nan,0.10524196423132666
3095827,746269,What will Apple (AAPL) hit in August 2026?,AAPL,stock,False,Will Apple (AAPL) hit (LOW) $328 in August?,328.0,-1,2026-08-31,2026-08-31,2026-07-31,0.04,1.0,33683.838068,False,True,1.0,36,17,504.156864,0.8514810402393765,19,0.9114166223629356,0.8946660730766,75,1785445941.0,ok,2026-08-28,3.0,-3.0,28.0,31.0,325.0,330.0,1.0,O:AAPL260828P00325000,17.75,20.1,0.2814161777496338,O:AAPL260828P00330000,21.5,24.05,0.4885101318359375,False,0.28086049762254334,0.7723663684619945,1.0,309.67999999999995,0.030000000000001137,0.003056049346923828,316.85,nan,1.0,0.5812947946732658,1.0,1.0,-15.357740289471334,-15.863584602880309,True,-14.851895976062346,-14.851895976062346,False,False,nan,nan,nan,-0.022888969500133475
3096127,746342,"What will Meta Platforms, Inc. (META) hit in August 2026?",META,stock,False,"Will Meta Platforms, Inc. (META) hit (HIGH) $620 in August?",620.0,1,2026-08-31,2026-08-31,2026-07-31,0.04,1.0,10603.614776,False,True,0.0,4,1,1.315787,0.2400000912,3,0.264710357613381,0.26458189215613936,118,1785599445.0,ok,2026-08-28,3.0,-3.0,28.0,31.0,615.0,625.0,2.0,O:META260828C00615000,5.7,6.4,0.8066027164459229,O:META260828C00625000,4.35,5.0,1.584301233291626,False,0.07021512440563592,0.13792256579678489,0.20563000718793378,555.77,0.07999999999998408,0.052551984786987305,572.34,nan,0.30037405159036534,0.16120085225039316,0.43485648718951153,0.27584513159356977,23.270408930304033,22.540808740608064,True,-6.037396039036535,-3.584504039356978,False,False,0.007951967597125763,36.31958775718747,35.589987567491505,0.02937868078398856
3096146,746348,"What will Tesla, Inc. (TSLA) hit in August 2026?",TSLA,stock,False,"Will Tesla, Inc. (TSLA) hit (HIGH) $375 in August?",375.0,1,2026-08-31,2026-08-31,2026-07-31,0.04,1.0,17743.031552,False,True,0.0,6,4,52.123816,0.050204094803793405,2,0.12601611261121687,0.11180341099227831,192,1785542075.0,ok,2026-08-28,3.0,-3.0,28.0,31.0,370.0,380.0,2.0,O:TSLA260828C00370000,2.28,2.43,0.26509666442871094,O:TSLA260828C00380000,1.71,1.8,1.706470251083374,False,0.048147513878150305,0.06018439234768792,0.07222127081722551,312.755,0.03499999999999659,0.8373589515686035,367.95,nan,0.13990111130588634,0.11397689344613537,0.16543243590121814,0.12036878469537585,4.82967490570444,4.63894033102954,True,-8.969701650209295,-7.016468989158245,False,False,0.006979179854384304,43.30240385299791,43.11166927832301,0.16252692294314966
3096226,746359,"What will Rocket Lab USA, Inc. (RKLB) hit in August 2026?",RKLB,stock,False,"Will Rocket Lab USA, Inc. (RKLB) hit (HIGH) $80 in August?",80.0,1,2026-08-31,2026-08-31,2026-07-31,0.04,1.0,17840.789624,False,True,1.0,17,13,257.447053,0.4257930231669487,4,0.5000576463806309,0.4495948161903901,64,1785670974.0,ok,2026-08-28,1.0,-3.0,28.0,31.0,79.0,81.0,0.0,O:RKLB260828C00079000,2.52,3.4,0.0668344497680664,O:RKLB260828C00081000,2.37,3.5,0.8427338600158691,False,0.0,0.012538415072434939,0.5165827009843212,65.095,0.03499999999999659,0.4927241802215576,63.92,nan,0.03324914179949556,1.1966176161060105e-08,1.0,0.025076830144869878,-58.39867098166233,-59.37664428001952,True,39.25438813674532,40.071619302207885,True,True,0.013122869589761018,-38.930893945251846,-39.90886724360904,-0.018215439891341105
3954229,746361,"What will Coinbase Global, Inc. (COIN) hit in August 2026?",COIN,stock,False,"Will Coinbase Global, Inc. (COIN) hit (HIGH) $185 in August?",185.0,1,2026-08-31,2026-08-31,2026-08-28,0.04,1.0,11373.692590999999,False,False,1.0,84,28,818.118818,0.3085530321893303,56,0.31978721502424173,0.314120547309584,103,1787946756.0,ok,2026-09-04,1.0,4.0,7.0,3.0,182.5,187.5,0.0,O:COIN260904C00182500,4.05,4.3,9.894990921020508,O:COIN260904C00187500,2.73,2.98,1.4974710941314697,False,0.2141642273668267,0.2642025982469264,0.3142409691270261,178.51999999999998,0.07000000000000739,0.12309575080871582,188.12,nan,0.3355391785980799,0.22632325519761243,0.4598369002903595,0.5284051964938528,-69.99808901513138,-70.85148124919579,True,-2.6986146408749634,-21.985216430452247,False,False,0.07592445746554441,-21.861982981976205,-22.715375216040606,0.05237941731577824
3096298,746364,What will MicroStrategy (MSTR) hit in August 2026?,MSTR,stock,False,Will MicroStrategy (MSTR) hit (HIGH) $120 in August?,120.0,1,2026-08-31,2026-08-31,2026-07-31,0.04,1.0,10005.0,False,True,1.0,0,0,0.0,nan,0,nan,nan,5,1787319909.0,"no usable pair of leg quotes (stale, or no offer)",nan,nan,nan,nan,nan,nan,nan,nan,nan,nan,nan,nan,nan,nan,nan,nan,nan,nan,nan,nan,93.625,0.045000000000001705,1.9436109066009521,132.94,3.0,nan,nan,nan,nan,nan,nan,False,nan,nan,False,False,nan,nan,nan,0.35060045677605217
3096308,746365,What will SpaceX (SPCX) hit in August 2026?,SPCX,stock,False,Will SpaceX (SPCX) hit (HIGH) $145 in August?,145.0,1,2026-08-31,2026-08-31,2026-07-31,0.04,1.0,21910.399702000002,False,True,1.0,0,0,0.0,nan,0,nan,nan,114,1785768041.0,ok,2026-08-28,1.0,-3.0,28.0,31.0,144.0,146.0,0.0,O:SPCX260828C00144000,4.4,4.8,0.9905388355255127,O:SPCX260828C00146000,4.2,4.5,0.5445473194122314,False,0.0,0.12538415072434983,0.30092196173843944,108.36,0.01999999999999602,0.04803967475891113,143.69,nan,0.27505309979578585,1.1966176161060105e-08,0.6199914748328936,0.25076830144869966,nan,nan,False,nan,nan,False,False,0.0152085859327502,nan,nan,0.2821991840242209
3096309,746365,What will SpaceX (SPCX) hit in August 2026?,SPCX,stock,False,Will SpaceX (SPCX) hit (HIGH) $140 in August?,140.0,1,2026-08-31,2026-08-31,2026-07-31,0.04,1.0,22892.087048,False,True,1.0,0,0,0.0,nan,0,nan,nan,80,1785788091.0,ok,2026-08-28,1.0,-3.0,28.0,31.0,139.0,141.0,0.0,O:SPCX260828C00139000,5.1,5.4,0.7599256038665771,O:SPCX260828C00141000,4.8,5.1,0.9904940128326416,False,0.0,0.15046098086922016,0.3009219617384399,108.36,0.01999999999999602,0.04803967475891113,143.69,nan,0.32554322870893615,1.1966176161060105e-08,0.6199914748328945,0.3009219617384403,nan,nan,False,nan,nan,False,False,0.017428039436392328,nan,nan,0.2821991840242209
3248234,778798,"What will Amazon.com, Inc. (AMZN) hit Week of August 3 2026?",AMZN,stock,False,"Will Amazon.com, Inc. (AMZN) hit (LOW) $268 Week of August 3 2026?",268.0,-1,2026-08-07,2026-08-07,2026-07-31,0.04,1.0,19027.907872,True,True,0.0,7,0,0.0,nan,7,0.5356833978702883,0.5356833978702883,92,1785713717.0,ok,2026-08-07,1.0,0.0,7.0,7.0,267.5,270.0,0.0,O:AMZN260807P00267500,3.0,3.55,0.30280351638793945,O:AMZN260807P00270000,4.15,4.35,0.6938076019287109,False,0.24018418022447877,0.3902992928647777,0.5404144055050766,272.46500000000003,0.005000000000023874,0.04346203804016113,274.48,nan,0.7805985857295554,0.4803683604489577,1.0,0.7805985857295554,nan,nan,True,nan,nan,False,False,-0.047486977298687665,nan,nan,-0.007368233063038276
3248427,778828,"What will Tesla, Inc. (TSLA) hit Week of August 3 2026?",TSLA,stock,False,"Will Tesla, Inc. (TSLA) hit (HIGH) $330 Week of August 3 2026?",330.0,1,2026-08-07,2026-08-07,2026-07-31,0.04,1.0,11475.735407999999,True,True,1.0,0,0,0.0,nan,0,nan,nan,201,1785757112.0,ok,2026-08-07,1.0,0.0,7.0,7.0,327.5,332.5,0.0,O:TSLA260807C00327500,2.99,3.05,3.926163911819458,O:TSLA260807C00332500,2.0,2.15,1.7453804016113281,False,0.16812892615713504,0.18914504192677684,0.21016115769641872,312.755,0.03499999999999659,0.8373589515686035,328.58,nan,0.37829008385355367,0.3362578523142703,0.4203223153928375,0.37829008385355367,nan,nan,False,nan,nan,False,False,0.028406921521115888,nan,nan,0.049360203048732565
3769296,887241,"What will Coinbase Global, Inc. (COIN) hit Week of August 24 2026?",COIN,stock,False,"Will Coinbase Global, Inc. (COIN) hit (HIGH) $205 Week of August 24 2026?",205.0,1,2026-08-28,2026-08-28,2026-08-21,0.04,1.0,12366.952103,True,True,0.0,16,8,984.3431390000001,0.28789142400903317,8,0.32812382030955073,0.29464801638196325,140,1787462148.0,ok,2026-08-28,1.0,0.0,7.0,7.0,202.5,207.5,0.0,O:COIN260828C00202500,2.74,2.97,2.0470826625823975,O:COIN260828C00207500,1.72,2.15,0.25889015197753906,False,0.11809055527703535,0.18414120483876698,0.25019185440049857,186.45999999999998,0.04999999999999716,0.053176164627075195,178.64,nan,0.3682824096775339,0.23618111055407076,0.5003837088009973,0.36828240967753395,27.96910259293898,27.149062784974642,True,-8.039098566850072,-8.039098566850079,False,False,0.02709581874561862,6.5092141464090645,5.689174338444726,-0.042844131336645094
3769300,887241,"What will Coinbase Global, Inc. (COIN) hit Week of August 24 2026?",COIN,stock,False,"Will Coinbase Global, Inc. (COIN) hit (HIGH) $195 Week of August 24 2026?",195.0,1,2026-08-28,2026-08-28,2026-08-21,0.04,1.0,10861.648019,True,True,0.0,23,12,1046.954962,0.6942017492439526,11,0.6973225917038053,0.6956226499417014,173,1787394214.0,ok,2026-08-28,1.0,0.0,7.0,7.0,192.5,197.5,0.0,O:COIN260828C00192500,4.4,5.6,0.021459102630615234,O:COIN260828C00197500,3.7,4.0,3.681713581085205,False,0.0800613934081596,0.2301765060484586,0.3802916186887576,186.45999999999998,0.04999999999999716,0.053176164627075195,178.64,nan,0.4603530120969175,0.1601227868163192,0.7605832373775152,0.4603530120969172,68.57103220203291,67.72188947967055,True,23.384873714703513,23.38487371470354,True,True,0.053715858194072506,26.028072512327554,25.178929789965196,-0.042844131336645094
3866169,907938,What will Microsoft Corporation (MSFT) hit in September 2026?,MSFT,stock,False,Will Microsoft Corporation (MSFT) hit (HIGH) $525 in September?,525.0,1,2026-09-30,2026-09-30,2026-08-28,0.04,1.0,28359.894104,False,True,0.0,0,0,0.0,nan,0,nan,nan,536,1788269266.0,ok,2026-10-02,2.0,2.0,35.0,33.0,520.0,530.0,2.0,O:MSFT261002C00520000,12.85,14.1,0.7699213027954102,O:MSFT261002C00530000,8.85,9.8,0.5495209693908691,False,0.3061721094578493,0.416594837459041,0.5270175654602326,513.44,0.060000000000002274,0.09593319892883301,512.9,nan,0.8282856558117468,0.6017680354827197,1.0,0.833189674918082,nan,nan,False,nan,nan,False,False,0.014786699590776319,nan,nan,-0.0010522829663241267
3866229,907946,What will Alphabet Inc. (GOOGL) hit in September 2026?,GOOGL,stock,False,Will Alphabet Inc. (GOOGL) hit (HIGH) $370 in September?,370.0,1,2026-09-30,2026-09-30,2026-08-28,0.04,1.0,11587.629791,False,True,0.0,0,0,0.0,nan,0,nan,nan,111,1788301701.0,ok,2026-10-02,2.0,2.0,35.0,33.0,365.0,375.0,2.0,O:GOOGL261002C00365000,5.4,5.8,0.7114336490631104,O:GOOGL261002C00375000,3.3,3.55,0.16288375854492188,False,0.18571095163836773,0.21833584854781063,0.2509607454572536,347.445,0.0049999999999954525,0.041960954666137695,344.08,nan,0.42310292507344205,0.3573115651600939,0.4892402272794165,0.43667169709562126,nan,nan,False,nan,nan,False,False,0.021220074825258554,nan,nan,-0.00973219062151767
3866257,907948,"What will Tesla, Inc. (TSLA) hit in September 2026?",TSLA,stock,False,"Will Tesla, Inc. (TSLA) hit (HIGH) $405 in September?",405.0,1,2026-09-30,2026-09-30,2026-08-28,0.04,1.0,10023.303209000002,False,True,0.0,0,0,0.0,nan,0,nan,nan,157,1788226018.0,ok,2026-10-02,2.0,2.0,35.0,33.0,400.0,410.0,2.0,O:TSLA261002C00400000,3.2,3.4,1.940047025680542,O:TSLA261002C00410000,2.31,2.42,0.4651639461517334,False,0.07829975258266315,0.09385931880101281,0.10941888501936256,348.385,0.045000000000015916,0.005244255065917969,354.81,nan,0.17487947713766372,0.1445933838840514,0.2053921990387635,0.18771863760202562,nan,nan,False,nan,nan,False,False,0.00822079981062055,nan,nan,0.018274244840600227
3866258,907948,"What will Tesla, Inc. (TSLA) hit in September 2026?",TSLA,stock,False,"Will Tesla, Inc. (TSLA) hit (HIGH) $390 in September?",390.0,1,2026-09-30,2026-09-30,2026-08-28,0.04,1.0,15901.795350000006,False,True,0.0,0,0,0.0,nan,0,nan,nan,296,1788224707.0,ok,2026-10-02,2.0,2.0,35.0,33.0,385.0,395.0,2.0,O:TSLA261002C00385000,5.35,5.55,1.9088830947875977,O:TSLA261002C00395000,3.8,4.0,3.277672529220581,False,0.13551880254691692,0.15559566218349716,0.17567252182007753,348.385,0.045000000000015916,0.005244255065917969,354.81,nan,0.296965575231398,0.2569877934236917,0.3371508334281983,0.3111913243669943,nan,nan,False,nan,nan,False,False,0.012288118321672517,nan,nan,0.018274244840600227
3866271,907949,What will NVIDIA (NVDA) hit in September 2026?,NVDA,stock,False,Will NVIDIA (NVDA) hit (HIGH) $240 in September?,240.0,1,2026-09-30,2026-09-30,2026-08-28,0.04,1.0,11115.496318,False,True,0.0,2,1,52.5641,0.22,1,0.266007984,0.24245185998221383,176,1787948617.0,ok,2026-10-02,2.0,2.0,35.0,33.0,235.0,245.0,2.0,O:NVDA261002C00235000,3.0,3.15,4.7537243366241455,O:NVDA261002C00245000,1.51,1.59,7.899607181549072,False,0.14154186043789102,0.1530860547289247,0.16463024901995835,217.29500000000002,0.005000000000009663,0.0023279190063476562,228.38,nan,0.29195630644490733,0.2689572365026205,0.3150252367812224,0.3061721094578494,21.3136,20.627200000000002,True,-7.195630644490733,-8.61721094578494,False,False,0.022345681592165312,46.061442363322996,45.375042363323,0.04975503093990317
3866277,907949,What will NVIDIA (NVDA) hit in September 2026?,NVDA,stock,False,Will NVIDIA (NVDA) hit (LOW) $192 in September?,192.0,-1,2026-09-30,2026-09-30,2026-08-28,0.04,1.0,12021.291486,False,True,0.0,0,0,0.0,nan,0,nan,nan,143,1788266071.0,ok,2026-10-02,2.0,2.0,35.0,33.0,190.0,195.0,1.0,O:NVDA261002P00190000,1.27,1.33,8.46240782737732,O:NVDA261002P00195000,1.78,1.89,5.952063322067261,False,0.09034586836461128,0.10741119905570452,0.12447652974679776,217.29500000000002,0.005000000000009663,0.0023279190063476562,228.38,nan,0.20144371985282528,0.16801933858762952,0.23510205314138954,0.21482239811140905,nan,nan,False,nan,nan,False,False,-0.01676078796246836,nan,nan,-0.04975503093990317
3866318,907952,What will Opendoor Technologies Inc. (OPEN) hit in September 2026?,OPEN,stock,False,Will Opendoor Technologies Inc. (OPEN) hit (LOW) $2.50 in September?,2.5,-1,2026-09-30,2026-09-30,2026-08-28,0.04,1.0,13017.345061999997,False,True,1.0,0,0,0.0,nan,0,nan,nan,151,1788254235.0,ok,2026-10-02,1.0,2.0,35.0,33.0,1.5,3.5,2.0,O:OPEN261002P00001500,0.0,0.47,0.5949831008911133,O:OPEN261002P00003500,0.21,0.6,0.0896155834197998,True,0.0,0.08532665345546622,0.3011528945487043,3.315,0.004999999999999893,0.010013103485107422,2.37,nan,0.15824008961708924,6.537851371390957e-10,0.5915122947206305,0.17065330691093245,nan,nan,False,nan,nan,False,False,-0.4447846656534188,nan,nan,0.335567668490786
3866381,907957,"What will Micron Technology, Inc. (MU) hit in September 2026?",MU,stock,False,"Will Micron Technology, Inc. (MU) hit (HIGH) $1,200 in September?",1200.0,1,2026-09-30,2026-09-30,2026-08-28,0.04,1.0,12393.852358999999,False,True,0.0,0,0,0.0,nan,0,nan,nan,151,1788467806.0,ok,2026-10-02,1.0,2.0,35.0,33.0,1190.0,1210.0,2.0,O:MU261002C01190000,10.15,12.7,0.050135135650634766,O:MU261002C01210000,8.85,10.65,0.29926085472106934,False,0.0,0.08407184972817999,0.19323977400208525,930.005,0.30499999999995,0.0014650821685791016,1065.11,nan,0.15579928879055993,6.537851371390957e-10,0.3724592094914676,0.16814369945635999,nan,nan,False,nan,nan,False,False,0.0017447946146023176,nan,nan,0.13564339671789544
3961168,927860,"What will Tesla, Inc. (TSLA) hit Week of August 31 2026?",TSLA,stock,False,"Will Tesla, Inc. (TSLA) hit (HIGH) $382.50 Week of August 31 2026?",382.5,1,2026-09-04,2026-09-04,2026-08-28,0.04,1.0,11991.983243999997,True,True,1.0,1,0,0.0,nan,1,0.1099999032,0.1099999032,72,1788072700.0,ok,2026-09-04,1.0,0.0,7.0,7.0,380.0,385.0,0.0,O:TSLA260904C00380000,0.5,0.52,7.93046760559082,O:TSLA260904C00385000,0.32,0.36,0.4042367935180664,False,0.028021487692855836,0.034026092198467806,0.040030696704079764,348.385,0.045000000000015916,0.005244255065917969,354.08,nan,0.06805218439693572,0.05604297538571168,0.08006139340815954,0.06805218439693561,nan,nan,True,nan,nan,False,False,0.008465514447048971,nan,nan,0.016214686212204597
3961591,927892,What will S&P 500 (SPY) hit Week of August 31 2026?,SPY,sp500,False,Will S&P 500 (SPY) hit (LOW) $755 Week of August 31 2026?,755.0,-1,2026-09-04,2026-09-04,2026-08-28,0.04,1.0,10216.474955000002,True,True,0.0,13,2,457.99,0.17607021983456841,11,0.1849571611900141,0.18063441584030887,140,1788025854.0,ok,2026-09-04,1.0,0.0,7.0,7.0,754.0,756.0,0.0,O:SPY260904P00754000,0.69,0.71,1.0035221576690674,O:SPY260904P00756000,0.86,0.88,0.186690092086792,False,0.07505755632014957,0.08506523049616951,0.09507290467218947,769.37,0.01999999999998181,0.005255699157714844,770.19,nan,0.17013046099233908,0.1501151126402992,0.19014580934437908,0.17013046099233903,17.02674399336894,16.446466003281042,True,0.5939758842229331,0.5939758842229387,False,False,-0.02944796633457008,14.494218888595872,13.913940898507976,-0.0010652395197851823
4231941,966839,What will S&P 500 (SPY) hit Week of September 7 2026?,SPY,sp500,False,Will S&P 500 (SPY) hit (LOW) $755 Week of September 7 2026?,755.0,-1,2026-09-11,2026-09-11,2026-09-04,0.04,1.0,12648.549437,True,True,0.0,7,6,2888.0800000000004,0.09782132077553111,1,0.13,0.0999053781331429,161,1788696483.0,ok,2026-09-11,1.0,0.0,7.0,7.0,754.0,756.0,0.0,O:SPY260911P00754000,0.59,0.61,2.650686264038086,O:SPY260911P00756000,0.73,0.75,0.5138044357299805,False,0.06004604505611964,0.07005371923213959,0.08006139340815954,770.39,0.009999999999990905,0.014904975891113281,764.29,nan,0.1401074384642792,0.12009209011223942,0.1601227868163192,0.14010743846427917,9.429122837644064,9.076113597735018,True,-4.228611768874808,-4.2286117688748055,False,False,-0.02550072983028776,24.933566574459125,24.58055733455008,0.007949581834029202
4485987,1006762,What will S&P 500 (SPY) hit Week of September 14 2026?,SPY,sp500,False,Will S&P 500 (SPY) hit (LOW) $750 Week of September 14 2026?,750.0,-1,2026-09-18,2026-09-18,2026-09-11,0.04,1.0,10243.501736,True,True,1.0,41,21,51.945396,0.3258847617640402,20,0.3454163798637875,0.3416041877631853,360,1789333246.0,ok,2026-09-18,1.0,0.0,7.0,7.0,749.0,751.0,0.0,O:SPY260918P00749000,1.62,1.66,0.09396934509277344,O:SPY260918P00751000,1.88,1.92,0.8966028690338135,False,0.11008441593621933,0.13009976428825912,0.15011511264029903,764.665,0.014999999999986358,0.03975272178649902,761.69,nan,0.2601995285765182,0.22016883187243863,0.3002302252805982,0.26019952857651824,-68.29025935885213,-69.16899489410827,True,6.5685233187522005,6.568523318752195,True,True,-0.03218775738282482,-21.18347642908803,-22.062211964344172,0.00389818065560646
4486004,1006763,What will South Korea ETF (EWY) hit Week of September 14 2026?,EWY,stock,False,Will South Korea ETF (EWY) hit (LOW) $183 Week of September 14 2026?,183.0,-1,2026-09-18,2026-09-18,2026-09-11,0.04,1.0,11408.111111999999,True,True,1.0,9,1,20.0,0.8699999999999999,8,0.778348909657321,0.783724340175953,38,1789338573.0,ok,2026-09-18,1.0,0.0,7.0,7.0,182.5,184.0,0.0,O:EWY260918P00182500,1.95,2.4,0.592465877532959,O:EWY260918P00184000,2.3,2.89,1.6355104446411133,False,0.0,0.2802148769285583,0.6271475816972497,188.925,0.015000000000000568,0.02068614959716797,181.31,nan,0.5604297538571166,1.999999943436137e-09,1.0,0.5604297538571166,-13.452400000000008,-13.904800000000018,True,30.95702461428833,30.95702461428833,True,True,-0.06513601608329148,24.945281481100377,24.49288148110037,0.04114183746906623
4710885,1045055,What will Alphabet Inc. (GOOGL) hit Week of September 21 2026?,GOOGL,stock,False,Will Alphabet Inc. (GOOGL) hit (LOW) $335 Week of September 21 2026?,335.0,-1,2026-09-25,2026-09-25,2026-09-18,0.04,1.0,12454.667234999999,True,True,0.0,26,15,159.316998,0.24497959722055093,11,0.25080466708005444,0.2469122781709813,88,1789938487.0,ok,2026-09-25,1.0,0.0,7.0,7.0,332.5,337.5,0.0,O:GOOGL260925P00332500,0.7,0.82,0.3106570243835449,O:GOOGL260925P00337500,1.28,1.5,0.31119298934936523,False,0.09207060241938346,0.12609669461785128,0.16012278681631906,349.76,0.03999999999999204,0.07231283187866211,343.92,nan,0.25219338923570256,0.18414120483876695,0.3202455736326383,0.25219338923570256,23.758101345390262,23.01824296872543,True,-0.7213792015151627,-0.7213792015151627,False,False,-0.03145141660812437,41.87411731166988,41.13425893500504,0.016838132800147593
4963920,1082461,What will S&P 500 (SPY) hit Week of September 28 2026?,SPY,sp500,False,Will S&P 500 (SPY) hit (HIGH) $775 Week of September 28 2026?,775.0,1,2026-10-02,2026-10-02,2026-09-25,0.04,1.0,14100.526953000006,True,True,0.0,6,3,52.0,0.6669230769384615,3,0.6199999984527221,0.6316405036791535,173,1790441357.0,ok,2026-10-02,1.0,0.0,7.0,7.0,774.0,776.0,0.0,O:SPY261002C00774000,3.93,3.97,9.775139093399048,O:SPY261002C00776000,3.05,3.09,0.42899346351623535,False,0.42032231539283765,0.44033766374487754,0.4603530120969175,771.81,0.010000000000047748,0.03317666053771973,769.64,nan,0.880675327489755,0.8406446307856754,0.920706024193835,0.8806753274897551,65.80376094830457,64.91521420276298,True,-21.37522505512934,-21.375225055129356,False,False,0.03720239953190641,57.656435450816865,56.767888705275276,-0.0028155326913051194
4963933,1082462,What will South Korea ETF (EWY) hit Week of September 28 2026?,EWY,stock,False,Will South Korea ETF (EWY) hit (HIGH) $189 Week of September 28 2026?,189.0,1,2026-10-02,2026-10-02,2026-09-25,0.04,1.0,11751.278160999998,True,True,1.0,1,0,0.0,nan,1,0.9099999989,0.9099999989,185,1790509514.0,ok,2026-10-02,1.0,0.0,7.0,7.0,188.0,190.0,0.0,O:EWY261002C00188000,4.2,4.45,8.608663082122803,O:EWY261002C00190000,3.05,4.6,0.21248793601989746,False,0.0,0.25019185440049874,0.700537192321396,187.35500000000002,0.015000000000000568,0.09763574600219727,191.88,nan,0.5003837088009976,1.999999943436137e-09,1.0,0.5003837088009975,nan,nan,True,nan,nan,False,False,0.2616067031288482,nan,nan,0.02386496373320522
